controller,test_seed,event_index,hour,vessel_id,greedy_native_action,greedy_action_label,selected_native_action,selected_action_label,physical_action_changed,joint_action_index,candidate_joint_action_index,accepted_override,active_policy_window,head_agreement,positive_heads,ensemble_advantage,advantage_std,lower_confidence_advantage
greedy,9000056,0,0.0,northern_pathfinder,0,Wait,0,Wait,0,215,215,0,,0,0,0.0,0.0,0.0
greedy,9000056,0,0.0,northern_phoenix,0,Wait,0,Wait,0,215,215,0,,0,0,0.0,0.0,0.0
greedy,9000056,0,0.0,northern_pioneer,0,Wait,0,Wait,0,215,215,0,,0,0,0.0,0.0,0.0
greedy,9000056,1,1.0,northern_pathfinder,0,Wait,0,Wait,0,215,215,0,,0,0,0.0,0.0,0.0
greedy,9000056,1,1.0,northern_phoenix,0,Wait,0,Wait,0,215,215,0,,0,0,0.0,0.0,0.0
greedy,9000056,1,1.0,northern_pioneer,0,Wait,0,Wait,0,215,215,0,,0,0,0.0,0.0,0.0
greedy,9000056,2,2.0,northern_pathfinder,0,Wait,0,Wait,0,215,215,0,,0,0,0.0,0.0,0.0
greedy,9000056,2,2.0,northern_phoenix,0,Wait,0,Wait,0,215,215,0,,0,0,0.0,0.0,0.0
greedy,9000056,2,2.0,northern_pioneer,0,Wait,0,Wait,0,215,215,0,,0,0,0.0,0.0,0.0
greedy,9000056,3,3.0,northern_pathfinder,0,Wait,0,Wait,0,215,215,0,,0,0,0.0,0.0,0.0
greedy,9000056,3,3.0,northern_phoenix,0,Wait,0,Wait,0,215,215,0,,0,0,0.0,0.0,0.0
greedy,9000056,3,3.0,northern_pioneer,0,Wait,0,Wait,0,215,215,0,,0,0,0.0,0.0,0.0
greedy,9000056,4,4.0,northern_pathfinder,0,Wait,0,Wait,0,215,215,0,,0,0,0.0,0.0,0.0
greedy,9000056,4,4.0,northern_phoenix,0,Wait,0,Wait,0,215,215,0,,0,0,0.0,0.0,0.0
greedy,9000056,4,4.0,northern_pioneer,0,Wait,0,Wait,0,215,215,0,,0,0,0.0,0.0,0.0
greedy,9000056,5,5.0,northern_pathfinder,0,Wait,0,Wait,0,215,215,0,,0,0,0.0,0.0,0.0
greedy,9000056,5,5.0,northern_phoenix,0,Wait,0,Wait,0,215,215,0,,0,0,0.0,0.0,0.0
greedy,9000056,5,5.0,northern_pioneer,0,Wait,0,Wait,0,215,215,0,,0,0,0.0,0.0,0.0
greedy,9000056,6,6.0,northern_pathfinder,0,Wait,0,Wait,0,215,215,0,,0,0,0.0,0.0,0.0
greedy,9000056,6,6.0,northern_phoenix,0,Wait,0,Wait,0,215,215,0,,0,0,0.0,0.0,0.0
greedy,9000056,6,6.0,northern_pioneer,0,Wait,0,Wait,0,215,215,0,,0,0,0.0,0.0,0.0
greedy,9000056,7,7.0,northern_pathfinder,0,Wait,0,Wait,0,215,215,0,,0,0,0.0,0.0,0.0
greedy,9000056,7,7.0,northern_phoenix,0,Wait,0,Wait,0,215,215,0,,0,0,0.0,0.0,0.0
greedy,9000056,7,7.0,northern_pioneer,0,Wait,0,Wait,0,215,215,0,,0,0,0.0,0.0,0.0
greedy,9000056,8,8.0,northern_pathfinder,0,Wait,0,Wait,0,215,215,0,,0,0,0.0,0.0,0.0
greedy,9000056,8,8.0,northern_phoenix,0,Wait,0,Wait,0,215,215,0,,0,0,0.0,0.0,0.0
greedy,9000056,8,8.0,northern_pioneer,0,Wait,0,Wait,0,215,215,0,,0,0,0.0,0.0,0.0
greedy,9000056,9,9.0,northern_pathfinder,0,Wait,0,Wait,0,215,215,0,,0,0,0.0,0.0,0.0
greedy,9000056,9,9.0,northern_phoenix,0,Wait,0,Wait,0,215,215,0,,0,0,0.0,0.0,0.0
greedy,9000056,9,9.0,northern_pioneer,0,Wait,0,Wait,0,215,215,0,,0,0,0.0,0.0,0.0
greedy,9000056,10,10.0,northern_pathfinder,0,Wait,0,Wait,0,215,215,0,,0,0,0.0,0.0,0.0
greedy,9000056,10,10.0,northern_phoenix,1,Terminal,1,Terminal,0,215,215,0,,0,0,0.0,0.0,0.0
greedy,9000056,10,10.0,northern_pioneer,0,Wait,0,Wait,0,215,215,0,,0,0,0.0,0.0,0.0
greedy,9000056,11,11.0,northern_pathfinder,0,Wait,0,Wait,0,215,215,0,,0,0,0.0,0.0,0.0
greedy,9000056,11,11.0,northern_phoenix,0,Wait,0,Wait,0,215,215,0,,0,0,0.0,0.0,0.0
greedy,9000056,11,11.0,northern_pioneer,0,Wait,0,Wait,0,215,215,0,,0,0,0.0,0.0,0.0
greedy,9000056,12,12.0,northern_pathfinder,0,Wait,0,Wait,0,215,215,0,,0,0,0.0,0.0,0.0
greedy,9000056,12,12.0,northern_phoenix,0,Wait,0,Wait,0,215,215,0,,0,0,0.0,0.0,0.0
greedy,9000056,12,12.0,northern_pioneer,0,Wait,0,Wait,0,215,215,0,,0,0,0.0,0.0,0.0
greedy,9000056,13,13.0,northern_pathfinder,0,Wait,0,Wait,0,215,215,0,,0,0,0.0,0.0,0.0
greedy,9000056,13,13.0,northern_phoenix,0,Wait,0,Wait,0,215,215,0,,0,0,0.0,0.0,0.0
greedy,9000056,13,13.0,northern_pioneer,0,Wait,0,Wait,0,215,215,0,,0,0,0.0,0.0,0.0
greedy,9000056,14,14.0,northern_pathfinder,0,Wait,0,Wait,0,215,215,0,,0,0,0.0,0.0,0.0
greedy,9000056,14,14.0,northern_phoenix,0,Wait,0,Wait,0,215,215,0,,0,0,0.0,0.0,0.0
greedy,9000056,14,14.0,northern_pioneer,0,Wait,0,Wait,0,215,215,0,,0,0,0.0,0.0,0.0
greedy,9000056,15,15.0,northern_pathfinder,0,Wait,0,Wait,0,215,215,0,,0,0,0.0,0.0,0.0
greedy,9000056,15,15.0,northern_phoenix,0,Wait,0,Wait,0,215,215,0,,0,0,0.0,0.0,0.0
greedy,9000056,15,15.0,northern_pioneer,0,Wait,0,Wait,0,215,215,0,,0,0,0.0,0.0,0.0
greedy,9000056,16,16.0,northern_pathfinder,0,Wait,0,Wait,0,215,215,0,,0,0,0.0,0.0,0.0
greedy,9000056,16,16.0,northern_phoenix,0,Wait,0,Wait,0,215,215,0,,0,0,0.0,0.0,0.0
greedy,9000056,16,16.0,northern_pioneer,0,Wait,0,Wait,0,215,215,0,,0,0,0.0,0.0,0.0
greedy,9000056,17,17.0,northern_pathfinder,0,Wait,0,Wait,0,215,215,0,,0,0,0.0,0.0,0.0
greedy,9000056,17,17.0,northern_phoenix,0,Wait,0,Wait,0,215,215,0,,0,0,0.0,0.0,0.0
greedy,9000056,17,17.0,northern_pioneer,0,Wait,0,Wait,0,215,215,0,,0,0,0.0,0.0,0.0
greedy,9000056,18,18.0,northern_pathfinder,0,Wait,0,Wait,0,215,215,0,,0,0,0.0,0.0,0.0
greedy,9000056,18,18.0,northern_phoenix,0,Wait,0,Wait,0,215,215,0,,0,0,0.0,0.0,0.0
greedy,9000056,18,18.0,northern_pioneer,0,Wait,0,Wait,0,215,215,0,,0,0,0.0,0.0,0.0
greedy,9000056,19,19.0,northern_pathfinder,0,Wait,0,Wait,0,215,215,0,,0,0,0.0,0.0,0.0
greedy,9000056,19,19.0,northern_phoenix,0,Wait,0,Wait,0,215,215,0,,0,0,0.0,0.0,0.0
greedy,9000056,19,19.0,northern_pioneer,0,Wait,0,Wait,0,215,215,0,,0,0,0.0,0.0,0.0
greedy,9000056,20,20.0,northern_pathfinder,0,Wait,0,Wait,0,215,215,0,,0,0,0.0,0.0,0.0
greedy,9000056,20,20.0,northern_phoenix,0,Wait,0,Wait,0,215,215,0,,0,0,0.0,0.0,0.0
greedy,9000056,20,20.0,northern_pioneer,0,Wait,0,Wait,0,215,215,0,,0,0,0.0,0.0,0.0
greedy,9000056,21,21.0,northern_pathfinder,0,Wait,0,Wait,0,215,215,0,,0,0,0.0,0.0,0.0
greedy,9000056,21,21.0,northern_phoenix,0,Wait,0,Wait,0,215,215,0,,0,0,0.0,0.0,0.0
greedy,9000056,21,21.0,northern_pioneer,0,Wait,0,Wait,0,215,215,0,,0,0,0.0,0.0,0.0
greedy,9000056,22,22.0,northern_pathfinder,0,Wait,0,Wait,0,215,215,0,,0,0,0.0,0.0,0.0
greedy,9000056,22,22.0,northern_phoenix,0,Wait,0,Wait,0,215,215,0,,0,0,0.0,0.0,0.0
greedy,9000056,22,22.0,northern_pioneer,0,Wait,0,Wait,0,215,215,0,,0,0,0.0,0.0,0.0
greedy,9000056,23,23.0,northern_pathfinder,0,Wait,0,Wait,0,215,215,0,,0,0,0.0,0.0,0.0
greedy,9000056,23,23.0,northern_phoenix,0,Wait,0,Wait,0,215,215,0,,0,0,0.0,0.0,0.0
greedy,9000056,23,23.0,northern_pioneer,0,Wait,0,Wait,0,215,215,0,,0,0,0.0,0.0,0.0
greedy,9000056,24,24.0,northern_pathfinder,0,Wait,0,Wait,0,215,215,0,,0,0,0.0,0.0,0.0
greedy,9000056,24,24.0,northern_phoenix,0,Wait,0,Wait,0,215,215,0,,0,0,0.0,0.0,0.0
greedy,9000056,24,24.0,northern_pioneer,0,Wait,0,Wait,0,215,215,0,,0,0,0.0,0.0,0.0
greedy,9000056,25,25.0,northern_pathfinder,0,Wait,0,Wait,0,215,215,0,,0,0,0.0,0.0,0.0
greedy,9000056,25,25.0,northern_phoenix,0,Wait,0,Wait,0,215,215,0,,0,0,0.0,0.0,0.0
greedy,9000056,25,25.0,northern_pioneer,0,Wait,0,Wait,0,215,215,0,,0,0,0.0,0.0,0.0
greedy,9000056,26,26.0,northern_pathfinder,0,Wait,0,Wait,0,215,215,0,,0,0,0.0,0.0,0.0
greedy,9000056,26,26.0,northern_phoenix,0,Wait,0,Wait,0,215,215,0,,0,0,0.0,0.0,0.0
greedy,9000056,26,26.0,northern_pioneer,0,Wait,0,Wait,0,215,215,0,,0,0,0.0,0.0,0.0
greedy,9000056,27,27.0,northern_pathfinder,0,Wait,0,Wait,0,215,215,0,,0,0,0.0,0.0,0.0
greedy,9000056,27,27.0,northern_phoenix,0,Wait,0,Wait,0,215,215,0,,0,0,0.0,0.0,0.0
greedy,9000056,27,27.0,northern_pioneer,0,Wait,0,Wait,0,215,215,0,,0,0,0.0,0.0,0.0
greedy,9000056,28,28.0,northern_pathfinder,0,Wait,0,Wait,0,215,215,0,,0,0,0.0,0.0,0.0
greedy,9000056,28,28.0,northern_phoenix,0,Wait,0,Wait,0,215,215,0,,0,0,0.0,0.0,0.0
greedy,9000056,28,28.0,northern_pioneer,0,Wait,0,Wait,0,215,215,0,,0,0,0.0,0.0,0.0
greedy,9000056,29,29.0,northern_pathfinder,0,Wait,0,Wait,0,215,215,0,,0,0,0.0,0.0,0.0
greedy,9000056,29,29.0,northern_phoenix,0,Wait,0,Wait,0,215,215,0,,0,0,0.0,0.0,0.0
greedy,9000056,29,29.0,northern_pioneer,0,Wait,0,Wait,0,215,215,0,,0,0,0.0,0.0,0.0
greedy,9000056,30,30.0,northern_pathfinder,0,Wait,0,Wait,0,215,215,0,,0,0,0.0,0.0,0.0
greedy,9000056,30,30.0,northern_phoenix,0,Wait,0,Wait,0,215,215,0,,0,0,0.0,0.0,0.0
greedy,9000056,30,30.0,northern_pioneer,0,Wait,0,Wait,0,215,215,0,,0,0,0.0,0.0,0.0
greedy,9000056,31,31.0,northern_pathfinder,0,Wait,0,Wait,0,215,215,0,,0,0,0.0,0.0,0.0
greedy,9000056,31,31.0,northern_phoenix,0,Wait,0,Wait,0,215,215,0,,0,0,0.0,0.0,0.0
greedy,9000056,31,31.0,northern_pioneer,0,Wait,0,Wait,0,215,215,0,,0,0,0.0,0.0,0.0
greedy,9000056,32,32.0,northern_pathfinder,0,Wait,0,Wait,0,215,215,0,,0,0,0.0,0.0,0.0
greedy,9000056,32,32.0,northern_phoenix,0,Wait,0,Wait,0,215,215,0,,0,0,0.0,0.0,0.0
greedy,9000056,32,32.0,northern_pioneer,0,Wait,0,Wait,0,215,215,0,,0,0,0.0,0.0,0.0
greedy,9000056,33,33.0,northern_pathfinder,0,Wait,0,Wait,0,215,215,0,,0,0,0.0,0.0,0.0
greedy,9000056,33,33.0,northern_phoenix,0,Wait,0,Wait,0,215,215,0,,0,0,0.0,0.0,0.0
greedy,9000056,33,33.0,northern_pioneer,0,Wait,0,Wait,0,215,215,0,,0,0,0.0,0.0,0.0
greedy,9000056,34,34.0,northern_pathfinder,0,Wait,0,Wait,0,215,215,0,,0,0,0.0,0.0,0.0
greedy,9000056,34,34.0,northern_phoenix,0,Wait,0,Wait,0,215,215,0,,0,0,0.0,0.0,0.0
greedy,9000056,34,34.0,northern_pioneer,0,Wait,0,Wait,0,215,215,0,,0,0,0.0,0.0,0.0
greedy,9000056,35,35.0,northern_pathfinder,0,Wait,0,Wait,0,215,215,0,,0,0,0.0,0.0,0.0
greedy,9000056,35,35.0,northern_phoenix,0,Wait,0,Wait,0,215,215,0,,0,0,0.0,0.0,0.0
greedy,9000056,35,35.0,northern_pioneer,0,Wait,0,Wait,0,215,215,0,,0,0,0.0,0.0,0.0
greedy,9000056,36,36.0,northern_pathfinder,0,Wait,0,Wait,0,215,215,0,,0,0,0.0,0.0,0.0
greedy,9000056,36,36.0,northern_phoenix,0,Wait,0,Wait,0,215,215,0,,0,0,0.0,0.0,0.0
greedy,9000056,36,36.0,northern_pioneer,0,Wait,0,Wait,0,215,215,0,,0,0,0.0,0.0,0.0
greedy,9000056,37,37.0,northern_pathfinder,0,Wait,0,Wait,0,215,215,0,,0,0,0.0,0.0,0.0
greedy,9000056,37,37.0,northern_phoenix,0,Wait,0,Wait,0,215,215,0,,0,0,0.0,0.0,0.0
greedy,9000056,37,37.0,northern_pioneer,0,Wait,0,Wait,0,215,215,0,,0,0,0.0,0.0,0.0
greedy,9000056,38,38.0,northern_pathfinder,0,Wait,0,Wait,0,215,215,0,,0,0,0.0,0.0,0.0
greedy,9000056,38,38.0,northern_phoenix,0,Wait,0,Wait,0,215,215,0,,0,0,0.0,0.0,0.0
greedy,9000056,38,38.0,northern_pioneer,0,Wait,0,Wait,0,215,215,0,,0,0,0.0,0.0,0.0
greedy,9000056,39,39.0,northern_pathfinder,0,Wait,0,Wait,0,215,215,0,,0,0,0.0,0.0,0.0
greedy,9000056,39,39.0,northern_phoenix,0,Wait,0,Wait,0,215,215,0,,0,0,0.0,0.0,0.0
greedy,9000056,39,39.0,northern_pioneer,0,Wait,0,Wait,0,215,215,0,,0,0,0.0,0.0,0.0
greedy,9000056,40,40.0,northern_pathfinder,0,Wait,0,Wait,0,215,215,0,,0,0,0.0,0.0,0.0
greedy,9000056,40,40.0,northern_phoenix,0,Wait,0,Wait,0,215,215,0,,0,0,0.0,0.0,0.0
greedy,9000056,40,40.0,northern_pioneer,0,Wait,0,Wait,0,215,215,0,,0,0,0.0,0.0,0.0
greedy,9000056,41,41.0,northern_pathfinder,0,Wait,0,Wait,0,215,215,0,,0,0,0.0,0.0,0.0
greedy,9000056,41,41.0,northern_phoenix,0,Wait,0,Wait,0,215,215,0,,0,0,0.0,0.0,0.0
greedy,9000056,41,41.0,northern_pioneer,0,Wait,0,Wait,0,215,215,0,,0,0,0.0,0.0,0.0
greedy,9000056,42,42.0,northern_pathfinder,0,Wait,0,Wait,0,215,215,0,,0,0,0.0,0.0,0.0
greedy,9000056,42,42.0,northern_phoenix,0,Wait,0,Wait,0,215,215,0,,0,0,0.0,0.0,0.0
greedy,9000056,42,42.0,northern_pioneer,0,Wait,0,Wait,0,215,215,0,,0,0,0.0,0.0,0.0
greedy,9000056,43,43.0,northern_pathfinder,0,Wait,0,Wait,0,215,215,0,,0,0,0.0,0.0,0.0
greedy,9000056,43,43.0,northern_phoenix,0,Wait,0,Wait,0,215,215,0,,0,0,0.0,0.0,0.0
greedy,9000056,43,43.0,northern_pioneer,0,Wait,0,Wait,0,215,215,0,,0,0,0.0,0.0,0.0
greedy,9000056,44,44.0,northern_pathfinder,0,Wait,0,Wait,0,215,215,0,,0,0,0.0,0.0,0.0
greedy,9000056,44,44.0,northern_phoenix,0,Wait,0,Wait,0,215,215,0,,0,0,0.0,0.0,0.0
greedy,9000056,44,44.0,northern_pioneer,0,Wait,0,Wait,0,215,215,0,,0,0,0.0,0.0,0.0
greedy,9000056,45,45.0,northern_pathfinder,0,Wait,0,Wait,0,215,215,0,,0,0,0.0,0.0,0.0
greedy,9000056,45,45.0,northern_phoenix,0,Wait,0,Wait,0,215,215,0,,0,0,0.0,0.0,0.0
greedy,9000056,45,45.0,northern_pioneer,0,Wait,0,Wait,0,215,215,0,,0,0,0.0,0.0,0.0
greedy,9000056,46,46.0,northern_pathfinder,0,Wait,0,Wait,0,215,215,0,,0,0,0.0,0.0,0.0
greedy,9000056,46,46.0,northern_phoenix,0,Wait,0,Wait,0,215,215,0,,0,0,0.0,0.0,0.0
greedy,9000056,46,46.0,northern_pioneer,0,Wait,0,Wait,0,215,215,0,,0,0,0.0,0.0,0.0
greedy,9000056,47,47.0,northern_pathfinder,0,Wait,0,Wait,0,215,215,0,,0,0,0.0,0.0,0.0
greedy,9000056,47,47.0,northern_phoenix,0,Wait,0,Wait,0,215,215,0,,0,0,0.0,0.0,0.0
greedy,9000056,47,47.0,northern_pioneer,0,Wait,0,Wait,0,215,215,0,,0,0,0.0,0.0,0.0
greedy,9000056,48,48.0,northern_pathfinder,0,Wait,0,Wait,0,215,215,0,,0,0,0.0,0.0,0.0
greedy,9000056,48,48.0,northern_phoenix,0,Wait,0,Wait,0,215,215,0,,0,0,0.0,0.0,0.0
greedy,9000056,48,48.0,northern_pioneer,0,Wait,0,Wait,0,215,215,0,,0,0,0.0,0.0,0.0
greedy,9000056,49,49.0,northern_pathfinder,0,Wait,0,Wait,0,215,215,0,,0,0,0.0,0.0,0.0
greedy,9000056,49,49.0,northern_phoenix,0,Wait,0,Wait,0,215,215,0,,0,0,0.0,0.0,0.0
greedy,9000056,49,49.0,northern_pioneer,0,Wait,0,Wait,0,215,215,0,,0,0,0.0,0.0,0.0
greedy,9000056,50,50.0,northern_pathfinder,0,Wait,0,Wait,0,215,215,0,,0,0,0.0,0.0,0.0
greedy,9000056,50,50.0,northern_phoenix,0,Wait,0,Wait,0,215,215,0,,0,0,0.0,0.0,0.0
greedy,9000056,50,50.0,northern_pioneer,0,Wait,0,Wait,0,215,215,0,,0,0,0.0,0.0,0.0
greedy,9000056,51,51.0,northern_pathfinder,0,Wait,0,Wait,0,215,215,0,,0,0,0.0,0.0,0.0
greedy,9000056,51,51.0,northern_phoenix,0,Wait,0,Wait,0,215,215,0,,0,0,0.0,0.0,0.0
greedy,9000056,51,51.0,northern_pioneer,0,Wait,0,Wait,0,215,215,0,,0,0,0.0,0.0,0.0
greedy,9000056,52,52.0,northern_pathfinder,0,Wait,0,Wait,0,215,215,0,,0,0,0.0,0.0,0.0
greedy,9000056,52,52.0,northern_phoenix,0,Wait,0,Wait,0,215,215,0,,0,0,0.0,0.0,0.0
greedy,9000056,52,52.0,northern_pioneer,0,Wait,0,Wait,0,215,215,0,,0,0,0.0,0.0,0.0
greedy,9000056,53,53.0,northern_pathfinder,0,Wait,0,Wait,0,215,215,0,,0,0,0.0,0.0,0.0
greedy,9000056,53,53.0,northern_phoenix,0,Wait,0,Wait,0,215,215,0,,0,0,0.0,0.0,0.0
greedy,9000056,53,53.0,northern_pioneer,0,Wait,0,Wait,0,215,215,0,,0,0,0.0,0.0,0.0
greedy,9000056,54,54.0,northern_pathfinder,0,Wait,0,Wait,0,215,215,0,,0,0,0.0,0.0,0.0
greedy,9000056,54,54.0,northern_phoenix,0,Wait,0,Wait,0,215,215,0,,0,0,0.0,0.0,0.0
greedy,9000056,54,54.0,northern_pioneer,0,Wait,0,Wait,0,215,215,0,,0,0,0.0,0.0,0.0
greedy,9000056,55,55.0,northern_pathfinder,0,Wait,0,Wait,0,215,215,0,,0,0,0.0,0.0,0.0
greedy,9000056,55,55.0,northern_phoenix,0,Wait,0,Wait,0,215,215,0,,0,0,0.0,0.0,0.0
greedy,9000056,55,55.0,northern_pioneer,0,Wait,0,Wait,0,215,215,0,,0,0,0.0,0.0,0.0
greedy,9000056,56,56.0,northern_pathfinder,0,Wait,0,Wait,0,215,215,0,,0,0,0.0,0.0,0.0
greedy,9000056,56,56.0,northern_phoenix,0,Wait,0,Wait,0,215,215,0,,0,0,0.0,0.0,0.0
greedy,9000056,56,56.0,northern_pioneer,0,Wait,0,Wait,0,215,215,0,,0,0,0.0,0.0,0.0
greedy,9000056,57,57.0,northern_pathfinder,0,Wait,0,Wait,0,215,215,0,,0,0,0.0,0.0,0.0
greedy,9000056,57,57.0,northern_phoenix,0,Wait,0,Wait,0,215,215,0,,0,0,0.0,0.0,0.0
greedy,9000056,57,57.0,northern_pioneer,0,Wait,0,Wait,0,215,215,0,,0,0,0.0,0.0,0.0
greedy,9000056,58,58.0,northern_pathfinder,0,Wait,0,Wait,0,215,215,0,,0,0,0.0,0.0,0.0
greedy,9000056,58,58.0,northern_phoenix,0,Wait,0,Wait,0,215,215,0,,0,0,0.0,0.0,0.0
greedy,9000056,58,58.0,northern_pioneer,0,Wait,0,Wait,0,215,215,0,,0,0,0.0,0.0,0.0
greedy,9000056,59,59.0,northern_pathfinder,0,Wait,0,Wait,0,215,215,0,,0,0,0.0,0.0,0.0
greedy,9000056,59,59.0,northern_phoenix,0,Wait,0,Wait,0,215,215,0,,0,0,0.0,0.0,0.0
greedy,9000056,59,59.0,northern_pioneer,0,Wait,0,Wait,0,215,215,0,,0,0,0.0,0.0,0.0
greedy,9000056,60,60.0,northern_pathfinder,0,Wait,0,Wait,0,215,215,0,,0,0,0.0,0.0,0.0
greedy,9000056,60,60.0,northern_phoenix,0,Wait,0,Wait,0,215,215,0,,0,0,0.0,0.0,0.0
greedy,9000056,60,60.0,northern_pioneer,0,Wait,0,Wait,0,215,215,0,,0,0,0.0,0.0,0.0
greedy,9000056,61,61.0,northern_pathfinder,0,Wait,0,Wait,0,215,215,0,,0,0,0.0,0.0,0.0
greedy,9000056,61,61.0,northern_phoenix,0,Wait,0,Wait,0,215,215,0,,0,0,0.0,0.0,0.0
greedy,9000056,61,61.0,northern_pioneer,0,Wait,0,Wait,0,215,215,0,,0,0,0.0,0.0,0.0
greedy,9000056,62,62.0,northern_pathfinder,0,Wait,0,Wait,0,215,215,0,,0,0,0.0,0.0,0.0
greedy,9000056,62,62.0,northern_phoenix,0,Wait,0,Wait,0,215,215,0,,0,0,0.0,0.0,0.0
greedy,9000056,62,62.0,northern_pioneer,0,Wait,0,Wait,0,215,215,0,,0,0,0.0,0.0,0.0
greedy,9000056,63,63.0,northern_pathfinder,0,Wait,0,Wait,0,215,215,0,,0,0,0.0,0.0,0.0
greedy,9000056,63,63.0,northern_phoenix,0,Wait,0,Wait,0,215,215,0,,0,0,0.0,0.0,0.0
greedy,9000056,63,63.0,northern_pioneer,0,Wait,0,Wait,0,215,215,0,,0,0,0.0,0.0,0.0
greedy,9000056,64,64.0,northern_pathfinder,0,Wait,0,Wait,0,215,215,0,,0,0,0.0,0.0,0.0
greedy,9000056,64,64.0,northern_phoenix,0,Wait,0,Wait,0,215,215,0,,0,0,0.0,0.0,0.0
greedy,9000056,64,64.0,northern_pioneer,0,Wait,0,Wait,0,215,215,0,,0,0,0.0,0.0,0.0
greedy,9000056,65,65.0,northern_pathfinder,0,Wait,0,Wait,0,215,215,0,,0,0,0.0,0.0,0.0
greedy,9000056,65,65.0,northern_phoenix,0,Wait,0,Wait,0,215,215,0,,0,0,0.0,0.0,0.0
greedy,9000056,65,65.0,northern_pioneer,0,Wait,0,Wait,0,215,215,0,,0,0,0.0,0.0,0.0
greedy,9000056,66,66.0,northern_pathfinder,0,Wait,0,Wait,0,215,215,0,,0,0,0.0,0.0,0.0
greedy,9000056,66,66.0,northern_phoenix,0,Wait,0,Wait,0,215,215,0,,0,0,0.0,0.0,0.0
greedy,9000056,66,66.0,northern_pioneer,0,Wait,0,Wait,0,215,215,0,,0,0,0.0,0.0,0.0
greedy,9000056,67,67.0,northern_pathfinder,0,Wait,0,Wait,0,215,215,0,,0,0,0.0,0.0,0.0
greedy,9000056,67,67.0,northern_phoenix,0,Wait,0,Wait,0,215,215,0,,0,0,0.0,0.0,0.0
greedy,9000056,67,67.0,northern_pioneer,0,Wait,0,Wait,0,215,215,0,,0,0,0.0,0.0,0.0
greedy,9000056,68,68.0,northern_pathfinder,0,Wait,0,Wait,0,215,215,0,,0,0,0.0,0.0,0.0
greedy,9000056,68,68.0,northern_phoenix,0,Wait,0,Wait,0,215,215,0,,0,0,0.0,0.0,0.0
greedy,9000056,68,68.0,northern_pioneer,0,Wait,0,Wait,0,215,215,0,,0,0,0.0,0.0,0.0
greedy,9000056,69,69.0,northern_pathfinder,0,Wait,0,Wait,0,215,215,0,,0,0,0.0,0.0,0.0
greedy,9000056,69,69.0,northern_phoenix,0,Wait,0,Wait,0,215,215,0,,0,0,0.0,0.0,0.0
greedy,9000056,69,69.0,northern_pioneer,0,Wait,0,Wait,0,215,215,0,,0,0,0.0,0.0,0.0
greedy,9000056,70,70.0,northern_pathfinder,0,Wait,0,Wait,0,215,215,0,,0,0,0.0,0.0,0.0
greedy,9000056,70,70.0,northern_phoenix,0,Wait,0,Wait,0,215,215,0,,0,0,0.0,0.0,0.0
greedy,9000056,70,70.0,northern_pioneer,0,Wait,0,Wait,0,215,215,0,,0,0,0.0,0.0,0.0
greedy,9000056,71,71.0,northern_pathfinder,0,Wait,0,Wait,0,215,215,0,,0,0,0.0,0.0,0.0
greedy,9000056,71,71.0,northern_phoenix,0,Wait,0,Wait,0,215,215,0,,0,0,0.0,0.0,0.0
greedy,9000056,71,71.0,northern_pioneer,0,Wait,0,Wait,0,215,215,0,,0,0,0.0,0.0,0.0
greedy,9000056,72,72.0,northern_pathfinder,0,Wait,0,Wait,0,215,215,0,,0,0,0.0,0.0,0.0
greedy,9000056,72,72.0,northern_phoenix,0,Wait,0,Wait,0,215,215,0,,0,0,0.0,0.0,0.0
greedy,9000056,72,72.0,northern_pioneer,0,Wait,0,Wait,0,215,215,0,,0,0,0.0,0.0,0.0
greedy,9000056,73,73.0,northern_pathfinder,0,Wait,0,Wait,0,215,215,0,,0,0,0.0,0.0,0.0
greedy,9000056,73,73.0,northern_phoenix,0,Wait,0,Wait,0,215,215,0,,0,0,0.0,0.0,0.0
greedy,9000056,73,73.0,northern_pioneer,0,Wait,0,Wait,0,215,215,0,,0,0,0.0,0.0,0.0
greedy,9000056,74,74.0,northern_pathfinder,0,Wait,0,Wait,0,215,215,0,,0,0,0.0,0.0,0.0
greedy,9000056,74,74.0,northern_phoenix,4,Yara Sluiskil,4,Yara Sluiskil,0,215,215,0,,0,0,0.0,0.0,0.0
greedy,9000056,74,74.0,northern_pioneer,0,Wait,0,Wait,0,215,215,0,,0,0,0.0,0.0,0.0
greedy,9000056,75,75.0,northern_pathfinder,0,Wait,0,Wait,0,215,215,0,,0,0,0.0,0.0,0.0
greedy,9000056,75,75.0,northern_phoenix,0,Wait,0,Wait,0,215,215,0,,0,0,0.0,0.0,0.0
greedy,9000056,75,75.0,northern_pioneer,0,Wait,0,Wait,0,215,215,0,,0,0,0.0,0.0,0.0
greedy,9000056,76,76.0,northern_pathfinder,0,Wait,0,Wait,0,215,215,0,,0,0,0.0,0.0,0.0
greedy,9000056,76,76.0,northern_phoenix,0,Wait,0,Wait,0,215,215,0,,0,0,0.0,0.0,0.0
greedy,9000056,76,76.0,northern_pioneer,0,Wait,0,Wait,0,215,215,0,,0,0,0.0,0.0,0.0
greedy,9000056,77,77.0,northern_pathfinder,0,Wait,0,Wait,0,215,215,0,,0,0,0.0,0.0,0.0
greedy,9000056,77,77.0,northern_phoenix,0,Wait,0,Wait,0,215,215,0,,0,0,0.0,0.0,0.0
greedy,9000056,77,77.0,northern_pioneer,0,Wait,0,Wait,0,215,215,0,,0,0,0.0,0.0,0.0
greedy,9000056,78,78.0,northern_pathfinder,0,Wait,0,Wait,0,215,215,0,,0,0,0.0,0.0,0.0
greedy,9000056,78,78.0,northern_phoenix,0,Wait,0,Wait,0,215,215,0,,0,0,0.0,0.0,0.0
greedy,9000056,78,78.0,northern_pioneer,0,Wait,0,Wait,0,215,215,0,,0,0,0.0,0.0,0.0
greedy,9000056,79,79.0,northern_pathfinder,0,Wait,0,Wait,0,215,215,0,,0,0,0.0,0.0,0.0
greedy,9000056,79,79.0,northern_phoenix,0,Wait,0,Wait,0,215,215,0,,0,0,0.0,0.0,0.0
greedy,9000056,79,79.0,northern_pioneer,0,Wait,0,Wait,0,215,215,0,,0,0,0.0,0.0,0.0
greedy,9000056,80,80.0,northern_pathfinder,0,Wait,0,Wait,0,215,215,0,,0,0,0.0,0.0,0.0
greedy,9000056,80,80.0,northern_phoenix,0,Wait,0,Wait,0,215,215,0,,0,0,0.0,0.0,0.0
greedy,9000056,80,80.0,northern_pioneer,0,Wait,0,Wait,0,215,215,0,,0,0,0.0,0.0,0.0
greedy,9000056,81,81.0,northern_pathfinder,0,Wait,0,Wait,0,215,215,0,,0,0,0.0,0.0,0.0
greedy,9000056,81,81.0,northern_phoenix,0,Wait,0,Wait,0,215,215,0,,0,0,0.0,0.0,0.0
greedy,9000056,81,81.0,northern_pioneer,0,Wait,0,Wait,0,215,215,0,,0,0,0.0,0.0,0.0
greedy,9000056,82,82.0,northern_pathfinder,0,Wait,0,Wait,0,215,215,0,,0,0,0.0,0.0,0.0
greedy,9000056,82,82.0,northern_phoenix,0,Wait,0,Wait,0,215,215,0,,0,0,0.0,0.0,0.0
greedy,9000056,82,82.0,northern_pioneer,0,Wait,0,Wait,0,215,215,0,,0,0,0.0,0.0,0.0
greedy,9000056,83,83.0,northern_pathfinder,0,Wait,0,Wait,0,215,215,0,,0,0,0.0,0.0,0.0
greedy,9000056,83,83.0,northern_phoenix,0,Wait,0,Wait,0,215,215,0,,0,0,0.0,0.0,0.0
greedy,9000056,83,83.0,northern_pioneer,0,Wait,0,Wait,0,215,215,0,,0,0,0.0,0.0,0.0
greedy,9000056,84,84.0,northern_pathfinder,0,Wait,0,Wait,0,215,215,0,,0,0,0.0,0.0,0.0
greedy,9000056,84,84.0,northern_phoenix,0,Wait,0,Wait,0,215,215,0,,0,0,0.0,0.0,0.0
greedy,9000056,84,84.0,northern_pioneer,0,Wait,0,Wait,0,215,215,0,,0,0,0.0,0.0,0.0
greedy,9000056,85,85.0,northern_pathfinder,0,Wait,0,Wait,0,215,215,0,,0,0,0.0,0.0,0.0
greedy,9000056,85,85.0,northern_phoenix,0,Wait,0,Wait,0,215,215,0,,0,0,0.0,0.0,0.0
greedy,9000056,85,85.0,northern_pioneer,0,Wait,0,Wait,0,215,215,0,,0,0,0.0,0.0,0.0
greedy,9000056,86,86.0,northern_pathfinder,0,Wait,0,Wait,0,215,215,0,,0,0,0.0,0.0,0.0
greedy,9000056,86,86.0,northern_phoenix,0,Wait,0,Wait,0,215,215,0,,0,0,0.0,0.0,0.0
greedy,9000056,86,86.0,northern_pioneer,0,Wait,0,Wait,0,215,215,0,,0,0,0.0,0.0,0.0
greedy,9000056,87,87.0,northern_pathfinder,0,Wait,0,Wait,0,215,215,0,,0,0,0.0,0.0,0.0
greedy,9000056,87,87.0,northern_phoenix,0,Wait,0,Wait,0,215,215,0,,0,0,0.0,0.0,0.0
greedy,9000056,87,87.0,northern_pioneer,0,Wait,0,Wait,0,215,215,0,,0,0,0.0,0.0,0.0
greedy,9000056,88,88.0,northern_pathfinder,0,Wait,0,Wait,0,215,215,0,,0,0,0.0,0.0,0.0
greedy,9000056,88,88.0,northern_phoenix,0,Wait,0,Wait,0,215,215,0,,0,0,0.0,0.0,0.0
greedy,9000056,88,88.0,northern_pioneer,0,Wait,0,Wait,0,215,215,0,,0,0,0.0,0.0,0.0
greedy,9000056,89,89.0,northern_pathfinder,0,Wait,0,Wait,0,215,215,0,,0,0,0.0,0.0,0.0
greedy,9000056,89,89.0,northern_phoenix,0,Wait,0,Wait,0,215,215,0,,0,0,0.0,0.0,0.0
greedy,9000056,89,89.0,northern_pioneer,0,Wait,0,Wait,0,215,215,0,,0,0,0.0,0.0,0.0
greedy,9000056,90,90.0,northern_pathfinder,0,Wait,0,Wait,0,215,215,0,,0,0,0.0,0.0,0.0
greedy,9000056,90,90.0,northern_phoenix,0,Wait,0,Wait,0,215,215,0,,0,0,0.0,0.0,0.0
greedy,9000056,90,90.0,northern_pioneer,0,Wait,0,Wait,0,215,215,0,,0,0,0.0,0.0,0.0
greedy,9000056,91,91.0,northern_pathfinder,0,Wait,0,Wait,0,215,215,0,,0,0,0.0,0.0,0.0
greedy,9000056,91,91.0,northern_phoenix,0,Wait,0,Wait,0,215,215,0,,0,0,0.0,0.0,0.0
greedy,9000056,91,91.0,northern_pioneer,0,Wait,0,Wait,0,215,215,0,,0,0,0.0,0.0,0.0
greedy,9000056,92,92.0,northern_pathfinder,0,Wait,0,Wait,0,215,215,0,,0,0,0.0,0.0,0.0
greedy,9000056,92,92.0,northern_phoenix,0,Wait,0,Wait,0,215,215,0,,0,0,0.0,0.0,0.0
greedy,9000056,92,92.0,northern_pioneer,0,Wait,0,Wait,0,215,215,0,,0,0,0.0,0.0,0.0
greedy,9000056,93,93.0,northern_pathfinder,0,Wait,0,Wait,0,215,215,0,,0,0,0.0,0.0,0.0
greedy,9000056,93,93.0,northern_phoenix,0,Wait,0,Wait,0,215,215,0,,0,0,0.0,0.0,0.0
greedy,9000056,93,93.0,northern_pioneer,0,Wait,0,Wait,0,215,215,0,,0,0,0.0,0.0,0.0
greedy,9000056,94,94.0,northern_pathfinder,0,Wait,0,Wait,0,215,215,0,,0,0,0.0,0.0,0.0
greedy,9000056,94,94.0,northern_phoenix,0,Wait,0,Wait,0,215,215,0,,0,0,0.0,0.0,0.0
greedy,9000056,94,94.0,northern_pioneer,0,Wait,0,Wait,0,215,215,0,,0,0,0.0,0.0,0.0
greedy,9000056,95,95.0,northern_pathfinder,0,Wait,0,Wait,0,215,215,0,,0,0,0.0,0.0,0.0
greedy,9000056,95,95.0,northern_phoenix,0,Wait,0,Wait,0,215,215,0,,0,0,0.0,0.0,0.0
greedy,9000056,95,95.0,northern_pioneer,0,Wait,0,Wait,0,215,215,0,,0,0,0.0,0.0,0.0
greedy,9000056,96,96.0,northern_pathfinder,0,Wait,0,Wait,0,215,215,0,,0,0,0.0,0.0,0.0
greedy,9000056,96,96.0,northern_phoenix,0,Wait,0,Wait,0,215,215,0,,0,0,0.0,0.0,0.0
greedy,9000056,96,96.0,northern_pioneer,0,Wait,0,Wait,0,215,215,0,,0,0,0.0,0.0,0.0
greedy,9000056,97,97.0,northern_pathfinder,0,Wait,0,Wait,0,215,215,0,,0,0,0.0,0.0,0.0
greedy,9000056,97,97.0,northern_phoenix,0,Wait,0,Wait,0,215,215,0,,0,0,0.0,0.0,0.0
greedy,9000056,97,97.0,northern_pioneer,0,Wait,0,Wait,0,215,215,0,,0,0,0.0,0.0,0.0
greedy,9000056,98,98.0,northern_pathfinder,0,Wait,0,Wait,0,215,215,0,,0,0,0.0,0.0,0.0
greedy,9000056,98,98.0,northern_phoenix,0,Wait,0,Wait,0,215,215,0,,0,0,0.0,0.0,0.0
greedy,9000056,98,98.0,northern_pioneer,0,Wait,0,Wait,0,215,215,0,,0,0,0.0,0.0,0.0
greedy,9000056,99,99.0,northern_pathfinder,0,Wait,0,Wait,0,215,215,0,,0,0,0.0,0.0,0.0
greedy,9000056,99,99.0,northern_phoenix,0,Wait,0,Wait,0,215,215,0,,0,0,0.0,0.0,0.0
greedy,9000056,99,99.0,northern_pioneer,0,Wait,0,Wait,0,215,215,0,,0,0,0.0,0.0,0.0
greedy,9000056,100,100.0,northern_pathfinder,0,Wait,0,Wait,0,215,215,0,,0,0,0.0,0.0,0.0
greedy,9000056,100,100.0,northern_phoenix,0,Wait,0,Wait,0,215,215,0,,0,0,0.0,0.0,0.0
greedy,9000056,100,100.0,northern_pioneer,0,Wait,0,Wait,0,215,215,0,,0,0,0.0,0.0,0.0
greedy,9000056,101,101.0,northern_pathfinder,0,Wait,0,Wait,0,215,215,0,,0,0,0.0,0.0,0.0
greedy,9000056,101,101.0,northern_phoenix,0,Wait,0,Wait,0,215,215,0,,0,0,0.0,0.0,0.0
greedy,9000056,101,101.0,northern_pioneer,0,Wait,0,Wait,0,215,215,0,,0,0,0.0,0.0,0.0
greedy,9000056,102,102.0,northern_pathfinder,0,Wait,0,Wait,0,215,215,0,,0,0,0.0,0.0,0.0
greedy,9000056,102,102.0,northern_phoenix,0,Wait,0,Wait,0,215,215,0,,0,0,0.0,0.0,0.0
greedy,9000056,102,102.0,northern_pioneer,0,Wait,0,Wait,0,215,215,0,,0,0,0.0,0.0,0.0
greedy,9000056,103,103.0,northern_pathfinder,0,Wait,0,Wait,0,215,215,0,,0,0,0.0,0.0,0.0
greedy,9000056,103,103.0,northern_phoenix,0,Wait,0,Wait,0,215,215,0,,0,0,0.0,0.0,0.0
greedy,9000056,103,103.0,northern_pioneer,0,Wait,0,Wait,0,215,215,0,,0,0,0.0,0.0,0.0
greedy,9000056,104,104.0,northern_pathfinder,0,Wait,0,Wait,0,215,215,0,,0,0,0.0,0.0,0.0
greedy,9000056,104,104.0,northern_phoenix,0,Wait,0,Wait,0,215,215,0,,0,0,0.0,0.0,0.0
greedy,9000056,104,104.0,northern_pioneer,0,Wait,0,Wait,0,215,215,0,,0,0,0.0,0.0,0.0
greedy,9000056,105,105.0,northern_pathfinder,0,Wait,0,Wait,0,215,215,0,,0,0,0.0,0.0,0.0
greedy,9000056,105,105.0,northern_phoenix,0,Wait,0,Wait,0,215,215,0,,0,0,0.0,0.0,0.0
greedy,9000056,105,105.0,northern_pioneer,0,Wait,0,Wait,0,215,215,0,,0,0,0.0,0.0,0.0
greedy,9000056,106,106.0,northern_pathfinder,0,Wait,0,Wait,0,215,215,0,,0,0,0.0,0.0,0.0
greedy,9000056,106,106.0,northern_phoenix,0,Wait,0,Wait,0,215,215,0,,0,0,0.0,0.0,0.0
greedy,9000056,106,106.0,northern_pioneer,0,Wait,0,Wait,0,215,215,0,,0,0,0.0,0.0,0.0
greedy,9000056,107,107.0,northern_pathfinder,0,Wait,0,Wait,0,215,215,0,,0,0,0.0,0.0,0.0
greedy,9000056,107,107.0,northern_phoenix,0,Wait,0,Wait,0,215,215,0,,0,0,0.0,0.0,0.0
greedy,9000056,107,107.0,northern_pioneer,0,Wait,0,Wait,0,215,215,0,,0,0,0.0,0.0,0.0
greedy,9000056,108,108.0,northern_pathfinder,0,Wait,0,Wait,0,215,215,0,,0,0,0.0,0.0,0.0
greedy,9000056,108,108.0,northern_phoenix,0,Wait,0,Wait,0,215,215,0,,0,0,0.0,0.0,0.0
greedy,9000056,108,108.0,northern_pioneer,0,Wait,0,Wait,0,215,215,0,,0,0,0.0,0.0,0.0
greedy,9000056,109,109.0,northern_pathfinder,0,Wait,0,Wait,0,215,215,0,,0,0,0.0,0.0,0.0
greedy,9000056,109,109.0,northern_phoenix,0,Wait,0,Wait,0,215,215,0,,0,0,0.0,0.0,0.0
greedy,9000056,109,109.0,northern_pioneer,0,Wait,0,Wait,0,215,215,0,,0,0,0.0,0.0,0.0
greedy,9000056,110,110.0,northern_pathfinder,0,Wait,0,Wait,0,215,215,0,,0,0,0.0,0.0,0.0
greedy,9000056,110,110.0,northern_phoenix,0,Wait,0,Wait,0,215,215,0,,0,0,0.0,0.0,0.0
greedy,9000056,110,110.0,northern_pioneer,0,Wait,0,Wait,0,215,215,0,,0,0,0.0,0.0,0.0
greedy,9000056,111,111.0,northern_pathfinder,0,Wait,0,Wait,0,215,215,0,,0,0,0.0,0.0,0.0
greedy,9000056,111,111.0,northern_phoenix,0,Wait,0,Wait,0,215,215,0,,0,0,0.0,0.0,0.0
greedy,9000056,111,111.0,northern_pioneer,0,Wait,0,Wait,0,215,215,0,,0,0,0.0,0.0,0.0
greedy,9000056,112,112.0,northern_pathfinder,0,Wait,0,Wait,0,215,215,0,,0,0,0.0,0.0,0.0
greedy,9000056,112,112.0,northern_phoenix,0,Wait,0,Wait,0,215,215,0,,0,0,0.0,0.0,0.0
greedy,9000056,112,112.0,northern_pioneer,0,Wait,0,Wait,0,215,215,0,,0,0,0.0,0.0,0.0
greedy,9000056,113,113.0,northern_pathfinder,0,Wait,0,Wait,0,215,215,0,,0,0,0.0,0.0,0.0
greedy,9000056,113,113.0,northern_phoenix,0,Wait,0,Wait,0,215,215,0,,0,0,0.0,0.0,0.0
greedy,9000056,113,113.0,northern_pioneer,0,Wait,0,Wait,0,215,215,0,,0,0,0.0,0.0,0.0
greedy,9000056,114,114.0,northern_pathfinder,0,Wait,0,Wait,0,215,215,0,,0,0,0.0,0.0,0.0
greedy,9000056,114,114.0,northern_phoenix,0,Wait,0,Wait,0,215,215,0,,0,0,0.0,0.0,0.0
greedy,9000056,114,114.0,northern_pioneer,0,Wait,0,Wait,0,215,215,0,,0,0,0.0,0.0,0.0
greedy,9000056,115,115.0,northern_pathfinder,0,Wait,0,Wait,0,215,215,0,,0,0,0.0,0.0,0.0
greedy,9000056,115,115.0,northern_phoenix,0,Wait,0,Wait,0,215,215,0,,0,0,0.0,0.0,0.0
greedy,9000056,115,115.0,northern_pioneer,0,Wait,0,Wait,0,215,215,0,,0,0,0.0,0.0,0.0
greedy,9000056,116,116.0,northern_pathfinder,0,Wait,0,Wait,0,215,215,0,,0,0,0.0,0.0,0.0
greedy,9000056,116,116.0,northern_phoenix,0,Wait,0,Wait,0,215,215,0,,0,0,0.0,0.0,0.0
greedy,9000056,116,116.0,northern_pioneer,0,Wait,0,Wait,0,215,215,0,,0,0,0.0,0.0,0.0
greedy,9000056,117,117.0,northern_pathfinder,4,Yara Sluiskil,4,Yara Sluiskil,0,215,215,0,,0,0,0.0,0.0,0.0
greedy,9000056,117,117.0,northern_phoenix,0,Wait,0,Wait,0,215,215,0,,0,0,0.0,0.0,0.0
greedy,9000056,117,117.0,northern_pioneer,0,Wait,0,Wait,0,215,215,0,,0,0,0.0,0.0,0.0
greedy,9000056,118,118.0,northern_pathfinder,0,Wait,0,Wait,0,215,215,0,,0,0,0.0,0.0,0.0
greedy,9000056,118,118.0,northern_phoenix,0,Wait,0,Wait,0,215,215,0,,0,0,0.0,0.0,0.0
greedy,9000056,118,118.0,northern_pioneer,0,Wait,0,Wait,0,215,215,0,,0,0,0.0,0.0,0.0
greedy,9000056,119,119.0,northern_pathfinder,0,Wait,0,Wait,0,215,215,0,,0,0,0.0,0.0,0.0
greedy,9000056,119,119.0,northern_phoenix,0,Wait,0,Wait,0,215,215,0,,0,0,0.0,0.0,0.0
greedy,9000056,119,119.0,northern_pioneer,0,Wait,0,Wait,0,215,215,0,,0,0,0.0,0.0,0.0
greedy,9000056,120,120.0,northern_pathfinder,0,Wait,0,Wait,0,215,215,0,,0,0,0.0,0.0,0.0
greedy,9000056,120,120.0,northern_phoenix,0,Wait,0,Wait,0,215,215,0,,0,0,0.0,0.0,0.0
greedy,9000056,120,120.0,northern_pioneer,0,Wait,0,Wait,0,215,215,0,,0,0,0.0,0.0,0.0
greedy,9000056,121,121.0,northern_pathfinder,0,Wait,0,Wait,0,215,215,0,,0,0,0.0,0.0,0.0
greedy,9000056,121,121.0,northern_phoenix,0,Wait,0,Wait,0,215,215,0,,0,0,0.0,0.0,0.0
greedy,9000056,121,121.0,northern_pioneer,0,Wait,0,Wait,0,215,215,0,,0,0,0.0,0.0,0.0
greedy,9000056,122,122.0,northern_pathfinder,0,Wait,0,Wait,0,215,215,0,,0,0,0.0,0.0,0.0
greedy,9000056,122,122.0,northern_phoenix,0,Wait,0,Wait,0,215,215,0,,0,0,0.0,0.0,0.0
greedy,9000056,122,122.0,northern_pioneer,0,Wait,0,Wait,0,215,215,0,,0,0,0.0,0.0,0.0
greedy,9000056,123,123.0,northern_pathfinder,0,Wait,0,Wait,0,215,215,0,,0,0,0.0,0.0,0.0
greedy,9000056,123,123.0,northern_phoenix,0,Wait,0,Wait,0,215,215,0,,0,0,0.0,0.0,0.0
greedy,9000056,123,123.0,northern_pioneer,0,Wait,0,Wait,0,215,215,0,,0,0,0.0,0.0,0.0
greedy,9000056,124,124.0,northern_pathfinder,0,Wait,0,Wait,0,215,215,0,,0,0,0.0,0.0,0.0
greedy,9000056,124,124.0,northern_phoenix,0,Wait,0,Wait,0,215,215,0,,0,0,0.0,0.0,0.0
greedy,9000056,124,124.0,northern_pioneer,0,Wait,0,Wait,0,215,215,0,,0,0,0.0,0.0,0.0
greedy,9000056,125,125.0,northern_pathfinder,0,Wait,0,Wait,0,215,215,0,,0,0,0.0,0.0,0.0
greedy,9000056,125,125.0,northern_phoenix,0,Wait,0,Wait,0,215,215,0,,0,0,0.0,0.0,0.0
greedy,9000056,125,125.0,northern_pioneer,0,Wait,0,Wait,0,215,215,0,,0,0,0.0,0.0,0.0
greedy,9000056,126,126.0,northern_pathfinder,0,Wait,0,Wait,0,215,215,0,,0,0,0.0,0.0,0.0
greedy,9000056,126,126.0,northern_phoenix,0,Wait,0,Wait,0,215,215,0,,0,0,0.0,0.0,0.0
greedy,9000056,126,126.0,northern_pioneer,0,Wait,0,Wait,0,215,215,0,,0,0,0.0,0.0,0.0
greedy,9000056,127,127.0,northern_pathfinder,0,Wait,0,Wait,0,215,215,0,,0,0,0.0,0.0,0.0
greedy,9000056,127,127.0,northern_phoenix,0,Wait,0,Wait,0,215,215,0,,0,0,0.0,0.0,0.0
greedy,9000056,127,127.0,northern_pioneer,0,Wait,0,Wait,0,215,215,0,,0,0,0.0,0.0,0.0
greedy,9000056,128,128.0,northern_pathfinder,0,Wait,0,Wait,0,215,215,0,,0,0,0.0,0.0,0.0
greedy,9000056,128,128.0,northern_phoenix,0,Wait,0,Wait,0,215,215,0,,0,0,0.0,0.0,0.0
greedy,9000056,128,128.0,northern_pioneer,0,Wait,0,Wait,0,215,215,0,,0,0,0.0,0.0,0.0
greedy,9000056,129,129.0,northern_pathfinder,0,Wait,0,Wait,0,215,215,0,,0,0,0.0,0.0,0.0
greedy,9000056,129,129.0,northern_phoenix,0,Wait,0,Wait,0,215,215,0,,0,0,0.0,0.0,0.0
greedy,9000056,129,129.0,northern_pioneer,4,Yara Sluiskil,4,Yara Sluiskil,0,215,215,0,,0,0,0.0,0.0,0.0
greedy,9000056,130,130.0,northern_pathfinder,0,Wait,0,Wait,0,215,215,0,,0,0,0.0,0.0,0.0
greedy,9000056,130,130.0,northern_phoenix,1,Terminal,1,Terminal,0,215,215,0,,0,0,0.0,0.0,0.0
greedy,9000056,130,130.0,northern_pioneer,0,Wait,0,Wait,0,215,215,0,,0,0,0.0,0.0,0.0
greedy,9000056,131,161.0,northern_pathfinder,0,Wait,0,Wait,0,215,215,0,,0,0,0.0,0.0,0.0
greedy,9000056,131,161.0,northern_phoenix,0,Wait,0,Wait,0,215,215,0,,0,0,0.0,0.0,0.0
greedy,9000056,131,161.0,northern_pioneer,0,Wait,0,Wait,0,215,215,0,,0,0,0.0,0.0,0.0
greedy,9000056,132,162.0,northern_pathfinder,0,Wait,0,Wait,0,215,215,0,,0,0,0.0,0.0,0.0
greedy,9000056,132,162.0,northern_phoenix,0,Wait,0,Wait,0,215,215,0,,0,0,0.0,0.0,0.0
greedy,9000056,132,162.0,northern_pioneer,0,Wait,0,Wait,0,215,215,0,,0,0,0.0,0.0,0.0
greedy,9000056,133,163.0,northern_pathfinder,0,Wait,0,Wait,0,215,215,0,,0,0,0.0,0.0,0.0
greedy,9000056,133,163.0,northern_phoenix,0,Wait,0,Wait,0,215,215,0,,0,0,0.0,0.0,0.0
greedy,9000056,133,163.0,northern_pioneer,0,Wait,0,Wait,0,215,215,0,,0,0,0.0,0.0,0.0
greedy,9000056,134,164.0,northern_pathfinder,1,Terminal,1,Terminal,0,215,215,0,,0,0,0.0,0.0,0.0
greedy,9000056,134,164.0,northern_phoenix,0,Wait,0,Wait,0,215,215,0,,0,0,0.0,0.0,0.0
greedy,9000056,134,164.0,northern_pioneer,0,Wait,0,Wait,0,215,215,0,,0,0,0.0,0.0,0.0
greedy,9000056,135,171.0,northern_pathfinder,0,Wait,0,Wait,0,215,215,0,,0,0,0.0,0.0,0.0
greedy,9000056,135,171.0,northern_phoenix,0,Wait,0,Wait,0,215,215,0,,0,0,0.0,0.0,0.0
greedy,9000056,135,171.0,northern_pioneer,0,Wait,0,Wait,0,215,215,0,,0,0,0.0,0.0,0.0
greedy,9000056,136,172.0,northern_pathfinder,0,Wait,0,Wait,0,215,215,0,,0,0,0.0,0.0,0.0
greedy,9000056,136,172.0,northern_phoenix,0,Wait,0,Wait,0,215,215,0,,0,0,0.0,0.0,0.0
greedy,9000056,136,172.0,northern_pioneer,0,Wait,0,Wait,0,215,215,0,,0,0,0.0,0.0,0.0
greedy,9000056,137,173.0,northern_pathfinder,0,Wait,0,Wait,0,215,215,0,,0,0,0.0,0.0,0.0
greedy,9000056,137,173.0,northern_phoenix,0,Wait,0,Wait,0,215,215,0,,0,0,0.0,0.0,0.0
greedy,9000056,137,173.0,northern_pioneer,1,Terminal,1,Terminal,0,215,215,0,,0,0,0.0,0.0,0.0
greedy,9000056,138,190.0,northern_pathfinder,0,Wait,0,Wait,0,215,215,0,,0,0,0.0,0.0,0.0
greedy,9000056,138,190.0,northern_phoenix,4,Yara Sluiskil,4,Yara Sluiskil,0,215,215,0,,0,0,0.0,0.0,0.0
greedy,9000056,138,190.0,northern_pioneer,0,Wait,0,Wait,0,215,215,0,,0,0,0.0,0.0,0.0
greedy,9000056,139,238.0,northern_pathfinder,4,Yara Sluiskil,4,Yara Sluiskil,0,215,215,0,,0,0,0.0,0.0,0.0
greedy,9000056,139,238.0,northern_phoenix,0,Wait,0,Wait,0,215,215,0,,0,0,0.0,0.0,0.0
greedy,9000056,139,238.0,northern_pioneer,0,Wait,0,Wait,0,215,215,0,,0,0,0.0,0.0,0.0
greedy,9000056,140,246.0,northern_pathfinder,0,Wait,0,Wait,0,215,215,0,,0,0,0.0,0.0,0.0
greedy,9000056,140,246.0,northern_phoenix,0,Wait,0,Wait,0,215,215,0,,0,0,0.0,0.0,0.0
greedy,9000056,140,246.0,northern_pioneer,0,Wait,0,Wait,0,215,215,0,,0,0,0.0,0.0,0.0
greedy,9000056,141,247.0,northern_pathfinder,0,Wait,0,Wait,0,215,215,0,,0,0,0.0,0.0,0.0
greedy,9000056,141,247.0,northern_phoenix,0,Wait,0,Wait,0,215,215,0,,0,0,0.0,0.0,0.0
greedy,9000056,141,247.0,northern_pioneer,0,Wait,0,Wait,0,215,215,0,,0,0,0.0,0.0,0.0
greedy,9000056,142,248.0,northern_pathfinder,0,Wait,0,Wait,0,215,215,0,,0,0,0.0,0.0,0.0
greedy,9000056,142,248.0,northern_phoenix,0,Wait,0,Wait,0,215,215,0,,0,0,0.0,0.0,0.0
greedy,9000056,142,248.0,northern_pioneer,0,Wait,0,Wait,0,215,215,0,,0,0,0.0,0.0,0.0
greedy,9000056,143,249.0,northern_pathfinder,0,Wait,0,Wait,0,215,215,0,,0,0,0.0,0.0,0.0
greedy,9000056,143,249.0,northern_phoenix,0,Wait,0,Wait,0,215,215,0,,0,0,0.0,0.0,0.0
greedy,9000056,143,249.0,northern_pioneer,0,Wait,0,Wait,0,215,215,0,,0,0,0.0,0.0,0.0
greedy,9000056,144,250.0,northern_pathfinder,0,Wait,0,Wait,0,215,215,0,,0,0,0.0,0.0,0.0
greedy,9000056,144,250.0,northern_phoenix,0,Wait,0,Wait,0,215,215,0,,0,0,0.0,0.0,0.0
greedy,9000056,144,250.0,northern_pioneer,4,Yara Sluiskil,4,Yara Sluiskil,0,215,215,0,,0,0,0.0,0.0,0.0
greedy,9000056,145,251.0,northern_pathfinder,0,Wait,0,Wait,0,215,215,0,,0,0,0.0,0.0,0.0
greedy,9000056,145,251.0,northern_phoenix,0,Wait,0,Wait,0,215,215,0,,0,0,0.0,0.0,0.0
greedy,9000056,145,251.0,northern_pioneer,0,Wait,0,Wait,0,215,215,0,,0,0,0.0,0.0,0.0
greedy,9000056,146,252.0,northern_pathfinder,0,Wait,0,Wait,0,215,215,0,,0,0,0.0,0.0,0.0
greedy,9000056,146,252.0,northern_phoenix,0,Wait,0,Wait,0,215,215,0,,0,0,0.0,0.0,0.0
greedy,9000056,146,252.0,northern_pioneer,0,Wait,0,Wait,0,215,215,0,,0,0,0.0,0.0,0.0
greedy,9000056,147,253.0,northern_pathfinder,0,Wait,0,Wait,0,215,215,0,,0,0,0.0,0.0,0.0
greedy,9000056,147,253.0,northern_phoenix,0,Wait,0,Wait,0,215,215,0,,0,0,0.0,0.0,0.0
greedy,9000056,147,253.0,northern_pioneer,0,Wait,0,Wait,0,215,215,0,,0,0,0.0,0.0,0.0
greedy,9000056,148,254.0,northern_pathfinder,0,Wait,0,Wait,0,215,215,0,,0,0,0.0,0.0,0.0
greedy,9000056,148,254.0,northern_phoenix,0,Wait,0,Wait,0,215,215,0,,0,0,0.0,0.0,0.0
greedy,9000056,148,254.0,northern_pioneer,0,Wait,0,Wait,0,215,215,0,,0,0,0.0,0.0,0.0
greedy,9000056,149,255.0,northern_pathfinder,0,Wait,0,Wait,0,215,215,0,,0,0,0.0,0.0,0.0
greedy,9000056,149,255.0,northern_phoenix,0,Wait,0,Wait,0,215,215,0,,0,0,0.0,0.0,0.0
greedy,9000056,149,255.0,northern_pioneer,0,Wait,0,Wait,0,215,215,0,,0,0,0.0,0.0,0.0
greedy,9000056,150,256.0,northern_pathfinder,0,Wait,0,Wait,0,215,215,0,,0,0,0.0,0.0,0.0
greedy,9000056,150,256.0,northern_phoenix,1,Terminal,1,Terminal,0,215,215,0,,0,0,0.0,0.0,0.0
greedy,9000056,150,256.0,northern_pioneer,0,Wait,0,Wait,0,215,215,0,,0,0,0.0,0.0,0.0
greedy,9000056,151,284.0,northern_pathfinder,0,Wait,0,Wait,0,215,215,0,,0,0,0.0,0.0,0.0
greedy,9000056,151,284.0,northern_phoenix,0,Wait,0,Wait,0,215,215,0,,0,0,0.0,0.0,0.0
greedy,9000056,151,284.0,northern_pioneer,0,Wait,0,Wait,0,215,215,0,,0,0,0.0,0.0,0.0
greedy,9000056,152,285.0,northern_pathfinder,0,Wait,0,Wait,0,215,215,0,,0,0,0.0,0.0,0.0
greedy,9000056,152,285.0,northern_phoenix,0,Wait,0,Wait,0,215,215,0,,0,0,0.0,0.0,0.0
greedy,9000056,152,285.0,northern_pioneer,0,Wait,0,Wait,0,215,215,0,,0,0,0.0,0.0,0.0
greedy,9000056,153,286.0,northern_pathfinder,0,Wait,0,Wait,0,215,215,0,,0,0,0.0,0.0,0.0
greedy,9000056,153,286.0,northern_phoenix,0,Wait,0,Wait,0,215,215,0,,0,0,0.0,0.0,0.0
greedy,9000056,153,286.0,northern_pioneer,0,Wait,0,Wait,0,215,215,0,,0,0,0.0,0.0,0.0
greedy,9000056,154,287.0,northern_pathfinder,0,Wait,0,Wait,0,215,215,0,,0,0,0.0,0.0,0.0
greedy,9000056,154,287.0,northern_phoenix,0,Wait,0,Wait,0,215,215,0,,0,0,0.0,0.0,0.0
greedy,9000056,154,287.0,northern_pioneer,0,Wait,0,Wait,0,215,215,0,,0,0,0.0,0.0,0.0
greedy,9000056,155,288.0,northern_pathfinder,0,Wait,0,Wait,0,215,215,0,,0,0,0.0,0.0,0.0
greedy,9000056,155,288.0,northern_phoenix,0,Wait,0,Wait,0,215,215,0,,0,0,0.0,0.0,0.0
greedy,9000056,155,288.0,northern_pioneer,0,Wait,0,Wait,0,215,215,0,,0,0,0.0,0.0,0.0
greedy,9000056,156,289.0,northern_pathfinder,0,Wait,0,Wait,0,215,215,0,,0,0,0.0,0.0,0.0
greedy,9000056,156,289.0,northern_phoenix,0,Wait,0,Wait,0,215,215,0,,0,0,0.0,0.0,0.0
greedy,9000056,156,289.0,northern_pioneer,0,Wait,0,Wait,0,215,215,0,,0,0,0.0,0.0,0.0
greedy,9000056,157,290.0,northern_pathfinder,0,Wait,0,Wait,0,215,215,0,,0,0,0.0,0.0,0.0
greedy,9000056,157,290.0,northern_phoenix,0,Wait,0,Wait,0,215,215,0,,0,0,0.0,0.0,0.0
greedy,9000056,157,290.0,northern_pioneer,0,Wait,0,Wait,0,215,215,0,,0,0,0.0,0.0,0.0
greedy,9000056,158,291.0,northern_pathfinder,0,Wait,0,Wait,0,215,215,0,,0,0,0.0,0.0,0.0
greedy,9000056,158,291.0,northern_phoenix,0,Wait,0,Wait,0,215,215,0,,0,0,0.0,0.0,0.0
greedy,9000056,158,291.0,northern_pioneer,0,Wait,0,Wait,0,215,215,0,,0,0,0.0,0.0,0.0
greedy,9000056,159,292.0,northern_pathfinder,0,Wait,0,Wait,0,215,215,0,,0,0,0.0,0.0,0.0
greedy,9000056,159,292.0,northern_phoenix,0,Wait,0,Wait,0,215,215,0,,0,0,0.0,0.0,0.0
greedy,9000056,159,292.0,northern_pioneer,0,Wait,0,Wait,0,215,215,0,,0,0,0.0,0.0,0.0
greedy,9000056,160,293.0,northern_pathfinder,0,Wait,0,Wait,0,215,215,0,,0,0,0.0,0.0,0.0
greedy,9000056,160,293.0,northern_phoenix,0,Wait,0,Wait,0,215,215,0,,0,0,0.0,0.0,0.0
greedy,9000056,160,293.0,northern_pioneer,0,Wait,0,Wait,0,215,215,0,,0,0,0.0,0.0,0.0
greedy,9000056,161,294.0,northern_pathfinder,0,Wait,0,Wait,0,215,215,0,,0,0,0.0,0.0,0.0
greedy,9000056,161,294.0,northern_phoenix,0,Wait,0,Wait,0,215,215,0,,0,0,0.0,0.0,0.0
greedy,9000056,161,294.0,northern_pioneer,0,Wait,0,Wait,0,215,215,0,,0,0,0.0,0.0,0.0
greedy,9000056,162,295.0,northern_pathfinder,0,Wait,0,Wait,0,215,215,0,,0,0,0.0,0.0,0.0
greedy,9000056,162,295.0,northern_phoenix,0,Wait,0,Wait,0,215,215,0,,0,0,0.0,0.0,0.0
greedy,9000056,162,295.0,northern_pioneer,0,Wait,0,Wait,0,215,215,0,,0,0,0.0,0.0,0.0
greedy,9000056,163,296.0,northern_pathfinder,0,Wait,0,Wait,0,215,215,0,,0,0,0.0,0.0,0.0
greedy,9000056,163,296.0,northern_phoenix,0,Wait,0,Wait,0,215,215,0,,0,0,0.0,0.0,0.0
greedy,9000056,163,296.0,northern_pioneer,0,Wait,0,Wait,0,215,215,0,,0,0,0.0,0.0,0.0
greedy,9000056,164,297.0,northern_pathfinder,0,Wait,0,Wait,0,215,215,0,,0,0,0.0,0.0,0.0
greedy,9000056,164,297.0,northern_phoenix,0,Wait,0,Wait,0,215,215,0,,0,0,0.0,0.0,0.0
greedy,9000056,164,297.0,northern_pioneer,0,Wait,0,Wait,0,215,215,0,,0,0,0.0,0.0,0.0
greedy,9000056,165,298.0,northern_pathfinder,0,Wait,0,Wait,0,215,215,0,,0,0,0.0,0.0,0.0
greedy,9000056,165,298.0,northern_phoenix,0,Wait,0,Wait,0,215,215,0,,0,0,0.0,0.0,0.0
greedy,9000056,165,298.0,northern_pioneer,0,Wait,0,Wait,0,215,215,0,,0,0,0.0,0.0,0.0
greedy,9000056,166,299.0,northern_pathfinder,0,Wait,0,Wait,0,215,215,0,,0,0,0.0,0.0,0.0
greedy,9000056,166,299.0,northern_phoenix,0,Wait,0,Wait,0,215,215,0,,0,0,0.0,0.0,0.0
greedy,9000056,166,299.0,northern_pioneer,0,Wait,0,Wait,0,215,215,0,,0,0,0.0,0.0,0.0
greedy,9000056,167,300.0,northern_pathfinder,0,Wait,0,Wait,0,215,215,0,,0,0,0.0,0.0,0.0
greedy,9000056,167,300.0,northern_phoenix,0,Wait,0,Wait,0,215,215,0,,0,0,0.0,0.0,0.0
greedy,9000056,167,300.0,northern_pioneer,0,Wait,0,Wait,0,215,215,0,,0,0,0.0,0.0,0.0
greedy,9000056,168,301.0,northern_pathfinder,0,Wait,0,Wait,0,215,215,0,,0,0,0.0,0.0,0.0
greedy,9000056,168,301.0,northern_phoenix,0,Wait,0,Wait,0,215,215,0,,0,0,0.0,0.0,0.0
greedy,9000056,168,301.0,northern_pioneer,0,Wait,0,Wait,0,215,215,0,,0,0,0.0,0.0,0.0
greedy,9000056,169,302.0,northern_pathfinder,0,Wait,0,Wait,0,215,215,0,,0,0,0.0,0.0,0.0
greedy,9000056,169,302.0,northern_phoenix,0,Wait,0,Wait,0,215,215,0,,0,0,0.0,0.0,0.0
greedy,9000056,169,302.0,northern_pioneer,0,Wait,0,Wait,0,215,215,0,,0,0,0.0,0.0,0.0
greedy,9000056,170,303.0,northern_pathfinder,0,Wait,0,Wait,0,215,215,0,,0,0,0.0,0.0,0.0
greedy,9000056,170,303.0,northern_phoenix,0,Wait,0,Wait,0,215,215,0,,0,0,0.0,0.0,0.0
greedy,9000056,170,303.0,northern_pioneer,0,Wait,0,Wait,0,215,215,0,,0,0,0.0,0.0,0.0
greedy,9000056,171,304.0,northern_pathfinder,0,Wait,0,Wait,0,215,215,0,,0,0,0.0,0.0,0.0
greedy,9000056,171,304.0,northern_phoenix,0,Wait,0,Wait,0,215,215,0,,0,0,0.0,0.0,0.0
greedy,9000056,171,304.0,northern_pioneer,0,Wait,0,Wait,0,215,215,0,,0,0,0.0,0.0,0.0
greedy,9000056,172,305.0,northern_pathfinder,1,Terminal,1,Terminal,0,215,215,0,,0,0,0.0,0.0,0.0
greedy,9000056,172,305.0,northern_phoenix,0,Wait,0,Wait,0,215,215,0,,0,0,0.0,0.0,0.0
greedy,9000056,172,305.0,northern_pioneer,0,Wait,0,Wait,0,215,215,0,,0,0,0.0,0.0,0.0
greedy,9000056,173,306.0,northern_pathfinder,0,Wait,0,Wait,0,215,215,0,,0,0,0.0,0.0,0.0
greedy,9000056,173,306.0,northern_phoenix,0,Wait,0,Wait,0,215,215,0,,0,0,0.0,0.0,0.0
greedy,9000056,173,306.0,northern_pioneer,0,Wait,0,Wait,0,215,215,0,,0,0,0.0,0.0,0.0
greedy,9000056,174,307.0,northern_pathfinder,0,Wait,0,Wait,0,215,215,0,,0,0,0.0,0.0,0.0
greedy,9000056,174,307.0,northern_phoenix,0,Wait,0,Wait,0,215,215,0,,0,0,0.0,0.0,0.0
greedy,9000056,174,307.0,northern_pioneer,0,Wait,0,Wait,0,215,215,0,,0,0,0.0,0.0,0.0
greedy,9000056,175,308.0,northern_pathfinder,0,Wait,0,Wait,0,215,215,0,,0,0,0.0,0.0,0.0
greedy,9000056,175,308.0,northern_phoenix,0,Wait,0,Wait,0,215,215,0,,0,0,0.0,0.0,0.0
greedy,9000056,175,308.0,northern_pioneer,0,Wait,0,Wait,0,215,215,0,,0,0,0.0,0.0,0.0
greedy,9000056,176,309.0,northern_pathfinder,0,Wait,0,Wait,0,215,215,0,,0,0,0.0,0.0,0.0
greedy,9000056,176,309.0,northern_phoenix,0,Wait,0,Wait,0,215,215,0,,0,0,0.0,0.0,0.0
greedy,9000056,176,309.0,northern_pioneer,0,Wait,0,Wait,0,215,215,0,,0,0,0.0,0.0,0.0
greedy,9000056,177,310.0,northern_pathfinder,0,Wait,0,Wait,0,215,215,0,,0,0,0.0,0.0,0.0
greedy,9000056,177,310.0,northern_phoenix,3,Celsio,3,Celsio,0,215,215,0,,0,0,0.0,0.0,0.0
greedy,9000056,177,310.0,northern_pioneer,0,Wait,0,Wait,0,215,215,0,,0,0,0.0,0.0,0.0
greedy,9000056,178,311.0,northern_pathfinder,0,Wait,0,Wait,0,215,215,0,,0,0,0.0,0.0,0.0
greedy,9000056,178,311.0,northern_phoenix,0,Wait,0,Wait,0,215,215,0,,0,0,0.0,0.0,0.0
greedy,9000056,178,311.0,northern_pioneer,0,Wait,0,Wait,0,215,215,0,,0,0,0.0,0.0,0.0
greedy,9000056,179,312.0,northern_pathfinder,0,Wait,0,Wait,0,215,215,0,,0,0,0.0,0.0,0.0
greedy,9000056,179,312.0,northern_phoenix,0,Wait,0,Wait,0,215,215,0,,0,0,0.0,0.0,0.0
greedy,9000056,179,312.0,northern_pioneer,0,Wait,0,Wait,0,215,215,0,,0,0,0.0,0.0,0.0
greedy,9000056,180,313.0,northern_pathfinder,0,Wait,0,Wait,0,215,215,0,,0,0,0.0,0.0,0.0
greedy,9000056,180,313.0,northern_phoenix,0,Wait,0,Wait,0,215,215,0,,0,0,0.0,0.0,0.0
greedy,9000056,180,313.0,northern_pioneer,0,Wait,0,Wait,0,215,215,0,,0,0,0.0,0.0,0.0
greedy,9000056,181,314.0,northern_pathfinder,0,Wait,0,Wait,0,215,215,0,,0,0,0.0,0.0,0.0
greedy,9000056,181,314.0,northern_phoenix,0,Wait,0,Wait,0,215,215,0,,0,0,0.0,0.0,0.0
greedy,9000056,181,314.0,northern_pioneer,0,Wait,0,Wait,0,215,215,0,,0,0,0.0,0.0,0.0
greedy,9000056,182,315.0,northern_pathfinder,0,Wait,0,Wait,0,215,215,0,,0,0,0.0,0.0,0.0
greedy,9000056,182,315.0,northern_phoenix,0,Wait,0,Wait,0,215,215,0,,0,0,0.0,0.0,0.0
greedy,9000056,182,315.0,northern_pioneer,0,Wait,0,Wait,0,215,215,0,,0,0,0.0,0.0,0.0
greedy,9000056,183,316.0,northern_pathfinder,0,Wait,0,Wait,0,215,215,0,,0,0,0.0,0.0,0.0
greedy,9000056,183,316.0,northern_phoenix,0,Wait,0,Wait,0,215,215,0,,0,0,0.0,0.0,0.0
greedy,9000056,183,316.0,northern_pioneer,0,Wait,0,Wait,0,215,215,0,,0,0,0.0,0.0,0.0
greedy,9000056,184,317.0,northern_pathfinder,0,Wait,0,Wait,0,215,215,0,,0,0,0.0,0.0,0.0
greedy,9000056,184,317.0,northern_phoenix,0,Wait,0,Wait,0,215,215,0,,0,0,0.0,0.0,0.0
greedy,9000056,184,317.0,northern_pioneer,0,Wait,0,Wait,0,215,215,0,,0,0,0.0,0.0,0.0
greedy,9000056,185,318.0,northern_pathfinder,0,Wait,0,Wait,0,215,215,0,,0,0,0.0,0.0,0.0
greedy,9000056,185,318.0,northern_phoenix,0,Wait,0,Wait,0,215,215,0,,0,0,0.0,0.0,0.0
greedy,9000056,185,318.0,northern_pioneer,0,Wait,0,Wait,0,215,215,0,,0,0,0.0,0.0,0.0
greedy,9000056,186,319.0,northern_pathfinder,0,Wait,0,Wait,0,215,215,0,,0,0,0.0,0.0,0.0
greedy,9000056,186,319.0,northern_phoenix,0,Wait,0,Wait,0,215,215,0,,0,0,0.0,0.0,0.0
greedy,9000056,186,319.0,northern_pioneer,0,Wait,0,Wait,0,215,215,0,,0,0,0.0,0.0,0.0
greedy,9000056,187,320.0,northern_pathfinder,0,Wait,0,Wait,0,215,215,0,,0,0,0.0,0.0,0.0
greedy,9000056,187,320.0,northern_phoenix,0,Wait,0,Wait,0,215,215,0,,0,0,0.0,0.0,0.0
greedy,9000056,187,320.0,northern_pioneer,0,Wait,0,Wait,0,215,215,0,,0,0,0.0,0.0,0.0
greedy,9000056,188,321.0,northern_pathfinder,0,Wait,0,Wait,0,215,215,0,,0,0,0.0,0.0,0.0
greedy,9000056,188,321.0,northern_phoenix,0,Wait,0,Wait,0,215,215,0,,0,0,0.0,0.0,0.0
greedy,9000056,188,321.0,northern_pioneer,0,Wait,0,Wait,0,215,215,0,,0,0,0.0,0.0,0.0
greedy,9000056,189,322.0,northern_pathfinder,0,Wait,0,Wait,0,215,215,0,,0,0,0.0,0.0,0.0
greedy,9000056,189,322.0,northern_phoenix,0,Wait,0,Wait,0,215,215,0,,0,0,0.0,0.0,0.0
greedy,9000056,189,322.0,northern_pioneer,0,Wait,0,Wait,0,215,215,0,,0,0,0.0,0.0,0.0
greedy,9000056,190,323.0,northern_pathfinder,0,Wait,0,Wait,0,215,215,0,,0,0,0.0,0.0,0.0
greedy,9000056,190,323.0,northern_phoenix,0,Wait,0,Wait,0,215,215,0,,0,0,0.0,0.0,0.0
greedy,9000056,190,323.0,northern_pioneer,0,Wait,0,Wait,0,215,215,0,,0,0,0.0,0.0,0.0
greedy,9000056,191,324.0,northern_pathfinder,0,Wait,0,Wait,0,215,215,0,,0,0,0.0,0.0,0.0
greedy,9000056,191,324.0,northern_phoenix,0,Wait,0,Wait,0,215,215,0,,0,0,0.0,0.0,0.0
greedy,9000056,191,324.0,northern_pioneer,0,Wait,0,Wait,0,215,215,0,,0,0,0.0,0.0,0.0
greedy,9000056,192,325.0,northern_pathfinder,0,Wait,0,Wait,0,215,215,0,,0,0,0.0,0.0,0.0
greedy,9000056,192,325.0,northern_phoenix,0,Wait,0,Wait,0,215,215,0,,0,0,0.0,0.0,0.0
greedy,9000056,192,325.0,northern_pioneer,0,Wait,0,Wait,0,215,215,0,,0,0,0.0,0.0,0.0
greedy,9000056,193,326.0,northern_pathfinder,0,Wait,0,Wait,0,215,215,0,,0,0,0.0,0.0,0.0
greedy,9000056,193,326.0,northern_phoenix,0,Wait,0,Wait,0,215,215,0,,0,0,0.0,0.0,0.0
greedy,9000056,193,326.0,northern_pioneer,0,Wait,0,Wait,0,215,215,0,,0,0,0.0,0.0,0.0
greedy,9000056,194,327.0,northern_pathfinder,0,Wait,0,Wait,0,215,215,0,,0,0,0.0,0.0,0.0
greedy,9000056,194,327.0,northern_phoenix,0,Wait,0,Wait,0,215,215,0,,0,0,0.0,0.0,0.0
greedy,9000056,194,327.0,northern_pioneer,0,Wait,0,Wait,0,215,215,0,,0,0,0.0,0.0,0.0
greedy,9000056,195,328.0,northern_pathfinder,0,Wait,0,Wait,0,215,215,0,,0,0,0.0,0.0,0.0
greedy,9000056,195,328.0,northern_phoenix,0,Wait,0,Wait,0,215,215,0,,0,0,0.0,0.0,0.0
greedy,9000056,195,328.0,northern_pioneer,0,Wait,0,Wait,0,215,215,0,,0,0,0.0,0.0,0.0
greedy,9000056,196,329.0,northern_pathfinder,0,Wait,0,Wait,0,215,215,0,,0,0,0.0,0.0,0.0
greedy,9000056,196,329.0,northern_phoenix,0,Wait,0,Wait,0,215,215,0,,0,0,0.0,0.0,0.0
greedy,9000056,196,329.0,northern_pioneer,0,Wait,0,Wait,0,215,215,0,,0,0,0.0,0.0,0.0
greedy,9000056,197,330.0,northern_pathfinder,0,Wait,0,Wait,0,215,215,0,,0,0,0.0,0.0,0.0
greedy,9000056,197,330.0,northern_phoenix,0,Wait,0,Wait,0,215,215,0,,0,0,0.0,0.0,0.0
greedy,9000056,197,330.0,northern_pioneer,0,Wait,0,Wait,0,215,215,0,,0,0,0.0,0.0,0.0
greedy,9000056,198,331.0,northern_pathfinder,0,Wait,0,Wait,0,215,215,0,,0,0,0.0,0.0,0.0
greedy,9000056,198,331.0,northern_phoenix,0,Wait,0,Wait,0,215,215,0,,0,0,0.0,0.0,0.0
greedy,9000056,198,331.0,northern_pioneer,0,Wait,0,Wait,0,215,215,0,,0,0,0.0,0.0,0.0
greedy,9000056,199,332.0,northern_pathfinder,0,Wait,0,Wait,0,215,215,0,,0,0,0.0,0.0,0.0
greedy,9000056,199,332.0,northern_phoenix,0,Wait,0,Wait,0,215,215,0,,0,0,0.0,0.0,0.0
greedy,9000056,199,332.0,northern_pioneer,0,Wait,0,Wait,0,215,215,0,,0,0,0.0,0.0,0.0
greedy,9000056,200,333.0,northern_pathfinder,0,Wait,0,Wait,0,215,215,0,,0,0,0.0,0.0,0.0
greedy,9000056,200,333.0,northern_phoenix,0,Wait,0,Wait,0,215,215,0,,0,0,0.0,0.0,0.0
greedy,9000056,200,333.0,northern_pioneer,0,Wait,0,Wait,0,215,215,0,,0,0,0.0,0.0,0.0
greedy,9000056,201,334.0,northern_pathfinder,0,Wait,0,Wait,0,215,215,0,,0,0,0.0,0.0,0.0
greedy,9000056,201,334.0,northern_phoenix,0,Wait,0,Wait,0,215,215,0,,0,0,0.0,0.0,0.0
greedy,9000056,201,334.0,northern_pioneer,0,Wait,0,Wait,0,215,215,0,,0,0,0.0,0.0,0.0
greedy,9000056,202,335.0,northern_pathfinder,0,Wait,0,Wait,0,215,215,0,,0,0,0.0,0.0,0.0
greedy,9000056,202,335.0,northern_phoenix,0,Wait,0,Wait,0,215,215,0,,0,0,0.0,0.0,0.0
greedy,9000056,202,335.0,northern_pioneer,0,Wait,0,Wait,0,215,215,0,,0,0,0.0,0.0,0.0
greedy,9000056,203,336.0,northern_pathfinder,0,Wait,0,Wait,0,215,215,0,,0,0,0.0,0.0,0.0
greedy,9000056,203,336.0,northern_phoenix,0,Wait,0,Wait,0,215,215,0,,0,0,0.0,0.0,0.0
greedy,9000056,203,336.0,northern_pioneer,0,Wait,0,Wait,0,215,215,0,,0,0,0.0,0.0,0.0
greedy,9000056,204,337.0,northern_pathfinder,0,Wait,0,Wait,0,215,215,0,,0,0,0.0,0.0,0.0
greedy,9000056,204,337.0,northern_phoenix,0,Wait,0,Wait,0,215,215,0,,0,0,0.0,0.0,0.0
greedy,9000056,204,337.0,northern_pioneer,0,Wait,0,Wait,0,215,215,0,,0,0,0.0,0.0,0.0
greedy,9000056,205,338.0,northern_pathfinder,0,Wait,0,Wait,0,215,215,0,,0,0,0.0,0.0,0.0
greedy,9000056,205,338.0,northern_phoenix,0,Wait,0,Wait,0,215,215,0,,0,0,0.0,0.0,0.0
greedy,9000056,205,338.0,northern_pioneer,0,Wait,0,Wait,0,215,215,0,,0,0,0.0,0.0,0.0
greedy,9000056,206,339.0,northern_pathfinder,0,Wait,0,Wait,0,215,215,0,,0,0,0.0,0.0,0.0
greedy,9000056,206,339.0,northern_phoenix,0,Wait,0,Wait,0,215,215,0,,0,0,0.0,0.0,0.0
greedy,9000056,206,339.0,northern_pioneer,0,Wait,0,Wait,0,215,215,0,,0,0,0.0,0.0,0.0
greedy,9000056,207,340.0,northern_pathfinder,0,Wait,0,Wait,0,215,215,0,,0,0,0.0,0.0,0.0
greedy,9000056,207,340.0,northern_phoenix,0,Wait,0,Wait,0,215,215,0,,0,0,0.0,0.0,0.0
greedy,9000056,207,340.0,northern_pioneer,0,Wait,0,Wait,0,215,215,0,,0,0,0.0,0.0,0.0
greedy,9000056,208,341.0,northern_pathfinder,0,Wait,0,Wait,0,215,215,0,,0,0,0.0,0.0,0.0
greedy,9000056,208,341.0,northern_phoenix,0,Wait,0,Wait,0,215,215,0,,0,0,0.0,0.0,0.0
greedy,9000056,208,341.0,northern_pioneer,0,Wait,0,Wait,0,215,215,0,,0,0,0.0,0.0,0.0
greedy,9000056,209,342.0,northern_pathfinder,0,Wait,0,Wait,0,215,215,0,,0,0,0.0,0.0,0.0
greedy,9000056,209,342.0,northern_phoenix,0,Wait,0,Wait,0,215,215,0,,0,0,0.0,0.0,0.0
greedy,9000056,209,342.0,northern_pioneer,0,Wait,0,Wait,0,215,215,0,,0,0,0.0,0.0,0.0
greedy,9000056,210,343.0,northern_pathfinder,0,Wait,0,Wait,0,215,215,0,,0,0,0.0,0.0,0.0
greedy,9000056,210,343.0,northern_phoenix,0,Wait,0,Wait,0,215,215,0,,0,0,0.0,0.0,0.0
greedy,9000056,210,343.0,northern_pioneer,0,Wait,0,Wait,0,215,215,0,,0,0,0.0,0.0,0.0
greedy,9000056,211,344.0,northern_pathfinder,0,Wait,0,Wait,0,215,215,0,,0,0,0.0,0.0,0.0
greedy,9000056,211,344.0,northern_phoenix,0,Wait,0,Wait,0,215,215,0,,0,0,0.0,0.0,0.0
greedy,9000056,211,344.0,northern_pioneer,0,Wait,0,Wait,0,215,215,0,,0,0,0.0,0.0,0.0
greedy,9000056,212,345.0,northern_pathfinder,0,Wait,0,Wait,0,215,215,0,,0,0,0.0,0.0,0.0
greedy,9000056,212,345.0,northern_phoenix,0,Wait,0,Wait,0,215,215,0,,0,0,0.0,0.0,0.0
greedy,9000056,212,345.0,northern_pioneer,0,Wait,0,Wait,0,215,215,0,,0,0,0.0,0.0,0.0
greedy,9000056,213,346.0,northern_pathfinder,0,Wait,0,Wait,0,215,215,0,,0,0,0.0,0.0,0.0
greedy,9000056,213,346.0,northern_phoenix,0,Wait,0,Wait,0,215,215,0,,0,0,0.0,0.0,0.0
greedy,9000056,213,346.0,northern_pioneer,0,Wait,0,Wait,0,215,215,0,,0,0,0.0,0.0,0.0
greedy,9000056,214,347.0,northern_pathfinder,0,Wait,0,Wait,0,215,215,0,,0,0,0.0,0.0,0.0
greedy,9000056,214,347.0,northern_phoenix,0,Wait,0,Wait,0,215,215,0,,0,0,0.0,0.0,0.0
greedy,9000056,214,347.0,northern_pioneer,0,Wait,0,Wait,0,215,215,0,,0,0,0.0,0.0,0.0
greedy,9000056,215,348.0,northern_pathfinder,0,Wait,0,Wait,0,215,215,0,,0,0,0.0,0.0,0.0
greedy,9000056,215,348.0,northern_phoenix,0,Wait,0,Wait,0,215,215,0,,0,0,0.0,0.0,0.0
greedy,9000056,215,348.0,northern_pioneer,0,Wait,0,Wait,0,215,215,0,,0,0,0.0,0.0,0.0
greedy,9000056,216,349.0,northern_pathfinder,0,Wait,0,Wait,0,215,215,0,,0,0,0.0,0.0,0.0
greedy,9000056,216,349.0,northern_phoenix,0,Wait,0,Wait,0,215,215,0,,0,0,0.0,0.0,0.0
greedy,9000056,216,349.0,northern_pioneer,0,Wait,0,Wait,0,215,215,0,,0,0,0.0,0.0,0.0
greedy,9000056,217,350.0,northern_pathfinder,0,Wait,0,Wait,0,215,215,0,,0,0,0.0,0.0,0.0
greedy,9000056,217,350.0,northern_phoenix,0,Wait,0,Wait,0,215,215,0,,0,0,0.0,0.0,0.0
greedy,9000056,217,350.0,northern_pioneer,0,Wait,0,Wait,0,215,215,0,,0,0,0.0,0.0,0.0
greedy,9000056,218,351.0,northern_pathfinder,0,Wait,0,Wait,0,215,215,0,,0,0,0.0,0.0,0.0
greedy,9000056,218,351.0,northern_phoenix,0,Wait,0,Wait,0,215,215,0,,0,0,0.0,0.0,0.0
greedy,9000056,218,351.0,northern_pioneer,0,Wait,0,Wait,0,215,215,0,,0,0,0.0,0.0,0.0
greedy,9000056,219,352.0,northern_pathfinder,0,Wait,0,Wait,0,215,215,0,,0,0,0.0,0.0,0.0
greedy,9000056,219,352.0,northern_phoenix,0,Wait,0,Wait,0,215,215,0,,0,0,0.0,0.0,0.0
greedy,9000056,219,352.0,northern_pioneer,0,Wait,0,Wait,0,215,215,0,,0,0,0.0,0.0,0.0
greedy,9000056,220,353.0,northern_pathfinder,0,Wait,0,Wait,0,215,215,0,,0,0,0.0,0.0,0.0
greedy,9000056,220,353.0,northern_phoenix,1,Terminal,1,Terminal,0,215,215,0,,0,0,0.0,0.0,0.0
greedy,9000056,220,353.0,northern_pioneer,0,Wait,0,Wait,0,215,215,0,,0,0,0.0,0.0,0.0
greedy,9000056,221,354.0,northern_pathfinder,0,Wait,0,Wait,0,215,215,0,,0,0,0.0,0.0,0.0
greedy,9000056,221,354.0,northern_phoenix,0,Wait,0,Wait,0,215,215,0,,0,0,0.0,0.0,0.0
greedy,9000056,221,354.0,northern_pioneer,0,Wait,0,Wait,0,215,215,0,,0,0,0.0,0.0,0.0
greedy,9000056,222,355.0,northern_pathfinder,0,Wait,0,Wait,0,215,215,0,,0,0,0.0,0.0,0.0
greedy,9000056,222,355.0,northern_phoenix,0,Wait,0,Wait,0,215,215,0,,0,0,0.0,0.0,0.0
greedy,9000056,222,355.0,northern_pioneer,0,Wait,0,Wait,0,215,215,0,,0,0,0.0,0.0,0.0
greedy,9000056,223,356.0,northern_pathfinder,0,Wait,0,Wait,0,215,215,0,,0,0,0.0,0.0,0.0
greedy,9000056,223,356.0,northern_phoenix,0,Wait,0,Wait,0,215,215,0,,0,0,0.0,0.0,0.0
greedy,9000056,223,356.0,northern_pioneer,0,Wait,0,Wait,0,215,215,0,,0,0,0.0,0.0,0.0
greedy,9000056,224,357.0,northern_pathfinder,0,Wait,0,Wait,0,215,215,0,,0,0,0.0,0.0,0.0
greedy,9000056,224,357.0,northern_phoenix,0,Wait,0,Wait,0,215,215,0,,0,0,0.0,0.0,0.0
greedy,9000056,224,357.0,northern_pioneer,0,Wait,0,Wait,0,215,215,0,,0,0,0.0,0.0,0.0
greedy,9000056,225,358.0,northern_pathfinder,0,Wait,0,Wait,0,215,215,0,,0,0,0.0,0.0,0.0
greedy,9000056,225,358.0,northern_phoenix,0,Wait,0,Wait,0,215,215,0,,0,0,0.0,0.0,0.0
greedy,9000056,225,358.0,northern_pioneer,0,Wait,0,Wait,0,215,215,0,,0,0,0.0,0.0,0.0
greedy,9000056,226,359.0,northern_pathfinder,0,Wait,0,Wait,0,215,215,0,,0,0,0.0,0.0,0.0
greedy,9000056,226,359.0,northern_phoenix,0,Wait,0,Wait,0,215,215,0,,0,0,0.0,0.0,0.0
greedy,9000056,226,359.0,northern_pioneer,0,Wait,0,Wait,0,215,215,0,,0,0,0.0,0.0,0.0
greedy,9000056,227,360.0,northern_pathfinder,0,Wait,0,Wait,0,215,215,0,,0,0,0.0,0.0,0.0
greedy,9000056,227,360.0,northern_phoenix,0,Wait,0,Wait,0,215,215,0,,0,0,0.0,0.0,0.0
greedy,9000056,227,360.0,northern_pioneer,1,Terminal,1,Terminal,0,215,215,0,,0,0,0.0,0.0,0.0
greedy,9000056,228,361.0,northern_pathfinder,2,Brevik,2,Brevik,0,215,215,0,,0,0,0.0,0.0,0.0
greedy,9000056,228,361.0,northern_phoenix,0,Wait,0,Wait,0,215,215,0,,0,0,0.0,0.0,0.0
greedy,9000056,228,361.0,northern_pioneer,0,Wait,0,Wait,0,215,215,0,,0,0,0.0,0.0,0.0
greedy,9000056,229,389.0,northern_pathfinder,0,Wait,0,Wait,0,215,215,0,,0,0,0.0,0.0,0.0
greedy,9000056,229,389.0,northern_phoenix,0,Wait,0,Wait,0,215,215,0,,0,0,0.0,0.0,0.0
greedy,9000056,229,389.0,northern_pioneer,0,Wait,0,Wait,0,215,215,0,,0,0,0.0,0.0,0.0
greedy,9000056,230,390.0,northern_pathfinder,0,Wait,0,Wait,0,215,215,0,,0,0,0.0,0.0,0.0
greedy,9000056,230,390.0,northern_phoenix,0,Wait,0,Wait,0,215,215,0,,0,0,0.0,0.0,0.0
greedy,9000056,230,390.0,northern_pioneer,0,Wait,0,Wait,0,215,215,0,,0,0,0.0,0.0,0.0
greedy,9000056,231,391.0,northern_pathfinder,0,Wait,0,Wait,0,215,215,0,,0,0,0.0,0.0,0.0
greedy,9000056,231,391.0,northern_phoenix,0,Wait,0,Wait,0,215,215,0,,0,0,0.0,0.0,0.0
greedy,9000056,231,391.0,northern_pioneer,0,Wait,0,Wait,0,215,215,0,,0,0,0.0,0.0,0.0
greedy,9000056,232,392.0,northern_pathfinder,0,Wait,0,Wait,0,215,215,0,,0,0,0.0,0.0,0.0
greedy,9000056,232,392.0,northern_phoenix,0,Wait,0,Wait,0,215,215,0,,0,0,0.0,0.0,0.0
greedy,9000056,232,392.0,northern_pioneer,0,Wait,0,Wait,0,215,215,0,,0,0,0.0,0.0,0.0
greedy,9000056,233,393.0,northern_pathfinder,0,Wait,0,Wait,0,215,215,0,,0,0,0.0,0.0,0.0
greedy,9000056,233,393.0,northern_phoenix,0,Wait,0,Wait,0,215,215,0,,0,0,0.0,0.0,0.0
greedy,9000056,233,393.0,northern_pioneer,0,Wait,0,Wait,0,215,215,0,,0,0,0.0,0.0,0.0
greedy,9000056,234,394.0,northern_pathfinder,0,Wait,0,Wait,0,215,215,0,,0,0,0.0,0.0,0.0
greedy,9000056,234,394.0,northern_phoenix,0,Wait,0,Wait,0,215,215,0,,0,0,0.0,0.0,0.0
greedy,9000056,234,394.0,northern_pioneer,0,Wait,0,Wait,0,215,215,0,,0,0,0.0,0.0,0.0
greedy,9000056,235,395.0,northern_pathfinder,0,Wait,0,Wait,0,215,215,0,,0,0,0.0,0.0,0.0
greedy,9000056,235,395.0,northern_phoenix,0,Wait,0,Wait,0,215,215,0,,0,0,0.0,0.0,0.0
greedy,9000056,235,395.0,northern_pioneer,0,Wait,0,Wait,0,215,215,0,,0,0,0.0,0.0,0.0
greedy,9000056,236,396.0,northern_pathfinder,0,Wait,0,Wait,0,215,215,0,,0,0,0.0,0.0,0.0
greedy,9000056,236,396.0,northern_phoenix,4,Yara Sluiskil,4,Yara Sluiskil,0,215,215,0,,0,0,0.0,0.0,0.0
greedy,9000056,236,396.0,northern_pioneer,0,Wait,0,Wait,0,215,215,0,,0,0,0.0,0.0,0.0
greedy,9000056,237,397.0,northern_pathfinder,0,Wait,0,Wait,0,215,215,0,,0,0,0.0,0.0,0.0
greedy,9000056,237,397.0,northern_phoenix,0,Wait,0,Wait,0,215,215,0,,0,0,0.0,0.0,0.0
greedy,9000056,237,397.0,northern_pioneer,0,Wait,0,Wait,0,215,215,0,,0,0,0.0,0.0,0.0
greedy,9000056,238,398.0,northern_pathfinder,0,Wait,0,Wait,0,215,215,0,,0,0,0.0,0.0,0.0
greedy,9000056,238,398.0,northern_phoenix,0,Wait,0,Wait,0,215,215,0,,0,0,0.0,0.0,0.0
greedy,9000056,238,398.0,northern_pioneer,0,Wait,0,Wait,0,215,215,0,,0,0,0.0,0.0,0.0
greedy,9000056,239,399.0,northern_pathfinder,1,Terminal,1,Terminal,0,215,215,0,,0,0,0.0,0.0,0.0
greedy,9000056,239,399.0,northern_phoenix,0,Wait,0,Wait,0,215,215,0,,0,0,0.0,0.0,0.0
greedy,9000056,239,399.0,northern_pioneer,0,Wait,0,Wait,0,215,215,0,,0,0,0.0,0.0,0.0
greedy,9000056,240,416.0,northern_pathfinder,0,Wait,0,Wait,0,215,215,0,,0,0,0.0,0.0,0.0
greedy,9000056,240,416.0,northern_phoenix,0,Wait,0,Wait,0,215,215,0,,0,0,0.0,0.0,0.0
greedy,9000056,240,416.0,northern_pioneer,4,Yara Sluiskil,4,Yara Sluiskil,0,215,215,0,,0,0,0.0,0.0,0.0
greedy,9000056,241,440.0,northern_pathfinder,0,Wait,0,Wait,0,215,215,0,,0,0,0.0,0.0,0.0
greedy,9000056,241,440.0,northern_phoenix,0,Wait,0,Wait,0,215,215,0,,0,0,0.0,0.0,0.0
greedy,9000056,241,440.0,northern_pioneer,0,Wait,0,Wait,0,215,215,0,,0,0,0.0,0.0,0.0
greedy,9000056,242,441.0,northern_pathfinder,4,Yara Sluiskil,4,Yara Sluiskil,0,215,215,0,,0,0,0.0,0.0,0.0
greedy,9000056,242,441.0,northern_phoenix,0,Wait,0,Wait,0,215,215,0,,0,0,0.0,0.0,0.0
greedy,9000056,242,441.0,northern_pioneer,0,Wait,0,Wait,0,215,215,0,,0,0,0.0,0.0,0.0
greedy,9000056,243,442.0,northern_pathfinder,0,Wait,0,Wait,0,215,215,0,,0,0,0.0,0.0,0.0
greedy,9000056,243,442.0,northern_phoenix,0,Wait,0,Wait,0,215,215,0,,0,0,0.0,0.0,0.0
greedy,9000056,243,442.0,northern_pioneer,0,Wait,0,Wait,0,215,215,0,,0,0,0.0,0.0,0.0
greedy,9000056,244,443.0,northern_pathfinder,0,Wait,0,Wait,0,215,215,0,,0,0,0.0,0.0,0.0
greedy,9000056,244,443.0,northern_phoenix,0,Wait,0,Wait,0,215,215,0,,0,0,0.0,0.0,0.0
greedy,9000056,244,443.0,northern_pioneer,0,Wait,0,Wait,0,215,215,0,,0,0,0.0,0.0,0.0
greedy,9000056,245,444.0,northern_pathfinder,0,Wait,0,Wait,0,215,215,0,,0,0,0.0,0.0,0.0
greedy,9000056,245,444.0,northern_phoenix,0,Wait,0,Wait,0,215,215,0,,0,0,0.0,0.0,0.0
greedy,9000056,245,444.0,northern_pioneer,0,Wait,0,Wait,0,215,215,0,,0,0,0.0,0.0,0.0
greedy,9000056,246,445.0,northern_pathfinder,0,Wait,0,Wait,0,215,215,0,,0,0,0.0,0.0,0.0
greedy,9000056,246,445.0,northern_phoenix,0,Wait,0,Wait,0,215,215,0,,0,0,0.0,0.0,0.0
greedy,9000056,246,445.0,northern_pioneer,0,Wait,0,Wait,0,215,215,0,,0,0,0.0,0.0,0.0
greedy,9000056,247,446.0,northern_pathfinder,0,Wait,0,Wait,0,215,215,0,,0,0,0.0,0.0,0.0
greedy,9000056,247,446.0,northern_phoenix,0,Wait,0,Wait,0,215,215,0,,0,0,0.0,0.0,0.0
greedy,9000056,247,446.0,northern_pioneer,0,Wait,0,Wait,0,215,215,0,,0,0,0.0,0.0,0.0
greedy,9000056,248,447.0,northern_pathfinder,0,Wait,0,Wait,0,215,215,0,,0,0,0.0,0.0,0.0
greedy,9000056,248,447.0,northern_phoenix,0,Wait,0,Wait,0,215,215,0,,0,0,0.0,0.0,0.0
greedy,9000056,248,447.0,northern_pioneer,0,Wait,0,Wait,0,215,215,0,,0,0,0.0,0.0,0.0
greedy,9000056,249,448.0,northern_pathfinder,0,Wait,0,Wait,0,215,215,0,,0,0,0.0,0.0,0.0
greedy,9000056,249,448.0,northern_phoenix,0,Wait,0,Wait,0,215,215,0,,0,0,0.0,0.0,0.0
greedy,9000056,249,448.0,northern_pioneer,0,Wait,0,Wait,0,215,215,0,,0,0,0.0,0.0,0.0
greedy,9000056,250,449.0,northern_pathfinder,0,Wait,0,Wait,0,215,215,0,,0,0,0.0,0.0,0.0
greedy,9000056,250,449.0,northern_phoenix,0,Wait,0,Wait,0,215,215,0,,0,0,0.0,0.0,0.0
greedy,9000056,250,449.0,northern_pioneer,0,Wait,0,Wait,0,215,215,0,,0,0,0.0,0.0,0.0
greedy,9000056,251,450.0,northern_pathfinder,0,Wait,0,Wait,0,215,215,0,,0,0,0.0,0.0,0.0
greedy,9000056,251,450.0,northern_phoenix,1,Terminal,1,Terminal,0,215,215,0,,0,0,0.0,0.0,0.0
greedy,9000056,251,450.0,northern_pioneer,0,Wait,0,Wait,0,215,215,0,,0,0,0.0,0.0,0.0
greedy,9000056,252,476.0,northern_pathfinder,0,Wait,0,Wait,0,215,215,0,,0,0,0.0,0.0,0.0
greedy,9000056,252,476.0,northern_phoenix,0,Wait,0,Wait,0,215,215,0,,0,0,0.0,0.0,0.0
greedy,9000056,252,476.0,northern_pioneer,0,Wait,0,Wait,0,215,215,0,,0,0,0.0,0.0,0.0
greedy,9000056,253,477.0,northern_pathfinder,0,Wait,0,Wait,0,215,215,0,,0,0,0.0,0.0,0.0
greedy,9000056,253,477.0,northern_phoenix,0,Wait,0,Wait,0,215,215,0,,0,0,0.0,0.0,0.0
greedy,9000056,253,477.0,northern_pioneer,0,Wait,0,Wait,0,215,215,0,,0,0,0.0,0.0,0.0
greedy,9000056,254,478.0,northern_pathfinder,0,Wait,0,Wait,0,215,215,0,,0,0,0.0,0.0,0.0
greedy,9000056,254,478.0,northern_phoenix,0,Wait,0,Wait,0,215,215,0,,0,0,0.0,0.0,0.0
greedy,9000056,254,478.0,northern_pioneer,0,Wait,0,Wait,0,215,215,0,,0,0,0.0,0.0,0.0
greedy,9000056,255,479.0,northern_pathfinder,0,Wait,0,Wait,0,215,215,0,,0,0,0.0,0.0,0.0
greedy,9000056,255,479.0,northern_phoenix,0,Wait,0,Wait,0,215,215,0,,0,0,0.0,0.0,0.0
greedy,9000056,255,479.0,northern_pioneer,0,Wait,0,Wait,0,215,215,0,,0,0,0.0,0.0,0.0
greedy,9000056,256,480.0,northern_pathfinder,0,Wait,0,Wait,0,215,215,0,,0,0,0.0,0.0,0.0
greedy,9000056,256,480.0,northern_phoenix,0,Wait,0,Wait,0,215,215,0,,0,0,0.0,0.0,0.0
greedy,9000056,256,480.0,northern_pioneer,0,Wait,0,Wait,0,215,215,0,,0,0,0.0,0.0,0.0
greedy,9000056,257,481.0,northern_pathfinder,0,Wait,0,Wait,0,215,215,0,,0,0,0.0,0.0,0.0
greedy,9000056,257,481.0,northern_phoenix,0,Wait,0,Wait,0,215,215,0,,0,0,0.0,0.0,0.0
greedy,9000056,257,481.0,northern_pioneer,0,Wait,0,Wait,0,215,215,0,,0,0,0.0,0.0,0.0
greedy,9000056,258,482.0,northern_pathfinder,0,Wait,0,Wait,0,215,215,0,,0,0,0.0,0.0,0.0
greedy,9000056,258,482.0,northern_phoenix,0,Wait,0,Wait,0,215,215,0,,0,0,0.0,0.0,0.0
greedy,9000056,258,482.0,northern_pioneer,0,Wait,0,Wait,0,215,215,0,,0,0,0.0,0.0,0.0
greedy,9000056,259,483.0,northern_pathfinder,0,Wait,0,Wait,0,215,215,0,,0,0,0.0,0.0,0.0
greedy,9000056,259,483.0,northern_phoenix,0,Wait,0,Wait,0,215,215,0,,0,0,0.0,0.0,0.0
greedy,9000056,259,483.0,northern_pioneer,0,Wait,0,Wait,0,215,215,0,,0,0,0.0,0.0,0.0
greedy,9000056,260,484.0,northern_pathfinder,0,Wait,0,Wait,0,215,215,0,,0,0,0.0,0.0,0.0
greedy,9000056,260,484.0,northern_phoenix,0,Wait,0,Wait,0,215,215,0,,0,0,0.0,0.0,0.0
greedy,9000056,260,484.0,northern_pioneer,0,Wait,0,Wait,0,215,215,0,,0,0,0.0,0.0,0.0
greedy,9000056,261,485.0,northern_pathfinder,0,Wait,0,Wait,0,215,215,0,,0,0,0.0,0.0,0.0
greedy,9000056,261,485.0,northern_phoenix,0,Wait,0,Wait,0,215,215,0,,0,0,0.0,0.0,0.0
greedy,9000056,261,485.0,northern_pioneer,0,Wait,0,Wait,0,215,215,0,,0,0,0.0,0.0,0.0
greedy,9000056,262,486.0,northern_pathfinder,0,Wait,0,Wait,0,215,215,0,,0,0,0.0,0.0,0.0
greedy,9000056,262,486.0,northern_phoenix,0,Wait,0,Wait,0,215,215,0,,0,0,0.0,0.0,0.0
greedy,9000056,262,486.0,northern_pioneer,0,Wait,0,Wait,0,215,215,0,,0,0,0.0,0.0,0.0
greedy,9000056,263,487.0,northern_pathfinder,0,Wait,0,Wait,0,215,215,0,,0,0,0.0,0.0,0.0
greedy,9000056,263,487.0,northern_phoenix,0,Wait,0,Wait,0,215,215,0,,0,0,0.0,0.0,0.0
greedy,9000056,263,487.0,northern_pioneer,0,Wait,0,Wait,0,215,215,0,,0,0,0.0,0.0,0.0
greedy,9000056,264,488.0,northern_pathfinder,0,Wait,0,Wait,0,215,215,0,,0,0,0.0,0.0,0.0
greedy,9000056,264,488.0,northern_phoenix,0,Wait,0,Wait,0,215,215,0,,0,0,0.0,0.0,0.0
greedy,9000056,264,488.0,northern_pioneer,0,Wait,0,Wait,0,215,215,0,,0,0,0.0,0.0,0.0
greedy,9000056,265,489.0,northern_pathfinder,0,Wait,0,Wait,0,215,215,0,,0,0,0.0,0.0,0.0
greedy,9000056,265,489.0,northern_phoenix,0,Wait,0,Wait,0,215,215,0,,0,0,0.0,0.0,0.0
greedy,9000056,265,489.0,northern_pioneer,0,Wait,0,Wait,0,215,215,0,,0,0,0.0,0.0,0.0
greedy,9000056,266,490.0,northern_pathfinder,0,Wait,0,Wait,0,215,215,0,,0,0,0.0,0.0,0.0
greedy,9000056,266,490.0,northern_phoenix,0,Wait,0,Wait,0,215,215,0,,0,0,0.0,0.0,0.0
greedy,9000056,266,490.0,northern_pioneer,0,Wait,0,Wait,0,215,215,0,,0,0,0.0,0.0,0.0
greedy,9000056,267,491.0,northern_pathfinder,0,Wait,0,Wait,0,215,215,0,,0,0,0.0,0.0,0.0
greedy,9000056,267,491.0,northern_phoenix,0,Wait,0,Wait,0,215,215,0,,0,0,0.0,0.0,0.0
greedy,9000056,267,491.0,northern_pioneer,0,Wait,0,Wait,0,215,215,0,,0,0,0.0,0.0,0.0
greedy,9000056,268,492.0,northern_pathfinder,0,Wait,0,Wait,0,215,215,0,,0,0,0.0,0.0,0.0
greedy,9000056,268,492.0,northern_phoenix,0,Wait,0,Wait,0,215,215,0,,0,0,0.0,0.0,0.0
greedy,9000056,268,492.0,northern_pioneer,0,Wait,0,Wait,0,215,215,0,,0,0,0.0,0.0,0.0
greedy,9000056,269,493.0,northern_pathfinder,0,Wait,0,Wait,0,215,215,0,,0,0,0.0,0.0,0.0
greedy,9000056,269,493.0,northern_phoenix,0,Wait,0,Wait,0,215,215,0,,0,0,0.0,0.0,0.0
greedy,9000056,269,493.0,northern_pioneer,0,Wait,0,Wait,0,215,215,0,,0,0,0.0,0.0,0.0
greedy,9000056,270,494.0,northern_pathfinder,0,Wait,0,Wait,0,215,215,0,,0,0,0.0,0.0,0.0
greedy,9000056,270,494.0,northern_phoenix,0,Wait,0,Wait,0,215,215,0,,0,0,0.0,0.0,0.0
greedy,9000056,270,494.0,northern_pioneer,0,Wait,0,Wait,0,215,215,0,,0,0,0.0,0.0,0.0
greedy,9000056,271,495.0,northern_pathfinder,0,Wait,0,Wait,0,215,215,0,,0,0,0.0,0.0,0.0
greedy,9000056,271,495.0,northern_phoenix,0,Wait,0,Wait,0,215,215,0,,0,0,0.0,0.0,0.0
greedy,9000056,271,495.0,northern_pioneer,0,Wait,0,Wait,0,215,215,0,,0,0,0.0,0.0,0.0
greedy,9000056,272,496.0,northern_pathfinder,0,Wait,0,Wait,0,215,215,0,,0,0,0.0,0.0,0.0
greedy,9000056,272,496.0,northern_phoenix,0,Wait,0,Wait,0,215,215,0,,0,0,0.0,0.0,0.0
greedy,9000056,272,496.0,northern_pioneer,0,Wait,0,Wait,0,215,215,0,,0,0,0.0,0.0,0.0
greedy,9000056,273,497.0,northern_pathfinder,0,Wait,0,Wait,0,215,215,0,,0,0,0.0,0.0,0.0
greedy,9000056,273,497.0,northern_phoenix,0,Wait,0,Wait,0,215,215,0,,0,0,0.0,0.0,0.0
greedy,9000056,273,497.0,northern_pioneer,0,Wait,0,Wait,0,215,215,0,,0,0,0.0,0.0,0.0
greedy,9000056,274,498.0,northern_pathfinder,0,Wait,0,Wait,0,215,215,0,,0,0,0.0,0.0,0.0
greedy,9000056,274,498.0,northern_phoenix,0,Wait,0,Wait,0,215,215,0,,0,0,0.0,0.0,0.0
greedy,9000056,274,498.0,northern_pioneer,0,Wait,0,Wait,0,215,215,0,,0,0,0.0,0.0,0.0
greedy,9000056,275,499.0,northern_pathfinder,0,Wait,0,Wait,0,215,215,0,,0,0,0.0,0.0,0.0
greedy,9000056,275,499.0,northern_phoenix,0,Wait,0,Wait,0,215,215,0,,0,0,0.0,0.0,0.0
greedy,9000056,275,499.0,northern_pioneer,0,Wait,0,Wait,0,215,215,0,,0,0,0.0,0.0,0.0
greedy,9000056,276,500.0,northern_pathfinder,0,Wait,0,Wait,0,215,215,0,,0,0,0.0,0.0,0.0
greedy,9000056,276,500.0,northern_phoenix,0,Wait,0,Wait,0,215,215,0,,0,0,0.0,0.0,0.0
greedy,9000056,276,500.0,northern_pioneer,0,Wait,0,Wait,0,215,215,0,,0,0,0.0,0.0,0.0
greedy,9000056,277,501.0,northern_pathfinder,0,Wait,0,Wait,0,215,215,0,,0,0,0.0,0.0,0.0
greedy,9000056,277,501.0,northern_phoenix,0,Wait,0,Wait,0,215,215,0,,0,0,0.0,0.0,0.0
greedy,9000056,277,501.0,northern_pioneer,0,Wait,0,Wait,0,215,215,0,,0,0,0.0,0.0,0.0
greedy,9000056,278,502.0,northern_pathfinder,0,Wait,0,Wait,0,215,215,0,,0,0,0.0,0.0,0.0
greedy,9000056,278,502.0,northern_phoenix,0,Wait,0,Wait,0,215,215,0,,0,0,0.0,0.0,0.0
greedy,9000056,278,502.0,northern_pioneer,0,Wait,0,Wait,0,215,215,0,,0,0,0.0,0.0,0.0
greedy,9000056,279,503.0,northern_pathfinder,0,Wait,0,Wait,0,215,215,0,,0,0,0.0,0.0,0.0
greedy,9000056,279,503.0,northern_phoenix,0,Wait,0,Wait,0,215,215,0,,0,0,0.0,0.0,0.0
greedy,9000056,279,503.0,northern_pioneer,0,Wait,0,Wait,0,215,215,0,,0,0,0.0,0.0,0.0
greedy,9000056,280,504.0,northern_pathfinder,0,Wait,0,Wait,0,215,215,0,,0,0,0.0,0.0,0.0
greedy,9000056,280,504.0,northern_phoenix,0,Wait,0,Wait,0,215,215,0,,0,0,0.0,0.0,0.0
greedy,9000056,280,504.0,northern_pioneer,0,Wait,0,Wait,0,215,215,0,,0,0,0.0,0.0,0.0
greedy,9000056,281,505.0,northern_pathfinder,0,Wait,0,Wait,0,215,215,0,,0,0,0.0,0.0,0.0
greedy,9000056,281,505.0,northern_phoenix,0,Wait,0,Wait,0,215,215,0,,0,0,0.0,0.0,0.0
greedy,9000056,281,505.0,northern_pioneer,0,Wait,0,Wait,0,215,215,0,,0,0,0.0,0.0,0.0
greedy,9000056,282,506.0,northern_pathfinder,0,Wait,0,Wait,0,215,215,0,,0,0,0.0,0.0,0.0
greedy,9000056,282,506.0,northern_phoenix,0,Wait,0,Wait,0,215,215,0,,0,0,0.0,0.0,0.0
greedy,9000056,282,506.0,northern_pioneer,0,Wait,0,Wait,0,215,215,0,,0,0,0.0,0.0,0.0
greedy,9000056,283,507.0,northern_pathfinder,0,Wait,0,Wait,0,215,215,0,,0,0,0.0,0.0,0.0
greedy,9000056,283,507.0,northern_phoenix,0,Wait,0,Wait,0,215,215,0,,0,0,0.0,0.0,0.0
greedy,9000056,283,507.0,northern_pioneer,0,Wait,0,Wait,0,215,215,0,,0,0,0.0,0.0,0.0
greedy,9000056,284,508.0,northern_pathfinder,0,Wait,0,Wait,0,215,215,0,,0,0,0.0,0.0,0.0
greedy,9000056,284,508.0,northern_phoenix,0,Wait,0,Wait,0,215,215,0,,0,0,0.0,0.0,0.0
greedy,9000056,284,508.0,northern_pioneer,0,Wait,0,Wait,0,215,215,0,,0,0,0.0,0.0,0.0
greedy,9000056,285,509.0,northern_pathfinder,0,Wait,0,Wait,0,215,215,0,,0,0,0.0,0.0,0.0
greedy,9000056,285,509.0,northern_phoenix,0,Wait,0,Wait,0,215,215,0,,0,0,0.0,0.0,0.0
greedy,9000056,285,509.0,northern_pioneer,0,Wait,0,Wait,0,215,215,0,,0,0,0.0,0.0,0.0
greedy,9000056,286,510.0,northern_pathfinder,0,Wait,0,Wait,0,215,215,0,,0,0,0.0,0.0,0.0
greedy,9000056,286,510.0,northern_phoenix,0,Wait,0,Wait,0,215,215,0,,0,0,0.0,0.0,0.0
greedy,9000056,286,510.0,northern_pioneer,0,Wait,0,Wait,0,215,215,0,,0,0,0.0,0.0,0.0
greedy,9000056,287,511.0,northern_pathfinder,0,Wait,0,Wait,0,215,215,0,,0,0,0.0,0.0,0.0
greedy,9000056,287,511.0,northern_phoenix,0,Wait,0,Wait,0,215,215,0,,0,0,0.0,0.0,0.0
greedy,9000056,287,511.0,northern_pioneer,0,Wait,0,Wait,0,215,215,0,,0,0,0.0,0.0,0.0
greedy,9000056,288,512.0,northern_pathfinder,0,Wait,0,Wait,0,215,215,0,,0,0,0.0,0.0,0.0
greedy,9000056,288,512.0,northern_phoenix,0,Wait,0,Wait,0,215,215,0,,0,0,0.0,0.0,0.0
greedy,9000056,288,512.0,northern_pioneer,0,Wait,0,Wait,0,215,215,0,,0,0,0.0,0.0,0.0
greedy,9000056,289,513.0,northern_pathfinder,0,Wait,0,Wait,0,215,215,0,,0,0,0.0,0.0,0.0
greedy,9000056,289,513.0,northern_phoenix,0,Wait,0,Wait,0,215,215,0,,0,0,0.0,0.0,0.0
greedy,9000056,289,513.0,northern_pioneer,0,Wait,0,Wait,0,215,215,0,,0,0,0.0,0.0,0.0
greedy,9000056,290,514.0,northern_pathfinder,0,Wait,0,Wait,0,215,215,0,,0,0,0.0,0.0,0.0
greedy,9000056,290,514.0,northern_phoenix,0,Wait,0,Wait,0,215,215,0,,0,0,0.0,0.0,0.0
greedy,9000056,290,514.0,northern_pioneer,0,Wait,0,Wait,0,215,215,0,,0,0,0.0,0.0,0.0
greedy,9000056,291,515.0,northern_pathfinder,0,Wait,0,Wait,0,215,215,0,,0,0,0.0,0.0,0.0
greedy,9000056,291,515.0,northern_phoenix,0,Wait,0,Wait,0,215,215,0,,0,0,0.0,0.0,0.0
greedy,9000056,291,515.0,northern_pioneer,0,Wait,0,Wait,0,215,215,0,,0,0,0.0,0.0,0.0
greedy,9000056,292,516.0,northern_pathfinder,0,Wait,0,Wait,0,215,215,0,,0,0,0.0,0.0,0.0
greedy,9000056,292,516.0,northern_phoenix,0,Wait,0,Wait,0,215,215,0,,0,0,0.0,0.0,0.0
greedy,9000056,292,516.0,northern_pioneer,0,Wait,0,Wait,0,215,215,0,,0,0,0.0,0.0,0.0
greedy,9000056,293,517.0,northern_pathfinder,0,Wait,0,Wait,0,215,215,0,,0,0,0.0,0.0,0.0
greedy,9000056,293,517.0,northern_phoenix,0,Wait,0,Wait,0,215,215,0,,0,0,0.0,0.0,0.0
greedy,9000056,293,517.0,northern_pioneer,0,Wait,0,Wait,0,215,215,0,,0,0,0.0,0.0,0.0
greedy,9000056,294,518.0,northern_pathfinder,0,Wait,0,Wait,0,215,215,0,,0,0,0.0,0.0,0.0
greedy,9000056,294,518.0,northern_phoenix,0,Wait,0,Wait,0,215,215,0,,0,0,0.0,0.0,0.0
greedy,9000056,294,518.0,northern_pioneer,0,Wait,0,Wait,0,215,215,0,,0,0,0.0,0.0,0.0
greedy,9000056,295,519.0,northern_pathfinder,0,Wait,0,Wait,0,215,215,0,,0,0,0.0,0.0,0.0
greedy,9000056,295,519.0,northern_phoenix,0,Wait,0,Wait,0,215,215,0,,0,0,0.0,0.0,0.0
greedy,9000056,295,519.0,northern_pioneer,0,Wait,0,Wait,0,215,215,0,,0,0,0.0,0.0,0.0
greedy,9000056,296,520.0,northern_pathfinder,0,Wait,0,Wait,0,215,215,0,,0,0,0.0,0.0,0.0
greedy,9000056,296,520.0,northern_phoenix,3,Celsio,3,Celsio,0,215,215,0,,0,0,0.0,0.0,0.0
greedy,9000056,296,520.0,northern_pioneer,0,Wait,0,Wait,0,215,215,0,,0,0,0.0,0.0,0.0
greedy,9000056,297,521.0,northern_pathfinder,0,Wait,0,Wait,0,215,215,0,,0,0,0.0,0.0,0.0
greedy,9000056,297,521.0,northern_phoenix,0,Wait,0,Wait,0,215,215,0,,0,0,0.0,0.0,0.0
greedy,9000056,297,521.0,northern_pioneer,0,Wait,0,Wait,0,215,215,0,,0,0,0.0,0.0,0.0
greedy,9000056,298,522.0,northern_pathfinder,0,Wait,0,Wait,0,215,215,0,,0,0,0.0,0.0,0.0
greedy,9000056,298,522.0,northern_phoenix,0,Wait,0,Wait,0,215,215,0,,0,0,0.0,0.0,0.0
greedy,9000056,298,522.0,northern_pioneer,0,Wait,0,Wait,0,215,215,0,,0,0,0.0,0.0,0.0
greedy,9000056,299,523.0,northern_pathfinder,0,Wait,0,Wait,0,215,215,0,,0,0,0.0,0.0,0.0
greedy,9000056,299,523.0,northern_phoenix,0,Wait,0,Wait,0,215,215,0,,0,0,0.0,0.0,0.0
greedy,9000056,299,523.0,northern_pioneer,0,Wait,0,Wait,0,215,215,0,,0,0,0.0,0.0,0.0
greedy,9000056,300,524.0,northern_pathfinder,0,Wait,0,Wait,0,215,215,0,,0,0,0.0,0.0,0.0
greedy,9000056,300,524.0,northern_phoenix,0,Wait,0,Wait,0,215,215,0,,0,0,0.0,0.0,0.0
greedy,9000056,300,524.0,northern_pioneer,0,Wait,0,Wait,0,215,215,0,,0,0,0.0,0.0,0.0
greedy,9000056,301,525.0,northern_pathfinder,0,Wait,0,Wait,0,215,215,0,,0,0,0.0,0.0,0.0
greedy,9000056,301,525.0,northern_phoenix,0,Wait,0,Wait,0,215,215,0,,0,0,0.0,0.0,0.0
greedy,9000056,301,525.0,northern_pioneer,0,Wait,0,Wait,0,215,215,0,,0,0,0.0,0.0,0.0
greedy,9000056,302,526.0,northern_pathfinder,0,Wait,0,Wait,0,215,215,0,,0,0,0.0,0.0,0.0
greedy,9000056,302,526.0,northern_phoenix,0,Wait,0,Wait,0,215,215,0,,0,0,0.0,0.0,0.0
greedy,9000056,302,526.0,northern_pioneer,0,Wait,0,Wait,0,215,215,0,,0,0,0.0,0.0,0.0
greedy,9000056,303,527.0,northern_pathfinder,0,Wait,0,Wait,0,215,215,0,,0,0,0.0,0.0,0.0
greedy,9000056,303,527.0,northern_phoenix,0,Wait,0,Wait,0,215,215,0,,0,0,0.0,0.0,0.0
greedy,9000056,303,527.0,northern_pioneer,0,Wait,0,Wait,0,215,215,0,,0,0,0.0,0.0,0.0
greedy,9000056,304,528.0,northern_pathfinder,0,Wait,0,Wait,0,215,215,0,,0,0,0.0,0.0,0.0
greedy,9000056,304,528.0,northern_phoenix,0,Wait,0,Wait,0,215,215,0,,0,0,0.0,0.0,0.0
greedy,9000056,304,528.0,northern_pioneer,0,Wait,0,Wait,0,215,215,0,,0,0,0.0,0.0,0.0
greedy,9000056,305,529.0,northern_pathfinder,0,Wait,0,Wait,0,215,215,0,,0,0,0.0,0.0,0.0
greedy,9000056,305,529.0,northern_phoenix,0,Wait,0,Wait,0,215,215,0,,0,0,0.0,0.0,0.0
greedy,9000056,305,529.0,northern_pioneer,0,Wait,0,Wait,0,215,215,0,,0,0,0.0,0.0,0.0
greedy,9000056,306,530.0,northern_pathfinder,0,Wait,0,Wait,0,215,215,0,,0,0,0.0,0.0,0.0
greedy,9000056,306,530.0,northern_phoenix,0,Wait,0,Wait,0,215,215,0,,0,0,0.0,0.0,0.0
greedy,9000056,306,530.0,northern_pioneer,0,Wait,0,Wait,0,215,215,0,,0,0,0.0,0.0,0.0
greedy,9000056,307,531.0,northern_pathfinder,0,Wait,0,Wait,0,215,215,0,,0,0,0.0,0.0,0.0
greedy,9000056,307,531.0,northern_phoenix,0,Wait,0,Wait,0,215,215,0,,0,0,0.0,0.0,0.0
greedy,9000056,307,531.0,northern_pioneer,0,Wait,0,Wait,0,215,215,0,,0,0,0.0,0.0,0.0
greedy,9000056,308,532.0,northern_pathfinder,3,Celsio,3,Celsio,0,215,215,0,,0,0,0.0,0.0,0.0
greedy,9000056,308,532.0,northern_phoenix,0,Wait,0,Wait,0,215,215,0,,0,0,0.0,0.0,0.0
greedy,9000056,308,532.0,northern_pioneer,3,Celsio,3,Celsio,0,215,215,0,,0,0,0.0,0.0,0.0
greedy,9000056,309,553.0,northern_pathfinder,0,Wait,0,Wait,0,215,215,0,,0,0,0.0,0.0,0.0
greedy,9000056,309,553.0,northern_phoenix,0,Wait,0,Wait,0,215,215,0,,0,0,0.0,0.0,0.0
greedy,9000056,309,553.0,northern_pioneer,0,Wait,0,Wait,0,215,215,0,,0,0,0.0,0.0,0.0
greedy,9000056,310,554.0,northern_pathfinder,0,Wait,0,Wait,0,215,215,0,,0,0,0.0,0.0,0.0
greedy,9000056,310,554.0,northern_phoenix,0,Wait,0,Wait,0,215,215,0,,0,0,0.0,0.0,0.0
greedy,9000056,310,554.0,northern_pioneer,0,Wait,0,Wait,0,215,215,0,,0,0,0.0,0.0,0.0
greedy,9000056,311,555.0,northern_pathfinder,0,Wait,0,Wait,0,215,215,0,,0,0,0.0,0.0,0.0
greedy,9000056,311,555.0,northern_phoenix,0,Wait,0,Wait,0,215,215,0,,0,0,0.0,0.0,0.0
greedy,9000056,311,555.0,northern_pioneer,0,Wait,0,Wait,0,215,215,0,,0,0,0.0,0.0,0.0
greedy,9000056,312,556.0,northern_pathfinder,0,Wait,0,Wait,0,215,215,0,,0,0,0.0,0.0,0.0
greedy,9000056,312,556.0,northern_phoenix,0,Wait,0,Wait,0,215,215,0,,0,0,0.0,0.0,0.0
greedy,9000056,312,556.0,northern_pioneer,0,Wait,0,Wait,0,215,215,0,,0,0,0.0,0.0,0.0
greedy,9000056,313,557.0,northern_pathfinder,0,Wait,0,Wait,0,215,215,0,,0,0,0.0,0.0,0.0
greedy,9000056,313,557.0,northern_phoenix,0,Wait,0,Wait,0,215,215,0,,0,0,0.0,0.0,0.0
greedy,9000056,313,557.0,northern_pioneer,0,Wait,0,Wait,0,215,215,0,,0,0,0.0,0.0,0.0
greedy,9000056,314,558.0,northern_pathfinder,0,Wait,0,Wait,0,215,215,0,,0,0,0.0,0.0,0.0
greedy,9000056,314,558.0,northern_phoenix,0,Wait,0,Wait,0,215,215,0,,0,0,0.0,0.0,0.0
greedy,9000056,314,558.0,northern_pioneer,0,Wait,0,Wait,0,215,215,0,,0,0,0.0,0.0,0.0
greedy,9000056,315,559.0,northern_pathfinder,0,Wait,0,Wait,0,215,215,0,,0,0,0.0,0.0,0.0
greedy,9000056,315,559.0,northern_phoenix,0,Wait,0,Wait,0,215,215,0,,0,0,0.0,0.0,0.0
greedy,9000056,315,559.0,northern_pioneer,0,Wait,0,Wait,0,215,215,0,,0,0,0.0,0.0,0.0
greedy,9000056,316,560.0,northern_pathfinder,0,Wait,0,Wait,0,215,215,0,,0,0,0.0,0.0,0.0
greedy,9000056,316,560.0,northern_phoenix,0,Wait,0,Wait,0,215,215,0,,0,0,0.0,0.0,0.0
greedy,9000056,316,560.0,northern_pioneer,0,Wait,0,Wait,0,215,215,0,,0,0,0.0,0.0,0.0
greedy,9000056,317,561.0,northern_pathfinder,0,Wait,0,Wait,0,215,215,0,,0,0,0.0,0.0,0.0
greedy,9000056,317,561.0,northern_phoenix,0,Wait,0,Wait,0,215,215,0,,0,0,0.0,0.0,0.0
greedy,9000056,317,561.0,northern_pioneer,0,Wait,0,Wait,0,215,215,0,,0,0,0.0,0.0,0.0
greedy,9000056,318,562.0,northern_pathfinder,0,Wait,0,Wait,0,215,215,0,,0,0,0.0,0.0,0.0
greedy,9000056,318,562.0,northern_phoenix,0,Wait,0,Wait,0,215,215,0,,0,0,0.0,0.0,0.0
greedy,9000056,318,562.0,northern_pioneer,0,Wait,0,Wait,0,215,215,0,,0,0,0.0,0.0,0.0
greedy,9000056,319,563.0,northern_pathfinder,0,Wait,0,Wait,0,215,215,0,,0,0,0.0,0.0,0.0
greedy,9000056,319,563.0,northern_phoenix,1,Terminal,1,Terminal,0,215,215,0,,0,0,0.0,0.0,0.0
greedy,9000056,319,563.0,northern_pioneer,0,Wait,0,Wait,0,215,215,0,,0,0,0.0,0.0,0.0
greedy,9000056,320,576.0,northern_pathfinder,0,Wait,0,Wait,0,215,215,0,,0,0,0.0,0.0,0.0
greedy,9000056,320,576.0,northern_phoenix,0,Wait,0,Wait,0,215,215,0,,0,0,0.0,0.0,0.0
greedy,9000056,320,576.0,northern_pioneer,0,Wait,0,Wait,0,215,215,0,,0,0,0.0,0.0,0.0
greedy,9000056,321,577.0,northern_pathfinder,2,Brevik,2,Brevik,0,215,215,0,,0,0,0.0,0.0,0.0
greedy,9000056,321,577.0,northern_phoenix,0,Wait,0,Wait,0,215,215,0,,0,0,0.0,0.0,0.0
greedy,9000056,321,577.0,northern_pioneer,2,Brevik,2,Brevik,0,215,215,0,,0,0,0.0,0.0,0.0
greedy,9000056,322,584.0,northern_pathfinder,0,Wait,0,Wait,0,215,215,0,,0,0,0.0,0.0,0.0
greedy,9000056,322,584.0,northern_phoenix,0,Wait,0,Wait,0,215,215,0,,0,0,0.0,0.0,0.0
greedy,9000056,322,584.0,northern_pioneer,0,Wait,0,Wait,0,215,215,0,,0,0,0.0,0.0,0.0
greedy,9000056,323,585.0,northern_pathfinder,0,Wait,0,Wait,0,215,215,0,,0,0,0.0,0.0,0.0
greedy,9000056,323,585.0,northern_phoenix,0,Wait,0,Wait,0,215,215,0,,0,0,0.0,0.0,0.0
greedy,9000056,323,585.0,northern_pioneer,0,Wait,0,Wait,0,215,215,0,,0,0,0.0,0.0,0.0
greedy,9000056,324,586.0,northern_pathfinder,0,Wait,0,Wait,0,215,215,0,,0,0,0.0,0.0,0.0
greedy,9000056,324,586.0,northern_phoenix,0,Wait,0,Wait,0,215,215,0,,0,0,0.0,0.0,0.0
greedy,9000056,324,586.0,northern_pioneer,0,Wait,0,Wait,0,215,215,0,,0,0,0.0,0.0,0.0
greedy,9000056,325,587.0,northern_pathfinder,0,Wait,0,Wait,0,215,215,0,,0,0,0.0,0.0,0.0
greedy,9000056,325,587.0,northern_phoenix,0,Wait,0,Wait,0,215,215,0,,0,0,0.0,0.0,0.0
greedy,9000056,325,587.0,northern_pioneer,0,Wait,0,Wait,0,215,215,0,,0,0,0.0,0.0,0.0
greedy,9000056,326,588.0,northern_pathfinder,0,Wait,0,Wait,0,215,215,0,,0,0,0.0,0.0,0.0
greedy,9000056,326,588.0,northern_phoenix,0,Wait,0,Wait,0,215,215,0,,0,0,0.0,0.0,0.0
greedy,9000056,326,588.0,northern_pioneer,0,Wait,0,Wait,0,215,215,0,,0,0,0.0,0.0,0.0
greedy,9000056,327,589.0,northern_pathfinder,0,Wait,0,Wait,0,215,215,0,,0,0,0.0,0.0,0.0
greedy,9000056,327,589.0,northern_phoenix,0,Wait,0,Wait,0,215,215,0,,0,0,0.0,0.0,0.0
greedy,9000056,327,589.0,northern_pioneer,0,Wait,0,Wait,0,215,215,0,,0,0,0.0,0.0,0.0
greedy,9000056,328,590.0,northern_pathfinder,1,Terminal,1,Terminal,0,215,215,0,,0,0,0.0,0.0,0.0
greedy,9000056,328,590.0,northern_phoenix,0,Wait,0,Wait,0,215,215,0,,0,0,0.0,0.0,0.0
greedy,9000056,328,590.0,northern_pioneer,0,Wait,0,Wait,0,215,215,0,,0,0,0.0,0.0,0.0
greedy,9000056,329,591.0,northern_pathfinder,0,Wait,0,Wait,0,215,215,0,,0,0,0.0,0.0,0.0
greedy,9000056,329,591.0,northern_phoenix,0,Wait,0,Wait,0,215,215,0,,0,0,0.0,0.0,0.0
greedy,9000056,329,591.0,northern_pioneer,0,Wait,0,Wait,0,215,215,0,,0,0,0.0,0.0,0.0
greedy,9000056,330,592.0,northern_pathfinder,0,Wait,0,Wait,0,215,215,0,,0,0,0.0,0.0,0.0
greedy,9000056,330,592.0,northern_phoenix,0,Wait,0,Wait,0,215,215,0,,0,0,0.0,0.0,0.0
greedy,9000056,330,592.0,northern_pioneer,1,Terminal,1,Terminal,0,215,215,0,,0,0,0.0,0.0,0.0
greedy,9000056,331,608.0,northern_pathfinder,0,Wait,0,Wait,0,215,215,0,,0,0,0.0,0.0,0.0
greedy,9000056,331,608.0,northern_phoenix,4,Yara Sluiskil,4,Yara Sluiskil,0,215,215,0,,0,0,0.0,0.0,0.0
greedy,9000056,331,608.0,northern_pioneer,0,Wait,0,Wait,0,215,215,0,,0,0,0.0,0.0,0.0
greedy,9000056,332,631.0,northern_pathfinder,4,Yara Sluiskil,4,Yara Sluiskil,0,215,215,0,,0,0,0.0,0.0,0.0
greedy,9000056,332,631.0,northern_phoenix,0,Wait,0,Wait,0,215,215,0,,0,0,0.0,0.0,0.0
greedy,9000056,332,631.0,northern_pioneer,0,Wait,0,Wait,0,215,215,0,,0,0,0.0,0.0,0.0
greedy,9000056,333,652.0,northern_pathfinder,0,Wait,0,Wait,0,215,215,0,,0,0,0.0,0.0,0.0
greedy,9000056,333,652.0,northern_phoenix,0,Wait,0,Wait,0,215,215,0,,0,0,0.0,0.0,0.0
greedy,9000056,333,652.0,northern_pioneer,4,Yara Sluiskil,4,Yara Sluiskil,0,215,215,0,,0,0,0.0,0.0,0.0
greedy,9000056,334,669.0,northern_pathfinder,0,Wait,0,Wait,0,215,215,0,,0,0,0.0,0.0,0.0
greedy,9000056,334,669.0,northern_phoenix,0,Wait,0,Wait,0,215,215,0,,0,0,0.0,0.0,0.0
greedy,9000056,334,669.0,northern_pioneer,0,Wait,0,Wait,0,215,215,0,,0,0,0.0,0.0,0.0
greedy,9000056,335,670.0,northern_pathfinder,0,Wait,0,Wait,0,215,215,0,,0,0,0.0,0.0,0.0
greedy,9000056,335,670.0,northern_phoenix,0,Wait,0,Wait,0,215,215,0,,0,0,0.0,0.0,0.0
greedy,9000056,335,670.0,northern_pioneer,0,Wait,0,Wait,0,215,215,0,,0,0,0.0,0.0,0.0
greedy,9000056,336,671.0,northern_pathfinder,0,Wait,0,Wait,0,215,215,0,,0,0,0.0,0.0,0.0
greedy,9000056,336,671.0,northern_phoenix,0,Wait,0,Wait,0,215,215,0,,0,0,0.0,0.0,0.0
greedy,9000056,336,671.0,northern_pioneer,0,Wait,0,Wait,0,215,215,0,,0,0,0.0,0.0,0.0
greedy,9000056,337,672.0,northern_pathfinder,0,Wait,0,Wait,0,215,215,0,,0,0,0.0,0.0,0.0
greedy,9000056,337,672.0,northern_phoenix,0,Wait,0,Wait,0,215,215,0,,0,0,0.0,0.0,0.0
greedy,9000056,337,672.0,northern_pioneer,0,Wait,0,Wait,0,215,215,0,,0,0,0.0,0.0,0.0
greedy,9000056,338,673.0,northern_pathfinder,0,Wait,0,Wait,0,215,215,0,,0,0,0.0,0.0,0.0
greedy,9000056,338,673.0,northern_phoenix,0,Wait,0,Wait,0,215,215,0,,0,0,0.0,0.0,0.0
greedy,9000056,338,673.0,northern_pioneer,0,Wait,0,Wait,0,215,215,0,,0,0,0.0,0.0,0.0
greedy,9000056,339,674.0,northern_pathfinder,0,Wait,0,Wait,0,215,215,0,,0,0,0.0,0.0,0.0
greedy,9000056,339,674.0,northern_phoenix,0,Wait,0,Wait,0,215,215,0,,0,0,0.0,0.0,0.0
greedy,9000056,339,674.0,northern_pioneer,0,Wait,0,Wait,0,215,215,0,,0,0,0.0,0.0,0.0
greedy,9000056,340,675.0,northern_pathfinder,0,Wait,0,Wait,0,215,215,0,,0,0,0.0,0.0,0.0
greedy,9000056,340,675.0,northern_phoenix,0,Wait,0,Wait,0,215,215,0,,0,0,0.0,0.0,0.0
greedy,9000056,340,675.0,northern_pioneer,0,Wait,0,Wait,0,215,215,0,,0,0,0.0,0.0,0.0
greedy,9000056,341,676.0,northern_pathfinder,0,Wait,0,Wait,0,215,215,0,,0,0,0.0,0.0,0.0
greedy,9000056,341,676.0,northern_phoenix,0,Wait,0,Wait,0,215,215,0,,0,0,0.0,0.0,0.0
greedy,9000056,341,676.0,northern_pioneer,0,Wait,0,Wait,0,215,215,0,,0,0,0.0,0.0,0.0
greedy,9000056,342,677.0,northern_pathfinder,0,Wait,0,Wait,0,215,215,0,,0,0,0.0,0.0,0.0
greedy,9000056,342,677.0,northern_phoenix,0,Wait,0,Wait,0,215,215,0,,0,0,0.0,0.0,0.0
greedy,9000056,342,677.0,northern_pioneer,0,Wait,0,Wait,0,215,215,0,,0,0,0.0,0.0,0.0
greedy,9000056,343,678.0,northern_pathfinder,0,Wait,0,Wait,0,215,215,0,,0,0,0.0,0.0,0.0
greedy,9000056,343,678.0,northern_phoenix,0,Wait,0,Wait,0,215,215,0,,0,0,0.0,0.0,0.0
greedy,9000056,343,678.0,northern_pioneer,0,Wait,0,Wait,0,215,215,0,,0,0,0.0,0.0,0.0
greedy,9000056,344,679.0,northern_pathfinder,0,Wait,0,Wait,0,215,215,0,,0,0,0.0,0.0,0.0
greedy,9000056,344,679.0,northern_phoenix,1,Terminal,1,Terminal,0,215,215,0,,0,0,0.0,0.0,0.0
greedy,9000056,344,679.0,northern_pioneer,0,Wait,0,Wait,0,215,215,0,,0,0,0.0,0.0,0.0
greedy,9000056,345,691.0,northern_pathfinder,0,Wait,0,Wait,0,215,215,0,,0,0,0.0,0.0,0.0
greedy,9000056,345,691.0,northern_phoenix,0,Wait,0,Wait,0,215,215,0,,0,0,0.0,0.0,0.0
greedy,9000056,345,691.0,northern_pioneer,0,Wait,0,Wait,0,215,215,0,,0,0,0.0,0.0,0.0
greedy,9000056,346,692.0,northern_pathfinder,0,Wait,0,Wait,0,215,215,0,,0,0,0.0,0.0,0.0
greedy,9000056,346,692.0,northern_phoenix,0,Wait,0,Wait,0,215,215,0,,0,0,0.0,0.0,0.0
greedy,9000056,346,692.0,northern_pioneer,0,Wait,0,Wait,0,215,215,0,,0,0,0.0,0.0,0.0
greedy,9000056,347,693.0,northern_pathfinder,0,Wait,0,Wait,0,215,215,0,,0,0,0.0,0.0,0.0
greedy,9000056,347,693.0,northern_phoenix,0,Wait,0,Wait,0,215,215,0,,0,0,0.0,0.0,0.0
greedy,9000056,347,693.0,northern_pioneer,0,Wait,0,Wait,0,215,215,0,,0,0,0.0,0.0,0.0
greedy,9000056,348,694.0,northern_pathfinder,0,Wait,0,Wait,0,215,215,0,,0,0,0.0,0.0,0.0
greedy,9000056,348,694.0,northern_phoenix,0,Wait,0,Wait,0,215,215,0,,0,0,0.0,0.0,0.0
greedy,9000056,348,694.0,northern_pioneer,0,Wait,0,Wait,0,215,215,0,,0,0,0.0,0.0,0.0
greedy,9000056,349,695.0,northern_pathfinder,0,Wait,0,Wait,0,215,215,0,,0,0,0.0,0.0,0.0
greedy,9000056,349,695.0,northern_phoenix,0,Wait,0,Wait,0,215,215,0,,0,0,0.0,0.0,0.0
greedy,9000056,349,695.0,northern_pioneer,0,Wait,0,Wait,0,215,215,0,,0,0,0.0,0.0,0.0
greedy,9000056,350,696.0,northern_pathfinder,0,Wait,0,Wait,0,215,215,0,,0,0,0.0,0.0,0.0
greedy,9000056,350,696.0,northern_phoenix,0,Wait,0,Wait,0,215,215,0,,0,0,0.0,0.0,0.0
greedy,9000056,350,696.0,northern_pioneer,0,Wait,0,Wait,0,215,215,0,,0,0,0.0,0.0,0.0
greedy,9000056,351,697.0,northern_pathfinder,0,Wait,0,Wait,0,215,215,0,,0,0,0.0,0.0,0.0
greedy,9000056,351,697.0,northern_phoenix,0,Wait,0,Wait,0,215,215,0,,0,0,0.0,0.0,0.0
greedy,9000056,351,697.0,northern_pioneer,0,Wait,0,Wait,0,215,215,0,,0,0,0.0,0.0,0.0
greedy,9000056,352,698.0,northern_pathfinder,0,Wait,0,Wait,0,215,215,0,,0,0,0.0,0.0,0.0
greedy,9000056,352,698.0,northern_phoenix,0,Wait,0,Wait,0,215,215,0,,0,0,0.0,0.0,0.0
greedy,9000056,352,698.0,northern_pioneer,0,Wait,0,Wait,0,215,215,0,,0,0,0.0,0.0,0.0
greedy,9000056,353,699.0,northern_pathfinder,0,Wait,0,Wait,0,215,215,0,,0,0,0.0,0.0,0.0
greedy,9000056,353,699.0,northern_phoenix,0,Wait,0,Wait,0,215,215,0,,0,0,0.0,0.0,0.0
greedy,9000056,353,699.0,northern_pioneer,0,Wait,0,Wait,0,215,215,0,,0,0,0.0,0.0,0.0
greedy,9000056,354,700.0,northern_pathfinder,0,Wait,0,Wait,0,215,215,0,,0,0,0.0,0.0,0.0
greedy,9000056,354,700.0,northern_phoenix,0,Wait,0,Wait,0,215,215,0,,0,0,0.0,0.0,0.0
greedy,9000056,354,700.0,northern_pioneer,0,Wait,0,Wait,0,215,215,0,,0,0,0.0,0.0,0.0
greedy,9000056,355,701.0,northern_pathfinder,1,Terminal,1,Terminal,0,215,215,0,,0,0,0.0,0.0,0.0
greedy,9000056,355,701.0,northern_phoenix,0,Wait,0,Wait,0,215,215,0,,0,0,0.0,0.0,0.0
greedy,9000056,355,701.0,northern_pioneer,0,Wait,0,Wait,0,215,215,0,,0,0,0.0,0.0,0.0
greedy,9000056,356,703.0,northern_pathfinder,0,Wait,0,Wait,0,215,215,0,,0,0,0.0,0.0,0.0
greedy,9000056,356,703.0,northern_phoenix,0,Wait,0,Wait,0,215,215,0,,0,0,0.0,0.0,0.0
greedy,9000056,356,703.0,northern_pioneer,0,Wait,0,Wait,0,215,215,0,,0,0,0.0,0.0,0.0
greedy,9000056,357,704.0,northern_pathfinder,0,Wait,0,Wait,0,215,215,0,,0,0,0.0,0.0,0.0
greedy,9000056,357,704.0,northern_phoenix,0,Wait,0,Wait,0,215,215,0,,0,0,0.0,0.0,0.0
greedy,9000056,357,704.0,northern_pioneer,0,Wait,0,Wait,0,215,215,0,,0,0,0.0,0.0,0.0
greedy,9000056,358,705.0,northern_pathfinder,0,Wait,0,Wait,0,215,215,0,,0,0,0.0,0.0,0.0
greedy,9000056,358,705.0,northern_phoenix,0,Wait,0,Wait,0,215,215,0,,0,0,0.0,0.0,0.0
greedy,9000056,358,705.0,northern_pioneer,0,Wait,0,Wait,0,215,215,0,,0,0,0.0,0.0,0.0
greedy,9000056,359,706.0,northern_pathfinder,0,Wait,0,Wait,0,215,215,0,,0,0,0.0,0.0,0.0
greedy,9000056,359,706.0,northern_phoenix,0,Wait,0,Wait,0,215,215,0,,0,0,0.0,0.0,0.0
greedy,9000056,359,706.0,northern_pioneer,0,Wait,0,Wait,0,215,215,0,,0,0,0.0,0.0,0.0
greedy,9000056,360,707.0,northern_pathfinder,0,Wait,0,Wait,0,215,215,0,,0,0,0.0,0.0,0.0
greedy,9000056,360,707.0,northern_phoenix,0,Wait,0,Wait,0,215,215,0,,0,0,0.0,0.0,0.0
greedy,9000056,360,707.0,northern_pioneer,0,Wait,0,Wait,0,215,215,0,,0,0,0.0,0.0,0.0
greedy,9000056,361,708.0,northern_pathfinder,0,Wait,0,Wait,0,215,215,0,,0,0,0.0,0.0,0.0
greedy,9000056,361,708.0,northern_phoenix,0,Wait,0,Wait,0,215,215,0,,0,0,0.0,0.0,0.0
greedy,9000056,361,708.0,northern_pioneer,0,Wait,0,Wait,0,215,215,0,,0,0,0.0,0.0,0.0
greedy,9000056,362,709.0,northern_pathfinder,0,Wait,0,Wait,0,215,215,0,,0,0,0.0,0.0,0.0
greedy,9000056,362,709.0,northern_phoenix,0,Wait,0,Wait,0,215,215,0,,0,0,0.0,0.0,0.0
greedy,9000056,362,709.0,northern_pioneer,0,Wait,0,Wait,0,215,215,0,,0,0,0.0,0.0,0.0
greedy,9000056,363,710.0,northern_pathfinder,0,Wait,0,Wait,0,215,215,0,,0,0,0.0,0.0,0.0
greedy,9000056,363,710.0,northern_phoenix,0,Wait,0,Wait,0,215,215,0,,0,0,0.0,0.0,0.0
greedy,9000056,363,710.0,northern_pioneer,0,Wait,0,Wait,0,215,215,0,,0,0,0.0,0.0,0.0
greedy,9000056,364,711.0,northern_pathfinder,0,Wait,0,Wait,0,215,215,0,,0,0,0.0,0.0,0.0
greedy,9000056,364,711.0,northern_phoenix,0,Wait,0,Wait,0,215,215,0,,0,0,0.0,0.0,0.0
greedy,9000056,364,711.0,northern_pioneer,0,Wait,0,Wait,0,215,215,0,,0,0,0.0,0.0,0.0
greedy,9000056,365,712.0,northern_pathfinder,0,Wait,0,Wait,0,215,215,0,,0,0,0.0,0.0,0.0
greedy,9000056,365,712.0,northern_phoenix,0,Wait,0,Wait,0,215,215,0,,0,0,0.0,0.0,0.0
greedy,9000056,365,712.0,northern_pioneer,0,Wait,0,Wait,0,215,215,0,,0,0,0.0,0.0,0.0
greedy,9000056,366,713.0,northern_pathfinder,0,Wait,0,Wait,0,215,215,0,,0,0,0.0,0.0,0.0
greedy,9000056,366,713.0,northern_phoenix,0,Wait,0,Wait,0,215,215,0,,0,0,0.0,0.0,0.0
greedy,9000056,366,713.0,northern_pioneer,0,Wait,0,Wait,0,215,215,0,,0,0,0.0,0.0,0.0
greedy,9000056,367,714.0,northern_pathfinder,0,Wait,0,Wait,0,215,215,0,,0,0,0.0,0.0,0.0
greedy,9000056,367,714.0,northern_phoenix,0,Wait,0,Wait,0,215,215,0,,0,0,0.0,0.0,0.0
greedy,9000056,367,714.0,northern_pioneer,0,Wait,0,Wait,0,215,215,0,,0,0,0.0,0.0,0.0
greedy,9000056,368,715.0,northern_pathfinder,0,Wait,0,Wait,0,215,215,0,,0,0,0.0,0.0,0.0
greedy,9000056,368,715.0,northern_phoenix,0,Wait,0,Wait,0,215,215,0,,0,0,0.0,0.0,0.0
greedy,9000056,368,715.0,northern_pioneer,0,Wait,0,Wait,0,215,215,0,,0,0,0.0,0.0,0.0
greedy,9000056,369,716.0,northern_pathfinder,0,Wait,0,Wait,0,215,215,0,,0,0,0.0,0.0,0.0
greedy,9000056,369,716.0,northern_phoenix,0,Wait,0,Wait,0,215,215,0,,0,0,0.0,0.0,0.0
greedy,9000056,369,716.0,northern_pioneer,0,Wait,0,Wait,0,215,215,0,,0,0,0.0,0.0,0.0
greedy,9000056,370,717.0,northern_pathfinder,0,Wait,0,Wait,0,215,215,0,,0,0,0.0,0.0,0.0
greedy,9000056,370,717.0,northern_phoenix,0,Wait,0,Wait,0,215,215,0,,0,0,0.0,0.0,0.0
greedy,9000056,370,717.0,northern_pioneer,0,Wait,0,Wait,0,215,215,0,,0,0,0.0,0.0,0.0
greedy,9000056,371,718.0,northern_pathfinder,0,Wait,0,Wait,0,215,215,0,,0,0,0.0,0.0,0.0
greedy,9000056,371,718.0,northern_phoenix,0,Wait,0,Wait,0,215,215,0,,0,0,0.0,0.0,0.0
greedy,9000056,371,718.0,northern_pioneer,0,Wait,0,Wait,0,215,215,0,,0,0,0.0,0.0,0.0
greedy,9000056,372,719.0,northern_pathfinder,0,Wait,0,Wait,0,215,215,0,,0,0,0.0,0.0,0.0
greedy,9000056,372,719.0,northern_phoenix,0,Wait,0,Wait,0,215,215,0,,0,0,0.0,0.0,0.0
greedy,9000056,372,719.0,northern_pioneer,0,Wait,0,Wait,0,215,215,0,,0,0,0.0,0.0,0.0
iterative_q,9000056,0,0.0,northern_pathfinder,0,Wait,0,Wait,0,215,105,0,,5,0,0.21963104605674744,0.03149854764342308,0.21963104605674744
iterative_q,9000056,0,0.0,northern_phoenix,0,Wait,0,Wait,0,215,105,0,,5,0,0.21963104605674744,0.03149854764342308,0.21963104605674744
iterative_q,9000056,0,0.0,northern_pioneer,0,Wait,0,Wait,0,215,105,0,,5,0,0.21963104605674744,0.03149854764342308,0.21963104605674744
iterative_q,9000056,1,1.0,northern_pathfinder,0,Wait,0,Wait,0,215,69,0,,3,5,0.7267388701438904,0.02155752293765545,0.7267388701438904
iterative_q,9000056,1,1.0,northern_phoenix,0,Wait,0,Wait,0,215,69,0,,3,5,0.7267388701438904,0.02155752293765545,0.7267388701438904
iterative_q,9000056,1,1.0,northern_pioneer,0,Wait,0,Wait,0,215,69,0,,3,5,0.7267388701438904,0.02155752293765545,0.7267388701438904
iterative_q,9000056,2,2.0,northern_pathfinder,0,Wait,0,Wait,0,215,105,0,,5,5,0.6069777011871338,0.027453714981675148,0.6069777011871338
iterative_q,9000056,2,2.0,northern_phoenix,0,Wait,0,Wait,0,215,105,0,,5,5,0.6069777011871338,0.027453714981675148,0.6069777011871338
iterative_q,9000056,2,2.0,northern_pioneer,0,Wait,0,Wait,0,215,105,0,,5,5,0.6069777011871338,0.027453714981675148,0.6069777011871338
iterative_q,9000056,3,3.0,northern_pathfinder,0,Wait,0,Wait,0,215,105,0,,4,5,0.6483122110366821,0.029279224574565887,0.6483122110366821
iterative_q,9000056,3,3.0,northern_phoenix,0,Wait,0,Wait,0,215,105,0,,4,5,0.6483122110366821,0.029279224574565887,0.6483122110366821
iterative_q,9000056,3,3.0,northern_pioneer,0,Wait,0,Wait,0,215,105,0,,4,5,0.6483122110366821,0.029279224574565887,0.6483122110366821
iterative_q,9000056,4,4.0,northern_pathfinder,0,Wait,0,Wait,0,215,105,0,,5,5,0.7223208546638489,0.02865154668688774,0.7223208546638489
iterative_q,9000056,4,4.0,northern_phoenix,0,Wait,0,Wait,0,215,105,0,,5,5,0.7223208546638489,0.02865154668688774,0.7223208546638489
iterative_q,9000056,4,4.0,northern_pioneer,0,Wait,0,Wait,0,215,105,0,,5,5,0.7223208546638489,0.02865154668688774,0.7223208546638489
iterative_q,9000056,5,5.0,northern_pathfinder,0,Wait,0,Wait,0,215,105,0,,4,5,0.7377456426620483,0.029426852241158485,0.7377456426620483
iterative_q,9000056,5,5.0,northern_phoenix,0,Wait,0,Wait,0,215,105,0,,4,5,0.7377456426620483,0.029426852241158485,0.7377456426620483
iterative_q,9000056,5,5.0,northern_pioneer,0,Wait,0,Wait,0,215,105,0,,4,5,0.7377456426620483,0.029426852241158485,0.7377456426620483
iterative_q,9000056,6,6.0,northern_pathfinder,0,Wait,0,Wait,0,215,105,0,,5,5,0.7770082354545593,0.029480043798685074,0.7770082354545593
iterative_q,9000056,6,6.0,northern_phoenix,0,Wait,0,Wait,0,215,105,0,,5,5,0.7770082354545593,0.029480043798685074,0.7770082354545593
iterative_q,9000056,6,6.0,northern_pioneer,0,Wait,0,Wait,0,215,105,0,,5,5,0.7770082354545593,0.029480043798685074,0.7770082354545593
iterative_q,9000056,7,7.0,northern_pathfinder,0,Wait,0,Wait,0,215,105,0,,5,5,0.7424225807189941,0.028620818629860878,0.7424225807189941
iterative_q,9000056,7,7.0,northern_phoenix,0,Wait,0,Wait,0,215,105,0,,5,5,0.7424225807189941,0.028620818629860878,0.7424225807189941
iterative_q,9000056,7,7.0,northern_pioneer,0,Wait,0,Wait,0,215,105,0,,5,5,0.7424225807189941,0.028620818629860878,0.7424225807189941
iterative_q,9000056,8,8.0,northern_pathfinder,0,Wait,0,Wait,0,215,105,0,,5,5,1.056889533996582,0.026576105505228043,1.056889533996582
iterative_q,9000056,8,8.0,northern_phoenix,0,Wait,0,Wait,0,215,105,0,,5,5,1.056889533996582,0.026576105505228043,1.056889533996582
iterative_q,9000056,8,8.0,northern_pioneer,0,Wait,0,Wait,0,215,105,0,,5,5,1.056889533996582,0.026576105505228043,1.056889533996582
iterative_q,9000056,9,9.0,northern_pathfinder,0,Wait,0,Wait,0,215,105,0,,5,5,0.8506625890731812,0.027615290135145187,0.8506625890731812
iterative_q,9000056,9,9.0,northern_phoenix,0,Wait,0,Wait,0,215,105,0,,5,5,0.8506625890731812,0.027615290135145187,0.8506625890731812
iterative_q,9000056,9,9.0,northern_pioneer,0,Wait,0,Wait,0,215,105,0,,5,5,0.8506625890731812,0.027615290135145187,0.8506625890731812
iterative_q,9000056,10,10.0,northern_pathfinder,0,Wait,0,Wait,0,215,105,0,,5,5,1.6804540157318115,0.02602459117770195,1.6804540157318115
iterative_q,9000056,10,10.0,northern_phoenix,1,Terminal,1,Terminal,0,215,105,0,,5,5,1.6804540157318115,0.02602459117770195,1.6804540157318115
iterative_q,9000056,10,10.0,northern_pioneer,0,Wait,0,Wait,0,215,105,0,,5,5,1.6804540157318115,0.02602459117770195,1.6804540157318115
iterative_q,9000056,11,11.0,northern_pathfinder,0,Wait,0,Wait,0,215,213,0,,5,5,0.6292617917060852,0.007639594841748476,0.6292617917060852
iterative_q,9000056,11,11.0,northern_phoenix,0,Wait,0,Wait,0,215,213,0,,5,5,0.6292617917060852,0.007639594841748476,0.6292617917060852
iterative_q,9000056,11,11.0,northern_pioneer,0,Wait,0,Wait,0,215,213,0,,5,5,0.6292617917060852,0.007639594841748476,0.6292617917060852
iterative_q,9000056,12,12.0,northern_pathfinder,0,Wait,0,Wait,0,215,213,0,,5,5,0.755425751209259,0.0078086829744279385,0.755425751209259
iterative_q,9000056,12,12.0,northern_phoenix,0,Wait,0,Wait,0,215,213,0,,5,5,0.755425751209259,0.0078086829744279385,0.755425751209259
iterative_q,9000056,12,12.0,northern_pioneer,0,Wait,0,Wait,0,215,213,0,,5,5,0.755425751209259,0.0078086829744279385,0.755425751209259
iterative_q,9000056,13,13.0,northern_pathfinder,0,Wait,0,Wait,0,215,213,0,,4,5,0.6916131973266602,0.007217343430966139,0.6916131973266602
iterative_q,9000056,13,13.0,northern_phoenix,0,Wait,0,Wait,0,215,213,0,,4,5,0.6916131973266602,0.007217343430966139,0.6916131973266602
iterative_q,9000056,13,13.0,northern_pioneer,0,Wait,0,Wait,0,215,213,0,,4,5,0.6916131973266602,0.007217343430966139,0.6916131973266602
iterative_q,9000056,14,14.0,northern_pathfinder,0,Wait,0,Wait,0,215,213,0,,4,5,0.787734866142273,0.008090811781585217,0.787734866142273
iterative_q,9000056,14,14.0,northern_phoenix,0,Wait,0,Wait,0,215,213,0,,4,5,0.787734866142273,0.008090811781585217,0.787734866142273
iterative_q,9000056,14,14.0,northern_pioneer,0,Wait,0,Wait,0,215,213,0,,4,5,0.787734866142273,0.008090811781585217,0.787734866142273
iterative_q,9000056,15,15.0,northern_pathfinder,0,Wait,0,Wait,0,215,213,0,,5,5,0.6539859175682068,0.007314163725823164,0.6539859175682068
iterative_q,9000056,15,15.0,northern_phoenix,0,Wait,0,Wait,0,215,213,0,,5,5,0.6539859175682068,0.007314163725823164,0.6539859175682068
iterative_q,9000056,15,15.0,northern_pioneer,0,Wait,0,Wait,0,215,213,0,,5,5,0.6539859175682068,0.007314163725823164,0.6539859175682068
iterative_q,9000056,16,16.0,northern_pathfinder,0,Wait,0,Wait,0,215,105,0,,3,5,0.8025153875350952,0.02387894131243229,0.8025153875350952
iterative_q,9000056,16,16.0,northern_phoenix,0,Wait,0,Wait,0,215,105,0,,3,5,0.8025153875350952,0.02387894131243229,0.8025153875350952
iterative_q,9000056,16,16.0,northern_pioneer,0,Wait,0,Wait,0,215,105,0,,3,5,0.8025153875350952,0.02387894131243229,0.8025153875350952
iterative_q,9000056,17,17.0,northern_pathfinder,0,Wait,0,Wait,0,215,105,0,,4,5,0.6707620024681091,0.02515328861773014,0.6707620024681091
iterative_q,9000056,17,17.0,northern_phoenix,0,Wait,0,Wait,0,215,105,0,,4,5,0.6707620024681091,0.02515328861773014,0.6707620024681091
iterative_q,9000056,17,17.0,northern_pioneer,0,Wait,0,Wait,0,215,105,0,,4,5,0.6707620024681091,0.02515328861773014,0.6707620024681091
iterative_q,9000056,18,18.0,northern_pathfinder,0,Wait,0,Wait,0,215,105,0,,4,5,0.6339067220687866,0.025264935567975044,0.6339067220687866
iterative_q,9000056,18,18.0,northern_phoenix,0,Wait,0,Wait,0,215,105,0,,4,5,0.6339067220687866,0.025264935567975044,0.6339067220687866
iterative_q,9000056,18,18.0,northern_pioneer,0,Wait,0,Wait,0,215,105,0,,4,5,0.6339067220687866,0.025264935567975044,0.6339067220687866
iterative_q,9000056,19,19.0,northern_pathfinder,0,Wait,0,Wait,0,215,105,0,,3,5,0.6065961122512817,0.02592756226658821,0.6065961122512817
iterative_q,9000056,19,19.0,northern_phoenix,0,Wait,0,Wait,0,215,105,0,,3,5,0.6065961122512817,0.02592756226658821,0.6065961122512817
iterative_q,9000056,19,19.0,northern_pioneer,0,Wait,0,Wait,0,215,105,0,,3,5,0.6065961122512817,0.02592756226658821,0.6065961122512817
iterative_q,9000056,20,20.0,northern_pathfinder,0,Wait,0,Wait,0,215,105,0,,4,5,0.6005891561508179,0.02572869136929512,0.6005891561508179
iterative_q,9000056,20,20.0,northern_phoenix,0,Wait,0,Wait,0,215,105,0,,4,5,0.6005891561508179,0.02572869136929512,0.6005891561508179
iterative_q,9000056,20,20.0,northern_pioneer,0,Wait,0,Wait,0,215,105,0,,4,5,0.6005891561508179,0.02572869136929512,0.6005891561508179
iterative_q,9000056,21,21.0,northern_pathfinder,0,Wait,0,Wait,0,215,69,0,,5,5,0.5660247802734375,0.02044215239584446,0.5660247802734375
iterative_q,9000056,21,21.0,northern_phoenix,0,Wait,0,Wait,0,215,69,0,,5,5,0.5660247802734375,0.02044215239584446,0.5660247802734375
iterative_q,9000056,21,21.0,northern_pioneer,0,Wait,0,Wait,0,215,69,0,,5,5,0.5660247802734375,0.02044215239584446,0.5660247802734375
iterative_q,9000056,22,22.0,northern_pathfinder,0,Wait,0,Wait,0,215,105,0,,5,5,0.5716403722763062,0.025825541466474533,0.5716403722763062
iterative_q,9000056,22,22.0,northern_phoenix,0,Wait,0,Wait,0,215,105,0,,5,5,0.5716403722763062,0.025825541466474533,0.5716403722763062
iterative_q,9000056,22,22.0,northern_pioneer,0,Wait,0,Wait,0,215,105,0,,5,5,0.5716403722763062,0.025825541466474533,0.5716403722763062
iterative_q,9000056,23,23.0,northern_pathfinder,0,Wait,0,Wait,0,215,105,0,,5,5,0.5719567537307739,0.025389213114976883,0.5719567537307739
iterative_q,9000056,23,23.0,northern_phoenix,0,Wait,0,Wait,0,215,105,0,,5,5,0.5719567537307739,0.025389213114976883,0.5719567537307739
iterative_q,9000056,23,23.0,northern_pioneer,0,Wait,0,Wait,0,215,105,0,,5,5,0.5719567537307739,0.025389213114976883,0.5719567537307739
iterative_q,9000056,24,24.0,northern_pathfinder,0,Wait,0,Wait,0,215,105,0,,5,5,0.6655635237693787,0.024702414870262146,0.6655635237693787
iterative_q,9000056,24,24.0,northern_phoenix,0,Wait,0,Wait,0,215,105,0,,5,5,0.6655635237693787,0.024702414870262146,0.6655635237693787
iterative_q,9000056,24,24.0,northern_pioneer,0,Wait,0,Wait,0,215,105,0,,5,5,0.6655635237693787,0.024702414870262146,0.6655635237693787
iterative_q,9000056,25,25.0,northern_pathfinder,0,Wait,0,Wait,0,215,105,0,,4,5,0.6395310163497925,0.025223247706890106,0.6395310163497925
iterative_q,9000056,25,25.0,northern_phoenix,0,Wait,0,Wait,0,215,105,0,,4,5,0.6395310163497925,0.025223247706890106,0.6395310163497925
iterative_q,9000056,25,25.0,northern_pioneer,0,Wait,0,Wait,0,215,105,0,,4,5,0.6395310163497925,0.025223247706890106,0.6395310163497925
iterative_q,9000056,26,26.0,northern_pathfinder,0,Wait,0,Wait,0,215,105,0,,4,5,0.6164611577987671,0.025816524401307106,0.6164611577987671
iterative_q,9000056,26,26.0,northern_phoenix,0,Wait,0,Wait,0,215,105,0,,4,5,0.6164611577987671,0.025816524401307106,0.6164611577987671
iterative_q,9000056,26,26.0,northern_pioneer,0,Wait,0,Wait,0,215,105,0,,4,5,0.6164611577987671,0.025816524401307106,0.6164611577987671
iterative_q,9000056,27,27.0,northern_pathfinder,0,Wait,0,Wait,0,215,105,0,,5,5,0.5810214281082153,0.025397123768925667,0.5810214281082153
iterative_q,9000056,27,27.0,northern_phoenix,0,Wait,0,Wait,0,215,105,0,,5,5,0.5810214281082153,0.025397123768925667,0.5810214281082153
iterative_q,9000056,27,27.0,northern_pioneer,0,Wait,0,Wait,0,215,105,0,,5,5,0.5810214281082153,0.025397123768925667,0.5810214281082153
iterative_q,9000056,28,28.0,northern_pathfinder,0,Wait,0,Wait,0,215,105,0,,4,5,0.5952900648117065,0.02565912716090679,0.5952900648117065
iterative_q,9000056,28,28.0,northern_phoenix,0,Wait,0,Wait,0,215,105,0,,4,5,0.5952900648117065,0.02565912716090679,0.5952900648117065
iterative_q,9000056,28,28.0,northern_pioneer,0,Wait,0,Wait,0,215,105,0,,4,5,0.5952900648117065,0.02565912716090679,0.5952900648117065
iterative_q,9000056,29,29.0,northern_pathfinder,0,Wait,0,Wait,0,215,105,0,,4,5,0.5538989305496216,0.025876399129629135,0.5538989305496216
iterative_q,9000056,29,29.0,northern_phoenix,0,Wait,0,Wait,0,215,105,0,,4,5,0.5538989305496216,0.025876399129629135,0.5538989305496216
iterative_q,9000056,29,29.0,northern_pioneer,0,Wait,0,Wait,0,215,105,0,,4,5,0.5538989305496216,0.025876399129629135,0.5538989305496216
iterative_q,9000056,30,30.0,northern_pathfinder,0,Wait,0,Wait,0,215,105,0,,4,5,0.6550889015197754,0.025376925244927406,0.6550889015197754
iterative_q,9000056,30,30.0,northern_phoenix,0,Wait,0,Wait,0,215,105,0,,4,5,0.6550889015197754,0.025376925244927406,0.6550889015197754
iterative_q,9000056,30,30.0,northern_pioneer,0,Wait,0,Wait,0,215,105,0,,4,5,0.6550889015197754,0.025376925244927406,0.6550889015197754
iterative_q,9000056,31,31.0,northern_pathfinder,0,Wait,0,Wait,0,215,69,0,,1,5,0.6035096645355225,0.019374260678887367,0.6035096645355225
iterative_q,9000056,31,31.0,northern_phoenix,0,Wait,0,Wait,0,215,69,0,,1,5,0.6035096645355225,0.019374260678887367,0.6035096645355225
iterative_q,9000056,31,31.0,northern_pioneer,0,Wait,0,Wait,0,215,69,0,,1,5,0.6035096645355225,0.019374260678887367,0.6035096645355225
iterative_q,9000056,32,32.0,northern_pathfinder,0,Wait,0,Wait,0,215,69,0,,5,5,0.5864821672439575,0.01964450255036354,0.5864821672439575
iterative_q,9000056,32,32.0,northern_phoenix,0,Wait,0,Wait,0,215,69,0,,5,5,0.5864821672439575,0.01964450255036354,0.5864821672439575
iterative_q,9000056,32,32.0,northern_pioneer,0,Wait,0,Wait,0,215,69,0,,5,5,0.5864821672439575,0.01964450255036354,0.5864821672439575
iterative_q,9000056,33,33.0,northern_pathfinder,0,Wait,0,Wait,0,215,69,0,,4,5,0.49890264868736267,0.018810341134667397,0.49890264868736267
iterative_q,9000056,33,33.0,northern_phoenix,0,Wait,0,Wait,0,215,69,0,,4,5,0.49890264868736267,0.018810341134667397,0.49890264868736267
iterative_q,9000056,33,33.0,northern_pioneer,0,Wait,0,Wait,0,215,69,0,,4,5,0.49890264868736267,0.018810341134667397,0.49890264868736267
iterative_q,9000056,34,34.0,northern_pathfinder,0,Wait,0,Wait,0,215,105,0,,4,5,0.47558164596557617,0.028108928352594376,0.47558164596557617
iterative_q,9000056,34,34.0,northern_phoenix,0,Wait,0,Wait,0,215,105,0,,4,5,0.47558164596557617,0.028108928352594376,0.47558164596557617
iterative_q,9000056,34,34.0,northern_pioneer,0,Wait,0,Wait,0,215,105,0,,4,5,0.47558164596557617,0.028108928352594376,0.47558164596557617
iterative_q,9000056,35,35.0,northern_pathfinder,0,Wait,0,Wait,0,215,105,0,,5,5,0.6323274970054626,0.02392973005771637,0.6323274970054626
iterative_q,9000056,35,35.0,northern_phoenix,0,Wait,0,Wait,0,215,105,0,,5,5,0.6323274970054626,0.02392973005771637,0.6323274970054626
iterative_q,9000056,35,35.0,northern_pioneer,0,Wait,0,Wait,0,215,105,0,,5,5,0.6323274970054626,0.02392973005771637,0.6323274970054626
iterative_q,9000056,36,36.0,northern_pathfinder,0,Wait,0,Wait,0,215,105,0,,5,5,0.5927495956420898,0.024910584092140198,0.5927495956420898
iterative_q,9000056,36,36.0,northern_phoenix,0,Wait,0,Wait,0,215,105,0,,5,5,0.5927495956420898,0.024910584092140198,0.5927495956420898
iterative_q,9000056,36,36.0,northern_pioneer,0,Wait,0,Wait,0,215,105,0,,5,5,0.5927495956420898,0.024910584092140198,0.5927495956420898
iterative_q,9000056,37,37.0,northern_pathfinder,0,Wait,0,Wait,0,215,105,0,,5,5,0.6236748695373535,0.024546165019273758,0.6236748695373535
iterative_q,9000056,37,37.0,northern_phoenix,0,Wait,0,Wait,0,215,105,0,,5,5,0.6236748695373535,0.024546165019273758,0.6236748695373535
iterative_q,9000056,37,37.0,northern_pioneer,0,Wait,0,Wait,0,215,105,0,,5,5,0.6236748695373535,0.024546165019273758,0.6236748695373535
iterative_q,9000056,38,38.0,northern_pathfinder,0,Wait,0,Wait,0,215,105,0,,5,5,0.5654061436653137,0.025163237005472183,0.5654061436653137
iterative_q,9000056,38,38.0,northern_phoenix,0,Wait,0,Wait,0,215,105,0,,5,5,0.5654061436653137,0.025163237005472183,0.5654061436653137
iterative_q,9000056,38,38.0,northern_pioneer,0,Wait,0,Wait,0,215,105,0,,5,5,0.5654061436653137,0.025163237005472183,0.5654061436653137
iterative_q,9000056,39,39.0,northern_pathfinder,0,Wait,0,Wait,0,215,105,0,,5,5,0.5889303088188171,0.025244737043976784,0.5889303088188171
iterative_q,9000056,39,39.0,northern_phoenix,0,Wait,0,Wait,0,215,105,0,,5,5,0.5889303088188171,0.025244737043976784,0.5889303088188171
iterative_q,9000056,39,39.0,northern_pioneer,0,Wait,0,Wait,0,215,105,0,,5,5,0.5889303088188171,0.025244737043976784,0.5889303088188171
iterative_q,9000056,40,40.0,northern_pathfinder,0,Wait,0,Wait,0,215,105,0,,4,0,0.2919503152370453,0.028935248032212257,0.2919503152370453
iterative_q,9000056,40,40.0,northern_phoenix,0,Wait,0,Wait,0,215,105,0,,4,0,0.2919503152370453,0.028935248032212257,0.2919503152370453
iterative_q,9000056,40,40.0,northern_pioneer,0,Wait,0,Wait,0,215,105,0,,4,0,0.2919503152370453,0.028935248032212257,0.2919503152370453
iterative_q,9000056,41,41.0,northern_pathfinder,0,Wait,0,Wait,0,215,213,0,,3,0,0.24899208545684814,0.011087178252637386,0.24899208545684814
iterative_q,9000056,41,41.0,northern_phoenix,0,Wait,0,Wait,0,215,213,0,,3,0,0.24899208545684814,0.011087178252637386,0.24899208545684814
iterative_q,9000056,41,41.0,northern_pioneer,0,Wait,0,Wait,0,215,213,0,,3,0,0.24899208545684814,0.011087178252637386,0.24899208545684814
iterative_q,9000056,42,42.0,northern_pathfinder,0,Wait,0,Wait,0,215,213,0,,3,0,0.26287585496902466,0.010497228242456913,0.26287585496902466
iterative_q,9000056,42,42.0,northern_phoenix,0,Wait,0,Wait,0,215,213,0,,3,0,0.26287585496902466,0.010497228242456913,0.26287585496902466
iterative_q,9000056,42,42.0,northern_pioneer,0,Wait,0,Wait,0,215,213,0,,3,0,0.26287585496902466,0.010497228242456913,0.26287585496902466
iterative_q,9000056,43,43.0,northern_pathfinder,0,Wait,0,Wait,0,215,213,0,,3,0,0.2349805384874344,0.01091879140585661,0.2349805384874344
iterative_q,9000056,43,43.0,northern_phoenix,0,Wait,0,Wait,0,215,213,0,,3,0,0.2349805384874344,0.01091879140585661,0.2349805384874344
iterative_q,9000056,43,43.0,northern_pioneer,0,Wait,0,Wait,0,215,213,0,,3,0,0.2349805384874344,0.01091879140585661,0.2349805384874344
iterative_q,9000056,44,44.0,northern_pathfinder,0,Wait,0,Wait,0,215,105,0,,2,0,0.2467152178287506,0.0287100151181221,0.2467152178287506
iterative_q,9000056,44,44.0,northern_phoenix,0,Wait,0,Wait,0,215,105,0,,2,0,0.2467152178287506,0.0287100151181221,0.2467152178287506
iterative_q,9000056,44,44.0,northern_pioneer,0,Wait,0,Wait,0,215,105,0,,2,0,0.2467152178287506,0.0287100151181221,0.2467152178287506
iterative_q,9000056,45,45.0,northern_pathfinder,0,Wait,0,Wait,0,215,105,0,,3,0,0.2520963251590729,0.028964167460799217,0.2520963251590729
iterative_q,9000056,45,45.0,northern_phoenix,0,Wait,0,Wait,0,215,105,0,,3,0,0.2520963251590729,0.028964167460799217,0.2520963251590729
iterative_q,9000056,45,45.0,northern_pioneer,0,Wait,0,Wait,0,215,105,0,,3,0,0.2520963251590729,0.028964167460799217,0.2520963251590729
iterative_q,9000056,46,46.0,northern_pathfinder,0,Wait,0,Wait,0,215,105,0,,4,0,0.2240959107875824,0.028468113392591476,0.2240959107875824
iterative_q,9000056,46,46.0,northern_phoenix,0,Wait,0,Wait,0,215,105,0,,4,0,0.2240959107875824,0.028468113392591476,0.2240959107875824
iterative_q,9000056,46,46.0,northern_pioneer,0,Wait,0,Wait,0,215,105,0,,4,0,0.2240959107875824,0.028468113392591476,0.2240959107875824
iterative_q,9000056,47,47.0,northern_pathfinder,0,Wait,0,Wait,0,215,105,0,,4,0,0.11183357238769531,0.0304215420037508,0.11183357238769531
iterative_q,9000056,47,47.0,northern_phoenix,0,Wait,0,Wait,0,215,105,0,,4,0,0.11183357238769531,0.0304215420037508,0.11183357238769531
iterative_q,9000056,47,47.0,northern_pioneer,0,Wait,0,Wait,0,215,105,0,,4,0,0.11183357238769531,0.0304215420037508,0.11183357238769531
iterative_q,9000056,48,48.0,northern_pathfinder,0,Wait,0,Wait,0,215,213,0,,3,0,0.17095980048179626,0.011599848046898842,0.17095980048179626
iterative_q,9000056,48,48.0,northern_phoenix,0,Wait,0,Wait,0,215,213,0,,3,0,0.17095980048179626,0.011599848046898842,0.17095980048179626
iterative_q,9000056,48,48.0,northern_pioneer,0,Wait,0,Wait,0,215,213,0,,3,0,0.17095980048179626,0.011599848046898842,0.17095980048179626
iterative_q,9000056,49,49.0,northern_pathfinder,0,Wait,0,Wait,0,215,213,0,,3,0,0.284601628780365,0.010118958540260792,0.284601628780365
iterative_q,9000056,49,49.0,northern_phoenix,0,Wait,0,Wait,0,215,213,0,,3,0,0.284601628780365,0.010118958540260792,0.284601628780365
iterative_q,9000056,49,49.0,northern_pioneer,0,Wait,0,Wait,0,215,213,0,,3,0,0.284601628780365,0.010118958540260792,0.284601628780365
iterative_q,9000056,50,50.0,northern_pathfinder,0,Wait,0,Wait,0,215,213,0,,3,0,0.3089107275009155,0.010212179273366928,0.3089107275009155
iterative_q,9000056,50,50.0,northern_phoenix,0,Wait,0,Wait,0,215,213,0,,3,0,0.3089107275009155,0.010212179273366928,0.3089107275009155
iterative_q,9000056,50,50.0,northern_pioneer,0,Wait,0,Wait,0,215,213,0,,3,0,0.3089107275009155,0.010212179273366928,0.3089107275009155
iterative_q,9000056,51,51.0,northern_pathfinder,0,Wait,0,Wait,0,215,105,0,,2,0,0.2903830409049988,0.028170572593808174,0.2903830409049988
iterative_q,9000056,51,51.0,northern_phoenix,0,Wait,0,Wait,0,215,105,0,,2,0,0.2903830409049988,0.028170572593808174,0.2903830409049988
iterative_q,9000056,51,51.0,northern_pioneer,0,Wait,0,Wait,0,215,105,0,,2,0,0.2903830409049988,0.028170572593808174,0.2903830409049988
iterative_q,9000056,52,52.0,northern_pathfinder,0,Wait,0,Wait,0,215,213,0,,3,0,0.32478153705596924,0.01023722905665636,0.32478153705596924
iterative_q,9000056,52,52.0,northern_phoenix,0,Wait,0,Wait,0,215,213,0,,3,0,0.32478153705596924,0.01023722905665636,0.32478153705596924
iterative_q,9000056,52,52.0,northern_pioneer,0,Wait,0,Wait,0,215,213,0,,3,0,0.32478153705596924,0.01023722905665636,0.32478153705596924
iterative_q,9000056,53,53.0,northern_pathfinder,0,Wait,0,Wait,0,215,213,0,,3,0,0.3206513524055481,0.010192313231527805,0.3206513524055481
iterative_q,9000056,53,53.0,northern_phoenix,0,Wait,0,Wait,0,215,213,0,,3,0,0.3206513524055481,0.010192313231527805,0.3206513524055481
iterative_q,9000056,53,53.0,northern_pioneer,0,Wait,0,Wait,0,215,213,0,,3,0,0.3206513524055481,0.010192313231527805,0.3206513524055481
iterative_q,9000056,54,54.0,northern_pathfinder,0,Wait,0,Wait,0,215,213,0,,3,0,0.20894446969032288,0.010903358459472656,0.20894446969032288
iterative_q,9000056,54,54.0,northern_phoenix,0,Wait,0,Wait,0,215,213,0,,3,0,0.20894446969032288,0.010903358459472656,0.20894446969032288
iterative_q,9000056,54,54.0,northern_pioneer,0,Wait,0,Wait,0,215,213,0,,3,0,0.20894446969032288,0.010903358459472656,0.20894446969032288
iterative_q,9000056,55,55.0,northern_pathfinder,0,Wait,0,Wait,0,215,105,0,,3,0,0.20992502570152283,0.029311100021004677,0.20992502570152283
iterative_q,9000056,55,55.0,northern_phoenix,0,Wait,0,Wait,0,215,105,0,,3,0,0.20992502570152283,0.029311100021004677,0.20992502570152283
iterative_q,9000056,55,55.0,northern_pioneer,0,Wait,0,Wait,0,215,105,0,,3,0,0.20992502570152283,0.029311100021004677,0.20992502570152283
iterative_q,9000056,56,56.0,northern_pathfinder,0,Wait,0,Wait,0,215,105,0,,3,0,0.24744439125061035,0.028035476803779602,0.24744439125061035
iterative_q,9000056,56,56.0,northern_phoenix,0,Wait,0,Wait,0,215,105,0,,3,0,0.24744439125061035,0.028035476803779602,0.24744439125061035
iterative_q,9000056,56,56.0,northern_pioneer,0,Wait,0,Wait,0,215,105,0,,3,0,0.24744439125061035,0.028035476803779602,0.24744439125061035
iterative_q,9000056,57,57.0,northern_pathfinder,0,Wait,0,Wait,0,215,213,0,,3,0,0.2612932324409485,0.010512173175811768,0.2612932324409485
iterative_q,9000056,57,57.0,northern_phoenix,0,Wait,0,Wait,0,215,213,0,,3,0,0.2612932324409485,0.010512173175811768,0.2612932324409485
iterative_q,9000056,57,57.0,northern_pioneer,0,Wait,0,Wait,0,215,213,0,,3,0,0.2612932324409485,0.010512173175811768,0.2612932324409485
iterative_q,9000056,58,58.0,northern_pathfinder,0,Wait,0,Wait,0,215,213,0,,3,0,0.26137301325798035,0.010088508017361164,0.26137301325798035
iterative_q,9000056,58,58.0,northern_phoenix,0,Wait,0,Wait,0,215,213,0,,3,0,0.26137301325798035,0.010088508017361164,0.26137301325798035
iterative_q,9000056,58,58.0,northern_pioneer,0,Wait,0,Wait,0,215,213,0,,3,0,0.26137301325798035,0.010088508017361164,0.26137301325798035
iterative_q,9000056,59,59.0,northern_pathfinder,0,Wait,0,Wait,0,215,211,0,,2,0,0.20598086714744568,0.0077653080224990845,0.20598086714744568
iterative_q,9000056,59,59.0,northern_phoenix,0,Wait,0,Wait,0,215,211,0,,2,0,0.20598086714744568,0.0077653080224990845,0.20598086714744568
iterative_q,9000056,59,59.0,northern_pioneer,0,Wait,0,Wait,0,215,211,0,,2,0,0.20598086714744568,0.0077653080224990845,0.20598086714744568
iterative_q,9000056,60,60.0,northern_pathfinder,0,Wait,0,Wait,0,215,105,0,,4,0,0.17530158162117004,0.02919580601155758,0.17530158162117004
iterative_q,9000056,60,60.0,northern_phoenix,0,Wait,0,Wait,0,215,105,0,,4,0,0.17530158162117004,0.02919580601155758,0.17530158162117004
iterative_q,9000056,60,60.0,northern_pioneer,0,Wait,0,Wait,0,215,105,0,,4,0,0.17530158162117004,0.02919580601155758,0.17530158162117004
iterative_q,9000056,61,61.0,northern_pathfinder,0,Wait,0,Wait,0,215,105,0,,4,0,0.2321159392595291,0.028087610378861427,0.2321159392595291
iterative_q,9000056,61,61.0,northern_phoenix,0,Wait,0,Wait,0,215,105,0,,4,0,0.2321159392595291,0.028087610378861427,0.2321159392595291
iterative_q,9000056,61,61.0,northern_pioneer,0,Wait,0,Wait,0,215,105,0,,4,0,0.2321159392595291,0.028087610378861427,0.2321159392595291
iterative_q,9000056,62,62.0,northern_pathfinder,0,Wait,0,Wait,0,215,105,0,,5,0,0.2925335466861725,0.02717430330812931,0.2925335466861725
iterative_q,9000056,62,62.0,northern_phoenix,0,Wait,0,Wait,0,215,105,0,,5,0,0.2925335466861725,0.02717430330812931,0.2925335466861725
iterative_q,9000056,62,62.0,northern_pioneer,0,Wait,0,Wait,0,215,105,0,,5,0,0.2925335466861725,0.02717430330812931,0.2925335466861725
iterative_q,9000056,63,63.0,northern_pathfinder,0,Wait,0,Wait,0,215,105,0,,4,0,0.2349987030029297,0.028962086886167526,0.2349987030029297
iterative_q,9000056,63,63.0,northern_phoenix,0,Wait,0,Wait,0,215,105,0,,4,0,0.2349987030029297,0.028962086886167526,0.2349987030029297
iterative_q,9000056,63,63.0,northern_pioneer,0,Wait,0,Wait,0,215,105,0,,4,0,0.2349987030029297,0.028962086886167526,0.2349987030029297
iterative_q,9000056,64,64.0,northern_pathfinder,0,Wait,0,Wait,0,215,213,0,,2,0,0.24503865838050842,0.010154497809708118,0.24503865838050842
iterative_q,9000056,64,64.0,northern_phoenix,0,Wait,0,Wait,0,215,213,0,,2,0,0.24503865838050842,0.010154497809708118,0.24503865838050842
iterative_q,9000056,64,64.0,northern_pioneer,0,Wait,0,Wait,0,215,213,0,,2,0,0.24503865838050842,0.010154497809708118,0.24503865838050842
iterative_q,9000056,65,65.0,northern_pathfinder,0,Wait,0,Wait,0,215,105,0,,4,0,0.28197747468948364,0.026041069999337196,0.28197747468948364
iterative_q,9000056,65,65.0,northern_phoenix,0,Wait,0,Wait,0,215,105,0,,4,0,0.28197747468948364,0.026041069999337196,0.28197747468948364
iterative_q,9000056,65,65.0,northern_pioneer,0,Wait,0,Wait,0,215,105,0,,4,0,0.28197747468948364,0.026041069999337196,0.28197747468948364
iterative_q,9000056,66,66.0,northern_pathfinder,0,Wait,0,Wait,0,215,105,0,,4,0,0.27259039878845215,0.025129105895757675,0.27259039878845215
iterative_q,9000056,66,66.0,northern_phoenix,0,Wait,0,Wait,0,215,105,0,,4,0,0.27259039878845215,0.025129105895757675,0.27259039878845215
iterative_q,9000056,66,66.0,northern_pioneer,0,Wait,0,Wait,0,215,105,0,,4,0,0.27259039878845215,0.025129105895757675,0.27259039878845215
iterative_q,9000056,67,67.0,northern_pathfinder,0,Wait,0,Wait,0,215,105,0,,4,0,0.23322787880897522,0.026018571108579636,0.23322787880897522
iterative_q,9000056,67,67.0,northern_phoenix,0,Wait,0,Wait,0,215,105,0,,4,0,0.23322787880897522,0.026018571108579636,0.23322787880897522
iterative_q,9000056,67,67.0,northern_pioneer,0,Wait,0,Wait,0,215,105,0,,4,0,0.23322787880897522,0.026018571108579636,0.23322787880897522
iterative_q,9000056,68,68.0,northern_pathfinder,0,Wait,0,Wait,0,215,211,0,,5,0,0.271096795797348,0.008637472987174988,0.271096795797348
iterative_q,9000056,68,68.0,northern_phoenix,0,Wait,0,Wait,0,215,211,0,,5,0,0.271096795797348,0.008637472987174988,0.271096795797348
iterative_q,9000056,68,68.0,northern_pioneer,0,Wait,0,Wait,0,215,211,0,,5,0,0.271096795797348,0.008637472987174988,0.271096795797348
iterative_q,9000056,69,69.0,northern_pathfinder,0,Wait,0,Wait,0,215,211,0,,2,0,0.06342390179634094,0.008347388356924057,0.06342390179634094
iterative_q,9000056,69,69.0,northern_phoenix,0,Wait,0,Wait,0,215,211,0,,2,0,0.06342390179634094,0.008347388356924057,0.06342390179634094
iterative_q,9000056,69,69.0,northern_pioneer,0,Wait,0,Wait,0,215,211,0,,2,0,0.06342390179634094,0.008347388356924057,0.06342390179634094
iterative_q,9000056,70,70.0,northern_pathfinder,0,Wait,0,Wait,0,215,211,0,,5,0,0.32337483763694763,0.009598116390407085,0.32337483763694763
iterative_q,9000056,70,70.0,northern_phoenix,0,Wait,0,Wait,0,215,211,0,,5,0,0.32337483763694763,0.009598116390407085,0.32337483763694763
iterative_q,9000056,70,70.0,northern_pioneer,0,Wait,0,Wait,0,215,211,0,,5,0,0.32337483763694763,0.009598116390407085,0.32337483763694763
iterative_q,9000056,71,71.0,northern_pathfinder,0,Wait,0,Wait,0,215,211,0,,5,0,0.313088595867157,0.009334052912890911,0.313088595867157
iterative_q,9000056,71,71.0,northern_phoenix,0,Wait,0,Wait,0,215,211,0,,5,0,0.313088595867157,0.009334052912890911,0.313088595867157
iterative_q,9000056,71,71.0,northern_pioneer,0,Wait,0,Wait,0,215,211,0,,5,0,0.313088595867157,0.009334052912890911,0.313088595867157
iterative_q,9000056,72,72.0,northern_pathfinder,0,Wait,0,Wait,0,215,211,0,,5,0,0.24609127640724182,0.009827331639826298,0.24609127640724182
iterative_q,9000056,72,72.0,northern_phoenix,0,Wait,0,Wait,0,215,211,0,,5,0,0.24609127640724182,0.009827331639826298,0.24609127640724182
iterative_q,9000056,72,72.0,northern_pioneer,0,Wait,0,Wait,0,215,211,0,,5,0,0.24609127640724182,0.009827331639826298,0.24609127640724182
iterative_q,9000056,73,73.0,northern_pathfinder,0,Wait,0,Wait,0,215,211,0,,5,0,0.33557283878326416,0.010894766077399254,0.33557283878326416
iterative_q,9000056,73,73.0,northern_phoenix,0,Wait,0,Wait,0,215,211,0,,5,0,0.33557283878326416,0.010894766077399254,0.33557283878326416
iterative_q,9000056,73,73.0,northern_pioneer,0,Wait,0,Wait,0,215,211,0,,5,0,0.33557283878326416,0.010894766077399254,0.33557283878326416
iterative_q,9000056,74,74.0,northern_pathfinder,0,Wait,0,Wait,0,215,183,0,,5,5,0.6174674034118652,0.006575495935976505,0.6174674034118652
iterative_q,9000056,74,74.0,northern_phoenix,4,Yara Sluiskil,4,Yara Sluiskil,0,215,183,0,,5,5,0.6174674034118652,0.006575495935976505,0.6174674034118652
iterative_q,9000056,74,74.0,northern_pioneer,0,Wait,0,Wait,0,215,183,0,,5,5,0.6174674034118652,0.006575495935976505,0.6174674034118652
iterative_q,9000056,75,75.0,northern_pathfinder,0,Wait,0,Wait,0,215,211,0,,5,0,0.36232826113700867,0.010460269637405872,0.36232826113700867
iterative_q,9000056,75,75.0,northern_phoenix,0,Wait,0,Wait,0,215,211,0,,5,0,0.36232826113700867,0.010460269637405872,0.36232826113700867
iterative_q,9000056,75,75.0,northern_pioneer,0,Wait,0,Wait,0,215,211,0,,5,0,0.36232826113700867,0.010460269637405872,0.36232826113700867
iterative_q,9000056,76,76.0,northern_pathfinder,0,Wait,0,Wait,0,215,211,0,,5,0,0.36284399032592773,0.00982971303164959,0.36284399032592773
iterative_q,9000056,76,76.0,northern_phoenix,0,Wait,0,Wait,0,215,211,0,,5,0,0.36284399032592773,0.00982971303164959,0.36284399032592773
iterative_q,9000056,76,76.0,northern_pioneer,0,Wait,0,Wait,0,215,211,0,,5,0,0.36284399032592773,0.00982971303164959,0.36284399032592773
iterative_q,9000056,77,77.0,northern_pathfinder,0,Wait,0,Wait,0,215,213,0,,5,0,0.33387356996536255,0.0075313556008040905,0.33387356996536255
iterative_q,9000056,77,77.0,northern_phoenix,0,Wait,0,Wait,0,215,213,0,,5,0,0.33387356996536255,0.0075313556008040905,0.33387356996536255
iterative_q,9000056,77,77.0,northern_pioneer,0,Wait,0,Wait,0,215,213,0,,5,0,0.33387356996536255,0.0075313556008040905,0.33387356996536255
iterative_q,9000056,78,78.0,northern_pathfinder,0,Wait,0,Wait,0,215,211,0,,5,0,0.288457453250885,0.00926121510565281,0.288457453250885
iterative_q,9000056,78,78.0,northern_phoenix,0,Wait,0,Wait,0,215,211,0,,5,0,0.288457453250885,0.00926121510565281,0.288457453250885
iterative_q,9000056,78,78.0,northern_pioneer,0,Wait,0,Wait,0,215,211,0,,5,0,0.288457453250885,0.00926121510565281,0.288457453250885
iterative_q,9000056,79,79.0,northern_pathfinder,0,Wait,0,Wait,0,215,211,0,,5,5,0.5249677896499634,0.013020304031670094,0.5249677896499634
iterative_q,9000056,79,79.0,northern_phoenix,0,Wait,0,Wait,0,215,211,0,,5,5,0.5249677896499634,0.013020304031670094,0.5249677896499634
iterative_q,9000056,79,79.0,northern_pioneer,0,Wait,0,Wait,0,215,211,0,,5,5,0.5249677896499634,0.013020304031670094,0.5249677896499634
iterative_q,9000056,80,80.0,northern_pathfinder,0,Wait,0,Wait,0,215,211,0,,5,5,0.6109320521354675,0.012480161152780056,0.6109320521354675
iterative_q,9000056,80,80.0,northern_phoenix,0,Wait,0,Wait,0,215,211,0,,5,5,0.6109320521354675,0.012480161152780056,0.6109320521354675
iterative_q,9000056,80,80.0,northern_pioneer,0,Wait,0,Wait,0,215,211,0,,5,5,0.6109320521354675,0.012480161152780056,0.6109320521354675
iterative_q,9000056,81,81.0,northern_pathfinder,0,Wait,0,Wait,0,215,211,0,,5,5,0.6236558556556702,0.012333160266280174,0.6236558556556702
iterative_q,9000056,81,81.0,northern_phoenix,0,Wait,0,Wait,0,215,211,0,,5,5,0.6236558556556702,0.012333160266280174,0.6236558556556702
iterative_q,9000056,81,81.0,northern_pioneer,0,Wait,0,Wait,0,215,211,0,,5,5,0.6236558556556702,0.012333160266280174,0.6236558556556702
iterative_q,9000056,82,82.0,northern_pathfinder,0,Wait,0,Wait,0,215,69,0,,3,5,0.536763072013855,0.02197962813079357,0.536763072013855
iterative_q,9000056,82,82.0,northern_phoenix,0,Wait,0,Wait,0,215,69,0,,3,5,0.536763072013855,0.02197962813079357,0.536763072013855
iterative_q,9000056,82,82.0,northern_pioneer,0,Wait,0,Wait,0,215,69,0,,3,5,0.536763072013855,0.02197962813079357,0.536763072013855
iterative_q,9000056,83,83.0,northern_pathfinder,0,Wait,0,Wait,0,215,211,0,,4,5,0.5198708772659302,0.012468692846596241,0.5198708772659302
iterative_q,9000056,83,83.0,northern_phoenix,0,Wait,0,Wait,0,215,211,0,,4,5,0.5198708772659302,0.012468692846596241,0.5198708772659302
iterative_q,9000056,83,83.0,northern_pioneer,0,Wait,0,Wait,0,215,211,0,,4,5,0.5198708772659302,0.012468692846596241,0.5198708772659302
iterative_q,9000056,84,84.0,northern_pathfinder,0,Wait,0,Wait,0,215,213,0,,5,5,0.6064392328262329,0.006923480425029993,0.6064392328262329
iterative_q,9000056,84,84.0,northern_phoenix,0,Wait,0,Wait,0,215,213,0,,5,5,0.6064392328262329,0.006923480425029993,0.6064392328262329
iterative_q,9000056,84,84.0,northern_pioneer,0,Wait,0,Wait,0,215,213,0,,5,5,0.6064392328262329,0.006923480425029993,0.6064392328262329
iterative_q,9000056,85,85.0,northern_pathfinder,0,Wait,0,Wait,0,215,211,0,,5,5,0.5732073187828064,0.01234559714794159,0.5732073187828064
iterative_q,9000056,85,85.0,northern_phoenix,0,Wait,0,Wait,0,215,211,0,,5,5,0.5732073187828064,0.01234559714794159,0.5732073187828064
iterative_q,9000056,85,85.0,northern_pioneer,0,Wait,0,Wait,0,215,211,0,,5,5,0.5732073187828064,0.01234559714794159,0.5732073187828064
iterative_q,9000056,86,86.0,northern_pathfinder,0,Wait,0,Wait,0,215,211,0,,3,5,0.5479472875595093,0.011944301426410675,0.5479472875595093
iterative_q,9000056,86,86.0,northern_phoenix,0,Wait,0,Wait,0,215,211,0,,3,5,0.5479472875595093,0.011944301426410675,0.5479472875595093
iterative_q,9000056,86,86.0,northern_pioneer,0,Wait,0,Wait,0,215,211,0,,3,5,0.5479472875595093,0.011944301426410675,0.5479472875595093
iterative_q,9000056,87,87.0,northern_pathfinder,0,Wait,0,Wait,0,215,211,0,,3,5,0.5233107209205627,0.011575127951800823,0.5233107209205627
iterative_q,9000056,87,87.0,northern_phoenix,0,Wait,0,Wait,0,215,211,0,,3,5,0.5233107209205627,0.011575127951800823,0.5233107209205627
iterative_q,9000056,87,87.0,northern_pioneer,0,Wait,0,Wait,0,215,211,0,,3,5,0.5233107209205627,0.011575127951800823,0.5233107209205627
iterative_q,9000056,88,88.0,northern_pathfinder,0,Wait,0,Wait,0,215,211,0,,5,5,0.5870798826217651,0.012049632146954536,0.5870798826217651
iterative_q,9000056,88,88.0,northern_phoenix,0,Wait,0,Wait,0,215,211,0,,5,5,0.5870798826217651,0.012049632146954536,0.5870798826217651
iterative_q,9000056,88,88.0,northern_pioneer,0,Wait,0,Wait,0,215,211,0,,5,5,0.5870798826217651,0.012049632146954536,0.5870798826217651
iterative_q,9000056,89,89.0,northern_pathfinder,0,Wait,0,Wait,0,215,213,0,,5,5,0.5512073040008545,0.006506126374006271,0.5512073040008545
iterative_q,9000056,89,89.0,northern_phoenix,0,Wait,0,Wait,0,215,213,0,,5,5,0.5512073040008545,0.006506126374006271,0.5512073040008545
iterative_q,9000056,89,89.0,northern_pioneer,0,Wait,0,Wait,0,215,213,0,,5,5,0.5512073040008545,0.006506126374006271,0.5512073040008545
iterative_q,9000056,90,90.0,northern_pathfinder,0,Wait,0,Wait,0,215,211,0,,5,5,0.5561754703521729,0.011317119002342224,0.5561754703521729
iterative_q,9000056,90,90.0,northern_phoenix,0,Wait,0,Wait,0,215,211,0,,5,5,0.5561754703521729,0.011317119002342224,0.5561754703521729
iterative_q,9000056,90,90.0,northern_pioneer,0,Wait,0,Wait,0,215,211,0,,5,5,0.5561754703521729,0.011317119002342224,0.5561754703521729
iterative_q,9000056,91,91.0,northern_pathfinder,0,Wait,0,Wait,0,215,213,0,,4,5,0.4973362386226654,0.006229081191122532,0.4973362386226654
iterative_q,9000056,91,91.0,northern_phoenix,0,Wait,0,Wait,0,215,213,0,,4,5,0.4973362386226654,0.006229081191122532,0.4973362386226654
iterative_q,9000056,91,91.0,northern_pioneer,0,Wait,0,Wait,0,215,213,0,,4,5,0.4973362386226654,0.006229081191122532,0.4973362386226654
iterative_q,9000056,92,92.0,northern_pathfinder,0,Wait,0,Wait,0,215,211,0,,5,5,0.5535838603973389,0.01207647006958723,0.5535838603973389
iterative_q,9000056,92,92.0,northern_phoenix,0,Wait,0,Wait,0,215,211,0,,5,5,0.5535838603973389,0.01207647006958723,0.5535838603973389
iterative_q,9000056,92,92.0,northern_pioneer,0,Wait,0,Wait,0,215,211,0,,5,5,0.5535838603973389,0.01207647006958723,0.5535838603973389
iterative_q,9000056,93,93.0,northern_pathfinder,0,Wait,0,Wait,0,215,211,0,,5,5,0.5467334389686584,0.01204745750874281,0.5467334389686584
iterative_q,9000056,93,93.0,northern_phoenix,0,Wait,0,Wait,0,215,211,0,,5,5,0.5467334389686584,0.01204745750874281,0.5467334389686584
iterative_q,9000056,93,93.0,northern_pioneer,0,Wait,0,Wait,0,215,211,0,,5,5,0.5467334389686584,0.01204745750874281,0.5467334389686584
iterative_q,9000056,94,94.0,northern_pathfinder,0,Wait,0,Wait,0,215,211,0,,5,5,0.6203996539115906,0.011830125004053116,0.6203996539115906
iterative_q,9000056,94,94.0,northern_phoenix,0,Wait,0,Wait,0,215,211,0,,5,5,0.6203996539115906,0.011830125004053116,0.6203996539115906
iterative_q,9000056,94,94.0,northern_pioneer,0,Wait,0,Wait,0,215,211,0,,5,5,0.6203996539115906,0.011830125004053116,0.6203996539115906
iterative_q,9000056,95,95.0,northern_pathfinder,0,Wait,0,Wait,0,215,211,0,,5,5,0.5822343826293945,0.011919358745217323,0.5822343826293945
iterative_q,9000056,95,95.0,northern_phoenix,0,Wait,0,Wait,0,215,211,0,,5,5,0.5822343826293945,0.011919358745217323,0.5822343826293945
iterative_q,9000056,95,95.0,northern_pioneer,0,Wait,0,Wait,0,215,211,0,,5,5,0.5822343826293945,0.011919358745217323,0.5822343826293945
iterative_q,9000056,96,96.0,northern_pathfinder,0,Wait,0,Wait,0,215,211,0,,5,5,0.5322726964950562,0.011819764040410519,0.5322726964950562
iterative_q,9000056,96,96.0,northern_phoenix,0,Wait,0,Wait,0,215,211,0,,5,5,0.5322726964950562,0.011819764040410519,0.5322726964950562
iterative_q,9000056,96,96.0,northern_pioneer,0,Wait,0,Wait,0,215,211,0,,5,5,0.5322726964950562,0.011819764040410519,0.5322726964950562
iterative_q,9000056,97,97.0,northern_pathfinder,0,Wait,0,Wait,0,215,211,0,,5,5,0.5758853554725647,0.011977448128163815,0.5758853554725647
iterative_q,9000056,97,97.0,northern_phoenix,0,Wait,0,Wait,0,215,211,0,,5,5,0.5758853554725647,0.011977448128163815,0.5758853554725647
iterative_q,9000056,97,97.0,northern_pioneer,0,Wait,0,Wait,0,215,211,0,,5,5,0.5758853554725647,0.011977448128163815,0.5758853554725647
iterative_q,9000056,98,98.0,northern_pathfinder,0,Wait,0,Wait,0,215,211,0,,5,5,0.7110264301300049,0.011845937930047512,0.7110264301300049
iterative_q,9000056,98,98.0,northern_phoenix,0,Wait,0,Wait,0,215,211,0,,5,5,0.7110264301300049,0.011845937930047512,0.7110264301300049
iterative_q,9000056,98,98.0,northern_pioneer,0,Wait,0,Wait,0,215,211,0,,5,5,0.7110264301300049,0.011845937930047512,0.7110264301300049
iterative_q,9000056,99,99.0,northern_pathfinder,0,Wait,0,Wait,0,215,211,0,,5,5,0.5167509317398071,0.011131647042930126,0.5167509317398071
iterative_q,9000056,99,99.0,northern_phoenix,0,Wait,0,Wait,0,215,211,0,,5,5,0.5167509317398071,0.011131647042930126,0.5167509317398071
iterative_q,9000056,99,99.0,northern_pioneer,0,Wait,0,Wait,0,215,211,0,,5,5,0.5167509317398071,0.011131647042930126,0.5167509317398071
iterative_q,9000056,100,100.0,northern_pathfinder,0,Wait,0,Wait,0,215,211,0,,5,5,0.5588558316230774,0.010938468389213085,0.5588558316230774
iterative_q,9000056,100,100.0,northern_phoenix,0,Wait,0,Wait,0,215,211,0,,5,5,0.5588558316230774,0.010938468389213085,0.5588558316230774
iterative_q,9000056,100,100.0,northern_pioneer,0,Wait,0,Wait,0,215,211,0,,5,5,0.5588558316230774,0.010938468389213085,0.5588558316230774
iterative_q,9000056,101,101.0,northern_pathfinder,0,Wait,0,Wait,0,215,211,0,,5,5,0.44204625487327576,0.011267248541116714,0.44204625487327576
iterative_q,9000056,101,101.0,northern_phoenix,0,Wait,0,Wait,0,215,211,0,,5,5,0.44204625487327576,0.011267248541116714,0.44204625487327576
iterative_q,9000056,101,101.0,northern_pioneer,0,Wait,0,Wait,0,215,211,0,,5,5,0.44204625487327576,0.011267248541116714,0.44204625487327576
iterative_q,9000056,102,102.0,northern_pathfinder,0,Wait,0,Wait,0,215,211,0,,5,5,0.6368887424468994,0.01155852247029543,0.6368887424468994
iterative_q,9000056,102,102.0,northern_phoenix,0,Wait,0,Wait,0,215,211,0,,5,5,0.6368887424468994,0.01155852247029543,0.6368887424468994
iterative_q,9000056,102,102.0,northern_pioneer,0,Wait,0,Wait,0,215,211,0,,5,5,0.6368887424468994,0.01155852247029543,0.6368887424468994
iterative_q,9000056,103,103.0,northern_pathfinder,0,Wait,0,Wait,0,215,211,0,,5,5,0.5436503887176514,0.011680707335472107,0.5436503887176514
iterative_q,9000056,103,103.0,northern_phoenix,0,Wait,0,Wait,0,215,211,0,,5,5,0.5436503887176514,0.011680707335472107,0.5436503887176514
iterative_q,9000056,103,103.0,northern_pioneer,0,Wait,0,Wait,0,215,211,0,,5,5,0.5436503887176514,0.011680707335472107,0.5436503887176514
iterative_q,9000056,104,104.0,northern_pathfinder,0,Wait,0,Wait,0,215,211,0,,5,5,0.6283459067344666,0.011903942562639713,0.6283459067344666
iterative_q,9000056,104,104.0,northern_phoenix,0,Wait,0,Wait,0,215,211,0,,5,5,0.6283459067344666,0.011903942562639713,0.6283459067344666
iterative_q,9000056,104,104.0,northern_pioneer,0,Wait,0,Wait,0,215,211,0,,5,5,0.6283459067344666,0.011903942562639713,0.6283459067344666
iterative_q,9000056,105,105.0,northern_pathfinder,0,Wait,0,Wait,0,215,211,0,,5,5,0.5396193265914917,0.011192570440471172,0.5396193265914917
iterative_q,9000056,105,105.0,northern_phoenix,0,Wait,0,Wait,0,215,211,0,,5,5,0.5396193265914917,0.011192570440471172,0.5396193265914917
iterative_q,9000056,105,105.0,northern_pioneer,0,Wait,0,Wait,0,215,211,0,,5,5,0.5396193265914917,0.011192570440471172,0.5396193265914917
iterative_q,9000056,106,106.0,northern_pathfinder,0,Wait,0,Wait,0,215,211,0,,5,5,0.5801277160644531,0.012042236514389515,0.5801277160644531
iterative_q,9000056,106,106.0,northern_phoenix,0,Wait,0,Wait,0,215,211,0,,5,5,0.5801277160644531,0.012042236514389515,0.5801277160644531
iterative_q,9000056,106,106.0,northern_pioneer,0,Wait,0,Wait,0,215,211,0,,5,5,0.5801277160644531,0.012042236514389515,0.5801277160644531
iterative_q,9000056,107,107.0,northern_pathfinder,0,Wait,0,Wait,0,215,211,0,,3,5,0.7007073163986206,0.01192538533359766,0.7007073163986206
iterative_q,9000056,107,107.0,northern_phoenix,0,Wait,0,Wait,0,215,211,0,,3,5,0.7007073163986206,0.01192538533359766,0.7007073163986206
iterative_q,9000056,107,107.0,northern_pioneer,0,Wait,0,Wait,0,215,211,0,,3,5,0.7007073163986206,0.01192538533359766,0.7007073163986206
iterative_q,9000056,108,108.0,northern_pathfinder,0,Wait,0,Wait,0,211,211,1,0,5,5,0.6330796480178833,0.011151958256959915,0.6330796480178833
iterative_q,9000056,108,108.0,northern_phoenix,0,Wait,0,Wait,0,211,211,1,0,5,5,0.6330796480178833,0.011151958256959915,0.6330796480178833
iterative_q,9000056,108,108.0,northern_pioneer,0,Wait,1,Terminal,1,211,211,1,0,5,5,0.6330796480178833,0.011151958256959915,0.6330796480178833
iterative_q,9000056,109,109.0,northern_pathfinder,0,Wait,0,Wait,0,215,107,0,0,4,0,0.29787784814834595,0.029964301735162735,0.29787784814834595
iterative_q,9000056,109,109.0,northern_phoenix,0,Wait,0,Wait,0,215,107,0,0,4,0,0.29787784814834595,0.029964301735162735,0.29787784814834595
iterative_q,9000056,109,109.0,northern_pioneer,0,Wait,0,Wait,0,215,107,0,0,4,0,0.29787784814834595,0.029964301735162735,0.29787784814834595
iterative_q,9000056,110,110.0,northern_pathfinder,0,Wait,0,Wait,0,215,71,0,0,5,0,0.28374409675598145,0.019475318491458893,0.28374409675598145
iterative_q,9000056,110,110.0,northern_phoenix,0,Wait,0,Wait,0,215,71,0,0,5,0,0.28374409675598145,0.019475318491458893,0.28374409675598145
iterative_q,9000056,110,110.0,northern_pioneer,0,Wait,0,Wait,0,215,71,0,0,5,0,0.28374409675598145,0.019475318491458893,0.28374409675598145
iterative_q,9000056,111,111.0,northern_pathfinder,0,Wait,0,Wait,0,215,107,0,0,5,0,0.23250070214271545,0.029159240424633026,0.23250070214271545
iterative_q,9000056,111,111.0,northern_phoenix,0,Wait,0,Wait,0,215,107,0,0,5,0,0.23250070214271545,0.029159240424633026,0.23250070214271545
iterative_q,9000056,111,111.0,northern_pioneer,0,Wait,0,Wait,0,215,107,0,0,5,0,0.23250070214271545,0.029159240424633026,0.23250070214271545
iterative_q,9000056,112,112.0,northern_pathfinder,0,Wait,0,Wait,0,215,107,0,0,5,0,0.21615703403949738,0.028258658945560455,0.21615703403949738
iterative_q,9000056,112,112.0,northern_phoenix,0,Wait,0,Wait,0,215,107,0,0,5,0,0.21615703403949738,0.028258658945560455,0.21615703403949738
iterative_q,9000056,112,112.0,northern_pioneer,0,Wait,0,Wait,0,215,107,0,0,5,0,0.21615703403949738,0.028258658945560455,0.21615703403949738
iterative_q,9000056,113,113.0,northern_pathfinder,0,Wait,0,Wait,0,215,107,0,0,4,0,0.14123299717903137,0.028197061270475388,0.14123299717903137
iterative_q,9000056,113,113.0,northern_phoenix,0,Wait,0,Wait,0,215,107,0,0,4,0,0.14123299717903137,0.028197061270475388,0.14123299717903137
iterative_q,9000056,113,113.0,northern_pioneer,0,Wait,0,Wait,0,215,107,0,0,4,0,0.14123299717903137,0.028197061270475388,0.14123299717903137
iterative_q,9000056,114,114.0,northern_pathfinder,0,Wait,0,Wait,0,215,107,0,0,5,0,0.267618328332901,0.02721434459090233,0.267618328332901
iterative_q,9000056,114,114.0,northern_phoenix,0,Wait,0,Wait,0,215,107,0,0,5,0,0.267618328332901,0.02721434459090233,0.267618328332901
iterative_q,9000056,114,114.0,northern_pioneer,0,Wait,0,Wait,0,215,107,0,0,5,0,0.267618328332901,0.02721434459090233,0.267618328332901
iterative_q,9000056,115,115.0,northern_pathfinder,0,Wait,0,Wait,0,215,107,0,0,5,0,0.16171228885650635,0.027134986594319344,0.16171228885650635
iterative_q,9000056,115,115.0,northern_phoenix,0,Wait,0,Wait,0,215,107,0,0,5,0,0.16171228885650635,0.027134986594319344,0.16171228885650635
iterative_q,9000056,115,115.0,northern_pioneer,0,Wait,0,Wait,0,215,107,0,0,5,0,0.16171228885650635,0.027134986594319344,0.16171228885650635
iterative_q,9000056,116,116.0,northern_pathfinder,0,Wait,0,Wait,0,215,107,0,0,5,0,0.28821808099746704,0.027238357812166214,0.28821808099746704
iterative_q,9000056,116,116.0,northern_phoenix,0,Wait,0,Wait,0,215,107,0,0,5,0,0.28821808099746704,0.027238357812166214,0.28821808099746704
iterative_q,9000056,116,116.0,northern_pioneer,0,Wait,0,Wait,0,215,107,0,0,5,0,0.28821808099746704,0.027238357812166214,0.28821808099746704
iterative_q,9000056,117,117.0,northern_pathfinder,4,Yara Sluiskil,4,Yara Sluiskil,0,215,35,0,0,3,0,0.16568931937217712,0.012891145423054695,0.16568931937217712
iterative_q,9000056,117,117.0,northern_phoenix,0,Wait,0,Wait,0,215,35,0,0,3,0,0.16568931937217712,0.012891145423054695,0.16568931937217712
iterative_q,9000056,117,117.0,northern_pioneer,0,Wait,0,Wait,0,215,35,0,0,3,0,0.16568931937217712,0.012891145423054695,0.16568931937217712
iterative_q,9000056,118,120.0,northern_pathfinder,0,Wait,0,Wait,0,215,215,0,0,5,0,0.0,0.0,0.0
iterative_q,9000056,118,120.0,northern_phoenix,0,Wait,0,Wait,0,215,215,0,0,5,0,0.0,0.0,0.0
iterative_q,9000056,118,120.0,northern_pioneer,0,Wait,0,Wait,0,215,215,0,0,5,0,0.0,0.0,0.0
iterative_q,9000056,119,121.0,northern_pathfinder,0,Wait,0,Wait,0,215,215,0,0,5,0,0.0,0.0,0.0
iterative_q,9000056,119,121.0,northern_phoenix,0,Wait,0,Wait,0,215,215,0,0,5,0,0.0,0.0,0.0
iterative_q,9000056,119,121.0,northern_pioneer,0,Wait,0,Wait,0,215,215,0,0,5,0,0.0,0.0,0.0
iterative_q,9000056,120,122.0,northern_pathfinder,0,Wait,0,Wait,0,215,215,0,0,5,0,0.0,0.0,0.0
iterative_q,9000056,120,122.0,northern_phoenix,0,Wait,0,Wait,0,215,215,0,0,5,0,0.0,0.0,0.0
iterative_q,9000056,120,122.0,northern_pioneer,0,Wait,0,Wait,0,215,215,0,0,5,0,0.0,0.0,0.0
iterative_q,9000056,121,123.0,northern_pathfinder,0,Wait,0,Wait,0,215,215,0,0,5,0,0.0,0.0,0.0
iterative_q,9000056,121,123.0,northern_phoenix,0,Wait,0,Wait,0,215,215,0,0,5,0,0.0,0.0,0.0
iterative_q,9000056,121,123.0,northern_pioneer,0,Wait,0,Wait,0,215,215,0,0,5,0,0.0,0.0,0.0
iterative_q,9000056,122,124.0,northern_pathfinder,0,Wait,0,Wait,0,215,215,0,0,5,0,0.0,0.0,0.0
iterative_q,9000056,122,124.0,northern_phoenix,0,Wait,0,Wait,0,215,215,0,0,5,0,0.0,0.0,0.0
iterative_q,9000056,122,124.0,northern_pioneer,0,Wait,0,Wait,0,215,215,0,0,5,0,0.0,0.0,0.0
iterative_q,9000056,123,125.0,northern_pathfinder,0,Wait,0,Wait,0,215,215,0,0,5,0,0.0,0.0,0.0
iterative_q,9000056,123,125.0,northern_phoenix,0,Wait,0,Wait,0,215,215,0,0,5,0,0.0,0.0,0.0
iterative_q,9000056,123,125.0,northern_pioneer,0,Wait,0,Wait,0,215,215,0,0,5,0,0.0,0.0,0.0
iterative_q,9000056,124,126.0,northern_pathfinder,0,Wait,0,Wait,0,215,215,0,0,5,0,0.0,0.0,0.0
iterative_q,9000056,124,126.0,northern_phoenix,0,Wait,0,Wait,0,215,215,0,0,5,0,0.0,0.0,0.0
iterative_q,9000056,124,126.0,northern_pioneer,0,Wait,0,Wait,0,215,215,0,0,5,0,0.0,0.0,0.0
iterative_q,9000056,125,127.0,northern_pathfinder,0,Wait,0,Wait,0,215,203,0,0,3,0,0.007706558797508478,0.01354436855763197,0.007706558797508478
iterative_q,9000056,125,127.0,northern_phoenix,0,Wait,0,Wait,0,215,203,0,0,3,0,0.007706558797508478,0.01354436855763197,0.007706558797508478
iterative_q,9000056,125,127.0,northern_pioneer,0,Wait,0,Wait,0,215,203,0,0,3,0,0.007706558797508478,0.01354436855763197,0.007706558797508478
iterative_q,9000056,126,128.0,northern_pathfinder,0,Wait,0,Wait,0,215,215,0,0,5,0,0.0,0.0,0.0
iterative_q,9000056,126,128.0,northern_phoenix,0,Wait,0,Wait,0,215,215,0,0,5,0,0.0,0.0,0.0
iterative_q,9000056,126,128.0,northern_pioneer,0,Wait,0,Wait,0,215,215,0,0,5,0,0.0,0.0,0.0
iterative_q,9000056,127,129.0,northern_pathfinder,0,Wait,0,Wait,0,215,203,0,0,5,0,0.08953142911195755,0.015779312700033188,0.08953142911195755
iterative_q,9000056,127,129.0,northern_phoenix,0,Wait,0,Wait,0,215,203,0,0,5,0,0.08953142911195755,0.015779312700033188,0.08953142911195755
iterative_q,9000056,127,129.0,northern_pioneer,0,Wait,0,Wait,0,215,203,0,0,5,0,0.08953142911195755,0.015779312700033188,0.08953142911195755
iterative_q,9000056,128,130.0,northern_pathfinder,0,Wait,0,Wait,0,215,215,0,0,5,0,0.0,0.0,0.0
iterative_q,9000056,128,130.0,northern_phoenix,1,Terminal,1,Terminal,0,215,215,0,0,5,0,0.0,0.0,0.0
iterative_q,9000056,128,130.0,northern_pioneer,0,Wait,0,Wait,0,215,215,0,0,5,0,0.0,0.0,0.0
iterative_q,9000056,129,143.0,northern_pathfinder,0,Wait,0,Wait,0,215,212,0,0,5,5,0.7091389894485474,0.02555399015545845,0.7091389894485474
iterative_q,9000056,129,143.0,northern_phoenix,0,Wait,0,Wait,0,215,212,0,0,5,5,0.7091389894485474,0.02555399015545845,0.7091389894485474
iterative_q,9000056,129,143.0,northern_pioneer,4,Yara Sluiskil,4,Yara Sluiskil,0,215,212,0,0,5,5,0.7091389894485474,0.02555399015545845,0.7091389894485474
iterative_q,9000056,130,161.0,northern_pathfinder,0,Wait,0,Wait,0,215,143,0,1,3,0,0.05594785884022713,0.012409532442688942,0.05594785884022713
iterative_q,9000056,130,161.0,northern_phoenix,0,Wait,0,Wait,0,215,143,0,1,3,0,0.05594785884022713,0.012409532442688942,0.05594785884022713
iterative_q,9000056,130,161.0,northern_pioneer,0,Wait,0,Wait,0,215,143,0,1,3,0,0.05594785884022713,0.012409532442688942,0.05594785884022713
iterative_q,9000056,131,162.0,northern_pathfinder,0,Wait,0,Wait,0,215,107,0,1,5,0,0.10855574905872345,0.021577728912234306,0.10855574905872345
iterative_q,9000056,131,162.0,northern_phoenix,0,Wait,0,Wait,0,215,107,0,1,5,0,0.10855574905872345,0.021577728912234306,0.10855574905872345
iterative_q,9000056,131,162.0,northern_pioneer,0,Wait,0,Wait,0,215,107,0,1,5,0,0.10855574905872345,0.021577728912234306,0.10855574905872345
iterative_q,9000056,132,163.0,northern_pathfinder,0,Wait,0,Wait,0,215,143,0,1,5,0,0.13618572056293488,0.012230130843818188,0.13618572056293488
iterative_q,9000056,132,163.0,northern_phoenix,0,Wait,0,Wait,0,215,143,0,1,5,0,0.13618572056293488,0.012230130843818188,0.13618572056293488
iterative_q,9000056,132,163.0,northern_pioneer,0,Wait,0,Wait,0,215,143,0,1,5,0,0.13618572056293488,0.012230130843818188,0.13618572056293488
iterative_q,9000056,133,164.0,northern_pathfinder,1,Terminal,1,Terminal,0,215,35,0,1,5,0,0.03404931351542473,0.010196425020694733,0.03404931351542473
iterative_q,9000056,133,164.0,northern_phoenix,0,Wait,0,Wait,0,215,35,0,1,5,0,0.03404931351542473,0.010196425020694733,0.03404931351542473
iterative_q,9000056,133,164.0,northern_pioneer,0,Wait,0,Wait,0,215,35,0,1,5,0,0.03404931351542473,0.010196425020694733,0.03404931351542473
iterative_q,9000056,134,190.0,northern_pathfinder,0,Wait,0,Wait,0,203,203,1,1,4,5,0.6758328676223755,0.02167849987745285,0.6758328676223755
iterative_q,9000056,134,190.0,northern_phoenix,4,Yara Sluiskil,3,Celsio,1,203,203,1,1,4,5,0.6758328676223755,0.02167849987745285,0.6758328676223755
iterative_q,9000056,134,190.0,northern_pioneer,0,Wait,0,Wait,0,203,203,1,1,4,5,0.6758328676223755,0.02167849987745285,0.6758328676223755
iterative_q,9000056,135,200.0,northern_pathfinder,0,Wait,0,Wait,0,215,212,0,1,5,5,0.42841821908950806,0.017622867599129677,0.42841821908950806
iterative_q,9000056,135,200.0,northern_phoenix,0,Wait,0,Wait,0,215,212,0,1,5,5,0.42841821908950806,0.017622867599129677,0.42841821908950806
iterative_q,9000056,135,200.0,northern_pioneer,0,Wait,0,Wait,0,215,212,0,1,5,5,0.42841821908950806,0.017622867599129677,0.42841821908950806
iterative_q,9000056,136,201.0,northern_pathfinder,0,Wait,0,Wait,0,215,212,0,1,5,4,0.41811737418174744,0.018096651881933212,0.41811737418174744
iterative_q,9000056,136,201.0,northern_phoenix,0,Wait,0,Wait,0,215,212,0,1,5,4,0.41811737418174744,0.018096651881933212,0.41811737418174744
iterative_q,9000056,136,201.0,northern_pioneer,0,Wait,0,Wait,0,215,212,0,1,5,4,0.41811737418174744,0.018096651881933212,0.41811737418174744
iterative_q,9000056,137,202.0,northern_pathfinder,0,Wait,0,Wait,0,215,212,0,1,5,5,0.4596260190010071,0.01572989858686924,0.4596260190010071
iterative_q,9000056,137,202.0,northern_phoenix,0,Wait,0,Wait,0,215,212,0,1,5,5,0.4596260190010071,0.01572989858686924,0.4596260190010071
iterative_q,9000056,137,202.0,northern_pioneer,0,Wait,0,Wait,0,215,212,0,1,5,5,0.4596260190010071,0.01572989858686924,0.4596260190010071
iterative_q,9000056,138,203.0,northern_pathfinder,0,Wait,0,Wait,0,215,212,0,1,5,5,0.5475832223892212,0.01679857447743416,0.5475832223892212
iterative_q,9000056,138,203.0,northern_phoenix,0,Wait,0,Wait,0,215,212,0,1,5,5,0.5475832223892212,0.01679857447743416,0.5475832223892212
iterative_q,9000056,138,203.0,northern_pioneer,0,Wait,0,Wait,0,215,212,0,1,5,5,0.5475832223892212,0.01679857447743416,0.5475832223892212
iterative_q,9000056,139,204.0,northern_pathfinder,0,Wait,0,Wait,0,212,212,1,2,5,5,0.6375370025634766,0.014833399094641209,0.6375370025634766
iterative_q,9000056,139,204.0,northern_phoenix,0,Wait,0,Wait,0,212,212,1,2,5,5,0.6375370025634766,0.014833399094641209,0.6375370025634766
iterative_q,9000056,139,204.0,northern_pioneer,0,Wait,2,Brevik,1,212,212,1,2,5,5,0.6375370025634766,0.014833399094641209,0.6375370025634766
iterative_q,9000056,140,235.0,northern_pathfinder,0,Wait,0,Wait,0,215,191,0,2,5,5,0.520142138004303,0.01529504731297493,0.520142138004303
iterative_q,9000056,140,235.0,northern_phoenix,0,Wait,0,Wait,0,215,191,0,2,5,5,0.520142138004303,0.01529504731297493,0.520142138004303
iterative_q,9000056,140,235.0,northern_pioneer,0,Wait,0,Wait,0,215,191,0,2,5,5,0.520142138004303,0.01529504731297493,0.520142138004303
iterative_q,9000056,141,236.0,northern_pathfinder,0,Wait,0,Wait,0,215,191,0,2,5,5,0.4451718330383301,0.014559231698513031,0.4451718330383301
iterative_q,9000056,141,236.0,northern_phoenix,0,Wait,0,Wait,0,215,191,0,2,5,5,0.4451718330383301,0.014559231698513031,0.4451718330383301
iterative_q,9000056,141,236.0,northern_pioneer,0,Wait,0,Wait,0,215,191,0,2,5,5,0.4451718330383301,0.014559231698513031,0.4451718330383301
iterative_q,9000056,142,237.0,northern_pathfinder,0,Wait,0,Wait,0,215,191,0,2,5,5,0.4768669605255127,0.01541337464004755,0.4768669605255127
iterative_q,9000056,142,237.0,northern_phoenix,0,Wait,0,Wait,0,215,191,0,2,5,5,0.4768669605255127,0.01541337464004755,0.4768669605255127
iterative_q,9000056,142,237.0,northern_pioneer,0,Wait,0,Wait,0,215,191,0,2,5,5,0.4768669605255127,0.01541337464004755,0.4768669605255127
iterative_q,9000056,143,238.0,northern_pathfinder,4,Yara Sluiskil,4,Yara Sluiskil,0,215,83,0,2,5,5,0.9199358820915222,0.0222769808024168,0.9199358820915222
iterative_q,9000056,143,238.0,northern_phoenix,0,Wait,0,Wait,0,215,83,0,2,5,5,0.9199358820915222,0.0222769808024168,0.9199358820915222
iterative_q,9000056,143,238.0,northern_pioneer,0,Wait,0,Wait,0,215,83,0,2,5,5,0.9199358820915222,0.0222769808024168,0.9199358820915222
iterative_q,9000056,144,239.0,northern_pathfinder,0,Wait,0,Wait,0,215,191,0,2,5,5,0.6069031953811646,0.01601617969572544,0.6069031953811646
iterative_q,9000056,144,239.0,northern_phoenix,0,Wait,0,Wait,0,215,191,0,2,5,5,0.6069031953811646,0.01601617969572544,0.6069031953811646
iterative_q,9000056,144,239.0,northern_pioneer,0,Wait,0,Wait,0,215,191,0,2,5,5,0.6069031953811646,0.01601617969572544,0.6069031953811646
iterative_q,9000056,145,240.0,northern_pathfinder,0,Wait,0,Wait,0,215,197,0,2,4,5,0.5031299591064453,0.012830688618123531,0.5031299591064453
iterative_q,9000056,145,240.0,northern_phoenix,0,Wait,0,Wait,0,215,197,0,2,4,5,0.5031299591064453,0.012830688618123531,0.5031299591064453
iterative_q,9000056,145,240.0,northern_pioneer,0,Wait,0,Wait,0,215,197,0,2,4,5,0.5031299591064453,0.012830688618123531,0.5031299591064453
iterative_q,9000056,146,241.0,northern_pathfinder,0,Wait,0,Wait,0,215,197,0,2,3,5,0.42453497648239136,0.011440373957157135,0.42453497648239136
iterative_q,9000056,146,241.0,northern_phoenix,0,Wait,0,Wait,0,215,197,0,2,3,5,0.42453497648239136,0.011440373957157135,0.42453497648239136
iterative_q,9000056,146,241.0,northern_pioneer,0,Wait,0,Wait,0,215,197,0,2,3,5,0.42453497648239136,0.011440373957157135,0.42453497648239136
iterative_q,9000056,147,242.0,northern_pathfinder,0,Wait,0,Wait,0,215,197,0,2,5,5,0.5100284814834595,0.011818237602710724,0.5100284814834595
iterative_q,9000056,147,242.0,northern_phoenix,0,Wait,0,Wait,0,215,197,0,2,5,5,0.5100284814834595,0.011818237602710724,0.5100284814834595
iterative_q,9000056,147,242.0,northern_pioneer,0,Wait,0,Wait,0,215,197,0,2,5,5,0.5100284814834595,0.011818237602710724,0.5100284814834595
iterative_q,9000056,148,243.0,northern_pathfinder,0,Wait,0,Wait,0,215,191,0,2,5,5,0.756513237953186,0.014303063042461872,0.756513237953186
iterative_q,9000056,148,243.0,northern_phoenix,0,Wait,0,Wait,0,215,191,0,2,5,5,0.756513237953186,0.014303063042461872,0.756513237953186
iterative_q,9000056,148,243.0,northern_pioneer,0,Wait,0,Wait,0,215,191,0,2,5,5,0.756513237953186,0.014303063042461872,0.756513237953186
iterative_q,9000056,149,244.0,northern_pathfinder,0,Wait,0,Wait,0,215,197,0,2,5,5,0.8169752955436707,0.014891698025166988,0.8169752955436707
iterative_q,9000056,149,244.0,northern_phoenix,0,Wait,0,Wait,0,215,197,0,2,5,5,0.8169752955436707,0.014891698025166988,0.8169752955436707
iterative_q,9000056,149,244.0,northern_pioneer,0,Wait,0,Wait,0,215,197,0,2,5,5,0.8169752955436707,0.014891698025166988,0.8169752955436707
iterative_q,9000056,150,245.0,northern_pathfinder,0,Wait,0,Wait,0,215,191,0,2,5,5,0.7431771755218506,0.016287174075841904,0.7431771755218506
iterative_q,9000056,150,245.0,northern_phoenix,0,Wait,0,Wait,0,215,191,0,2,5,5,0.7431771755218506,0.016287174075841904,0.7431771755218506
iterative_q,9000056,150,245.0,northern_pioneer,0,Wait,0,Wait,0,215,191,0,2,5,5,0.7431771755218506,0.016287174075841904,0.7431771755218506
iterative_q,9000056,151,246.0,northern_pathfinder,0,Wait,0,Wait,0,215,197,0,2,5,5,0.6392689943313599,0.013284029439091682,0.6392689943313599
iterative_q,9000056,151,246.0,northern_phoenix,0,Wait,0,Wait,0,215,197,0,2,5,5,0.6392689943313599,0.013284029439091682,0.6392689943313599
iterative_q,9000056,151,246.0,northern_pioneer,0,Wait,0,Wait,0,215,197,0,2,5,5,0.6392689943313599,0.013284029439091682,0.6392689943313599
iterative_q,9000056,152,247.0,northern_pathfinder,0,Wait,0,Wait,0,215,191,0,2,5,5,0.7893860340118408,0.01605495810508728,0.7893860340118408
iterative_q,9000056,152,247.0,northern_phoenix,0,Wait,0,Wait,0,215,191,0,2,5,5,0.7893860340118408,0.01605495810508728,0.7893860340118408
iterative_q,9000056,152,247.0,northern_pioneer,0,Wait,0,Wait,0,215,191,0,2,5,5,0.7893860340118408,0.01605495810508728,0.7893860340118408
iterative_q,9000056,153,248.0,northern_pathfinder,0,Wait,0,Wait,0,215,197,0,2,4,5,0.6258515119552612,0.013188045471906662,0.6258515119552612
iterative_q,9000056,153,248.0,northern_phoenix,0,Wait,0,Wait,0,215,197,0,2,4,5,0.6258515119552612,0.013188045471906662,0.6258515119552612
iterative_q,9000056,153,248.0,northern_pioneer,0,Wait,0,Wait,0,215,197,0,2,4,5,0.6258515119552612,0.013188045471906662,0.6258515119552612
iterative_q,9000056,154,249.0,northern_pathfinder,0,Wait,0,Wait,0,215,191,0,2,5,5,0.7143377661705017,0.014692242257297039,0.7143377661705017
iterative_q,9000056,154,249.0,northern_phoenix,0,Wait,0,Wait,0,215,191,0,2,5,5,0.7143377661705017,0.014692242257297039,0.7143377661705017
iterative_q,9000056,154,249.0,northern_pioneer,0,Wait,0,Wait,0,215,191,0,2,5,5,0.7143377661705017,0.014692242257297039,0.7143377661705017
iterative_q,9000056,155,250.0,northern_pathfinder,0,Wait,0,Wait,0,215,191,0,2,5,5,0.7603716850280762,0.020056400448083878,0.7603716850280762
iterative_q,9000056,155,250.0,northern_phoenix,0,Wait,0,Wait,0,215,191,0,2,5,5,0.7603716850280762,0.020056400448083878,0.7603716850280762
iterative_q,9000056,155,250.0,northern_pioneer,0,Wait,0,Wait,0,215,191,0,2,5,5,0.7603716850280762,0.020056400448083878,0.7603716850280762
iterative_q,9000056,156,251.0,northern_pathfinder,0,Wait,0,Wait,0,215,191,0,2,5,5,0.5344732999801636,0.01766514778137207,0.5344732999801636
iterative_q,9000056,156,251.0,northern_phoenix,0,Wait,0,Wait,0,215,191,0,2,5,5,0.5344732999801636,0.01766514778137207,0.5344732999801636
iterative_q,9000056,156,251.0,northern_pioneer,0,Wait,0,Wait,0,215,191,0,2,5,5,0.5344732999801636,0.01766514778137207,0.5344732999801636
iterative_q,9000056,157,252.0,northern_pathfinder,0,Wait,0,Wait,0,191,191,1,3,5,5,0.48976173996925354,0.016603706404566765,0.48976173996925354
iterative_q,9000056,157,252.0,northern_phoenix,0,Wait,1,Terminal,1,191,191,1,3,5,5,0.48976173996925354,0.016603706404566765,0.48976173996925354
iterative_q,9000056,157,252.0,northern_pioneer,0,Wait,0,Wait,0,191,191,1,3,5,5,0.48976173996925354,0.016603706404566765,0.48976173996925354
iterative_q,9000056,158,253.0,northern_pathfinder,0,Wait,0,Wait,0,215,213,0,3,5,0,0.2679235637187958,0.015115353278815746,0.2679235637187958
iterative_q,9000056,158,253.0,northern_phoenix,0,Wait,0,Wait,0,215,213,0,3,5,0,0.2679235637187958,0.015115353278815746,0.2679235637187958
iterative_q,9000056,158,253.0,northern_pioneer,0,Wait,0,Wait,0,215,213,0,3,5,0,0.2679235637187958,0.015115353278815746,0.2679235637187958
iterative_q,9000056,159,254.0,northern_pathfinder,0,Wait,0,Wait,0,215,213,0,3,5,0,0.09866411983966827,0.012395362369716167,0.09866411983966827
iterative_q,9000056,159,254.0,northern_phoenix,0,Wait,0,Wait,0,215,213,0,3,5,0,0.09866411983966827,0.012395362369716167,0.09866411983966827
iterative_q,9000056,159,254.0,northern_pioneer,0,Wait,0,Wait,0,215,213,0,3,5,0,0.09866411983966827,0.012395362369716167,0.09866411983966827
iterative_q,9000056,160,255.0,northern_pathfinder,0,Wait,0,Wait,0,215,213,0,3,5,0,0.13562233746051788,0.01310708187520504,0.13562233746051788
iterative_q,9000056,160,255.0,northern_phoenix,0,Wait,0,Wait,0,215,213,0,3,5,0,0.13562233746051788,0.01310708187520504,0.13562233746051788
iterative_q,9000056,160,255.0,northern_pioneer,0,Wait,0,Wait,0,215,213,0,3,5,0,0.13562233746051788,0.01310708187520504,0.13562233746051788
iterative_q,9000056,161,256.0,northern_pathfinder,0,Wait,0,Wait,0,215,214,0,3,5,0,0.11654002964496613,0.009897365234792233,0.11654002964496613
iterative_q,9000056,161,256.0,northern_phoenix,0,Wait,0,Wait,0,215,214,0,3,5,0,0.11654002964496613,0.009897365234792233,0.11654002964496613
iterative_q,9000056,161,256.0,northern_pioneer,1,Terminal,1,Terminal,0,215,214,0,3,5,0,0.11654002964496613,0.009897365234792233,0.11654002964496613
iterative_q,9000056,162,284.0,northern_pathfinder,0,Wait,0,Wait,0,215,215,0,3,5,0,0.0,0.0,0.0
iterative_q,9000056,162,284.0,northern_phoenix,0,Wait,0,Wait,0,215,215,0,3,5,0,0.0,0.0,0.0
iterative_q,9000056,162,284.0,northern_pioneer,0,Wait,0,Wait,0,215,215,0,3,5,0,0.0,0.0,0.0
iterative_q,9000056,163,285.0,northern_pathfinder,0,Wait,0,Wait,0,215,143,0,3,5,0,0.3279326260089874,0.013464857824146748,0.3279326260089874
iterative_q,9000056,163,285.0,northern_phoenix,0,Wait,0,Wait,0,215,143,0,3,5,0,0.3279326260089874,0.013464857824146748,0.3279326260089874
iterative_q,9000056,163,285.0,northern_pioneer,0,Wait,0,Wait,0,215,143,0,3,5,0,0.3279326260089874,0.013464857824146748,0.3279326260089874
iterative_q,9000056,164,286.0,northern_pathfinder,0,Wait,0,Wait,0,215,143,0,3,5,0,0.21316993236541748,0.014865560457110405,0.21316993236541748
iterative_q,9000056,164,286.0,northern_phoenix,0,Wait,0,Wait,0,215,143,0,3,5,0,0.21316993236541748,0.014865560457110405,0.21316993236541748
iterative_q,9000056,164,286.0,northern_pioneer,0,Wait,0,Wait,0,215,143,0,3,5,0,0.21316993236541748,0.014865560457110405,0.21316993236541748
iterative_q,9000056,165,287.0,northern_pathfinder,0,Wait,0,Wait,0,215,143,0,3,5,0,0.3197576403617859,0.013256283476948738,0.3197576403617859
iterative_q,9000056,165,287.0,northern_phoenix,0,Wait,0,Wait,0,215,143,0,3,5,0,0.3197576403617859,0.013256283476948738,0.3197576403617859
iterative_q,9000056,165,287.0,northern_pioneer,0,Wait,0,Wait,0,215,143,0,3,5,0,0.3197576403617859,0.013256283476948738,0.3197576403617859
iterative_q,9000056,166,288.0,northern_pathfinder,0,Wait,0,Wait,0,215,143,0,3,5,0,0.22347493469715118,0.014108788222074509,0.22347493469715118
iterative_q,9000056,166,288.0,northern_phoenix,0,Wait,0,Wait,0,215,143,0,3,5,0,0.22347493469715118,0.014108788222074509,0.22347493469715118
iterative_q,9000056,166,288.0,northern_pioneer,0,Wait,0,Wait,0,215,143,0,3,5,0,0.22347493469715118,0.014108788222074509,0.22347493469715118
iterative_q,9000056,167,289.0,northern_pathfinder,0,Wait,0,Wait,0,215,143,0,3,5,0,0.2562134861946106,0.013940596021711826,0.2562134861946106
iterative_q,9000056,167,289.0,northern_phoenix,0,Wait,0,Wait,0,215,143,0,3,5,0,0.2562134861946106,0.013940596021711826,0.2562134861946106
iterative_q,9000056,167,289.0,northern_pioneer,0,Wait,0,Wait,0,215,143,0,3,5,0,0.2562134861946106,0.013940596021711826,0.2562134861946106
iterative_q,9000056,168,290.0,northern_pathfinder,0,Wait,0,Wait,0,215,143,0,3,4,0,0.2949821650981903,0.013051166199147701,0.2949821650981903
iterative_q,9000056,168,290.0,northern_phoenix,0,Wait,0,Wait,0,215,143,0,3,4,0,0.2949821650981903,0.013051166199147701,0.2949821650981903
iterative_q,9000056,168,290.0,northern_pioneer,0,Wait,0,Wait,0,215,143,0,3,4,0,0.2949821650981903,0.013051166199147701,0.2949821650981903
iterative_q,9000056,169,291.0,northern_pathfinder,0,Wait,0,Wait,0,215,107,0,3,3,0,0.13594600558280945,0.028329484164714813,0.13594600558280945
iterative_q,9000056,169,291.0,northern_phoenix,0,Wait,0,Wait,0,215,107,0,3,3,0,0.13594600558280945,0.028329484164714813,0.13594600558280945
iterative_q,9000056,169,291.0,northern_pioneer,0,Wait,0,Wait,0,215,107,0,3,3,0,0.13594600558280945,0.028329484164714813,0.13594600558280945
iterative_q,9000056,170,292.0,northern_pathfinder,0,Wait,0,Wait,0,215,107,0,3,4,0,0.153249591588974,0.027140898630023003,0.153249591588974
iterative_q,9000056,170,292.0,northern_phoenix,0,Wait,0,Wait,0,215,107,0,3,4,0,0.153249591588974,0.027140898630023003,0.153249591588974
iterative_q,9000056,170,292.0,northern_pioneer,0,Wait,0,Wait,0,215,107,0,3,4,0,0.153249591588974,0.027140898630023003,0.153249591588974
iterative_q,9000056,171,293.0,northern_pathfinder,0,Wait,0,Wait,0,215,212,0,3,5,5,0.5018638372421265,0.008839709684252739,0.5018638372421265
iterative_q,9000056,171,293.0,northern_phoenix,0,Wait,0,Wait,0,215,212,0,3,5,5,0.5018638372421265,0.008839709684252739,0.5018638372421265
iterative_q,9000056,171,293.0,northern_pioneer,4,Yara Sluiskil,4,Yara Sluiskil,0,215,212,0,3,5,5,0.5018638372421265,0.008839709684252739,0.5018638372421265
iterative_q,9000056,172,294.0,northern_pathfinder,1,Terminal,1,Terminal,0,215,107,0,3,4,0,0.005385088734328747,0.03400962054729462,0.005385088734328747
iterative_q,9000056,172,294.0,northern_phoenix,0,Wait,0,Wait,0,215,107,0,3,4,0,0.005385088734328747,0.03400962054729462,0.005385088734328747
iterative_q,9000056,172,294.0,northern_pioneer,0,Wait,0,Wait,0,215,107,0,3,4,0,0.005385088734328747,0.03400962054729462,0.005385088734328747
iterative_q,9000056,173,301.0,northern_pathfinder,0,Wait,0,Wait,0,203,203,1,4,5,5,0.860307514667511,0.021413572132587433,0.860307514667511
iterative_q,9000056,173,301.0,northern_phoenix,4,Yara Sluiskil,3,Celsio,1,203,203,1,4,5,5,0.860307514667511,0.021413572132587433,0.860307514667511
iterative_q,9000056,173,301.0,northern_pioneer,0,Wait,0,Wait,0,203,203,1,4,5,5,0.860307514667511,0.021413572132587433,0.860307514667511
iterative_q,9000056,174,334.0,northern_pathfinder,0,Wait,0,Wait,0,215,197,0,4,5,5,0.5220299959182739,0.011737365275621414,0.5220299959182739
iterative_q,9000056,174,334.0,northern_phoenix,0,Wait,0,Wait,0,215,197,0,4,5,5,0.5220299959182739,0.011737365275621414,0.5220299959182739
iterative_q,9000056,174,334.0,northern_pioneer,0,Wait,0,Wait,0,215,197,0,4,5,5,0.5220299959182739,0.011737365275621414,0.5220299959182739
iterative_q,9000056,175,335.0,northern_pathfinder,0,Wait,0,Wait,0,215,197,0,4,5,5,0.47660699486732483,0.010930868797004223,0.47660699486732483
iterative_q,9000056,175,335.0,northern_phoenix,0,Wait,0,Wait,0,215,197,0,4,5,5,0.47660699486732483,0.010930868797004223,0.47660699486732483
iterative_q,9000056,175,335.0,northern_pioneer,0,Wait,0,Wait,0,215,197,0,4,5,5,0.47660699486732483,0.010930868797004223,0.47660699486732483
iterative_q,9000056,176,336.0,northern_pathfinder,0,Wait,0,Wait,0,215,197,0,4,5,5,0.515619158744812,0.010752645321190357,0.515619158744812
iterative_q,9000056,176,336.0,northern_phoenix,0,Wait,0,Wait,0,215,197,0,4,5,5,0.515619158744812,0.010752645321190357,0.515619158744812
iterative_q,9000056,176,336.0,northern_pioneer,0,Wait,0,Wait,0,215,197,0,4,5,5,0.515619158744812,0.010752645321190357,0.515619158744812
iterative_q,9000056,177,337.0,northern_pathfinder,0,Wait,0,Wait,0,215,197,0,4,5,5,0.6560798287391663,0.009983588941395283,0.6560798287391663
iterative_q,9000056,177,337.0,northern_phoenix,0,Wait,0,Wait,0,215,197,0,4,5,5,0.6560798287391663,0.009983588941395283,0.6560798287391663
iterative_q,9000056,177,337.0,northern_pioneer,0,Wait,0,Wait,0,215,197,0,4,5,5,0.6560798287391663,0.009983588941395283,0.6560798287391663
iterative_q,9000056,178,338.0,northern_pathfinder,0,Wait,0,Wait,0,215,197,0,4,5,5,0.6679854393005371,0.00989772193133831,0.6679854393005371
iterative_q,9000056,178,338.0,northern_phoenix,0,Wait,0,Wait,0,215,197,0,4,5,5,0.6679854393005371,0.00989772193133831,0.6679854393005371
iterative_q,9000056,178,338.0,northern_pioneer,0,Wait,0,Wait,0,215,197,0,4,5,5,0.6679854393005371,0.00989772193133831,0.6679854393005371
iterative_q,9000056,179,339.0,northern_pathfinder,0,Wait,0,Wait,0,215,191,0,4,5,5,0.5526539087295532,0.013347512111067772,0.5526539087295532
iterative_q,9000056,179,339.0,northern_phoenix,0,Wait,0,Wait,0,215,191,0,4,5,5,0.5526539087295532,0.013347512111067772,0.5526539087295532
iterative_q,9000056,179,339.0,northern_pioneer,0,Wait,0,Wait,0,215,191,0,4,5,5,0.5526539087295532,0.013347512111067772,0.5526539087295532
iterative_q,9000056,180,340.0,northern_pathfinder,0,Wait,0,Wait,0,215,191,0,4,5,5,0.5236930251121521,0.012190322391688824,0.5236930251121521
iterative_q,9000056,180,340.0,northern_phoenix,0,Wait,0,Wait,0,215,191,0,4,5,5,0.5236930251121521,0.012190322391688824,0.5236930251121521
iterative_q,9000056,180,340.0,northern_pioneer,0,Wait,0,Wait,0,215,191,0,4,5,5,0.5236930251121521,0.012190322391688824,0.5236930251121521
iterative_q,9000056,181,341.0,northern_pathfinder,0,Wait,0,Wait,0,215,191,0,4,5,5,0.4787523150444031,0.012336356565356255,0.4787523150444031
iterative_q,9000056,181,341.0,northern_phoenix,0,Wait,0,Wait,0,215,191,0,4,5,5,0.4787523150444031,0.012336356565356255,0.4787523150444031
iterative_q,9000056,181,341.0,northern_pioneer,0,Wait,0,Wait,0,215,191,0,4,5,5,0.4787523150444031,0.012336356565356255,0.4787523150444031
iterative_q,9000056,182,342.0,northern_pathfinder,0,Wait,0,Wait,0,215,191,0,4,5,5,0.4524199366569519,0.012350100092589855,0.4524199366569519
iterative_q,9000056,182,342.0,northern_phoenix,0,Wait,0,Wait,0,215,191,0,4,5,5,0.4524199366569519,0.012350100092589855,0.4524199366569519
iterative_q,9000056,182,342.0,northern_pioneer,0,Wait,0,Wait,0,215,191,0,4,5,5,0.4524199366569519,0.012350100092589855,0.4524199366569519
iterative_q,9000056,183,343.0,northern_pathfinder,0,Wait,0,Wait,0,215,191,0,4,5,5,0.5951423645019531,0.013705302961170673,0.5951423645019531
iterative_q,9000056,183,343.0,northern_phoenix,0,Wait,0,Wait,0,215,191,0,4,5,5,0.5951423645019531,0.013705302961170673,0.5951423645019531
iterative_q,9000056,183,343.0,northern_pioneer,0,Wait,0,Wait,0,215,191,0,4,5,5,0.5951423645019531,0.013705302961170673,0.5951423645019531
iterative_q,9000056,184,344.0,northern_pathfinder,0,Wait,0,Wait,0,215,191,0,4,5,5,0.4415965974330902,0.011707879602909088,0.4415965974330902
iterative_q,9000056,184,344.0,northern_phoenix,0,Wait,0,Wait,0,215,191,0,4,5,5,0.4415965974330902,0.011707879602909088,0.4415965974330902
iterative_q,9000056,184,344.0,northern_pioneer,0,Wait,0,Wait,0,215,191,0,4,5,5,0.4415965974330902,0.011707879602909088,0.4415965974330902
iterative_q,9000056,185,345.0,northern_pathfinder,0,Wait,0,Wait,0,215,197,0,4,5,5,0.4336088299751282,0.014555263333022594,0.4336088299751282
iterative_q,9000056,185,345.0,northern_phoenix,0,Wait,0,Wait,0,215,197,0,4,5,5,0.4336088299751282,0.014555263333022594,0.4336088299751282
iterative_q,9000056,185,345.0,northern_pioneer,0,Wait,0,Wait,0,215,197,0,4,5,5,0.4336088299751282,0.014555263333022594,0.4336088299751282
iterative_q,9000056,186,346.0,northern_pathfinder,0,Wait,0,Wait,0,215,191,0,4,5,5,0.4436517357826233,0.012398510240018368,0.4436517357826233
iterative_q,9000056,186,346.0,northern_phoenix,0,Wait,0,Wait,0,215,191,0,4,5,5,0.4436517357826233,0.012398510240018368,0.4436517357826233
iterative_q,9000056,186,346.0,northern_pioneer,0,Wait,0,Wait,0,215,191,0,4,5,5,0.4436517357826233,0.012398510240018368,0.4436517357826233
iterative_q,9000056,187,347.0,northern_pathfinder,0,Wait,0,Wait,0,215,191,0,4,5,5,0.4289303719997406,0.01270850095897913,0.4289303719997406
iterative_q,9000056,187,347.0,northern_phoenix,0,Wait,0,Wait,0,215,191,0,4,5,5,0.4289303719997406,0.01270850095897913,0.4289303719997406
iterative_q,9000056,187,347.0,northern_pioneer,0,Wait,0,Wait,0,215,191,0,4,5,5,0.4289303719997406,0.01270850095897913,0.4289303719997406
iterative_q,9000056,188,348.0,northern_pathfinder,0,Wait,0,Wait,0,215,191,0,5,3,5,0.44945257902145386,0.01336450781673193,0.44945257902145386
iterative_q,9000056,188,348.0,northern_phoenix,0,Wait,0,Wait,0,215,191,0,5,3,5,0.44945257902145386,0.01336450781673193,0.44945257902145386
iterative_q,9000056,188,348.0,northern_pioneer,0,Wait,0,Wait,0,215,191,0,5,3,5,0.44945257902145386,0.01336450781673193,0.44945257902145386
iterative_q,9000056,189,349.0,northern_pathfinder,0,Wait,0,Wait,0,186,186,1,5,5,5,1.1790748834609985,0.006116865668445826,1.1790748834609985
iterative_q,9000056,189,349.0,northern_phoenix,0,Wait,1,Terminal,1,186,186,1,5,5,5,1.1790748834609985,0.006116865668445826,1.1790748834609985
iterative_q,9000056,189,349.0,northern_pioneer,1,Terminal,0,Wait,1,186,186,1,5,5,5,1.1790748834609985,0.006116865668445826,1.1790748834609985
iterative_q,9000056,190,350.0,northern_pathfinder,2,Brevik,2,Brevik,0,215,143,0,5,5,5,0.8606799840927124,0.02454824559390545,0.8606799840927124
iterative_q,9000056,190,350.0,northern_phoenix,0,Wait,0,Wait,0,215,143,0,5,5,5,0.8606799840927124,0.02454824559390545,0.8606799840927124
iterative_q,9000056,190,350.0,northern_pioneer,1,Terminal,1,Terminal,0,215,143,0,5,5,5,0.8606799840927124,0.02454824559390545,0.8606799840927124
iterative_q,9000056,191,378.0,northern_pathfinder,0,Wait,0,Wait,0,215,215,0,5,5,0,0.0,0.0,0.0
iterative_q,9000056,191,378.0,northern_phoenix,0,Wait,0,Wait,0,215,215,0,5,5,0,0.0,0.0,0.0
iterative_q,9000056,191,378.0,northern_pioneer,0,Wait,0,Wait,0,215,215,0,5,5,0,0.0,0.0,0.0
iterative_q,9000056,192,379.0,northern_pathfinder,0,Wait,0,Wait,0,215,215,0,5,5,0,0.0,0.0,0.0
iterative_q,9000056,192,379.0,northern_phoenix,0,Wait,0,Wait,0,215,215,0,5,5,0,0.0,0.0,0.0
iterative_q,9000056,192,379.0,northern_pioneer,0,Wait,0,Wait,0,215,215,0,5,5,0,0.0,0.0,0.0
iterative_q,9000056,193,380.0,northern_pathfinder,0,Wait,0,Wait,0,215,215,0,5,5,0,0.0,0.0,0.0
iterative_q,9000056,193,380.0,northern_phoenix,0,Wait,0,Wait,0,215,215,0,5,5,0,0.0,0.0,0.0
iterative_q,9000056,193,380.0,northern_pioneer,0,Wait,0,Wait,0,215,215,0,5,5,0,0.0,0.0,0.0
iterative_q,9000056,194,381.0,northern_pathfinder,0,Wait,0,Wait,0,215,215,0,5,5,0,0.0,0.0,0.0
iterative_q,9000056,194,381.0,northern_phoenix,0,Wait,0,Wait,0,215,215,0,5,5,0,0.0,0.0,0.0
iterative_q,9000056,194,381.0,northern_pioneer,0,Wait,0,Wait,0,215,215,0,5,5,0,0.0,0.0,0.0
iterative_q,9000056,195,382.0,northern_pathfinder,0,Wait,0,Wait,0,215,215,0,5,5,0,0.0,0.0,0.0
iterative_q,9000056,195,382.0,northern_phoenix,0,Wait,0,Wait,0,215,215,0,5,5,0,0.0,0.0,0.0
iterative_q,9000056,195,382.0,northern_pioneer,0,Wait,0,Wait,0,215,215,0,5,5,0,0.0,0.0,0.0
iterative_q,9000056,196,383.0,northern_pathfinder,0,Wait,0,Wait,0,215,215,0,5,5,0,0.0,0.0,0.0
iterative_q,9000056,196,383.0,northern_phoenix,0,Wait,0,Wait,0,215,215,0,5,5,0,0.0,0.0,0.0
iterative_q,9000056,196,383.0,northern_pioneer,0,Wait,0,Wait,0,215,215,0,5,5,0,0.0,0.0,0.0
iterative_q,9000056,197,384.0,northern_pathfinder,0,Wait,0,Wait,0,215,215,0,5,5,0,0.0,0.0,0.0
iterative_q,9000056,197,384.0,northern_phoenix,0,Wait,0,Wait,0,215,215,0,5,5,0,0.0,0.0,0.0
iterative_q,9000056,197,384.0,northern_pioneer,0,Wait,0,Wait,0,215,215,0,5,5,0,0.0,0.0,0.0
iterative_q,9000056,198,385.0,northern_pathfinder,0,Wait,0,Wait,0,215,215,0,5,5,0,0.0,0.0,0.0
iterative_q,9000056,198,385.0,northern_phoenix,0,Wait,0,Wait,0,215,215,0,5,5,0,0.0,0.0,0.0
iterative_q,9000056,198,385.0,northern_pioneer,0,Wait,0,Wait,0,215,215,0,5,5,0,0.0,0.0,0.0
iterative_q,9000056,199,386.0,northern_pathfinder,0,Wait,0,Wait,0,215,215,0,5,5,0,0.0,0.0,0.0
iterative_q,9000056,199,386.0,northern_phoenix,0,Wait,0,Wait,0,215,215,0,5,5,0,0.0,0.0,0.0
iterative_q,9000056,199,386.0,northern_pioneer,0,Wait,0,Wait,0,215,215,0,5,5,0,0.0,0.0,0.0
iterative_q,9000056,200,387.0,northern_pathfinder,0,Wait,0,Wait,0,215,203,0,5,5,5,0.6541687250137329,0.013380304910242558,0.6541687250137329
iterative_q,9000056,200,387.0,northern_phoenix,4,Yara Sluiskil,4,Yara Sluiskil,0,215,203,0,5,5,5,0.6541687250137329,0.013380304910242558,0.6541687250137329
iterative_q,9000056,200,387.0,northern_pioneer,0,Wait,0,Wait,0,215,203,0,5,5,5,0.6541687250137329,0.013380304910242558,0.6541687250137329
iterative_q,9000056,201,388.0,northern_pathfinder,0,Wait,0,Wait,0,215,143,0,5,5,0,0.3210374414920807,0.02427767403423786,0.3210374414920807
iterative_q,9000056,201,388.0,northern_phoenix,0,Wait,0,Wait,0,215,143,0,5,5,0,0.3210374414920807,0.02427767403423786,0.3210374414920807
iterative_q,9000056,201,388.0,northern_pioneer,0,Wait,0,Wait,0,215,143,0,5,5,0,0.3210374414920807,0.02427767403423786,0.3210374414920807
iterative_q,9000056,202,389.0,northern_pathfinder,0,Wait,0,Wait,0,215,143,0,5,5,4,0.4178825318813324,0.02274358458817005,0.4178825318813324
iterative_q,9000056,202,389.0,northern_phoenix,0,Wait,0,Wait,0,215,143,0,5,5,4,0.4178825318813324,0.02274358458817005,0.4178825318813324
iterative_q,9000056,202,389.0,northern_pioneer,0,Wait,0,Wait,0,215,143,0,5,5,4,0.4178825318813324,0.02274358458817005,0.4178825318813324
iterative_q,9000056,203,390.0,northern_pathfinder,0,Wait,0,Wait,0,215,143,0,5,5,0,0.27706608176231384,0.025129474699497223,0.27706608176231384
iterative_q,9000056,203,390.0,northern_phoenix,0,Wait,0,Wait,0,215,143,0,5,5,0,0.27706608176231384,0.025129474699497223,0.27706608176231384
iterative_q,9000056,203,390.0,northern_pioneer,0,Wait,0,Wait,0,215,143,0,5,5,0,0.27706608176231384,0.025129474699497223,0.27706608176231384
iterative_q,9000056,204,391.0,northern_pathfinder,0,Wait,0,Wait,0,215,143,0,5,5,0,0.30637505650520325,0.024624532088637352,0.30637505650520325
iterative_q,9000056,204,391.0,northern_phoenix,0,Wait,0,Wait,0,215,143,0,5,5,0,0.30637505650520325,0.024624532088637352,0.30637505650520325
iterative_q,9000056,204,391.0,northern_pioneer,0,Wait,0,Wait,0,215,143,0,5,5,0,0.30637505650520325,0.024624532088637352,0.30637505650520325
iterative_q,9000056,205,392.0,northern_pathfinder,0,Wait,0,Wait,0,215,143,0,5,5,0,0.20690102875232697,0.026080694049596786,0.20690102875232697
iterative_q,9000056,205,392.0,northern_phoenix,0,Wait,0,Wait,0,215,143,0,5,5,0,0.20690102875232697,0.026080694049596786,0.20690102875232697
iterative_q,9000056,205,392.0,northern_pioneer,0,Wait,0,Wait,0,215,143,0,5,5,0,0.20690102875232697,0.026080694049596786,0.20690102875232697
iterative_q,9000056,206,393.0,northern_pathfinder,0,Wait,0,Wait,0,215,143,0,5,5,0,0.2417658120393753,0.02519713155925274,0.2417658120393753
iterative_q,9000056,206,393.0,northern_phoenix,0,Wait,0,Wait,0,215,143,0,5,5,0,0.2417658120393753,0.02519713155925274,0.2417658120393753
iterative_q,9000056,206,393.0,northern_pioneer,0,Wait,0,Wait,0,215,143,0,5,5,0,0.2417658120393753,0.02519713155925274,0.2417658120393753
iterative_q,9000056,207,394.0,northern_pathfinder,0,Wait,0,Wait,0,215,143,0,5,5,0,0.33620911836624146,0.02428256720304489,0.33620911836624146
iterative_q,9000056,207,394.0,northern_phoenix,0,Wait,0,Wait,0,215,143,0,5,5,0,0.33620911836624146,0.02428256720304489,0.33620911836624146
iterative_q,9000056,207,394.0,northern_pioneer,0,Wait,0,Wait,0,215,143,0,5,5,0,0.33620911836624146,0.02428256720304489,0.33620911836624146
iterative_q,9000056,208,395.0,northern_pathfinder,0,Wait,0,Wait,0,215,143,0,5,5,0,0.30583757162094116,0.02431981824338436,0.30583757162094116
iterative_q,9000056,208,395.0,northern_phoenix,0,Wait,0,Wait,0,215,143,0,5,5,0,0.30583757162094116,0.02431981824338436,0.30583757162094116
iterative_q,9000056,208,395.0,northern_pioneer,0,Wait,0,Wait,0,215,143,0,5,5,0,0.30583757162094116,0.02431981824338436,0.30583757162094116
iterative_q,9000056,209,396.0,northern_pathfinder,0,Wait,3,Celsio,1,143,143,1,6,5,5,0.7626566290855408,0.02170085906982422,0.7626566290855408
iterative_q,9000056,209,396.0,northern_phoenix,0,Wait,0,Wait,0,143,143,1,6,5,5,0.7626566290855408,0.02170085906982422,0.7626566290855408
iterative_q,9000056,209,396.0,northern_pioneer,0,Wait,0,Wait,0,143,143,1,6,5,5,0.7626566290855408,0.02170085906982422,0.7626566290855408
iterative_q,9000056,210,403.0,northern_pathfinder,0,Wait,0,Wait,0,215,215,0,6,5,0,0.0,0.0,0.0
iterative_q,9000056,210,403.0,northern_phoenix,0,Wait,0,Wait,0,215,215,0,6,5,0,0.0,0.0,0.0
iterative_q,9000056,210,403.0,northern_pioneer,0,Wait,0,Wait,0,215,215,0,6,5,0,0.0,0.0,0.0
iterative_q,9000056,211,404.0,northern_pathfinder,0,Wait,0,Wait,0,215,215,0,6,5,0,0.0,0.0,0.0
iterative_q,9000056,211,404.0,northern_phoenix,0,Wait,0,Wait,0,215,215,0,6,5,0,0.0,0.0,0.0
iterative_q,9000056,211,404.0,northern_pioneer,0,Wait,0,Wait,0,215,215,0,6,5,0,0.0,0.0,0.0
iterative_q,9000056,212,405.0,northern_pathfinder,1,Terminal,1,Terminal,0,215,215,0,6,5,0,0.0,0.0,0.0
iterative_q,9000056,212,405.0,northern_phoenix,0,Wait,0,Wait,0,215,215,0,6,5,0,0.0,0.0,0.0
iterative_q,9000056,212,405.0,northern_pioneer,0,Wait,0,Wait,0,215,215,0,6,5,0,0.0,0.0,0.0
iterative_q,9000056,213,406.0,northern_pathfinder,0,Wait,0,Wait,0,215,213,0,6,5,0,0.2804691195487976,0.016863573342561722,0.2804691195487976
iterative_q,9000056,213,406.0,northern_phoenix,0,Wait,0,Wait,0,215,213,0,6,5,0,0.2804691195487976,0.016863573342561722,0.2804691195487976
iterative_q,9000056,213,406.0,northern_pioneer,4,Yara Sluiskil,4,Yara Sluiskil,0,215,213,0,6,5,0,0.2804691195487976,0.016863573342561722,0.2804691195487976
iterative_q,9000056,214,431.0,northern_pathfinder,0,Wait,0,Wait,0,215,203,0,6,5,0,0.08916769921779633,0.015339072793722153,0.08916769921779633
iterative_q,9000056,214,431.0,northern_phoenix,0,Wait,0,Wait,0,215,203,0,6,5,0,0.08916769921779633,0.015339072793722153,0.08916769921779633
iterative_q,9000056,214,431.0,northern_pioneer,0,Wait,0,Wait,0,215,203,0,6,5,0,0.08916769921779633,0.015339072793722153,0.08916769921779633
iterative_q,9000056,215,432.0,northern_pathfinder,0,Wait,0,Wait,0,215,203,0,6,5,0,0.0725027471780777,0.01568540185689926,0.0725027471780777
iterative_q,9000056,215,432.0,northern_phoenix,0,Wait,0,Wait,0,215,203,0,6,5,0,0.0725027471780777,0.01568540185689926,0.0725027471780777
iterative_q,9000056,215,432.0,northern_pioneer,0,Wait,0,Wait,0,215,203,0,6,5,0,0.0725027471780777,0.01568540185689926,0.0725027471780777
iterative_q,9000056,216,433.0,northern_pathfinder,0,Wait,0,Wait,0,215,203,0,6,5,0,0.07229791581630707,0.015391665510833263,0.07229791581630707
iterative_q,9000056,216,433.0,northern_phoenix,0,Wait,0,Wait,0,215,203,0,6,5,0,0.07229791581630707,0.015391665510833263,0.07229791581630707
iterative_q,9000056,216,433.0,northern_pioneer,0,Wait,0,Wait,0,215,203,0,6,5,0,0.07229791581630707,0.015391665510833263,0.07229791581630707
iterative_q,9000056,217,434.0,northern_pathfinder,0,Wait,0,Wait,0,215,203,0,6,5,0,0.19198454916477203,0.01678396202623844,0.19198454916477203
iterative_q,9000056,217,434.0,northern_phoenix,0,Wait,0,Wait,0,215,203,0,6,5,0,0.19198454916477203,0.01678396202623844,0.19198454916477203
iterative_q,9000056,217,434.0,northern_pioneer,0,Wait,0,Wait,0,215,203,0,6,5,0,0.19198454916477203,0.01678396202623844,0.19198454916477203
iterative_q,9000056,218,435.0,northern_pathfinder,0,Wait,0,Wait,0,215,203,0,6,5,0,0.1630232036113739,0.01729487255215645,0.1630232036113739
iterative_q,9000056,218,435.0,northern_phoenix,0,Wait,0,Wait,0,215,203,0,6,5,0,0.1630232036113739,0.01729487255215645,0.1630232036113739
iterative_q,9000056,218,435.0,northern_pioneer,0,Wait,0,Wait,0,215,203,0,6,5,0,0.1630232036113739,0.01729487255215645,0.1630232036113739
iterative_q,9000056,219,436.0,northern_pathfinder,0,Wait,0,Wait,0,215,203,0,6,5,0,0.19318178296089172,0.016798583790659904,0.19318178296089172
iterative_q,9000056,219,436.0,northern_phoenix,0,Wait,0,Wait,0,215,203,0,6,5,0,0.19318178296089172,0.016798583790659904,0.19318178296089172
iterative_q,9000056,219,436.0,northern_pioneer,0,Wait,0,Wait,0,215,203,0,6,5,0,0.19318178296089172,0.016798583790659904,0.19318178296089172
iterative_q,9000056,220,437.0,northern_pathfinder,0,Wait,0,Wait,0,215,203,0,6,5,0,0.14284443855285645,0.01775888167321682,0.14284443855285645
iterative_q,9000056,220,437.0,northern_phoenix,0,Wait,0,Wait,0,215,203,0,6,5,0,0.14284443855285645,0.01775888167321682,0.14284443855285645
iterative_q,9000056,220,437.0,northern_pioneer,0,Wait,0,Wait,0,215,203,0,6,5,0,0.14284443855285645,0.01775888167321682,0.14284443855285645
iterative_q,9000056,221,438.0,northern_pathfinder,0,Wait,0,Wait,0,215,203,0,6,5,0,0.02298027276992798,0.016786428168416023,0.02298027276992798
iterative_q,9000056,221,438.0,northern_phoenix,0,Wait,0,Wait,0,215,203,0,6,5,0,0.02298027276992798,0.016786428168416023,0.02298027276992798
iterative_q,9000056,221,438.0,northern_pioneer,0,Wait,0,Wait,0,215,203,0,6,5,0,0.02298027276992798,0.016786428168416023,0.02298027276992798
iterative_q,9000056,222,439.0,northern_pathfinder,0,Wait,0,Wait,0,215,203,0,6,5,0,0.2630958557128906,0.019214972853660583,0.2630958557128906
iterative_q,9000056,222,439.0,northern_phoenix,0,Wait,0,Wait,0,215,203,0,6,5,0,0.2630958557128906,0.019214972853660583,0.2630958557128906
iterative_q,9000056,222,439.0,northern_pioneer,0,Wait,0,Wait,0,215,203,0,6,5,0,0.2630958557128906,0.019214972853660583,0.2630958557128906
iterative_q,9000056,223,440.0,northern_pathfinder,0,Wait,0,Wait,0,215,203,0,6,5,0,0.18139003217220306,0.019192062318325043,0.18139003217220306
iterative_q,9000056,223,440.0,northern_phoenix,0,Wait,0,Wait,0,215,203,0,6,5,0,0.18139003217220306,0.019192062318325043,0.18139003217220306
iterative_q,9000056,223,440.0,northern_pioneer,0,Wait,0,Wait,0,215,203,0,6,5,0,0.18139003217220306,0.019192062318325043,0.18139003217220306
iterative_q,9000056,224,441.0,northern_pathfinder,0,Wait,0,Wait,0,215,215,0,6,5,0,0.0,0.0,0.0
iterative_q,9000056,224,441.0,northern_phoenix,1,Terminal,1,Terminal,0,215,215,0,6,5,0,0.0,0.0,0.0
iterative_q,9000056,224,441.0,northern_pioneer,0,Wait,0,Wait,0,215,215,0,6,5,0,0.0,0.0,0.0
iterative_q,9000056,225,446.0,northern_pathfinder,4,Yara Sluiskil,3,Celsio,1,143,143,1,7,5,4,0.41453924775123596,0.01760104112327099,0.41453924775123596
iterative_q,9000056,225,446.0,northern_phoenix,0,Wait,0,Wait,0,143,143,1,7,5,4,0.41453924775123596,0.01760104112327099,0.41453924775123596
iterative_q,9000056,225,446.0,northern_pioneer,0,Wait,0,Wait,0,143,143,1,7,5,4,0.41453924775123596,0.01760104112327099,0.41453924775123596
iterative_q,9000056,226,458.0,northern_pathfinder,0,Wait,0,Wait,0,215,215,0,7,5,0,0.0,0.0,0.0
iterative_q,9000056,226,458.0,northern_phoenix,0,Wait,0,Wait,0,215,215,0,7,5,0,0.0,0.0,0.0
iterative_q,9000056,226,458.0,northern_pioneer,0,Wait,0,Wait,0,215,215,0,7,5,0,0.0,0.0,0.0
iterative_q,9000056,227,459.0,northern_pathfinder,0,Wait,0,Wait,0,215,215,0,7,5,0,0.0,0.0,0.0
iterative_q,9000056,227,459.0,northern_phoenix,0,Wait,0,Wait,0,215,215,0,7,5,0,0.0,0.0,0.0
iterative_q,9000056,227,459.0,northern_pioneer,0,Wait,0,Wait,0,215,215,0,7,5,0,0.0,0.0,0.0
iterative_q,9000056,228,460.0,northern_pathfinder,0,Wait,0,Wait,0,215,215,0,7,5,0,0.0,0.0,0.0
iterative_q,9000056,228,460.0,northern_phoenix,0,Wait,0,Wait,0,215,215,0,7,5,0,0.0,0.0,0.0
iterative_q,9000056,228,460.0,northern_pioneer,0,Wait,0,Wait,0,215,215,0,7,5,0,0.0,0.0,0.0
iterative_q,9000056,229,461.0,northern_pathfinder,0,Wait,0,Wait,0,215,215,0,7,5,0,0.0,0.0,0.0
iterative_q,9000056,229,461.0,northern_phoenix,0,Wait,0,Wait,0,215,215,0,7,5,0,0.0,0.0,0.0
iterative_q,9000056,229,461.0,northern_pioneer,0,Wait,0,Wait,0,215,215,0,7,5,0,0.0,0.0,0.0
iterative_q,9000056,230,462.0,northern_pathfinder,0,Wait,0,Wait,0,215,215,0,7,5,0,0.0,0.0,0.0
iterative_q,9000056,230,462.0,northern_phoenix,0,Wait,0,Wait,0,215,215,0,7,5,0,0.0,0.0,0.0
iterative_q,9000056,230,462.0,northern_pioneer,0,Wait,0,Wait,0,215,215,0,7,5,0,0.0,0.0,0.0
iterative_q,9000056,231,463.0,northern_pathfinder,0,Wait,0,Wait,0,215,215,0,7,5,0,0.0,0.0,0.0
iterative_q,9000056,231,463.0,northern_phoenix,0,Wait,0,Wait,0,215,215,0,7,5,0,0.0,0.0,0.0
iterative_q,9000056,231,463.0,northern_pioneer,0,Wait,0,Wait,0,215,215,0,7,5,0,0.0,0.0,0.0
iterative_q,9000056,232,464.0,northern_pathfinder,0,Wait,0,Wait,0,215,215,0,7,5,0,0.0,0.0,0.0
iterative_q,9000056,232,464.0,northern_phoenix,0,Wait,0,Wait,0,215,215,0,7,5,0,0.0,0.0,0.0
iterative_q,9000056,232,464.0,northern_pioneer,0,Wait,0,Wait,0,215,215,0,7,5,0,0.0,0.0,0.0
iterative_q,9000056,233,465.0,northern_pathfinder,0,Wait,0,Wait,0,215,215,0,7,5,0,0.0,0.0,0.0
iterative_q,9000056,233,465.0,northern_phoenix,0,Wait,0,Wait,0,215,215,0,7,5,0,0.0,0.0,0.0
iterative_q,9000056,233,465.0,northern_pioneer,0,Wait,0,Wait,0,215,215,0,7,5,0,0.0,0.0,0.0
iterative_q,9000056,234,466.0,northern_pathfinder,0,Wait,0,Wait,0,215,215,0,7,5,0,0.0,0.0,0.0
iterative_q,9000056,234,466.0,northern_phoenix,0,Wait,0,Wait,0,215,215,0,7,5,0,0.0,0.0,0.0
iterative_q,9000056,234,466.0,northern_pioneer,0,Wait,0,Wait,0,215,215,0,7,5,0,0.0,0.0,0.0
iterative_q,9000056,235,467.0,northern_pathfinder,0,Wait,0,Wait,0,215,215,0,7,5,0,0.0,0.0,0.0
iterative_q,9000056,235,467.0,northern_phoenix,0,Wait,0,Wait,0,215,215,0,7,5,0,0.0,0.0,0.0
iterative_q,9000056,235,467.0,northern_pioneer,0,Wait,0,Wait,0,215,215,0,7,5,0,0.0,0.0,0.0
iterative_q,9000056,236,468.0,northern_pathfinder,0,Wait,0,Wait,0,215,210,0,7,5,5,0.5202018022537231,0.011051399633288383,0.5202018022537231
iterative_q,9000056,236,468.0,northern_phoenix,0,Wait,0,Wait,0,215,210,0,7,5,5,0.5202018022537231,0.011051399633288383,0.5202018022537231
iterative_q,9000056,236,468.0,northern_pioneer,1,Terminal,1,Terminal,0,215,210,0,7,5,5,0.5202018022537231,0.011051399633288383,0.5202018022537231
iterative_q,9000056,237,495.0,northern_pathfinder,0,Wait,0,Wait,0,215,215,0,8,5,0,0.0,0.0,0.0
iterative_q,9000056,237,495.0,northern_phoenix,0,Wait,0,Wait,0,215,215,0,8,5,0,0.0,0.0,0.0
iterative_q,9000056,237,495.0,northern_pioneer,0,Wait,0,Wait,0,215,215,0,8,5,0,0.0,0.0,0.0
iterative_q,9000056,238,496.0,northern_pathfinder,0,Wait,0,Wait,0,215,215,0,8,5,0,0.0,0.0,0.0
iterative_q,9000056,238,496.0,northern_phoenix,0,Wait,0,Wait,0,215,215,0,8,5,0,0.0,0.0,0.0
iterative_q,9000056,238,496.0,northern_pioneer,0,Wait,0,Wait,0,215,215,0,8,5,0,0.0,0.0,0.0
iterative_q,9000056,239,497.0,northern_pathfinder,0,Wait,0,Wait,0,215,215,0,8,5,0,0.0,0.0,0.0
iterative_q,9000056,239,497.0,northern_phoenix,0,Wait,0,Wait,0,215,215,0,8,5,0,0.0,0.0,0.0
iterative_q,9000056,239,497.0,northern_pioneer,0,Wait,0,Wait,0,215,215,0,8,5,0,0.0,0.0,0.0
iterative_q,9000056,240,498.0,northern_pathfinder,0,Wait,0,Wait,0,215,215,0,8,5,0,0.0,0.0,0.0
iterative_q,9000056,240,498.0,northern_phoenix,0,Wait,0,Wait,0,215,215,0,8,5,0,0.0,0.0,0.0
iterative_q,9000056,240,498.0,northern_pioneer,0,Wait,0,Wait,0,215,215,0,8,5,0,0.0,0.0,0.0
iterative_q,9000056,241,499.0,northern_pathfinder,0,Wait,0,Wait,0,215,215,0,8,5,0,0.0,0.0,0.0
iterative_q,9000056,241,499.0,northern_phoenix,0,Wait,0,Wait,0,215,215,0,8,5,0,0.0,0.0,0.0
iterative_q,9000056,241,499.0,northern_pioneer,0,Wait,0,Wait,0,215,215,0,8,5,0,0.0,0.0,0.0
iterative_q,9000056,242,500.0,northern_pathfinder,0,Wait,0,Wait,0,215,215,0,8,5,0,0.0,0.0,0.0
iterative_q,9000056,242,500.0,northern_phoenix,0,Wait,0,Wait,0,215,215,0,8,5,0,0.0,0.0,0.0
iterative_q,9000056,242,500.0,northern_pioneer,0,Wait,0,Wait,0,215,215,0,8,5,0,0.0,0.0,0.0
iterative_q,9000056,243,501.0,northern_pathfinder,0,Wait,0,Wait,0,215,107,0,8,5,0,0.1272852122783661,0.027279479429125786,0.1272852122783661
iterative_q,9000056,243,501.0,northern_phoenix,0,Wait,0,Wait,0,215,107,0,8,5,0,0.1272852122783661,0.027279479429125786,0.1272852122783661
iterative_q,9000056,243,501.0,northern_pioneer,0,Wait,0,Wait,0,215,107,0,8,5,0,0.1272852122783661,0.027279479429125786,0.1272852122783661
iterative_q,9000056,244,502.0,northern_pathfinder,0,Wait,0,Wait,0,215,107,0,8,5,0,0.06902371346950531,0.026746414601802826,0.06902371346950531
iterative_q,9000056,244,502.0,northern_phoenix,0,Wait,0,Wait,0,215,107,0,8,5,0,0.06902371346950531,0.026746414601802826,0.06902371346950531
iterative_q,9000056,244,502.0,northern_pioneer,0,Wait,0,Wait,0,215,107,0,8,5,0,0.06902371346950531,0.026746414601802826,0.06902371346950531
iterative_q,9000056,245,503.0,northern_pathfinder,0,Wait,0,Wait,0,215,107,0,8,5,0,0.060580335557460785,0.026475878432393074,0.060580335557460785
iterative_q,9000056,245,503.0,northern_phoenix,0,Wait,0,Wait,0,215,107,0,8,5,0,0.060580335557460785,0.026475878432393074,0.060580335557460785
iterative_q,9000056,245,503.0,northern_pioneer,0,Wait,0,Wait,0,215,107,0,8,5,0,0.060580335557460785,0.026475878432393074,0.060580335557460785
iterative_q,9000056,246,504.0,northern_pathfinder,0,Wait,0,Wait,0,215,107,0,8,5,0,0.2987254858016968,0.028672125190496445,0.2987254858016968
iterative_q,9000056,246,504.0,northern_phoenix,0,Wait,0,Wait,0,215,107,0,8,5,0,0.2987254858016968,0.028672125190496445,0.2987254858016968
iterative_q,9000056,246,504.0,northern_pioneer,0,Wait,0,Wait,0,215,107,0,8,5,0,0.2987254858016968,0.028672125190496445,0.2987254858016968
iterative_q,9000056,247,505.0,northern_pathfinder,0,Wait,0,Wait,0,215,107,0,8,5,0,0.21762016415596008,0.02793850749731064,0.21762016415596008
iterative_q,9000056,247,505.0,northern_phoenix,0,Wait,0,Wait,0,215,107,0,8,5,0,0.21762016415596008,0.02793850749731064,0.21762016415596008
iterative_q,9000056,247,505.0,northern_pioneer,0,Wait,0,Wait,0,215,107,0,8,5,0,0.21762016415596008,0.02793850749731064,0.21762016415596008
iterative_q,9000056,248,506.0,northern_pathfinder,0,Wait,0,Wait,0,215,107,0,8,5,0,0.21955831348896027,0.028449127450585365,0.21955831348896027
iterative_q,9000056,248,506.0,northern_phoenix,0,Wait,0,Wait,0,215,107,0,8,5,0,0.21955831348896027,0.028449127450585365,0.21955831348896027
iterative_q,9000056,248,506.0,northern_pioneer,0,Wait,0,Wait,0,215,107,0,8,5,0,0.21955831348896027,0.028449127450585365,0.21955831348896027
iterative_q,9000056,249,507.0,northern_pathfinder,0,Wait,0,Wait,0,215,107,0,8,5,0,0.08383168280124664,0.02809280902147293,0.08383168280124664
iterative_q,9000056,249,507.0,northern_phoenix,0,Wait,0,Wait,0,215,107,0,8,5,0,0.08383168280124664,0.02809280902147293,0.08383168280124664
iterative_q,9000056,249,507.0,northern_pioneer,0,Wait,0,Wait,0,215,107,0,8,5,0,0.08383168280124664,0.02809280902147293,0.08383168280124664
iterative_q,9000056,250,508.0,northern_pathfinder,0,Wait,0,Wait,0,215,107,0,8,5,0,0.06485678255558014,0.02789454720914364,0.06485678255558014
iterative_q,9000056,250,508.0,northern_phoenix,0,Wait,0,Wait,0,215,107,0,8,5,0,0.06485678255558014,0.02789454720914364,0.06485678255558014
iterative_q,9000056,250,508.0,northern_pioneer,0,Wait,0,Wait,0,215,107,0,8,5,0,0.06485678255558014,0.02789454720914364,0.06485678255558014
iterative_q,9000056,251,509.0,northern_pathfinder,0,Wait,0,Wait,0,215,107,0,8,5,0,0.12732630968093872,0.02914477325975895,0.12732630968093872
iterative_q,9000056,251,509.0,northern_phoenix,0,Wait,0,Wait,0,215,107,0,8,5,0,0.12732630968093872,0.02914477325975895,0.12732630968093872
iterative_q,9000056,251,509.0,northern_pioneer,0,Wait,0,Wait,0,215,107,0,8,5,0,0.12732630968093872,0.02914477325975895,0.12732630968093872
iterative_q,9000056,252,510.0,northern_pathfinder,0,Wait,0,Wait,0,215,107,0,8,5,0,0.1422947347164154,0.029214387759566307,0.1422947347164154
iterative_q,9000056,252,510.0,northern_phoenix,0,Wait,0,Wait,0,215,107,0,8,5,0,0.1422947347164154,0.029214387759566307,0.1422947347164154
iterative_q,9000056,252,510.0,northern_pioneer,0,Wait,0,Wait,0,215,107,0,8,5,0,0.1422947347164154,0.029214387759566307,0.1422947347164154
iterative_q,9000056,253,511.0,northern_pathfinder,0,Wait,0,Wait,0,215,107,0,8,4,0,0.055592041462659836,0.028470883145928383,0.055592041462659836
iterative_q,9000056,253,511.0,northern_phoenix,0,Wait,0,Wait,0,215,107,0,8,4,0,0.055592041462659836,0.028470883145928383,0.055592041462659836
iterative_q,9000056,253,511.0,northern_pioneer,0,Wait,0,Wait,0,215,107,0,8,4,0,0.055592041462659836,0.028470883145928383,0.055592041462659836
iterative_q,9000056,254,512.0,northern_pathfinder,0,Wait,0,Wait,0,215,215,0,8,5,0,0.0,0.0,0.0
iterative_q,9000056,254,512.0,northern_phoenix,0,Wait,0,Wait,0,215,215,0,8,5,0,0.0,0.0,0.0
iterative_q,9000056,254,512.0,northern_pioneer,0,Wait,0,Wait,0,215,215,0,8,5,0,0.0,0.0,0.0
iterative_q,9000056,255,513.0,northern_pathfinder,0,Wait,0,Wait,0,215,107,0,8,5,0,0.0882156640291214,0.0292615108191967,0.0882156640291214
iterative_q,9000056,255,513.0,northern_phoenix,0,Wait,0,Wait,0,215,107,0,8,5,0,0.0882156640291214,0.0292615108191967,0.0882156640291214
iterative_q,9000056,255,513.0,northern_pioneer,0,Wait,0,Wait,0,215,107,0,8,5,0,0.0882156640291214,0.0292615108191967,0.0882156640291214
iterative_q,9000056,256,514.0,northern_pathfinder,0,Wait,0,Wait,0,215,185,0,8,5,0,0.24803891777992249,0.012968371622264385,0.24803891777992249
iterative_q,9000056,256,514.0,northern_phoenix,4,Yara Sluiskil,4,Yara Sluiskil,0,215,185,0,8,5,0,0.24803891777992249,0.012968371622264385,0.24803891777992249
iterative_q,9000056,256,514.0,northern_pioneer,0,Wait,0,Wait,0,215,185,0,8,5,0,0.24803891777992249,0.012968371622264385,0.24803891777992249
iterative_q,9000056,257,515.0,northern_pathfinder,0,Wait,0,Wait,0,215,107,0,8,5,0,0.14737948775291443,0.030452867969870567,0.14737948775291443
iterative_q,9000056,257,515.0,northern_phoenix,0,Wait,0,Wait,0,215,107,0,8,5,0,0.14737948775291443,0.030452867969870567,0.14737948775291443
iterative_q,9000056,257,515.0,northern_pioneer,0,Wait,0,Wait,0,215,107,0,8,5,0,0.14737948775291443,0.030452867969870567,0.14737948775291443
iterative_q,9000056,258,516.0,northern_pathfinder,0,Wait,0,Wait,0,215,107,0,8,5,0,0.09957053512334824,0.03029707446694374,0.09957053512334824
iterative_q,9000056,258,516.0,northern_phoenix,0,Wait,0,Wait,0,215,107,0,8,5,0,0.09957053512334824,0.03029707446694374,0.09957053512334824
iterative_q,9000056,258,516.0,northern_pioneer,0,Wait,0,Wait,0,215,107,0,8,5,0,0.09957053512334824,0.03029707446694374,0.09957053512334824
iterative_q,9000056,259,517.0,northern_pathfinder,0,Wait,0,Wait,0,215,107,0,8,5,0,0.14675374329090118,0.030460666865110397,0.14675374329090118
iterative_q,9000056,259,517.0,northern_phoenix,0,Wait,0,Wait,0,215,107,0,8,5,0,0.14675374329090118,0.030460666865110397,0.14675374329090118
iterative_q,9000056,259,517.0,northern_pioneer,0,Wait,0,Wait,0,215,107,0,8,5,0,0.14675374329090118,0.030460666865110397,0.14675374329090118
iterative_q,9000056,260,518.0,northern_pathfinder,0,Wait,0,Wait,0,215,107,0,8,5,0,0.2595960199832916,0.02958006039261818,0.2595960199832916
iterative_q,9000056,260,518.0,northern_phoenix,0,Wait,0,Wait,0,215,107,0,8,5,0,0.2595960199832916,0.02958006039261818,0.2595960199832916
iterative_q,9000056,260,518.0,northern_pioneer,0,Wait,0,Wait,0,215,107,0,8,5,0,0.2595960199832916,0.02958006039261818,0.2595960199832916
iterative_q,9000056,261,519.0,northern_pathfinder,0,Wait,0,Wait,0,215,107,0,8,5,0,0.13551506400108337,0.029481587931513786,0.13551506400108337
iterative_q,9000056,261,519.0,northern_phoenix,0,Wait,0,Wait,0,215,107,0,8,5,0,0.13551506400108337,0.029481587931513786,0.13551506400108337
iterative_q,9000056,261,519.0,northern_pioneer,0,Wait,0,Wait,0,215,107,0,8,5,0,0.13551506400108337,0.029481587931513786,0.13551506400108337
iterative_q,9000056,262,520.0,northern_pathfinder,0,Wait,0,Wait,0,215,107,0,8,5,0,0.1143515557050705,0.029416905716061592,0.1143515557050705
iterative_q,9000056,262,520.0,northern_phoenix,0,Wait,0,Wait,0,215,107,0,8,5,0,0.1143515557050705,0.029416905716061592,0.1143515557050705
iterative_q,9000056,262,520.0,northern_pioneer,0,Wait,0,Wait,0,215,107,0,8,5,0,0.1143515557050705,0.029416905716061592,0.1143515557050705
iterative_q,9000056,263,521.0,northern_pathfinder,0,Wait,0,Wait,0,215,107,0,8,5,0,0.20077042281627655,0.028784791007637978,0.20077042281627655
iterative_q,9000056,263,521.0,northern_phoenix,0,Wait,0,Wait,0,215,107,0,8,5,0,0.20077042281627655,0.028784791007637978,0.20077042281627655
iterative_q,9000056,263,521.0,northern_pioneer,0,Wait,0,Wait,0,215,107,0,8,5,0,0.20077042281627655,0.028784791007637978,0.20077042281627655
iterative_q,9000056,264,522.0,northern_pathfinder,0,Wait,2,Brevik,1,107,107,1,8,5,5,0.5396924614906311,0.03074108250439167,0.5396924614906311
iterative_q,9000056,264,522.0,northern_phoenix,0,Wait,0,Wait,0,107,107,1,8,5,5,0.5396924614906311,0.03074108250439167,0.5396924614906311
iterative_q,9000056,264,522.0,northern_pioneer,0,Wait,0,Wait,0,107,107,1,8,5,5,0.5396924614906311,0.03074108250439167,0.5396924614906311
iterative_q,9000056,265,529.0,northern_pathfinder,0,Wait,0,Wait,0,215,215,0,8,5,0,0.0,0.0,0.0
iterative_q,9000056,265,529.0,northern_phoenix,0,Wait,0,Wait,0,215,215,0,8,5,0,0.0,0.0,0.0
iterative_q,9000056,265,529.0,northern_pioneer,0,Wait,0,Wait,0,215,215,0,8,5,0,0.0,0.0,0.0
iterative_q,9000056,266,530.0,northern_pathfinder,0,Wait,0,Wait,0,215,143,0,8,4,0,0.003916251473128796,0.02141544222831726,0.003916251473128796
iterative_q,9000056,266,530.0,northern_phoenix,0,Wait,0,Wait,0,215,143,0,8,4,0,0.003916251473128796,0.02141544222831726,0.003916251473128796
iterative_q,9000056,266,530.0,northern_pioneer,0,Wait,0,Wait,0,215,143,0,8,4,0,0.003916251473128796,0.02141544222831726,0.003916251473128796
iterative_q,9000056,267,531.0,northern_pathfinder,0,Wait,0,Wait,0,215,215,0,8,5,0,0.0,0.0,0.0
iterative_q,9000056,267,531.0,northern_phoenix,0,Wait,0,Wait,0,215,215,0,8,5,0,0.0,0.0,0.0
iterative_q,9000056,267,531.0,northern_pioneer,0,Wait,0,Wait,0,215,215,0,8,5,0,0.0,0.0,0.0
iterative_q,9000056,268,532.0,northern_pathfinder,1,Terminal,1,Terminal,0,215,30,0,8,5,5,0.9652549624443054,0.016835834830999374,0.9652549624443054
iterative_q,9000056,268,532.0,northern_phoenix,0,Wait,0,Wait,0,215,30,0,8,5,5,0.9652549624443054,0.016835834830999374,0.9652549624443054
iterative_q,9000056,268,532.0,northern_pioneer,4,Yara Sluiskil,4,Yara Sluiskil,0,215,30,0,8,5,5,0.9652549624443054,0.016835834830999374,0.9652549624443054
iterative_q,9000056,269,558.0,northern_pathfinder,0,Wait,0,Wait,0,215,197,0,9,5,0,0.09321228414773941,0.012906810268759727,0.09321228414773941
iterative_q,9000056,269,558.0,northern_phoenix,0,Wait,0,Wait,0,215,197,0,9,5,0,0.09321228414773941,0.012906810268759727,0.09321228414773941
iterative_q,9000056,269,558.0,northern_pioneer,0,Wait,0,Wait,0,215,197,0,9,5,0,0.09321228414773941,0.012906810268759727,0.09321228414773941
iterative_q,9000056,270,559.0,northern_pathfinder,0,Wait,0,Wait,0,215,197,0,9,5,0,0.060262035578489304,0.013375304639339447,0.060262035578489304
iterative_q,9000056,270,559.0,northern_phoenix,0,Wait,0,Wait,0,215,197,0,9,5,0,0.060262035578489304,0.013375304639339447,0.060262035578489304
iterative_q,9000056,270,559.0,northern_pioneer,0,Wait,0,Wait,0,215,197,0,9,5,0,0.060262035578489304,0.013375304639339447,0.060262035578489304
iterative_q,9000056,271,560.0,northern_pathfinder,0,Wait,0,Wait,0,215,197,0,9,5,0,0.05244429036974907,0.012685541994869709,0.05244429036974907
iterative_q,9000056,271,560.0,northern_phoenix,0,Wait,0,Wait,0,215,197,0,9,5,0,0.05244429036974907,0.012685541994869709,0.05244429036974907
iterative_q,9000056,271,560.0,northern_pioneer,0,Wait,0,Wait,0,215,197,0,9,5,0,0.05244429036974907,0.012685541994869709,0.05244429036974907
iterative_q,9000056,272,561.0,northern_pathfinder,0,Wait,0,Wait,0,215,197,0,9,5,0,0.19876901805400848,0.01155955158174038,0.19876901805400848
iterative_q,9000056,272,561.0,northern_phoenix,0,Wait,0,Wait,0,215,197,0,9,5,0,0.19876901805400848,0.01155955158174038,0.19876901805400848
iterative_q,9000056,272,561.0,northern_pioneer,0,Wait,0,Wait,0,215,197,0,9,5,0,0.19876901805400848,0.01155955158174038,0.19876901805400848
iterative_q,9000056,273,562.0,northern_pathfinder,0,Wait,0,Wait,0,215,197,0,9,5,0,0.13282570242881775,0.012304487638175488,0.13282570242881775
iterative_q,9000056,273,562.0,northern_phoenix,0,Wait,0,Wait,0,215,197,0,9,5,0,0.13282570242881775,0.012304487638175488,0.13282570242881775
iterative_q,9000056,273,562.0,northern_pioneer,0,Wait,0,Wait,0,215,197,0,9,5,0,0.13282570242881775,0.012304487638175488,0.13282570242881775
iterative_q,9000056,274,563.0,northern_pathfinder,0,Wait,0,Wait,0,215,197,0,9,5,0,0.14845415949821472,0.012546462006866932,0.14845415949821472
iterative_q,9000056,274,563.0,northern_phoenix,0,Wait,0,Wait,0,215,197,0,9,5,0,0.14845415949821472,0.012546462006866932,0.14845415949821472
iterative_q,9000056,274,563.0,northern_pioneer,0,Wait,0,Wait,0,215,197,0,9,5,0,0.14845415949821472,0.012546462006866932,0.14845415949821472
iterative_q,9000056,275,564.0,northern_pathfinder,0,Wait,0,Wait,0,215,197,0,9,5,0,0.14853957295417786,0.01278769038617611,0.14853957295417786
iterative_q,9000056,275,564.0,northern_phoenix,0,Wait,0,Wait,0,215,197,0,9,5,0,0.14853957295417786,0.01278769038617611,0.14853957295417786
iterative_q,9000056,275,564.0,northern_pioneer,0,Wait,0,Wait,0,215,197,0,9,5,0,0.14853957295417786,0.01278769038617611,0.14853957295417786
iterative_q,9000056,276,565.0,northern_pathfinder,0,Wait,0,Wait,0,215,197,0,9,5,0,0.2726333439350128,0.01241469755768776,0.2726333439350128
iterative_q,9000056,276,565.0,northern_phoenix,0,Wait,0,Wait,0,215,197,0,9,5,0,0.2726333439350128,0.01241469755768776,0.2726333439350128
iterative_q,9000056,276,565.0,northern_pioneer,0,Wait,0,Wait,0,215,197,0,9,5,0,0.2726333439350128,0.01241469755768776,0.2726333439350128
iterative_q,9000056,277,566.0,northern_pathfinder,0,Wait,0,Wait,0,215,197,0,9,5,0,0.2501441240310669,0.012819921597838402,0.2501441240310669
iterative_q,9000056,277,566.0,northern_phoenix,0,Wait,0,Wait,0,215,197,0,9,5,0,0.2501441240310669,0.012819921597838402,0.2501441240310669
iterative_q,9000056,277,566.0,northern_pioneer,0,Wait,0,Wait,0,215,197,0,9,5,0,0.2501441240310669,0.012819921597838402,0.2501441240310669
iterative_q,9000056,278,567.0,northern_pathfinder,0,Wait,0,Wait,0,215,197,0,9,5,0,0.30665990710258484,0.012940001673996449,0.30665990710258484
iterative_q,9000056,278,567.0,northern_phoenix,0,Wait,0,Wait,0,215,197,0,9,5,0,0.30665990710258484,0.012940001673996449,0.30665990710258484
iterative_q,9000056,278,567.0,northern_pioneer,0,Wait,0,Wait,0,215,197,0,9,5,0,0.30665990710258484,0.012940001673996449,0.30665990710258484
iterative_q,9000056,279,568.0,northern_pathfinder,0,Wait,0,Wait,0,215,215,0,9,5,0,0.0,0.0,0.0
iterative_q,9000056,279,568.0,northern_phoenix,1,Terminal,1,Terminal,0,215,215,0,9,5,0,0.0,0.0,0.0
iterative_q,9000056,279,568.0,northern_pioneer,0,Wait,0,Wait,0,215,215,0,9,5,0,0.0,0.0,0.0
iterative_q,9000056,280,575.0,northern_pathfinder,2,Brevik,3,Celsio,1,143,143,1,9,5,5,0.9200384020805359,0.01423855684697628,0.9200384020805359
iterative_q,9000056,280,575.0,northern_phoenix,0,Wait,0,Wait,0,143,143,1,9,5,5,0.9200384020805359,0.01423855684697628,0.9200384020805359
iterative_q,9000056,280,575.0,northern_pioneer,0,Wait,0,Wait,0,143,143,1,9,5,5,0.9200384020805359,0.01423855684697628,0.9200384020805359
iterative_q,9000056,281,578.0,northern_pathfinder,0,Wait,0,Wait,0,215,212,0,9,5,5,0.45839208364486694,0.01626736670732498,0.45839208364486694
iterative_q,9000056,281,578.0,northern_phoenix,0,Wait,0,Wait,0,215,212,0,9,5,5,0.45839208364486694,0.01626736670732498,0.45839208364486694
iterative_q,9000056,281,578.0,northern_pioneer,0,Wait,0,Wait,0,215,212,0,9,5,5,0.45839208364486694,0.01626736670732498,0.45839208364486694
iterative_q,9000056,282,579.0,northern_pathfinder,0,Wait,0,Wait,0,215,212,0,9,5,0,0.35414978861808777,0.017465731129050255,0.35414978861808777
iterative_q,9000056,282,579.0,northern_phoenix,0,Wait,0,Wait,0,215,212,0,9,5,0,0.35414978861808777,0.017465731129050255,0.35414978861808777
iterative_q,9000056,282,579.0,northern_pioneer,0,Wait,0,Wait,0,215,212,0,9,5,0,0.35414978861808777,0.017465731129050255,0.35414978861808777
iterative_q,9000056,283,580.0,northern_pathfinder,0,Wait,0,Wait,0,215,212,0,9,5,1,0.3872651755809784,0.016375817358493805,0.3872651755809784
iterative_q,9000056,283,580.0,northern_phoenix,0,Wait,0,Wait,0,215,212,0,9,5,1,0.3872651755809784,0.016375817358493805,0.3872651755809784
iterative_q,9000056,283,580.0,northern_pioneer,0,Wait,0,Wait,0,215,212,0,9,5,1,0.3872651755809784,0.016375817358493805,0.3872651755809784
iterative_q,9000056,284,581.0,northern_pathfinder,0,Wait,0,Wait,0,215,212,0,9,5,5,0.43576493859291077,0.017052192240953445,0.43576493859291077
iterative_q,9000056,284,581.0,northern_phoenix,0,Wait,0,Wait,0,215,212,0,9,5,5,0.43576493859291077,0.017052192240953445,0.43576493859291077
iterative_q,9000056,284,581.0,northern_pioneer,0,Wait,0,Wait,0,215,212,0,9,5,5,0.43576493859291077,0.017052192240953445,0.43576493859291077
iterative_q,9000056,285,582.0,northern_pathfinder,0,Wait,0,Wait,0,215,212,0,9,5,5,0.673056423664093,0.01276610791683197,0.673056423664093
iterative_q,9000056,285,582.0,northern_phoenix,0,Wait,0,Wait,0,215,212,0,9,5,5,0.673056423664093,0.01276610791683197,0.673056423664093
iterative_q,9000056,285,582.0,northern_pioneer,0,Wait,0,Wait,0,215,212,0,9,5,5,0.673056423664093,0.01276610791683197,0.673056423664093
iterative_q,9000056,286,583.0,northern_pathfinder,0,Wait,0,Wait,0,215,212,0,9,5,5,0.6546074748039246,0.012401956133544445,0.6546074748039246
iterative_q,9000056,286,583.0,northern_phoenix,0,Wait,0,Wait,0,215,212,0,9,5,5,0.6546074748039246,0.012401956133544445,0.6546074748039246
iterative_q,9000056,286,583.0,northern_pioneer,0,Wait,0,Wait,0,215,212,0,9,5,5,0.6546074748039246,0.012401956133544445,0.6546074748039246
iterative_q,9000056,287,584.0,northern_pathfinder,0,Wait,0,Wait,0,215,212,0,9,5,5,0.6595127582550049,0.012270296923816204,0.6595127582550049
iterative_q,9000056,287,584.0,northern_phoenix,0,Wait,0,Wait,0,215,212,0,9,5,5,0.6595127582550049,0.012270296923816204,0.6595127582550049
iterative_q,9000056,287,584.0,northern_pioneer,0,Wait,0,Wait,0,215,212,0,9,5,5,0.6595127582550049,0.012270296923816204,0.6595127582550049
iterative_q,9000056,288,585.0,northern_pathfinder,0,Wait,0,Wait,0,215,212,0,9,5,5,0.6992186307907104,0.013226223178207874,0.6992186307907104
iterative_q,9000056,288,585.0,northern_phoenix,0,Wait,0,Wait,0,215,212,0,9,5,5,0.6992186307907104,0.013226223178207874,0.6992186307907104
iterative_q,9000056,288,585.0,northern_pioneer,0,Wait,0,Wait,0,215,212,0,9,5,5,0.6992186307907104,0.013226223178207874,0.6992186307907104
iterative_q,9000056,289,586.0,northern_pathfinder,0,Wait,0,Wait,0,215,212,0,9,5,5,0.7821764945983887,0.014423581771552563,0.7821764945983887
iterative_q,9000056,289,586.0,northern_phoenix,0,Wait,0,Wait,0,215,212,0,9,5,5,0.7821764945983887,0.014423581771552563,0.7821764945983887
iterative_q,9000056,289,586.0,northern_pioneer,0,Wait,0,Wait,0,215,212,0,9,5,5,0.7821764945983887,0.014423581771552563,0.7821764945983887
iterative_q,9000056,290,587.0,northern_pathfinder,0,Wait,0,Wait,0,215,212,0,9,5,5,0.8193891644477844,0.013752901926636696,0.8193891644477844
iterative_q,9000056,290,587.0,northern_phoenix,0,Wait,0,Wait,0,215,212,0,9,5,5,0.8193891644477844,0.013752901926636696,0.8193891644477844
iterative_q,9000056,290,587.0,northern_pioneer,0,Wait,0,Wait,0,215,212,0,9,5,5,0.8193891644477844,0.013752901926636696,0.8193891644477844
iterative_q,9000056,291,588.0,northern_pathfinder,0,Wait,0,Wait,0,212,212,1,10,5,5,0.7286769151687622,0.01482519693672657,0.7286769151687622
iterative_q,9000056,291,588.0,northern_phoenix,0,Wait,0,Wait,0,212,212,1,10,5,5,0.7286769151687622,0.01482519693672657,0.7286769151687622
iterative_q,9000056,291,588.0,northern_pioneer,0,Wait,2,Brevik,1,212,212,1,10,5,5,0.7286769151687622,0.01482519693672657,0.7286769151687622
iterative_q,9000056,292,609.0,northern_pathfinder,0,Wait,0,Wait,0,215,215,0,10,5,0,0.0,0.0,0.0
iterative_q,9000056,292,609.0,northern_phoenix,0,Wait,0,Wait,0,215,215,0,10,5,0,0.0,0.0,0.0
iterative_q,9000056,292,609.0,northern_pioneer,0,Wait,0,Wait,0,215,215,0,10,5,0,0.0,0.0,0.0
iterative_q,9000056,293,610.0,northern_pathfinder,0,Wait,0,Wait,0,215,107,0,10,4,0,0.03349561244249344,0.020388280972838402,0.03349561244249344
iterative_q,9000056,293,610.0,northern_phoenix,0,Wait,0,Wait,0,215,107,0,10,4,0,0.03349561244249344,0.020388280972838402,0.03349561244249344
iterative_q,9000056,293,610.0,northern_pioneer,0,Wait,0,Wait,0,215,107,0,10,4,0,0.03349561244249344,0.020388280972838402,0.03349561244249344
iterative_q,9000056,294,611.0,northern_pathfinder,0,Wait,0,Wait,0,215,107,0,10,4,0,0.011450773105025291,0.02016063593327999,0.011450773105025291
iterative_q,9000056,294,611.0,northern_phoenix,0,Wait,0,Wait,0,215,107,0,10,4,0,0.011450773105025291,0.02016063593327999,0.011450773105025291
iterative_q,9000056,294,611.0,northern_pioneer,0,Wait,0,Wait,0,215,107,0,10,4,0,0.011450773105025291,0.02016063593327999,0.011450773105025291
iterative_q,9000056,295,612.0,northern_pathfinder,0,Wait,0,Wait,0,215,215,0,10,5,0,0.0,0.0,0.0
iterative_q,9000056,295,612.0,northern_phoenix,0,Wait,0,Wait,0,215,215,0,10,5,0,0.0,0.0,0.0
iterative_q,9000056,295,612.0,northern_pioneer,0,Wait,0,Wait,0,215,215,0,10,5,0,0.0,0.0,0.0
iterative_q,9000056,296,613.0,northern_pathfinder,0,Wait,0,Wait,0,215,215,0,10,5,0,0.0,0.0,0.0
iterative_q,9000056,296,613.0,northern_phoenix,0,Wait,0,Wait,0,215,215,0,10,5,0,0.0,0.0,0.0
iterative_q,9000056,296,613.0,northern_pioneer,0,Wait,0,Wait,0,215,215,0,10,5,0,0.0,0.0,0.0
iterative_q,9000056,297,614.0,northern_pathfinder,0,Wait,0,Wait,0,215,107,0,10,5,5,0.44212013483047485,0.01883733831346035,0.44212013483047485
iterative_q,9000056,297,614.0,northern_phoenix,0,Wait,0,Wait,0,215,107,0,10,5,5,0.44212013483047485,0.01883733831346035,0.44212013483047485
iterative_q,9000056,297,614.0,northern_pioneer,0,Wait,0,Wait,0,215,107,0,10,5,5,0.44212013483047485,0.01883733831346035,0.44212013483047485
iterative_q,9000056,298,615.0,northern_pathfinder,0,Wait,0,Wait,0,215,107,0,10,5,5,0.5834410786628723,0.020507747307419777,0.5834410786628723
iterative_q,9000056,298,615.0,northern_phoenix,0,Wait,0,Wait,0,215,107,0,10,5,5,0.5834410786628723,0.020507747307419777,0.5834410786628723
iterative_q,9000056,298,615.0,northern_pioneer,0,Wait,0,Wait,0,215,107,0,10,5,5,0.5834410786628723,0.020507747307419777,0.5834410786628723
iterative_q,9000056,299,616.0,northern_pathfinder,0,Wait,0,Wait,0,215,107,0,10,5,5,0.5487474203109741,0.019706184044480324,0.5487474203109741
iterative_q,9000056,299,616.0,northern_phoenix,0,Wait,0,Wait,0,215,107,0,10,5,5,0.5487474203109741,0.019706184044480324,0.5487474203109741
iterative_q,9000056,299,616.0,northern_pioneer,0,Wait,0,Wait,0,215,107,0,10,5,5,0.5487474203109741,0.019706184044480324,0.5487474203109741
iterative_q,9000056,300,617.0,northern_pathfinder,0,Wait,0,Wait,0,215,107,0,10,5,0,0.37310948967933655,0.020391596481204033,0.37310948967933655
iterative_q,9000056,300,617.0,northern_phoenix,0,Wait,0,Wait,0,215,107,0,10,5,0,0.37310948967933655,0.020391596481204033,0.37310948967933655
iterative_q,9000056,300,617.0,northern_pioneer,0,Wait,0,Wait,0,215,107,0,10,5,0,0.37310948967933655,0.020391596481204033,0.37310948967933655
iterative_q,9000056,301,618.0,northern_pathfinder,0,Wait,0,Wait,0,215,107,0,10,5,5,0.5554195642471313,0.020258447155356407,0.5554195642471313
iterative_q,9000056,301,618.0,northern_phoenix,0,Wait,0,Wait,0,215,107,0,10,5,5,0.5554195642471313,0.020258447155356407,0.5554195642471313
iterative_q,9000056,301,618.0,northern_pioneer,0,Wait,0,Wait,0,215,107,0,10,5,5,0.5554195642471313,0.020258447155356407,0.5554195642471313
iterative_q,9000056,302,619.0,northern_pathfinder,0,Wait,0,Wait,0,215,107,0,10,5,0,0.3637189567089081,0.021392684429883957,0.3637189567089081
iterative_q,9000056,302,619.0,northern_phoenix,0,Wait,0,Wait,0,215,107,0,10,5,0,0.3637189567089081,0.021392684429883957,0.3637189567089081
iterative_q,9000056,302,619.0,northern_pioneer,0,Wait,0,Wait,0,215,107,0,10,5,0,0.3637189567089081,0.021392684429883957,0.3637189567089081
iterative_q,9000056,303,620.0,northern_pathfinder,0,Wait,0,Wait,0,215,107,0,10,5,4,0.4297940135002136,0.020965300500392914,0.4297940135002136
iterative_q,9000056,303,620.0,northern_phoenix,0,Wait,0,Wait,0,215,107,0,10,5,4,0.4297940135002136,0.020965300500392914,0.4297940135002136
iterative_q,9000056,303,620.0,northern_pioneer,0,Wait,0,Wait,0,215,107,0,10,5,4,0.4297940135002136,0.020965300500392914,0.4297940135002136
iterative_q,9000056,304,621.0,northern_pathfinder,0,Wait,0,Wait,0,215,107,0,10,5,0,0.35075443983078003,0.021807795390486717,0.35075443983078003
iterative_q,9000056,304,621.0,northern_phoenix,0,Wait,0,Wait,0,215,107,0,10,5,0,0.35075443983078003,0.021807795390486717,0.35075443983078003
iterative_q,9000056,304,621.0,northern_pioneer,0,Wait,0,Wait,0,215,107,0,10,5,0,0.35075443983078003,0.021807795390486717,0.35075443983078003
iterative_q,9000056,305,622.0,northern_pathfinder,0,Wait,0,Wait,0,215,107,0,10,5,0,0.3595438301563263,0.021808043122291565,0.3595438301563263
iterative_q,9000056,305,622.0,northern_phoenix,0,Wait,0,Wait,0,215,107,0,10,5,0,0.3595438301563263,0.021808043122291565,0.3595438301563263
iterative_q,9000056,305,622.0,northern_pioneer,0,Wait,0,Wait,0,215,107,0,10,5,0,0.3595438301563263,0.021808043122291565,0.3595438301563263
iterative_q,9000056,306,623.0,northern_pathfinder,0,Wait,0,Wait,0,215,107,0,10,5,0,0.3236294686794281,0.022130202502012253,0.3236294686794281
iterative_q,9000056,306,623.0,northern_phoenix,0,Wait,0,Wait,0,215,107,0,10,5,0,0.3236294686794281,0.022130202502012253,0.3236294686794281
iterative_q,9000056,306,623.0,northern_pioneer,0,Wait,0,Wait,0,215,107,0,10,5,0,0.3236294686794281,0.022130202502012253,0.3236294686794281
iterative_q,9000056,307,624.0,northern_pathfinder,0,Wait,0,Wait,0,215,107,0,10,5,0,0.3123505711555481,0.022492730990052223,0.3123505711555481
iterative_q,9000056,307,624.0,northern_phoenix,0,Wait,0,Wait,0,215,107,0,10,5,0,0.3123505711555481,0.022492730990052223,0.3123505711555481
iterative_q,9000056,307,624.0,northern_pioneer,0,Wait,0,Wait,0,215,107,0,10,5,0,0.3123505711555481,0.022492730990052223,0.3123505711555481
iterative_q,9000056,308,625.0,northern_pathfinder,0,Wait,0,Wait,0,215,185,0,10,5,0,0.14407837390899658,0.01154190395027399,0.14407837390899658
iterative_q,9000056,308,625.0,northern_phoenix,2,Brevik,2,Brevik,0,215,185,0,10,5,0,0.14407837390899658,0.01154190395027399,0.14407837390899658
iterative_q,9000056,308,625.0,northern_pioneer,0,Wait,0,Wait,0,215,185,0,10,5,0,0.14407837390899658,0.01154190395027399,0.14407837390899658
iterative_q,9000056,309,626.0,northern_pathfinder,0,Wait,0,Wait,0,215,215,0,10,5,0,0.0,0.0,0.0
iterative_q,9000056,309,626.0,northern_phoenix,0,Wait,0,Wait,0,215,215,0,10,5,0,0.0,0.0,0.0
iterative_q,9000056,309,626.0,northern_pioneer,0,Wait,0,Wait,0,215,215,0,10,5,0,0.0,0.0,0.0
iterative_q,9000056,310,627.0,northern_pathfinder,0,Wait,0,Wait,0,215,215,0,10,5,0,0.0,0.0,0.0
iterative_q,9000056,310,627.0,northern_phoenix,0,Wait,0,Wait,0,215,215,0,10,5,0,0.0,0.0,0.0
iterative_q,9000056,310,627.0,northern_pioneer,0,Wait,0,Wait,0,215,215,0,10,5,0,0.0,0.0,0.0
iterative_q,9000056,311,628.0,northern_pathfinder,0,Wait,0,Wait,0,215,215,0,10,5,0,0.0,0.0,0.0
iterative_q,9000056,311,628.0,northern_phoenix,0,Wait,0,Wait,0,215,215,0,10,5,0,0.0,0.0,0.0
iterative_q,9000056,311,628.0,northern_pioneer,0,Wait,0,Wait,0,215,215,0,10,5,0,0.0,0.0,0.0
iterative_q,9000056,312,629.0,northern_pathfinder,0,Wait,0,Wait,0,215,215,0,10,5,0,0.0,0.0,0.0
iterative_q,9000056,312,629.0,northern_phoenix,0,Wait,0,Wait,0,215,215,0,10,5,0,0.0,0.0,0.0
iterative_q,9000056,312,629.0,northern_pioneer,0,Wait,0,Wait,0,215,215,0,10,5,0,0.0,0.0,0.0
iterative_q,9000056,313,630.0,northern_pathfinder,0,Wait,0,Wait,0,215,215,0,10,5,0,0.0,0.0,0.0
iterative_q,9000056,313,630.0,northern_phoenix,0,Wait,0,Wait,0,215,215,0,10,5,0,0.0,0.0,0.0
iterative_q,9000056,313,630.0,northern_pioneer,0,Wait,0,Wait,0,215,215,0,10,5,0,0.0,0.0,0.0
iterative_q,9000056,314,631.0,northern_pathfinder,0,Wait,0,Wait,0,215,215,0,10,5,0,0.0,0.0,0.0
iterative_q,9000056,314,631.0,northern_phoenix,0,Wait,0,Wait,0,215,215,0,10,5,0,0.0,0.0,0.0
iterative_q,9000056,314,631.0,northern_pioneer,0,Wait,0,Wait,0,215,215,0,10,5,0,0.0,0.0,0.0
iterative_q,9000056,315,632.0,northern_pathfinder,0,Wait,0,Wait,0,215,215,0,10,5,0,0.0,0.0,0.0
iterative_q,9000056,315,632.0,northern_phoenix,0,Wait,0,Wait,0,215,215,0,10,5,0,0.0,0.0,0.0
iterative_q,9000056,315,632.0,northern_pioneer,0,Wait,0,Wait,0,215,215,0,10,5,0,0.0,0.0,0.0
iterative_q,9000056,316,633.0,northern_pathfinder,0,Wait,0,Wait,0,215,105,0,10,5,5,0.4666323661804199,0.02171764336526394,0.4666323661804199
iterative_q,9000056,316,633.0,northern_phoenix,0,Wait,0,Wait,0,215,105,0,10,5,5,0.4666323661804199,0.02171764336526394,0.4666323661804199
iterative_q,9000056,316,633.0,northern_pioneer,0,Wait,0,Wait,0,215,105,0,10,5,5,0.4666323661804199,0.02171764336526394,0.4666323661804199
iterative_q,9000056,317,634.0,northern_pathfinder,0,Wait,0,Wait,0,215,105,0,10,5,5,0.49153614044189453,0.021101411432027817,0.49153614044189453
iterative_q,9000056,317,634.0,northern_phoenix,0,Wait,0,Wait,0,215,105,0,10,5,5,0.49153614044189453,0.021101411432027817,0.49153614044189453
iterative_q,9000056,317,634.0,northern_pioneer,0,Wait,0,Wait,0,215,105,0,10,5,5,0.49153614044189453,0.021101411432027817,0.49153614044189453
iterative_q,9000056,318,635.0,northern_pathfinder,0,Wait,0,Wait,0,215,105,0,10,5,0,0.3317948877811432,0.02401656284928322,0.3317948877811432
iterative_q,9000056,318,635.0,northern_phoenix,0,Wait,0,Wait,0,215,105,0,10,5,0,0.3317948877811432,0.02401656284928322,0.3317948877811432
iterative_q,9000056,318,635.0,northern_pioneer,0,Wait,0,Wait,0,215,105,0,10,5,0,0.3317948877811432,0.02401656284928322,0.3317948877811432
iterative_q,9000056,319,636.0,northern_pathfinder,0,Wait,0,Wait,0,215,105,0,11,5,0,0.3313600420951843,0.023365892469882965,0.3313600420951843
iterative_q,9000056,319,636.0,northern_phoenix,0,Wait,0,Wait,0,215,105,0,11,5,0,0.3313600420951843,0.023365892469882965,0.3313600420951843
iterative_q,9000056,319,636.0,northern_pioneer,0,Wait,0,Wait,0,215,105,0,11,5,0,0.3313600420951843,0.023365892469882965,0.3313600420951843
iterative_q,9000056,320,637.0,northern_pathfinder,0,Wait,0,Wait,0,215,71,0,11,3,0,0.21243302524089813,0.015456682071089745,0.21243302524089813
iterative_q,9000056,320,637.0,northern_phoenix,0,Wait,0,Wait,0,215,71,0,11,3,0,0.21243302524089813,0.015456682071089745,0.21243302524089813
iterative_q,9000056,320,637.0,northern_pioneer,0,Wait,0,Wait,0,215,71,0,11,3,0,0.21243302524089813,0.015456682071089745,0.21243302524089813
iterative_q,9000056,321,638.0,northern_pathfinder,0,Wait,0,Wait,0,215,105,0,11,5,0,0.170932799577713,0.02486134134232998,0.170932799577713
iterative_q,9000056,321,638.0,northern_phoenix,0,Wait,0,Wait,0,215,105,0,11,5,0,0.170932799577713,0.02486134134232998,0.170932799577713
iterative_q,9000056,321,638.0,northern_pioneer,0,Wait,0,Wait,0,215,105,0,11,5,0,0.170932799577713,0.02486134134232998,0.170932799577713
iterative_q,9000056,322,639.0,northern_pathfinder,0,Wait,0,Wait,0,215,66,0,11,5,0,0.3470393121242523,0.015657508745789528,0.3470393121242523
iterative_q,9000056,322,639.0,northern_phoenix,0,Wait,0,Wait,0,215,66,0,11,5,0,0.3470393121242523,0.015657508745789528,0.3470393121242523
iterative_q,9000056,322,639.0,northern_pioneer,1,Terminal,1,Terminal,0,215,66,0,11,5,0,0.3470393121242523,0.015657508745789528,0.3470393121242523
iterative_q,9000056,323,640.0,northern_pathfinder,0,Wait,0,Wait,0,215,215,0,11,5,0,0.0,0.0,0.0
iterative_q,9000056,323,640.0,northern_phoenix,0,Wait,0,Wait,0,215,215,0,11,5,0,0.0,0.0,0.0
iterative_q,9000056,323,640.0,northern_pioneer,0,Wait,0,Wait,0,215,215,0,11,5,0,0.0,0.0,0.0
iterative_q,9000056,324,641.0,northern_pathfinder,0,Wait,0,Wait,0,215,215,0,11,5,0,0.0,0.0,0.0
iterative_q,9000056,324,641.0,northern_phoenix,0,Wait,0,Wait,0,215,215,0,11,5,0,0.0,0.0,0.0
iterative_q,9000056,324,641.0,northern_pioneer,0,Wait,0,Wait,0,215,215,0,11,5,0,0.0,0.0,0.0
iterative_q,9000056,325,642.0,northern_pathfinder,0,Wait,0,Wait,0,215,215,0,11,5,0,0.0,0.0,0.0
iterative_q,9000056,325,642.0,northern_phoenix,0,Wait,0,Wait,0,215,215,0,11,5,0,0.0,0.0,0.0
iterative_q,9000056,325,642.0,northern_pioneer,0,Wait,0,Wait,0,215,215,0,11,5,0,0.0,0.0,0.0
iterative_q,9000056,326,643.0,northern_pathfinder,0,Wait,0,Wait,0,215,215,0,11,5,0,0.0,0.0,0.0
iterative_q,9000056,326,643.0,northern_phoenix,0,Wait,0,Wait,0,215,215,0,11,5,0,0.0,0.0,0.0
iterative_q,9000056,326,643.0,northern_pioneer,0,Wait,0,Wait,0,215,215,0,11,5,0,0.0,0.0,0.0
iterative_q,9000056,327,644.0,northern_pathfinder,0,Wait,0,Wait,0,215,215,0,11,5,0,0.0,0.0,0.0
iterative_q,9000056,327,644.0,northern_phoenix,0,Wait,0,Wait,0,215,215,0,11,5,0,0.0,0.0,0.0
iterative_q,9000056,327,644.0,northern_pioneer,0,Wait,0,Wait,0,215,215,0,11,5,0,0.0,0.0,0.0
iterative_q,9000056,328,645.0,northern_pathfinder,0,Wait,0,Wait,0,215,215,0,11,5,0,0.0,0.0,0.0
iterative_q,9000056,328,645.0,northern_phoenix,0,Wait,0,Wait,0,215,215,0,11,5,0,0.0,0.0,0.0
iterative_q,9000056,328,645.0,northern_pioneer,0,Wait,0,Wait,0,215,215,0,11,5,0,0.0,0.0,0.0
iterative_q,9000056,329,646.0,northern_pathfinder,0,Wait,0,Wait,0,215,215,0,11,5,0,0.0,0.0,0.0
iterative_q,9000056,329,646.0,northern_phoenix,0,Wait,0,Wait,0,215,215,0,11,5,0,0.0,0.0,0.0
iterative_q,9000056,329,646.0,northern_pioneer,0,Wait,0,Wait,0,215,215,0,11,5,0,0.0,0.0,0.0
iterative_q,9000056,330,647.0,northern_pathfinder,0,Wait,0,Wait,0,215,215,0,11,5,0,0.0,0.0,0.0
iterative_q,9000056,330,647.0,northern_phoenix,0,Wait,0,Wait,0,215,215,0,11,5,0,0.0,0.0,0.0
iterative_q,9000056,330,647.0,northern_pioneer,0,Wait,0,Wait,0,215,215,0,11,5,0,0.0,0.0,0.0
iterative_q,9000056,331,648.0,northern_pathfinder,0,Wait,0,Wait,0,215,215,0,11,5,0,0.0,0.0,0.0
iterative_q,9000056,331,648.0,northern_phoenix,0,Wait,0,Wait,0,215,215,0,11,5,0,0.0,0.0,0.0
iterative_q,9000056,331,648.0,northern_pioneer,0,Wait,0,Wait,0,215,215,0,11,5,0,0.0,0.0,0.0
iterative_q,9000056,332,649.0,northern_pathfinder,0,Wait,0,Wait,0,215,215,0,11,5,0,0.0,0.0,0.0
iterative_q,9000056,332,649.0,northern_phoenix,0,Wait,0,Wait,0,215,215,0,11,5,0,0.0,0.0,0.0
iterative_q,9000056,332,649.0,northern_pioneer,0,Wait,0,Wait,0,215,215,0,11,5,0,0.0,0.0,0.0
iterative_q,9000056,333,650.0,northern_pathfinder,0,Wait,0,Wait,0,215,215,0,11,5,0,0.0,0.0,0.0
iterative_q,9000056,333,650.0,northern_phoenix,0,Wait,0,Wait,0,215,215,0,11,5,0,0.0,0.0,0.0
iterative_q,9000056,333,650.0,northern_pioneer,0,Wait,0,Wait,0,215,215,0,11,5,0,0.0,0.0,0.0
iterative_q,9000056,334,651.0,northern_pathfinder,0,Wait,0,Wait,0,215,215,0,11,5,0,0.0,0.0,0.0
iterative_q,9000056,334,651.0,northern_phoenix,0,Wait,0,Wait,0,215,215,0,11,5,0,0.0,0.0,0.0
iterative_q,9000056,334,651.0,northern_pioneer,0,Wait,0,Wait,0,215,215,0,11,5,0,0.0,0.0,0.0
iterative_q,9000056,335,652.0,northern_pathfinder,0,Wait,0,Wait,0,215,215,0,11,5,0,0.0,0.0,0.0
iterative_q,9000056,335,652.0,northern_phoenix,0,Wait,0,Wait,0,215,215,0,11,5,0,0.0,0.0,0.0
iterative_q,9000056,335,652.0,northern_pioneer,0,Wait,0,Wait,0,215,215,0,11,5,0,0.0,0.0,0.0
iterative_q,9000056,336,653.0,northern_pathfinder,0,Wait,0,Wait,0,215,215,0,11,5,0,0.0,0.0,0.0
iterative_q,9000056,336,653.0,northern_phoenix,0,Wait,0,Wait,0,215,215,0,11,5,0,0.0,0.0,0.0
iterative_q,9000056,336,653.0,northern_pioneer,0,Wait,0,Wait,0,215,215,0,11,5,0,0.0,0.0,0.0
iterative_q,9000056,337,654.0,northern_pathfinder,0,Wait,0,Wait,0,215,215,0,11,5,0,0.0,0.0,0.0
iterative_q,9000056,337,654.0,northern_phoenix,0,Wait,0,Wait,0,215,215,0,11,5,0,0.0,0.0,0.0
iterative_q,9000056,337,654.0,northern_pioneer,0,Wait,0,Wait,0,215,215,0,11,5,0,0.0,0.0,0.0
iterative_q,9000056,338,655.0,northern_pathfinder,0,Wait,0,Wait,0,215,215,0,11,5,0,0.0,0.0,0.0
iterative_q,9000056,338,655.0,northern_phoenix,0,Wait,0,Wait,0,215,215,0,11,5,0,0.0,0.0,0.0
iterative_q,9000056,338,655.0,northern_pioneer,0,Wait,0,Wait,0,215,215,0,11,5,0,0.0,0.0,0.0
iterative_q,9000056,339,656.0,northern_pathfinder,0,Wait,0,Wait,0,215,215,0,11,4,0,0.0,0.0,0.0
iterative_q,9000056,339,656.0,northern_phoenix,0,Wait,0,Wait,0,215,215,0,11,4,0,0.0,0.0,0.0
iterative_q,9000056,339,656.0,northern_pioneer,0,Wait,0,Wait,0,215,215,0,11,4,0,0.0,0.0,0.0
iterative_q,9000056,340,657.0,northern_pathfinder,0,Wait,0,Wait,0,215,215,0,11,5,0,0.0,0.0,0.0
iterative_q,9000056,340,657.0,northern_phoenix,0,Wait,0,Wait,0,215,215,0,11,5,0,0.0,0.0,0.0
iterative_q,9000056,340,657.0,northern_pioneer,0,Wait,0,Wait,0,215,215,0,11,5,0,0.0,0.0,0.0
iterative_q,9000056,341,658.0,northern_pathfinder,0,Wait,0,Wait,0,215,107,0,11,4,0,0.01274719275534153,0.017680369317531586,0.01274719275534153
iterative_q,9000056,341,658.0,northern_phoenix,0,Wait,0,Wait,0,215,107,0,11,4,0,0.01274719275534153,0.017680369317531586,0.01274719275534153
iterative_q,9000056,341,658.0,northern_pioneer,0,Wait,0,Wait,0,215,107,0,11,4,0,0.01274719275534153,0.017680369317531586,0.01274719275534153
iterative_q,9000056,342,659.0,northern_pathfinder,0,Wait,0,Wait,0,215,215,0,11,5,0,0.0,0.0,0.0
iterative_q,9000056,342,659.0,northern_phoenix,0,Wait,0,Wait,0,215,215,0,11,5,0,0.0,0.0,0.0
iterative_q,9000056,342,659.0,northern_pioneer,0,Wait,0,Wait,0,215,215,0,11,5,0,0.0,0.0,0.0
iterative_q,9000056,343,660.0,northern_pathfinder,0,Wait,0,Wait,0,215,215,0,11,5,0,0.0,0.0,0.0
iterative_q,9000056,343,660.0,northern_phoenix,0,Wait,0,Wait,0,215,215,0,11,5,0,0.0,0.0,0.0
iterative_q,9000056,343,660.0,northern_pioneer,0,Wait,0,Wait,0,215,215,0,11,5,0,0.0,0.0,0.0
iterative_q,9000056,344,661.0,northern_pathfinder,0,Wait,0,Wait,0,215,215,0,11,5,0,0.0,0.0,0.0
iterative_q,9000056,344,661.0,northern_phoenix,0,Wait,0,Wait,0,215,215,0,11,5,0,0.0,0.0,0.0
iterative_q,9000056,344,661.0,northern_pioneer,0,Wait,0,Wait,0,215,215,0,11,5,0,0.0,0.0,0.0
iterative_q,9000056,345,662.0,northern_pathfinder,0,Wait,0,Wait,0,215,215,0,11,5,0,0.0,0.0,0.0
iterative_q,9000056,345,662.0,northern_phoenix,0,Wait,0,Wait,0,215,215,0,11,5,0,0.0,0.0,0.0
iterative_q,9000056,345,662.0,northern_pioneer,0,Wait,0,Wait,0,215,215,0,11,5,0,0.0,0.0,0.0
iterative_q,9000056,346,663.0,northern_pathfinder,0,Wait,0,Wait,0,215,215,0,11,5,0,0.0,0.0,0.0
iterative_q,9000056,346,663.0,northern_phoenix,0,Wait,0,Wait,0,215,215,0,11,5,0,0.0,0.0,0.0
iterative_q,9000056,346,663.0,northern_pioneer,0,Wait,0,Wait,0,215,215,0,11,5,0,0.0,0.0,0.0
iterative_q,9000056,347,664.0,northern_pathfinder,0,Wait,0,Wait,0,215,215,0,11,5,0,0.0,0.0,0.0
iterative_q,9000056,347,664.0,northern_phoenix,0,Wait,0,Wait,0,215,215,0,11,5,0,0.0,0.0,0.0
iterative_q,9000056,347,664.0,northern_pioneer,0,Wait,0,Wait,0,215,215,0,11,5,0,0.0,0.0,0.0
iterative_q,9000056,348,665.0,northern_pathfinder,0,Wait,0,Wait,0,215,215,0,11,5,0,0.0,0.0,0.0
iterative_q,9000056,348,665.0,northern_phoenix,0,Wait,0,Wait,0,215,215,0,11,5,0,0.0,0.0,0.0
iterative_q,9000056,348,665.0,northern_pioneer,0,Wait,0,Wait,0,215,215,0,11,5,0,0.0,0.0,0.0
iterative_q,9000056,349,666.0,northern_pathfinder,0,Wait,0,Wait,0,215,107,0,11,4,0,0.0050855278968811035,0.018037328496575356,0.0050855278968811035
iterative_q,9000056,349,666.0,northern_phoenix,0,Wait,0,Wait,0,215,107,0,11,4,0,0.0050855278968811035,0.018037328496575356,0.0050855278968811035
iterative_q,9000056,349,666.0,northern_pioneer,0,Wait,0,Wait,0,215,107,0,11,4,0,0.0050855278968811035,0.018037328496575356,0.0050855278968811035
iterative_q,9000056,350,667.0,northern_pathfinder,0,Wait,0,Wait,0,215,215,0,11,5,0,0.0,0.0,0.0
iterative_q,9000056,350,667.0,northern_phoenix,0,Wait,0,Wait,0,215,215,0,11,5,0,0.0,0.0,0.0
iterative_q,9000056,350,667.0,northern_pioneer,0,Wait,0,Wait,0,215,215,0,11,5,0,0.0,0.0,0.0
iterative_q,9000056,351,668.0,northern_pathfinder,0,Wait,0,Wait,0,215,215,0,11,4,0,0.0,0.0,0.0
iterative_q,9000056,351,668.0,northern_phoenix,0,Wait,0,Wait,0,215,215,0,11,4,0,0.0,0.0,0.0
iterative_q,9000056,351,668.0,northern_pioneer,0,Wait,0,Wait,0,215,215,0,11,4,0,0.0,0.0,0.0
iterative_q,9000056,352,669.0,northern_pathfinder,0,Wait,0,Wait,0,215,215,0,11,5,0,0.0,0.0,0.0
iterative_q,9000056,352,669.0,northern_phoenix,0,Wait,0,Wait,0,215,215,0,11,5,0,0.0,0.0,0.0
iterative_q,9000056,352,669.0,northern_pioneer,0,Wait,0,Wait,0,215,215,0,11,5,0,0.0,0.0,0.0
iterative_q,9000056,353,670.0,northern_pathfinder,0,Wait,0,Wait,0,215,107,0,11,5,0,0.30861911177635193,0.017525091767311096,0.30861911177635193
iterative_q,9000056,353,670.0,northern_phoenix,0,Wait,0,Wait,0,215,107,0,11,5,0,0.30861911177635193,0.017525091767311096,0.30861911177635193
iterative_q,9000056,353,670.0,northern_pioneer,0,Wait,0,Wait,0,215,107,0,11,5,0,0.30861911177635193,0.017525091767311096,0.30861911177635193
iterative_q,9000056,354,671.0,northern_pathfinder,0,Wait,0,Wait,0,215,107,0,11,5,0,0.28008612990379333,0.018058568239212036,0.28008612990379333
iterative_q,9000056,354,671.0,northern_phoenix,0,Wait,0,Wait,0,215,107,0,11,5,0,0.28008612990379333,0.018058568239212036,0.28008612990379333
iterative_q,9000056,354,671.0,northern_pioneer,0,Wait,0,Wait,0,215,107,0,11,5,0,0.28008612990379333,0.018058568239212036,0.28008612990379333
iterative_q,9000056,355,672.0,northern_pathfinder,0,Wait,0,Wait,0,215,107,0,11,5,0,0.2281639128923416,0.017882855609059334,0.2281639128923416
iterative_q,9000056,355,672.0,northern_phoenix,0,Wait,0,Wait,0,215,107,0,11,5,0,0.2281639128923416,0.017882855609059334,0.2281639128923416
iterative_q,9000056,355,672.0,northern_pioneer,0,Wait,0,Wait,0,215,107,0,11,5,0,0.2281639128923416,0.017882855609059334,0.2281639128923416
iterative_q,9000056,356,673.0,northern_pathfinder,0,Wait,0,Wait,0,215,107,0,11,5,0,0.2102762907743454,0.01693383976817131,0.2102762907743454
iterative_q,9000056,356,673.0,northern_phoenix,0,Wait,0,Wait,0,215,107,0,11,5,0,0.2102762907743454,0.01693383976817131,0.2102762907743454
iterative_q,9000056,356,673.0,northern_pioneer,0,Wait,0,Wait,0,215,107,0,11,5,0,0.2102762907743454,0.01693383976817131,0.2102762907743454
iterative_q,9000056,357,674.0,northern_pathfinder,0,Wait,0,Wait,0,215,107,0,11,5,0,0.14628548920154572,0.016726845875382423,0.14628548920154572
iterative_q,9000056,357,674.0,northern_phoenix,0,Wait,0,Wait,0,215,107,0,11,5,0,0.14628548920154572,0.016726845875382423,0.14628548920154572
iterative_q,9000056,357,674.0,northern_pioneer,0,Wait,0,Wait,0,215,107,0,11,5,0,0.14628548920154572,0.016726845875382423,0.14628548920154572
iterative_q,9000056,358,675.0,northern_pathfinder,0,Wait,0,Wait,0,215,107,0,11,5,0,0.09690264612436295,0.016330081969499588,0.09690264612436295
iterative_q,9000056,358,675.0,northern_phoenix,0,Wait,0,Wait,0,215,107,0,11,5,0,0.09690264612436295,0.016330081969499588,0.09690264612436295
iterative_q,9000056,358,675.0,northern_pioneer,0,Wait,0,Wait,0,215,107,0,11,5,0,0.09690264612436295,0.016330081969499588,0.09690264612436295
iterative_q,9000056,359,676.0,northern_pathfinder,0,Wait,0,Wait,0,215,107,0,11,5,0,0.11679907143115997,0.015858439728617668,0.11679907143115997
iterative_q,9000056,359,676.0,northern_phoenix,0,Wait,0,Wait,0,215,107,0,11,5,0,0.11679907143115997,0.015858439728617668,0.11679907143115997
iterative_q,9000056,359,676.0,northern_pioneer,0,Wait,0,Wait,0,215,107,0,11,5,0,0.11679907143115997,0.015858439728617668,0.11679907143115997
iterative_q,9000056,360,677.0,northern_pathfinder,0,Wait,0,Wait,0,215,209,0,11,3,0,0.005960715003311634,0.010751981288194656,0.005960715003311634
iterative_q,9000056,360,677.0,northern_phoenix,0,Wait,0,Wait,0,215,209,0,11,3,0,0.005960715003311634,0.010751981288194656,0.005960715003311634
iterative_q,9000056,360,677.0,northern_pioneer,0,Wait,0,Wait,0,215,209,0,11,3,0,0.005960715003311634,0.010751981288194656,0.005960715003311634
iterative_q,9000056,361,678.0,northern_pathfinder,0,Wait,0,Wait,0,215,215,0,11,5,0,0.0,0.0,0.0
iterative_q,9000056,361,678.0,northern_phoenix,0,Wait,0,Wait,0,215,215,0,11,5,0,0.0,0.0,0.0
iterative_q,9000056,361,678.0,northern_pioneer,0,Wait,0,Wait,0,215,215,0,11,5,0,0.0,0.0,0.0
iterative_q,9000056,362,679.0,northern_pathfinder,0,Wait,0,Wait,0,215,71,0,11,5,0,0.0290217287838459,0.016385916620492935,0.0290217287838459
iterative_q,9000056,362,679.0,northern_phoenix,0,Wait,0,Wait,0,215,71,0,11,5,0,0.0290217287838459,0.016385916620492935,0.0290217287838459
iterative_q,9000056,362,679.0,northern_pioneer,0,Wait,0,Wait,0,215,71,0,11,5,0,0.0290217287838459,0.016385916620492935,0.0290217287838459
iterative_q,9000056,363,680.0,northern_pathfinder,0,Wait,0,Wait,0,215,215,0,11,4,0,0.0,0.0,0.0
iterative_q,9000056,363,680.0,northern_phoenix,0,Wait,0,Wait,0,215,215,0,11,4,0,0.0,0.0,0.0
iterative_q,9000056,363,680.0,northern_pioneer,0,Wait,0,Wait,0,215,215,0,11,4,0,0.0,0.0,0.0
iterative_q,9000056,364,681.0,northern_pathfinder,0,Wait,0,Wait,0,215,215,0,,5,0,0.0,0.0,0.0
iterative_q,9000056,364,681.0,northern_phoenix,0,Wait,0,Wait,0,215,215,0,,5,0,0.0,0.0,0.0
iterative_q,9000056,364,681.0,northern_pioneer,0,Wait,0,Wait,0,215,215,0,,5,0,0.0,0.0,0.0
iterative_q,9000056,365,682.0,northern_pathfinder,0,Wait,0,Wait,0,215,215,0,,5,0,0.0,0.0,0.0
iterative_q,9000056,365,682.0,northern_phoenix,0,Wait,0,Wait,0,215,215,0,,5,0,0.0,0.0,0.0
iterative_q,9000056,365,682.0,northern_pioneer,0,Wait,0,Wait,0,215,215,0,,5,0,0.0,0.0,0.0
iterative_q,9000056,366,683.0,northern_pathfinder,0,Wait,0,Wait,0,215,215,0,,5,0,0.0,0.0,0.0
iterative_q,9000056,366,683.0,northern_phoenix,0,Wait,0,Wait,0,215,215,0,,5,0,0.0,0.0,0.0
iterative_q,9000056,366,683.0,northern_pioneer,0,Wait,0,Wait,0,215,215,0,,5,0,0.0,0.0,0.0
iterative_q,9000056,367,684.0,northern_pathfinder,0,Wait,0,Wait,0,215,215,0,,5,0,0.0,0.0,0.0
iterative_q,9000056,367,684.0,northern_phoenix,0,Wait,0,Wait,0,215,215,0,,5,0,0.0,0.0,0.0
iterative_q,9000056,367,684.0,northern_pioneer,0,Wait,0,Wait,0,215,215,0,,5,0,0.0,0.0,0.0
iterative_q,9000056,368,685.0,northern_pathfinder,0,Wait,0,Wait,0,215,215,0,,5,0,0.0,0.0,0.0
iterative_q,9000056,368,685.0,northern_phoenix,0,Wait,0,Wait,0,215,215,0,,5,0,0.0,0.0,0.0
iterative_q,9000056,368,685.0,northern_pioneer,0,Wait,0,Wait,0,215,215,0,,5,0,0.0,0.0,0.0
iterative_q,9000056,369,686.0,northern_pathfinder,0,Wait,0,Wait,0,215,215,0,,5,0,0.0,0.0,0.0
iterative_q,9000056,369,686.0,northern_phoenix,0,Wait,0,Wait,0,215,215,0,,5,0,0.0,0.0,0.0
iterative_q,9000056,369,686.0,northern_pioneer,0,Wait,0,Wait,0,215,215,0,,5,0,0.0,0.0,0.0
iterative_q,9000056,370,687.0,northern_pathfinder,0,Wait,0,Wait,0,215,60,0,,5,5,0.5398412942886353,0.015119592659175396,0.5398412942886353
iterative_q,9000056,370,687.0,northern_phoenix,0,Wait,0,Wait,0,215,60,0,,5,5,0.5398412942886353,0.015119592659175396,0.5398412942886353
iterative_q,9000056,370,687.0,northern_pioneer,4,Yara Sluiskil,4,Yara Sluiskil,0,215,60,0,,5,5,0.5398412942886353,0.015119592659175396,0.5398412942886353
iterative_q,9000056,371,688.0,northern_pathfinder,0,Wait,0,Wait,0,215,203,0,,5,0,0.17670369148254395,0.008415892720222473,0.17670369148254395
iterative_q,9000056,371,688.0,northern_phoenix,0,Wait,0,Wait,0,215,203,0,,5,0,0.17670369148254395,0.008415892720222473,0.17670369148254395
iterative_q,9000056,371,688.0,northern_pioneer,0,Wait,0,Wait,0,215,203,0,,5,0,0.17670369148254395,0.008415892720222473,0.17670369148254395
iterative_q,9000056,372,689.0,northern_pathfinder,0,Wait,0,Wait,0,215,203,0,,5,0,0.29810839891433716,0.008610687218606472,0.29810839891433716
iterative_q,9000056,372,689.0,northern_phoenix,0,Wait,0,Wait,0,215,203,0,,5,0,0.29810839891433716,0.008610687218606472,0.29810839891433716
iterative_q,9000056,372,689.0,northern_pioneer,0,Wait,0,Wait,0,215,203,0,,5,0,0.29810839891433716,0.008610687218606472,0.29810839891433716
iterative_q,9000056,373,690.0,northern_pathfinder,0,Wait,0,Wait,0,215,203,0,,5,0,0.23748108744621277,0.009251642972230911,0.23748108744621277
iterative_q,9000056,373,690.0,northern_phoenix,0,Wait,0,Wait,0,215,203,0,,5,0,0.23748108744621277,0.009251642972230911,0.23748108744621277
iterative_q,9000056,373,690.0,northern_pioneer,0,Wait,0,Wait,0,215,203,0,,5,0,0.23748108744621277,0.009251642972230911,0.23748108744621277
iterative_q,9000056,374,691.0,northern_pathfinder,0,Wait,0,Wait,0,215,203,0,,5,3,0.40221476554870605,0.010002397000789642,0.40221476554870605
iterative_q,9000056,374,691.0,northern_phoenix,0,Wait,0,Wait,0,215,203,0,,5,3,0.40221476554870605,0.010002397000789642,0.40221476554870605
iterative_q,9000056,374,691.0,northern_pioneer,0,Wait,0,Wait,0,215,203,0,,5,3,0.40221476554870605,0.010002397000789642,0.40221476554870605
iterative_q,9000056,375,692.0,northern_pathfinder,0,Wait,0,Wait,0,215,203,0,,5,0,0.21094255149364471,0.00987078994512558,0.21094255149364471
iterative_q,9000056,375,692.0,northern_phoenix,0,Wait,0,Wait,0,215,203,0,,5,0,0.21094255149364471,0.00987078994512558,0.21094255149364471
iterative_q,9000056,375,692.0,northern_pioneer,0,Wait,0,Wait,0,215,203,0,,5,0,0.21094255149364471,0.00987078994512558,0.21094255149364471
iterative_q,9000056,376,693.0,northern_pathfinder,0,Wait,0,Wait,0,215,203,0,,5,0,0.3000696301460266,0.009347924031317234,0.3000696301460266
iterative_q,9000056,376,693.0,northern_phoenix,0,Wait,0,Wait,0,215,203,0,,5,0,0.3000696301460266,0.009347924031317234,0.3000696301460266
iterative_q,9000056,376,693.0,northern_pioneer,0,Wait,0,Wait,0,215,203,0,,5,0,0.3000696301460266,0.009347924031317234,0.3000696301460266
iterative_q,9000056,377,694.0,northern_pathfinder,0,Wait,0,Wait,0,215,203,0,,5,0,0.26226335763931274,0.009705823846161366,0.26226335763931274
iterative_q,9000056,377,694.0,northern_phoenix,0,Wait,0,Wait,0,215,203,0,,5,0,0.26226335763931274,0.009705823846161366,0.26226335763931274
iterative_q,9000056,377,694.0,northern_pioneer,0,Wait,0,Wait,0,215,203,0,,5,0,0.26226335763931274,0.009705823846161366,0.26226335763931274
iterative_q,9000056,378,695.0,northern_pathfinder,0,Wait,0,Wait,0,215,203,0,,5,0,0.281994104385376,0.009341948665678501,0.281994104385376
iterative_q,9000056,378,695.0,northern_phoenix,0,Wait,0,Wait,0,215,203,0,,5,0,0.281994104385376,0.009341948665678501,0.281994104385376
iterative_q,9000056,378,695.0,northern_pioneer,0,Wait,0,Wait,0,215,203,0,,5,0,0.281994104385376,0.009341948665678501,0.281994104385376
iterative_q,9000056,379,696.0,northern_pathfinder,0,Wait,0,Wait,0,215,203,0,,5,0,0.14721980690956116,0.009209620766341686,0.14721980690956116
iterative_q,9000056,379,696.0,northern_phoenix,0,Wait,0,Wait,0,215,203,0,,5,0,0.14721980690956116,0.009209620766341686,0.14721980690956116
iterative_q,9000056,379,696.0,northern_pioneer,0,Wait,0,Wait,0,215,203,0,,5,0,0.14721980690956116,0.009209620766341686,0.14721980690956116
iterative_q,9000056,380,697.0,northern_pathfinder,0,Wait,0,Wait,0,215,203,0,,5,0,0.132283017039299,0.007862499915063381,0.132283017039299
iterative_q,9000056,380,697.0,northern_phoenix,0,Wait,0,Wait,0,215,203,0,,5,0,0.132283017039299,0.007862499915063381,0.132283017039299
iterative_q,9000056,380,697.0,northern_pioneer,0,Wait,0,Wait,0,215,203,0,,5,0,0.132283017039299,0.007862499915063381,0.132283017039299
iterative_q,9000056,381,698.0,northern_pathfinder,0,Wait,0,Wait,0,215,203,0,,5,0,0.1373085230588913,0.009288747794926167,0.1373085230588913
iterative_q,9000056,381,698.0,northern_phoenix,0,Wait,0,Wait,0,215,203,0,,5,0,0.1373085230588913,0.009288747794926167,0.1373085230588913
iterative_q,9000056,381,698.0,northern_pioneer,0,Wait,0,Wait,0,215,203,0,,5,0,0.1373085230588913,0.009288747794926167,0.1373085230588913
iterative_q,9000056,382,699.0,northern_pathfinder,0,Wait,0,Wait,0,215,203,0,,5,0,0.19912216067314148,0.009382424876093864,0.19912216067314148
iterative_q,9000056,382,699.0,northern_phoenix,0,Wait,0,Wait,0,215,203,0,,5,0,0.19912216067314148,0.009382424876093864,0.19912216067314148
iterative_q,9000056,382,699.0,northern_pioneer,0,Wait,0,Wait,0,215,203,0,,5,0,0.19912216067314148,0.009382424876093864,0.19912216067314148
iterative_q,9000056,383,700.0,northern_pathfinder,0,Wait,0,Wait,0,215,203,0,,5,0,0.12018481642007828,0.008920143358409405,0.12018481642007828
iterative_q,9000056,383,700.0,northern_phoenix,0,Wait,0,Wait,0,215,203,0,,5,0,0.12018481642007828,0.008920143358409405,0.12018481642007828
iterative_q,9000056,383,700.0,northern_pioneer,0,Wait,0,Wait,0,215,203,0,,5,0,0.12018481642007828,0.008920143358409405,0.12018481642007828
iterative_q,9000056,384,701.0,northern_pathfinder,0,Wait,0,Wait,0,215,215,0,,5,0,0.0,0.0,0.0
iterative_q,9000056,384,701.0,northern_phoenix,0,Wait,0,Wait,0,215,215,0,,5,0,0.0,0.0,0.0
iterative_q,9000056,384,701.0,northern_pioneer,0,Wait,0,Wait,0,215,215,0,,5,0,0.0,0.0,0.0
iterative_q,9000056,385,702.0,northern_pathfinder,0,Wait,0,Wait,0,215,203,0,,5,0,0.04730002209544182,0.008434314280748367,0.04730002209544182
iterative_q,9000056,385,702.0,northern_phoenix,0,Wait,0,Wait,0,215,203,0,,5,0,0.04730002209544182,0.008434314280748367,0.04730002209544182
iterative_q,9000056,385,702.0,northern_pioneer,0,Wait,0,Wait,0,215,203,0,,5,0,0.04730002209544182,0.008434314280748367,0.04730002209544182
iterative_q,9000056,386,703.0,northern_pathfinder,0,Wait,0,Wait,0,215,203,0,,2,0,0.09990692883729935,0.008106257766485214,0.09990692883729935
iterative_q,9000056,386,703.0,northern_phoenix,0,Wait,0,Wait,0,215,203,0,,2,0,0.09990692883729935,0.008106257766485214,0.09990692883729935
iterative_q,9000056,386,703.0,northern_pioneer,0,Wait,0,Wait,0,215,203,0,,2,0,0.09990692883729935,0.008106257766485214,0.09990692883729935
iterative_q,9000056,387,704.0,northern_pathfinder,0,Wait,0,Wait,0,215,203,0,,5,0,0.13364477455615997,0.00842874962836504,0.13364477455615997
iterative_q,9000056,387,704.0,northern_phoenix,0,Wait,0,Wait,0,215,203,0,,5,0,0.13364477455615997,0.00842874962836504,0.13364477455615997
iterative_q,9000056,387,704.0,northern_pioneer,0,Wait,0,Wait,0,215,203,0,,5,0,0.13364477455615997,0.00842874962836504,0.13364477455615997
iterative_q,9000056,388,705.0,northern_pathfinder,0,Wait,0,Wait,0,215,215,0,,5,0,0.0,0.0,0.0
iterative_q,9000056,388,705.0,northern_phoenix,0,Wait,0,Wait,0,215,215,0,,5,0,0.0,0.0,0.0
iterative_q,9000056,388,705.0,northern_pioneer,0,Wait,0,Wait,0,215,215,0,,5,0,0.0,0.0,0.0
iterative_q,9000056,389,706.0,northern_pathfinder,0,Wait,0,Wait,0,215,203,0,,5,0,0.20214636623859406,0.009018469601869583,0.20214636623859406
iterative_q,9000056,389,706.0,northern_phoenix,0,Wait,0,Wait,0,215,203,0,,5,0,0.20214636623859406,0.009018469601869583,0.20214636623859406
iterative_q,9000056,389,706.0,northern_pioneer,0,Wait,0,Wait,0,215,203,0,,5,0,0.20214636623859406,0.009018469601869583,0.20214636623859406
iterative_q,9000056,390,707.0,northern_pathfinder,0,Wait,0,Wait,0,215,203,0,,5,0,0.017427463084459305,0.010008011944591999,0.017427463084459305
iterative_q,9000056,390,707.0,northern_phoenix,0,Wait,0,Wait,0,215,203,0,,5,0,0.017427463084459305,0.010008011944591999,0.017427463084459305
iterative_q,9000056,390,707.0,northern_pioneer,0,Wait,0,Wait,0,215,203,0,,5,0,0.017427463084459305,0.010008011944591999,0.017427463084459305
iterative_q,9000056,391,708.0,northern_pathfinder,1,Terminal,1,Terminal,0,215,203,0,,5,0,0.21847720444202423,0.03821404650807381,0.21847720444202423
iterative_q,9000056,391,708.0,northern_phoenix,0,Wait,0,Wait,0,215,203,0,,5,0,0.21847720444202423,0.03821404650807381,0.21847720444202423
iterative_q,9000056,391,708.0,northern_pioneer,0,Wait,0,Wait,0,215,203,0,,5,0,0.21847720444202423,0.03821404650807381,0.21847720444202423
iterative_q,9000056,392,709.0,northern_pathfinder,0,Wait,0,Wait,0,215,203,0,,5,0,0.22667653858661652,0.012115327641367912,0.22667653858661652
iterative_q,9000056,392,709.0,northern_phoenix,0,Wait,0,Wait,0,215,203,0,,5,0,0.22667653858661652,0.012115327641367912,0.22667653858661652
iterative_q,9000056,392,709.0,northern_pioneer,0,Wait,0,Wait,0,215,203,0,,5,0,0.22667653858661652,0.012115327641367912,0.22667653858661652
iterative_q,9000056,393,710.0,northern_pathfinder,0,Wait,0,Wait,0,215,203,0,,5,0,0.30851250886917114,0.013574408367276192,0.30851250886917114
iterative_q,9000056,393,710.0,northern_phoenix,0,Wait,0,Wait,0,215,203,0,,5,0,0.30851250886917114,0.013574408367276192,0.30851250886917114
iterative_q,9000056,393,710.0,northern_pioneer,0,Wait,0,Wait,0,215,203,0,,5,0,0.30851250886917114,0.013574408367276192,0.30851250886917114
iterative_q,9000056,394,711.0,northern_pathfinder,0,Wait,0,Wait,0,215,203,0,,5,0,0.2486322820186615,0.013870208524167538,0.2486322820186615
iterative_q,9000056,394,711.0,northern_phoenix,0,Wait,0,Wait,0,215,203,0,,5,0,0.2486322820186615,0.013870208524167538,0.2486322820186615
iterative_q,9000056,394,711.0,northern_pioneer,0,Wait,0,Wait,0,215,203,0,,5,0,0.2486322820186615,0.013870208524167538,0.2486322820186615
iterative_q,9000056,395,712.0,northern_pathfinder,0,Wait,0,Wait,0,215,203,0,,5,5,0.42804375290870667,0.013805292546749115,0.42804375290870667
iterative_q,9000056,395,712.0,northern_phoenix,0,Wait,0,Wait,0,215,203,0,,5,5,0.42804375290870667,0.013805292546749115,0.42804375290870667
iterative_q,9000056,395,712.0,northern_pioneer,0,Wait,0,Wait,0,215,203,0,,5,5,0.42804375290870667,0.013805292546749115,0.42804375290870667
iterative_q,9000056,396,713.0,northern_pathfinder,0,Wait,0,Wait,0,215,203,0,,5,0,0.30460959672927856,0.012720580212771893,0.30460959672927856
iterative_q,9000056,396,713.0,northern_phoenix,0,Wait,0,Wait,0,215,203,0,,5,0,0.30460959672927856,0.012720580212771893,0.30460959672927856
iterative_q,9000056,396,713.0,northern_pioneer,0,Wait,0,Wait,0,215,203,0,,5,0,0.30460959672927856,0.012720580212771893,0.30460959672927856
iterative_q,9000056,397,714.0,northern_pathfinder,0,Wait,0,Wait,0,215,203,0,,5,0,0.2580380439758301,0.014040885493159294,0.2580380439758301
iterative_q,9000056,397,714.0,northern_phoenix,0,Wait,0,Wait,0,215,203,0,,5,0,0.2580380439758301,0.014040885493159294,0.2580380439758301
iterative_q,9000056,397,714.0,northern_pioneer,0,Wait,0,Wait,0,215,203,0,,5,0,0.2580380439758301,0.014040885493159294,0.2580380439758301
iterative_q,9000056,398,715.0,northern_pathfinder,0,Wait,0,Wait,0,215,203,0,,5,0,0.21482126414775848,0.013162103481590748,0.21482126414775848
iterative_q,9000056,398,715.0,northern_phoenix,0,Wait,0,Wait,0,215,203,0,,5,0,0.21482126414775848,0.013162103481590748,0.21482126414775848
iterative_q,9000056,398,715.0,northern_pioneer,0,Wait,0,Wait,0,215,203,0,,5,0,0.21482126414775848,0.013162103481590748,0.21482126414775848
iterative_q,9000056,399,716.0,northern_pathfinder,0,Wait,0,Wait,0,215,203,0,,5,5,0.47625216841697693,0.015457412227988243,0.47625216841697693
iterative_q,9000056,399,716.0,northern_phoenix,0,Wait,0,Wait,0,215,203,0,,5,5,0.47625216841697693,0.015457412227988243,0.47625216841697693
iterative_q,9000056,399,716.0,northern_pioneer,0,Wait,0,Wait,0,215,203,0,,5,5,0.47625216841697693,0.015457412227988243,0.47625216841697693
iterative_q,9000056,400,717.0,northern_pathfinder,0,Wait,0,Wait,0,215,203,0,,5,0,0.3069446086883545,0.014678068459033966,0.3069446086883545
iterative_q,9000056,400,717.0,northern_phoenix,0,Wait,0,Wait,0,215,203,0,,5,0,0.3069446086883545,0.014678068459033966,0.3069446086883545
iterative_q,9000056,400,717.0,northern_pioneer,0,Wait,0,Wait,0,215,203,0,,5,0,0.3069446086883545,0.014678068459033966,0.3069446086883545
iterative_q,9000056,401,718.0,northern_pathfinder,0,Wait,0,Wait,0,215,203,0,,5,0,0.32809531688690186,0.014073865488171577,0.32809531688690186
iterative_q,9000056,401,718.0,northern_phoenix,0,Wait,0,Wait,0,215,203,0,,5,0,0.32809531688690186,0.014073865488171577,0.32809531688690186
iterative_q,9000056,401,718.0,northern_pioneer,0,Wait,0,Wait,0,215,203,0,,5,0,0.32809531688690186,0.014073865488171577,0.32809531688690186
iterative_q,9000056,402,719.0,northern_pathfinder,0,Wait,0,Wait,0,215,203,0,,5,5,0.47071021795272827,0.015667451545596123,0.47071021795272827
iterative_q,9000056,402,719.0,northern_phoenix,0,Wait,0,Wait,0,215,203,0,,5,5,0.47071021795272827,0.015667451545596123,0.47071021795272827
iterative_q,9000056,402,719.0,northern_pioneer,0,Wait,0,Wait,0,215,203,0,,5,5,0.47071021795272827,0.015667451545596123,0.47071021795272827
