controller,test_seed,hour,cumulative_vent_t,weather_speed_factor,brevik_inventory_t,brevik_capture_availability,brevik_capture_outage,brevik_capture_high_output_factor,brevik_capture_high_output,celsio_inventory_t,celsio_capture_availability,celsio_capture_outage,celsio_capture_high_output_factor,celsio_capture_high_output,yara_sluiskil_inventory_t,yara_sluiskil_capture_availability,yara_sluiskil_capture_outage,yara_sluiskil_capture_high_output_factor,yara_sluiskil_capture_high_output,northern_pathfinder_inventory_t,northern_pathfinder_mode,northern_pathfinder_destination,northern_pathfinder_operational_state,northern_phoenix_inventory_t,northern_phoenix_mode,northern_phoenix_destination,northern_phoenix_operational_state,northern_pioneer_inventory_t,northern_pioneer_mode,northern_pioneer_destination,northern_pioneer_operational_state,oygarden_terminal_inventory_t,aurora_well_a7_ah_available,cumulative_operating_cost_eur,cumulative_vent_penalty_eur,cumulative_episode_cost_eur
greedy,9000056,0.0,0.0,1.0,1585.8756482500692,0.7235853201417359,0,1.0,0,436.2970813663125,1.5162177798633156,0,1.0,0,6784.901074973901,0.8693471293768965,0,1.0,0,0.0,loading,celsio,loading,0.0,loading,yara_sluiskil,loading,0.0,loading,brevik,loading,2765.382902051245,1,0.0,0.0,0.0
greedy,9000056,1.0,0.0,1.0,812.8605927272924,0.38841757724177417,0,1.0,0,0.0,1.1854065346432332,0,1.0,0,6064.145403240234,0.9606648502498291,0,1.0,0,500.51529671768384,idle,celsio,idle,800.0,loading,yara_sluiskil,loading,800.0,loading,brevik,loading,2479.9947741973638,1,16607.156982184686,0.0,16607.156982184686
greedy,9000056,2.0,0.0,1.0,27.345995868796535,1.1277860789160268,0,1.0,0,0.0,0.7574690496838903,0,1.0,0,5351.713627968322,1.0777160729067305,0,1.0,0,550.7222611337749,idle,celsio,idle,1600.0,loading,yara_sluiskil,loading,1600.0,loading,brevik,loading,2194.6066463434827,1,29679.157143927412,0.0,29679.157143927412
greedy,9000056,3.0,0.0,1.0,0.0,0.8603336369354949,0,1.0,0,0.0,0.7081982010618342,0,1.0,0,4649.951440951821,1.132920145836311,0,1.0,0,582.8042688774011,idle,celsio,idle,2400.0,loading,yara_sluiskil,loading,1669.4049405184471,idle,brevik,idle,1909.2185184896014,1,36873.312100852614,0.0,36873.312100852614
greedy,9000056,4.0,0.0,1.0,0.0,1.080508047005293,0,1.0,0,0.0,0.8957630690958552,0,1.0,0,3953.221233808291,0.8340834179104075,0,1.0,0,612.7994484559855,idle,celsio,idle,3200.0,loading,yara_sluiskil,loading,1701.4896760021263,idle,brevik,idle,1623.83039063572,1,43758.10115846688,0.0,43758.10115846688
greedy,9000056,5.0,0.0,1.0,0.0,0.5092809570088943,0,1.0,0,0.0,0.9258342267019495,0,1.0,0,3229.25091586271,0.9823996697697603,0,1.0,0,650.7387909692943,idle,celsio,idle,4000.0,loading,yara_sluiskil,loading,1741.7854494209755,idle,brevik,idle,1338.4422627818387,1,50769.71702439027,0.0,50769.71702439027
greedy,9000056,6.0,0.0,1.0,0.0,0.7670698989427591,0,1.0,0,0.0,1.1452717748414847,0,1.0,0,2518.8000880906666,1.0246082057746022,0,1.0,0,689.9517737872217,idle,celsio,idle,4800.0,loading,yara_sluiskil,loading,1760.7782434176052,idle,brevik,idle,1053.0541349279574,1,57624.092062837466,0.0,57624.092062837466
greedy,9000056,7.0,0.0,1.0,0.0,1.4608230143756165,0,1.0,0,0.0,0.7326550653791566,0,1.0,0,1812.1966476254247,1.289545635244612,0,1.0,0,738.4588619175613,idle,celsio,idle,5600.0,loading,yara_sluiskil,loading,1789.3848465650626,idle,brevik,idle,767.6660070740761,1,64626.90415647619,0.0,64626.90415647619
greedy,9000056,8.0,0.0,1.0,0.0,0.9629261185715282,0,1.0,0,0.0,1.9230501825917616,0,1.0,0,1129.7430780467619,0.6754009923928224,0,1.0,0,769.4898928101243,idle,celsio,idle,6400.0,loading,yara_sluiskil,loading,1843.8638159199975,idle,brevik,idle,482.2778792201948,1,71695.63168358926,0.0,71695.63168358926
greedy,9000056,9.0,0.0,1.0,0.0,0.6492501623676,0,1.0,0,0.0,0.9393286073779697,0,1.0,0,391.3081093528456,1.3190719472542982,0,1.0,0,850.9391756224552,idle,celsio,idle,7200.0,loading,yara_sluiskil,loading,1879.774540314283,idle,brevik,idle,196.88975136631348,1,79014.39848658508,0.0,79014.39848658508
greedy,9000056,10.0,0.0,1.0,0.0,0.8452601734317753,0,1.0,0,0.0,0.8350962156751761,0,1.0,0,211.5457858618962,0.82397901736217,0,1.0,0,890.723702354321,idle,celsio,idle,7500.0,idle,yara_sluiskil,idle,1903.987238924261,idle,brevik,idle,0.0,1,81952.69260212204,0.0,81952.69260212204
greedy,9000056,11.0,0.0,1.0,0.0,0.7391960844801655,0,1.0,0,0.0,0.5684492008258997,0,1.0,0,286.654084483964,1.1877385180056037,0,1.0,0,926.0935478538099,idle,celsio,idle,7500.0,sailing,oygarden_terminal,sailing_to_terminal,1935.5097979005677,idle,brevik,idle,0.0,1,82892.97309576938,0.0,82892.97309576938
greedy,9000056,12.0,0.0,1.0,0.0,1.1101646171756325,0,1.0,0,0.0,1.2854724714817745,0,1.0,0,394.9201347650577,1.0366786770771164,0,1.0,0,950.1697680906175,idle,celsio,idle,7500.0,sailing,oygarden_terminal,sailing_to_terminal,1963.0768703258532,idle,brevik,idle,0.0,1,83713.54005589547,0.0,83713.54005589547
greedy,9000056,13.0,0.0,1.0,0.0,0.9064494350912465,0,1.0,0,0.0,0.8754853475894457,0,1.0,0,489.41654250042177,1.1260540079678159,0,1.0,0,1004.6149468098104,idle,celsio,idle,7500.0,sailing,oygarden_terminal,sailing_to_terminal,2004.4785813248861,idle,brevik,idle,0.0,1,84881.12845980065,0.0,84881.12845980065
greedy,9000056,14.0,0.0,1.0,0.0,0.9623736082961817,0,1.0,0,0.0,1.4737410539670726,0,1.0,0,592.0597074549838,0.6661222326266099,0,1.0,0,1041.6954423264488,idle,celsio,idle,7500.0,sailing,oygarden_terminal,sailing_to_terminal,2038.2830738554735,idle,brevik,idle,0.0,1,85852.75283059008,0.0,85852.75283059008
greedy,9000056,15.0,0.0,1.0,0.0,1.122988792498816,0,1.0,0,0.0,0.9280120676096347,0,1.0,0,652.7786813794962,1.037937751276945,0,1.0,0,1104.114589254238,idle,celsio,idle,7500.0,sailing,oygarden_terminal,sailing_to_terminal,2074.173157692251,idle,brevik,idle,0.0,1,87039.67190443809,0.0,87039.67190443809
greedy,9000056,16.0,0.0,1.0,0.0,0.7349231407479503,0,1.0,0,0.0,1.4762401274059103,0,1.0,0,747.3896489239769,0.0,1,1.0,0,1143.419812816383,idle,celsio,idle,7500.0,sailing,oygarden_terminal,sailing_to_terminal,2116.0531043976594,idle,brevik,idle,0.0,1,88092.15811325276,0.0,88092.15811325276
greedy,9000056,17.0,0.0,1.0,0.0,1.2339283785984687,0,1.0,0,0.0,1.3625328330915403,0,1.0,0,747.3896489239769,0.0,1,1.0,0,1205.9448060404004,idle,celsio,idle,7500.0,sailing,oygarden_terminal,sailing_to_terminal,2143.4608018037447,idle,brevik,idle,0.0,1,89213.31694936166,0.0,89213.31694936166
greedy,9000056,18.0,0.0,1.0,0.0,1.3076606752946045,0,1.0,0,0.0,0.9481154022565408,0,1.0,0,747.3896489239769,0.0,1,1.0,0,1263.6538159602514,idle,celsio,idle,7500.0,sailing,oygarden_terminal,sailing_to_terminal,2189.478034624978,idle,brevik,idle,0.0,1,90442.76241115661,0.0,90442.76241115661
greedy,9000056,19.0,0.0,1.0,0.0,1.0216556472288272,0,1.0,0,0.0,0.9147182136432006,0,1.0,0,747.3896489239769,0.0,1,1.0,0,1303.810500500352,idle,celsio,idle,7500.0,sailing,oygarden_terminal,sailing_to_terminal,2238.2449785647827,idle,brevik,idle,0.0,1,91555.99957962881,0.0,91555.99957962881
greedy,9000056,20.0,0.0,1.0,0.0,1.2018943770786104,0,1.0,0,0.0,0.958972789963291,0,1.0,0,747.3896489239769,0.0,1,1.0,0,1342.5526733001302,idle,celsio,idle,7500.0,sailing,oygarden_terminal,sailing_to_terminal,2276.345853355634,idle,brevik,idle,0.0,1,92574.39784581526,0.0,92574.39784581526
greedy,9000056,21.0,0.0,1.0,0.0,0.7304779186413267,0,1.0,0,0.0,0.45667777496597717,0,1.0,0,747.3896489239769,0.0,1,1.0,0,1383.169213984358,idle,celsio,idle,7500.0,sailing,oygarden_terminal,sailing_to_terminal,2321.1684116506704,idle,brevik,idle,0.0,1,93660.27962832943,0.0,93660.27962832943
greedy,9000056,22.0,0.0,1.0,0.0,1.186502519250697,0,1.0,0,0.0,0.9300652194776364,0,1.0,0,747.3896489239769,0.0,1,1.0,0,1402.5114431076665,idle,celsio,idle,7500.0,sailing,oygarden_terminal,sailing_to_terminal,2348.4103094814745,idle,brevik,idle,0.0,1,94441.12948158589,0.0,94441.12948158589
greedy,9000056,23.0,0.0,1.0,0.0,1.4203974616450912,0,1.0,0,0.0,0.6864533556911567,0,1.0,0,747.3896489239769,0.0,1,1.0,0,1441.9036263075097,idle,celsio,idle,7500.0,sailing,oygarden_terminal,sailing_to_terminal,2392.6588398115105,idle,brevik,idle,0.0,1,95512.89299417005,0.0,95512.89299417005
greedy,9000056,24.0,0.0,1.0,0.0,1.292175516937303,0,1.0,0,0.0,1.3541399175043245,0,1.0,0,747.3896489239769,0.0,1,1.0,0,1470.9778200083779,idle,celsio,idle,7500.0,sailing,oygarden_terminal,sailing_to_terminal,2445.6300632440316,idle,brevik,idle,0.0,1,96572.13259251113,0.0,96572.13259251113
greedy,9000056,25.0,0.0,1.0,0.0,0.9688578900979461,0,1.0,0,0.0,1.1652006982788303,0,1.0,0,747.3896489239769,0.0,1,1.0,0,1528.3313545685783,idle,celsio,idle,7500.0,sailing,oygarden_terminal,sailing_to_terminal,2493.8194671662454,idle,brevik,idle,0.0,1,97815.8400696408,0.0,97815.8400696408
greedy,9000056,26.0,0.0,1.0,0.0,0.83225336791833,0,1.0,0,0.0,1.2422306819021798,0,1.0,0,747.3896489239769,0.0,1,1.0,0,1577.6825166268306,idle,celsio,idle,7500.0,sailing,oygarden_terminal,sailing_to_terminal,2529.9513053612673,idle,brevik,idle,0.0,1,98902.06650020412,0.0,98902.06650020412
greedy,9000056,27.0,0.0,1.0,0.0,1.3070879053958386,0,1.0,0,0.0,0.9627448087078613,0,1.0,0,747.3896489239769,0.0,1,1.0,0,1630.2962232499428,idle,celsio,idle,7500.0,sailing,oygarden_terminal,sailing_to_terminal,2560.988714971293,idle,brevik,idle,0.0,1,99973.91167947029,0.0,99973.91167947029
greedy,9000056,28.0,0.0,1.0,0.0,0.9720032029366464,0,1.0,0,0.0,1.0528364226272453,0,1.0,0,747.3896489239769,0.0,1,1.0,0,1671.0725248308343,idle,celsio,idle,7500.0,sailing,oygarden_terminal,sailing_to_terminal,2609.73422525112,idle,brevik,idle,0.0,1,101091.84490152817,0.0,101091.84490152817
greedy,9000056,29.0,0.0,1.0,0.0,1.042127265884728,0,1.0,0,0.0,0.8511861347857365,0,1.0,0,747.3896489239769,0.0,1,1.0,0,1715.664586087456,idle,celsio,idle,7500.0,sailing,oygarden_terminal,sailing_to_terminal,2645.9833438469054,idle,brevik,idle,0.0,1,102141.63060498897,0.0,102141.63060498897
greedy,9000056,30.0,0.0,1.0,0.0,0.8298459952343847,0,1.0,0,0.0,1.6441277609846594,0,1.0,0,747.3896489239769,0.0,1,1.0,0,1751.715907496376,idle,celsio,idle,7500.0,sailing,oygarden_terminal,sailing_to_terminal,2684.8476075253798,idle,brevik,idle,0.0,1,103144.89727860718,0.0,103144.89727860718
greedy,9000056,31.0,0.0,1.0,0.0,0.8113965421852396,0,1.0,0,0.0,1.203439257405725,0,1.0,0,747.3896489239769,0.0,1,1.0,0,1821.3516498167166,idle,celsio,idle,7500.0,sailing,oygarden_terminal,sailing_to_terminal,2715.7952177053166,idle,brevik,idle,0.0,1,104349.66940199443,0.0,104349.66940199443
greedy,9000056,32.0,0.0,1.0,0.0,0.6913035170160816,0,1.0,0,0.0,1.0897916289887615,0,1.0,0,747.3896489239769,0.0,1,1.0,0,1872.3223760677583,idle,celsio,idle,7500.0,sailing,oygarden_terminal,sailing_to_terminal,2746.0547839297706,idle,brevik,idle,0.0,1,105402.50984383062,0.0,105402.50984383062
greedy,9000056,33.0,0.0,1.0,0.0,0.9599273253227101,0,1.0,0,0.0,0.606583343724301,0,1.0,0,747.3896489239769,0.0,1,1.0,0,1918.47964611694,idle,celsio,idle,7500.0,sailing,oygarden_terminal,sailing_to_terminal,2771.8356931896983,idle,brevik,idle,0.0,1,106382.40231895127,0.0,106382.40231895127
greedy,9000056,34.0,0.0,1.0,0.0,1.1490622614466564,0,1.0,0,0.0,0.9832926005510321,0,1.0,0,747.3896489239769,0.9811325193196021,0,1.0,0,1944.1710080790415,idle,celsio,idle,7500.0,sailing,oygarden_terminal,sailing_to_terminal,2807.634433800022,idle,brevik,idle,0.0,1,107280.27190644866,0.0,107280.27190644866
greedy,9000056,35.0,0.0,1.0,0.0,1.296072896311099,0,1.0,0,0.0,1.0385184942306298,0,1.0,0,836.8214086266887,0.4400535442485285,0,1.0,0,1985.8175952739816,idle,celsio,idle,7500.0,sailing,oygarden_terminal,sailing_to_terminal,2850.486610354861,idle,brevik,idle,0.0,1,108358.77156373538,0.0,108358.77156373538
greedy,9000056,36.0,0.0,1.0,0.0,1.6051604257394643,0,1.0,0,0.0,1.2226418967146409,0,1.0,0,876.9329461848837,0.6373965448966494,0,1.0,0,2029.8032318986204,idle,celsio,idle,7500.0,sailing,oygarden_terminal,sailing_to_terminal,2898.8212720250917,idle,brevik,idle,0.0,1,109498.67437350671,0.0,109498.67437350671
greedy,9000056,37.0,0.0,1.0,0.0,1.09866819483558,0,1.0,0,0.0,1.341579384847122,0,1.0,0,935.0325501796863,0.7784965690310086,0,1.0,0,2081.587270882722,idle,celsio,idle,7500.0,sailing,oygarden_terminal,sailing_to_terminal,2958.682776607862,idle,brevik,idle,0.0,1,110790.29050441702,0.0,110790.29050441702
greedy,9000056,38.0,0.0,1.0,0.0,1.1623586718258365,0,1.0,0,0.0,1.1036229883347914,0,1.0,0,1005.9935704237,1.0225460763253797,0,1.0,0,2138.408813929684,idle,celsio,idle,7500.0,sailing,oygarden_terminal,sailing_to_terminal,2999.655577694099,idle,brevik,idle,0.0,1,111973.16744789331,0.0,111973.16744789331
greedy,9000056,39.0,0.0,1.0,0.0,0.7612749612243905,0,1.0,0,0.0,1.0477397994826718,0,1.0,0,1099.199966410289,0.9272773184374012,0,1.0,0,2185.1519003601816,idle,celsio,idle,7500.0,sailing,oygarden_terminal,sailing_to_terminal,3043.0035905092245,idle,brevik,idle,0.0,1,113095.56987479856,0.0,113095.56987479856
greedy,9000056,40.0,0.0,0.5914585533131274,0.0,1.1103544558823044,0,1.0,0,0.0,1.2620989766281678,0,1.0,0,1183.7224299005734,0.8316040480005579,0,1.0,0,2229.5280981392675,idle,celsio,idle,7500.0,sailing,oygarden_terminal,sailing_to_terminal,3071.393924977935,idle,brevik,idle,0.0,1,114081.9653553732,0.0,114081.9653553732
greedy,9000056,41.0,0.0,0.5914585533131274,0.0,0.8232761680774707,0,1.0,0,0.0,0.8332630066406171,0,1.0,0,1259.5241018733118,1.74675185254477,0,1.0,0,2282.983310808756,idle,celsio,idle,7500.0,sailing,oygarden_terminal,sailing_to_terminal,3112.8025235990053,idle,brevik,idle,0.0,1,115241.83607750501,0.0,115241.83607750501
greedy,9000056,42.0,0.0,0.5914585533131274,0.0,0.8384208682808182,0,1.0,0,0.0,0.8588442321465999,0,1.0,0,1418.7424389390387,1.0511828168635573,0,1.0,0,2318.2755121768223,idle,celsio,idle,7500.0,sailing,oygarden_terminal,sailing_to_terminal,3143.505067114468,idle,brevik,idle,0.0,1,116175.06947208177,0.0,116175.06947208177
greedy,9000056,43.0,0.0,0.5914585533131274,0.0,0.8562169296972768,0,1.0,0,0.0,1.1265694755694113,0,1.0,0,1514.5588291073564,1.1371565511030088,0,1.0,0,2354.6511862955135,idle,celsio,idle,7500.0,sailing,oygarden_terminal,sailing_to_terminal,3174.7723988426105,idle,brevik,idle,0.0,1,117121.24258055747,0.0,117121.24258055747
greedy,9000056,44.0,0.0,0.5914585533131274,0.0,0.8017040449824878,0,1.0,0,0.0,0.9734521349013809,0,1.0,0,1618.211736999215,0.9733767491808218,0,1.0,0,2402.3661532027872,idle,celsio,idle,7500.0,sailing,oygarden_terminal,sailing_to_terminal,3206.703396122975,idle,brevik,idle,0.0,1,118161.64521356166,0.0,118161.64521356166
greedy,9000056,45.0,0.0,0.5914585533131274,0.0,1.274918299440539,0,1.0,0,0.0,0.9125048319749829,0,1.0,0,1706.9358939923536,0.9673430022183043,0,1.0,0,2443.5959551900614,idle,celsio,idle,7500.0,sailing,oygarden_terminal,sailing_to_terminal,3236.6014332599516,idle,brevik,idle,0.0,1,119135.17609280256,0.0,119135.17609280256
greedy,9000056,46.0,0.0,0.5914585533131274,0.0,1.0124045672351074,0,1.0,0,0.0,0.7205142935319985,0,1.0,0,1795.1100047678428,0.5990698353648376,0,1.0,0,2482.2443819445734,idle,celsio,idle,7500.0,sailing,oygarden_terminal,sailing_to_terminal,3284.1470939924907,idle,brevik,idle,0.0,1,120226.98493147184,0.0,120226.98493147184
greedy,9000056,47.0,0.0,0.5914585533131274,0.0,0.42031012066590223,0,1.0,0,0.0,0.4426420254759815,0,1.0,0,1849.7156725590735,0.9652981657266363,0,1.0,0,2512.7611999639153,idle,celsio,idle,7500.0,sailing,oygarden_terminal,sailing_to_terminal,3321.9027957216326,idle,brevik,idle,0.0,1,121178.10005457031,0.0,121178.10005457031
greedy,9000056,48.0,0.0,0.5914585533131274,0.0,0.4517143494527063,0,1.0,0,0.0,1.2327278795229624,0,1.0,0,1937.7032644901944,1.258912350175297,0,1.0,0,2531.5089559216026,idle,celsio,idle,7500.0,sailing,oygarden_terminal,sailing_to_terminal,3337.5774592998473,idle,brevik,idle,0.0,1,121863.4741196974,0.0,121863.4741196974
greedy,9000056,49.0,0.0,0.5914585533131274,0.0,1.1293936953853982,0,1.0,0,0.0,1.154801356537423,0,1.0,0,2052.453906993242,1.1512488237546599,0,1.0,0,2583.7201788001403,idle,celsio,idle,7500.0,sailing,oygarden_terminal,sailing_to_terminal,3354.423280929707,idle,brevik,idle,0.0,1,122820.74817403666,0.0,122820.74817403666
greedy,9000056,50.0,0.0,0.5914585533131274,0.0,0.9592899743925276,0,1.0,0,0.0,1.4882404624150238,0,1.0,0,2157.3908750703276,0.9305876587612476,0,1.0,0,2632.6308848920194,idle,celsio,idle,7500.0,sailing,oygarden_terminal,sailing_to_terminal,3396.5418492338163,idle,brevik,idle,0.0,1,123950.51576841426,0.0,123950.51576841426
greedy,9000056,51.0,0.0,0.5914585533131274,0.0,1.1856872272317098,0,1.0,0,0.0,1.047166751945956,0,1.0,0,2242.2143933626053,1.0318763300267135,0,1.0,0,2695.664142897085,idle,celsio,idle,7500.0,sailing,oygarden_terminal,sailing_to_terminal,3432.316720277005,idle,brevik,idle,0.0,1,125141.3514557108,0.0,125141.3514557108
greedy,9000056,52.0,0.0,0.5914585533131274,0.0,1.0766292754625753,0,1.0,0,0.0,1.7655800224520286,0,1.0,0,2336.270354232599,0.9585092047506943,0,1.0,0,2740.0160696970224,idle,celsio,idle,7500.0,sailing,oygarden_terminal,sailing_to_terminal,3476.5346322975142,idle,brevik,idle,0.0,1,126251.81118961668,0.0,126251.81118961668
greedy,9000056,53.0,0.0,0.5914585533131274,0.0,1.3545455274478848,0,1.0,0,0.0,1.029506743336043,0,1.0,0,2423.638806599374,1.1156223281795123,0,1.0,0,2814.7958273332406,idle,celsio,idle,7500.0,sailing,oygarden_terminal,sailing_to_terminal,3516.6854324650967,idle,brevik,idle,0.0,1,127569.21640691937,0.0,127569.21640691937
greedy,9000056,54.0,0.0,0.5914585533131274,0.0,0.9175427319897902,0,1.0,0,0.0,0.6769833262671725,0,1.0,0,2525.3281008809226,0.7518548839532309,0,1.0,0,2858.399778313952,idle,celsio,idle,7500.0,sailing,oygarden_terminal,sailing_to_terminal,3567.200571965669,idle,brevik,idle,0.0,1,128723.24067971995,0.0,128723.24067971995
greedy,9000056,55.0,0.0,0.5914585533131274,0.0,1.0330021955324529,0,1.0,0,0.0,1.2550650822970313,0,1.0,0,2593.859838209479,1.054793513948366,0,1.0,0,2887.07287634307,idle,celsio,idle,7500.0,sailing,oygarden_terminal,sailing_to_terminal,3601.4185371118156,idle,brevik,idle,0.0,1,129632.10854345393,0.0,129632.10854345393
greedy,9000056,56.0,0.0,0.5914585533131274,0.0,0.6994119266042162,0,1.0,0,0.0,1.1150979943405228,0,1.0,0,2690.004427334487,0.9594477875283144,0,1.0,0,2940.2301739327363,idle,celsio,idle,7500.0,sailing,oygarden_terminal,sailing_to_terminal,3639.9423313758994,idle,brevik,idle,0.0,1,130766.99324707908,0.0,130766.99324707908
greedy,9000056,57.0,0.0,0.5914585533131274,0.0,0.851661537184417,0,1.0,0,0.0,1.4578472109172267,0,1.0,0,2777.458174720755,1.3260416907082635,0,1.0,0,2987.4592752462017,idle,celsio,idle,7500.0,sailing,oygarden_terminal,sailing_to_terminal,3666.0255248341678,idle,brevik,idle,0.0,1,131757.67324999196,0.0,131757.67324999196
greedy,9000056,58.0,0.0,0.5914585533131274,0.0,0.42586595565504914,0,1.0,0,0.0,1.0354017461929763,0,1.0,0,2898.3268986975636,1.49391836130513,0,1.0,0,3049.2052509123873,idle,celsio,idle,7500.0,sailing,oygarden_terminal,sailing_to_terminal,3697.7865632385706,idle,brevik,idle,0.0,1,132906.89240162846,0.0,132906.89240162846
greedy,9000056,59.0,0.0,0.5914585533131274,0.0,0.7997826269361954,0,1.0,0,0.0,0.5898153782343984,0,1.0,0,3034.4974841285266,0.7830659945233746,0,1.0,0,3093.0588801174217,idle,celsio,idle,7500.0,sailing,oygarden_terminal,sailing_to_terminal,3713.6683921177314,idle,brevik,idle,0.0,1,133790.98710870487,0.0,133790.98710870487
greedy,9000056,60.0,0.0,0.5914585533131274,0.0,1.047174499805889,0,1.0,0,0.0,0.9325633722102055,0,1.0,0,3105.873858693677,0.9151573159613584,0,1.0,0,3118.040048047283,idle,celsio,idle,7500.0,sailing,oygarden_terminal,sailing_to_terminal,3743.4946992203677,idle,brevik,idle,0.0,1,134636.3945616344,0.0,134636.3945616344
greedy,9000056,61.0,0.0,0.5914585533131274,0.0,0.8547561015008442,0,1.0,0,0.0,1.2893545661950807,0,1.0,0,3189.290280569766,0.8532464259862458,0,1.0,0,3157.5380385475623,idle,celsio,idle,7500.0,sailing,oygarden_terminal,sailing_to_terminal,3782.546989360548,idle,brevik,idle,0.0,1,135668.19550355934,0.0,135668.19550355934
greedy,9000056,62.0,0.0,0.5914585533131274,0.0,1.1200451729999261,0,1.0,0,0.0,1.2007785337250363,0,1.0,0,3267.063478986806,0.4090996755806965,0,1.0,0,3212.147640344775,idle,celsio,idle,7500.0,sailing,oygarden_terminal,sailing_to_terminal,3814.423412072844,idle,brevik,idle,0.0,1,136762.29620112185,0.0,136762.29620112185
greedy,9000056,63.0,0.0,0.5914585533131274,0.0,1.0570060070986496,0,1.0,0,0.0,1.1676437628119383,0,1.0,0,3304.3527847313894,1.155747268822086,0,1.0,0,3263.0056737303285,idle,celsio,idle,7500.0,sailing,oygarden_terminal,sailing_to_terminal,3856.1932544694396,idle,brevik,idle,0.0,1,137904.6136556465,0.0,137904.6136556465
greedy,9000056,64.0,0.0,0.5914585533131274,0.0,0.6133181930146041,0,1.0,0,0.0,0.8597224113698024,0,1.0,0,3409.6987044775715,0.7171727941806673,0,1.0,0,3312.460309871518,idle,celsio,idle,7500.0,unloading,oygarden_terminal,unloading,3895.6121710361213,idle,brevik,idle,0.0,1,138602.31770301846,0.0,138602.31770301846
greedy,9000056,65.0,0.0,0.5914585533131274,0.0,1.050820609247918,0,1.0,0,0.0,1.028713809590829,0,1.0,0,3475.0686812222093,0.8334758019922217,0,1.0,0,3348.8731785827154,idle,celsio,idle,6700.0,unloading,oygarden_terminal,unloading,3918.4846378217603,idle,brevik,idle,514.6118721461187,1,139209.16784388988,0.0,139209.16784388988
greedy,9000056,66.0,0.0,0.5914585533131274,0.0,0.9877576109437123,0,1.0,0,0.0,0.936823137603265,0,1.0,0,3551.0395688333347,0.6709393501375716,0,1.0,0,3392.4435454763084,idle,celsio,idle,5900.0,unloading,oygarden_terminal,unloading,3957.672869786031,idle,brevik,idle,1029.2237442922374,1,140000.29542560855,0.0,140000.29542560855
greedy,9000056,67.0,0.0,0.5914585533131274,0.0,1.1166933808123132,0,1.0,0,0.0,1.1661235622984065,0,1.0,0,3612.1952980988544,1.0347371428277237,0,1.0,0,3432.1219550001547,idle,celsio,idle,5100.0,unloading,oygarden_terminal,unloading,3994.509287701499,idle,brevik,idle,1543.835616438356,1,140742.4061237117,0.0,140742.4061237117
greedy,9000056,68.0,0.0,0.5914585533131274,0.0,1.2010301504309315,0,1.0,0,0.0,0.38768217825937945,0,1.0,0,3706.5109140189843,0.7315693433080046,0,1.0,0,3481.512204240431,idle,celsio,idle,4300.0,unloading,oygarden_terminal,unloading,4036.154097101251,idle,brevik,idle,2058.4474885844747,1,141598.50825986176,0.0,141598.50825986176
greedy,9000056,69.0,0.0,0.5914585533131274,0.0,0.7221495929557677,0,1.0,0,0.0,1.155543479414729,0,1.0,0,3773.192933663151,1.4568508576462738,0,1.0,0,3497.9321789577793,idle,celsio,idle,3500.0,unloading,oygarden_terminal,unloading,4080.9440676610957,idle,brevik,idle,2573.0593607305937,1,142220.46759792912,0.0,142220.46759792912
greedy,9000056,70.0,0.0,0.5914585533131274,0.0,1.375740347071763,0,1.0,0,0.0,0.8339066970029109,0,1.0,0,3905.9837442528346,1.1713400870312078,0,1.0,0,3546.8743170823022,idle,celsio,idle,2700.0,unloading,oygarden_terminal,unloading,4107.875159934463,idle,brevik,idle,3087.6712328767126,1,142957.54142241858,0.0,142957.54142241858
greedy,9000056,71.0,0.0,0.5914585533131274,0.0,0.9796003801325824,0,1.0,0,0.0,0.9613465757239549,0,1.0,0,4012.750392861295,0.7525362978819685,0,1.0,0,3582.19378145101,idle,celsio,idle,1900.0,unloading,oygarden_terminal,unloading,4159.180573159312,idle,brevik,idle,3602.2831050228315,1,143779.02132200883,0.0,143779.02132200883
greedy,9000056,72.0,0.0,0.5914585533131274,0.0,0.7065408075794826,0,1.0,0,0.0,0.7288269582512451,0,1.0,0,4081.343383327306,1.0941382862716922,0,1.0,0,3622.910861970083,idle,celsio,idle,1100.0,unloading,oygarden_terminal,unloading,4195.712753318775,idle,brevik,idle,4116.89497716895,1,144526.89770661728,0.0,144526.89770661728
greedy,9000056,73.0,0.0,0.5914585533131274,0.0,1.655748250213823,0,1.0,0,0.0,0.6128107569828298,0,1.0,0,4181.073007112344,1.0766991786753615,0,1.0,0,3653.779756386479,idle,celsio,idle,300.0,unloading,oygarden_terminal,unloading,4222.061734437225,idle,brevik,idle,4633.69132983713,1,145116.62156435655,0.0,145116.62156435655
greedy,9000056,74.0,0.0,0.5914585533131274,0.0,0.8805500412663962,0,1.0,0,0.0,1.0916331685035463,0,1.0,0,4279.21300133097,1.4320661499336735,0,1.0,0,3679.7348755548537,idle,celsio,idle,0.0,idle,oygarden_terminal,idle,4283.809438030072,idle,brevik,idle,4652.557195250956,1,145929.55726219437,0.0,145929.55726219437
greedy,9000056,75.0,0.0,0.5914585533131274,0.0,1.1381259735366822,0,1.0,0,0.0,0.9234145621580124,0,1.0,0,4409.744224119204,1.3738578785296283,0,1.0,0,3725.9701425664175,idle,celsio,idle,0.0,sailing,yara_sluiskil,sailing_to_emitter,4316.647723797217,idle,brevik,idle,4373.221970097498,1,147079.9936074354,0.0,147079.9936074354
greedy,9000056,76.0,0.0,0.5914585533131274,0.0,0.8330959438378259,0,1.0,0,0.0,0.9840571334155412,0,1.0,0,4534.969736230162,0.8674355341084872,0,1.0,0,3765.0806423896033,idle,celsio,idle,0.0,sailing,yara_sluiskil,sailing_to_emitter,4359.091761263864,idle,brevik,idle,4095.4824492778275,1,148249.25274482873,0.0,148249.25274482873
greedy,9000056,77.0,0.0,0.5914585533131274,0.0,1.5822229158924421,0,1.0,0,0.0,0.8893288910690472,0,1.0,0,4614.03539566512,0.9507240085853917,0,1.0,0,3806.759610774626,idle,celsio,idle,0.0,sailing,yara_sluiskil,sailing_to_emitter,4390.160334151869,idle,brevik,idle,3819.1775543101294,1,149348.7841432179,0.0,149348.7841432179
greedy,9000056,78.0,0.0,0.5914585533131274,0.0,1.0166715335012069,0,1.0,0,0.0,0.7757821851446778,0,1.0,0,4700.692631239815,1.2753819929283234,0,1.0,0,3844.4264387220046,idle,celsio,idle,0.0,sailing,yara_sluiskil,sailing_to_emitter,4449.166023043069,idle,brevik,idle,3544.175617475134,1,150635.60494757444,0.0,150635.60494757444
greedy,9000056,79.0,0.0,1.0,0.0,1.3664759569579927,0,1.0,0,0.0,0.5425258348167019,0,1.0,0,4816.9419271142615,1.389393638544747,0,1.0,0,3877.284084960574,idle,celsio,idle,0.0,sailing,yara_sluiskil,sailing_to_emitter,4487.080651858105,idle,brevik,idle,3270.3666999721722,1,151718.60611836586,0.0,151718.60611836586
greedy,9000056,80.0,0.0,1.0,0.0,0.9268375960564419,0,1.0,0,0.0,0.9591193705686977,0,1.0,0,4943.583132921084,1.093824955472158,0,1.0,0,3900.262341353981,idle,celsio,idle,0.0,sailing,yara_sluiskil,sailing_to_emitter,4538.040493508011,idle,brevik,idle,2997.6575098096764,1,152826.00977347395,0.0,152826.00977347395
greedy,9000056,81.0,0.0,1.0,0.0,0.7703274367927342,0,1.0,0,0.0,0.5159868369894541,0,1.0,0,5043.283610623139,0.5104264907874889,0,1.0,0,3940.8850903448315,idle,celsio,idle,0.0,sailing,yara_sluiskil,sailing_to_emitter,4572.6049423182585,idle,brevik,idle,2725.9678466502887,1,153942.80151138676,0.0,153942.80151138676
greedy,9000056,82.0,0.0,1.0,0.0,0.5848602184529952,0,1.0,0,0.0,1.4999061084720742,0,1.0,0,5089.808173169871,1.064073749037046,0,1.0,0,3962.7393082918397,idle,celsio,idle,0.0,sailing,yara_sluiskil,sailing_to_emitter,4601.332670979277,idle,brevik,idle,2455.2280167682457,1,154866.03967803338,0.0,154866.03967803338
greedy,9000056,83.0,0.0,1.0,0.0,1.2189868011818168,0,1.0,0,0.0,0.8623731316185692,0,1.0,0,5186.796731160322,1.3204609973480699,0,1.0,0,4026.2666555897854,idle,celsio,idle,0.0,sailing,yara_sluiskil,sailing_to_emitter,4623.143789413657,idle,brevik,idle,2185.3768981308735,1,156061.770395368,0.0,156061.770395368
greedy,9000056,84.0,0.0,1.0,0.0,1.3945646427737524,0,1.0,0,0.0,1.4040270031147235,0,1.0,0,5307.154473273378,1.180687198213881,0,1.0,0,4062.791793478955,idle,celsio,idle,0.0,sailing,yara_sluiskil,sailing_to_emitter,4668.603303283873,idle,brevik,idle,1916.360458546352,1,157230.82969385097,0.0,157230.82969385097
greedy,9000056,85.0,0.0,1.0,0.0,1.060247078716854,0,1.0,0,0.0,0.5498253964695916,0,1.0,0,5414.771995599114,1.2702584330091187,0,1.0,0,4122.2582564387085,idle,celsio,idle,0.0,sailing,yara_sluiskil,sailing_to_emitter,4720.610610056914,idle,brevik,idle,1648.1305992627977,1,158631.07155228878,0.0,158631.07155228878
greedy,9000056,86.0,0.0,1.0,0.0,1.2541422040539587,0,1.0,0,0.0,0.9113587425861664,0,1.0,0,5530.553690357468,0.9735640774711055,0,1.0,0,4145.5456800430675,idle,celsio,idle,0.0,sailing,yara_sluiskil,sailing_to_emitter,4760.150250627676,idle,brevik,idle,1380.6442381322204,1,159649.10639833572,0.0,159649.10639833572
greedy,9000056,87.0,0.0,1.0,0.0,0.9615488025138624,0,1.0,0,0.0,1.1293026131653987,0,1.0,0,5619.292180934546,1.3031620359007319,0,1.0,0,4184.145565080051,idle,celsio,idle,0.0,sailing,yara_sluiskil,sailing_to_emitter,4806.920786467987,idle,brevik,idle,1113.8625727375795,1,160843.82950450524,0.0,160843.82950450524
greedy,9000056,88.0,0.0,1.0,0.0,0.9315765404928517,0,1.0,0,0.0,0.8181561715269244,0,1.0,0,5738.07280330496,0.9489472492238837,0,1.0,0,4231.976291887422,idle,celsio,idle,0.0,sailing,yara_sluiskil,sailing_to_emitter,4842.779674996975,idle,brevik,idle,847.7504810666738,1,162025.08287952878,0.0,162025.08287952878
greedy,9000056,89.0,0.0,1.0,0.0,1.215872235185585,0,1.0,0,0.0,1.2263543403278043,0,1.0,0,5824.567390240383,0.9557587108029217,0,1.0,0,4266.628655098007,idle,celsio,idle,0.0,sailing,yara_sluiskil,sailing_to_emitter,4877.520807074598,idle,brevik,idle,582.2760288995951,1,163093.84277451472,0.0,163093.84277451472
greedy,9000056,90.0,0.0,1.0,0.0,0.9596898876323138,0,1.0,0,0.0,0.8798583966396666,0,1.0,0,5911.682763831292,0.9191937060562412,0,1.0,0,4318.569931720788,idle,celsio,idle,0.0,sailing,yara_sluiskil,sailing_to_emitter,4922.8641248589665,idle,brevik,idle,317.41006108424733,1,164381.31296182724,0.0,164381.31296182724
greedy,9000056,91.0,0.0,1.0,0.0,1.2260559538924687,0,1.0,0,0.0,0.995109983410817,0,1.0,0,5995.465253427327,1.1853254646928333,0,1.0,0,4355.835644301478,idle,celsio,idle,0.0,sailing,yara_sluiskil,sailing_to_emitter,4958.6536709330185,idle,brevik,idle,53.12585953171879,1,165478.3316189143,0.0,165478.3316189143
greedy,9000056,92.0,0.0,1.0,0.0,1.2354415448750762,0,1.0,0,0.0,0.6742318219571751,0,1.0,0,6103.504989513203,1.135464128473866,0,1.0,0,4397.982747482616,idle,celsio,idle,0.0,sailing,yara_sluiskil,sailing_to_emitter,5004.376752479347,idle,brevik,idle,0.0,1,166605.0803032799,0.0,166605.0803032799
greedy,9000056,93.0,0.0,1.0,0.0,1.393655539470973,0,1.0,0,0.0,0.907642616643725,0,1.0,0,6206.999901463105,1.0617569940853204,0,1.0,0,4426.539307703863,idle,celsio,idle,0.0,sailing,yara_sluiskil,sailing_to_emitter,5050.449841749362,idle,brevik,idle,0.0,1,167606.10223235228,0.0,167606.10223235228
greedy,9000056,94.0,0.0,1.0,0.0,0.8588205487509448,0,1.0,0,0.0,1.192167945364737,0,1.0,0,6303.776508565981,0.8731563117608144,0,1.0,0,4464.981799139997,idle,celsio,idle,0.0,sailing,yara_sluiskil,sailing_to_emitter,5102.423167413679,idle,brevik,idle,0.0,1,168731.05386489478,0.0,168731.05386489478
greedy,9000056,95.0,0.0,1.0,0.0,0.971212182947207,0,1.0,0,0.0,1.2244534288812363,0,1.0,0,6383.3625557989835,0.8430784319238858,0,1.0,0,4515.475137806251,idle,celsio,idle,0.0,sailing,yara_sluiskil,sailing_to_emitter,5134.450990374138,idle,brevik,idle,0.0,1,169794.02830727433,0.0,169794.02830727433
greedy,9000056,96.0,0.0,1.0,0.0,1.2536859480661013,0,1.0,0,0.0,0.8149739645580693,0,1.0,0,6460.207021880413,1.103085805509411,0,1.0,0,4567.335902815028,idle,celsio,idle,0.0,sailing,yara_sluiskil,sailing_to_emitter,5170.6702052718665,idle,brevik,idle,0.0,1,170900.64239152984,0.0,170900.64239152984
greedy,9000056,97.0,0.0,1.0,0.0,1.1642287988309739,0,1.0,0,0.0,1.1939075390115137,0,1.0,0,6560.750428338759,1.244731318558046,0,1.0,0,4601.853486144297,idle,celsio,idle,0.0,sailing,yara_sluiskil,sailing_to_emitter,5217.423648297989,idle,brevik,idle,0.0,1,171953.8026157085,0.0,171953.8026157085
greedy,9000056,98.0,0.0,1.0,0.0,0.831241117892122,0,1.0,0,0.0,0.9704074985215764,0,1.0,0,6674.204372061092,0.0,1,1.0,0,4652.420503935618,idle,celsio,idle,0.0,sailing,yara_sluiskil,sailing_to_emitter,5260.840977926685,idle,brevik,idle,0.0,1,173106.769084738,0.0,173106.769084738
greedy,9000056,99.0,0.0,1.0,0.0,1.338534439634328,0,1.0,0,0.0,1.0269367482164011,0,1.0,0,6674.204372061092,0.0,1,1.0,0,4693.521352736021,idle,celsio,idle,0.0,sailing,yara_sluiskil,sailing_to_emitter,5291.840265906984,idle,brevik,idle,0.0,1,174087.93301103835,0.0,174087.93301103835
greedy,9000056,100.0,0.0,1.0,0.0,0.8324034278638137,0,1.0,0,0.0,0.7563182281830699,0,1.0,0,6674.204372061092,0.0,1,1.0,0,4737.016453588316,idle,celsio,idle,0.0,sailing,yara_sluiskil,sailing_to_emitter,5341.757920224278,idle,brevik,idle,0.0,1,175236.41218081609,0.0,175236.41218081609
greedy,9000056,101.0,0.0,1.0,0.0,1.0311112796928485,0,1.0,0,0.0,0.7298080994771718,0,1.0,0,6674.204372061092,0.9161595119337564,0,1.0,0,4769.049719189519,idle,celsio,idle,0.0,sailing,yara_sluiskil,sailing_to_emitter,5372.800543147587,idle,brevik,idle,0.0,1,176146.73102057495,0.0,176146.73102057495
greedy,9000056,102.0,0.0,1.0,0.0,0.848523709697772,0,1.0,0,0.0,1.0802758129456802,0,1.0,0,6757.7096253941645,0.44952283415502614,0,1.0,0,4799.960169073325,idle,celsio,idle,0.0,sailing,yara_sluiskil,sailing_to_emitter,5411.25352451002,idle,brevik,idle,0.0,1,177106.41037165935,0.0,177106.41037165935
greedy,9000056,103.0,0.0,1.0,0.0,0.6360607400257867,0,1.0,0,0.0,0.9486259524893755,0,1.0,0,6798.682283608416,1.0216754084948398,0,1.0,0,4845.714404194402,idle,celsio,idle,0.0,sailing,yara_sluiskil,sailing_to_emitter,5442.8973070848515,idle,brevik,idle,0.0,1,178129.1654445315,0.0,178129.1654445315
greedy,9000056,104.0,0.0,1.0,0.0,0.8550801983493301,0,1.0,0,0.0,1.0633885042195526,0,1.0,0,6891.8048646359175,0.6454353548321347,0,1.0,0,4885.892712689343,idle,celsio,idle,0.0,sailing,yara_sluiskil,sailing_to_emitter,5466.617757431084,idle,brevik,idle,0.0,1,179045.9442482831,0.0,179045.9442482831
greedy,9000056,105.0,0.0,1.0,0.0,1.1952332514339108,0,1.0,0,0.0,1.2262640525875257,0,1.0,0,6950.634275079899,1.1430336033466237,0,1.0,0,4930.931699088975,idle,celsio,idle,0.0,sailing,yara_sluiskil,sailing_to_emitter,5498.506038382034,idle,brevik,idle,0.0,1,180065.00368380055,0.0,180065.00368380055
greedy,9000056,106.0,0.0,1.0,0.0,1.3033922547307326,0,1.0,0,0.0,0.38436518113240914,0,1.0,0,7054.818130317413,1.588668178927422,0,1.0,0,4982.869151645302,idle,celsio,idle,0.0,sailing,yara_sluiskil,sailing_to_emitter,5543.079550510014,idle,brevik,idle,0.0,1,181237.8054248288,0.0,181237.8054248288
greedy,9000056,107.0,0.0,1.0,0.0,1.3587411367836164,0,1.0,0,0.0,1.6796177944249426,0,1.0,0,7199.620044647707,1.01834257632051,0,1.0,0,4999.148637549863,idle,celsio,idle,0.0,sailing,yara_sluiskil,sailing_to_emitter,5591.686599432817,idle,brevik,idle,0.0,1,182162.3387886544,0.0,182162.3387886544
greedy,9000056,108.0,0.0,1.0,0.0,1.0420789255896885,0,1.0,0,0.0,1.011495415920576,0,1.0,0,7292.438575325172,1.2807005147525552,0,1.0,0,5070.287532412381,idle,celsio,idle,0.0,sailing,yara_sluiskil,sailing_to_emitter,5642.357750840629,idle,brevik,idle,0.0,1,183533.75160215076,0.0,183533.75160215076
greedy,9000056,109.0,0.0,1.0,0.0,0.6752223236363757,0,1.0,0,0.0,1.265804312186594,0,1.0,0,7409.170071582416,1.0822563388415136,0,1.0,0,5113.128627741291,idle,celsio,idle,0.0,sailing,yara_sluiskil,sailing_to_emitter,5681.219701135993,idle,brevik,idle,0.0,1,184590.30340440027,0.0,184590.30340440027
greedy,9000056,110.0,0.0,1.0,0.0,0.35434712742070545,0,1.3033733810829322,1,0.0,0.9585553066952509,0,1.0,0,7507.813983602837,1.2394366716431018,0,1.0,0,5166.740776993373,idle,celsio,idle,0.0,sailing,yara_sluiskil,sailing_to_emitter,5706.400568736001,idle,brevik,idle,0.0,1,185624.00995302302,0.0,185624.00995302302
greedy,9000056,111.0,0.0,1.0,0.0,1.1176254276511381,0,1.3033733810829322,1,0.0,0.9026902567740833,0,1.0,0,7620.784254814471,0.8224408249425457,0,1.0,0,5207.33963550109,idle,celsio,idle,0.0,sailing,yara_sluiskil,sailing_to_emitter,5719.615129854764,idle,brevik,idle,0.0,1,186461.6135491362,0.0,186461.6135491362
greedy,9000056,112.0,0.0,1.0,0.0,1.2161226964181069,0,1.3033733810829322,1,0.0,1.103990553757785,0,1.0,0,7695.746773576132,0.8766667439917073,0,1.0,0,5245.572373617595,idle,celsio,idle,0.0,sailing,yara_sluiskil,sailing_to_emitter,5761.294392934777,idle,brevik,idle,0.0,1,187504.10471232948,0.0,187504.10471232948
greedy,9000056,113.0,0.0,1.0,0.0,1.1391098527002,0,1.3033733810829322,1,0.0,0.9413542353548813,0,1.0,0,7775.651730800692,1.7948378888205396,0,1.0,0,5292.331027993412,idle,celsio,idle,0.0,sailing,yara_sluiskil,sailing_to_emitter,5806.646877222016,idle,brevik,idle,0.0,1,188642.36550918227,0.0,188642.36550918227
greedy,9000056,114.0,0.0,1.0,0.0,1.3370114485449598,0,1.3033733810829322,1,0.0,0.83218077934947,0,1.0,0,7939.244498852332,1.0056598708568474,0,1.0,0,5332.201348610148,idle,celsio,idle,0.0,sailing,yara_sluiskil,sailing_to_emitter,5849.127338721832,idle,brevik,idle,0.0,1,189704.00238295778,0.0,189704.00238295778
greedy,9000056,115.0,0.0,1.0,0.0,1.4109141493937563,0,1.3033733810829322,1,0.0,0.6630546181879559,0,1.0,0,8030.906571556445,1.0608977502447354,0,1.0,0,5367.447713089764,idle,celsio,idle,0.0,sailing,yara_sluiskil,sailing_to_emitter,5898.988072143698,idle,brevik,idle,0.0,1,190787.27778271085,0.0,190787.27778271085
greedy,9000056,116.0,0.0,1.0,0.0,1.322277956891903,0,1.3033733810829322,1,0.0,1.5356489078883206,0,1.0,0,8127.603295816959,0.9464065997686345,0,1.0,0,5395.530871608295,idle,celsio,idle,0.0,sailing,yara_sluiskil,sailing_to_emitter,5951.6048265044565,idle,brevik,idle,0.0,1,191835.9544662675,0.0,191835.9544662675
greedy,9000056,117.0,0.0,1.0,0.0,1.5824472732723378,0,1.3033733810829322,1,0.0,0.0,1,1.0,0,8213.864531383088,1.1056897155619039,0,1.0,0,5460.5720771531605,idle,celsio,idle,0.0,sailing,yara_sluiskil,sailing_to_emitter,6000.916092743155,idle,brevik,idle,0.0,1,193148.82140481615,0.0,193148.82140481615
greedy,9000056,118.0,0.0,1.0,0.0,1.038839292431292,0,1.3033733810829322,1,0.0,1.431094353480431,0,1.0,0,8314.643721774934,0.9459276158818004,0,1.0,0,5460.5720771531605,sailing,yara_sluiskil,sailing_to_emitter,0.0,sailing,yara_sluiskil,sailing_to_emitter,6059.929756125885,idle,brevik,idle,0.0,1,194442.38964454387,0.0,194442.38964454387
greedy,9000056,119.0,0.0,1.0,0.0,1.4103606642031403,0,1.3033733810829322,1,60.61287936369053,0.9620350373272233,0,1.0,0,8400.861172145307,1.188868904941554,0,1.0,0,5460.5720771531605,sailing,yara_sluiskil,sailing_to_emitter,0.0,sailing,yara_sluiskil,sailing_to_emitter,6098.670827303613,idle,brevik,idle,0.0,1,195576.80739235142,0.0,195576.80739235142
greedy,9000056,120.0,0.0,1.0,0.0,1.639188233936159,0,1.3033733810829322,1,101.3591191342158,1.2811562724907342,0,1.0,0,8509.221652102333,0.6218911339728488,0,1.0,0,5460.5720771531605,sailing,yara_sluiskil,sailing_to_emitter,0.0,loading,yara_sluiskil,loading,6151.266905465344,idle,brevik,idle,0.0,1,196404.85421886205,0.0,196404.85421886205
greedy,9000056,121.0,0.0,1.0,0.0,1.6156750107282383,0,1.3033733810829322,1,155.6214886290432,0.8227300079206267,0,1.0,0,7765.904413289849,0.7998330885571621,0,1.0,0,5460.5720771531605,sailing,yara_sluiskil,sailing_to_emitter,800.0,loading,yara_sluiskil,loading,6212.396558887384,idle,brevik,idle,0.0,1,203580.31409129308,0.0,203580.31409129308
greedy,9000056,122.0,0.0,1.0,0.0,2.2499920603283843,0,1.3033733810829322,1,190.46757309419513,0.5719793220725076,0,1.0,0,7038.805781625047,1.283054361521506,0,1.0,0,5460.5720771531605,sailing,yara_sluiskil,sailing_to_emitter,1600.0,loading,yara_sluiskil,loading,6272.649332494068,idle,brevik,idle,0.0,1,210748.88999681172,0.0,210748.88999681172
greedy,9000056,123.0,0.0,1.0,0.0,1.3949156519167316,0,1.3033733810829322,1,214.6933088487877,0.7971742658704247,0,1.0,0,6355.750618221803,1.0513975665370936,0,1.0,0,5460.5720771531605,sailing,yara_sluiskil,sailing_to_emitter,2400.0,loading,yara_sluiskil,loading,6356.5574449028645,idle,brevik,idle,0.0,1,218103.17273097974,0.0,218103.17273097974
greedy,9000056,124.0,0.0,1.0,0.0,1.2328060554505966,0,1.3033733810829322,1,248.4569998951051,0.49346816760978995,0,1.0,0,5651.580872902583,0.4354388348478887,0,1.0,0,5460.5720771531605,sailing,yara_sluiskil,sailing_to_emitter,3200.0,loading,yara_sluiskil,loading,6408.577504241847,idle,brevik,idle,0.0,1,225207.11750732193,0.0,225207.11750732193
greedy,9000056,125.0,0.0,1.0,0.0,0.8325737579459016,0,1.3033733810829322,1,269.3574572551743,1.104661722385295,0,1.0,0,4891.269174545621,0.9843904962756269,0,1.0,0,5460.5720771531605,sailing,yara_sluiskil,sailing_to_emitter,4000.0,loading,yara_sluiskil,loading,6454.552063371822,idle,brevik,idle,0.0,1,232263.60193313583,0.0,232263.60193313583
greedy,9000056,126.0,0.0,1.0,0.0,1.3828089488882713,0,1.3033733810829322,1,316.14453845201314,1.0739914266373358,0,1.0,0,4180.991898163901,1.0793891746905906,0,1.0,0,5460.5720771531605,sailing,yara_sluiskil,sailing_to_emitter,4800.0,loading,yara_sluiskil,loading,6485.600909325412,idle,brevik,idle,0.0,1,239202.91167451564,0.0,239202.91167451564
greedy,9000056,127.0,0.0,1.0,0.0,0.5109632276309799,0,1.3033733810829322,1,361.632603317959,1.2075831781550639,0,1.0,0,3479.373247611631,1.253657855708127,0,1.0,0,5460.5720771531605,sailing,yara_sluiskil,sailing_to_emitter,5600.0,loading,yara_sluiskil,loading,6537.169451715532,idle,brevik,idle,0.0,1,246303.3118057628,0.0,246303.3118057628
greedy,9000056,128.0,0.0,1.0,0.0,1.4743191376341505,0,1.3033733810829322,1,412.7788420835051,0.9416416443602409,0,1.0,0,2793.6383003089513,0.920830466006019,0,1.0,0,5460.5720771531605,sailing,yara_sluiskil,sailing_to_emitter,6400.0,loading,yara_sluiskil,loading,6556.224596423467,idle,brevik,idle,0.0,1,253148.46469567108,0.0,253148.46469567108
greedy,9000056,129.0,0.0,1.0,0.0,0.0,1,1.3033733810829322,1,452.6613356833339,1.1341064263636758,0,1.0,0,2077.56763070733,1.3315147662171387,0,1.0,0,5460.5720771531605,sailing,yara_sluiskil,sailing_to_emitter,7200.0,loading,yara_sluiskil,loading,6611.205774078092,idle,brevik,idle,0.0,1,260275.65580537813,0.0,260275.65580537813
greedy,9000056,130.0,0.0,1.0,0.0,0.0,1,1.3033733810829322,1,500.6955242325291,0.6613864975859622,0,1.0,0,1898.9287983935114,0.6842923423484389,0,1.0,0,5460.5720771531605,sailing,yara_sluiskil,sailing_to_emitter,7500.0,idle,yara_sluiskil,idle,6611.205774078092,sailing,yara_sluiskil,sailing_to_emitter,0.0,1,263461.09330537816,0.0,263461.09330537816
greedy,9000056,131.0,0.0,1.0,0.0,0.0,1,1.3033733810829322,1,528.7080308107685,0.750656554810069,0,1.0,0,1961.2987087891104,1.0186328028713583,0,1.0,0,5460.5720771531605,sailing,yara_sluiskil,sailing_to_emitter,7500.0,sailing,oygarden_terminal,sailing_to_terminal,6611.205774078092,sailing,yara_sluiskil,sailing_to_emitter,0.0,1,264706.51330537815,0.0,264706.51330537815
greedy,9000056,132.0,0.0,1.0,0.0,0.0,1,1.3033733810829322,1,560.50150067501,1.0880684131432865,0,1.0,0,2054.14205366889,1.43974040386037,0,1.0,0,5460.5720771531605,sailing,yara_sluiskil,sailing_to_emitter,7500.0,sailing,oygarden_terminal,sailing_to_terminal,6611.205774078092,sailing,yara_sluiskil,sailing_to_emitter,0.0,1,265951.93330537813,0.0,265951.93330537813
greedy,9000056,133.0,0.0,1.0,0.0,0.4703016095938627,0,1.3033733810829322,1,606.585785268058,1.20349744756388,0,1.0,0,2185.3671783813397,1.3188266523375645,0,1.0,0,5460.5720771531605,sailing,yara_sluiskil,sailing_to_emitter,7500.0,sailing,oygarden_terminal,sailing_to_terminal,6611.205774078092,sailing,yara_sluiskil,sailing_to_emitter,0.0,1,267197.3533053782,0.0,267197.3533053782
greedy,9000056,134.0,0.0,1.0,17.538749582970873,0.6432198160221672,0,1.3033733810829322,1,657.5589761176273,1.0386077580760564,0,1.0,0,2305.5715320589948,0.8023223625967106,0,1.0,0,5460.5720771531605,sailing,yara_sluiskil,sailing_to_emitter,7500.0,sailing,oygarden_terminal,sailing_to_terminal,6611.205774078092,sailing,yara_sluiskil,sailing_to_emitter,0.0,1,268442.77330537816,0.0,268442.77330537816
greedy,9000056,135.0,0.0,1.0,41.52605737618816,1.9119775619670805,0,1.3033733810829322,1,701.5483934424562,1.4489661603558024,0,1.0,0,2378.699088263452,0.9403286909755888,0,1.0,0,5460.5720771531605,sailing,yara_sluiskil,sailing_to_emitter,7500.0,sailing,oygarden_terminal,sailing_to_terminal,6611.205774078092,sailing,yara_sluiskil,sailing_to_emitter,0.0,1,269688.19330537814,0.0,269688.19330537814
greedy,9000056,136.0,0.0,1.0,112.82856664483579,0.8663975053039247,0,1.3033733810829322,1,762.9182191748565,1.3065667004020491,0,1.0,0,2464.405148393068,0.9852926825784606,0,1.0,0,5460.5720771531605,sailing,yara_sluiskil,sailing_to_emitter,7500.0,sailing,oygarden_terminal,sailing_to_terminal,6611.205774078092,sailing,yara_sluiskil,sailing_to_emitter,0.0,1,270933.6133053781,0.0,270933.6133053781
greedy,9000056,137.0,0.0,1.0,145.1387294008851,1.4871978808224748,0,1.3033733810829322,1,818.2568274220922,0.7346600631942557,0,1.0,0,2554.209376035316,1.3879724715893185,0,1.0,0,5460.5720771531605,sailing,yara_sluiskil,sailing_to_emitter,7500.0,sailing,oygarden_terminal,sailing_to_terminal,6611.205774078092,sailing,yara_sluiskil,sailing_to_emitter,0.0,1,272179.03330537817,0.0,272179.03330537817
greedy,9000056,138.0,0.0,1.0,200.6001054489873,0.9245713335247766,0,1.3033733810829322,1,849.3727784251954,1.0234518252246052,0,1.0,0,2680.715648107822,0.4787563330807064,0,1.0,0,5460.5720771531605,sailing,yara_sluiskil,sailing_to_emitter,7500.0,sailing,oygarden_terminal,sailing_to_terminal,6611.205774078092,sailing,yara_sluiskil,sailing_to_emitter,0.0,1,273424.45330537815,0.0,273424.45330537815
greedy,9000056,139.0,0.0,1.0,235.0797059433147,1.7560553777410175,0,1.3033733810829322,1,892.7202780963526,0.853992695003279,0,1.0,0,2724.3516968388535,1.2126665122259586,0,1.0,0,5460.5720771531605,sailing,yara_sluiskil,sailing_to_emitter,7500.0,sailing,oygarden_terminal,sailing_to_terminal,6611.205774078092,sailing,yara_sluiskil,sailing_to_emitter,0.0,1,274669.87330537813,0.0,274669.87330537813
greedy,9000056,140.0,0.0,1.0,300.56743623882915,0.8168077728076468,0,1.3033733810829322,1,928.8904691629435,1.401042337578901,0,1.0,0,2834.879605228429,0.8940523371580887,0,1.0,0,5460.5720771531605,sailing,yara_sluiskil,sailing_to_emitter,7500.0,sailing,oygarden_terminal,sailing_to_terminal,6611.205774078092,sailing,yara_sluiskil,sailing_to_emitter,0.0,1,275915.2933053781,0.0,275915.2933053781
greedy,9000056,141.0,0.0,1.0,331.02825154156716,1.249017939549611,0,1.3033733810829322,1,988.2305189539052,1.226038213248335,0,1.0,0,2916.367517346127,1.59142863728775,0,1.529065797533511,1,5460.5720771531605,sailing,yara_sluiskil,sailing_to_emitter,7500.0,sailing,oygarden_terminal,sailing_to_terminal,6611.205774078092,sailing,yara_sluiskil,sailing_to_emitter,0.0,1,277160.7133053781,0.0,277160.7133053781
greedy,9000056,142.0,0.0,1.0,377.6072630443646,0.9025608446114644,0,1.3033733810829322,1,1040.1584062620793,1.107423138294551,0,1.0,0,3061.417304945964,1.6511625911517653,0,1.529065797533511,1,5460.5720771531605,sailing,yara_sluiskil,sailing_to_emitter,7500.0,sailing,oygarden_terminal,sailing_to_terminal,6611.205774078092,sailing,yara_sluiskil,sailing_to_emitter,0.0,1,278406.13330537814,0.0,278406.13330537814
greedy,9000056,143.0,0.0,1.0,411.2660151471593,0.9490211519338971,0,1.3033733810829322,1,1087.0624450648047,0.8781185750439472,0,1.0,0,3211.911394874767,1.1677960068726843,0,1.529065797533511,1,5460.5720771531605,sailing,yara_sluiskil,sailing_to_emitter,7500.0,sailing,oygarden_terminal,sailing_to_terminal,6611.205774078092,sailing,yara_sluiskil,sailing_to_emitter,0.0,1,279651.5533053781,0.0,279651.5533053781
greedy,9000056,144.0,0.0,1.0,446.6573817105484,1.188209086529824,0,1.3033733810829322,1,1124.2544688658284,1.7850106554255531,0,1.0,0,3318.349288409765,0.5580249357476738,0,1.529065797533511,1,5460.5720771531605,sailing,yara_sluiskil,sailing_to_emitter,7500.0,sailing,oygarden_terminal,sailing_to_terminal,6611.205774078092,sailing,yara_sluiskil,sailing_to_emitter,0.0,1,280896.9733053781,0.0,280896.9733053781
greedy,9000056,145.0,0.0,1.0,490.9686559996619,1.0685133635313633,0,1.3033733810829322,1,1199.8571957280237,0.6304678659207166,0,1.0,0,3369.210016388164,1.553972314812146,0,1.529065797533511,1,5460.5720771531605,sailing,yara_sluiskil,sailing_to_emitter,7500.0,sailing,oygarden_terminal,sailing_to_terminal,6611.205774078092,sailing,yara_sluiskil,sailing_to_emitter,0.0,1,282142.39330537815,0.0,282142.39330537815
greedy,9000056,146.0,0.0,1.0,530.816172444428,1.3925817958089761,0,1.3033733810829322,1,1226.5601679022889,1.4168140243021066,0,1.0,0,3510.8454524181357,0.8866575180621294,0,1.529065797533511,1,5460.5720771531605,sailing,yara_sluiskil,sailing_to_emitter,7500.0,sailing,oygarden_terminal,sailing_to_terminal,6611.205774078092,sailing,yara_sluiskil,sailing_to_emitter,0.0,1,283387.81330537813,0.0,283387.81330537813
greedy,9000056,147.0,0.0,1.0,582.748997035253,1.2362102202012322,0,1.3033733810829322,1,1286.5682151194096,1.4574761556687046,0,1.0,0,3591.659010463924,2.6690899633696215,0,1.529065797533511,1,5460.5720771531605,sailing,yara_sluiskil,sailing_to_emitter,7500.0,sailing,oygarden_terminal,sailing_to_terminal,6611.205774078092,sailing,yara_sluiskil,sailing_to_emitter,0.0,1,284633.2333053781,0.0,284633.2333053781
greedy,9000056,148.0,0.0,1.0,628.8503308220111,1.5304303644951014,0,1.3033733810829322,1,1348.2984750314515,1.412362057580346,0,1.0,0,3834.9305033798455,1.5890210021776439,0,1.529065797533511,1,5460.5720771531605,sailing,yara_sluiskil,sailing_to_emitter,7500.0,sailing,oygarden_terminal,sailing_to_terminal,6611.205774078092,sailing,yara_sluiskil,sailing_to_emitter,0.0,1,285878.6533053781,0.0,285878.6533053781
greedy,9000056,149.0,0.0,1.0,685.9238500944515,1.1363834176656984,0,1.3033733810829322,1,1408.1179626884139,1.2981427103511778,0,1.0,0,3979.7601017135817,1.103660566641296,0,1.529065797533511,1,5460.5720771531605,sailing,yara_sluiskil,sailing_to_emitter,7500.0,sailing,oygarden_terminal,sailing_to_terminal,6611.205774078092,sailing,yara_sluiskil,sailing_to_emitter,0.0,1,287124.0733053781,0.0,287124.0733053781
greedy,9000056,150.0,0.0,1.0,728.302380969646,1.5897394659033925,0,1.3033733810829322,1,1463.0997794414532,0.31335052091818993,0,1.0,0,4080.351974850451,0.5586003406166492,0,1.529065797533511,1,5460.5720771531605,sailing,yara_sluiskil,sailing_to_emitter,7500.0,sailing,oygarden_terminal,sailing_to_terminal,6611.205774078092,sailing,yara_sluiskil,sailing_to_emitter,0.0,1,288369.4933053781,0.0,288369.4933053781
greedy,9000056,151.0,0.0,1.0,787.587663694354,1.2605320354308454,0,1.3033733810829322,1,1476.3714950881347,1.1663905757905182,0,1.0,0,4131.264923079341,1.0076506274623858,0,1.529065797533511,1,5460.5720771531605,sailing,yara_sluiskil,sailing_to_emitter,7500.0,sailing,oygarden_terminal,sailing_to_terminal,6611.205774078092,sailing,yara_sluiskil,sailing_to_emitter,0.0,1,289614.9133053781,0.0,289614.9133053781
greedy,9000056,152.0,0.0,1.0,834.5959865569289,1.5590395032674713,0,1.3033733810829322,1,1525.7730534755306,1.2216922572651063,0,1.0,0,4223.105945695995,1.0209594281003924,0,1.0,0,5460.5720771531605,sailing,yara_sluiskil,sailing_to_emitter,7500.0,sailing,oygarden_terminal,sailing_to_terminal,6611.205774078092,sailing,yara_sluiskil,sailing_to_emitter,0.0,1,290860.3333053781,0.0,290860.3333053781
greedy,9000056,153.0,0.0,1.0,892.7363736901609,1.7510060146315956,0,1.3033733810829322,1,1577.5168712252644,0.9786589239142017,0,1.0,0,4316.159913454017,0.9577726963223094,0,1.0,0,5460.5720771531605,sailing,yara_sluiskil,sailing_to_emitter,7500.0,sailing,oygarden_terminal,sailing_to_terminal,6611.205774078092,sailing,yara_sluiskil,sailing_to_emitter,0.0,1,292105.75330537814,0.0,292105.75330537814
greedy,9000056,154.0,0.0,1.0,958.0356481734067,1.8035765658664429,0,1.3033733810829322,1,1618.967202679054,0.666784682654872,0,1.0,0,4403.454747738631,0.6871034762707713,0,1.0,0,5460.5720771531605,sailing,yara_sluiskil,sailing_to_emitter,7500.0,sailing,oygarden_terminal,sailing_to_terminal,6611.205774078092,sailing,yara_sluiskil,sailing_to_emitter,0.0,1,293351.1733053781,0.0,293351.1733053781
greedy,9000056,155.0,0.0,1.0,1025.2953955948917,1.2615748427767255,0,1.3033733810829322,1,1647.2083451537098,1.0830669182874466,0,1.0,0,4466.079773734668,1.030242177605527,0,1.0,0,5460.5720771531605,sailing,yara_sluiskil,sailing_to_emitter,7500.0,sailing,oygarden_terminal,sailing_to_terminal,6611.205774078092,sailing,yara_sluiskil,sailing_to_emitter,0.0,1,294596.5933053781,0.0,294596.5933053781
greedy,9000056,156.0,0.0,1.0,1072.3425757547302,1.7767421558992664,0,1.3033733810829322,1,1693.0807953533108,1.299330488599406,0,1.0,0,4559.979598076665,0.9469447052948223,0,1.0,0,5460.5720771531605,sailing,yara_sluiskil,sailing_to_emitter,7500.0,sailing,oygarden_terminal,sailing_to_terminal,6611.205774078092,sailing,yara_sluiskil,sailing_to_emitter,0.0,1,295842.0133053781,0.0,295842.0133053781
greedy,9000056,157.0,0.0,1.0,1138.6015815805204,1.2733773420949865,0,1.3033733810829322,1,1748.1129195228357,0.5308836508655804,0,1.0,0,4646.2873401372835,1.2393768288006692,0,1.0,0,5460.5720771531605,sailing,yara_sluiskil,sailing_to_emitter,7500.0,sailing,oygarden_terminal,sailing_to_terminal,6611.205774078092,sailing,yara_sluiskil,sailing_to_emitter,0.0,1,297087.4333053781,0.0,297087.4333053781
greedy,9000056,158.0,0.0,1.0,1186.0888902332595,1.7058716786970438,0,1.3033733810829322,1,1770.598080342465,0.4953087540795367,0,1.0,0,4759.248251608988,0.5916210887006708,0,1.0,0,5460.5720771531605,sailing,yara_sluiskil,sailing_to_emitter,7500.0,sailing,oygarden_terminal,sailing_to_terminal,6611.205774078092,sailing,yara_sluiskil,sailing_to_emitter,0.0,1,298332.8533053781,0.0,298332.8533053781
greedy,9000056,159.0,0.0,1.0,1249.7049426356446,0.6590090128797422,0,1.3033733810829322,1,1791.5764942994406,1.0007132610955372,0,1.0,0,4813.170518626842,0.0,1,1.0,0,5460.5720771531605,sailing,yara_sluiskil,sailing_to_emitter,7500.0,sailing,oygarden_terminal,sailing_to_terminal,6611.205774078092,sailing,yara_sluiskil,sailing_to_emitter,0.0,1,299578.2733053781,0.0,299578.2733053781
greedy,9000056,160.0,0.0,0.7176636156271883,1274.280967711525,2.1447650086926964,0,1.3033733810829322,1,1833.9609199139454,0.779371111198033,0,1.0,0,4813.170518626842,0.0,1,1.0,0,5460.5720771531605,sailing,yara_sluiskil,sailing_to_emitter,7500.0,sailing,oygarden_terminal,sailing_to_terminal,6611.205774078092,sailing,yara_sluiskil,sailing_to_emitter,0.0,1,300823.6933053781,0.0,300823.6933053781
greedy,9000056,161.0,0.0,0.7176636156271883,1354.2643808740463,1.6709210795866014,0,1.3033733810829322,1,1866.970572301787,0.41261779449859837,0,1.0,0,4813.170518626842,0.0,1,1.0,0,5460.5720771531605,loading,yara_sluiskil,loading,7500.0,sailing,oygarden_terminal,sailing_to_terminal,6611.205774078092,sailing,yara_sluiskil,sailing_to_emitter,0.0,1,301653.9733053781,0.0,301653.9733053781
greedy,9000056,162.0,0.0,0.7176636156271883,1416.5770114076845,1.0529254445335055,0,1.3033733810829322,1,1884.4466754954242,1.3884489815299257,0,1.0,0,4013.170518626842,0.0,1,1.0,0,6260.5720771531605,loading,yara_sluiskil,loading,7500.0,sailing,oygarden_terminal,sailing_to_terminal,6611.205774078092,sailing,yara_sluiskil,sailing_to_emitter,0.0,1,308764.67330537806,0.0,308764.67330537806
greedy,9000056,163.0,0.0,0.7176636156271883,1455.8431040381206,1.051187144257599,0,1.3033733810829322,1,1943.2533435641226,0.9270401210403912,0,1.0,0,3213.170518626842,0.0,1,1.0,0,7060.5720771531605,loading,yara_sluiskil,loading,7500.0,sailing,oygarden_terminal,sailing_to_terminal,6611.205774078092,sailing,yara_sluiskil,sailing_to_emitter,0.0,1,315875.3733053781,0.0,315875.3733053781
greedy,9000056,164.0,0.0,0.7176636156271883,1495.0443650122056,1.1850985537586198,0,1.3033733810829322,1,1982.5174010913336,1.0979990637065071,0,1.0,0,2773.7425957800024,0.0,1,1.0,0,7500.0,idle,yara_sluiskil,idle,7500.0,sailing,oygarden_terminal,sailing_to_terminal,6611.205774078092,sailing,yara_sluiskil,sailing_to_emitter,0.0,1,320155.39319938526,0.0,320155.39319938526
greedy,9000056,165.0,0.0,0.7176636156271883,1539.2394928399442,0.8616312894440585,0,1.3033733810829322,1,2029.0222906033566,0.3232577144796912,0,1.0,0,2773.7425957800024,0.8961084686938067,0,1.0,0,7500.0,sailing,oygarden_terminal,sailing_to_terminal,7500.0,sailing,oygarden_terminal,sailing_to_terminal,6611.205774078092,sailing,yara_sluiskil,sailing_to_emitter,0.0,1,321400.81319938524,0.0,321400.81319938524
greedy,9000056,166.0,0.0,0.7176636156271883,1571.371756211525,0.9928230352282329,0,1.3033733810829322,1,2042.7136176660958,1.163326066101989,0,1.0,0,2855.416411006082,1.2940588264903394,0,1.0,0,7500.0,sailing,oygarden_terminal,sailing_to_terminal,7500.0,sailing,oygarden_terminal,sailing_to_terminal,6611.205774078092,sailing,yara_sluiskil,sailing_to_emitter,0.0,1,322646.2331993852,0.0,322646.2331993852
greedy,9000056,167.0,0.0,0.7176636156271883,1608.3964633077878,0.7859673924816604,0,1.3033733810829322,1,2091.98538114821,0.8524397016198711,0,1.6153355453045135,1,2973.3604393518312,1.1214681780684734,0,1.0,0,7500.0,sailing,oygarden_terminal,sailing_to_terminal,7500.0,sailing,oygarden_terminal,sailing_to_terminal,6611.205774078092,sailing,yara_sluiskil,sailing_to_emitter,0.0,1,323891.65319938527,0.0,323891.65319938527
greedy,9000056,168.0,0.0,0.7176636156271883,1637.7070312529318,1.1404243656116797,0,1.3033733810829322,1,2128.0897963975935,1.7235613782304267,0,1.6153355453045135,1,3075.574013141387,0.9916241963858473,0,1.0,0,7500.0,sailing,oygarden_terminal,sailing_to_terminal,7500.0,sailing,oygarden_terminal,sailing_to_terminal,6611.205774078092,sailing,yara_sluiskil,sailing_to_emitter,0.0,1,325137.07319938525,0.0,325137.07319938525
greedy,9000056,169.0,0.0,0.7176636156271883,1680.2361244396068,1.2078182954282737,0,1.3033733810829322,1,2201.0898873004226,1.2317499377505845,0,1.6153355453045135,1,3165.953196823923,1.3036736203068315,0,1.0,0,7500.0,sailing,oygarden_terminal,sailing_to_terminal,7500.0,sailing,oygarden_terminal,sailing_to_terminal,6611.205774078092,sailing,yara_sluiskil,sailing_to_emitter,0.0,1,326382.49319938524,0.0,326382.49319938524
greedy,9000056,170.0,0.0,0.7176636156271883,1725.2784877240285,1.679113686636837,0,1.3033733810829322,1,2253.2596902218975,1.1008012270642633,0,1.6153355453045135,1,3284.773281495801,0.9354975061215646,0,1.0,0,7500.0,sailing,oygarden_terminal,sailing_to_terminal,7500.0,sailing,oygarden_terminal,sailing_to_terminal,6611.205774078092,sailing,yara_sluiskil,sailing_to_emitter,0.0,1,327627.9131993852,0.0,327627.9131993852
greedy,9000056,171.0,0.0,0.7176636156271883,1787.8965460753786,0.942297462768765,0,1.3033733810829322,1,2299.8832631660425,2.754632260317051,0,1.6153355453045135,1,3370.03680868863,1.390699679253771,0,1.0,0,7500.0,sailing,oygarden_terminal,sailing_to_terminal,7500.0,sailing,oygarden_terminal,sailing_to_terminal,6611.205774078092,loading,yara_sluiskil,loading,0.0,1,328458.19319938525,0.0,328458.19319938525
greedy,9000056,172.0,0.0,0.7176636156271883,1823.0370064767344,1.3344445417828201,0,1.3033733810829322,1,2416.5535529200793,2.819571805930513,0,1.6153355453045135,1,2696.788480367557,0.5018447837950055,0,1.0,0,7500.0,sailing,oygarden_terminal,sailing_to_terminal,7500.0,sailing,oygarden_terminal,sailing_to_terminal,7411.205774078092,loading,yara_sluiskil,loading,0.0,1,335568.89319938526,0.0,335568.89319938526
greedy,9000056,173.0,0.0,0.7176636156271883,1872.80153267893,1.4865187774233,0,1.3033733810829322,1,2535.9743062159705,2.2934795490230235,0,1.6153355453045135,1,2653.7335462984865,1.6014466167465735,0,1.0,0,7500.0,sailing,oygarden_terminal,sailing_to_terminal,7500.0,sailing,oygarden_terminal,sailing_to_terminal,7500.0,idle,yara_sluiskil,idle,0.0,1,337096.2544898408,0.0,337096.2544898408
greedy,9000056,174.0,0.0,0.7176636156271883,1928.2372502609019,0.959302544447332,0,1.3033733810829322,1,2633.112834426874,1.0461145711825637,0,1.6153355453045135,1,2799.6929797906373,0.8125444340375079,0,1.0,0,7500.0,sailing,oygarden_terminal,sailing_to_terminal,7500.0,sailing,oygarden_terminal,sailing_to_terminal,7500.0,sailing,oygarden_terminal,sailing_to_terminal,0.0,1,338341.6744898408,0.0,338341.6744898408
greedy,9000056,175.0,0.0,0.7176636156271883,1964.0118514171027,1.7271695543680723,0,1.3033733810829322,1,2677.4201969354876,2.2804558362673593,0,1.6153355453045135,1,2873.7500459804155,1.1777083715232022,0,1.0,0,7500.0,sailing,oygarden_terminal,sailing_to_terminal,7500.0,sailing,oygarden_terminal,sailing_to_terminal,7500.0,sailing,oygarden_terminal,sailing_to_terminal,0.0,1,339587.09448984085,0.0,339587.09448984085
greedy,9000056,176.0,0.0,0.7176636156271883,2028.4219714079545,1.2130508293515185,0,1.3033733810829322,1,2774.007116003216,1.8242660542771956,0,1.6153355453045135,1,2981.088868392579,0.7909129182774948,0,1.0,0,7500.0,sailing,oygarden_terminal,sailing_to_terminal,7500.0,sailing,oygarden_terminal,sailing_to_terminal,7500.0,sailing,oygarden_terminal,sailing_to_terminal,0.0,1,340832.51448984083,0.0,340832.51448984083
greedy,9000056,177.0,0.0,0.7176636156271883,2073.659415933923,1.021063411926454,0,1.3033733810829322,1,2851.27247450754,0.8576259832805548,0,1.6153355453045135,1,3053.1742852267435,0.7589231662960049,0,1.0,0,7500.0,sailing,oygarden_terminal,sailing_to_terminal,7500.0,sailing,oygarden_terminal,sailing_to_terminal,7500.0,sailing,oygarden_terminal,sailing_to_terminal,0.0,1,342077.9344898408,0.0,342077.9344898408
greedy,9000056,178.0,0.0,0.7176636156271883,2111.7372026734934,1.1277252416441237,0,1.3033733810829322,1,2887.5965506506172,1.9578127236373966,0,1.6153355453045135,1,3122.3440399583683,0.9034567270371906,0,1.0,0,7500.0,sailing,oygarden_terminal,sailing_to_terminal,7500.0,sailing,oygarden_terminal,sailing_to_terminal,7500.0,sailing,oygarden_terminal,sailing_to_terminal,0.0,1,343323.35448984086,0.0,343323.35448984086
greedy,9000056,179.0,0.0,0.7176636156271883,2153.792645892503,1.3717192831950737,0,1.3033733810829322,1,2970.5181736351037,1.5054753010159452,0,1.0,0,3204.6868080490594,0.6061265181830932,0,1.0,0,7500.0,sailing,oygarden_terminal,sailing_to_terminal,7500.0,sailing,oygarden_terminal,sailing_to_terminal,7500.0,sailing,oygarden_terminal,sailing_to_terminal,0.0,1,344568.77448984084,0.0,344568.77448984084
greedy,9000056,180.0,0.0,0.7176636156271883,2204.9471745090586,1.6326318114316858,0,1.3033733810829322,1,3034.2813997169983,0.7707989897540086,0,1.0,0,3259.9302935829337,1.29567886996541,0,1.0,0,7500.0,sailing,oygarden_terminal,sailing_to_terminal,7500.0,unloading,oygarden_terminal,unloading,7500.0,sailing,oygarden_terminal,sailing_to_terminal,0.0,1,345399.0544898408,0.0,345399.0544898408
greedy,9000056,181.0,0.0,0.7176636156271883,2265.831714301031,0.7914108498350179,0,1.3033733810829322,1,3066.9279866216216,1.2959536525658102,0,1.0,0,3378.0207617345386,0.31161535694493103,0,1.0,0,7500.0,sailing,oygarden_terminal,sailing_to_terminal,6700.0,unloading,oygarden_terminal,unloading,7500.0,sailing,oygarden_terminal,sailing_to_terminal,514.6118721461187,1,346370.76362226094,0.0,346370.76362226094
greedy,9000056,182.0,0.0,0.7176636156271883,2295.3452134798995,0.862104183641818,0,1.3033733810829322,1,3121.817087548383,0.6721480485769686,0,1.0,0,3406.421916670683,1.623367438561509,0,1.0,0,7500.0,sailing,oygarden_terminal,sailing_to_terminal,5900.0,unloading,oygarden_terminal,unloading,7500.0,sailing,oygarden_terminal,sailing_to_terminal,1029.2237442922374,1,347342.472754681,0.0,347342.472754681
greedy,9000056,183.0,0.0,0.7176636156271883,2327.4950208086284,1.5128788487661784,0,1.3033733810829322,1,3150.28539118179,0.5496833826330372,0,1.0,0,3554.3782840970434,1.3272716934211548,0,1.0,0,7500.0,sailing,oygarden_terminal,sailing_to_terminal,5100.0,unloading,oygarden_terminal,unloading,7500.0,sailing,oygarden_terminal,sailing_to_terminal,1543.835616438356,1,348314.18188710115,0.0,348314.18188710115
greedy,9000056,184.0,0.0,0.7176636156271883,2383.9136725178923,1.3686877234311592,0,1.3033733810829322,1,3173.5667999014404,0.6716006158376647,0,1.0,0,3675.347911379278,1.0491362652692517,0,1.0,0,7500.0,sailing,oygarden_terminal,sailing_to_terminal,4300.0,unloading,oygarden_terminal,unloading,7500.0,sailing,oygarden_terminal,sailing_to_terminal,2058.4474885844747,1,349285.89101952116,0.0,349285.89101952116
greedy,9000056,185.0,0.0,0.7176636156271883,2434.9551049538286,1.3895516242690436,0,1.3033733810829322,1,3202.011917450362,0.600574519690343,0,1.0,0,3770.96776849686,1.0422931129035629,0,1.0,0,7500.0,sailing,oygarden_terminal,sailing_to_terminal,3500.0,unloading,oygarden_terminal,unloading,7500.0,sailing,oygarden_terminal,sailing_to_terminal,2573.0593607305937,1,350257.6001519413,0.0,350257.6001519413
greedy,9000056,186.0,0.0,0.7176636156271883,2486.7745906707014,1.6152605068482462,0,1.3033733810829322,1,3227.448780381423,0.8547714212258866,0,1.0,0,3865.963860582094,1.0125801164249695,0,1.0,0,7500.0,sailing,oygarden_terminal,sailing_to_terminal,2700.0,unloading,oygarden_terminal,unloading,7500.0,sailing,oygarden_terminal,sailing_to_terminal,3087.6712328767126,1,351229.30928436137,0.0,351229.30928436137
greedy,9000056,187.0,0.0,0.7176636156271883,2547.011255386742,1.8225382345697296,0,1.3033733810829322,1,3263.651953786651,1.3850486842893859,0,1.0,0,3958.251799627825,0.873985031536261,0,1.0,0,7500.0,sailing,oygarden_terminal,sailing_to_terminal,1900.0,unloading,oygarden_terminal,unloading,7500.0,sailing,oygarden_terminal,sailing_to_terminal,3602.37759926798,1,352200.979674141,0.0,352200.979674141
greedy,9000056,188.0,0.0,0.7176636156271883,2614.9777558338046,0.4898288578682459,0,1.3033733810829322,1,3322.3146049315596,0.7603530748746241,0,1.0,0,4037.907934204536,0.9473843747457007,0,1.0,0,7500.0,sailing,oygarden_terminal,sailing_to_terminal,1100.0,unloading,oygarden_terminal,unloading,7500.0,sailing,oygarden_terminal,sailing_to_terminal,4119.846524892386,1,353171.51741463493,0.0,353171.51741463493
greedy,9000056,189.0,0.0,0.7176636156271883,2633.2445594044607,1.3651467562523834,0,1.3033733810829322,1,3354.5187633010637,1.0043445250553722,0,1.0,0,4124.253717085947,1.3379403003021135,0,1.0,0,7500.0,sailing,oygarden_terminal,sailing_to_terminal,300.0,unloading,oygarden_terminal,unloading,7500.0,sailing,oygarden_terminal,sailing_to_terminal,4639.606725701049,1,354141.1157323035,0.0,354141.1157323035
greedy,9000056,190.0,0.0,0.7176636156271883,2684.1538989194432,1.3897840628114047,0,1.3033733810829322,1,3397.0569882536765,1.3770536425239492,0,1.0,0,4246.195158769752,1.27371036889617,0,1.0,0,7500.0,sailing,oygarden_terminal,sailing_to_terminal,0.0,idle,oygarden_terminal,idle,7500.0,sailing,oygarden_terminal,sailing_to_terminal,4661.338901659322,1,355094.6430401605,0.0,355094.6430401605
greedy,9000056,191.0,0.0,0.7176636156271883,2735.982009705755,1.8820898985067023,0,1.3033733810829322,1,3455.3810156727227,1.268713616394113,0,1.0,0,4362.282524146065,1.086593355416085,0,1.0,0,7500.0,sailing,oygarden_terminal,sailing_to_terminal,0.0,sailing,yara_sluiskil,sailing_to_emitter,7500.0,sailing,oygarden_terminal,sailing_to_terminal,4384.803864615775,1,356453.44240534835,0.0,356453.44240534835
greedy,9000056,192.0,0.0,0.7176636156271883,2806.169276972577,1.1658533570999807,0,1.3033733810829322,1,3509.11638622362,0.6550611561612489,0,1.0,0,4461.315766096217,0.6167017781822266,0,1.0,0,7500.0,sailing,oygarden_terminal,sailing_to_terminal,0.0,sailing,yara_sluiskil,sailing_to_emitter,7500.0,sailing,oygarden_terminal,sailing_to_terminal,4109.813776983913,1,357811.60834127746,0.0,357811.60834127746
greedy,9000056,193.0,0.0,0.7176636156271883,2849.6465030435406,2.0410297323323605,0,1.3033733810829322,1,3536.8609879248834,0.8675010959622591,0,1.0,0,4517.522562510365,0.7306456949121691,0,1.0,0,7500.0,sailing,oygarden_terminal,sailing_to_terminal,0.0,sailing,yara_sluiskil,sailing_to_emitter,7500.0,sailing,oygarden_terminal,sailing_to_terminal,3836.2166301608167,1,359169.2031714749,0.0,359169.2031714749
greedy,9000056,194.0,0.0,0.7176636156271883,2925.7609614121793,1.076420390775039,0,1.3033733810829322,1,3573.6033167235055,0.8832684358377242,0,1.0,0,4584.114268725785,0.6016340405927354,0,1.0,0,7500.0,sailing,oygarden_terminal,sailing_to_terminal,0.0,sailing,yara_sluiskil,sailing_to_emitter,7500.0,sailing,oygarden_terminal,sailing_to_terminal,3563.886696739176,1,360526.27844417776,0.0,360526.27844417776
greedy,9000056,195.0,0.0,0.7176636156271883,2965.903023304212,1.1615078599612012,0,1.3033733810829322,1,3611.0134588409587,1.1156521172067808,0,1.0,0,4638.947696346563,0.8947395593018941,0,1.0,0,7500.0,sailing,oygarden_terminal,sailing_to_terminal,0.0,sailing,yara_sluiskil,sailing_to_emitter,7500.0,sailing,oygarden_terminal,sailing_to_terminal,3292.718203060898,1,361882.8775265859,0.0,361882.8775265859
greedy,9000056,196.0,0.0,0.7176636156271883,3009.218175358745,1.0410387114905966,0,1.3033733810829322,1,3658.2660295939922,1.3173748756556294,0,1.0,0,4720.4949451518405,0.9015670558584366,0,1.0,0,7500.0,sailing,oygarden_terminal,sailing_to_terminal,0.0,sailing,yara_sluiskil,sailing_to_emitter,7500.0,sailing,oygarden_terminal,sailing_to_terminal,3022.62092349675,1,363239.03741120716,0.0,363239.03741120716
greedy,9000056,197.0,0.0,0.7176636156271883,3048.040763800079,1.0513628291279915,0,1.3033733810829322,1,3714.062409630484,1.2662206070293862,0,1.0,0,4802.664396818151,1.3064061003468033,0,1.0,0,7500.0,sailing,oygarden_terminal,sailing_to_terminal,0.0,sailing,yara_sluiskil,sailing_to_emitter,7500.0,sailing,oygarden_terminal,sailing_to_terminal,2753.5170000886988,1,364594.79001980444,0.0,364594.79001980444
greedy,9000056,198.0,0.0,0.7176636156271883,3087.2483546419726,1.4173086373730075,0,1.3033733810829322,1,3767.6921907242577,1.126449530775537,0,1.0,0,4921.731074452414,1.0579910962664032,0,1.0,0,7500.0,sailing,oygarden_terminal,sailing_to_terminal,0.0,sailing,yara_sluiskil,sailing_to_emitter,7500.0,sailing,oygarden_terminal,sailing_to_terminal,2485.338581444163,1,365950.1631714487,0.0,365950.1631714487
greedy,9000056,199.0,0.0,0.7176636156271883,3140.102846612417,1.0942132826453965,0,1.3033733810829322,1,3815.4020774638234,0.7153834029861481,0,1.0,0,5018.156980731103,0.7472559431980779,0,1.0,0,7500.0,sailing,oygarden_terminal,sailing_to_terminal,0.0,sailing,yara_sluiskil,sailing_to_emitter,7500.0,sailing,oygarden_terminal,sailing_to_terminal,2218.026029524768,1,367305.18131773564,0.0,367305.18131773564
greedy,9000056,200.0,0.0,0.7176636156271883,3180.9084102923953,1.1394765035755192,0,1.3033733810829322,1,3845.701580636714,0.883664406450355,0,1.0,0,5086.262259527636,1.1765967648194895,0,1.0,0,7500.0,sailing,oygarden_terminal,sailing_to_terminal,0.0,sailing,yara_sluiskil,sailing_to_emitter,7500.0,sailing,oygarden_terminal,sailing_to_terminal,1951.5265316212535,1,368659.8661118761,0.0,368659.8661118761
greedy,9000056,201.0,0.0,0.7176636156271883,3223.401929869397,0.9999682040088721,0,1.3033733810829322,1,3883.128493779024,0.1973684612871428,0,1.0,0,5193.49779578649,0.9020951716363498,0,1.0,0,7500.0,sailing,oygarden_terminal,sailing_to_terminal,0.0,sailing,yara_sluiskil,sailing_to_emitter,7500.0,sailing,oygarden_terminal,sailing_to_terminal,1685.7930083970748,1,370014.236856398,0.0,370014.236856398
greedy,9000056,202.0,0.0,0.7176636156271883,3260.6928791290034,1.6079900330926586,0,1.3033733810829322,1,3891.4878802199673,0.9287993638575794,0,1.0,0,5275.71507809207,1.4688507908063482,0,1.0,0,7500.0,sailing,oygarden_terminal,sailing_to_terminal,0.0,sailing,yara_sluiskil,sailing_to_emitter,7500.0,sailing,oygarden_terminal,sailing_to_terminal,1420.7832426763005,1,371368.3108603435,0.0,371368.3108603435
greedy,9000056,203.0,0.0,0.7176636156271883,3320.6582508738093,1.2453935747956861,0,1.3033733810829322,1,3930.826449097454,1.1134371772474754,0,1.0,0,5409.586575414845,1.261686679565629,0,1.0,0,7500.0,sailing,oygarden_terminal,sailing_to_terminal,0.0,sailing,yara_sluiskil,sailing_to_emitter,7500.0,sailing,oygarden_terminal,sailing_to_terminal,1156.459175701953,1,372722.10372780304,0.0,372722.10372780304
greedy,9000056,204.0,0.0,0.7176636156271883,3367.1016212484997,2.2290421542398278,0,1.3033733810829322,1,3977.9852078050235,1.2313925858096013,0,1.0,0,5524.576989578393,0.8882672973725849,0,1.0,0,7500.0,sailing,oygarden_terminal,sailing_to_terminal,0.0,sailing,yara_sluiskil,sailing_to_emitter,7500.0,sailing,oygarden_terminal,sailing_to_terminal,892.7863323952561,1,374075.6295935588,0.0,374075.6295935588
greedy,9000056,205.0,0.0,0.7176636156271883,3450.2273220623433,1.122134611990947,0,1.3033733810829322,1,4030.139875365202,0.7511673260092344,0,1.0,0,5605.5338158485,1.3169053277444227,0,1.0,0,7500.0,sailing,oygarden_terminal,sailing_to_terminal,0.0,sailing,yara_sluiskil,sailing_to_emitter,7500.0,sailing,oygarden_terminal,sailing_to_terminal,629.7333473296651,1,375428.90131743567,0.0,375428.90131743567
greedy,9000056,206.0,0.0,0.7176636156271883,3492.0740905696516,1.4473762102610386,0,1.3033733810829322,1,4061.9549785431395,0.9872240141989147,0,1.0,0,5725.556693842038,0.6363616328210782,0,1.0,0,7500.0,sailing,oygarden_terminal,sailing_to_terminal,0.0,sailing,yara_sluiskil,sailing_to_emitter,7500.0,sailing,oygarden_terminal,sailing_to_terminal,367.27157028711036,1,376781.93064602313,0.0,376781.93064602313
greedy,9000056,207.0,0.0,0.7176636156271883,3546.0497947298322,1.18815348910637,0,1.3033733810829322,1,4103.7680776809075,1.0347738910461795,0,1.0,0,5783.554711511838,1.523667153056717,0,1.0,0,7500.0,sailing,oygarden_terminal,sailing_to_terminal,0.0,sailing,yara_sluiskil,sailing_to_emitter,7500.0,sailing,oygarden_terminal,sailing_to_terminal,105.37473538255648,1,378134.728348334,0.0,378134.728348334
greedy,9000056,208.0,0.0,0.7176636156271883,3590.358531084629,0.8488525667633499,0,1.3033733810829322,1,4147.595114573438,1.0865496700711443,0,1.0,0,5922.421677942075,0.7153136857984275,0,1.0,0,7500.0,sailing,oygarden_terminal,sailing_to_terminal,0.0,sailing,yara_sluiskil,sailing_to_emitter,7500.0,sailing,oygarden_terminal,sailing_to_terminal,0.0,1,379423.35198984086,0.0,379423.35198984086
greedy,9000056,209.0,0.0,0.7176636156271883,3622.0140190988036,0.5025751448978648,0,1.3033733810829322,1,4193.61507399436,1.092658038009588,0,1.0,0,5987.615292157807,1.2885454502117173,0,1.0,0,7500.0,sailing,oygarden_terminal,sailing_to_terminal,0.0,sailing,yara_sluiskil,sailing_to_emitter,7500.0,sailing,oygarden_terminal,sailing_to_terminal,0.0,1,380668.77198984084,0.0,380668.77198984084
greedy,9000056,210.0,0.0,0.7176636156271883,3640.7560946237973,0.9152870872979831,0,1.3033733810829322,1,4239.893748550354,1.497380907166186,0,1.0,0,6105.053102860285,0.7799864977485254,0,1.0,0,7500.0,sailing,oygarden_terminal,sailing_to_terminal,0.0,sailing,yara_sluiskil,sailing_to_emitter,7500.0,sailing,oygarden_terminal,sailing_to_terminal,0.0,1,381914.1919898409,0.0,381914.1919898409
greedy,9000056,211.0,0.0,0.7176636156271883,3674.8890539062804,0.9895329487769625,0,1.3033733810829322,1,4303.314142926746,1.3140399433065084,0,1.0,0,6176.140885848313,1.0449150179272122,0,1.0,0,7500.0,sailing,oygarden_terminal,sailing_to_terminal,0.0,sailing,yara_sluiskil,sailing_to_emitter,7500.0,sailing,oygarden_terminal,sailing_to_terminal,0.0,1,383159.6119898409,0.0,383159.6119898409
greedy,9000056,212.0,0.0,0.7176636156271883,3711.790788867976,0.9930146602856411,0,1.3033733810829322,1,4358.969274518177,1.5552150871935646,0,1.0,0,6271.374120838203,0.9644549082755739,0,1.0,0,7500.0,sailing,oygarden_terminal,sailing_to_terminal,0.0,sailing,yara_sluiskil,sailing_to_emitter,7500.0,sailing,oygarden_terminal,sailing_to_terminal,0.0,1,384405.0319898409,0.0,384405.0319898409
greedy,9000056,213.0,0.0,0.7176636156271883,3748.8223581113302,1.4438936107595897,0,1.3033733810829322,1,4424.839190247632,1.074138534281763,0,1.0,0,6359.274181436758,0.9591251932465418,0,1.0,0,7500.0,sailing,oygarden_terminal,sailing_to_terminal,0.0,sailing,yara_sluiskil,sailing_to_emitter,7500.0,sailing,oygarden_terminal,sailing_to_terminal,0.0,1,385650.4519898409,0.0,385650.4519898409
greedy,9000056,214.0,0.0,0.7176636156271883,3802.668126721287,0.5987202418766701,0,1.3033733810829322,1,4470.333485742525,0.48771618487043344,0,1.0,0,6446.6884285750375,0.7051068546188193,0,1.0,0,7500.0,sailing,oygarden_terminal,sailing_to_terminal,0.0,sailing,yara_sluiskil,sailing_to_emitter,7500.0,sailing,oygarden_terminal,sailing_to_terminal,0.0,1,386895.87198984093,0.0,386895.87198984093
greedy,9000056,215.0,0.0,0.7176636156271883,3824.9956349109652,1.243790626463571,0,1.3033733810829322,1,4490.990322383223,0.8452707463594351,0,1.0,0,6510.951509110714,0.6399892314439581,0,1.0,0,7500.0,sailing,oygarden_terminal,sailing_to_terminal,0.0,sailing,yara_sluiskil,sailing_to_emitter,7500.0,sailing,oygarden_terminal,sailing_to_terminal,0.0,1,388141.291989841,0.0,388141.291989841
greedy,9000056,216.0,0.0,0.7176636156271883,3871.3791358987855,1.1266745478109315,0,1.0,0,4526.791102153013,0.7871247861773372,0,1.0,0,6569.279759670709,0.7966606168047656,0,1.0,0,7500.0,sailing,oygarden_terminal,sailing_to_terminal,0.0,sailing,yara_sluiskil,sailing_to_emitter,7500.0,sailing,oygarden_terminal,sailing_to_terminal,0.0,1,389386.71198984096,0.0,389386.71198984096
greedy,9000056,217.0,0.0,0.7176636156271883,3913.395130456082,0.8621555188710265,0,1.0,0,4560.129155365721,1.1132129076911392,0,1.0,0,6641.8868968301795,0.77001572373726,0,1.0,0,7500.0,sailing,oygarden_terminal,sailing_to_terminal,0.0,sailing,yara_sluiskil,sailing_to_emitter,7500.0,sailing,oygarden_terminal,sailing_to_terminal,0.0,1,390632.13198984094,0.0,390632.13198984094
greedy,9000056,218.0,0.0,0.7176636156271883,3945.546665103419,0.8888061166768331,0,1.0,0,4607.278415312059,1.2223721086741235,0,1.0,0,6712.065583950445,1.009853578142104,0,1.0,0,7500.0,sailing,oygarden_terminal,sailing_to_terminal,0.0,sailing,yara_sluiskil,sailing_to_emitter,7500.0,sailing,oygarden_terminal,sailing_to_terminal,0.0,1,391877.551989841,0.0,391877.551989841
greedy,9000056,219.0,0.0,0.7176636156271883,3978.692049470715,1.2273018357690901,0,1.0,0,4659.051027635219,0.9855626719657965,0,1.0,0,6804.10285541594,0.8261613420442486,0,1.0,0,7500.0,sailing,oygarden_terminal,sailing_to_terminal,0.0,sailing,yara_sluiskil,sailing_to_emitter,7500.0,sailing,oygarden_terminal,sailing_to_terminal,0.0,1,393122.971989841,0.0,393122.971989841
greedy,9000056,220.0,0.0,0.7176636156271883,4024.4606189854603,1.3258677874118874,0,1.0,0,4700.793761925195,0.6399089648114331,0,1.0,0,6879.398503675841,0.7030856263647656,0,1.0,0,7500.0,sailing,oygarden_terminal,sailing_to_terminal,0.0,sailing,yara_sluiskil,sailing_to_emitter,7500.0,sailing,oygarden_terminal,sailing_to_terminal,0.0,1,394368.391989841,0.0,394368.391989841
greedy,9000056,221.0,0.0,0.7176636156271883,4073.904903053377,1.1964118092057965,0,1.0,0,4727.896604441155,1.1397048663394154,0,1.0,0,6943.477087854806,1.1152107209429278,0,1.0,0,7500.0,sailing,oygarden_terminal,sailing_to_terminal,0.0,sailing,yara_sluiskil,sailing_to_emitter,7500.0,sailing,oygarden_terminal,sailing_to_terminal,0.0,1,395613.811989841,0.0,395613.811989841
greedy,9000056,222.0,0.0,0.7176636156271883,4118.521505402809,1.0882168237779184,0,1.0,0,4776.1679105263465,0.8171858761310975,0,1.0,0,7045.11630340067,1.5120424655482774,0,1.0,0,7500.0,sailing,oygarden_terminal,sailing_to_terminal,0.0,sailing,yara_sluiskil,sailing_to_emitter,7500.0,sailing,oygarden_terminal,sailing_to_terminal,0.0,1,396859.23198984104,0.0,396859.23198984104
greedy,9000056,223.0,0.0,0.7176636156271883,4159.1032926362195,0.5516573837761862,0,1.0,0,4810.779177636152,1.0276984449682365,0,1.0,0,7182.922275138406,1.1598722533852441,0,1.0,0,7500.0,sailing,oygarden_terminal,sailing_to_terminal,0.0,sailing,yara_sluiskil,sailing_to_emitter,7500.0,sailing,oygarden_terminal,sailing_to_terminal,0.0,1,398104.6519898411,0.0,398104.6519898411
greedy,9000056,224.0,0.0,0.7176636156271883,4179.675699240343,0.834497728913178,0,1.0,0,4854.3065395572,1.203415746339363,0,1.0,0,7288.631743693863,0.9295072028383247,0,1.0,0,7500.0,sailing,oygarden_terminal,sailing_to_terminal,0.0,sailing,yara_sluiskil,sailing_to_emitter,7500.0,sailing,oygarden_terminal,sailing_to_terminal,0.0,1,399350.07198984106,0.0,399350.07198984106
greedy,9000056,225.0,0.0,0.7176636156271883,4210.79578270549,0.5767691801991696,0,1.0,0,4905.276270015459,1.1382912222779413,0,1.0,0,7373.345935201063,1.1924621778483604,0,1.0,0,7500.0,sailing,oygarden_terminal,sailing_to_terminal,0.0,sailing,yara_sluiskil,sailing_to_emitter,7500.0,sailing,oygarden_terminal,sailing_to_terminal,0.0,1,400595.49198984104,0.0,400595.49198984104
greedy,9000056,226.0,0.0,0.7176636156271883,4232.304650898709,1.3433751755015155,0,1.0,0,4953.487702314723,1.3772322639345496,0,1.0,0,7482.025453474751,1.0860249832770545,0,1.0,0,7500.0,sailing,oygarden_terminal,sailing_to_terminal,0.0,sailing,yara_sluiskil,sailing_to_emitter,7500.0,sailing,oygarden_terminal,sailing_to_terminal,0.0,1,401840.9119898411,0.0,401840.9119898411
greedy,9000056,227.0,0.0,0.7176636156271883,4282.401771076008,0.958485587618087,0,1.0,0,5011.819295103575,1.0663427344918006,0,1.0,0,7581.004345585844,1.0785730788645898,0,1.0,0,7500.0,sailing,oygarden_terminal,sailing_to_terminal,0.0,sailing,yara_sluiskil,sailing_to_emitter,7500.0,sailing,oygarden_terminal,sailing_to_terminal,0.0,1,403086.3319898411,0.0,403086.3319898411
greedy,9000056,228.0,0.0,0.7176636156271883,4318.145590688837,1.0170121721646783,0,1.0,0,5056.983405610272,0.9555746039601932,0,1.0,0,7679.304008641287,1.2937378407119775,0,1.0,0,7500.0,unloading,oygarden_terminal,unloading,0.0,sailing,yara_sluiskil,sailing_to_emitter,7500.0,sailing,oygarden_terminal,sailing_to_terminal,0.0,1,403916.6119898411,0.0,403916.6119898411
greedy,9000056,229.0,0.0,0.7176636156271883,4356.071976068813,1.3637390935021725,0,1.0,0,5097.456018790516,0.8803474256850214,0,1.0,0,7797.2134046988585,0.28293142125138704,0,1.0,0,6700.0,unloading,oygarden_terminal,unloading,0.0,sailing,yara_sluiskil,sailing_to_emitter,7500.0,sailing,oygarden_terminal,sailing_to_terminal,514.6118721461187,1,404888.3211222612,0.0,404888.3211222612
greedy,9000056,230.0,0.0,0.7176636156271883,4406.92848252161,0.7951468779500033,0,1.0,0,5134.742443813024,1.1771896250715899,0,1.0,0,7822.99934635647,1.2244420390004869,0,1.0,0,5900.0,unloading,oygarden_terminal,unloading,0.0,sailing,yara_sluiskil,sailing_to_emitter,7500.0,sailing,oygarden_terminal,sailing_to_terminal,1029.2237442922374,1,405860.0302546813,0.0,405860.0302546813
greedy,9000056,231.0,0.0,1.0,4436.581064112512,0.842348666084115,0,1.0,0,5184.601387466265,1.510574379149647,0,1.0,0,7934.593059172553,1.804876714034054,0,1.0,0,5100.0,unloading,oygarden_terminal,unloading,0.0,sailing,yara_sluiskil,sailing_to_emitter,7500.0,sailing,oygarden_terminal,sailing_to_terminal,1543.835616438356,1,406831.73938710144,0.0,406831.73938710144
greedy,9000056,232.0,0.0,1.0,4467.993887608339,0.6771433358723394,0,1.0,0,5248.580581004835,1.1227351292668182,0,1.0,0,8099.086550257668,1.1934326542228209,0,1.0,0,4300.0,unloading,oygarden_terminal,unloading,0.0,sailing,yara_sluiskil,sailing_to_emitter,7500.0,sailing,oygarden_terminal,sailing_to_terminal,2060.088475390751,1,407802.7757149309,0.0,407802.7757149309
greedy,9000056,233.0,0.0,1.0,4493.24587829252,1.5415955289285828,0,1.0,0,5296.13314718059,1.0122722018440973,0,1.0,0,8207.853956819967,0.7852688332070612,0,1.0,0,3500.0,unloading,oygarden_terminal,unloading,0.0,sailing,yara_sluiskil,sailing_to_emitter,7500.0,sailing,oygarden_terminal,sailing_to_terminal,2580.5259531497063,1,408772.0963490497,0.0,408772.0963490497
greedy,9000056,234.0,0.0,1.0,4550.734961636806,1.059075518429466,0,1.0,0,5339.00714266829,0.4991712440491395,0,1.0,0,8279.421959714666,0.669568909030636,0,1.0,0,2700.0,unloading,oygarden_terminal,unloading,0.0,sailing,yara_sluiskil,sailing_to_emitter,7500.0,sailing,oygarden_terminal,sailing_to_terminal,3104.1300644417406,1,409740.11866342,0.0,409740.11866342
greedy,9000056,235.0,0.0,1.0,4590.229932793866,0.663215243135431,0,1.0,0,5360.149149359736,0.8598649108937155,0,1.0,0,8340.445232720374,0.9129099635155964,0,1.0,0,1900.0,unloading,oygarden_terminal,unloading,0.0,sailing,yara_sluiskil,sailing_to_emitter,7500.0,queued,oygarden_terminal,queued,3630.268618065874,1,410291.9618564341,0.0,410291.9618564341
greedy,9000056,236.0,0.0,1.0,4614.9625052365145,0.8683776749047677,0,1.0,0,5396.568053526549,0.8693308370308593,0,1.0,0,8423.646098572606,1.106032187494534,0,1.0,0,1100.0,unloading,oygarden_terminal,unloading,0.0,sailing,yara_sluiskil,sailing_to_emitter,7500.0,queued,oygarden_terminal,queued,4158.507872380995,1,410842.9437621649,0.0,410842.9437621649
greedy,9000056,237.0,0.0,1.0,4647.345974282094,0.9780484180753984,0,1.0,0,5433.387879573615,1.0634162585035385,0,1.0,0,8524.447679985062,0.8759300216371125,0,1.0,0,300.0,unloading,oygarden_terminal,unloading,0.0,sailing,yara_sluiskil,sailing_to_emitter,7500.0,queued,oygarden_terminal,queued,4688.532388640648,1,411393.1937104985,0.0,411393.1937104985
greedy,9000056,238.0,0.0,1.0,4683.819269820701,1.3835542573503554,0,1.0,0,5478.428041484185,0.9620652316555481,0,1.0,0,8604.278146500525,0.7047409255376014,0,1.0,0,0.0,idle,oygarden_terminal,idle,0.0,sailing,yara_sluiskil,sailing_to_emitter,7500.0,unloading,oygarden_terminal,unloading,4720.103231047377,1,411927.54716511176,0.0,411927.54716511176
greedy,9000056,239.0,0.0,1.0,4735.41464513171,0.5362222192660333,0,1.0,0,5519.175560111814,1.1280272926398325,0,1.0,0,8668.506742517482,0.9922469347222062,0,1.0,0,0.0,sailing,yara_sluiskil,sailing_to_emitter,0.0,sailing,yara_sluiskil,sailing_to_emitter,6700.0,unloading,oygarden_terminal,unloading,5253.033768326104,1,412891.7456448275,0.0,412891.7456448275
greedy,9000056,240.0,0.0,1.0,4755.411390510357,0.9685979569688741,0,1.0,0,5566.952271718176,1.2535039059516098,0,1.0,0,8758.93796108076,0.8581654486787427,0,1.0,0,0.0,sailing,yara_sluiskil,sailing_to_emitter,0.0,sailing,yara_sluiskil,sailing_to_emitter,5900.0,unloading,oygarden_terminal,unloading,5787.1746496337455,1,413855.44788349135,0.0,413855.44788349135
greedy,9000056,241.0,0.0,1.0,4791.532241881659,0.7936743159607429,0,1.0,0,5620.0434469076945,0.7596713058035559,0,1.0,0,8837.149228342914,1.2892832699205412,0,1.0,0,0.0,sailing,yara_sluiskil,sailing_to_emitter,0.0,sailing,yara_sluiskil,sailing_to_emitter,5100.0,unloading,oygarden_terminal,unloading,6322.403979566076,1,414818.703858219,0.0,414818.703858219
greedy,9000056,242.0,0.0,1.0,4821.129854787269,0.8286494863144146,0,1.0,0,5652.2187294827,0.9483147106798875,0,1.0,0,8954.651517004853,0.9632076346941768,0,1.0,0,0.0,sailing,yara_sluiskil,sailing_to_emitter,0.0,sailing,yara_sluiskil,sailing_to_emitter,4300.0,unloading,oygarden_terminal,unloading,6858.620626453385,1,415781.55503299524,0.0,415781.55503299524
greedy,9000056,243.0,0.0,1.0,4852.031752821617,0.5925701935247565,0,1.0,0,5692.383855574813,0.7352097272916998,0,1.0,0,9042.435963580672,1.470283033439115,0,1.0,0,0.0,sailing,yara_sluiskil,sailing_to_emitter,0.0,sailing,yara_sluiskil,sailing_to_emitter,3500.0,unloading,oygarden_terminal,unloading,7395.739511889623,1,416744.03628996643,0.0,416744.03628996643
greedy,9000056,244.0,0.0,1.0,4874.129806407268,1.2949985289660533,0,1.0,0,5723.523087169827,1.5661981171056518,0,1.0,0,9176.433954114314,0.8976315398361575,0,1.0,0,0.0,sailing,yara_sluiskil,sailing_to_emitter,0.0,sailing,yara_sluiskil,sailing_to_emitter,2700.0,unloading,oygarden_terminal,unloading,7933.688202763011,1,417706.17732670833,0.0,417706.17732670833
greedy,9000056,245.0,0.0,1.0,4922.4227219046625,0.6829359818073515,0,1.0,0,5789.858180520513,1.5499670060231812,0,1.0,0,9258.241831521133,1.2153746557810492,0,1.0,0,0.0,sailing,yara_sluiskil,sailing_to_emitter,0.0,sailing,yara_sluiskil,sailing_to_emitter,1900.0,unloading,oygarden_terminal,unloading,8472.404387747283,1,418668.0036908647,0.0,418668.0036908647
greedy,9000056,246.0,0.0,1.0,4947.8906762930565,1.320701200824789,0,1.0,0,5855.505817886492,0.8406445964397646,0,1.0,0,9369.007934690158,0.9611146688948548,0,1.0,0,0.0,sailing,yara_sluiskil,sailing_to_emitter,0.0,loading,yara_sluiskil,loading,1100.0,unloading,oygarden_terminal,unloading,9011.833971086311,1,419214.3975616957,0.0,419214.3975616957
greedy,9000056,247.0,0.0,1.0,4997.142075293242,0.8643694976337437,0,1.0,0,5891.110660703334,1.1903587330644096,0,1.0,0,8656.60137577602,0.6112830526594606,0,1.0,0,0.0,sailing,yara_sluiskil,sailing_to_emitter,800.0,loading,yara_sluiskil,loading,701.9296074928125,unloading,oygarden_terminal,unloading,9150.0,1,426028.6694495004,0.0,426028.6694495004
greedy,9000056,248.0,0.0,1.0,5029.376012943575,1.1482066826778765,0,1.0,0,5941.527371601031,1.225749088955085,0,1.0,0,7912.312050505499,1.0738201435162917,0,1.0,0,0.0,sailing,yara_sluiskil,sailing_to_emitter,1600.0,loading,yara_sluiskil,loading,442.64955880546955,unloading,oygarden_terminal,unloading,9150.0,1,432838.44879294845,0.0,432838.44879294845
greedy,9000056,249.0,0.0,1.0,5072.1947574337555,0.6695263767883146,0,1.0,0,5993.443013276437,0.4968737943413807,0,1.0,0,7210.177025648834,1.0819205331264954,0,1.0,0,0.0,sailing,yara_sluiskil,sailing_to_emitter,2400.0,loading,yara_sluiskil,loading,183.95678962083565,unloading,oygarden_terminal,unloading,9150.0,1,439647.9694250935,0.0,439647.9694250935
greedy,9000056,250.0,0.0,1.0,5097.1626259441455,0.7923808139489001,0,1.0,0,6014.487713286711,1.1305109268852285,0,1.0,0,6508.780175236781,0.9045223070086961,0,1.0,0,0.0,sailing,yara_sluiskil,sailing_to_emitter,3200.0,loading,yara_sluiskil,loading,0.0,idle,oygarden_terminal,idle,9075.81824328113,1,446454.98151009594,0.0,446454.98151009594
greedy,9000056,251.0,0.0,1.0,5126.71195734557,1.5369434659482568,0,1.0,0,6062.3696172743685,0.9462808114128698,0,1.0,0,5791.215696187895,0.946100414702483,0,1.0,0,0.0,sailing,yara_sluiskil,sailing_to_emitter,4000.0,loading,yara_sluiskil,loading,0.0,sailing,yara_sluiskil,sailing_to_emitter,8818.204255939809,1,453671.3032449059,0.0,453671.3032449059
greedy,9000056,252.0,0.0,1.0,5184.027384112606,1.3446484214102417,0,1.0,0,6102.448599157605,0.7888147739968076,0,1.0,0,5077.440461035841,1.7166433435296176,0,1.0,0,0.0,sailing,yara_sluiskil,sailing_to_emitter,4800.0,loading,yara_sluiskil,loading,0.0,sailing,yara_sluiskil,sailing_to_emitter,8561.08807770671,1,460887.4208779815,0.0,460887.4208779815
greedy,9000056,253.0,0.0,1.0,5234.171769662473,1.485573049082346,0,1.0,0,6135.858230479456,1.1483950070102518,0,1.0,0,4433.890091019715,0.6963170904055568,0,1.0,0,0.0,sailing,yara_sluiskil,sailing_to_emitter,5600.0,loading,yara_sluiskil,loading,0.0,sailing,yara_sluiskil,sailing_to_emitter,8304.445477806023,1,468103.3443439408,0.0,468103.3443439408
greedy,9000056,254.0,0.0,1.0,5289.571482006691,1.202982650018705,0,1.0,0,6184.49760065969,0.5173122761318036,0,1.0,0,3697.3502567373216,0.9485767941060033,0,1.0,0,0.0,sailing,yara_sluiskil,sailing_to_emitter,6400.0,loading,yara_sluiskil,loading,0.0,sailing,yara_sluiskil,sailing_to_emitter,8048.254416350683,1,475319.0826791375,0.0,475319.0826791375
greedy,9000056,255.0,0.0,1.0,5334.432877612555,0.9202730440389038,0,1.0,0,6206.407956542428,0.9835827774668433,0,1.0,0,2983.8005207407464,0.9581252427547842,0,1.0,0,0.0,sailing,yara_sluiskil,sailing_to_emitter,7200.0,loading,yara_sluiskil,loading,0.0,sailing,yara_sluiskil,sailing_to_emitter,7792.494769452272,1,482534.64413436584,0.0,482534.64413436584
greedy,9000056,256.0,0.0,1.0,5368.751515916245,1.0732024756198264,0,1.0,0,6248.0668339531385,0.9826390791667811,0,1.0,0,2771.120935709627,0.6944320119568319,0,1.0,0,0.0,sailing,yara_sluiskil,sailing_to_emitter,7500.0,idle,yara_sluiskil,idle,0.0,sailing,yara_sluiskil,sailing_to_emitter,7537.148097413682,1,485824.77376990166,0.0,485824.77376990166
greedy,9000056,257.0,0.0,1.0,5408.773161557349,1.0565069627902224,0,1.0,0,6289.68574176221,1.4137088605530674,0,1.0,0,2834.409161681797,0.9722541306200431,0,1.0,0,0.0,sailing,yara_sluiskil,sailing_to_emitter,7500.0,sailing,oygarden_terminal,sailing_to_terminal,0.0,sailing,yara_sluiskil,sailing_to_emitter,7282.1974480081235,1,487174.723536158,0.0,487174.723536158
greedy,9000056,258.0,0.0,1.0,5448.172195234246,0.9301667520316445,0,1.0,0,6349.562272203188,1.2541642705466975,0,1.0,0,2923.017107205005,1.2658595954049285,0,1.0,0,0.0,sailing,yara_sluiskil,sailing_to_emitter,7500.0,sailing,oygarden_terminal,sailing_to_terminal,0.0,sailing,yara_sluiskil,sailing_to_emitter,7027.62718854873,1,488524.5173425363,0.0,488524.5173425363
greedy,9000056,259.0,0.0,1.0,5482.859770974658,0.3856561062813926,0,1.0,0,6402.6814166174045,0.9946777266956288,0,1.0,0,3038.383174653589,0.9104177629947618,0,1.0,0,0.0,sailing,yara_sluiskil,sailing_to_emitter,7500.0,sailing,oygarden_terminal,sailing_to_terminal,0.0,sailing,yara_sluiskil,sailing_to_emitter,6773.42286174863,1,489874.1611165243,0.0,489874.1611165243
greedy,9000056,260.0,0.0,1.0,5497.24157171748,1.2861438973778836,0,1.0,0,6444.8102119042605,0.6538209592819012,0,1.0,0,3121.3554412607346,0.5859902645865408,0,1.0,0,0.0,sailing,yara_sluiskil,sailing_to_emitter,7500.0,sailing,oygarden_terminal,sailing_to_terminal,0.0,sailing,yara_sluiskil,sailing_to_emitter,6519.571061368073,1,491223.6603546804,0.0,491223.6603546804
greedy,9000056,261.0,0.0,1.0,5545.204152839256,1.0831937921173633,0,1.0,0,6472.502286039014,0.6096335486271858,0,1.0,0,3174.7604896841117,1.4237906088638583,0,1.0,0,0.0,sailing,yara_sluiskil,sailing_to_emitter,7500.0,sailing,oygarden_terminal,sailing_to_terminal,0.0,sailing,yara_sluiskil,sailing_to_emitter,6266.05932441908,1,492573.0201668295,0.0,492573.0201668295
greedy,9000056,262.0,0.0,1.0,5585.598359017968,1.0541078855981292,0,1.0,0,6498.322837038416,1.2722352336292477,0,1.0,0,3304.5195561261257,1.0797155326435215,0,1.0,0,0.0,sailing,yara_sluiskil,sailing_to_emitter,7500.0,sailing,oygarden_terminal,sailing_to_terminal,0.0,sailing,yara_sluiskil,sailing_to_emitter,6012.876037304006,1,493922.2453145467,0.0,493922.2453145467
greedy,9000056,263.0,0.0,1.0,5624.907894139476,0.9294601973460792,0,1.0,0,6552.20736292636,1.105311000020678,0,1.0,0,3402.9208067511818,0.8105855728651841,0,1.0,0,0.0,sailing,yara_sluiskil,sailing_to_emitter,7500.0,sailing,oygarden_terminal,sailing_to_terminal,0.0,sailing,yara_sluiskil,sailing_to_emitter,5760.0103537426485,1,495271.34024480684,0.0,495271.34024480684
greedy,9000056,264.0,0.0,1.0,5659.569092383317,0.8804850416014162,0,1.0,0,6599.021943768412,0.6973776882129333,0,1.0,0,3476.7945013110366,0.8122503801172123,0,1.0,0,0.0,sailing,yara_sluiskil,sailing_to_emitter,7500.0,sailing,oygarden_terminal,sailing_to_terminal,0.0,sailing,yara_sluiskil,sailing_to_emitter,5507.452122722782,1,496620.309119525,0.0,496620.309119525
greedy,9000056,265.0,0.0,1.0,5692.403915150547,1.0803646394842525,0,1.0,0,6628.558829008563,1.3282897995668403,0,1.0,0,3550.819865668452,0.8296405004711636,0,1.0,0,0.0,sailing,yara_sluiskil,sailing_to_emitter,7500.0,sailing,oygarden_terminal,sailing_to_terminal,0.0,sailing,yara_sluiskil,sailing_to_emitter,5255.191825013442,1,497969.1558415859,0.0,497969.1558415859
greedy,9000056,266.0,0.0,1.0,5732.6925902306575,0.9623639155680361,0,1.0,0,6684.817502090014,0.9657869429909185,0,1.0,0,3626.430042883149,0.4897539341966204,0,1.0,0,0.0,sailing,yara_sluiskil,sailing_to_emitter,7500.0,sailing,oygarden_terminal,sailing_to_terminal,0.0,sailing,yara_sluiskil,sailing_to_emitter,5003.220517025631,1,499317.88407786086,0.0,499317.88407786086
greedy,9000056,267.0,0.0,1.0,5768.580807456491,0.509172295599353,0,1.0,0,6725.722650883431,0.4451653565371879,0,1.0,0,3671.0642603686156,0.7100250695504922,0,1.0,0,0.0,sailing,yara_sluiskil,sailing_to_emitter,7500.0,sailing,oygarden_terminal,sailing_to_terminal,0.0,sailing,yara_sluiskil,sailing_to_emitter,4751.529781004086,1,500666.4972796297,0.0,500666.4972796297
greedy,9000056,268.0,0.0,1.0,5787.568721190773,0.6379673645118065,0,1.0,0,6744.577280549924,1.0519262176987525,0,1.0,0,3735.77306179564,0.6893914562448886,0,1.0,0,0.0,sailing,yara_sluiskil,sailing_to_emitter,7500.0,sailing,oygarden_terminal,sailing_to_terminal,0.0,sailing,yara_sluiskil,sailing_to_emitter,4500.111680695978,1,502014.99870075606,0.0,502014.99870075606
greedy,9000056,269.0,0.0,1.0,5811.359621517286,1.3074601348251227,0,1.0,0,6789.130790790399,0.8564884304426585,0,1.0,0,3798.6013533098676,0.31275452593361475,0,1.0,0,0.0,sailing,yara_sluiskil,sailing_to_emitter,7500.0,sailing,oygarden_terminal,sailing_to_terminal,0.0,sailing,yara_sluiskil,sailing_to_emitter,4248.9587217755125,1,503363.39141391346,0.0,503363.39141391346
greedy,9000056,270.0,0.0,1.0,5860.117049624126,0.0,1,1.0,0,6825.406686774869,0.7003555681757043,0,1.0,0,3827.104488798221,1.3301789689696022,0,1.0,0,0.0,sailing,yara_sluiskil,sailing_to_emitter,7500.0,sailing,oygarden_terminal,sailing_to_terminal,0.0,sailing,yara_sluiskil,sailing_to_emitter,3998.063816413037,1,504711.6783251121,0.0,504711.6783251121
greedy,9000056,271.0,0.0,1.0,5860.117049624126,0.0,1,1.0,0,6855.069697786185,0.5724909743743095,0,1.0,0,3948.331330807345,0.7988053038103302,0,1.0,0,0.0,sailing,yara_sluiskil,sailing_to_emitter,7500.0,sailing,oygarden_terminal,sailing_to_terminal,0.0,sailing,yara_sluiskil,sailing_to_emitter,3747.420251468169,1,506059.86218673945,0.0,506059.86218673945
greedy,9000056,272.0,0.0,1.0,5860.117049624126,0.0,1,1.0,0,6879.317104172886,1.2416975529289769,0,1.0,0,4021.1309881684583,0.8093525015730832,0,1.0,0,0.0,sailing,yara_sluiskil,sailing_to_emitter,7500.0,sailing,oygarden_terminal,sailing_to_terminal,0.0,sailing,yara_sluiskil,sailing_to_emitter,3497.021659862048,1,507407.945609298,0.0,507407.945609298
greedy,9000056,273.0,0.0,1.0,5860.117049624126,0.0,1,1.0,0,6931.908230536311,0.9932127828414773,0,1.0,0,4094.891817248232,1.0396597057858938,0,1.0,0,0.0,sailing,yara_sluiskil,sailing_to_emitter,7500.0,sailing,oygarden_terminal,sailing_to_terminal,0.0,sailing,yara_sluiskil,sailing_to_emitter,3246.861994747032,1,508755.93107199523,0.0,508755.93107199523
greedy,9000056,274.0,0.0,1.0,5860.117049624126,0.0,1,1.0,0,6973.97497927474,1.1939041980957557,0,1.0,0,4189.6417628322915,0.7219649940863365,0,1.0,0,0.0,sailing,yara_sluiskil,sailing_to_emitter,7500.0,sailing,oygarden_terminal,sailing_to_terminal,0.0,sailing,yara_sluiskil,sailing_to_emitter,2996.935506145228,1,510103.82093232195,0.0,510103.82093232195
greedy,9000056,275.0,0.0,1.0,5860.117049624126,0.0,1,1.0,0,7024.5418555641945,0.8787318826815551,0,1.0,0,4255.438381891897,1.1014538098165862,0,1.0,0,0.0,sailing,yara_sluiskil,sailing_to_emitter,7500.0,sailing,oygarden_terminal,sailing_to_terminal,0.0,sailing,yara_sluiskil,sailing_to_emitter,2747.2367197719773,1,511451.61743473494,0.0,511451.61743473494
greedy,9000056,276.0,0.0,1.0,5860.117049624126,0.0,1,1.0,0,7061.759855529376,0.7512296110901898,0,1.0,0,4355.819818735416,1.2420987198993678,0,1.0,0,0.0,sailing,yara_sluiskil,sailing_to_emitter,7500.0,sailing,oygarden_terminal,sailing_to_terminal,0.0,sailing,yara_sluiskil,sailing_to_emitter,2497.760417798247,1,512799.3227185442,0.0,512799.3227185442
greedy,9000056,277.0,0.0,1.0,5860.117049624126,0.0,1,1.0,0,7093.577596743086,0.9967103247625126,0,1.0,0,4469.018902918615,0.903338388853132,0,1.0,0,0.0,sailing,yara_sluiskil,sailing_to_emitter,7500.0,sailing,oygarden_terminal,sailing_to_terminal,0.0,sailing,yara_sluiskil,sailing_to_emitter,2248.5016213380272,1,514146.938825093,0.0,514146.938825093
greedy,9000056,278.0,0.0,1.0,5860.117049624126,0.0,1,1.0,0,7135.792481127508,0.7729211790058096,0,1.0,0,4551.344889984772,1.081600929693166,0,1.0,0,0.0,sailing,yara_sluiskil,sailing_to_emitter,7500.0,sailing,oygarden_terminal,sailing_to_terminal,0.0,sailing,yara_sluiskil,sailing_to_emitter,1999.455574474214,1,515494.4677043071,0.0,515494.4677043071
greedy,9000056,279.0,0.0,1.0,5860.117049624126,0.0,1,1.0,0,7168.528951694095,0.6660363643854409,0,1.0,0,4649.916809195746,1.5698357498403173,0,1.0,0,0.0,sailing,yara_sluiskil,sailing_to_emitter,7500.0,sailing,oygarden_terminal,sailing_to_terminal,0.0,sailing,yara_sluiskil,sailing_to_emitter,1750.6177296598842,1,516841.911220681,0.0,516841.911220681
greedy,9000056,280.0,0.0,1.0,5860.117049624126,0.0,1,1.0,0,7196.738399735131,1.3265316699901215,0,1.0,0,4792.98400218527,0.7064181478997138,0,1.0,0,0.0,sailing,yara_sluiskil,sailing_to_emitter,7500.0,sailing,oygarden_terminal,sailing_to_terminal,0.0,sailing,yara_sluiskil,sailing_to_emitter,1501.9837343519362,1,518189.27115875727,0.0,518189.27115875727
greedy,9000056,281.0,0.0,1.0,5860.117049624126,0.0,1,1.0,0,7252.922608616733,1.2905283466248876,0,1.0,0,4857.363468130544,0.733856768678609,0,1.0,0,0.0,sailing,yara_sluiskil,sailing_to_emitter,7500.0,sailing,oygarden_terminal,sailing_to_terminal,0.0,sailing,yara_sluiskil,sailing_to_emitter,1253.5494187513846,1,519536.54922815354,0.0,519536.54922815354
greedy,9000056,282.0,0.0,1.0,5860.117049624126,0.0,1,1.0,0,7307.581924963806,1.1069034831764943,0,1.0,0,4924.243505477925,1.11159963176629,0,1.0,0,0.0,sailing,yara_sluiskil,sailing_to_emitter,7500.0,sailing,oygarden_terminal,sailing_to_terminal,0.0,sailing,yara_sluiskil,sailing_to_emitter,1005.3107845394826,1,520883.7470681804,0.0,520883.7470681804
greedy,9000056,283.0,0.0,1.0,5860.117049624126,0.0,1,1.0,0,7354.463954181416,1.1379667942025522,0,1.0,0,5025.54906455337,0.7988947166496082,0,1.0,0,0.0,sailing,yara_sluiskil,sailing_to_emitter,7500.0,sailing,oygarden_terminal,sailing_to_terminal,0.0,sailing,yara_sluiskil,sailing_to_emitter,757.2639945117828,1,522230.8662520917,0.0,522230.8662520917
greedy,9000056,284.0,0.0,1.0,5860.117049624126,0.0,1,1.0,0,7402.6616455838985,0.22946187957096598,0,1.0,0,5098.356228302235,1.1137444055873222,0,1.0,0,0.0,loading,yara_sluiskil,loading,7500.0,sailing,oygarden_terminal,sailing_to_terminal,0.0,sailing,yara_sluiskil,sailing_to_emitter,509.4053630234315,1,523162.76829100196,0.0,523162.76829100196
greedy,9000056,285.0,0.0,1.0,5860.117049624126,0.0,1,1.0,0,7412.380323595014,1.0428795192220583,0,1.0,0,4399.857101956554,0.8349930531191545,0,1.0,0,800.0,loading,yara_sluiskil,loading,7500.0,sailing,oygarden_terminal,sailing_to_terminal,0.0,sailing,yara_sluiskil,sailing_to_emitter,261.73134716875336,1,530375.0146375025,0.0,530375.0146375025
greedy,9000056,286.0,0.0,1.0,5860.117049624126,0.0,1,1.0,0,7456.550668014121,0.7309988227334624,0,1.0,0,3675.95397007443,1.24191629267722,0,1.0,0,1600.0,loading,yara_sluiskil,loading,7500.0,sailing,oygarden_terminal,sailing_to_terminal,0.0,sailing,yara_sluiskil,sailing_to_emitter,14.238538626682612,1,537587.1866890047,0.0,537587.1866890047
greedy,9000056,287.0,0.0,1.0,5860.117049624126,0.0,1,1.0,0,7487.51155004792,1.3898725714103908,0,1.0,0,2989.1355953656102,1.0093524428852922,0,1.0,0,2400.0,loading,yara_sluiskil,loading,7500.0,sailing,oygarden_terminal,sailing_to_terminal,0.0,sailing,yara_sluiskil,sailing_to_emitter,0.0,1,544703.7244898416,0.0,544703.7244898416
greedy,9000056,288.0,46.378513149910745,1.0,5860.117049624126,0.0,1,1.0,0,7500.0,0.968136053483086,0,1.0,0,2281.1225244882794,1.2409301158488721,0,1.0,0,3200.0,loading,yara_sluiskil,loading,7500.0,sailing,oygarden_terminal,sailing_to_terminal,0.0,sailing,yara_sluiskil,sailing_to_emitter,0.0,1,551814.4244898417,3710.28105199286,555524.7055418346
greedy,9000056,289.0,87.38315667652091,1.0,5860.117049624126,0.0,1,1.0,0,7500.0,0.9982477939744369,0,1.0,0,1594.214108599942,1.0963867568024614,0,1.0,0,4000.0,loading,yara_sluiskil,loading,7500.0,sailing,oygarden_terminal,sailing_to_terminal,0.0,sailing,yara_sluiskil,sailing_to_emitter,0.0,1,558925.1244898416,6990.652534121674,565915.7770239633
greedy,9000056,290.0,129.6631593640377,1.0,5860.117049624126,0.0,1,1.0,0,7500.0,1.4080534526435908,0,1.0,0,894.1327280178325,0.7824371233026906,0,1.0,0,4800.0,loading,yara_sluiskil,loading,7500.0,sailing,oygarden_terminal,sailing_to_terminal,0.0,sailing,yara_sluiskil,sailing_to_emitter,0.0,1,566035.8244898416,10373.052749123017,576408.8772389647
greedy,9000056,291.0,189.30015943685012,1.0,5860.117049624126,0.5360290851742364,0,1.0,0,7500.0,1.0380416093409888,0,1.0,0,165.43966344043793,1.8665600924946582,0,1.4445740408358534,1,5600.0,loading,yara_sluiskil,loading,7500.0,sailing,oygarden_terminal,sailing_to_terminal,0.0,sailing,yara_sluiskil,sailing_to_emitter,0.0,1,573146.5244898415,15144.01275494801,588290.5372447895
greedy,9000056,292.0,233.26559797586597,1.0,5880.106419528141,0.8152464141688335,0,1.0,0,7500.0,0.10294959459818054,0,1.0,0,0.0,0.5782455989217267,0,1.4445740408358534,1,5935.547366874676,idle,yara_sluiskil,idle,7500.0,sailing,oygarden_terminal,sailing_to_terminal,0.0,sailing,yara_sluiskil,sailing_to_emitter,0.0,1,576611.0274821755,18661.247838069277,595272.2753202447
greedy,9000056,293.0,237.62594734258974,1.0,5910.508239064613,0.905464551718239,0,1.0,0,7500.0,0.9136427633804958,0,1.0,0,0.0,2.0346855559276738,0,1.4445740408358534,1,5988.245353365402,idle,yara_sluiskil,idle,7500.0,sailing,oygarden_terminal,sailing_to_terminal,0.0,sailing,yara_sluiskil,sailing_to_emitter,0.0,1,577855.0143425704,19010.07578740718,596865.0901299777
greedy,9000056,294.0,276.32257028964415,1.0,5944.274428344745,1.1630893848699801,0,1.0,0,7500.0,0.580170497115661,0,1.0,0,0.0,1.2179586321106508,0,1.4445740408358534,1,6173.6747856176835,idle,yara_sluiskil,idle,7500.0,sailing,oygarden_terminal,sailing_to_terminal,0.0,sailing,yara_sluiskil,sailing_to_emitter,0.0,1,580141.0127362028,22105.80562317153,602246.8183593743
greedy,9000056,295.0,300.89523684130825,1.0,5987.647843599808,1.470425969235516,0,1.0,0,7500.0,1.0400621725322565,0,1.0,0,0.0,1.6445014440483436,0,1.4445740408358534,1,6284.672384713119,idle,yara_sluiskil,idle,7500.0,sailing,oygarden_terminal,sailing_to_terminal,0.0,sailing,yara_sluiskil,sailing_to_emitter,0.0,1,581842.6821628415,24071.618947304658,605914.3011101462
greedy,9000056,296.0,344.9462547501687,1.0,6042.482310093705,0.737435951397514,0,1.0,0,7500.0,0.9719128749318034,0,1.0,0,0.0,1.5412985603483669,0,1.4445740408358534,1,6434.54248127411,idle,yara_sluiskil,idle,7500.0,sailing,oygarden_terminal,sailing_to_terminal,0.0,idle,yara_sluiskil,idle,0.0,1,583434.3811026461,27595.700380013495,611030.0814826596
greedy,9000056,297.0,386.11086258821126,1.0,6069.982436797299,1.3893972892494046,0,1.0,0,7500.0,1.4219840283559182,0,1.0,0,0.0,1.0555752872150574,0,1.4445740408358534,1,6575.007176566405,idle,yara_sluiskil,idle,7500.0,sailing,oygarden_terminal,sailing_to_terminal,0.0,idle,yara_sluiskil,idle,0.0,1,584952.2427046556,30888.869007056903,615841.1117117126
greedy,9000056,298.0,446.33788127374794,1.0,6121.795201385235,1.1791698644665152,0,1.0,0,7500.0,1.7149373548913887,0,1.0,0,0.0,2.2508853799698056,0,1.4445740408358534,1,6671.205898790042,idle,yara_sluiskil,idle,7500.0,sailing,oygarden_terminal,sailing_to_terminal,0.0,idle,yara_sluiskil,idle,0.0,1,586122.5931784404,35707.03050189984,621829.6236803402
greedy,9000056,299.0,518.9727084292865,1.0,6165.768253298593,0.9318378102346295,0,1.0,0,7500.0,1.1743855260433271,0,1.0,0,0.0,1.4239219046151976,0,1.4445740408358534,1,6876.337774135142,idle,yara_sluiskil,idle,7500.0,sailing,oygarden_terminal,sailing_to_terminal,0.0,idle,yara_sluiskil,idle,0.0,1,588148.1260941341,41517.816674342925,629665.942768477
greedy,9000056,300.0,568.7128866665992,1.0,6200.517908158578,0.9154254452234379,0,1.0,0,7500.0,0.9538095065791837,0,1.0,0,0.0,1.1052084008080312,0,1.4445740408358534,1,7006.1051796624315,idle,yara_sluiskil,idle,7500.0,unloading,oygarden_terminal,unloading,0.0,idle,yara_sluiskil,idle,0.0,1,589166.8683554111,45497.030933327944,634663.8992887391
greedy,9000056,301.0,609.1107405311074,1.0,6234.655515373062,0.6921208822169023,0,1.0,0,7500.0,1.0361405380886661,0,1.0,0,0.0,1.9353800285028435,0,1.4445740408358534,1,7106.826940339777,idle,yara_sluiskil,idle,6700.0,unloading,oygarden_terminal,unloading,0.0,idle,yara_sluiskil,idle,514.6118721461187,1,590099.0161880727,48728.8592424886,638827.8754305614
greedy,9000056,302.0,652.9956606876709,1.0,6260.465751634068,0.644692715795973,0,1.0,0,7500.0,0.1361600791607087,0,1.0,0,0.0,0.9354323902043428,0,1.4445740408358534,1,7283.205205828146,idle,yara_sluiskil,idle,5900.0,unloading,oygarden_terminal,unloading,0.0,idle,yara_sluiskil,idle,1033.9361755980535,1,591623.1752063305,52239.652855013686,643862.8280613442
greedy,9000056,303.0,658.7626140910206,1.0,6284.507315847408,1.0668420044106814,0,1.0,0,7500.0,0.8476635420125318,0,1.0,0,0.0,0.9397578987013574,0,1.4445740408358534,1,7368.454520556046,idle,yara_sluiskil,idle,5100.0,unloading,oygarden_terminal,unloading,0.0,idle,yara_sluiskil,idle,1560.6356339275412,1,592428.9003049196,52701.009127281664,645129.9094322012
greedy,9000056,304.0,694.6647388447444,1.0,6324.291456588573,1.0960860015505978,0,1.0,0,7500.0,1.4003899397712143,0,1.0,0,0.0,1.4852629927567376,0,1.4445740408358534,1,7454.097971451051,idle,yara_sluiskil,idle,4300.0,unloading,oygarden_terminal,unloading,0.0,idle,yara_sluiskil,idle,2092.007654426451,1,593235.8038288527,55573.17910757957,648808.9829364322
greedy,9000056,305.0,753.9771568380414,1.0,6365.166143331053,0.9859546731350877,0,1.0,0,7500.0,1.1018464261921483,0,1.0,0,89.45512550566474,1.5790712066854586,0,1.4445740408358534,1,7500.0,idle,yara_sluiskil,idle,3500.0,unloading,oygarden_terminal,unloading,0.0,loading,yara_sluiskil,loading,2626.7033205782936,1,593729.3536284046,60318.17254704333,654047.5261754479
greedy,9000056,306.0,800.6449983718118,1.0,6401.933862164723,0.8833601614592079,0,1.0,0,7500.0,0.6328417558899708,0,1.0,0,0.0,1.566974272010433,0,1.4445740408358534,1,7500.0,sailing,oygarden_terminal,sailing_to_terminal,2700.0,unloading,oygarden_terminal,unloading,233.36124078044367,idle,yara_sluiskil,idle,3163.9259986973952,1,596108.6605851537,64051.599869744954,660160.2604548987
greedy,9000056,307.0,827.4485147945949,1.0,6434.875673492016,1.2193686639191144,0,1.0,0,7500.0,0.9896494727211618,0,1.0,0,0.0,1.5969841161454625,0,1.4445740408358534,1,7500.0,sailing,oygarden_terminal,sailing_to_terminal,1900.0,unloading,oygarden_terminal,unloading,376.16481637820885,idle,yara_sluiskil,idle,3703.1567342370963,1,597776.219023902,66195.8811835676,663972.1002074695
greedy,9000056,308.0,869.3643423265131,1.0,6480.347733196445,1.556286208614464,0,1.0,0,7500.0,1.0153843248530905,0,1.0,0,0.0,1.9420149452512574,0,1.4445740408358534,1,7500.0,sailing,oygarden_terminal,sailing_to_terminal,1100.0,unloading,oygarden_terminal,unloading,521.7031818567953,idle,yara_sluiskil,idle,4244.034600557962,1,599464.5716753593,69549.14738612105,669013.7190614804
greedy,9000056,309.0,912.3701493443551,1.0,6538.3839352126915,1.4042816859603073,0,1.0,0,7500.0,1.2869968634687665,0,1.0,0,0.0,0.8913009035476811,0,1.4445740408358534,1,7500.0,sailing,oygarden_terminal,sailing_to_terminal,300.0,unloading,oygarden_terminal,unloading,698.6852007872326,idle,yara_sluiskil,idle,4786.296468570274,1,601399.2060736383,72989.61194754842,674388.8180211867
greedy,9000056,310.0,966.8798924910337,1.0,6590.751656554821,1.4122347429184325,0,1.0,0,7500.0,1.3685409577331376,0,1.0,0,0.0,1.796232146630103,0,1.4445740408358534,1,7500.0,sailing,oygarden_terminal,sailing_to_terminal,0.0,idle,oygarden_terminal,idle,779.9122356602545,idle,yara_sluiskil,idle,4829.743535156599,1,602566.3651442843,77350.3913992827,679916.756543567
greedy,9000056,311.0,1024.84337181971,1.0,6643.415950568739,1.0547265460279132,0,1.0,0,7500.0,0.9289132002200517,0,1.0,0,0.0,1.8182406688967436,0,1.4445740408358534,1,7500.0,sailing,oygarden_terminal,sailing_to_terminal,0.0,sailing,celsio,sailing_to_emitter,943.608360468096,idle,yara_sluiskil,idle,4574.221319861618,1,604786.5097727623,81987.46974557679,686773.979518339
greedy,9000056,312.0,1064.1867621470813,1.0,6682.748235987791,0.8830565960513355,0,1.0,0,7500.0,0.572845990701614,0,1.0,0,0.0,0.7250341376471515,0,1.4445740408358534,1,7500.0,sailing,oygarden_terminal,sailing_to_terminal,0.0,sailing,celsio,sailing_to_emitter,1109.3100673460156,idle,yara_sluiskil,idle,4319.60702336384,1,607022.0270267143,85134.9409717665,692156.9679984808
greedy,9000056,313.0,1088.4492049719913,1.0,6715.6786933543835,0.5459917077717827,0,1.0,0,7500.0,1.000734225902686,0,1.0,0,0.0,1.6999635986302741,0,1.4445740408358534,1,7500.0,sailing,oygarden_terminal,sailing_to_terminal,0.0,sailing,celsio,sailing_to_emitter,1175.3845468595507,idle,yara_sluiskil,idle,4065.8011755540824,1,608475.0867775992,87075.9363977593,695551.0231753585
greedy,9000056,314.0,1130.8345185344665,1.0,6736.039510365253,0.9090155927695581,0,1.0,0,7500.0,1.071987038284038,0,1.0,0,0.0,1.9611017372254234,0,1.4445740408358534,1,7500.0,sailing,oygarden_terminal,sailing_to_terminal,0.0,sailing,celsio,sailing_to_emitter,1330.3070829988017,idle,yara_sluiskil,idle,3812.721914241137,1,610625.3525177621,90466.76148275731,701092.1140005194
greedy,9000056,315.0,1176.237689103149,1.0,6769.93800534799,1.2093171217407965,0,1.0,0,7500.0,1.5332396698004462,0,1.0,0,0.0,1.7517504890844222,0,1.4445740408358534,1,7500.0,sailing,oygarden_terminal,sailing_to_terminal,0.0,sailing,celsio,sailing_to_emitter,1509.027751863798,idle,yara_sluiskil,idle,3560.300946136656,1,612962.1761936262,94099.01512825191,707061.1913218781
greedy,9000056,316.0,1241.1768532576457,1.0,6815.035167722554,1.2290440595160415,0,1.0,0,7500.0,0.993761275487312,0,1.0,0,0.0,1.2763987938126844,0,1.4445740408358534,1,7500.0,sailing,oygarden_terminal,sailing_to_terminal,0.0,sailing,celsio,sailing_to_emitter,1668.669540447142,idle,yara_sluiskil,idle,3308.480621970772,1,615148.9743788525,99294.14826061165,714443.1226394642
greedy,9000056,317.0,1283.266832972071,1.0,6860.86796840256,0.9344291765658023,0,1.0,0,7500.0,0.7428253116717913,0,1.0,0,0.0,1.2938539449213924,0,1.4445740408358534,1,7500.0,sailing,oygarden_terminal,sailing_to_terminal,0.0,sailing,celsio,sailing_to_emitter,1784.9911500896908,idle,yara_sluiskil,idle,3057.2117717068513,1,616995.4603119999,102661.34663776566,719656.8069497655
greedy,9000056,318.0,1314.7286166728852,1.0,6895.714154613984,1.1209575865463526,0,1.0,0,7500.0,0.8385342260854438,0,1.0,0,0.0,1.1521023615291512,0,1.4445740408358534,1,7500.0,sailing,oygarden_terminal,sailing_to_terminal,0.0,sailing,celsio,sailing_to_emitter,1902.9034072905329,idle,yara_sluiskil,idle,2806.452071730277,1,618854.2249119519,105178.2893338308,724032.5142457827
greedy,9000056,319.0,1350.244076407901,1.0,6937.516242445537,0.8861415997274668,0,1.0,0,7500.0,0.45260260979251465,0,1.0,0,0.0,1.4454044491118132,0,1.4445740408358534,1,7500.0,sailing,oygarden_terminal,sailing_to_terminal,0.0,sailing,celsio,sailing_to_emitter,2007.8973987946356,idle,yara_sluiskil,idle,2556.1647927064196,1,620611.3806515045,108019.52611263207,728630.9067641366
greedy,9000056,320.0,1369.4137051052169,1.0,6970.561705956038,1.0924274488558063,0,1.0,0,7500.0,0.6135618876735929,0,1.0,0,0.0,1.1142984484650627,0,1.4445740408358534,1,7500.0,sailing,oygarden_terminal,sailing_to_terminal,0.0,sailing,celsio,sailing_to_emitter,2139.620651819309,idle,yara_sluiskil,idle,2306.3178251946256,1,622578.1945991359,109553.09640841735,732131.2910075532
greedy,9000056,321.0,1395.400637825112,1.0,7011.299851645017,0.42935201068516393,0,1.0,0,7500.0,1.3234135630460715,0,1.0,0,0.0,1.7240456512893472,0,1.4445740408358534,1,7500.0,sailing,oygarden_terminal,sailing_to_terminal,0.0,sailing,celsio,sailing_to_emitter,2241.169328144028,idle,yara_sluiskil,idle,2056.882911451341,1,624307.9533359747,111632.05102600895,735940.0043619836
greedy,9000056,322.0,1451.4527817316948,1.0,7027.310985352114,0.6899319452423471,0,1.0,0,7500.0,0.9276635327264128,0,1.0,0,0.0,2.5733083206166496,0,1.4445740408358534,1,7500.0,sailing,oygarden_terminal,sailing_to_terminal,0.0,sailing,celsio,sailing_to_emitter,2398.2856064078915,idle,yara_sluiskil,idle,1807.835032666376,1,626473.788236694,116116.22253853559,742590.0107752295
greedy,9000056,323.0,1490.7432433721124,1.0,7053.039502456013,1.5424309518788584,0,1.0,0,7500.0,0.5467052794522949,0,1.0,0,0.0,1.4542598527667239,0,1.4445740408358534,1,7500.0,sailing,oygarden_terminal,sailing_to_terminal,0.0,sailing,celsio,sailing_to_emitter,2632.796988756025,idle,yara_sluiskil,idle,1559.1519149982162,1,629247.0657848465,119259.45946976899,748506.5252546156
greedy,9000056,324.0,1513.8985168663753,1.0,7110.558878121427,0.7863340709338216,0,1.0,0,7500.0,0.5918754238954075,0,1.0,0,0.0,0.35438406901946107,0,1.4445740408358534,1,7500.0,sailing,oygarden_terminal,sailing_to_terminal,0.0,sailing,celsio,sailing_to_emitter,2765.3268666964345,idle,yara_sluiskil,idle,1310.813627546609,1,631219.5936027198,121111.88134931002,752331.4749520299
greedy,9000056,325.0,1538.966936415133,1.0,7139.882354476895,0.9456366631310548,0,1.0,0,7500.0,0.9699948598414586,0,1.0,0,0.0,1.5872020260720363,0,1.4445740408358534,1,7500.0,sailing,oygarden_terminal,sailing_to_terminal,0.0,sailing,celsio,sailing_to_emitter,2797.6226374916364,idle,yara_sluiskil,idle,1062.8022522832778,1,632405.0970225998,123117.35491321063,755522.4519358104
greedy,9000056,326.0,1580.0503082277478,1.0,7175.146437384734,0.6455401293061425,0,1.0,0,7500.0,0.7679093373660026,0,1.0,0,0.0,1.4113625775727756,0,1.4445740408358534,1,7500.0,sailing,oygarden_terminal,sailing_to_terminal,0.0,sailing,celsio,sailing_to_emitter,2942.2676134789367,idle,yara_sluiskil,idle,815.1016108869527,1,634472.473285685,126404.02465821982,760876.4979439047
greedy,9000056,327.0,1612.5745061709642,1.0,7199.219506741136,0.7850749954474737,0,1.0,0,7500.0,0.6633455585894616,0,1.0,0,0.0,1.6861243188991666,0,1.4445740408358534,1,7500.0,sailing,oygarden_terminal,sailing_to_terminal,0.0,sailing,celsio,sailing_to_emitter,3070.887885316498,idle,yara_sluiskil,idle,567.6970370051447,1,636413.9258205441,129005.96049367714,765419.8863142213
greedy,9000056,328.0,1640.669987242103,1.0,7228.496015527841,0.63668871306061,0,1.0,0,7500.0,1.2245479209370584,0,1.0,0,0.0,1.1887514468880895,0,1.4445740408358534,1,7500.0,sailing,oygarden_terminal,sailing_to_terminal,0.0,sailing,celsio,sailing_to_emitter,3224.5476267980985,idle,yara_sluiskil,idle,320.57518509633087,1,638551.8354218215,131253.59897936822,769805.4344011897
greedy,9000056,329.0,1692.534754387822,1.0,7252.238995257568,1.0235353782288694,0,1.0,0,7500.0,1.202693625213691,0,1.0,0,0.0,1.8568868201786835,0,1.4445740408358534,1,7500.0,sailing,oygarden_terminal,sailing_to_terminal,0.0,sailing,celsio,sailing_to_emitter,3332.880745343187,idle,yara_sluiskil,idle,73.7238689659676,1,640333.7963169011,135402.78035102575,775736.5766679269
greedy,9000056,330.0,1743.4738999719457,1.0,7290.408002072664,0.6282655985872345,0,1.0,0,7500.0,0.895644773857939,0,1.0,0,0.0,1.8000265602082424,0,1.4445740408358534,1,7500.0,sailing,oygarden_terminal,sailing_to_terminal,0.0,sailing,celsio,sailing_to_emitter,3502.102152095271,idle,yara_sluiskil,idle,0.0,1,642522.7799874196,139477.91199775564,782000.6919851752
greedy,9000056,331.0,1781.4082321831959,1.0,7313.836864978556,1.2784246273450435,0,1.0,0,7500.0,0.6297943314305703,0,1.0,0,0.0,0.8525252917060782,0,1.4445740408358534,1,7500.0,sailing,oygarden_terminal,sailing_to_terminal,0.0,sailing,celsio,sailing_to_emitter,3666.141661372625,idle,yara_sluiskil,idle,0.0,1,644640.8562559893,142512.65857465565,787153.5148306449
greedy,9000056,332.0,1808.082677332182,1.0,7361.511018358583,1.2798870758794776,0,1.0,0,7500.0,1.2584555142122253,0,1.0,0,0.0,1.2210978502388785,0,1.4445740408358534,1,7500.0,sailing,oygarden_terminal,sailing_to_terminal,0.0,sailing,celsio,sailing_to_emitter,3743.833697020006,idle,yara_sluiskil,idle,0.0,1,646081.0595241399,144646.61418657453,790727.6737107143
greedy,9000056,333.0,1861.3835740075176,1.0,7409.239699428843,1.0503155661421046,0,1.0,0,7500.0,1.6640202779739677,0,1.0,0,0.0,1.6902579969291878,0,1.4445740408358534,1,7500.0,sailing,oygarden_terminal,sailing_to_terminal,0.0,sailing,celsio,sailing_to_emitter,3855.114275889074,idle,yara_sluiskil,idle,0.0,1,647784.950490566,148910.6859206014,796695.6364111673
greedy,9000056,334.0,1931.861848289207,1.0,7448.407349105567,0.8159637902805874,0,1.0,0,7500.0,0.7071685593920104,0,1.0,0,0.0,0.7893993127565581,0,1.4445740408358534,1,7500.0,sailing,oygarden_terminal,sailing_to_terminal,0.0,sailing,celsio,sailing_to_emitter,4009.1500461998385,idle,yara_sluiskil,idle,0.0,1,649824.4921562849,154548.94786313653,804373.4400194214
greedy,9000056,335.0,1961.8134182021051,1.0,7478.835707757696,0.3911178704978876,0,1.0,0,7500.0,0.8172992198786356,0,1.0,0,0.0,1.145501794619267,0,1.4445740408358534,1,7500.0,sailing,oygarden_terminal,sailing_to_terminal,0.0,sailing,celsio,sailing_to_emitter,4081.089147832149,idle,yara_sluiskil,idle,0.0,1,651219.5318721269,156945.07345616838,808164.6053282953
greedy,9000056,336.0,1996.4294858974763,1.0,7493.421003166265,0.0,1,1.0,0,7500.0,1.2260967593942762,0,1.0,0,0.0,2.258131944065115,0,1.4445740408358534,1,7500.0,sailing,oygarden_terminal,sailing_to_terminal,0.0,sailing,celsio,sailing_to_emitter,4185.480307168279,idle,yara_sluiskil,idle,0.0,1,652869.3372782742,159714.3588717981,812583.6961500724
greedy,9000056,337.0,2048.3598528817615,1.0,7493.421003166265,0.0,1,1.0,0,7500.0,0.9905690614660657,0,1.0,0,0.0,1.7222171570827436,0,1.4445740408358534,1,7500.0,sailing,oygarden_terminal,sailing_to_terminal,0.0,sailing,celsio,sailing_to_emitter,4391.2668361581755,idle,yara_sluiskil,idle,0.0,1,655315.1495687725,163868.7882305409,819183.9377993135
greedy,9000056,338.0,2090.3146288740127,1.0,7493.421003166265,0.0,1,1.0,0,7500.0,1.4662094967618786,0,1.0,0,0.0,1.3431523554473581,0,1.4445740408358534,1,7500.0,sailing,oygarden_terminal,sailing_to_terminal,0.0,sailing,celsio,sailing_to_emitter,4548.214631565704,idle,yara_sluiskil,idle,0.0,1,657377.5521603142,167225.17030992097,824602.7224702351
greedy,9000056,339.0,2152.4147826011167,1.0,7493.421003166265,0.0,1,1.0,0,7500.0,1.152334451155371,0,1.0,0,0.0,0.6940275203011959,0,1.4445740408358534,1,7500.0,sailing,oygarden_terminal,sailing_to_terminal,0.0,sailing,celsio,sailing_to_emitter,4670.6176892942485,idle,yara_sluiskil,idle,0.0,1,659168.7604250886,172193.1826080893,831361.9430331779
greedy,9000056,340.0,2201.2210048495926,1.0,7493.421003166265,0.0,1,1.0,0,7500.0,0.9824353575231846,0,1.0,0,0.0,1.4036245234731977,0,1.4445740408358534,1,7500.0,sailing,oygarden_terminal,sailing_to_terminal,0.0,sailing,celsio,sailing_to_emitter,4733.865188977899,idle,yara_sluiskil,idle,0.0,1,660495.5665025426,176097.68038796738,836593.24689051
greedy,9000056,341.0,2242.831284188167,1.0,7493.421003166265,0.0,1,1.0,0,7500.0,0.7828854916135928,0,1.0,0,0.0,1.4032963642371306,0,1.4445740408358534,1,7500.0,sailing,oygarden_terminal,sailing_to_terminal,0.0,sailing,celsio,sailing_to_emitter,4861.778958589639,idle,yara_sluiskil,idle,0.0,1,662330.0367487237,179426.5027350533,841756.539483777
greedy,9000056,342.0,2275.989785403235,1.0,7493.421003166265,0.0,1,1.0,0,7500.0,0.8430994148428652,0,1.0,0,0.0,2.015671633783951,0,1.4445740408358534,1,7500.0,sailing,oygarden_terminal,sailing_to_terminal,0.0,sailing,celsio,sailing_to_emitter,4989.662728686413,idle,yara_sluiskil,idle,0.0,1,664164.2714829628,182079.18283225878,846243.4543152215
greedy,9000056,343.0,2311.6986001289633,1.0,7493.421003166265,0.0,1,1.0,0,7500.0,0.8571911431977813,0,1.0,0,0.0,1.2413540929614486,0,1.4445740408358534,1,7500.0,sailing,oygarden_terminal,sailing_to_terminal,0.0,loading,celsio,loading,5173.352720950003,idle,yara_sluiskil,idle,0.0,1,666021.474359478,184935.88801031705,850957.3623697951
greedy,9000056,344.0,2348.004258961249,1.0,7493.421003166265,0.5824352516201594,0,1.0,0,6700.0,0.9327541114818712,0,1.0,0,0.0,1.7232752964598443,0,1.4445740408358534,1,7500.0,sailing,oygarden_terminal,sailing_to_terminal,800.0,loading,celsio,loading,5286.478367144434,idle,yara_sluiskil,idle,0.0,1,673605.1300730684,187840.34071689993,861445.4707899684
greedy,9000056,345.0,2363.1449995396238,1.0,7500.0,1.5202723525053523,0,1.0,0,5939.506069112591,0.9824604070265209,0,1.0,0,0.0,0.9397691776670212,0,1.4445740408358534,1,7500.0,sailing,oygarden_terminal,sailing_to_terminal,1600.0,loading,celsio,loading,5443.521783895725,idle,yara_sluiskil,idle,0.0,1,681533.56334236,189051.59996316992,870585.1633055299
greedy,9000056,346.0,2419.83784374281,1.0,7500.0,0.9010166912757512,0,1.0,0,5181.11740940324,0.8892303186085444,0,1.0,0,0.0,1.5655022868726234,0,1.4445740408358534,1,7500.0,sailing,oygarden_terminal,sailing_to_terminal,2400.0,loading,celsio,loading,5529.163616292637,idle,yara_sluiskil,idle,0.0,1,688901.4566886377,193587.02749942485,882488.4841880626
greedy,9000056,347.0,2453.4378689160967,1.0,7500.0,1.2768360404498655,0,1.0,0,4418.780062391335,1.0385802391448695,0,1.0,0,0.0,1.6995433586116768,0,1.4445740408358534,1,7500.0,sailing,oygarden_terminal,sailing_to_terminal,3200.0,loading,celsio,loading,5671.828846313309,idle,yara_sluiskil,idle,0.0,1,696717.0136435458,196275.02951328777,892992.0431568336
greedy,9000056,348.0,2501.052654095966,1.0,7500.0,1.0993288637324086,0,1.0,0,3662.7683141734087,0.8276073454357162,0,1.0,0,0.0,2.3482202259095457,0,1.4445740408358534,1,7500.0,sailing,oygarden_terminal,sailing_to_terminal,4000.0,loading,celsio,loading,5826.709211520566,idle,yara_sluiskil,idle,0.0,1,704628.4658226145,200084.2123276773,904712.6781502918
greedy,9000056,349.0,2542.0479719037476,1.0,7500.0,1.0741093756807834,0,1.0,0,2897.8209744451797,0.8949277010052501,0,1.0,0,0.0,1.7235473725842736,0,1.4445740408358534,1,7500.0,sailing,oygarden_terminal,sailing_to_terminal,4800.0,loading,celsio,loading,6040.703715951798,idle,yara_sluiskil,idle,0.0,1,713003.9950295145,203363.83775229985,916367.8327818144
greedy,9000056,350.0,2582.102817713994,1.0,7500.0,1.173018470505251,0,1.0,0,2135.7249355979393,0.7141462814692279,0,1.0,0,0.0,1.2979126879674572,0,1.4445740408358534,1,7500.0,sailing,oygarden_terminal,sailing_to_terminal,5600.0,loading,celsio,loading,6197.771349823342,idle,yara_sluiskil,idle,0.0,1,720932.6184159139,206568.22541711957,927500.8438330335
greedy,9000056,351.0,2625.846097004503,1.0,7500.0,0.7031169149961716,0,1.0,0,1365.9720414588837,1.1391395080962399,0,1.0,0,0.0,0.9956511776249307,0,1.4445740408358534,1,7500.0,unloading,oygarden_terminal,unloading,6400.0,loading,celsio,loading,6316.0506197950735,idle,yara_sluiskil,idle,0.0,1,728141.5927818088,210067.68776036025,938209.280542169
greedy,9000056,352.0,2652.066173317476,1.0,7500.0,1.1890236259289175,0,1.0,0,614.2194022389256,1.0467370508210398,0,1.0,0,0.0,2.0215163808608927,0,1.4445740408358534,1,6700.0,unloading,oygarden_terminal,unloading,7200.0,loading,celsio,loading,6406.784618272596,idle,yara_sluiskil,idle,514.6118721461187,1,735275.7514376267,212165.29386539807,947441.0453030247
greedy,9000056,353.0,2696.4062887786695,1.0,7500.0,1.0890004380356726,0,1.0,0,358.5531293846029,0.6175292265047778,0,1.0,0,0.0,0.8652290202572308,0,1.4445740408358534,1,5900.0,unloading,oygarden_terminal,unloading,7500.0,idle,celsio,idle,6591.005893245897,idle,yara_sluiskil,idle,1029.7930804343669,1,739218.338366938,215712.50310229353,954930.8414692315
greedy,9000056,354.0,2737.016413201542,1.0,7500.0,1.0354584361118513,0,1.0,0,384.7080956302992,0.7762609505995592,0,1.0,0,0.0,1.4114111573293573,0,1.4445740408358534,1,5100.0,unloading,oygarden_terminal,unloading,7500.0,sailing,oygarden_terminal,sailing_to_terminal,6669.854364411788,idle,yara_sluiskil,idle,1552.9233849571986,1,740390.4168361834,218961.31305612333,959351.7298923067
greedy,9000056,355.0,2775.6298863378584,1.0,7500.0,0.6937541853409914,0,1.0,0,417.5860196043583,1.4522094359460507,0,1.0,0,0.0,1.2441694319239565,0,1.4445740408358534,1,4300.0,unloading,oygarden_terminal,unloading,7500.0,sailing,oygarden_terminal,sailing_to_terminal,6798.476414200206,idle,yara_sluiskil,idle,2081.147604542081,1,741951.155523569,222050.39090702863,964001.5464305975
greedy,9000056,356.0,2801.5007985391626,1.0,7500.0,1.2285416618407712,0,1.0,0,479.09321173165546,1.0055247976230752,0,1.0,0,0.0,2.175569748649282,0,1.4445740408358534,1,3500.0,unloading,oygarden_terminal,unloading,7500.0,sailing,oygarden_terminal,sailing_to_terminal,6911.8576242982135,idle,yara_sluiskil,idle,2613.041088309361,1,743390.741219629,224120.06388313297,967510.805102762
greedy,9000056,357.0,2847.314558188574,1.0,7500.0,1.211900931422343,0,1.0,0,521.6814262035394,0.7040931611240495,0,1.0,0,0.0,1.498022888077368,0,1.4445740408358534,1,2700.0,unloading,oygarden_terminal,unloading,7500.0,sailing,oygarden_terminal,sailing_to_terminal,7110.1172367522395,idle,yara_sluiskil,idle,3147.757332293004,1,745495.5096036564,227785.16465508592,973280.6742587422
greedy,9000056,358.0,2892.5077582097006,1.0,7500.0,0.4739458737316383,0,1.0,0,551.5027400339102,1.0210002403319203,0,1.0,0,0.0,1.1178689403383377,0,1.4445740408358534,1,1900.0,unloading,oygarden_terminal,unloading,7500.0,sailing,oygarden_terminal,sailing_to_terminal,7246.631920230556,idle,yara_sluiskil,idle,3684.7403910087787,1,747114.6184850965,231400.620656776,978515.2391418725
greedy,9000056,359.0,2910.1817500923125,1.0,7500.0,1.0731316173361025,0,1.0,0,594.7464047489802,0.9855432889059627,0,1.0,0,0.0,1.6802703383355722,0,1.4445740408358534,1,1100.0,unloading,oygarden_terminal,unloading,7500.0,sailing,oygarden_terminal,sailing_to_terminal,7348.5031356688205,idle,yara_sluiskil,idle,4223.600138418101,1,748460.9885122371,232814.540007385,981275.528519622
greedy,9000056,360.0,2950.2000675697936,1.0,7500.0,0.7587673283113473,0,1.0,0,636.4883180846538,0.8718051424423308,0,1.0,0,1.6257868194337277,0.8998083095335137,0,1.4445740408358534,1,300.0,unloading,oygarden_terminal,unloading,7500.0,sailing,oygarden_terminal,sailing_to_terminal,7500.0,idle,yara_sluiskil,idle,4764.0495243306395,1,750196.2941848667,236016.00540558348,986212.2995904502
greedy,9000056,361.0,2978.495373066184,1.0,7500.0,0.6301457425910042,0,1.0,0,673.412941397567,1.4372886144928954,0,1.0,0,83.62505172396321,1.8008170521767117,0,1.4445740408358534,1,0.0,idle,oygarden_terminal,idle,7500.0,sailing,oygarden_terminal,sailing_to_terminal,7500.0,sailing,oygarden_terminal,sailing_to_terminal,4805.869664655742,1,751141.5854273334,238279.6298452947,989421.215272628
greedy,9000056,362.0,3001.994227433841,1.0,7500.0,0.7078122365383559,0,1.0,0,734.2881738301398,0.9624132786211775,0,1.0,0,247.73285599223703,1.4692676097634798,0,1.4445740408358534,1,0.0,sailing,brevik,sailing_to_emitter,7500.0,sailing,oygarden_terminal,sailing_to_terminal,7500.0,sailing,oygarden_terminal,sailing_to_terminal,4548.8889283377175,1,752492.3675292237,240159.53819470722,992651.9057239309
greedy,9000056,363.0,3028.389349809057,1.0,7500.0,1.4878056300374416,0,1.0,0,775.0504337141293,0.5989170740234072,0,1.0,0,381.62658148491073,1.3202822895033328,0,1.4445740408358534,1,0.0,sailing,brevik,sailing_to_emitter,7500.0,sailing,oygarden_terminal,sailing_to_terminal,7500.0,sailing,oygarden_terminal,sailing_to_terminal,4292.969677896924,1,753842.7144219043,242271.1479847245,996113.8624066288
greedy,9000056,364.0,3083.871302973515,1.0,7500.0,1.4842780548683145,0,1.0,0,800.4170968334047,0.5814599784740808,0,1.0,0,501.94325034705156,0.8418385134707173,0,1.4445740408358534,1,0.0,sailing,brevik,sailing_to_emitter,7500.0,sailing,oygarden_terminal,sailing_to_terminal,7500.0,sailing,oygarden_terminal,sailing_to_terminal,4037.9994753790884,1,755192.6722049367,246709.70423788115,1001902.3764428179
greedy,9000056,365.0,3139.221699968088,1.0,7500.0,1.0354337919585923,0,1.0,0,825.0443783570513,1.0024067100563736,0,1.0,0,578.6595192827165,1.8507541659301674,0,1.4445740408358534,1,0.0,sailing,brevik,sailing_to_emitter,7500.0,sailing,oygarden_terminal,sailing_to_terminal,7500.0,sailing,oygarden_terminal,sailing_to_terminal,3783.8850321271775,1,756542.27912667,251137.735997447,1007680.015124117
greedy,9000056,366.0,3177.8341836852037,1.0,7500.0,1.1035518147346628,0,1.0,0,867.5005286746283,0.8752827031640203,0,1.0,0,747.317578598054,1.6701942843779043,0,1.4445740408358534,1,0.0,sailing,brevik,sailing_to_emitter,7500.0,sailing,oygarden_terminal,sailing_to_terminal,7500.0,sailing,oygarden_terminal,sailing_to_terminal,3530.5479175970413,1,757891.5673436273,254226.7346948162,1012118.3020384435
greedy,9000056,367.0,3218.9868569027253,1.0,7500.0,0.5301139036998301,0,1.0,0,904.5724413455011,0.893477078198422,0,1.0,0,899.5212179378019,1.8841914737664625,0,1.4445740408358534,1,0.0,sailing,brevik,sailing_to_emitter,7500.0,sailing,oygarden_terminal,sailing_to_terminal,7500.0,sailing,oygarden_terminal,sailing_to_terminal,3277.9214365422663,1,759240.5642008596,257518.94855221795,1016759.5127530775
greedy,9000056,368.0,3238.7553901475558,1.0,7500.0,0.7503440401135684,0,1.0,0,942.414962506566,1.0540595669886255,0,1.0,0,1071.2261455356622,1.135256319864884,0,1.4445740408358534,1,0.0,sailing,brevik,sailing_to_emitter,7500.0,sailing,oygarden_terminal,sailing_to_terminal,7500.0,sailing,oygarden_terminal,sailing_to_terminal,3025.9483059018276,1,760589.2931844223,259100.43121180436,1019689.7243962267
greedy,9000056,369.0,3266.7365440314907,1.0,7500.0,1.3606412627084348,0,1.0,0,987.0588290836687,0.8555885537570094,0,1.0,0,1174.681109431691,1.4116512751223185,0,1.4445740408358534,1,0.0,sailing,brevik,sailing_to_emitter,7500.0,sailing,oygarden_terminal,sailing_to_terminal,7500.0,sailing,oygarden_terminal,sailing_to_terminal,2774.578893362366,1,761937.7746435635,261338.92352251915,1023276.6981660827
greedy,9000056,370.0,3317.4763438987884,1.0,7500.0,1.3960130168268465,0,1.0,0,1023.2966114966207,1.1026025016437393,0,1.0,0,1303.3236210590917,1.3883023118701963,0,1.4445740408358534,1,0.0,sailing,brevik,sailing_to_emitter,7500.0,sailing,oygarden_terminal,sailing_to_terminal,7500.0,sailing,oygarden_terminal,sailing_to_terminal,2523.7698593587365,1,763286.0263475049,265398.107511903,1028684.1338594079
greedy,9000056,371.0,3369.535185366398,1.0,7500.0,0.766288549709235,0,1.0,0,1069.99647601338,1.1553850911905639,0,1.0,0,1429.8382696397894,1.0600509684737391,0,1.4445740408358534,1,0.0,sailing,brevik,sailing_to_emitter,7500.0,sailing,oygarden_terminal,sailing_to_terminal,7500.0,sailing,oygarden_terminal,sailing_to_terminal,2273.4830946088955,1,764634.0639210523,269562.81482931174,1034196.8787503641
greedy,9000056,372.0,3398.1109129766887,1.0,7500.0,1.099050815434832,0,1.0,0,1118.9319057288449,1.0600819792357423,0,1.0,0,1526.4396193641508,1.4036055145806716,0,1.4445740408358534,1,0.0,sailing,brevik,sailing_to_emitter,7500.0,sailing,oygarden_terminal,sailing_to_terminal,7500.0,sailing,oygarden_terminal,sailing_to_terminal,2023.6848779360944,1,765981.9011898882,271848.873038135,1037830.7742280232
greedy,9000056,373.0,3439.0975721464697,1.0,7500.0,1.1276654452338382,0,1.0,0,1163.8308468551031,0.9190601990294962,0,1.0,0,1654.3506264292023,2.36733691485629,0,1.4445740408358534,1,0.0,sailing,brevik,sailing_to_emitter,7500.0,sailing,oygarden_terminal,sailing_to_terminal,7500.0,sailing,oygarden_terminal,sailing_to_terminal,1774.3452008530085,1,767329.5504574924,275127.80577171745,1042457.3562292098
greedy,9000056,374.0,3481.155187827022,1.0,7500.0,0.8637626585801328,0,1.0,0,1202.7569210418014,0.9059898194283769,0,1.0,0,1870.093297735037,1.5003012683017536,0,1.4445740408358534,1,0.0,sailing,brevik,sailing_to_emitter,7500.0,sailing,oygarden_terminal,sailing_to_terminal,7500.0,sailing,oygarden_terminal,sailing_to_terminal,1525.4372201531473,1,768677.0227295791,278492.41502616165,1047169.4377557407
greedy,9000056,375.0,3513.3731773943205,1.0,7500.0,1.2775555923887003,0,1.0,0,1241.129409547672,0.5314598858240362,0,1.0,0,2006.8244855690584,0.9390682342002142,0,1.4445740408358534,1,0.0,sailing,brevik,sailing_to_emitter,7500.0,sailing,oygarden_terminal,sailing_to_terminal,7500.0,sailing,oygarden_terminal,sailing_to_terminal,1276.9368099993562,1,770024.3278977422,281069.8541915455,1051094.1820892878
greedy,9000056,376.0,3561.0298196040844,1.0,7500.0,0.9547713027654956,0,1.0,0,1263.6389763471984,0.8591306255375977,0,1.0,0,2092.4098272009005,1.2231736730695295,0,1.4445740408358534,1,0.0,sailing,brevik,sailing_to_emitter,7500.0,sailing,oygarden_terminal,sailing_to_terminal,7500.0,sailing,oygarden_terminal,sailing_to_terminal,1028.8221922319233,1,771371.4748910269,284882.38556832663,1056253.8604593535
greedy,9000056,377.0,3596.648892095405,1.0,7500.0,1.110263143839288,0,1.0,0,1300.026780433433,0.9795075183068198,0,1.0,0,2203.891503808616,1.3891513088333636,0,1.4445740408358534,1,0.0,sailing,brevik,sailing_to_emitter,7500.0,sailing,oygarden_terminal,sailing_to_terminal,7500.0,sailing,oygarden_terminal,sailing_to_terminal,781.0736288080257,1,772718.4718020307,287731.9113676323,1060450.383169663
greedy,9000056,378.0,3638.0725834983673,1.0,7500.0,0.9246843184129228,0,1.0,0,1341.513053437424,0.4068002398651579,0,1.0,0,2330.504431557088,0.8649978780073203,0,1.4445740408358534,1,0.0,sailing,brevik,sailing_to_emitter,7500.0,sailing,oygarden_terminal,sailing_to_terminal,7500.0,sailing,oygarden_terminal,sailing_to_terminal,533.6731640622081,1,774065.3259925764,291045.80667986925,1065111.1326724456
greedy,9000056,379.0,3672.575513483488,1.0,7500.0,1.017801711740144,0,1.0,0,1358.742758665525,1.3053707641534724,0,1.0,0,2409.3462564741567,1.3475076396967465,0,1.4445740408358534,1,0.0,sailing,brevik,sailing_to_emitter,7500.0,sailing,oygarden_terminal,sailing_to_terminal,7500.0,sailing,oygarden_terminal,sailing_to_terminal,286.6044072651289,1,775412.0441828631,293806.0410786789,1069218.085261542
greedy,9000056,380.0,3710.556414875414,1.0,7500.0,1.4263428705430097,0,1.0,0,1414.030713970566,0.6544813531150215,0,1.0,0,2532.171034786936,1.931948987889899,0,1.4445740408358534,1,0.0,sailing,brevik,sailing_to_emitter,7500.0,sailing,oygarden_terminal,sailing_to_terminal,7500.0,sailing,oygarden_terminal,sailing_to_terminal,39.85234803992037,1,776758.6325271454,296844.513190033,1073603.1457171785
greedy,9000056,381.0,3763.787539362136,1.0,7500.0,1.1640543276420698,0,1.0,0,1441.750758568372,0.9438432160727175,0,1.0,0,2708.27272897712,1.287062674135663,0,1.4445740408358534,1,0.0,sailing,brevik,sailing_to_emitter,7500.0,sailing,oygarden_terminal,sailing_to_terminal,7500.0,sailing,oygarden_terminal,sailing_to_terminal,0.0,1,778020.3919898419,301103.0031489708,1079123.3951388127
greedy,9000056,382.0,3807.2340151309413,1.0,7500.0,1.0955080839541254,0,1.0,0,1481.7264980120506,0.9996610480948711,0,1.0,0,2825.5950647536624,1.8999261744917624,0,1.4445740408358534,1,0.0,sailing,brevik,sailing_to_emitter,7500.0,sailing,oygarden_terminal,sailing_to_terminal,7500.0,sailing,oygarden_terminal,sailing_to_terminal,0.0,1,779265.8119898419,304578.7212104752,1083844.533200317
greedy,9000056,383.0,3848.125839425177,1.0,7500.0,0.3798409524299732,0,1.0,0,1524.066357969847,1.2294754513310782,0,1.0,0,2998.7882727781703,1.8773228756208247,0,1.4445740408358534,1,0.0,sailing,brevik,sailing_to_emitter,7500.0,sailing,oygarden_terminal,sailing_to_terminal,7500.0,sailing,oygarden_terminal,sailing_to_terminal,0.0,1,780511.2319898418,307850.0671540141,1088361.299143856
greedy,9000056,384.0,3862.305384225034,1.0,7500.0,0.6896286517168775,0,1.0,0,1576.139826802221,0.4782199080144294,0,1.0,0,3169.926184427979,1.0735733595536918,0,1.4445740408358534,1,0.0,sailing,brevik,sailing_to_emitter,7500.0,sailing,oygarden_terminal,sailing_to_terminal,7500.0,sailing,oygarden_terminal,sailing_to_terminal,0.0,1,781756.6519898418,308984.4307380026,1090741.0827278444
greedy,9000056,385.0,3888.0517175597156,1.0,7500.0,0.9041135787932818,0,1.0,0,1596.3944560817642,0.8468243640251011,0,1.0,0,3267.796751974262,0.9994381390742949,0,1.4445740408358534,1,0.0,sailing,brevik,sailing_to_emitter,7500.0,sailing,oygarden_terminal,sailing_to_terminal,7500.0,sailing,oygarden_terminal,sailing_to_terminal,0.0,1,783002.0719898419,311044.1374047771,1094046.2093946189
greedy,9000056,386.0,3921.8086261416192,1.0,7500.0,1.031979623295664,0,1.0,0,1632.261038109746,0.5250340221377968,0,1.0,0,3358.9116572891908,2.025267880194117,0,1.4445740408358534,1,0.0,sailing,brevik,sailing_to_emitter,7500.0,unloading,oygarden_terminal,unloading,7500.0,sailing,oygarden_terminal,sailing_to_terminal,0.0,1,783832.3519898419,313744.6900913294,1097577.0420811712
greedy,9000056,387.0,3960.343184898799,1.0,7500.0,0.8930175302065796,0,1.0,0,1654.498442490719,1.388769089959476,0,1.0,0,3543.553067702266,1.0962936910997434,0,1.4445740408358534,1,0.0,sailing,brevik,sailing_to_emitter,6700.0,unloading,oygarden_terminal,unloading,7500.0,sailing,oygarden_terminal,sailing_to_terminal,520.2351988478549,1,784801.7555583143,316827.4547919038,1101629.210350218
greedy,9000056,388.0,3993.6918788408357,1.0,7500.0,0.9042481752575687,0,1.0,0,1713.3186685009862,1.26207468453348,0,1.0,0,3643.5039592488956,1.3494230640091889,0,1.4445740408358534,1,0.0,sailing,brevik,sailing_to_emitter,5900.0,unloading,oygarden_terminal,unloading,7500.0,sailing,oygarden_terminal,sailing_to_terminal,1052.5902640094002,1,785766.189981598,319495.35030726675,1105261.5402888649
greedy,9000056,389.0,4027.4630452277565,1.0,7500.0,1.3680958518851223,0,1.0,0,1766.772852297849,1.5603113463718237,0,1.0,0,3766.5367880101335,0.6528947227372841,0,1.4445740408358534,1,0.0,loading,brevik,loading,5100.0,unloading,oygarden_terminal,unloading,7500.0,sailing,oygarden_terminal,sailing_to_terminal,1590.7843137174427,1,786313.0904212177,322197.0436182204,1108510.134039438
greedy,9000056,390.0,4078.5622954046275,1.0,6700.0,1.207522666982921,0,1.0,0,1832.8586160893321,0.7058101951292947,0,1.0,0,3826.0658667735697,1.1666294771259802,0,1.4445740408358534,1,800.0,loading,brevik,loading,4300.0,unloading,oygarden_terminal,unloading,7500.0,sailing,oygarden_terminal,sailing_to_terminal,2132.568209643454,1,793138.9390238882,326284.98363237013,1119423.9226562583
greedy,9000056,391.0,4078.5622954046275,1.0,5945.105848795864,0.8911118708896004,0,1.0,0,1862.7526535488405,1.3247092546282415,0,1.0,0,3932.4390293348574,1.497676919097012,0,1.4445740408358534,1,1600.0,loading,brevik,loading,3500.0,unloading,oygarden_terminal,unloading,7500.0,sailing,oygarden_terminal,sailing_to_terminal,2676.8362932520145,1,799963.7691096085,326284.98363237013,1126248.7527419785
greedy,9000056,392.0,4078.5622954046275,1.0,5178.395508828135,1.5042693119809953,0,1.0,0,1918.859675456564,0.5369631494435316,0,1.0,0,4069.001191643374,1.7492203685534815,0,1.4445740408358534,1,2400.0,loading,brevik,loading,2700.0,unloading,oygarden_terminal,unloading,7500.0,sailing,oygarden_terminal,sailing_to_terminal,3222.9521999066437,1,806787.8415878803,326284.98363237013,1133072.8252202505
greedy,9000056,393.0,4078.5622954046275,1.0,4434.596282935582,1.3202728163574844,0,1.0,0,1941.6023286721356,0.6339074241686632,0,1.0,0,4228.504573377935,1.7387117504003768,0,1.4445740408358534,1,3200.0,loading,brevik,loading,1900.0,unloading,oygarden_terminal,unloading,7500.0,sailing,oygarden_terminal,sailing_to_terminal,3770.512245873422,1,813611.3219690338,326284.98363237013,1139896.305601404
greedy,9000056,394.0,4078.5622954046275,1.0,3683.927285193895,0.7966239993933738,0,1.0,0,1968.4509806393787,0.8127273521603631,0,1.0,0,4387.054512577019,1.5136584966030922,0,1.4445740408358534,1,4000.0,loading,brevik,loading,1100.0,unloading,oygarden_terminal,unloading,7500.0,sailing,oygarden_terminal,sailing_to_terminal,4319.242605074502,1,820434.3225217614,326284.98363237013,1146719.3061541314
greedy,9000056,395.0,4078.5622954046275,1.0,2913.6952535780747,0.7240549004973407,0,1.0,0,2002.8734104618868,1.6053365320595017,0,1.0,0,4525.086429502706,1.843131899677714,0,1.4445740408358534,1,4800.0,loading,brevik,loading,300.0,unloading,oygarden_terminal,unloading,7500.0,sailing,oygarden_terminal,sailing_to_terminal,4868.948127550897,1,827256.923257546,326284.98363237013,1153541.9068899162
greedy,9000056,396.0,4078.5622954046275,1.0,2140.7539498116353,0.8456926935800549,0,1.0,0,2070.866180693426,0.9011406837788426,0,1.0,0,4693.168408316576,0.6471259852881094,0,1.4445740408358534,1,5600.0,loading,brevik,loading,0.0,idle,oygarden_terminal,idle,7500.0,sailing,oygarden_terminal,sailing_to_terminal,4919.484319475816,1,834063.9209188569,326284.98363237013,1160348.904551227
greedy,9000056,397.0,4078.5622954046275,1.0,1372.3612567144428,0.8491510291830311,0,1.0,0,2109.0332878605827,0.7860300488189385,0,1.0,0,4752.183990523587,1.2408532209784873,0,1.4445740408358534,1,6400.0,loading,brevik,loading,0.0,sailing,yara_sluiskil,sailing_to_emitter,7500.0,sailing,oygarden_terminal,sailing_to_terminal,4670.740875591919,1,841276.6057308493,326284.98363237013,1167561.5893632194
greedy,9000056,398.0,4078.5622954046275,1.0,604.1007067004041,1.4738669988003519,0,1.0,0,2142.3249743307506,0.0,1,1.0,0,4865.348797944864,1.4825337091941613,0,1.4445740408358534,1,7200.0,loading,brevik,loading,0.0,sailing,yara_sluiskil,sailing_to_emitter,7500.0,sailing,oygarden_terminal,sailing_to_terminal,4422.6314520394,1,848489.0305945058,326284.98363237013,1174774.014226876
greedy,9000056,399.0,4078.5622954046275,1.0,359.19572103118173,0.8264061068751918,0,1.0,0,2142.3249743307506,0.0,1,1.0,0,5000.558754268902,1.4571704538750037,0,1.0,0,7500.0,idle,brevik,idle,0.0,sailing,yara_sluiskil,sailing_to_emitter,7500.0,sailing,oygarden_terminal,sailing_to_terminal,4175.087027020623,1,851775.9613087636,326284.98363237013,1178060.9449411337
greedy,9000056,400.0,4078.5622954046275,1.0,390.0906397962894,0.7133171068303934,0,1.0,0,2142.3249743307506,0.0,1,1.0,0,5133.459546906265,1.3006602303339163,0,1.0,0,7500.0,sailing,oygarden_terminal,sailing_to_terminal,0.0,sailing,yara_sluiskil,sailing_to_emitter,7500.0,sailing,oygarden_terminal,sailing_to_terminal,3928.0514305851198,1,853122.6659033021,326284.98363237013,1179407.6495356723
greedy,9000056,401.0,4078.5622954046275,1.0,416.76019114529583,0.5824524017444486,0,1.0,0,2142.3249743307506,0.0,1,1.0,0,5252.089455034075,0.7000051089938346,0,1.0,0,7500.0,sailing,oygarden_terminal,sailing_to_terminal,0.0,sailing,yara_sluiskil,sailing_to_emitter,7500.0,sailing,oygarden_terminal,sailing_to_terminal,3681.4782413571706,1,854469.1809108856,326284.98363237013,1180754.1645432557
greedy,9000056,402.0,4078.5622954046275,1.0,438.53894614626574,0.25465930201071285,0,1.0,0,2142.3249743307506,0.0,1,1.0,0,5315.937067326471,1.2890957686415494,0,1.0,0,7500.0,sailing,oygarden_terminal,sailing_to_terminal,0.0,sailing,yara_sluiskil,sailing_to_emitter,7500.0,sailing,oygarden_terminal,sailing_to_terminal,3435.3285752679626,1,855815.5222739821,326284.98363237013,1182100.5059063523
greedy,9000056,403.0,4078.5622954046275,1.0,448.0618999311808,1.0761051736068266,0,1.0,0,2142.3249743307506,0.0,1,1.0,0,5433.519314553221,1.0091631751905663,0,1.0,0,7500.0,sailing,oygarden_terminal,sailing_to_terminal,0.0,sailing,yara_sluiskil,sailing_to_emitter,7500.0,sailing,oygarden_terminal,sailing_to_terminal,3189.569473971862,1,857161.7035055135,326284.98363237013,1183446.6871378836
greedy,9000056,404.0,4078.5622954046275,1.0,488.30638467538785,0.9446224169524199,0,1.0,0,2142.3249743307506,0.0,1,1.0,0,5525.570860175715,1.2775996297587553,0,1.0,0,7500.0,sailing,oygarden_terminal,sailing_to_terminal,0.0,sailing,yara_sluiskil,sailing_to_emitter,7500.0,sailing,oygarden_terminal,sailing_to_terminal,2944.172706949163,1,858507.7361799928,326284.98363237013,1184792.719812363
greedy,9000056,405.0,4078.5622954046275,1.0,523.6368557028034,1.2407193351579509,0,1.0,0,2142.3249743307506,0.0,1,1.0,0,5642.111550062873,0.7447801710112933,0,1.0,0,7500.0,sailing,oygarden_terminal,sailing_to_terminal,0.0,sailing,yara_sluiskil,sailing_to_emitter,7500.0,sailing,oygarden_terminal,sailing_to_terminal,2699.1138654925944,1,859853.63030499,326284.98363237013,1186138.6139373602
greedy,9000056,406.0,4078.5622954046275,1.0,570.0460728584073,0.7677921987769936,0,1.0,0,2142.3249743307506,0.9518159433292861,0,1.0,0,5710.051313342134,0.5397880546181916,0,1.0,0,7500.0,sailing,oygarden_terminal,sailing_to_terminal,0.0,sailing,yara_sluiskil,sailing_to_emitter,7500.0,unloading,oygarden_terminal,unloading,2454.3716667772433,1,860784.2546064632,326284.98363237013,1187069.2382388334
greedy,9000056,407.0,4078.5622954046275,1.0,598.768021184019,1.2040410143497815,0,1.0,0,2182.638392386763,0.8331470891720322,0,1.0,0,5759.292930739803,0.48504274065085184,0,1.0,0,7500.0,sailing,oygarden_terminal,sailing_to_terminal,0.0,sailing,yara_sluiskil,sailing_to_emitter,6700.0,unloading,oygarden_terminal,unloading,3009.927411840566,1,861739.1767509874,326284.98363237013,1188024.1603833577
greedy,9000056,408.0,4078.5622954046275,1.0,643.8134783926075,1.5741571535720267,0,1.0,0,2217.9256841613264,1.123036725793635,0,1.0,0,5803.541798730045,0.525196546508176,0,1.0,0,7500.0,sailing,oygarden_terminal,sailing_to_terminal,0.0,sailing,yara_sluiskil,sailing_to_emitter,5900.0,unloading,oygarden_terminal,unloading,3565.7645581241213,1,862693.9835210111,326284.98363237013,1188978.967153381
greedy,9000056,409.0,4078.5622954046275,1.0,702.7110389664938,1.2185381150092938,0,1.0,0,2265.491024221523,0.4303721680198982,0,1.0,0,5851.45521444373,1.0168550221127508,0,1.0,0,7500.0,sailing,oygarden_terminal,sailing_to_terminal,0.0,sailing,yara_sluiskil,sailing_to_emitter,5100.0,unloading,oygarden_terminal,unloading,4121.868378519017,1,863648.6809546492,326284.98363237013,1189933.6645870195
greedy,9000056,410.0,4078.5622954046275,1.0,748.3071535676683,1.3026166342965544,0,1.0,0,2283.719099986226,0.5908142994542429,0,1.0,0,5944.225186034876,0.8672146918903937,0,1.0,0,7500.0,sailing,oygarden_terminal,sailing_to_terminal,0.0,sailing,yara_sluiskil,sailing_to_emitter,4300.0,unloading,oygarden_terminal,unloading,4678.225686583567,1,864603.2744583428,326284.98363237013,1190888.258090713
greedy,9000056,411.0,4078.5622954046275,1.0,797.0538113336771,1.267998099099636,0,1.0,0,2308.7425764411996,0.6039368594296458,0,1.0,0,6023.345523652784,0.7839378097109306,0,1.0,0,7500.0,sailing,oygarden_terminal,sailing_to_terminal,0.0,sailing,yara_sluiskil,sailing_to_emitter,3500.0,unloading,oygarden_terminal,unloading,5234.824612983931,1,865557.7688985186,326284.98363237013,1191842.7525308887
greedy,9000056,412.0,4078.5622954046275,1.0,844.5092856035135,0.8451594007624393,0,1.0,0,2334.3218486358446,0.9658805715843544,0,1.0,0,6094.870254174054,0.7980757490346971,0,1.0,0,7500.0,sailing,oygarden_terminal,sailing_to_terminal,0.0,sailing,yara_sluiskil,sailing_to_emitter,2700.0,unloading,oygarden_terminal,unloading,5791.654422018652,1,866512.1686768145,326284.98363237013,1192797.1523091847
greedy,9000056,413.0,4078.5622954046275,1.0,876.1426824406236,1.068028945634632,0,1.0,0,2375.230962994932,0.8954700256810084,0,1.0,0,6167.687097323066,0.8879756878855056,0,1.0,0,7500.0,sailing,oygarden_terminal,sailing_to_terminal,0.0,sailing,yara_sluiskil,sailing_to_emitter,1900.0,unloading,oygarden_terminal,unloading,6348.705359825234,1,867466.4777923137,326284.98363237013,1193751.4614246837
greedy,9000056,414.0,4078.5622954046275,1.0,916.1214794307659,0.696976115320884,0,1.0,0,2413.157893884151,1.3044481994946446,0,1.0,0,6248.708903654215,0.8845118831658492,0,1.0,0,7500.0,sailing,oygarden_terminal,sailing_to_terminal,0.0,sailing,yara_sluiskil,sailing_to_emitter,1100.0,unloading,oygarden_terminal,unloading,6905.968527859923,1,868420.6998934195,326284.98363237013,1194705.6835257895
greedy,9000056,415.0,4078.5622954046275,1.0,942.2132814336302,0.7288339692704892,0,1.0,0,2468.406774686358,0.8315626789049602,0,1.0,0,6329.4170979428745,1.3183092116913786,0,1.0,0,7500.0,sailing,oygarden_terminal,sailing_to_terminal,0.0,sailing,yara_sluiskil,sailing_to_emitter,300.0,unloading,oygarden_terminal,unloading,7463.435776711284,1,869374.8383213906,326284.98363237013,1195659.8219537607
greedy,9000056,416.0,4078.5622954046275,1.0,969.5001853268923,1.0237874081898573,0,1.0,0,2503.6269600062374,1.2565395687952856,0,1.0,0,6449.711206490784,0.6561860819542892,0,1.0,0,7500.0,sailing,oygarden_terminal,sailing_to_terminal,0.0,sailing,yara_sluiskil,sailing_to_emitter,0.0,idle,oygarden_terminal,idle,7521.0996164039,1,870313.6336471166,326284.98363237013,1196598.6172794867
greedy,9000056,417.0,4078.5622954046275,1.0,1007.8333719765136,1.3550603226283688,0,1.0,0,2556.8467083155397,0.9910321809983905,0,1.0,0,6509.589194370935,1.254976648760269,0,1.0,0,7500.0,sailing,oygarden_terminal,sailing_to_terminal,0.0,sailing,yara_sluiskil,sailing_to_emitter,0.0,sailing,yara_sluiskil,sailing_to_emitter,7278.95314017435,1,871658.3337023706,326284.98363237013,1197943.317334741
greedy,9000056,418.0,4078.5622954046275,1.0,1058.5748646083725,0.7079404742765936,0,1.0,0,2598.8210993724965,0.8326853827904799,0,1.0,0,6624.111198675109,0.5778921897775153,0,1.0,0,7500.0,sailing,oygarden_terminal,sailing_to_terminal,0.0,sailing,yara_sluiskil,sailing_to_emitter,0.0,sailing,yara_sluiskil,sailing_to_emitter,7036.9899593303335,1,873002.9586065167,326284.98363237013,1199287.9422388868
greedy,9000056,419.0,4078.5622954046275,1.0,1085.0867624657942,1.1379718578629878,0,1.0,0,2634.088835935247,1.1342271067138403,0,1.0,0,6676.847932820677,1.4640661214684032,0,1.0,0,7500.0,sailing,oygarden_terminal,sailing_to_terminal,0.0,sailing,yara_sluiskil,sailing_to_emitter,0.0,sailing,yara_sluiskil,sailing_to_emitter,6795.2041472866495,1,874347.5107894547,326284.98363237013,1200632.4944218248
greedy,9000056,420.0,4078.5622954046275,1.0,1127.7069220337662,1.2897901164176733,0,1.0,0,2682.12813580606,0.8607869126786729,0,1.0,0,6810.458317180791,0.7548790740327975,0,1.0,0,7500.0,sailing,oygarden_terminal,sailing_to_terminal,0.0,sailing,yara_sluiskil,sailing_to_emitter,0.0,sailing,yara_sluiskil,sailing_to_emitter,6553.590191245991,1,875691.9925114313,326284.98363237013,1201976.9761438016
greedy,9000056,421.0,4078.5622954046275,1.0,1176.0174799151328,0.5382031246756509,0,1.0,0,2718.5860906356256,0.9095328378570795,0,1.0,0,6879.350511702816,0.4959779275832743,0,1.0,0,7500.0,sailing,oygarden_terminal,sailing_to_terminal,0.0,sailing,yara_sluiskil,sailing_to_emitter,0.0,sailing,yara_sluiskil,sailing_to_emitter,6312.142950284794,1,877036.4058802254,326284.98363237013,1203321.3895125955
greedy,9000056,422.0,4078.5622954046275,1.0,1196.1783230066546,0.9018571389578403,0,1.0,0,2757.1086409093173,1.065034132793385,0,1.0,0,6924.616092008817,0.31878387201252967,0,1.0,0,7500.0,sailing,oygarden_terminal,sailing_to_terminal,0.0,sailing,yara_sluiskil,sailing_to_emitter,0.0,sailing,yara_sluiskil,sailing_to_emitter,6070.857618834413,1,878380.75286612,326284.98363237013,1204665.73649849
greedy,9000056,423.0,4078.5622954046275,1.0,1229.9645483031468,1.2283114689322752,0,1.0,0,2802.217326617021,1.4836743338321312,0,1.0,0,6953.7108797981755,1.234646078121398,0,1.0,0,7500.0,sailing,oygarden_terminal,sailing_to_terminal,0.0,sailing,yara_sluiskil,sailing_to_emitter,0.0,sailing,yara_sluiskil,sailing_to_emitter,5829.729694730299,1,879725.0353150028,326284.98363237013,1206010.018947373
greedy,9000056,424.0,4078.5622954046275,1.0,1275.984894478866,0.568753348051411,0,1.0,0,2865.0571898258036,1.205604386852613,0,1.0,0,7066.398042227392,0.4557092135163362,0,1.0,0,7500.0,sailing,oygarden_terminal,sailing_to_terminal,0.0,sailing,yara_sluiskil,sailing_to_emitter,0.0,sailing,yara_sluiskil,sailing_to_emitter,5588.754951147341,1,881069.2549598716,326284.98363237013,1207354.238592242
greedy,9000056,425.0,4078.5622954046275,1.0,1297.2959419482754,0.5542639093787747,0,1.0,0,2916.1196184371065,1.0648566585347732,0,1.0,0,7107.9922522168845,1.2066936606779803,0,1.0,0,7500.0,sailing,oygarden_terminal,sailing_to_terminal,0.0,sailing,yara_sluiskil,sailing_to_emitter,0.0,sailing,yara_sluiskil,sailing_to_emitter,5347.929411856445,1,882413.4134309809,326284.98363237013,1208698.397063351
greedy,9000056,426.0,4078.5622954046275,1.0,1318.0659598895961,0.9284952832853433,0,1.0,0,2961.2207873617267,0.7642696962861457,0,1.0,0,7218.134823411223,1.2055190835067615,0,1.0,0,7500.0,sailing,oygarden_terminal,sailing_to_terminal,0.0,sailing,yara_sluiskil,sailing_to_emitter,0.0,sailing,yara_sluiskil,sailing_to_emitter,5107.249329331847,1,883757.512264816,326284.98363237013,1210042.495897186
greedy,9000056,427.0,4078.5622954046275,1.0,1352.862768154861,1.1818649907187881,0,1.0,0,2993.5908311604844,0.8506008039351372,0,1.0,0,7328.173504714797,0.7953675839261838,0,1.0,0,7500.0,unloading,oygarden_terminal,unloading,0.0,sailing,yara_sluiskil,sailing_to_emitter,0.0,sailing,yara_sluiskil,sailing_to_emitter,4866.711165315367,1,884686.4129120627,326284.98363237013,1210971.3965444327
greedy,9000056,428.0,4078.5622954046275,1.0,1397.1590242779964,0.394922008936475,0,1.0,0,3029.617361340127,0.8295366049793419,0,1.0,0,7400.776123638036,1.4014672492086442,0,1.0,0,6700.0,unloading,oygarden_terminal,unloading,0.0,sailing,yara_sluiskil,sailing_to_emitter,0.0,sailing,yara_sluiskil,sailing_to_emitter,5426.311573506541,1,885639.6767447045,326284.98363237013,1211924.6603770745
greedy,9000056,429.0,4078.5622954046275,1.0,1411.9620304804175,1.0782599067302538,0,1.0,0,3064.7517338873286,1.1140561975394268,0,1.0,0,7528.708498092213,1.0602666372683978,0,1.0,0,5900.0,unloading,oygarden_terminal,unloading,0.0,sailing,yara_sluiskil,sailing_to_emitter,0.0,sailing,yara_sluiskil,sailing_to_emitter,5986.047384098999,1,886592.8850623615,326284.98363237013,1212877.8686947315
greedy,9000056,430.0,4078.5622954046275,1.0,1452.3825105259762,0.8668815242827503,0,1.0,0,3111.936710714052,1.0419011033206123,0,1.0,0,7625.497432882656,1.0314177495955559,0,1.0,0,5100.0,unloading,oygarden_terminal,unloading,0.0,sailing,yara_sluiskil,sailing_to_emitter,0.0,sailing,yara_sluiskil,sailing_to_emitter,6545.915589925978,1,887546.0390979726,326284.98363237013,1213831.0227303426
greedy,9000056,431.0,4078.5622954046275,1.0,1484.88204884184,0.9467245856877872,0,1.0,0,3156.0656150947316,1.1943805410253698,0,1.0,0,7719.655670636351,0.958193393589,0,1.0,0,4300.0,unloading,oygarden_terminal,unloading,0.0,sailing,yara_sluiskil,sailing_to_emitter,0.0,sailing,yara_sluiskil,sailing_to_emitter,7105.913334013038,1,888499.1400228969,326284.98363237013,1214784.123655267
greedy,9000056,432.0,4078.5622954046275,1.0,1520.3781390463937,0.8939877059963927,0,1.0,0,3206.652666515517,1.6352101552321945,0,1.0,0,7807.131888844777,1.3216771858515406,0,1.0,0,3500.0,unloading,oygarden_terminal,unloading,0.0,sailing,yara_sluiskil,sailing_to_emitter,0.0,sailing,yara_sluiskil,sailing_to_emitter,7666.037898365424,1,889452.1889515123,326284.98363237013,1215737.1725838825
greedy,9000056,433.0,4078.5622954046275,1.0,1553.8999772843986,1.3889438574465272,0,1.0,0,3275.910710635615,0.7165523656460333,0,1.0,0,7927.795224323594,1.1123301124584275,0,1.0,0,2700.0,unloading,oygarden_terminal,unloading,0.0,sailing,yara_sluiskil,sailing_to_emitter,0.0,sailing,yara_sluiskil,sailing_to_emitter,8226.28669384197,1,890405.186945367,326284.98363237013,1216690.170577737
greedy,9000056,434.0,4078.5622954046275,1.0,1605.9859039041407,1.248255449826662,0,1.0,0,3306.259724305498,1.3182996798344608,0,1.0,0,8029.349153829956,0.5946488864053789,0,1.0,0,1900.0,unloading,oygarden_terminal,unloading,0.0,sailing,yara_sluiskil,sailing_to_emitter,0.0,sailing,yara_sluiskil,sailing_to_emitter,8786.657250988146,1,891358.135016937,326284.98363237013,1217643.1186493072
greedy,9000056,435.0,4078.5622954046275,1.0,1652.8002091677736,0.9809956766035006,0,1.0,0,3362.0952736979375,0.49274556221716237,0,1.0,0,8083.6412679227105,1.007609396082588,0,1.0,0,1297.1472117180688,unloading,oygarden_terminal,unloading,0.0,sailing,yara_sluiskil,sailing_to_emitter,0.0,sailing,yara_sluiskil,sailing_to_emitter,9150.0,1,892305.0162144002,326284.98363237013,1218589.9998467704
greedy,9000056,436.0,4078.5622954046275,1.0,1689.594599418324,0.40886721498023026,0,1.0,0,3382.9651256731245,0.803295539122788,0,1.0,0,8175.639919339945,0.5397120026026374,0,1.0,0,1057.7543217501316,unloading,oygarden_terminal,unloading,0.0,sailing,yara_sluiskil,sailing_to_emitter,0.0,sailing,yara_sluiskil,sailing_to_emitter,9150.0,1,893240.7547672534,326284.98363237013,1219525.7383996234
greedy,9000056,437.0,4078.5622954046275,1.0,1704.9314511104908,0.8419467221746594,0,1.0,0,3416.9880784489674,1.0605553149417324,0,1.0,0,8224.919208325551,0.5274051360864778,0,1.0,0,818.4764237132736,unloading,oygarden_terminal,unloading,0.0,sailing,yara_sluiskil,sailing_to_emitter,0.0,sailing,yara_sluiskil,sailing_to_emitter,9150.0,1,894176.442663286,326284.98363237013,1220461.4262956562
greedy,9000056,438.0,4078.5622954046275,1.0,1736.5162370783642,1.12587458218062,0,1.0,0,3461.9070673379574,1.2799882732468042,0,1.0,0,8273.076251694096,1.3940786586485352,0,1.0,0,579.31145085159,unloading,oygarden_terminal,unloading,0.0,sailing,yara_sluiskil,sailing_to_emitter,0.0,sailing,yara_sluiskil,sailing_to_emitter,9150.0,1,895112.080812956,326284.98363237013,1221397.064445326
greedy,9000056,439.0,4078.5622954046275,1.0,1778.7561230019928,0.7720048989005153,0,1.0,0,3516.1199671405197,1.0008320700885063,0,1.0,0,8400.37256989033,0.6566038202706667,0,1.0,0,340.2574212640633,unloading,oygarden_terminal,unloading,0.0,sailing,yara_sluiskil,sailing_to_emitter,0.0,sailing,yara_sluiskil,sailing_to_emitter,9150.0,1,896047.6700893401,326284.98363237013,1222332.6537217102
greedy,9000056,440.0,4078.5622954046275,1.0,1807.722366728674,0.5896050939014068,0,1.0,0,3558.5094248167757,1.2484553165405328,0,1.0,0,8460.33028470438,1.1121263772208598,0,1.0,0,101.31243262397331,unloading,oygarden_terminal,unloading,0.0,loading,yara_sluiskil,loading,0.0,sailing,yara_sluiskil,sailing_to_emitter,9150.0,1,896568.0713304607,326284.98363237013,1222853.0549628309
greedy,9000056,441.0,4078.5622954046275,1.0,1829.8468297308796,0.6658533210251669,0,1.0,0,3611.3867709598817,1.1456434844787529,0,1.0,0,7761.88706198434,0.9910536788833083,0,1.0,0,0.0,idle,oygarden_terminal,idle,800.0,loading,yara_sluiskil,loading,0.0,sailing,yara_sluiskil,sailing_to_emitter,9012.47465732927,1,903364.6473803375,326284.98363237013,1229649.6310127075
greedy,9000056,442.0,4078.5622954046275,1.0,1854.8347128136636,1.2122797965294843,0,1.0,0,3659.9096025604877,0.5532094046450746,0,1.0,0,7052.390494236187,0.6270428513726616,0,1.0,0,0.0,sailing,yara_sluiskil,sailing_to_emitter,1600.0,loading,yara_sluiskil,loading,0.0,sailing,yara_sluiskil,sailing_to_emitter,8773.742338040956,1,910573.2276312456,326284.98363237013,1236858.2112636156
greedy,9000056,443.0,4078.5622954046275,0.5667335888238936,1900.332801616849,1.1578247623814644,0,1.0,0,3683.3403531780564,0.9966569463655254,0,1.0,0,6309.654034522335,1.2867605948191543,0,1.0,0,0.0,sailing,yara_sluiskil,sailing_to_emitter,2400.0,loading,yara_sluiskil,loading,0.0,sailing,yara_sluiskil,sailing_to_emitter,8535.113783571545,1,917781.7653385781,326284.98363237013,1244066.7489709482
greedy,9000056,444.0,4078.5622954046275,0.5667335888238936,1943.791077903176,0.3513777623991726,0,1.0,0,3725.552976762322,0.7430139159037942,0,1.0,0,5627.168634810983,0.612339683020031,0,1.0,0,0.0,sailing,yara_sluiskil,sailing_to_emitter,3200.0,loading,yara_sluiskil,loading,0.0,sailing,yara_sluiskil,sailing_to_emitter,8296.587365089992,1,924990.2611701557,326284.98363237013,1251275.2448025257
greedy,9000056,445.0,4078.5622954046275,0.5667335888238936,1956.9810327487412,1.369113589444821,0,1.0,0,3757.0227486475173,1.5324925712485338,0,1.0,0,4883.092809772821,0.47075412967314934,0,1.0,0,0.0,sailing,yara_sluiskil,sailing_to_emitter,4000.0,loading,yara_sluiskil,loading,0.0,sailing,yara_sluiskil,sailing_to_emitter,8058.161512613282,1,932198.7157696711,326284.98363237013,1258483.6994020413
greedy,9000056,446.0,4078.5622954046275,0.5667335888238936,2008.3792313224196,0.6891395875184814,0,1.0,0,3821.930270028573,1.1968399969524843,0,1.0,0,4126.087459968046,1.0233118488946393,0,1.0,0,0.0,sailing,yara_sluiskil,sailing_to_emitter,4800.0,loading,yara_sluiskil,loading,0.0,sailing,yara_sluiskil,sailing_to_emitter,7819.834711758134,1,939407.1297580218,326284.98363237013,1265692.113390392
greedy,9000056,447.0,4078.5622954046275,0.5667335888238936,2034.2527193975952,0.29234468266700153,0,1.0,0,3872.621489776938,1.1679520841210462,0,1.0,0,3419.5508188042395,0.4876966533738707,0,1.0,0,0.0,sailing,yara_sluiskil,sailing_to_emitter,5600.0,loading,yara_sluiskil,loading,0.0,sailing,yara_sluiskil,sailing_to_emitter,7581.605500729195,1,946615.5037345436,326284.98363237013,1272900.4873669138
greedy,9000056,448.0,4078.5622954046275,0.5667335888238936,2045.2296860203717,1.1682280009117807,0,1.0,0,3922.089184625451,1.1325213265101943,0,1.0,0,2664.095541210133,1.0637902936676018,0,1.0,0,0.0,sailing,yara_sluiskil,sailing_to_emitter,6400.0,loading,yara_sluiskil,loading,0.0,sailing,yara_sluiskil,sailing_to_emitter,7343.472467522575,1,953823.8382781583,326284.98363237013,1280108.8219105285
greedy,9000056,449.0,4078.5622954046275,0.5667335888238936,2089.0983215253345,1.1481842826045634,0,1.0,0,3970.0562375130703,0.6836629970288483,0,1.0,0,1961.2618274966435,0.8413291164775567,0,1.0,0,0.0,sailing,yara_sluiskil,sailing_to_emitter,7200.0,loading,yara_sluiskil,loading,0.0,sailing,yara_sluiskil,sailing_to_emitter,7105.434247325831,1,961032.1339484392,326284.98363237013,1287317.1175808092
greedy,9000056,450.0,4078.5622954046275,0.5667335888238936,2132.2181939563266,1.2434452779058385,0,1.0,0,3999.0122477604373,0.44499730657911685,0,1.0,0,1738.1108944586845,1.0282701854658713,0,1.0,0,0.0,sailing,yara_sluiskil,sailing_to_emitter,7500.0,idle,yara_sluiskil,idle,0.0,sailing,yara_sluiskil,sailing_to_emitter,6867.489520097434,1,964315.1287866028,326284.98363237013,1290600.112418973
greedy,9000056,451.0,4078.5622954046275,0.5667335888238936,2178.9198088873354,0.7909104539700599,0,1.0,0,4017.8597598027072,1.3070745145300364,0,1.0,0,1832.0384504868034,0.8170558518464686,0,1.0,0,0.0,sailing,yara_sluiskil,sailing_to_emitter,7500.0,sailing,oygarden_terminal,sailing_to_terminal,0.0,sailing,yara_sluiskil,sailing_to_emitter,6629.637008310491,1,965658.0683164354,326284.98363237013,1291943.0519488056
greedy,9000056,452.0,4078.5622954046275,0.5667335888238936,2208.627705004327,0.9603107425239553,0,1.0,0,4073.2198761192076,0.667486564826419,0,1.0,0,1906.6748398443199,1.2266022158822127,0,1.0,0,0.0,sailing,yara_sluiskil,sailing_to_emitter,7500.0,sailing,oygarden_terminal,sailing_to_terminal,0.0,sailing,yara_sluiskil,sailing_to_emitter,6391.875474847,1,967000.9705451553,326284.98363237013,1293285.9541775254
greedy,9000056,453.0,4078.5622954046275,0.5667335888238936,2244.7018222215333,1.2459483946325431,0,1.0,0,4101.4907462629635,0.850911325985166,0,1.0,0,2018.7258366453577,1.0532664262812945,0,1.0,0,0.0,sailing,yara_sluiskil,sailing_to_emitter,7500.0,sailing,oygarden_terminal,sailing_to_terminal,0.0,sailing,yara_sluiskil,sailing_to_emitter,6154.20372103028,1,968343.8359642201,326284.98363237013,1294628.8195965902
greedy,9000056,454.0,4078.5622954046275,0.5667335888238936,2291.5101709419177,0.9742379848824732,0,1.0,0,4137.530428360586,1.093631100562349,0,1.0,0,2114.9453858402517,0.802326289999647,0,1.0,0,0.0,sailing,yara_sluiskil,sailing_to_emitter,7500.0,sailing,oygarden_terminal,sailing_to_terminal,0.0,sailing,yara_sluiskil,sailing_to_emitter,5916.6205847843985,1,969686.665050081,326284.98363237013,1295971.648682451
greedy,9000056,455.0,4078.5622954046275,0.5667335888238936,2328.1140972969383,1.2337442276147608,0,1.0,0,4183.850316218121,0.9811980630696902,0,1.0,0,2188.2428917268326,1.0473989671491184,0,1.0,0,0.0,sailing,yara_sluiskil,sailing_to_emitter,7500.0,sailing,oygarden_terminal,sailing_to_terminal,0.0,sailing,yara_sluiskil,sailing_to_emitter,5679.124938910507,1,971029.4582648893,326284.98363237013,1297314.4418972596
greedy,9000056,456.0,4078.5622954046275,0.5667335888238936,2374.472352488085,0.9838483515827994,0,1.0,0,4225.408190920157,0.6787883679073339,0,1.0,0,2283.9321993030235,0.9224612333496542,0,1.0,0,0.0,sailing,yara_sluiskil,sailing_to_emitter,7500.0,sailing,oygarden_terminal,sailing_to_terminal,0.0,sailing,yara_sluiskil,sailing_to_emitter,5441.715689470908,1,972372.2160571595,326284.98363237013,1298657.1996895296
greedy,9000056,457.0,4078.5622954046275,0.5667335888238936,2411.4440541999275,1.231967367824677,0,1.0,0,4254.157740072791,1.0653367857187384,0,1.0,0,2368.209863586855,0.5948955600050306,0,1.0,0,0.0,sailing,yara_sluiskil,sailing_to_emitter,7500.0,sailing,oygarden_terminal,sailing_to_terminal,0.0,sailing,yara_sluiskil,sailing_to_emitter,5204.39177427256,1,973714.9388623908,326284.98363237013,1299999.922494761
greedy,9000056,458.0,4078.5622954046275,0.5667335888238936,2457.7439294314586,0.9624572239118319,0,1.0,0,4299.279244407869,0.5022190952093141,0,1.0,0,2422.5621965993523,1.1697667400778027,0,1.0,0,0.0,sailing,yara_sluiskil,sailing_to_emitter,7500.0,sailing,oygarden_terminal,sailing_to_terminal,0.0,sailing,yara_sluiskil,sailing_to_emitter,4967.152161442463,1,975057.6271036512,326284.98363237013,1301342.6107360213
greedy,9000056,459.0,4078.5622954046275,0.5667335888238936,2493.918332697251,0.8345739871145716,0,1.0,0,4320.550340445689,0.6556041417260331,0,1.0,0,2529.4405679514925,1.5475694541368445,0,1.0,0,0.0,sailing,yara_sluiskil,sailing_to_emitter,7500.0,sailing,oygarden_terminal,sailing_to_terminal,0.0,sailing,yara_sluiskil,sailing_to_emitter,4729.995848088045,1,976400.2811921265,326284.98363237013,1302685.2648244966
greedy,9000056,460.0,4078.5622954046275,0.5667335888238936,2525.2890249697084,1.272818668490217,0,1.0,0,4348.317939874848,1.1317937763807204,0,1.0,0,2670.8419982613927,0.8826308522183982,0,1.0,0,0.0,sailing,yara_sluiskil,sailing_to_emitter,7500.0,sailing,oygarden_terminal,sailing_to_terminal,0.0,sailing,yara_sluiskil,sailing_to_emitter,4492.921859036286,1,977742.9015276376,326284.98363237013,1304027.8851600077
greedy,9000056,461.0,4078.5622954046275,0.5667335888238936,2573.1371718350892,0.7602652641177885,0,1.0,0,4396.254177947133,1.2702721870848486,0,1.0,0,2751.4904170550017,0.8882720022001035,0,1.0,0,0.0,sailing,yara_sluiskil,sailing_to_emitter,7500.0,sailing,oygarden_terminal,sailing_to_terminal,0.0,sailing,yara_sluiskil,sailing_to_emitter,4255.929245645858,1,979085.4884991277,326284.98363237013,1305370.4721314977
greedy,9000056,462.0,4078.5622954046275,0.5667335888238936,2601.719858378916,0.8293690274052952,0,1.0,0,4450.055560537717,1.4023608970400445,0,1.0,0,2832.656730492661,0.7479141970988787,0,1.0,0,0.0,sailing,yara_sluiskil,sailing_to_emitter,7500.0,sailing,oygarden_terminal,sailing_to_terminal,0.0,sailing,yara_sluiskil,sailing_to_emitter,4019.0170846870483,1,980428.0424851208,326284.98363237013,1306713.026117491
greedy,9000056,463.0,4078.5622954046275,0.5667335888238936,2632.9033699604806,1.019048749425174,0,1.0,0,4509.4514568809045,0.9263145963642202,0,1.0,0,2900.999837427824,0.9409559294463495,0,1.0,0,0.0,sailing,yara_sluiskil,sailing_to_emitter,7500.0,sailing,oygarden_terminal,sailing_to_terminal,0.0,sailing,yara_sluiskil,sailing_to_emitter,3782.184477284688,1,981770.5638541558,326284.98363237013,1308055.547486526
greedy,9000056,464.0,4078.5622954046275,0.5667335888238936,2671.222133236912,0.7876381435656297,0,1.0,0,4548.684785379268,0.7611816449091509,0,1.0,0,2986.985356622371,1.1246027414656217,0,1.0,0,0.0,sailing,yara_sluiskil,sailing_to_emitter,7500.0,sailing,oygarden_terminal,sailing_to_terminal,0.0,sailing,yara_sluiskil,sailing_to_emitter,3545.4305479196914,1,983113.0529651954,326284.98363237013,1309398.0365975655
greedy,9000056,465.0,4078.5622954046275,0.5667335888238936,2700.841963473093,1.2194185436088272,0,1.0,0,4580.924037182986,0.7127399426078713,0,1.0,0,3089.7558083850677,0.8812276329733859,0,1.0,0,0.0,sailing,yara_sluiskil,sailing_to_emitter,7500.0,sailing,oygarden_terminal,sailing_to_terminal,0.0,sailing,yara_sluiskil,sailing_to_emitter,3308.754443485187,1,984455.5101680135,326284.98363237013,1310740.4938003835
greedy,9000056,466.0,4078.5622954046275,0.5667335888238936,2746.7034278916367,1.0609092835983924,0,1.0,0,4611.111578664027,0.592967803942166,0,1.0,0,3170.2881500712124,0.7914243422611157,0,1.0,0,0.0,sailing,yara_sluiskil,sailing_to_emitter,7500.0,sailing,oygarden_terminal,sailing_to_terminal,0.0,sailing,yara_sluiskil,sailing_to_emitter,3072.1553323935373,1,985797.9358035611,326284.98363237013,1312082.9194359314
greedy,9000056,467.0,4078.5622954046275,0.5667335888238936,2786.607083076473,0.9890560863887066,0,1.0,0,4636.226265113239,1.0939892446818498,0,1.0,0,3242.6158603820213,1.0671267967206595,0,1.0,0,0.0,sailing,yara_sluiskil,sailing_to_emitter,7500.0,sailing,oygarden_terminal,sailing_to_terminal,0.0,sailing,yara_sluiskil,sailing_to_emitter,2835.6324037308586,1,987140.3302043128,326284.98363237013,1313425.313836683
greedy,9000056,468.0,4078.5622954046275,0.5667335888238936,2823.8115117714547,1.058207426783264,0,1.0,0,4682.561321884171,0.9057450768024758,0,1.0,0,3340.142762742875,0.513699557668791,0,1.0,0,0.0,sailing,yara_sluiskil,sailing_to_emitter,7500.0,sailing,oygarden_terminal,sailing_to_terminal,0.0,sailing,yara_sluiskil,sailing_to_emitter,2599.1848664558934,1,988482.6936945955,326284.98363237013,1314767.6773269656
greedy,9000056,469.0,4078.5622954046275,0.5667335888238936,2863.62074500512,1.18813454191197,0,1.0,0,4720.923444507999,0.5502581577536718,0,1.0,0,3387.0922326172017,0.9081354493130587,0,1.0,0,0.0,sailing,yara_sluiskil,sailing_to_emitter,7500.0,sailing,oygarden_terminal,sailing_to_terminal,0.0,sailing,yara_sluiskil,sailing_to_emitter,2362.811948640369,1,989825.0265908998,326284.98363237013,1316110.01022327
greedy,9000056,470.0,4078.5622954046275,0.5667335888238936,2908.321815626424,0.8225229690698137,0,1.0,0,4744.22919737726,1.7547887327106222,0,1.0,0,3470.093595017648,1.071137437782536,0,1.0,0,0.0,sailing,yara_sluiskil,sailing_to_emitter,7500.0,sailing,oygarden_terminal,sailing_to_terminal,0.0,sailing,yara_sluiskil,sailing_to_emitter,2126.512896748155,1,991167.3292021756,326284.98363237013,1317452.3128345457
greedy,9000056,471.0,4078.5622954046275,0.5667335888238936,2939.270316552673,1.2544140653131008,0,1.0,0,4818.551898396852,0.7798651324737793,0,1.0,0,3567.99589209699,0.19683137873654333,0,1.0,0,0.0,sailing,yara_sluiskil,sailing_to_emitter,7500.0,sailing,oygarden_terminal,sailing_to_terminal,0.0,sailing,yara_sluiskil,sailing_to_emitter,1890.2869749507859,1,992509.6018301126,326284.98363237013,1318794.5854624826
greedy,9000056,472.0,4078.5622954046275,0.5667335888238936,2986.473554050326,0.47520758218429504,0,1.0,0,4851.582474668516,1.3168715593564935,0,1.0,0,3585.9868839921796,0.9177320162359516,0,1.0,0,0.0,sailing,yara_sluiskil,sailing_to_emitter,7500.0,sailing,oygarden_terminal,sailing_to_terminal,0.0,sailing,yara_sluiskil,sailing_to_emitter,1654.133464477052,1,993851.8447694067,326284.98363237013,1320136.828401777
greedy,9000056,473.0,4078.5622954046275,0.5667335888238936,3004.3570946891246,1.2334724354650946,0,1.0,0,4907.357537137757,0.5589569128420011,0,1.0,0,3669.872934229676,1.101602045110048,0,1.0,0,0.0,sailing,yara_sluiskil,sailing_to_emitter,7500.0,sailing,oygarden_terminal,sailing_to_terminal,0.0,sailing,yara_sluiskil,sailing_to_emitter,1418.0516629945625,1,995194.0583080145,326284.98363237013,1321479.0419403845
greedy,9000056,474.0,4078.5622954046275,0.5667335888238936,3050.7806997420657,1.087327027314372,0,1.0,0,4931.0317189589605,0.14458297823598942,0,1.0,0,3770.5688106950774,0.8392169747785516,0,1.0,0,0.0,sailing,yara_sluiskil,sailing_to_emitter,7500.0,sailing,oygarden_terminal,sailing_to_terminal,0.0,sailing,yara_sluiskil,sailing_to_emitter,1182.040884021331,1,996536.2427273935,326284.98363237013,1322821.2263597636
greedy,9000056,475.0,4078.5622954046275,0.5667335888238936,3091.7076020640166,1.3121304992307201,0,1.0,0,4937.155417649091,0.8992900487514496,0,1.0,0,3847.282753035812,0.889074598157022,0,1.0,0,0.0,sailing,yara_sluiskil,sailing_to_emitter,7500.0,sailing,oygarden_terminal,sailing_to_terminal,0.0,sailing,yara_sluiskil,sailing_to_emitter,946.100456365564,1,997878.3983027325,326284.98363237013,1324163.3819351026
greedy,9000056,476.0,4078.5622954046275,0.5667335888238936,3141.10055426471,1.1828608740985638,0,1.0,0,4975.2441426205605,0.9736835304196554,0,1.0,0,3928.5566965903026,0.7751814091877411,0,1.0,0,0.0,sailing,yara_sluiskil,sailing_to_emitter,7500.0,sailing,oygarden_terminal,sailing_to_terminal,0.0,loading,yara_sluiskil,loading,710.2297235919826,1,998805.3853031696,326284.98363237013,1325090.3689355399
greedy,9000056,477.0,4078.5622954046275,0.5667335888238936,3185.631393488019,0.7255951443433863,0,1.0,0,5016.483745183597,1.1006752603487182,0,1.0,0,3199.4213337705373,0.5349487187185235,0,1.0,0,0.0,sailing,yara_sluiskil,sailing_to_emitter,7500.0,sailing,oygarden_terminal,sailing_to_terminal,800.0,loading,yara_sluiskil,loading,474.42804351311213,1,1006012.763992002,326284.98363237013,1332297.7476243721
greedy,9000056,478.0,4078.5622954046275,0.5667335888238936,3212.950144999916,0.9129243137296286,0,1.0,0,5063.101982906263,0.6515288700811788,0,1.0,0,2448.3261311213487,0.762289510331666,0,1.0,0,0.0,sailing,yara_sluiskil,sailing_to_emitter,7500.0,sailing,oygarden_terminal,sailing_to_terminal,1600.0,loading,yara_sluiskil,loading,238.69478770408327,1,1013220.1146268838,326284.98363237013,1339505.098259254
greedy,9000056,479.0,4078.5622954046275,0.5667335888238936,3247.324970773437,0.9781294069519749,0,1.0,0,5090.696977399917,0.9688409474539053,0,1.0,0,1718.016432585377,0.9023864307018779,0,1.0,0,0.0,sailing,yara_sluiskil,sailing_to_emitter,7500.0,sailing,oygarden_terminal,sailing_to_terminal,2400.0,loading,yara_sluiskil,loading,3.0293410396010643,1,1020427.4374600162,326284.98363237013,1346712.4210923864
greedy,9000056,480.0,4078.5622954046275,0.5667335888238936,3284.1583272507455,1.0722285125551732,0,1.0,0,5131.731476158025,0.7792124152268445,0,1.0,0,1000.5172103724171,0.8272029289843704,0,1.0,0,0.0,sailing,yara_sluiskil,sailing_to_emitter,7500.0,sailing,oygarden_terminal,sailing_to_terminal,3200.0,loading,yara_sluiskil,loading,0.0,1,1027539.3794898426,326284.98363237013,1353824.3631222127
greedy,9000056,481.0,4078.5622954046275,0.5667335888238936,3324.5388175912676,1.0535385391398506,0,1.0,0,5164.7344071024245,0.9535804188196181,0,1.0,0,276.1466072640019,1.1733137924178734,0,1.0,0,0.0,sailing,yara_sluiskil,sailing_to_emitter,7500.0,sailing,oygarden_terminal,sailing_to_terminal,4000.0,loading,yara_sluiskil,loading,0.0,1,1034650.0794898425,326284.98363237013,1360935.0631222127
greedy,9000056,482.0,4078.5622954046275,0.5667335888238936,3364.2190223700263,1.1167507894933182,0,1.0,0,5205.122558134481,1.0922785786970524,0,1.0,0,0.0,0.9894938115438471,0,1.0,0,0.0,sailing,yara_sluiskil,sailing_to_emitter,7500.0,sailing,oygarden_terminal,sailing_to_terminal,4383.423413586005,idle,yara_sluiskil,idle,0.0,1,1038490.4345837848,326284.98363237013,1364775.418216155
greedy,9000056,483.0,4078.5622954046275,0.5667335888238936,3406.2838374034864,0.956888661919955,0,1.0,0,5251.385160988789,0.7853412939710066,0,1.0,0,0.0,1.2079906555594508,0,1.0,0,0.0,sailing,yara_sluiskil,sailing_to_emitter,7500.0,sailing,oygarden_terminal,sailing_to_terminal,4473.896171327579,idle,yara_sluiskil,idle,0.0,1,1040030.973230254,326284.98363237013,1366315.9568626243
greedy,9000056,484.0,4078.5622954046275,0.5667335888238936,3442.330359586775,1.0221993715332174,0,1.0,0,5284.647675787356,0.3315873298849067,0,1.0,0,0.0,0.22469700416953453,0,1.0,0,0.0,sailing,yara_sluiskil,sailing_to_emitter,7500.0,sailing,oygarden_terminal,sailing_to_terminal,4584.350160740108,idle,yara_sluiskil,idle,0.0,1,1041728.3750354868,326284.98363237013,1368013.358667857
greedy,9000056,485.0,4078.5622954046275,0.5667335888238936,3480.840650666547,0.8577914342763628,0,1.0,0,5298.691797180165,0.3675665819008298,0,1.0,0,0.0,0.7075486741237961,0,1.0,0,0.0,sailing,yara_sluiskil,sailing_to_emitter,7500.0,sailing,oygarden_terminal,sailing_to_terminal,4604.896204039514,idle,yara_sluiskil,idle,0.0,1,1042719.9522620598,326284.98363237013,1369004.93589443
greedy,9000056,486.0,4078.5622954046275,1.0,3513.159963909528,0.9416730729180036,0,1.0,0,5314.259791584374,0.6599884744949005,0,1.0,0,0.0,0.7965660264905511,0,1.0,0,0.0,sailing,yara_sluiskil,sailing_to_emitter,7500.0,sailing,oygarden_terminal,sailing_to_terminal,4669.595615181219,idle,yara_sluiskil,idle,0.0,1,1044058.156606713,326284.98363237013,1370343.1402390832
greedy,9000056,487.0,4078.5622954046275,1.0,3548.642920968614,1.1901838661985669,0,1.0,0,5342.213085990642,0.8825811138930513,0,1.0,0,0.0,1.2458800376692507,0,1.0,0,0.0,sailing,yara_sluiskil,sailing_to_emitter,7500.0,sailing,oygarden_terminal,sailing_to_terminal,4742.437113551201,idle,yara_sluiskil,idle,0.0,1,1045460.2806107042,326284.98363237013,1371745.2642430742
greedy,9000056,488.0,4078.5622954046275,1.0,3593.494003782411,0.6068851746171038,0,1.0,0,5379.594117125989,0.8883697015449229,0,1.0,0,0.0,1.1124957163079827,0,1.0,0,0.0,sailing,yara_sluiskil,sailing_to_emitter,7500.0,sailing,oygarden_terminal,sailing_to_terminal,4856.369292237947,idle,yara_sluiskil,idle,0.0,1,1047184.9880277889,326284.98363237013,1373469.971660159
greedy,9000056,489.0,4078.5622954046275,1.0,3616.3660288552146,1.3947932070794558,0,1.0,0,5417.220319353079,0.62770753350321,0,1.0,0,0.0,1.0487145563787155,0,1.0,0,0.0,sailing,yara_sluiskil,sailing_to_emitter,7500.0,sailing,oygarden_terminal,sailing_to_terminal,4958.106919807219,idle,yara_sluiskil,idle,0.0,1,1048813.9618164622,326284.98363237013,1375098.9454488324
greedy,9000056,490.0,4078.5622954046275,1.0,3668.93713777945,1.0078037041470664,0,1.0,0,5443.806379811901,0.8448388156720052,0,1.0,0,0.0,0.9602234278996056,0,1.0,0,0.0,sailing,yara_sluiskil,sailing_to_emitter,7500.0,sailing,oygarden_terminal,sailing_to_terminal,5054.0146555687725,idle,yara_sluiskil,idle,0.0,1,1050397.1678937518,326284.98363237013,1376682.151526122
greedy,9000056,491.0,4078.5622954046275,1.0,3706.925666514351,1.9779239073400678,0,1.6152986675023162,1,5479.588865496057,1.3600056578431647,0,1.0,0,0.0,1.6128102379569413,0,1.0,0,0.0,sailing,yara_sluiskil,sailing_to_emitter,7500.0,sailing,oygarden_terminal,sailing_to_terminal,5141.832287660053,idle,yara_sluiskil,idle,0.0,1,1051916.862409925,326284.98363237013,1378201.8460422952
greedy,9000056,492.0,4078.5622954046275,1.0,3781.4889989183016,1.5132106048531728,0,1.6152986675023162,1,5537.190838889569,1.0052040906148811,0,1.0,0,0.0,1.10978680384092,0,1.0,0,0.0,sailing,yara_sluiskil,sailing_to_emitter,7500.0,sailing,oygarden_terminal,sailing_to_terminal,5289.336960580859,idle,yara_sluiskil,idle,0.0,1,1053905.1315323068,326284.98363237013,1380190.115164677
greedy,9000056,493.0,4078.5622954046275,1.0,3838.53882430978,3.247115897515856,0,1.6152986675023162,1,5579.765470067556,1.1200998251134113,0,1.0,0,0.0,1.0239174310191632,0,1.0,0,0.0,sailing,yara_sluiskil,sailing_to_emitter,7500.0,sailing,oygarden_terminal,sailing_to_terminal,5390.839088212943,idle,yara_sluiskil,idle,0.0,1,1055532.2565228357,326284.98363237013,1381817.2401552058
greedy,9000056,494.0,4078.5622954046275,1.0,3960.969975178286,2.1159973207530642,0,1.6152986675023162,1,5627.206420001971,0.9445703955985078,0,1.0,0,0.0,0.9847834809715565,0,1.0,0,0.0,sailing,yara_sluiskil,sailing_to_emitter,7500.0,sailing,oygarden_terminal,sailing_to_terminal,5484.4903454940195,idle,yara_sluiskil,idle,0.0,1,1057097.7480594022,326284.98363237013,1383382.7316917724
greedy,9000056,495.0,4078.5622954046275,1.0,4040.75997252528,1.3703182828740437,0,1.6152986675023162,1,5667.212958564356,1.19935936182075,0,1.0,0,0.0,0.6863916960713885,0,1.0,0,0.0,sailing,yara_sluiskil,sailing_to_emitter,7500.0,sailing,oygarden_terminal,sailing_to_terminal,5574.564980730162,idle,yara_sluiskil,idle,0.0,1,1058635.1612351895,326284.98363237013,1384920.1448675597
greedy,9000056,496.0,4078.5622954046275,1.0,4092.4365797148735,2.2516382948824227,0,1.6152986675023162,1,5718.010884036535,0.4415914597425957,0,1.0,0,0.0,1.575733613545101,0,1.0,0,0.0,sailing,yara_sluiskil,sailing_to_emitter,7500.0,sailing,oygarden_terminal,sailing_to_terminal,5637.34867387893,idle,yara_sluiskil,idle,0.0,1,1059958.3261878463,326284.98363237013,1386243.3098202164
greedy,9000056,497.0,4078.5622954046275,1.0,4177.356651917237,2.117258023981347,0,1.6152986675023162,1,5736.714144106228,1.4685652881639135,0,1.0,0,0.0,1.1889278779047108,0,1.0,0,0.0,sailing,yara_sluiskil,sailing_to_emitter,7500.0,sailing,oygarden_terminal,sailing_to_terminal,5781.484093887512,idle,yara_sluiskil,idle,0.0,1,1061920.144906009,326284.98363237013,1388205.1285383792
greedy,9000056,498.0,4078.5622954046275,1.0,4257.215805048339,1.1326716084376995,0,1.6152986675023162,1,5798.914075531225,1.1045730866793966,0,1.0,0,0.0,0.36752331532602656,0,1.0,0,0.0,sailing,yara_sluiskil,sailing_to_emitter,7500.0,sailing,oygarden_terminal,sailing_to_terminal,5890.24091602941,idle,yara_sluiskil,idle,0.0,1,1063604.2230571548,326284.98363237013,1389889.206689525
greedy,9000056,499.0,4078.5622954046275,1.0,4299.941990393182,0.5840647352648535,0,1.6152986675023162,1,5845.6974026322305,1.0235358370821137,0,1.0,0,0.0,0.9317811261335317,0,1.0,0,0.0,sailing,yara_sluiskil,sailing_to_emitter,7500.0,sailing,oygarden_terminal,sailing_to_terminal,5923.861013936121,idle,yara_sluiskil,idle,0.0,1,1064698.4384762738,326284.98363237013,1390983.422108644
greedy,9000056,500.0,4078.5622954046275,1.0,4321.975834283243,1.190595693296016,0,1.6152986675023162,1,5889.048460559748,0.9276117040549592,0,1.0,0,0.0,1.2691701814998166,0,1.0,0,0.0,sailing,yara_sluiskil,sailing_to_emitter,7500.0,sailing,oygarden_terminal,sailing_to_terminal,6009.100547960634,idle,yara_sluiskil,idle,0.0,1,1066197.8935691216,326284.98363237013,1392482.8772014917
greedy,9000056,501.0,4078.5622954046275,1.0,4366.895111981767,1.0308327796580432,0,1.6152986675023162,1,5928.336727037419,1.288833802876412,0,1.0,0,0.0,1.12718528235215,0,1.0,0,0.0,sailing,yara_sluiskil,sailing_to_emitter,7500.0,sailing,oygarden_terminal,sailing_to_terminal,6125.2080005229955,idle,yara_sluiskil,idle,0.0,1,1067939.6780281488,326284.98363237013,1394224.661660519
greedy,9000056,502.0,4078.5622954046275,1.0,4405.790298565596,1.628938003787576,0,1.6152986675023162,1,5982.924272312548,1.1385924057171037,0,1.0,0,0.0,1.1289529387829411,0,1.0,0,0.0,sailing,yara_sluiskil,sailing_to_emitter,7500.0,sailing,oygarden_terminal,sailing_to_terminal,6228.329358779571,idle,yara_sluiskil,idle,0.0,1,1069579.514829176,326284.98363237013,1395864.4984615461
greedy,9000056,503.0,4078.5622954046275,1.0,4467.2586211023145,1.3739552949796907,0,1.6152986675023162,1,6031.14846100025,1.4226087234944713,0,1.0,0,0.0,1.4976389623131645,0,1.0,0,0.0,sailing,yara_sluiskil,sailing_to_emitter,7500.0,sailing,oygarden_terminal,sailing_to_terminal,6331.615543753496,idle,yara_sluiskil,idle,0.0,1,1071220.6456064684,326284.98363237013,1397505.6292388386
greedy,9000056,504.0,4078.5622954046275,1.0,4519.10979238072,0.6837934988292641,0,1.6152986675023162,1,6091.401938158619,1.1830988582303728,0,1.0,0,0.0,0.9202179082638702,0,1.0,0,0.0,sailing,yara_sluiskil,sailing_to_emitter,7500.0,sailing,oygarden_terminal,sailing_to_terminal,6468.636377506729,idle,yara_sluiskil,idle,0.0,1,1073126.611087369,326284.98363237013,1399411.5947197392
greedy,9000056,505.0,4078.5622954046275,1.0,4544.917540289404,1.179015337464377,0,1.6152986675023162,1,6141.511162749461,1.135360408222867,0,1.0,0,0.0,0.7419963173733093,0,1.0,0,0.0,sailing,yara_sluiskil,sailing_to_emitter,7500.0,sailing,oygarden_terminal,sailing_to_terminal,6552.830782842591,idle,yara_sluiskil,idle,0.0,1,1074617.8613713186,326284.98363237013,1400902.8450036887
greedy,9000056,506.0,4078.5622954046275,1.0,4589.419972925485,0.8891683515061298,0,1.6152986675023162,1,6189.59846271718,1.287843526763037,0,1.0,0,0.0,0.5949442125814708,0,1.0,0,0.0,idle,yara_sluiskil,idle,7500.0,sailing,oygarden_terminal,sailing_to_terminal,6620.721028458247,idle,yara_sluiskil,idle,0.0,1,1075565.9754417804,326284.98363237013,1401850.9590741505
greedy,9000056,507.0,4078.5622954046275,1.0,4622.985034311197,2.1521330640408367,0,1.6152986675023162,1,6244.144065623904,0.7107594301565382,0,1.0,0,0.0,0.7980804350296872,0,1.0,0,54.43709619426565,idle,yara_sluiskil,idle,7500.0,sailing,oygarden_terminal,sailing_to_terminal,6620.721028458247,idle,yara_sluiskil,idle,0.0,1,1076408.4752263809,326284.98363237013,1402693.458858751
greedy,9000056,508.0,4078.5622954046275,1.0,4704.232856735471,1.4141356155276879,0,1.6152986675023162,1,6274.2477240527905,1.1474292600699627,0,1.0,0,0.0,1.3714424007217638,0,1.0,0,127.46325327662171,idle,yara_sluiskil,idle,7500.0,sailing,oygarden_terminal,sailing_to_terminal,6620.721028458247,idle,yara_sluiskil,idle,0.0,1,1077396.90889821,326284.98363237013,1403681.89253058
greedy,9000056,509.0,4078.5622954046275,1.0,4757.624442047563,0.47961196255122973,0,1.6152986675023162,1,6322.846190778514,0.5572843994021804,0,1.0,0,0.0,1.4414752509248463,0,1.0,0,252.95709975476353,idle,yara_sluiskil,idle,7500.0,sailing,oygarden_terminal,sailing_to_terminal,6620.721028458247,idle,yara_sluiskil,idle,0.0,1,1078797.2414773328,326284.98363237013,1405082.225109703
greedy,9000056,510.0,4078.5622954046275,1.0,4775.734127407566,1.2769917853134165,0,1.6152986675023162,1,6346.449534604224,0.728170656638006,0,1.0,0,0.0,1.0406944728659737,0,1.0,0,384.8632739452846,idle,yara_sluiskil,idle,7500.0,unloading,oygarden_terminal,unloading,6620.721028458247,idle,yara_sluiskil,idle,0.0,1,1079832.77419547,326284.98363237013,1406117.75782784
greedy,9000056,511.0,4078.5622954046275,1.0,4823.956453080957,2.720859337291606,0,1.6152986675023162,1,6377.290631880332,0.817432492662549,0,1.0,0,0.0,0.8449278726036265,0,1.0,0,480.0977642369868,idle,yara_sluiskil,idle,6700.0,unloading,oygarden_terminal,unloading,6620.721028458247,idle,yara_sluiskil,idle,514.6118721461187,1,1080721.844074787,326284.98363237013,1407006.8277071572
greedy,9000056,512.0,4078.5622954046275,1.0,4926.711999638195,1.7578501297440838,0,1.6152986675023162,1,6411.91234423998,1.1858931266069777,0,1.0,0,0.0,1.292569725035239,0,1.0,0,557.4198793078717,idle,yara_sluiskil,idle,5900.0,unloading,oygarden_terminal,unloading,6620.721028458247,idle,yara_sluiskil,idle,1034.9516089220797,1,1081467.9439801262,326284.98363237013,1407752.9276124963
greedy,9000056,513.0,4078.5622954046275,1.0,4993.104673619631,1.4893441873306341,0,1.6152986675023162,1,6462.139917877207,1.2711950659249998,0,1.0,0,0.0,0.7668169981826467,0,1.0,0,675.7107264561489,idle,yara_sluiskil,idle,5100.0,unloading,oygarden_terminal,unloading,6620.721028458247,idle,yara_sluiskil,idle,1563.105476008217,1,1082532.4661474293,326284.98363237013,1408817.4497797994
greedy,9000056,514.0,4078.5622954046275,1.0,5049.361150337206,1.9539846204710227,0,1.6152986675023162,1,6515.980388277529,1.364881678793945,0,1.0,0,0.0,0.8159062545489673,0,1.0,0,745.8888849135379,idle,yara_sluiskil,idle,4300.0,unloading,oygarden_terminal,unloading,6620.721028458247,idle,yara_sluiskil,idle,2096.3224522827004,1,1083217.2025745802,326284.98363237013,1409502.1862069503
greedy,9000056,515.0,4078.5622954046275,1.0,5123.174976921304,1.79897779616043,0,1.6152986675023162,1,6573.78888171561,1.1543100520631344,0,1.0,0,0.0,0.6745970536604888,0,1.0,0,820.5618801936789,idle,yara_sluiskil,idle,3500.0,unloading,oygarden_terminal,unloading,6620.721028458247,idle,yara_sluiskil,idle,2633.210336594821,1,1083935.7207582842,326284.98363237013,1410220.7043906543
greedy,9000056,516.0,4078.5622954046275,1.0,5191.139379416324,1.647973511487202,0,1.6152986675023162,1,6622.678778991663,1.0004825203488625,0,1.0,0,0.0,1.2873269277547932,0,1.0,0,882.3038985898382,idle,yara_sluiskil,idle,2700.0,unloading,oygarden_terminal,unloading,6620.721028458247,idle,yara_sluiskil,idle,3172.9353002687667,1,1084551.5607821473,326284.98363237013,1410836.5444145175
greedy,9000056,517.0,4078.5622954046275,1.0,5253.404531884554,1.4546221675506292,0,1.6152986675023162,1,6665.0534317627435,0.4225846812576385,0,1.0,0,0.0,1.0270293452863735,0,1.0,0,1000.1291320981437,idle,yara_sluiskil,idle,1900.0,unloading,oygarden_terminal,unloading,6620.721028458247,idle,yara_sluiskil,idle,3714.946345546922,1,1085606.7461948711,326284.98363237013,1411891.7298272413
greedy,9000056,518.0,4078.5622954046275,1.0,5308.369267673252,1.5846897603108907,0,1.6152986675023162,1,6682.951674631021,1.289838124481448,0,1.0,0,0.0,0.7146266052608501,0,1.0,0,1094.1329257474245,idle,yara_sluiskil,idle,1100.0,unloading,oygarden_terminal,unloading,6620.721028458247,idle,yara_sluiskil,idle,4258.854747457036,1,1086474.1428822265,326284.98363237013,1412759.1265145966
greedy,9000056,519.0,4078.5622954046275,1.0,5368.25416442902,2.4807791161713237,0,1.6152986675023162,1,6737.581757160343,0.8847874654598286,0,1.0,0,0.0,0.8474234373238579,0,1.0,0,1159.5445276564328,idle,yara_sluiskil,idle,300.0,unloading,oygarden_terminal,unloading,6620.721028458247,idle,yara_sluiskil,idle,4804.373091979403,1,1087116.4157770488,326284.98363237013,1413401.399409419
greedy,9000056,520.0,4078.5622954046275,1.0,5462.0104232210215,1.932147396401822,0,1.6152986675023162,1,6775.056236586521,0.6130157477438579,0,1.0,0,0.0,1.1694027098083783,0,1.0,0,1237.1136980828314,idle,yara_sluiskil,idle,0.0,idle,oygarden_terminal,idle,6620.721028458247,idle,yara_sluiskil,idle,4851.281226099456,1,1087838.2996537213,326284.98363237013,1414123.2832860914
greedy,9000056,521.0,4078.5622954046275,1.0,5535.038780121144,1.496379713891855,0,1.6152986675023162,1,6801.020037977865,1.2799401999044044,0,1.0,0,0.0,1.4829691373312408,0,1.0,0,1344.1585640220578,idle,yara_sluiskil,idle,0.0,sailing,celsio,sailing_to_emitter,6620.721028458247,idle,yara_sluiskil,idle,4599.405794377648,1,1089197.066976905,326284.98363237013,1415482.0506092752
greedy,9000056,522.0,4078.5622954046275,1.0,5591.601749251551,2.519584741038417,0,1.6152986675023162,1,6855.2309016717,1.2425008348685496,0,1.0,0,0.0,1.1619870477905803,0,1.0,0,1479.9107808199287,idle,yara_sluiskil,idle,0.0,sailing,celsio,sailing_to_emitter,6620.721028458247,idle,yara_sluiskil,idle,4348.607227283254,1,1090780.7605611908,326284.98363237013,1417065.744193561
greedy,9000056,523.0,4078.5622954046275,1.0,5686.850316700754,1.460668111294714,0,1.6152986675023162,1,6907.856050411903,1.5151154649653622,0,1.0,0,0.0,1.2320531218497317,0,1.0,0,1586.2832339263225,idle,yara_sluiskil,idle,0.0,sailing,celsio,sailing_to_emitter,6620.721028458247,idle,yara_sluiskil,idle,4098.771088118954,1,1092133.412980671,326284.98363237013,1418418.3966130412
greedy,9000056,524.0,4078.5622954046275,1.0,5742.073332952682,2.030922751274776,0,1.6152986675023162,1,6972.027578079987,0.5843395773492539,0,1.0,0,0.0,0.8443867682209025,0,1.0,0,1699.0731805249206,idle,yara_sluiskil,idle,0.0,sailing,celsio,sailing_to_emitter,6620.721028458247,idle,yara_sluiskil,idle,3849.802104123762,1,1093536.09055963,326284.98363237013,1419821.074192
greedy,9000056,525.0,4078.5622954046275,1.0,5818.862698868661,1.2639653482721322,0,1.6152986675023162,1,6996.776822756386,1.2203186009352454,0,1.0,0,0.0,0.8047725766860271,0,1.0,0,1776.3760199191984,idle,yara_sluiskil,idle,0.0,sailing,celsio,sailing_to_emitter,6620.721028458247,idle,yara_sluiskil,idle,3601.6199219668792,1,1094659.8531275503,326284.98363237013,1420944.8367599205
greedy,9000056,526.0,4078.5622954046275,1.0,5866.657639925896,2.185139975821495,0,1.6152986675023162,1,7048.462460369215,0.9205031227148818,0,1.0,0,0.0,0.9974989638207848,0,1.0,0,1850.0544333154355,idle,yara_sluiskil,idle,0.0,sailing,celsio,sailing_to_emitter,6620.721028458247,idle,yara_sluiskil,idle,3354.156010889892,1,1095754.8675574192,326284.98363237013,1422039.8511897894
greedy,9000056,527.0,4078.5622954046275,1.0,5949.29284458156,2.621926126800281,0,1.6152986675023162,1,7087.449648457356,1.224037107144301,0,1.0,0,0.0,0.5403464998422053,0,1.0,0,1941.3800509509629,idle,yara_sluiskil,idle,0.0,sailing,celsio,sailing_to_emitter,6620.721028458247,idle,yara_sluiskil,idle,3107.3513529180077,1,1096988.151511576,326284.98363237013,1423273.1351439462
greedy,9000056,528.0,4078.5622954046275,1.0,6048.4548694092055,1.5010647098662615,0,1.6152986675023162,1,7139.292780485361,1.5683392336286361,0,1.0,0,0.0,1.2631739281021277,0,1.0,0,1990.852747260023,idle,yara_sluiskil,idle,0.0,sailing,celsio,sailing_to_emitter,6620.721028458247,idle,yara_sluiskil,idle,2861.1546869598787,1,1097892.6187838104,326284.98363237013,1424177.6024161805
greedy,9000056,529.0,4078.5622954046275,1.0,6105.230690675774,2.1327294319245143,0,1.6152986675023162,1,7205.718559147743,0.914267664329616,0,1.0,0,0.0,0.80027903830346,0,1.0,0,2106.509091066186,idle,yara_sluiskil,idle,0.0,sailing,celsio,sailing_to_emitter,6620.721028458247,idle,yara_sluiskil,idle,2615.5211515404217,1,1099316.4315517913,326284.98363237013,1425601.4151841614
greedy,9000056,530.0,4078.5622954046275,1.0,6185.905666568314,1.716536466138116,0,1.6152986675023162,1,7244.441649284575,1.5559893616119123,0,1.0,0,0.0,0.8204066790038295,0,1.0,0,2179.7849326126957,idle,yara_sluiskil,idle,0.0,sailing,celsio,sailing_to_emitter,6620.721028458247,idle,yara_sluiskil,idle,2370.411220131903,1,1100407.3204496256,326284.98363237013,1426692.3040819957
greedy,9000056,531.0,4078.5622954046275,1.0,6250.843111366307,2.5284182326244253,0,1.6152986675023162,1,7310.344358799988,0.9519899241359048,0,1.0,0,0.0,1.0693196122542976,0,1.0,0,2254.9059788278223,idle,yara_sluiskil,idle,0.0,sailing,celsio,sailing_to_emitter,6620.721028458247,idle,yara_sluiskil,idle,2125.789855025473,1,1101512.4948606575,326284.98363237013,1427797.4784930276
greedy,9000056,532.0,4078.5622954046275,1.0,6346.503059221779,2.2582197698866895,0,1.6152986675023162,1,7350.665145676664,1.0481807373442211,0,1.0,0,0.0,0.0,1,1.0,0,2352.8218380775784,idle,yara_sluiskil,idle,0.0,sailing,celsio,sailing_to_emitter,6620.721028458247,idle,yara_sluiskil,idle,1881.625826981585,1,1102796.433013092,326284.98363237013,1429081.4166454622
greedy,9000056,533.0,4078.5622954046275,1.0,6431.94802747777,2.4836314107422424,0,1.6152986675023162,1,7395.060019033181,0.8221454636596284,0,1.0,0,0.0,0.0,1,1.0,0,2352.8218380775784,sailing,celsio,sailing_to_emitter,0.0,sailing,celsio,sailing_to_emitter,6620.721028458247,sailing,celsio,sailing_to_emitter,1637.8911623972708,1,1104141.7842255717,326284.98363237013,1430426.7678579418
greedy,9000056,534.0,4078.5622954046275,1.0,6525.930420823977,1.7138936258497697,0,1.6152986675023162,1,7429.881345584441,1.2523848416876318,0,1.0,0,0.0,0.0,1,1.0,0,2352.8218380775784,sailing,celsio,sailing_to_emitter,0.0,sailing,celsio,sailing_to_emitter,6620.721028458247,sailing,celsio,sailing_to_emitter,1394.5606897972632,0,1105486.9697193378,326284.98363237013,1431771.953351708
greedy,9000056,535.0,4078.5622954046275,1.0,6590.791216867871,1.730525889677604,0,1.6152986675023162,1,7482.925123684405,0.7032967208243903,0,1.0,0,0.0,0.0,1,1.0,0,2352.8218380775784,sailing,celsio,sailing_to_emitter,0.0,sailing,celsio,sailing_to_emitter,6620.721028458247,sailing,celsio,sailing_to_emitter,1394.5606897972632,0,1106732.3897193377,326284.98363237013,1433017.3733517078
greedy,9000056,536.0,4091.2750003149204,1.0,6656.28733527954,1.9403627361021394,0,1.6152986675023162,1,7500.0,1.1816797900588092,0,1.0,0,0.0,0.0,1,1.0,0,2352.8218380775784,sailing,celsio,sailing_to_emitter,0.0,sailing,celsio,sailing_to_emitter,6620.721028458247,sailing,celsio,sailing_to_emitter,1394.5606897972632,0,1107977.8097193376,327302.00002519356,1435279.8097445313
greedy,9000056,537.0,4141.3241213859055,1.0,6729.731863557262,1.7657102280356702,0,1.6152986675023162,1,7500.0,1.1997210412300279,0,1.0,0,0.0,0.0,1,1.0,0,2352.8218380775784,sailing,celsio,sailing_to_emitter,0.0,sailing,celsio,sailing_to_emitter,6620.721028458247,sailing,celsio,sailing_to_emitter,1394.5606897972632,0,1109223.2297193378,331305.9297108724,1440529.1594302102
greedy,9000056,538.0,4192.137365505907,1.0,6796.5716412137,2.2172300196706707,0,1.6152986675023162,1,7500.0,0.9253988249943353,0,1.0,0,0.0,0.0,1,1.0,0,2352.8218380775784,sailing,celsio,sailing_to_emitter,0.0,sailing,celsio,sailing_to_emitter,6620.721028458247,sailing,celsio,sailing_to_emitter,1394.5606897972632,0,1110468.6497193377,335370.98924047255,1445839.6389598101
greedy,9000056,539.0,4231.331907225863,1.0,6880.510943297977,0.7070400245720071,0,1.6152986675023162,1,7500.0,1.2622187923989,0,1.0,0,0.0,0.8308088571685674,0,1.0,0,2352.8218380775784,sailing,celsio,sailing_to_emitter,0.0,sailing,celsio,sailing_to_emitter,6620.721028458247,sailing,celsio,sailing_to_emitter,1394.5606897972632,0,1111714.0697193376,338506.55257806904,1450220.6222974067
greedy,9000056,540.0,4284.792194598385,1.0,6907.280282532781,1.841043862338885,0,1.6152986675023162,1,7500.0,0.9859641595903135,0,1.0,0,76.09412884455368,0.847409388474682,0,1.0,0,2352.8218380775784,sailing,celsio,sailing_to_emitter,0.0,sailing,celsio,sailing_to_emitter,6620.721028458247,sailing,celsio,sailing_to_emitter,1394.5606897972632,0,1112959.4897193376,342783.3755678708,1455742.8652872085
greedy,9000056,541.0,4326.551933581932,1.0,6976.990561500066,0.976778059113638,0,1.6152986675023162,1,7500.0,0.7234818538316052,0,1.0,0,153.71104187012065,1.041982545979487,0,1.0,0,2352.8218380775784,sailing,celsio,sailing_to_emitter,0.0,sailing,celsio,sailing_to_emitter,6620.721028458247,sailing,celsio,sailing_to_emitter,1394.5606897972632,0,1114204.9097193375,346124.1546865545,1460329.064405892
greedy,9000056,542.0,4357.194440291196,1.0,7013.979137366232,1.0943064032697936,0,1.6152986675023162,1,7500.0,0.3914306746507532,0,1.0,0,249.15239804494934,1.3243035620175017,0,1.0,0,2352.8218380775784,sailing,celsio,sailing_to_emitter,0.0,sailing,celsio,sailing_to_emitter,6620.721028458247,sailing,celsio,sailing_to_emitter,1394.5606897972632,0,1115450.3297193376,348575.55522329564,1464025.8849426333
greedy,9000056,543.0,4373.77317963438,1.0,7055.421994888784,0.9771988226091718,0,1.0,0,7500.0,0.523777194232608,0,1.0,0,370.45685756935416,1.297364998325849,0,1.0,0,2352.8218380775784,sailing,celsio,sailing_to_emitter,0.0,sailing,celsio,sailing_to_emitter,6620.721028458247,sailing,celsio,sailing_to_emitter,1394.5606897972632,0,1116695.7497193376,349901.8543707503,1466597.6040900878
greedy,9000056,544.0,4395.957352054781,1.0,7092.433155995401,0.6120076367340752,0,1.0,0,7500.0,1.407326143808945,0,1.0,0,489.29735572950455,1.2076207518195161,0,1.0,0,2352.8218380775784,sailing,celsio,sailing_to_emitter,0.0,sailing,celsio,sailing_to_emitter,6620.721028458247,sailing,celsio,sailing_to_emitter,1394.5606897972632,0,1117941.1697193375,351676.58816438244,1469617.7578837199
greedy,9000056,545.0,4455.563547532112,1.0,7115.614874896783,1.0404190916132223,0,1.0,0,7500.0,0.5531404541268958,0,1.0,0,599.9204789423638,1.3082617424751195,0,1.0,0,2352.8218380775784,sailing,celsio,sailing_to_emitter,0.0,sailing,celsio,sailing_to_emitter,6620.721028458247,sailing,celsio,sailing_to_emitter,1394.5606897972632,0,1119186.5897193376,356445.0838025689,1475631.6735219066
greedy,9000056,546.0,4478.991377804541,1.0,7155.027570019617,1.339986607349402,0,1.0,0,7500.0,0.7642103472553305,0,1.0,0,719.7663430474098,1.1071605916663505,0,1.0,0,2352.8218380775784,sailing,celsio,sailing_to_emitter,0.0,sailing,celsio,sailing_to_emitter,6620.721028458247,sailing,celsio,sailing_to_emitter,1394.5606897972632,0,1120432.0097193376,358319.3102243632,1478751.3199437007
greedy,9000056,547.0,4511.358907921628,1.0,7205.792909039585,0.9036149822530432,0,1.0,0,7500.0,0.6999635807994947,0,1.0,0,821.1929949161079,0.7181327303636666,0,1.0,0,2352.8218380775784,sailing,celsio,sailing_to_emitter,0.0,sailing,celsio,sailing_to_emitter,6620.721028458247,sailing,celsio,sailing_to_emitter,1394.5606897972632,0,1121677.4297193375,360908.71263373015,1482586.1423530676
greedy,9000056,548.0,4541.005316614944,1.0,7240.029401499426,1.5871492843663628,0,1.0,0,7500.0,1.2996141649753554,0,1.0,0,886.9828987968419,0.5285684324239739,0,1.0,0,2352.8218380775784,sailing,celsio,sailing_to_emitter,0.0,sailing,celsio,sailing_to_emitter,6620.721028458247,sailing,celsio,sailing_to_emitter,1394.5606897972632,0,1122922.8497193374,363280.4253291954,1486203.2750485328
greedy,9000056,549.0,4596.04945567497,1.0,7300.169292376853,0.5446403203276924,0,1.0,0,7500.0,0.7569368849874777,0,1.0,0,935.407807789872,0.9910523515296257,0,1.0,0,2352.8218380775784,sailing,celsio,sailing_to_emitter,0.0,sailing,celsio,sailing_to_emitter,6620.721028458247,sailing,celsio,sailing_to_emitter,1394.5606897972632,0,1124168.2697193373,367683.95645399747,1491852.2261733348
greedy,9000056,550.0,4628.1089240000965,1.0,7320.808529904526,1.1176531107923322,0,1.0,0,7500.0,0.65562405280159,0,1.0,0,1026.2060094275855,0.8604812466935249,0,1.0,0,2352.8218380775784,sailing,celsio,sailing_to_emitter,0.0,sailing,celsio,sailing_to_emitter,6620.721028458247,sailing,celsio,sailing_to_emitter,1394.5606897972632,0,1125413.6897193375,370248.71392000763,1495662.4036393452
greedy,9000056,551.0,4655.877366747251,1.0,7363.165987912566,1.29193686556995,0,1.4659253844879863,1,7500.0,1.3552068030213926,0,1.0,0,1105.0439225171065,0.6921141896726115,0,1.0,0,2352.8218380775784,sailing,celsio,sailing_to_emitter,0.0,sailing,celsio,sailing_to_emitter,6620.721028458247,sailing,celsio,sailing_to_emitter,1394.5606897972632,0,1126659.1097193374,372470.18933977996,1499129.2990591174
greedy,9000056,552.0,4713.2760884070885,1.0,7412.132949276851,1.472994273190269,0,1.4659253844879863,1,7500.0,1.3086888146619418,0,1.0,0,1168.4578317480627,0.7369625704678773,0,1.0,0,2352.8218380775784,sailing,celsio,sailing_to_emitter,0.0,sailing,celsio,sailing_to_emitter,6620.721028458247,sailing,celsio,sailing_to_emitter,1394.5606897972632,1,1127904.5297193374,377062.08707256697,1504966.6167919044
greedy,9000056,553.0,4768.704577140064,1.0,7467.967356939952,1.3939667374618623,0,1.4659253844879863,1,7500.0,0.9880929038057072,0,1.0,0,1235.9829359420314,1.2283098826922203,0,1.0,0,2352.8218380775784,sailing,celsio,sailing_to_emitter,0.0,loading,celsio,loading,6620.721028458247,sailing,celsio,sailing_to_emitter,1109.1725619433819,1,1128851.8188517576,381496.366171205,1510348.1850229625
greedy,9000056,554.0,4831.365416915531,1.0,7500.0,2.247500288877657,0,1.4659253844879863,1,6700.0,1.1880658931186403,0,1.0,0,1348.5317274435183,1.365228789561205,0,1.0,0,2352.8218380775784,sailing,celsio,sailing_to_emitter,800.0,loading,celsio,loading,6620.721028458247,sailing,celsio,sailing_to_emitter,832.493328812815,1,1136075.957337341,386509.2333532423,1522585.1906905833
greedy,9000056,555.0,4916.5730681500145,1.0,7500.0,1.9950447586527276,0,1.4659253844879863,1,5950.31959945938,1.070773742537742,0,1.0,0,1473.6300210247916,1.0381741000711568,0,1.0,0,2352.8218380775784,sailing,celsio,sailing_to_emitter,1600.0,loading,celsio,loading,6620.721028458247,sailing,celsio,sailing_to_emitter,563.2668141533305,1,1143297.0402083513,393325.84545200097,1536622.8856603522
greedy,9000056,556.0,4992.21636725074,1.0,7500.0,0.7789157783437486,0,1.4659253844879863,1,5195.671381837952,1.0551720743481972,0,1.0,0,1568.762583521414,0.6344690102479384,0,1.0,0,2352.8218380775784,sailing,celsio,sailing_to_emitter,2400.0,loading,celsio,loading,6620.721028458247,sailing,celsio,sailing_to_emitter,298.8446888698637,1,1150516.1532797178,399377.309380059,1549893.4626597767
greedy,9000056,557.0,5021.752069197347,1.0,7500.0,1.4703957241917216,0,1.4659253844879863,1,4440.362367792064,1.1213490719255008,0,1.0,0,1626.9035807341638,1.2230648392642154,0,1.0,0,2352.8218380775784,sailing,celsio,sailing_to_emitter,3200.0,loading,celsio,loading,6620.721028458247,sailing,celsio,sailing_to_emitter,37.88447530811652,1,1157733.846967278,401740.1655357875,1559474.0125030656
greedy,9000056,558.0,5077.5129995972475,1.0,7500.0,1.0523237130753367,0,1.4659253844879863,1,3687.856228595796,0.8684093220253488,0,1.0,0,1738.9852523888553,0.8601237087717412,0,1.0,0,2352.8218380775784,sailing,celsio,sailing_to_emitter,4000.0,loading,celsio,loading,6620.721028458247,sailing,celsio,sailing_to_emitter,0.0,1,1164860.0796021542,406201.0399677796,1571061.1195699337
greedy,9000056,559.0,5117.4232182746,1.0,7500.0,1.7753570330876314,0,1.4659253844879863,1,2924.637024597271,1.0348908644196377,0,1.0,0,1817.809365582505,0.6391632702438097,0,1.0,0,2352.8218380775784,sailing,celsio,sailing_to_emitter,4800.0,loading,celsio,loading,6620.721028458247,sailing,celsio,sailing_to_emitter,0.0,1,1171970.7796021544,409393.8574619678,1581364.6370641221
greedy,9000056,560.0,5184.761095580058,1.0,7500.0,0.7335599275722542,0,1.0,0,2168.469015805327,2.0704657276357485,0,1.0,0,1876.385814570573,1.8103231702587212,0,1.0,0,2352.8218380775784,sailing,celsio,sailing_to_emitter,5600.0,loading,celsio,loading,6620.721028458247,sailing,celsio,sailing_to_emitter,0.0,1,1179081.4796021543,414780.8876464045,1593862.367248559
greedy,9000056,561.0,5212.586936023605,1.0,7500.0,1.271732984890706,0,1.0,0,1456.1619684542088,0.7814724670842825,0,1.0,0,2042.298808506993,0.6941911071908442,0,1.0,0,2352.8218380775784,sailing,celsio,sailing_to_emitter,6400.0,loading,celsio,loading,6620.721028458247,sailing,celsio,sailing_to_emitter,0.0,1,1186192.1796021543,417006.95488188823,1603199.1344840424
greedy,9000056,562.0,5260.831411255748,1.0,7500.0,1.0031403497935207,0,1.0,0,689.2606221231495,0.8352081743199956,0,1.0,0,2105.922137803683,0.7575763428418004,0,1.0,0,2352.8218380775784,sailing,celsio,sailing_to_emitter,7200.0,loading,celsio,loading,6620.721028458247,sailing,celsio,sailing_to_emitter,0.0,1,1193302.8796021545,420866.5129004597,1614169.3925026143
greedy,9000056,563.0,5298.889967283529,1.0,7500.0,1.1134655178055792,0,1.0,0,424.6352095432642,0.8983856776740795,0,1.0,0,2175.3568762940154,0.8568741739471537,0,1.0,0,2352.8218380775784,sailing,celsio,sailing_to_emitter,7500.0,idle,celsio,idle,6620.721028458247,sailing,celsio,sailing_to_emitter,0.0,1,1196488.3171021545,423911.1973826822,1620399.5144848367
greedy,9000056,564.0,5341.137985661436,1.0,7500.0,1.2320230395845044,0,1.0,0,462.68563058677853,0.6679448837816776,0,1.0,0,2253.8949974364955,1.235185626195058,0,1.0,0,2352.8218380775784,sailing,celsio,sailing_to_emitter,7500.0,sailing,oygarden_terminal,sailing_to_terminal,6620.721028458247,sailing,celsio,sailing_to_emitter,0.0,1,1197733.7371021544,427291.03885291476,1625024.775955069
greedy,9000056,565.0,5387.888602966578,1.0,7500.0,0.5270667737857389,0,1.0,0,490.9759124705626,1.4519418040872625,0,1.0,0,2367.1112398924824,1.0326359738846835,0,1.0,0,2352.8218380775784,sailing,celsio,sailing_to_emitter,7500.0,sailing,oygarden_terminal,sailing_to_terminal,6620.721028458247,sailing,celsio,sailing_to_emitter,0.0,1,1198979.1571021546,431031.0882373261,1630010.2453394807
greedy,9000056,566.0,5407.890588327573,1.0,7500.0,0.8080887953994391,0,1.0,0,552.4717692603042,1.3299122827824326,0,1.0,0,2461.764769129863,1.2881956357156874,0,1.0,0,2352.8218380775784,sailing,celsio,sailing_to_emitter,7500.0,sailing,oygarden_terminal,sailing_to_terminal,6620.721028458247,sailing,celsio,sailing_to_emitter,0.0,1,1200224.5771021545,432631.2470662057,1632855.8241683603
greedy,9000056,567.0,5438.560004197765,1.0,7500.0,0.5996368218085166,0,1.0,0,608.7991613463245,1.0674268937818898,0,1.0,0,2579.846969591397,0.38593770212147094,0,1.0,0,2352.8218380775784,sailing,celsio,sailing_to_emitter,7500.0,sailing,oygarden_terminal,sailing_to_terminal,6620.721028458247,sailing,celsio,sailing_to_emitter,0.0,1,1201469.9971021544,435084.8003358211,1636554.7974379756
greedy,9000056,568.0,5461.320077250162,1.0,7500.0,0.9710806092419942,0,1.0,0,654.0091905697717,0.0,1,1.0,0,2615.224936670941,0.9783536049731741,0,1.0,0,2352.8218380775784,sailing,celsio,sailing_to_emitter,7500.0,sailing,oygarden_terminal,sailing_to_terminal,6620.721028458247,sailing,celsio,sailing_to_emitter,0.0,1,1202715.4171021546,436905.6061800129,1639621.0232821675
greedy,9000056,569.0,5498.182135006527,1.0,7500.0,1.2067083598771644,0,1.0,0,654.0091905697717,0.0,1,1.0,0,2704.9109198202177,1.1353978193105436,0,1.0,0,2352.8218380775784,sailing,celsio,sailing_to_emitter,7500.0,sailing,oygarden_terminal,sailing_to_terminal,6620.721028458247,sailing,celsio,sailing_to_emitter,0.0,1,1203960.8371021545,439854.57080052205,1643815.4079026766
greedy,9000056,570.0,5543.992690462424,1.0,7500.0,1.4330155929678752,0,1.0,0,654.0091905697717,0.0,1,1.0,0,2808.9963235877203,1.3087099941940257,0,1.0,0,2352.8218380775784,sailing,celsio,sailing_to_emitter,7500.0,sailing,oygarden_terminal,sailing_to_terminal,6620.721028458247,sailing,celsio,sailing_to_emitter,0.0,1,1205206.2571021544,443519.4152369939,1648725.6723391484
greedy,9000056,571.0,5598.399477595022,1.0,7500.0,0.9971463881040954,0,1.0,0,654.0091905697717,0.0,1,1.0,0,2928.973391991203,1.074556130924684,0,1.0,0,2352.8218380775784,sailing,celsio,sailing_to_emitter,7500.0,sailing,oygarden_terminal,sailing_to_terminal,6620.721028458247,sailing,celsio,sailing_to_emitter,0.0,1,1206451.6771021544,447871.95820760174,1654323.635309756
greedy,9000056,572.0,5636.261169825776,1.0,7500.0,1.112481584808389,0,1.0,0,654.0091905697717,0.0,1,1.0,0,3027.487172204672,1.3115856284491436,0,1.0,0,2352.8218380775784,sailing,celsio,sailing_to_emitter,7500.0,sailing,oygarden_terminal,sailing_to_terminal,6620.721028458247,sailing,celsio,sailing_to_emitter,0.0,1,1207697.0971021543,450900.893586062,1658597.9906882164
greedy,9000056,573.0,5678.505930324974,1.0,7500.0,1.5007369294694,0,1.0,0,654.0091905697717,0.0,1,1.0,0,3147.7350935877034,1.105751573270761,0,1.0,0,2352.8218380775784,sailing,celsio,sailing_to_emitter,7500.0,sailing,oygarden_terminal,sailing_to_terminal,6620.721028458247,sailing,celsio,sailing_to_emitter,0.0,1,1208942.5171021544,454280.4744259978,1663222.9915281523
greedy,9000056,574.0,5735.499191584893,1.0,7500.0,1.3171278354856488,0,1.0,0,654.0091905697717,0.0,1,1.0,0,3249.1149203491013,1.0654783033213093,0,1.0,0,2352.8218380775784,sailing,celsio,sailing_to_emitter,7500.0,sailing,oygarden_terminal,sailing_to_terminal,6620.721028458247,sailing,celsio,sailing_to_emitter,0.0,1,1210187.9371021544,458839.9353267914,1669027.8724289457
greedy,9000056,575.0,5785.5240413271085,1.0,7500.0,0.7354555771750219,0,1.0,0,654.0091905697717,0.0,1,1.0,0,3346.8052643965852,0.23189094716776593,0,1.0,0,2352.8218380775784,sailing,celsio,sailing_to_emitter,7500.0,sailing,oygarden_terminal,sailing_to_terminal,6620.721028458247,sailing,celsio,sailing_to_emitter,0.0,1,1211433.3571021543,462841.92330616864,1674275.2804083228
greedy,9000056,576.0,5813.459333709262,1.0,7500.0,0.9528374894139913,0,1.0,0,654.0091905697717,0.0,1,1.0,0,3368.0672525860186,0.6333726993361832,0,1.0,0,2352.8218380775784,loading,celsio,loading,7500.0,sailing,oygarden_terminal,sailing_to_terminal,6620.721028458247,queued,celsio,queued,0.0,1,1211848.4971021544,465076.74669674085,1676925.2437988953
greedy,9000056,577.0,5849.654828589881,1.0,7500.0,0.9953112410765729,0,1.0,0,0.0,0.0,1,1.0,0,3426.1426876142327,1.1678775598785787,0,1.0,0,3006.83102864735,idle,celsio,idle,7500.0,sailing,oygarden_terminal,sailing_to_terminal,6620.721028458247,idle,celsio,idle,0.0,1,1217397.9526029523,467972.38628719037,1685370.3388901427
greedy,9000056,578.0,5887.467164462795,1.0,7500.0,1.169798418562643,0,1.0,0,0.0,0.0,1,1.0,0,3533.2313501017084,0.6068569169085294,0,1.0,0,3006.83102864735,sailing,brevik,sailing_to_emitter,7500.0,sailing,oygarden_terminal,sailing_to_terminal,6620.721028458247,sailing,brevik,sailing_to_emitter,0.0,1,1218643.3726029522,470997.37315702357,1689640.7457599756
greedy,9000056,579.0,5931.912329994475,1.0,7500.0,0.7282690169985728,0,1.0,0,0.0,0.0,1,1.0,0,3588.87883434956,0.6641741300267587,0,1.0,0,3006.83102864735,sailing,brevik,sailing_to_emitter,7500.0,sailing,oygarden_terminal,sailing_to_terminal,6620.721028458247,sailing,brevik,sailing_to_emitter,0.0,1,1219888.792602952,474552.9863995579,1694441.77900251
greedy,9000056,580.0,5959.584564466004,1.0,7500.0,0.99872863257766,0,1.0,0,0.0,0.0,1,1.0,0,3649.7840145251485,1.1873179884106562,0,1.0,0,3006.83102864735,sailing,brevik,sailing_to_emitter,7500.0,sailing,oygarden_terminal,sailing_to_terminal,6620.721028458247,sailing,brevik,sailing_to_emitter,0.0,1,1221134.2126029523,476766.76515728026,1697900.9777602325
greedy,9000056,581.0,5997.536925647053,1.0,7500.0,0.7566848128774959,0,1.0,0,0.0,0.0,1,1.0,0,3758.6650824479343,1.107464683393851,0,1.0,0,3006.83102864735,sailing,brevik,sailing_to_emitter,7500.0,sailing,oygarden_terminal,sailing_to_terminal,6620.721028458247,sailing,brevik,sailing_to_emitter,0.0,1,1222379.6326029522,479802.9540517642,1702182.5866547164
greedy,9000056,582.0,6026.29403354038,1.0,7500.0,1.0343112878613256,0,1.0,0,0.0,0.0,1,1.0,0,3860.2263837811242,0.6235987574476263,0,1.0,0,3006.83102864735,sailing,brevik,sailing_to_emitter,7500.0,sailing,oygarden_terminal,sailing_to_terminal,6620.721028458247,sailing,brevik,sailing_to_emitter,0.0,1,1223625.052602952,482103.52268323035,1705728.5752861826
greedy,9000056,583.0,6065.605599127543,1.0,7500.0,1.3369409699868482,0,1.0,0,0.0,0.0,1,1.0,0,3917.41593113763,0.7546980852949804,0,1.0,0,3006.83102864735,sailing,brevik,sailing_to_emitter,7500.0,sailing,oygarden_terminal,sailing_to_terminal,6620.721028458247,sailing,brevik,sailing_to_emitter,0.0,1,1224870.472602952,485248.44793020346,1710118.9205331556
greedy,9000056,584.0,6116.423907252561,1.0,7500.0,1.3288694932950427,0,1.0,0,0.0,0.0,1,1.0,0,3986.630530999591,1.0890547731827398,0,1.0,0,3006.83102864735,loading,brevik,loading,7500.0,sailing,oygarden_terminal,sailing_to_terminal,6620.721028458247,queued,brevik,queued,0.0,1,1225285.6126029522,489313.91258020484,1714599.525183157
greedy,9000056,585.0,6166.939933556223,1.0,6700.0,0.668797562644424,0,1.0,0,0.0,0.8936544837158784,0,1.0,0,4086.512531732963,1.2599945008998659,0,1.0,0,3806.83102864735,loading,brevik,loading,7500.0,sailing,oygarden_terminal,sailing_to_terminal,6620.721028458247,queued,brevik,queued,0.0,1,1231981.172602952,493355.19468449784,1725336.3672874498
greedy,9000056,586.0,6166.939933556223,1.0,5925.426138409372,0.7991785551818033,0,1.0,0,37.850035032670796,0.8941851850898896,0,1.0,0,4202.07563889116,0.66000900703191,0,1.0,0,4606.83102864735,loading,brevik,loading,7500.0,sailing,oygarden_terminal,sailing_to_terminal,6620.721028458247,queued,brevik,queued,0.0,1,1238676.732602952,493355.19468449784,1732031.9272874498
greedy,9000056,587.0,6166.939933556223,1.0,5155.811781378723,1.2188762887028115,0,1.0,0,75.72254750596795,1.579096871231886,0,1.0,0,4262.61160363529,0.5658438900881784,0,1.0,0,5406.83102864735,loading,brevik,loading,7500.0,sailing,oygarden_terminal,sailing_to_terminal,6620.721028458247,queued,brevik,queued,0.0,1,1245372.292602952,493355.19468449784,1738727.4872874499
greedy,9000056,588.0,6166.939933556223,1.0,4402.1589391618745,1.1405650218571504,0,1.0,0,142.60395747504742,0.6696738045597717,0,1.0,0,4314.512311510613,0.673829872029005,0,1.0,0,6206.83102864735,loading,brevik,loading,7500.0,sailing,oygarden_terminal,sailing_to_terminal,6620.721028458247,queued,brevik,queued,0.0,1,1252067.8526029522,493355.19468449784,1745423.04728745
greedy,9000056,589.0,6166.939933556223,1.0,3645.532231756556,1.2097140231341263,0,1.0,0,170.96746644291377,1.3594207268295957,0,1.0,0,4376.3196375095295,1.0583370477685174,0,1.0,0,7006.83102864735,loading,brevik,loading,7500.0,sailing,oygarden_terminal,sailing_to_terminal,6620.721028458247,queued,brevik,queued,0.0,1,1258763.412602952,493355.19468449784,1752118.6072874498
greedy,9000056,590.0,6166.939933556223,1.0,3198.3702621707826,1.2516142800165373,0,1.0,0,228.54466554193147,0.8005800819674362,0,1.0,0,4473.398960261212,1.2216107160350815,0,1.0,0,7500.0,idle,brevik,idle,7500.0,sailing,oygarden_terminal,sailing_to_terminal,6620.721028458247,loading,brevik,loading,0.0,1,1263050.1879417803,493355.19468449784,1756405.382626278
greedy,9000056,591.0,6166.939933556223,0.7588500450326741,2445.9750445882273,0.7985841120820947,0,1.0,0,262.45260725887795,1.3539585763596191,0,1.0,0,4585.458443676243,0.3575561713904186,0,1.0,0,7500.0,sailing,oygarden_terminal,sailing_to_terminal,7500.0,sailing,oygarden_terminal,sailing_to_terminal,7420.721028458247,loading,brevik,loading,0.0,1,1270160.8879417803,493355.19468449784,1763516.082626278
greedy,9000056,592.0,6166.939933556223,0.7588500450326741,2397.0727033461053,1.0460671463352784,0,1.0,0,319.79846125706575,0.8157602904747536,0,1.0,0,4618.258387799709,0.9301550999130447,0,1.0,0,7500.0,sailing,oygarden_terminal,sailing_to_terminal,7500.0,sailing,oygarden_terminal,sailing_to_terminal,7500.0,idle,brevik,idle,0.0,1,1271613.5494898432,493355.19468449784,1764968.744174341
greedy,9000056,593.0,6166.939933556223,0.7588500450326741,2436.866681338359,1.2729029891425696,0,1.0,0,354.3493488040562,0.8183598423192122,0,1.0,0,4703.587502523111,0.8446213547359237,0,1.0,0,7500.0,sailing,oygarden_terminal,sailing_to_terminal,7500.0,sailing,oygarden_terminal,sailing_to_terminal,7500.0,sailing,oygarden_terminal,sailing_to_terminal,0.0,1,1272858.9694898434,493355.19468449784,1766214.1641743411
greedy,9000056,594.0,6166.939933556223,0.7588500450326741,2485.29416990934,1.0499304251326487,0,1.0,0,389.01033833137006,0.9574876093260895,0,1.0,0,4781.0723839971515,0.9503053133847704,0,1.0,0,7500.0,sailing,oygarden_terminal,sailing_to_terminal,7500.0,sailing,oygarden_terminal,sailing_to_terminal,7500.0,sailing,oygarden_terminal,sailing_to_terminal,0.0,1,1274104.3894898433,493355.19468449784,1767459.584174341
greedy,9000056,595.0,6166.939933556223,0.7588500450326741,2525.242258702523,0.8735419980572312,0,1.0,0,429.56397535409087,1.0652364211406682,0,1.0,0,4868.255244641821,1.4104484721406465,0,1.0,0,7500.0,sailing,oygarden_terminal,sailing_to_terminal,7500.0,sailing,oygarden_terminal,sailing_to_terminal,7500.0,sailing,oygarden_terminal,sailing_to_terminal,0.0,1,1275349.8094898432,493355.19468449784,1768705.004174341
greedy,9000056,596.0,6166.939933556223,0.7588500450326741,2558.4820377150054,1.1545681987160248,0,1.0,0,474.6812288261497,1.086530355004779,0,1.0,0,4997.6564208151685,1.0044190968819104,0,1.0,0,7500.0,sailing,oygarden_terminal,sailing_to_terminal,7500.0,sailing,oygarden_terminal,sailing_to_terminal,7500.0,sailing,oygarden_terminal,sailing_to_terminal,0.0,1,1276595.2294898431,493355.19468449784,1769950.424174341
greedy,9000056,597.0,6166.939933556223,0.7588500450326741,2602.419277147305,1.0334037537388474,0,1.0,0,520.7003701725788,0.8425125087284979,0,1.0,0,5089.80931972074,1.6064214012614277,0,1.0,0,7500.0,sailing,oygarden_terminal,sailing_to_terminal,7500.0,sailing,oygarden_terminal,sailing_to_terminal,7500.0,sailing,oygarden_terminal,sailing_to_terminal,0.0,1,1277840.649489843,493355.19468449784,1771195.8441743408
greedy,9000056,598.0,6166.939933556223,0.7588500450326741,2641.7491049110877,0.6602884380117872,0,1.0,0,556.3843269499675,1.4367180557462438,0,1.0,0,5237.198825454235,1.1863030165136128,0,1.0,0,7500.0,sailing,oygarden_terminal,sailing_to_terminal,7500.0,unloading,oygarden_terminal,unloading,7500.0,sailing,oygarden_terminal,sailing_to_terminal,0.0,1,1278670.9294898433,493355.19468449784,1772026.124174341
greedy,9000056,599.0,6166.939933556223,0.7588500450326741,2666.8809598596554,1.3465340109985087,0,1.0,0,617.235393814144,0.7289585256458802,0,1.0,0,5346.0456481667115,1.1155722515611743,0,1.0,0,7500.0,sailing,oygarden_terminal,sailing_to_terminal,6700.0,unloading,oygarden_terminal,unloading,7500.0,sailing,oygarden_terminal,sailing_to_terminal,514.6118721461187,1,1279642.6386222632,493355.19468449784,1772997.833306761
greedy,9000056,600.0,6166.939933556223,0.7588500450326741,2718.1372307702754,0.8583988821427857,0,1.0,0,648.1098606643911,1.2575787137667584,0,1.0,0,5448.405786667445,1.2198856912204474,0,1.0,0,7500.0,sailing,oygarden_terminal,sailing_to_terminal,5900.0,unloading,oygarden_terminal,unloading,7500.0,sailing,oygarden_terminal,sailing_to_terminal,1029.2237442922374,1,1280614.3477546838,493355.19468449784,1773969.5424391816
greedy,9000056,601.0,6166.939933556223,0.7588500450326741,2750.81539463086,1.1829178908400864,0,1.0,0,701.3736211442706,1.252773555835415,0,1.0,0,5560.340641027811,0.3190483802913072,0,1.0,0,7500.0,sailing,oygarden_terminal,sailing_to_terminal,5100.0,unloading,oygarden_terminal,unloading,7500.0,sailing,oygarden_terminal,sailing_to_terminal,1548.3035890374786,1,1281584.2250183378,493355.19468449784,1774939.4197028356
greedy,9000056,602.0,6166.939933556223,0.7588500450326741,2795.8516149110997,1.1283795791882894,0,1.0,0,754.4338629272119,1.1829760388457855,0,1.0,0,5589.616914109043,0.6453080477578437,0,1.0,0,7500.0,sailing,oygarden_terminal,sailing_to_terminal,4300.0,unloading,oygarden_terminal,unloading,7500.0,sailing,oygarden_terminal,sailing_to_terminal,2073.014936024738,1,1282551.7933660734,493355.19468449784,1775906.9880505712
greedy,9000056,603.0,6166.939933556223,1.0,2838.8152846123235,1.224093351858192,0,1.0,0,804.5378855993107,1.389541302462209,0,1.0,0,5648.832954705105,1.1036090152671636,0,1.0,0,7500.0,sailing,oygarden_terminal,sailing_to_terminal,3500.0,unloading,oygarden_terminal,unloading,7500.0,sailing,oygarden_terminal,sailing_to_terminal,2601.8061094499876,1,1283517.688984969,493355.19468449784,1776872.8836694667
greedy,9000056,604.0,6166.939933556223,1.0,2885.427474153064,1.1724330418300257,0,1.0,0,863.3908180647164,1.234168164135435,0,1.0,0,5750.107560685219,0.9688058192297155,0,1.0,0,7500.0,sailing,oygarden_terminal,sailing_to_terminal,2700.0,unloading,oygarden_terminal,unloading,7500.0,sailing,oygarden_terminal,sailing_to_terminal,3133.769285191783,1,1284482.284082915,493355.19468449784,1777837.4787674127
greedy,9000056,605.0,6166.939933556223,1.0,2930.0764842933318,1.2584979011177273,0,1.0,0,915.663043068832,1.5058286933265672,0,1.0,0,5839.014385344215,0.7954247270582465,0,1.0,0,7500.0,sailing,oygarden_terminal,sailing_to_terminal,1900.0,unloading,oygarden_terminal,unloading,7500.0,sailing,oygarden_terminal,sailing_to_terminal,3668.308582644258,1,1285445.8229709591,493355.19468449784,1778801.017655457
greedy,9000056,606.0,6166.939933556223,1.0,2978.0073295403117,0.9581287326316046,0,1.0,0,979.4412368049832,0.8147076399330194,0,1.0,0,5912.0123054336855,1.4054219501359422,0,1.0,0,7500.0,sailing,oygarden_terminal,sailing_to_terminal,1100.0,unloading,oygarden_terminal,unloading,7500.0,sailing,oygarden_terminal,sailing_to_terminal,4205.004160335157,1,1286408.4777841063,493355.19468449784,1779763.672468604
greedy,9000056,607.0,6166.939933556223,1.0,3014.501648138114,1.0825446059731794,0,1.0,0,1013.9475401635565,1.0391490707996849,0,1.0,0,6040.994917556209,1.2207792596966567,0,1.0,0,7500.0,sailing,oygarden_terminal,sailing_to_terminal,300.0,unloading,oygarden_terminal,unloading,7500.0,sailing,oygarden_terminal,sailing_to_terminal,4743.545213809437,1,1287370.3759521816,493355.19468449784,1780725.5706366794
greedy,9000056,608.0,6166.939933556223,1.0,3055.738547824002,1.0277718196760817,0,1.0,0,1057.9598843644055,1.294753009034298,0,1.0,0,6153.0353083487435,0.6062505880458242,0,1.0,0,7500.0,sailing,oygarden_terminal,sailing_to_terminal,0.0,idle,oygarden_terminal,idle,7500.0,sailing,oygarden_terminal,sailing_to_terminal,4783.693036824515,1,1288316.3528447456,493355.19468449784,1781671.5475292434
greedy,9000056,609.0,6166.939933556223,1.0,3094.8925091499123,0.746012101437909,0,1.0,0,1112.7981329756942,0.790899780987245,0,1.0,0,6208.677301963645,0.9894394894806741,0,1.0,0,7500.0,sailing,oygarden_terminal,sailing_to_terminal,0.0,sailing,yara_sluiskil,sailing_to_emitter,7500.0,sailing,oygarden_terminal,sailing_to_terminal,4525.258991317011,1,1289667.7308034035,493355.19468449784,1783022.9254879013
greedy,9000056,610.0,6166.939933556223,1.0,3123.315100227073,1.4571225452686982,0,1.0,0,1146.2960731339806,1.0591270053437858,0,1.0,0,6299.49129773307,1.17819073095517,0,1.0,0,7500.0,sailing,oygarden_terminal,sailing_to_terminal,0.0,sailing,yara_sluiskil,sailing_to_emitter,7500.0,sailing,oygarden_terminal,sailing_to_terminal,4268.090566735751,1,1291018.589857482,493355.19468449784,1784373.7845419797
greedy,9000056,611.0,6166.939933556223,1.0,3178.835511259751,0.9826476262929699,0,1.0,0,1191.1545670897444,0.7885567688680826,0,1.0,0,6407.632747510243,0.4970123002866148,0,1.0,0,7500.0,sailing,oygarden_terminal,sailing_to_terminal,0.0,sailing,yara_sluiskil,sailing_to_emitter,7500.0,sailing,oygarden_terminal,sailing_to_terminal,4012.062137571067,1,1292368.9815134392,493355.19468449784,1785724.176197937
greedy,9000056,612.0,6166.939933556223,1.0,3216.2804556359006,0.7516806549272017,0,1.0,0,1224.5532708066453,0.9510568577667001,0,1.0,0,6453.252902683606,0.7304976023734836,0,1.0,0,7500.0,sailing,oygarden_terminal,sailing_to_terminal,0.0,sailing,yara_sluiskil,sailing_to_emitter,7500.0,sailing,oygarden_terminal,sailing_to_terminal,3757.0686001136287,1,1293718.948863797,493355.19468449784,1787074.1435482947
greedy,9000056,613.0,6166.939933556223,1.0,3244.9266896893014,1.0255833325705248,0,1.0,0,1264.8345383887774,0.86510452298815,0,1.0,0,6520.306402571776,1.2276080298409155,0,1.0,0,7500.0,sailing,oygarden_terminal,sailing_to_terminal,0.0,sailing,yara_sluiskil,sailing_to_emitter,7500.0,sailing,oygarden_terminal,sailing_to_terminal,3503.0208525046187,1,1295068.5284403167,493355.19468449784,1788423.7231248145
greedy,9000056,614.0,6166.939933556223,1.0,3284.0147308342284,1.1581736102340114,0,1.0,0,1301.4753622179944,0.7083708983780166,0,1.0,0,6632.993816207361,0.9136759749257966,0,1.0,0,7500.0,sailing,oygarden_terminal,sailing_to_terminal,0.0,sailing,yara_sluiskil,sailing_to_emitter,7500.0,sailing,oygarden_terminal,sailing_to_terminal,3249.842498512004,1,1296417.7515654536,493355.19468449784,1789772.9462499514
greedy,9000056,615.0,6166.939933556223,1.0,3328.160124375095,0.7171257082931779,0,1.0,0,1331.477856256011,1.0577601146218456,0,1.0,0,6716.866575361423,1.1527887693124392,0,1.0,0,7500.0,sailing,oygarden_terminal,sailing_to_terminal,0.0,sailing,yara_sluiskil,sailing_to_emitter,7500.0,sailing,oygarden_terminal,sailing_to_terminal,2997.467389056452,1,1297766.6453603301,493355.19468449784,1791121.840044828
greedy,9000056,616.0,6166.939933556223,1.0,3355.4968057788324,1.0557348216704183,0,1.0,0,1376.2784566268892,1.2712648596125238,0,1.0,0,6822.6923595904955,0.938304684532235,0,1.0,0,7500.0,sailing,oygarden_terminal,sailing_to_terminal,0.0,sailing,yara_sluiskil,sailing_to_emitter,7500.0,sailing,oygarden_terminal,sailing_to_terminal,2745.8377525608958,1,1299115.2335112935,493355.19468449784,1792470.4281957913
greedy,9000056,617.0,6166.939933556223,1.0,3395.744789197929,1.0165330681390667,0,1.0,0,1430.1218830841278,0.7570592964756608,0,1.0,0,6908.831131690547,1.9581219267909948,0,1.0,0,7500.0,sailing,oygarden_terminal,sailing_to_terminal,0.0,sailing,yara_sluiskil,sailing_to_emitter,7500.0,sailing,oygarden_terminal,sailing_to_terminal,2494.9027487319217,1,1300463.5368628635,493355.19468449784,1793818.7315473612
greedy,9000056,618.0,6166.939933556223,1.0,3434.5017358240407,0.955966681440034,0,1.0,0,1462.186536051866,1.136736249118917,0,1.0,0,7088.597131988002,1.0133218871474536,0,1.0,0,7500.0,sailing,oygarden_terminal,sailing_to_terminal,0.0,sailing,yara_sluiskil,sailing_to_emitter,7500.0,sailing,oygarden_terminal,sailing_to_terminal,2244.6173329980124,1,1301811.5738833142,493355.19468449784,1795166.768567812
greedy,9000056,619.0,6166.939933556223,1.0,3470.9527453873493,0.7540578038911483,0,1.0,0,1510.3321086820783,0.6815916249565882,0,1.0,0,7181.628259749089,1.0128268146951773,0,1.0,0,7500.0,sailing,oygarden_terminal,sailing_to_terminal,0.0,sailing,yara_sluiskil,sailing_to_emitter,7500.0,sailing,oygarden_terminal,sailing_to_terminal,1994.9413529364417,1,1303159.3610351393,493355.19468449784,1796514.555719637
greedy,9000056,620.0,6166.939933556223,1.0,3499.7075362624832,1.0347707739867753,0,1.0,0,1539.2003875892806,1.1632486834292348,0,1.0,0,7274.616726201202,1.1032568425806697,0,1.0,0,7500.0,sailing,oygarden_terminal,sailing_to_terminal,0.0,sailing,yara_sluiskil,sailing_to_emitter,7500.0,sailing,oygarden_terminal,sailing_to_terminal,1745.8388206942311,1,1304506.9130733586,493355.19468449784,1797862.1077578564
greedy,9000056,621.0,6166.939933556223,1.0,3539.1703895592577,0.9697288498334572,0,1.0,0,1588.468873588958,0.8535314476323714,0,1.0,0,7375.910687681287,0.9689001098360717,0,1.0,0,7500.0,unloading,oygarden_terminal,unloading,0.0,sailing,yara_sluiskil,sailing_to_emitter,7500.0,queued,oygarden_terminal,queued,1497.2773208233502,1,1305023.9632883058,493355.19468449784,1798379.1579728036
greedy,9000056,622.0,6166.939933556223,1.0,3576.156052504693,1.0704488794908633,0,1.0,0,1624.6195288847723,0.9899615726495843,0,1.0,0,7464.871545716433,0.8820744613021408,0,1.0,0,6700.0,unloading,oygarden_terminal,unloading,0.0,sailing,yara_sluiskil,sailing_to_emitter,7500.0,queued,oygarden_terminal,queued,2049.22752364234,1,1305565.22370515,493355.19468449784,1798920.4183896477
greedy,9000056,623.0,6166.939933556223,1.0,3616.986841370725,1.3014180801471977,0,1.0,0,1666.5485751644726,0.8916406482821022,0,1.0,0,7545.86282094751,0.8254683207655404,0,1.0,0,5900.0,unloading,oygarden_terminal,unloading,0.0,sailing,yara_sluiskil,sailing_to_emitter,7500.0,queued,oygarden_terminal,queued,2601.6627817876392,1,1306106.2852493105,493355.19468449784,1799461.4799338083
greedy,9000056,624.0,6166.939933556223,1.0,3666.6320589982074,1.177810769797991,0,1.0,0,1704.3133157761927,1.1444756743541833,0,1.0,0,7621.658845974722,0.9560107027971518,0,1.0,0,5100.0,unloading,oygarden_terminal,unloading,0.0,sailing,yara_sluiskil,sailing_to_emitter,7500.0,queued,oygarden_terminal,queued,3154.5587930385036,1,1306647.1578846974,493355.19468449784,1800002.3525691952
greedy,9000056,625.0,6166.939933556223,0.5754305485792864,3711.566035724335,0.971566822806626,0,1.0,0,1752.7866856945354,1.041340984841719,0,1.0,0,7709.4441473108,0.667322689961385,0,1.0,0,4300.0,unloading,oygarden_terminal,unloading,0.0,sailing,yara_sluiskil,sailing_to_emitter,7500.0,queued,oygarden_terminal,queued,3707.893316448806,1,1307187.8507300992,493355.19468449784,1800543.045414597
greedy,9000056,626.0,6166.939933556223,0.5754305485792864,3748.6350252859384,0.6850492385752487,0,1.0,0,1796.8918666961742,0.9273444894175564,0,1.0,0,7770.7226255287615,1.1363570758443189,0,1.0,0,3500.0,unloading,oygarden_terminal,unloading,0.0,sailing,yara_sluiskil,sailing_to_emitter,7500.0,queued,oygarden_terminal,queued,4261.645931735691,1,1307728.372157832,493355.19468449784,1801083.5668423297
greedy,9000056,627.0,6166.939933556223,0.5754305485792864,3774.7746045884314,1.565999425757965,0,1.0,0,1836.1688155073753,1.0142748829791997,0,1.0,0,7875.074423075538,1.1992328019778475,0,1.0,0,2700.0,unloading,oygarden_terminal,unloading,0.0,sailing,yara_sluiskil,sailing_to_emitter,7500.0,queued,oygarden_terminal,queued,4815.797834056052,1,1308268.7298778805,493355.19468449784,1801623.9245623783
greedy,9000056,628.0,6166.939933556223,0.5754305485792864,3834.534130820993,0.8694241772190646,0,1.0,0,1879.127632984451,1.4051400750563674,0,1.0,0,7985.203409481607,0.9438335271193525,0,1.0,0,1900.0,unloading,oygarden_terminal,unloading,0.0,sailing,yara_sluiskil,sailing_to_emitter,7500.0,queued,oygarden_terminal,queued,5370.331657951384,1,1308808.9310100833,493355.19468449784,1802164.125694581
greedy,9000056,629.0,6166.939933556223,0.5754305485792864,3867.7148646808037,1.326453534346317,0,1.0,0,1938.6412392336447,0.9070857413471431,0,1.0,0,8071.880948509067,0.9863367157545505,0,1.0,0,1100.0,unloading,oygarden_terminal,unloading,0.0,sailing,yara_sluiskil,sailing_to_emitter,7500.0,queued,oygarden_terminal,queued,5925.231325502484,1,1309348.9821463877,493355.19468449784,1802704.1768308855
greedy,9000056,630.0,6166.939933556223,0.5754305485792864,3918.342196386394,1.1677174967407964,0,1.0,0,1977.0601446531816,1.137473787206668,0,1.0,0,8162.464511659475,1.182472439520925,0,1.0,0,300.0,unloading,oygarden_terminal,unloading,0.0,sailing,yara_sluiskil,sailing_to_emitter,7500.0,queued,oygarden_terminal,queued,6480.481914708773,1,1309888.889404813,493355.19468449784,1803244.0840893108
greedy,9000056,631.0,6166.939933556223,0.5754305485792864,3962.914955287405,1.0553953707794124,0,1.0,0,2025.236955130871,0.9779098654904785,0,1.0,0,8271.064119063878,0.47277107464712864,0,1.0,0,0.0,idle,oygarden_terminal,idle,0.0,sailing,yara_sluiskil,sailing_to_emitter,7500.0,unloading,oygarden_terminal,unloading,6536.069544865163,1,1310413.395976449,493355.19468449784,1803768.5906609467
greedy,9000056,632.0,6166.939933556223,0.5754305485792864,4003.203875688009,1.029426545878669,0,1.0,0,2066.6555608023855,0.951337223307427,0,1.0,0,8314.485252220638,1.179453826082166,0,1.0,0,0.0,sailing,yara_sluiskil,sailing_to_emitter,0.0,sailing,yara_sluiskil,sailing_to_emitter,6700.0,unloading,oygarden_terminal,unloading,7091.981276304957,1,1311368.1721665584,493355.19468449784,1804723.3668510562
greedy,9000056,633.0,6166.939933556223,0.5754305485792864,4042.504958968994,0.8563656343927935,0,1.0,0,2106.9487030471887,1.1588565822791401,0,1.0,0,8422.814125540337,1.2812314236598914,0,1.0,0,0.0,sailing,yara_sluiskil,sailing_to_emitter,0.0,sailing,yara_sluiskil,sailing_to_emitter,5900.0,unloading,oygarden_terminal,unloading,7648.205022348848,1,1312322.8204306806,493355.19468449784,1805678.0151151784
greedy,9000056,634.0,6166.939933556223,0.5754305485792864,4075.2018989303924,1.2464153963686397,0,1.0,0,2156.0311650460612,1.0144220508449522,0,1.0,0,8540.49445922095,0.47508314450208045,0,1.0,0,0.0,sailing,yara_sluiskil,sailing_to_emitter,0.0,sailing,yara_sluiskil,sailing_to_emitter,5100.0,unloading,oygarden_terminal,unloading,8204.729471676268,1,1313277.3454064564,493355.19468449784,1806632.5400909542
greedy,9000056,635.0,6166.939933556223,0.5754305485792864,4122.795590297923,0.9390524256722758,0,1.0,0,2198.996215702711,1.1115381160737035,0,1.0,0,8584.131868422393,1.0979634653268415,0,1.0,0,0.0,sailing,yara_sluiskil,sailing_to_emitter,0.0,sailing,yara_sluiskil,sailing_to_emitter,4300.0,unloading,oygarden_terminal,unloading,8761.544019637442,1,1314231.7514417921,493355.19468449784,1807586.94612629
greedy,9000056,636.0,6166.939933556223,0.5754305485792864,4158.655990044999,1.226646964431329,0,1.0,0,2246.07454116313,0.9100997342208588,0,1.0,0,8684.985201517351,0.6423936399168455,0,1.0,0,0.0,sailing,yara_sluiskil,sailing_to_emitter,0.0,sailing,yara_sluiskil,sailing_to_emitter,3668.6387072688567,unloading,oygarden_terminal,unloading,9149.999999999998,1,1315180.894923324,493355.19468449784,1808536.0896078218
greedy,9000056,637.0,6166.939933556223,0.5754305485792864,4205.503184418454,1.3626893332617478,0,1.0,0,2284.621101887863,0.517059135307288,0,1.0,0,8743.993980006177,1.460959372872109,0,1.0,0,0.0,sailing,yara_sluiskil,sailing_to_emitter,0.0,sailing,yara_sluiskil,sailing_to_emitter,3426.0041669734956,unloading,oygarden_terminal,unloading,9150.0,1,1316118.0615041878,493355.19468449784,1809473.2561886855
greedy,9000056,638.0,6166.939933556223,0.5754305485792864,4257.55064563877,1.2658730006286392,0,1.0,0,2306.5207361894413,0.7837236224046248,0,1.0,0,8878.198318679226,0.7558624954852572,0,1.0,0,0.0,sailing,yara_sluiskil,sailing_to_emitter,0.0,sailing,yara_sluiskil,sailing_to_emitter,3183.6315739898687,unloading,oygarden_terminal,unloading,9150.0,1,1317055.1126907119,493355.19468449784,1810410.3073752096
greedy,9000056,639.0,6166.939933556223,0.5754305485792864,4305.904547330274,1.0417756047392646,0,1.0,0,2339.714735777069,1.2759720143644346,0,1.0,0,8947.6342458662,1.0873448167177697,0,1.0,0,0.0,sailing,yara_sluiskil,sailing_to_emitter,0.0,sailing,yara_sluiskil,sailing_to_emitter,2941.5126029075345,unloading,oygarden_terminal,unloading,9150.0,1,1317992.0521504479,493355.19468449784,1811347.2468349456
greedy,9000056,640.0,6166.939933556223,0.5754305485792864,4345.701907883228,0.8544332274263606,0,1.0,0,2393.7575300834155,1.4326727706872058,0,1.0,0,9047.524186509969,1.5095876375278843,0,1.0,0,0.0,sailing,yara_sluiskil,sailing_to_emitter,0.0,sailing,yara_sluiskil,sailing_to_emitter,2699.6393885975262,unloading,oygarden_terminal,unloading,9150.0,1,1318928.8833481818,493355.19468449784,1812284.0780326796
greedy,9000056,641.0,6166.939933556223,0.5754305485792864,4378.345421678466,1.0201169323602035,0,1.0,0,2454.43726207042,0.862955284070291,0,1.0,0,9186.208014642736,1.0435670534308654,0,1.0,0,0.0,sailing,yara_sluiskil,sailing_to_emitter,0.0,sailing,yara_sluiskil,sailing_to_emitter,2458.004491017941,unloading,oygarden_terminal,unloading,9150.0,1,1319865.6095614382,493355.19468449784,1813220.804245936
greedy,9000056,642.0,6166.939933556223,0.5754305485792864,4417.3223320024745,1.2305198276013256,0,1.0,0,2490.9870565702745,0.8783968538781514,0,1.0,0,9282.082020490852,1.1736783022266977,0,1.0,0,0.0,sailing,yara_sluiskil,sailing_to_emitter,0.0,sailing,yara_sluiskil,sailing_to_emitter,2216.600863431749,unloading,oygarden_terminal,unloading,9150.0,1,1320802.2338944804,493355.19468449784,1814157.4285789782
greedy,9000056,643.0,6166.939933556223,0.5754305485792864,4464.342563118951,0.8423001223069513,0,1.0,0,2528.1908666531504,1.0162185547562794,0,1.0,0,9389.91276734954,0.8891970118322684,0,1.0,0,0.0,sailing,yara_sluiskil,sailing_to_emitter,0.0,sailing,yara_sluiskil,sailing_to_emitter,1975.4218236382203,unloading,oygarden_terminal,unloading,9150.0,1,1321738.7592909858,493355.19468449784,1815093.9539754835
greedy,9000056,644.0,6166.939933556223,0.5754305485792864,4496.531133046122,1.3508857182847591,0,1.0,0,2571.232006824506,0.8867093421411932,0,1.0,0,9471.609475856607,1.1196242120472273,0,1.0,0,0.0,sailing,yara_sluiskil,sailing_to_emitter,0.0,sailing,yara_sluiskil,sailing_to_emitter,1734.4610278735834,unloading,oygarden_terminal,unloading,9150.0,1,1322675.18854554,493355.19468449784,1816030.3832300378
greedy,9000056,645.0,6166.939933556223,0.5754305485792864,4548.159941308873,1.1781355364574693,0,1.0,0,2608.7878858307718,0.7828245975184664,0,1.0,0,9574.48021705074,0.9443003860253825,0,1.0,0,0.0,sailing,yara_sluiskil,sailing_to_emitter,0.0,sailing,yara_sluiskil,sailing_to_emitter,1493.712447082353,unloading,oygarden_terminal,unloading,9150.0,1,1323611.524314093,493355.19468449784,1816966.7189985907
greedy,9000056,646.0,6166.939933556223,0.5754305485792864,4593.190509366577,0.9753279507352672,0,1.0,0,2641.943807924182,1.4186740259532487,0,1.0,0,9661.2448585534,0.8474858804844648,0,1.0,0,0.0,sailing,yara_sluiskil,sailing_to_emitter,0.0,sailing,yara_sluiskil,sailing_to_emitter,1253.1703452996796,unloading,oygarden_terminal,unloading,9150.0,1,1324547.769123481,493355.19468449784,1817902.9638079787
greedy,9000056,647.0,6166.939933556223,0.5754305485792864,4630.47270702985,1.2316948300647492,0,1.0,0,2702.030634052995,1.213300919292649,0,1.0,0,9739.116280043694,0.7985197360192947,0,1.0,0,0.0,sailing,yara_sluiskil,sailing_to_emitter,0.0,sailing,yara_sluiskil,sailing_to_emitter,1012.8292599182,unloading,oygarden_terminal,unloading,9150.0,1,1325483.9253801184,493355.19468449784,1818839.1200646162
greedy,9000056,648.0,6166.939933556223,0.5754305485792864,4677.5587954848625,1.3367235506175466,0,1.0,0,2753.4190432617147,1.4698434519248875,0,1.0,0,9812.490636792923,0.7893439246328834,0,1.0,0,0.0,sailing,yara_sluiskil,sailing_to_emitter,0.0,sailing,yara_sluiskil,sailing_to_emitter,772.6839836412083,unloading,oygarden_terminal,unloading,9150.0,1,1326419.9953779506,493355.19468449784,1819775.1900624484
greedy,9000056,649.0,6166.939933556223,0.5754305485792864,4728.664545281151,1.348523907653473,0,1.0,0,2815.673110310727,0.8125532198020147,0,1.0,0,9885.024021512441,1.1084559943835561,0,1.0,0,0.0,sailing,yara_sluiskil,sailing_to_emitter,0.0,sailing,yara_sluiskil,sailing_to_emitter,532.7295479482641,unloading,oygarden_terminal,unloading,9150.0,1,1327355.9813057343,493355.19468449784,1820711.175990232
greedy,9000056,650.0,6166.939933556223,0.5754305485792864,4780.226036546331,1.1079989528898277,0,1.0,0,2850.088164893717,1.1670726665891324,0,1.0,0,9986.88389915475,1.1715558045263172,0,1.0,0,0.0,sailing,yara_sluiskil,sailing_to_emitter,0.0,sailing,yara_sluiskil,sailing_to_emitter,292.9612079202672,unloading,oygarden_terminal,unloading,9150.0,1,1328291.885253725,493355.19468449784,1821647.079938223
greedy,9000056,651.0,6166.939933556223,0.5754305485792864,4822.594705461982,1.1866765009550349,0,1.0,0,2899.5186127021293,1.291267799702418,0,1.0,0,10094.545465511559,0.9145420501490047,0,1.0,0,0.0,sailing,yara_sluiskil,sailing_to_emitter,0.0,sailing,yara_sluiskil,sailing_to_emitter,53.37442828907547,unloading,oygarden_terminal,unloading,9150.0,1,1329227.709219822,493355.19468449784,1822582.9039043197
greedy,9000056,652.0,6166.939933556223,0.5754305485792864,4867.975957267896,1.1888278498380433,0,1.0,0,2954.2092480045703,0.757296640366102,0,1.0,0,10178.590956232782,1.1435485017810498,0,1.0,0,0.0,sailing,yara_sluiskil,sailing_to_emitter,0.0,sailing,yara_sluiskil,sailing_to_emitter,0.0,idle,oygarden_terminal,idle,8963.964870592368,1,1330157.7763929013,493355.19468449784,1823512.971077399
greedy,9000056,653.0,6166.939933556223,0.5754305485792864,4913.443527208036,1.1032894885098572,0,1.0,0,2986.2839534867107,1.2343363169549162,0,1.0,0,10283.685059038595,1.2013840537975709,0,1.0,0,0.0,sailing,yara_sluiskil,sailing_to_emitter,0.0,sailing,yara_sluiskil,sailing_to_emitter,0.0,sailing,yara_sluiskil,sailing_to_emitter,8724.728381328023,1,1331501.2833534996,493355.19468449784,1824856.4780379974
greedy,9000056,654.0,6166.939933556223,0.5754305485792864,4955.64337593892,1.3232751164791947,0,1.0,0,3038.5633004716638,0.8136989349138035,0,1.0,0,10394.097659810834,1.2860441103952178,0,1.0,0,0.0,sailing,yara_sluiskil,sailing_to_emitter,0.0,sailing,yara_sluiskil,sailing_to_emitter,0.0,sailing,yara_sluiskil,sailing_to_emitter,8485.660981014076,1,1332844.7209876284,493355.19468449784,1826199.9156721262
greedy,9000056,655.0,6166.939933556223,0.5754305485792864,5006.261985120818,0.8799128477462099,0,1.0,0,3073.026880919973,1.1128911179370218,0,1.0,0,10512.294443806175,1.188803835441557,0,1.0,0,0.0,sailing,yara_sluiskil,sailing_to_emitter,0.0,sailing,yara_sluiskil,sailing_to_emitter,0.0,sailing,yara_sluiskil,sailing_to_emitter,8246.75885407065,1,1334188.0908596753,493355.19468449784,1827543.285544173
greedy,9000056,656.0,6166.939933556223,0.5754305485792864,5039.923864150821,1.0220467790833507,0,1.0,0,3120.162511713559,1.4683896390090803,0,1.0,0,10621.557416209647,1.3918948317686506,0,1.0,0,0.0,sailing,yara_sluiskil,sailing_to_emitter,0.0,sailing,yara_sluiskil,sailing_to_emitter,0.0,sailing,yara_sluiskil,sailing_to_emitter,8008.01833944924,1,1335531.39447067,493355.19468449784,1828886.5891551678
greedy,9000056,657.0,6166.939933556223,0.5754305485792864,5079.026686081068,0.4404233193341528,0,1.0,0,3182.3550036563115,1.1149946642937594,0,1.0,0,10749.490318786713,0.8778408887359066,0,1.0,0,0.0,sailing,yara_sluiskil,sailing_to_emitter,0.0,sailing,yara_sluiskil,sailing_to_emitter,0.0,sailing,yara_sluiskil,sailing_to_emitter,7769.435921942674,1,1336874.6332618478,493355.19468449784,1830229.8279463456
greedy,9000056,658.0,6166.939933556223,0.5754305485792864,5095.878485074878,1.1049657182010506,0,1.0,0,3229.579728506657,1.1627551443926087,0,1.0,0,10830.177520552135,1.086770824158571,0,1.0,0,0.0,sailing,yara_sluiskil,sailing_to_emitter,0.0,sailing,yara_sluiskil,sailing_to_emitter,0.0,sailing,yara_sluiskil,sailing_to_emitter,7531.0082241159935,1,1338217.8086179567,493355.19468449784,1831573.0033024545
greedy,9000056,659.0,6166.939933556223,0.5754305485792864,5138.161251312966,0.9254616194772344,0,1.0,0,3278.827311047373,0.8132675705744968,0,1.0,0,10930.071620029119,1.0031159401847098,0,1.0,0,0.0,sailing,yara_sluiskil,sailing_to_emitter,0.0,sailing,yara_sluiskil,sailing_to_emitter,0.0,sailing,yara_sluiskil,sailing_to_emitter,7292.731998804641,1,1339560.9218703345,493355.19468449784,1832916.1165548323
greedy,9000056,660.0,6166.939933556223,0.5754305485792864,5173.578239001629,1.643608981872914,0,1.0,0,3313.2726213972805,1.211000013532666,0,1.0,0,11022.279071463432,1.538669401897574,0,1.0,0,0.0,sailing,yara_sluiskil,sailing_to_emitter,0.0,sailing,yara_sluiskil,sailing_to_emitter,0.0,sailing,yara_sluiskil,sailing_to_emitter,7054.604122131763,1,1340903.9742997703,493355.19468449784,1834259.168984268
greedy,9000056,661.0,6166.939933556223,0.5754305485792864,5236.483988591922,1.3848088013180477,0,1.0,0,3364.563577546446,0.5102826710106294,0,1.0,0,11163.719388288213,1.2601492572138249,0,1.0,0,0.0,sailing,yara_sluiskil,sailing_to_emitter,0.0,sailing,yara_sluiskil,sailing_to_emitter,0.0,sailing,yara_sluiskil,sailing_to_emitter,6816.621587001191,1,1342246.9671391738,493355.19468449784,1835602.1618236715
greedy,9000056,662.0,6166.939933556223,0.5754305485792864,5289.489406645399,1.0544543471497443,0,1.0,0,3386.176200015487,0.8473423090202425,0,1.0,0,11279.560550647599,0.8526590492243128,0,1.0,0,0.0,sailing,yara_sluiskil,sailing_to_emitter,0.0,sailing,yara_sluiskil,sailing_to_emitter,0.0,sailing,yara_sluiskil,sailing_to_emitter,6578.781497026941,1,1343589.9015760634,493355.19468449784,1836945.0962605611
greedy,9000056,663.0,6166.939933556223,0.5754305485792864,5329.853652277341,1.1047440615007973,0,1.0,0,3422.064719197669,0.8571104786406317,0,1.0,0,11357.94489677082,1.3427504776377046,0,1.0,0,0.0,sailing,yara_sluiskil,sailing_to_emitter,0.0,sailing,yara_sluiskil,sailing_to_emitter,0.0,sailing,yara_sluiskil,sailing_to_emitter,6341.08106086382,1,1344932.7787548904,493355.19468449784,1838287.9734393882
greedy,9000056,664.0,6166.939933556223,0.5754305485792864,5372.14673600013,1.1573627635354236,0,1.0,0,3458.366961545878,1.0464151756533442,0,1.0,0,11481.386702161284,1.2939072349986425,0,1.0,0,0.0,sailing,yara_sluiskil,sailing_to_emitter,0.0,sailing,yara_sluiskil,sailing_to_emitter,0.0,sailing,yara_sluiskil,sailing_to_emitter,6103.517586907112,1,1346275.5997792126,493355.19468449784,1839630.7944637104
greedy,9000056,665.0,6166.939933556223,1.0,5416.458167943818,0.9143663852804443,0,1.0,0,3502.6870559211775,0.37253055721908723,0,1.0,0,11600.34181279288,0.899137527695257,0,1.0,0,0.0,sailing,yara_sluiskil,sailing_to_emitter,0.0,sailing,yara_sluiskil,sailing_to_emitter,0.0,sailing,yara_sluiskil,sailing_to_emitter,5866.088478332265,1,1347618.3657137284,493355.19468449784,1840973.5603982261
greedy,9000056,666.0,6166.939933556223,1.0,5451.469217518452,1.3890218943007104,0,1.0,0,3518.465295608235,1.0108535613916132,0,1.0,0,11683.006324092752,1.209838514681254,0,1.0,0,0.0,sailing,yara_sluiskil,sailing_to_emitter,0.0,sailing,yara_sluiskil,sailing_to_emitter,0.0,sailing,yara_sluiskil,sailing_to_emitter,5628.791228448233,1,1348961.077586181,493355.19468449784,1842316.2722706788
greedy,9000056,667.0,6166.939933556223,1.0,5504.659534353813,1.4669598702738293,0,1.0,0,3561.2792056917847,0.7915135392624704,0,1.0,0,11794.239259441518,1.0264425203772194,0,1.0,0,0.0,sailing,yara_sluiskil,sailing_to_emitter,0.0,sailing,yara_sluiskil,sailing_to_emitter,0.0,sailing,yara_sluiskil,sailing_to_emitter,5391.623416340457,1,1350303.7363891453,493355.19468449784,1843658.931073643
greedy,9000056,668.0,6166.939933556223,1.0,5560.83935030316,0.7672962314040885,0,1.0,0,3594.803141100632,1.0672274942147943,0,1.0,0,11888.613536969979,0.9408346796260934,0,1.0,0,0.0,sailing,yara_sluiskil,sailing_to_emitter,0.0,sailing,yara_sluiskil,sailing_to_emitter,0.0,sailing,yara_sluiskil,sailing_to_emitter,5154.582702781689,1,1351646.3430817043,493355.19468449784,1845001.5377662021
greedy,9000056,669.0,6166.939933556223,1.0,5590.226924104408,1.197089161543722,0,1.0,0,3640.004724911744,0.975243296824012,0,1.0,0,11975.11935965848,1.1118891240847137,0,1.0,0,0.0,sailing,yara_sluiskil,sailing_to_emitter,0.0,loading,yara_sluiskil,loading,0.0,sailing,yara_sluiskil,sailing_to_emitter,4917.666826390694,1,1352573.7585910247,493355.19468449784,1845928.9532755224
greedy,9000056,670.0,6166.939933556223,1.0,5636.079713796928,1.427593798781835,0,1.0,0,3681.3103901579802,0.9844373909726276,0,1.0,0,11277.355987959292,1.5551042046816141,0,1.0,0,0.0,sailing,yara_sluiskil,sailing_to_emitter,800.0,loading,yara_sluiskil,loading,0.0,sailing,yara_sluiskil,sailing_to_emitter,4680.8736000207045,1,1359781.5438138363,493355.19468449784,1853136.738498334
greedy,9000056,671.0,6166.939933556223,1.0,5690.7665123294255,0.8053627096051472,0,1.0,0,3723.0054640537114,0.4456748687993859,0,1.0,0,10620.349898754088,1.0832206620243994,0,1.0,0,0.0,sailing,yara_sluiskil,sailing_to_emitter,1600.0,loading,yara_sluiskil,loading,0.0,sailing,yara_sluiskil,sailing_to_emitter,4444.200907360965,1,1366989.279617827,493355.19468449784,1860344.4743023247
greedy,9000056,672.0,6166.939933556223,1.0,5721.620262161503,0.7965461441389118,0,1.0,0,3741.881673712612,0.43838719090109957,0,1.0,0,9919.95647116618,0.9744727072039091,0,1.0,0,0.0,sailing,yara_sluiskil,sailing_to_emitter,2400.0,loading,yara_sluiskil,loading,0.0,sailing,yara_sluiskil,sailing_to_emitter,4207.646699736177,1,1374196.966842953,493355.19468449784,1867552.161527451
greedy,9000056,673.0,6166.939933556223,1.0,5752.1389566844355,0.8626168254867304,0,1.0,0,3760.4492194876707,0.8419717639606213,0,1.0,0,9209.565908808207,1.0202741828816306,0,1.0,0,0.0,sailing,yara_sluiskil,sailing_to_emitter,3200.0,loading,yara_sluiskil,loading,0.0,sailing,yara_sluiskil,sailing_to_emitter,3971.2089930898946,1,1381404.606302678,493355.19468449784,1874759.8009871757
greedy,9000056,674.0,6166.939933556223,1.0,5785.192004308106,0.4224164872875018,0,1.0,0,3796.11027344436,0.7911266189737809,0,1.0,0,8503.389916596876,1.1668768910026721,0,1.0,0,0.0,sailing,yara_sluiskil,sailing_to_emitter,4000.0,loading,yara_sluiskil,loading,0.0,sailing,yara_sluiskil,sailing_to_emitter,3734.885865139086,1,1388612.198785138,493355.19468449784,1881967.3934696359
greedy,9000056,675.0,6166.939933556223,1.0,5801.379252481858,1.3442990369309828,0,1.0,0,3829.617821147725,0.8404513525483042,0,1.0,0,7810.698665822314,1.2277908987089476,0,1.0,0,0.0,sailing,yara_sluiskil,sailing_to_emitter,4800.0,loading,yara_sluiskil,loading,0.0,sailing,yara_sluiskil,sailing_to_emitter,3498.6754526880936,1,1395819.745054243,493355.19468449784,1889174.9397387407
greedy,9000056,676.0,6166.939933556223,1.0,5852.89815667451,0.7675812972743661,0,1.0,0,3865.214479271048,1.2460313627203203,0,1.0,0,7123.612593334663,0.5997281081642638,0,1.0,0,0.0,sailing,yara_sluiskil,sailing_to_emitter,5600.0,loading,yara_sluiskil,loading,0.0,sailing,yara_sluiskil,sailing_to_emitter,3262.575949091205,1,1403027.2458507176,493355.19468449784,1896382.4405352154
greedy,9000056,677.0,6166.939933556223,1.0,5882.3175474821755,1.0804332810982453,0,1.0,0,3917.9891607504787,1.0012696367285148,0,1.0,0,6378.768308822204,1.1990845797731369,0,1.0,0,0.0,sailing,yara_sluiskil,sailing_to_emitter,6400.0,loading,yara_sluiskil,loading,0.0,sailing,yara_sluiskil,sailing_to_emitter,3026.585601853878,1,1410234.701893085,493355.19468449784,1903589.8965775827
greedy,9000056,678.0,6166.939933556223,1.0,5923.731417332429,1.0808720520889301,0,1.0,0,3960.39715121872,0.7780125727452594,0,1.0,0,5689.048864653632,0.9321299185912854,0,1.0,0,0.0,sailing,yara_sluiskil,sailing_to_emitter,7200.0,loading,yara_sluiskil,loading,0.0,sailing,yara_sluiskil,sailing_to_emitter,2790.702710363443,1,1417442.113878596,493355.19468449784,1910797.308563094
greedy,9000056,679.0,6166.939933556223,1.0,5965.165783832489,0.6548982447658214,0,1.0,0,3993.3492637754885,0.9038644785587981,0,1.0,0,5474.780002001338,0.5576710408094612,0,1.0,0,0.0,sailing,yara_sluiskil,sailing_to_emitter,7500.0,idle,yara_sluiskil,idle,0.0,sailing,yara_sluiskil,sailing_to_emitter,2554.9256237408395,1,1420724.2199841114,493355.19468449784,1914079.4146686092
greedy,9000056,680.0,6166.939933556223,1.0,5990.273013400616,0.978100671029726,0,1.0,0,4031.6317351350954,0.709207195612024,0,1.0,0,5526.072427821077,0.5936533423696957,0,1.0,0,0.0,sailing,yara_sluiskil,sailing_to_emitter,7500.0,sailing,oygarden_terminal,sailing_to_terminal,0.0,sailing,yara_sluiskil,sailing_to_emitter,2319.25273880556,1,1422066.265866935,493355.19468449784,1915421.4605514328
greedy,9000056,681.0,6166.939933556223,1.0,6027.774379053372,0.7971642754687378,0,1.0,0,4061.6696498868014,1.0066722781550943,0,1.0,0,5580.676002109725,1.2026113689986184,0,1.0,0,0.0,sailing,yara_sluiskil,sailing_to_emitter,7500.0,sailing,oygarden_terminal,sailing_to_terminal,0.0,sailing,yara_sluiskil,sailing_to_emitter,2083.682498146592,1,1423408.2696656052,493355.19468449784,1916763.464350103
greedy,9000056,682.0,6166.939933556223,1.0,6058.341173666463,0.4300344820186689,0,1.0,0,4104.306464996995,1.1333198824518043,0,1.0,0,5691.294171720698,1.2323644523876778,0,1.0,0,0.0,sailing,yara_sluiskil,sailing_to_emitter,7500.0,sailing,oygarden_terminal,sailing_to_terminal,0.0,sailing,yara_sluiskil,sailing_to_emitter,1848.213388292664,1,1424750.232000645,493355.19468449784,1918105.4266851428
greedy,9000056,683.0,6166.939933556223,1.0,6074.832055996501,1.204142198417509,0,1.0,0,4152.307340095453,1.1503514470011156,0,1.0,0,5804.652473990178,0.9874791121139237,0,1.0,0,0.0,sailing,yara_sluiskil,sailing_to_emitter,7500.0,sailing,oygarden_terminal,sailing_to_terminal,0.0,sailing,yara_sluiskil,sailing_to_emitter,1612.8439379756132,1,1426092.1534752753,493355.19468449784,1919447.348159773
greedy,9000056,684.0,6166.939933556223,1.0,6121.012375951011,0.6278182372784173,0,1.0,0,4201.029573757651,1.2424136898875426,0,1.0,0,5895.487866160505,1.212737779060529,0,1.0,0,0.0,sailing,yara_sluiskil,sailing_to_emitter,7500.0,sailing,oygarden_terminal,sailing_to_terminal,0.0,sailing,yara_sluiskil,sailing_to_emitter,1377.572716481145,1,1427434.034676088,493355.19468449784,1920789.2293605858
greedy,9000056,685.0,6166.939933556223,1.0,6145.092106498712,1.1616563351468905,0,1.0,0,4253.651031540505,0.6084320919307299,0,1.0,0,6007.047504097145,1.629144803510936,0,1.5517518199035623,1,0.0,sailing,yara_sluiskil,sailing_to_emitter,7500.0,sailing,oygarden_terminal,sailing_to_terminal,0.0,sailing,yara_sluiskil,sailing_to_emitter,1142.398332081646,1,1428775.8761736918,493355.19468449784,1922131.0708581896
greedy,9000056,686.0,6166.939933556223,1.0,6189.650948082029,0.8606190328148382,0,1.0,0,4279.420695783471,0.614394261411819,0,1.0,0,6156.916874613873,1.1466875093637918,0,1.5517518199035623,1,0.0,sailing,yara_sluiskil,sailing_to_emitter,7500.0,sailing,oygarden_terminal,sailing_to_terminal,0.0,sailing,yara_sluiskil,sailing_to_emitter,907.3194305461154,1,1430117.6785233214,493355.19468449784,1923472.8732078192
greedy,9000056,687.0,6166.939933556223,1.0,6222.665523144785,1.1198037919714212,0,1.0,0,4305.442883040468,1.421838227722803,0,1.0,0,6262.4068724998615,1.423973326819201,0,1.5517518199035623,1,0.0,sailing,yara_sluiskil,sailing_to_emitter,7500.0,sailing,oygarden_terminal,sailing_to_terminal,0.0,sailing,yara_sluiskil,sailing_to_emitter,672.3346937226274,1,1431459.442265419,493355.19468449784,1924814.6369499168
greedy,9000056,688.0,6166.939933556223,1.0,6265.626606376927,0.9480426430583817,0,1.0,0,4365.663726454496,1.2634377241126649,0,1.0,0,6393.409818391933,1.8806558588986508,0,1.5517518199035623,1,0.0,sailing,yara_sluiskil,sailing_to_emitter,7500.0,sailing,oygarden_terminal,sailing_to_terminal,0.0,sailing,yara_sluiskil,sailing_to_emitter,437.44283818903295,1,1432801.167926188,493355.19468449784,1926156.3626106859
greedy,9000056,689.0,6166.939933556223,1.0,6302.001328347769,0.7776652647729467,0,1.0,0,4419.175640724112,1.0895655210420143,0,1.0,0,6566.431904539902,1.5607272670692216,0,1.5517518199035623,1,0.0,sailing,yara_sluiskil,sailing_to_emitter,7500.0,sailing,oygarden_terminal,sailing_to_terminal,0.0,sailing,yara_sluiskil,sailing_to_emitter,202.6426139679435,1,1434142.8560181186,493355.19468449784,1927498.0507026163
greedy,9000056,690.0,6166.939933556223,1.0,6331.84161837281,1.1695082961452903,0,1.0,0,4465.323334148477,0.7970748409368471,0,1.0,0,6710.0245628295215,1.827290111699665,0,1.5517518199035623,1,0.0,sailing,yara_sluiskil,sailing_to_emitter,7500.0,sailing,oygarden_terminal,sailing_to_terminal,0.0,sailing,yara_sluiskil,sailing_to_emitter,0.0,1,1435471.3594898453,493355.19468449784,1928826.5541743431
greedy,9000056,691.0,6166.939933556223,1.0,6376.721547187226,0.7350720104189484,0,1.0,0,4499.082814129682,1.347133954473503,0,1.0,0,6878.14701902692,1.0231497067473423,0,1.5517518199035623,1,0.0,loading,yara_sluiskil,loading,7500.0,sailing,oygarden_terminal,sailing_to_terminal,0.0,sailing,yara_sluiskil,sailing_to_emitter,0.0,1,1436301.6394898456,493355.19468449784,1929656.8341743434
greedy,9000056,692.0,6166.939933556223,1.0,6404.932467175057,1.1306080797359452,0,1.0,0,4556.139616618388,0.8572875361822246,0,1.5014566740114976,1,6172.28619888608,1.6281749212384928,0,1.5517518199035623,1,800.0,loading,yara_sluiskil,loading,7500.0,sailing,oygarden_terminal,sailing_to_terminal,0.0,sailing,yara_sluiskil,sailing_to_emitter,0.0,1,1443412.3394898453,493355.19468449784,1936767.534174343
greedy,9000056,693.0,6166.939933556223,1.0,6448.327294639054,0.9286645229695809,0,1.0,0,4592.449358099958,1.2339912634302532,0,1.5014566740114976,1,5522.097746702155,1.2924828038951406,0,1.5517518199035623,1,1600.0,loading,yara_sluiskil,loading,7500.0,sailing,oygarden_terminal,sailing_to_terminal,0.0,sailing,yara_sluiskil,sailing_to_emitter,0.0,1,1450523.0394898457,493355.19468449784,1943878.2341743435
greedy,9000056,694.0,6166.939933556223,1.0,6483.974315448037,1.1503247311439069,0,1.0,0,4644.7140906133955,1.535399210228,0,1.5014566740114976,1,4841.025170620139,1.0788390396958896,0,1.5517518199035623,1,2400.0,loading,yara_sluiskil,loading,7500.0,sailing,oygarden_terminal,sailing_to_terminal,0.0,sailing,yara_sluiskil,sailing_to_emitter,0.0,1,1457633.7394898455,493355.19468449784,1950988.9341743432
greedy,9000056,695.0,6166.939933556223,1.0,6528.133733539563,0.26016316868660205,0,1.0,0,4709.744720409622,1.374009130081286,0,1.5014566740114976,1,4140.2971988017935,1.0019379133960293,0,1.5517518199035623,1,3200.0,loading,yara_sluiskil,loading,7500.0,sailing,oygarden_terminal,sailing_to_terminal,0.0,sailing,yara_sluiskil,sailing_to_emitter,0.0,1,1464744.4394898457,493355.19468449784,1958099.6341743434
greedy,9000056,696.0,6166.939933556223,1.0,6538.121933001243,0.9510960630507393,0,1.0,0,4767.939799891056,1.4449552696092303,0,1.5014566740114976,1,3432.4957410091474,1.6243008719235676,0,1.5517518199035623,1,4000.0,loading,yara_sluiskil,loading,7500.0,sailing,oygarden_terminal,sailing_to_terminal,0.0,sailing,yara_sluiskil,sailing_to_emitter,0.0,1,1471855.1394898456,493355.19468449784,1965210.3341743434
greedy,9000056,697.0,6166.939933556223,1.0,6574.6397047973605,0.5461675240825953,0,1.0,0,4829.139747490424,1.589773383337367,0,1.5014566740114976,1,2781.9687314171438,1.779858226678935,0,1.5517518199035623,1,4800.0,loading,yara_sluiskil,loading,7500.0,sailing,oygarden_terminal,sailing_to_terminal,0.0,sailing,yara_sluiskil,sailing_to_emitter,0.0,1,1478965.8394898458,493355.19468449784,1972321.0341743436
greedy,9000056,698.0,6166.939933556223,1.0,6595.611917275824,1.3899210992186546,0,1.0,0,4896.473352759346,1.125593478602883,0,1.5014566740114976,1,2145.761475124487,1.7434599624950184,0,1.5517518199035623,1,5600.0,loading,yara_sluiskil,loading,7500.0,sailing,oygarden_terminal,sailing_to_terminal,0.0,sailing,yara_sluiskil,sailing_to_emitter,0.0,1,1486076.5394898455,493355.19468449784,1979431.7341743433
greedy,9000056,699.0,6166.939933556223,1.0,6648.988039826874,1.3165608997945444,0,1.0,0,4944.146982080284,1.6025516676561122,0,1.5014566740114976,1,1506.2094454137605,1.3308982230664288,0,1.5517518199035623,1,6400.0,loading,yara_sluiskil,loading,7500.0,sailing,oygarden_terminal,sailing_to_terminal,0.0,sailing,yara_sluiskil,sailing_to_emitter,0.0,1,1493187.239489846,493355.19468449784,1986542.4341743437
greedy,9000056,700.0,6166.939933556223,1.0,6699.551444595848,0.7387491897681022,0,1.0,0,5012.021801563351,1.409460638639593,0,1.5014566740114976,1,828.6936525418694,1.5183725487847504,0,1.5517518199035623,1,7200.0,loading,yara_sluiskil,loading,7500.0,sailing,oygarden_terminal,sailing_to_terminal,0.0,sailing,yara_sluiskil,sailing_to_emitter,0.0,1,1500297.9394898457,493355.19468449784,1993653.1341743434
greedy,9000056,701.0,6166.939933556223,1.0,6727.926116893091,0.758576105711421,0,1.0,0,5071.7184018957905,1.6085893608247706,0,1.5014566740114976,1,668.4355365129995,2.220995000833699,0,1.5517518199035623,1,7500.0,idle,yara_sluiskil,idle,7500.0,sailing,oygarden_terminal,sailing_to_terminal,0.0,sailing,yara_sluiskil,sailing_to_emitter,0.0,1,1503483.376989846,493355.19468449784,1996838.5716743437
greedy,9000056,702.0,6166.939933556223,1.0,6757.064904865057,1.0858980986799214,0,1.0,0,5139.848943139465,0.7336003626704944,0,1.5014566740114976,1,872.8486892720005,2.3511089158025937,0,1.5517518199035623,1,7500.0,sailing,oygarden_terminal,sailing_to_terminal,7500.0,sailing,oygarden_terminal,sailing_to_terminal,0.0,sailing,yara_sluiskil,sailing_to_emitter,0.0,1,1504728.7969898458,493355.19468449784,1998083.9916743436
greedy,9000056,703.0,6166.939933556223,1.0,6798.780637002071,1.2770942935556455,0,1.0,0,5170.920011357689,2.1021841958334533,0,1.5014566740114976,1,1089.2435806791223,1.969088331867531,0,1.5517518199035623,1,7500.0,sailing,oygarden_terminal,sailing_to_terminal,7500.0,sailing,oygarden_terminal,sailing_to_terminal,0.0,loading,yara_sluiskil,loading,0.0,1,1505559.0769898458,493355.19468449784,1998914.2716743436
greedy,9000056,704.0,6166.939933556223,1.0,6847.845685360964,0.577113103991967,0,1.0,0,5259.956374859806,1.5853325507988478,0,1.5014566740114976,1,470.48291300748656,1.4089706674597784,0,1.5517518199035623,1,7500.0,sailing,oygarden_terminal,sailing_to_terminal,7500.0,sailing,oygarden_terminal,sailing_to_terminal,800.0,loading,yara_sluiskil,loading,0.0,1,1512669.7769898458,493355.19468449784,2006024.9716743436
greedy,9000056,705.0,6166.939933556223,1.0,6870.019922096359,1.161245882696584,0,1.0,0,5327.101892148171,1.7606017355109365,0,1.5014566740114976,1,0.0,1.9062150682694365,0,1.5517518199035623,1,7500.0,sailing,oygarden_terminal,sailing_to_terminal,7500.0,sailing,oygarden_terminal,sailing_to_terminal,1400.1716335924993,idle,yara_sluiskil,idle,0.0,1,1518211.7194036546,493355.19468449784,2011566.9140881523
greedy,9000056,706.0,6166.939933556223,1.0,6914.642062058233,0.4734151866659698,0,1.0,0,5401.670798343976,0.8524828267630421,0,1.5014566740114976,1,0.0,1.3191213171423695,0,1.5517518199035623,1,7500.0,sailing,oygarden_terminal,sailing_to_terminal,7500.0,sailing,oygarden_terminal,sailing_to_terminal,1575.6344721422383,idle,yara_sluiskil,idle,0.0,1,1520419.4748042603,493355.19468449784,2013774.669488758
greedy,9000056,707.0,6166.939933556223,1.0,6932.835168133722,0.5466728590196878,0,1.0,0,5437.777040124988,1.0400032397743129,0,1.5014566740114976,1,0.0,2.249889421387844,0,1.5517518199035623,1,7500.0,sailing,oygarden_terminal,sailing_to_terminal,7500.0,sailing,oygarden_terminal,sailing_to_terminal,1697.0602766473996,idle,yara_sluiskil,idle,0.0,1,1522203.0111181734,493355.19468449784,2015558.2058026711
greedy,9000056,708.0,6166.939933556223,1.0,6953.845390363794,1.0060211477238694,0,1.0,0,5481.825561983089,1.8191301142950551,0,1.5014566740114976,1,0.0,1.7343815433182992,0,1.5517518199035623,1,7500.0,sailing,oygarden_terminal,sailing_to_terminal,7500.0,sailing,oygarden_terminal,sailing_to_terminal,1904.1699685238952,idle,yara_sluiskil,idle,0.0,1,1524659.2109319922,493355.19468449784,2018014.40561649
greedy,9000056,709.0,6166.939933556223,1.0,6992.513122010074,1.041504374000094,0,1.0,0,5558.873391776046,2.1440075964609826,0,1.5014566740114976,1,0.0,1.525837866680026,0,1.5517518199035623,1,7500.0,sailing,oygarden_terminal,sailing_to_terminal,7500.0,sailing,oygarden_terminal,sailing_to_terminal,2063.8302496414326,idle,yara_sluiskil,idle,0.0,1,1526742.9079604123,493355.19468449784,2020098.10264491
greedy,9000056,710.0,6166.939933556223,1.0,7032.548241861343,0.7027491743371943,0,1.0,0,5649.681152622195,2.0988156157340314,0,1.5014566740114976,1,0.0,1.0957069848117347,0,1.5517518199035623,1,7500.0,sailing,oygarden_terminal,sailing_to_terminal,7500.0,sailing,oygarden_terminal,sailing_to_terminal,2204.2970328066635,idle,yara_sluiskil,idle,0.0,1,1528675.9259533205,493355.19468449784,2022031.1206378182
greedy,9000056,711.0,6166.939933556223,1.0,7059.564104267299,1.4111400485822896,0,1.0,0,5738.574842555167,1.5741949332200678,0,1.5014566740114976,1,0.0,1.2925064618182014,0,1.5517518199035623,1,7500.0,sailing,oygarden_terminal,sailing_to_terminal,7500.0,sailing,oygarden_terminal,sailing_to_terminal,2305.1695074086024,idle,yara_sluiskil,idle,0.0,1,1530298.107836995,493355.19468449784,2023653.3025214928
greedy,9000056,712.0,6166.939933556223,1.0,7113.817515667658,0.7099662181040018,0,1.0,0,5805.248634782875,0.5427763647121903,0,1.5014566740114976,1,0.0,1.0925521060018666,0,1.5517518199035623,1,7500.0,sailing,oygarden_terminal,sailing_to_terminal,7500.0,sailing,oygarden_terminal,sailing_to_terminal,2424.1632061838523,idle,yara_sluiskil,idle,0.0,1,1532062.5508440724,493355.19468449784,2025417.7455285701
greedy,9000056,713.0,6166.939933556223,1.0,7141.115655696662,1.1205131265735926,0,1.0,0,5828.237502173591,1.999151028138794,0,1.5014566740114976,1,0.0,1.2102378432185945,0,1.5517518199035623,1,7500.0,sailing,oygarden_terminal,sailing_to_terminal,7500.0,sailing,oygarden_terminal,sailing_to_terminal,2524.7512577398356,idle,yara_sluiskil,idle,0.0,1,1533682.4998575142,493355.19468449784,2027037.694542012
greedy,9000056,714.0,6166.939933556223,1.0,7184.2031032759705,1.5520695471590593,0,1.0,0,5912.909976636003,1.6857330230459695,0,1.5014566740114976,1,0.0,1.2024196991673488,0,1.5517518199035623,1,7500.0,sailing,oygarden_terminal,sailing_to_terminal,7500.0,sailing,oygarden_terminal,sailing_to_terminal,2636.177622389068,idle,yara_sluiskil,idle,0.0,1,1535387.535318852,493355.19468449784,2028742.7300033497
greedy,9000056,715.0,6166.939933556223,1.0,7243.890608823663,1.079975274108678,0,1.0,0,5984.307877212425,1.637792120761346,0,1.5014566740114976,1,0.0,1.6464212364769544,0,1.5517518199035623,1,7500.0,sailing,oygarden_terminal,sailing_to_terminal,7500.0,sailing,oygarden_terminal,sailing_to_terminal,2746.887484690675,idle,yara_sluiskil,idle,0.0,1,1537086.9458605973,493355.19468449784,2030442.140545095
greedy,9000056,716.0,6166.939933556223,1.0,7285.426591782816,1.0112250498927646,0,1.0,0,6053.6752784582495,1.5947217781121386,0,1.5014566740114976,1,0.0,0.5621309210049805,0,1.0,0,7500.0,sailing,oygarden_terminal,sailing_to_terminal,7500.0,sailing,oygarden_terminal,sailing_to_terminal,2898.4822419548227,idle,yara_sluiskil,idle,0.0,1,1539107.3242923687,493355.19468449784,2032462.5189768665
greedy,9000056,717.0,6166.939933556223,1.0,7324.321874803668,0.7427397481709783,0,1.0,0,6121.218469108315,1.3869173611734014,0,1.5014566740114976,1,0.0,1.3252879362977668,0,1.0,0,7500.0,sailing,oygarden_terminal,sailing_to_terminal,7500.0,sailing,oygarden_terminal,sailing_to_terminal,2950.2421733725455,idle,yara_sluiskil,idle,0.0,1,1540343.9469279617,493355.19468449784,2033699.1416124594
greedy,9000056,718.0,6166.939933556223,1.0,7352.892793447519,1.0227118174744754,0,1.0,0,6179.960266597603,1.4828841672426862,0,1.5014566740114976,1,0.0,1.405321330041021,0,1.0,0,7500.0,sailing,oygarden_terminal,sailing_to_terminal,7500.0,sailing,oygarden_terminal,sailing_to_terminal,3072.275782559967,idle,yara_sluiskil,idle,0.0,1,1542132.2548277278,493355.19468449784,2035487.4495122256
greedy,9000056,719.0,6166.939933556223,1.0,7392.236858651509,1.3766169261825727,0,1.0,0,6242.766662919979,1.5796238841853452,0,1.5014566740114976,1,0.0,0.4114945020635763,0,1.0,0,7500.0,sailing,oygarden_terminal,sailing_to_terminal,7500.0,sailing,oygarden_terminal,sailing_to_terminal,3201.6828058964697,idle,yara_sluiskil,idle,0.0,1,1543978.4478996068,493355.19468449784,2037333.6425841046
greedy,9000056,720.0,6166.939933556223,1.0,7445.200457595823,1.3766169261825727,0,1.0,0,6309.670394109525,1.5796238841853452,0,1.5014566740114976,1,0.0,0.4114945020635763,0,1.0,0,7500.0,sailing,oygarden_terminal,sailing_to_terminal,7500.0,sailing,oygarden_terminal,sailing_to_terminal,3239.575827698638,idle,yara_sluiskil,idle,0.0,1,1545106.2080145902,493355.19468449784,2038461.402699088
