controller,test_seed,hour,cumulative_vent_t,weather_speed_factor,brevik_inventory_t,brevik_capture_availability,brevik_capture_outage,brevik_capture_high_output_factor,brevik_capture_high_output,celsio_inventory_t,celsio_capture_availability,celsio_capture_outage,celsio_capture_high_output_factor,celsio_capture_high_output,yara_sluiskil_inventory_t,yara_sluiskil_capture_availability,yara_sluiskil_capture_outage,yara_sluiskil_capture_high_output_factor,yara_sluiskil_capture_high_output,northern_pathfinder_inventory_t,northern_pathfinder_mode,northern_pathfinder_destination,northern_pathfinder_operational_state,northern_phoenix_inventory_t,northern_phoenix_mode,northern_phoenix_destination,northern_phoenix_operational_state,northern_pioneer_inventory_t,northern_pioneer_mode,northern_pioneer_destination,northern_pioneer_operational_state,oygarden_terminal_inventory_t,aurora_well_a7_ah_available,cumulative_operating_cost_eur,cumulative_vent_penalty_eur,cumulative_episode_cost_eur
iterative_q,9000056,0.0,0.0,1.0,1585.8756482500692,0.7235853201417359,0,1.0,0,436.2970813663125,1.5162177798633156,0,1.0,0,6784.901074973901,0.8693471293768965,0,1.0,0,0.0,loading,celsio,loading,0.0,loading,yara_sluiskil,loading,0.0,loading,brevik,loading,2765.382902051245,1,0.0,0.0,0.0
iterative_q,9000056,1.0,0.0,1.0,812.8605927272924,0.38841757724177417,0,1.0,0,0.0,1.1854065346432332,0,1.0,0,6064.145403240234,0.9606648502498291,0,1.0,0,500.51529671768384,idle,celsio,idle,800.0,loading,yara_sluiskil,loading,800.0,loading,brevik,loading,2479.9947741973638,1,16607.156982184686,0.0,16607.156982184686
iterative_q,9000056,2.0,0.0,1.0,27.345995868796535,1.1277860789160268,0,1.0,0,0.0,0.7574690496838903,0,1.0,0,5351.713627968322,1.0777160729067305,0,1.0,0,550.7222611337749,idle,celsio,idle,1600.0,loading,yara_sluiskil,loading,1600.0,loading,brevik,loading,2194.6066463434827,1,29679.157143927412,0.0,29679.157143927412
iterative_q,9000056,3.0,0.0,1.0,0.0,0.8603336369354949,0,1.0,0,0.0,0.7081982010618342,0,1.0,0,4649.951440951821,1.132920145836311,0,1.0,0,582.8042688774011,idle,celsio,idle,2400.0,loading,yara_sluiskil,loading,1669.4049405184471,idle,brevik,idle,1909.2185184896014,1,36873.312100852614,0.0,36873.312100852614
iterative_q,9000056,4.0,0.0,1.0,0.0,1.080508047005293,0,1.0,0,0.0,0.8957630690958552,0,1.0,0,3953.221233808291,0.8340834179104075,0,1.0,0,612.7994484559855,idle,celsio,idle,3200.0,loading,yara_sluiskil,loading,1701.4896760021263,idle,brevik,idle,1623.83039063572,1,43758.10115846688,0.0,43758.10115846688
iterative_q,9000056,5.0,0.0,1.0,0.0,0.5092809570088943,0,1.0,0,0.0,0.9258342267019495,0,1.0,0,3229.25091586271,0.9823996697697603,0,1.0,0,650.7387909692943,idle,celsio,idle,4000.0,loading,yara_sluiskil,loading,1741.7854494209755,idle,brevik,idle,1338.4422627818387,1,50769.71702439027,0.0,50769.71702439027
iterative_q,9000056,6.0,0.0,1.0,0.0,0.7670698989427591,0,1.0,0,0.0,1.1452717748414847,0,1.0,0,2518.8000880906666,1.0246082057746022,0,1.0,0,689.9517737872217,idle,celsio,idle,4800.0,loading,yara_sluiskil,loading,1760.7782434176052,idle,brevik,idle,1053.0541349279574,1,57624.092062837466,0.0,57624.092062837466
iterative_q,9000056,7.0,0.0,1.0,0.0,1.4608230143756165,0,1.0,0,0.0,0.7326550653791566,0,1.0,0,1812.1966476254247,1.289545635244612,0,1.0,0,738.4588619175613,idle,celsio,idle,5600.0,loading,yara_sluiskil,loading,1789.3848465650626,idle,brevik,idle,767.6660070740761,1,64626.90415647619,0.0,64626.90415647619
iterative_q,9000056,8.0,0.0,1.0,0.0,0.9629261185715282,0,1.0,0,0.0,1.9230501825917616,0,1.0,0,1129.7430780467619,0.6754009923928224,0,1.0,0,769.4898928101243,idle,celsio,idle,6400.0,loading,yara_sluiskil,loading,1843.8638159199975,idle,brevik,idle,482.2778792201948,1,71695.63168358926,0.0,71695.63168358926
iterative_q,9000056,9.0,0.0,1.0,0.0,0.6492501623676,0,1.0,0,0.0,0.9393286073779697,0,1.0,0,391.3081093528456,1.3190719472542982,0,1.0,0,850.9391756224552,idle,celsio,idle,7200.0,loading,yara_sluiskil,loading,1879.774540314283,idle,brevik,idle,196.88975136631348,1,79014.39848658508,0.0,79014.39848658508
iterative_q,9000056,10.0,0.0,1.0,0.0,0.8452601734317753,0,1.0,0,0.0,0.8350962156751761,0,1.0,0,211.5457858618962,0.82397901736217,0,1.0,0,890.723702354321,idle,celsio,idle,7500.0,idle,yara_sluiskil,idle,1903.987238924261,idle,brevik,idle,0.0,1,81952.69260212204,0.0,81952.69260212204
iterative_q,9000056,11.0,0.0,1.0,0.0,0.7391960844801655,0,1.0,0,0.0,0.5684492008258997,0,1.0,0,286.654084483964,1.1877385180056037,0,1.0,0,926.0935478538099,idle,celsio,idle,7500.0,sailing,oygarden_terminal,sailing_to_terminal,1935.5097979005677,idle,brevik,idle,0.0,1,82892.97309576938,0.0,82892.97309576938
iterative_q,9000056,12.0,0.0,1.0,0.0,1.1101646171756325,0,1.0,0,0.0,1.2854724714817745,0,1.0,0,394.9201347650577,1.0366786770771164,0,1.0,0,950.1697680906175,idle,celsio,idle,7500.0,sailing,oygarden_terminal,sailing_to_terminal,1963.0768703258532,idle,brevik,idle,0.0,1,83713.54005589547,0.0,83713.54005589547
iterative_q,9000056,13.0,0.0,1.0,0.0,0.9064494350912465,0,1.0,0,0.0,0.8754853475894457,0,1.0,0,489.41654250042177,1.1260540079678159,0,1.0,0,1004.6149468098104,idle,celsio,idle,7500.0,sailing,oygarden_terminal,sailing_to_terminal,2004.4785813248861,idle,brevik,idle,0.0,1,84881.12845980065,0.0,84881.12845980065
iterative_q,9000056,14.0,0.0,1.0,0.0,0.9623736082961817,0,1.0,0,0.0,1.4737410539670726,0,1.0,0,592.0597074549838,0.6661222326266099,0,1.0,0,1041.6954423264488,idle,celsio,idle,7500.0,sailing,oygarden_terminal,sailing_to_terminal,2038.2830738554735,idle,brevik,idle,0.0,1,85852.75283059008,0.0,85852.75283059008
iterative_q,9000056,15.0,0.0,1.0,0.0,1.122988792498816,0,1.0,0,0.0,0.9280120676096347,0,1.0,0,652.7786813794962,1.037937751276945,0,1.0,0,1104.114589254238,idle,celsio,idle,7500.0,sailing,oygarden_terminal,sailing_to_terminal,2074.173157692251,idle,brevik,idle,0.0,1,87039.67190443809,0.0,87039.67190443809
iterative_q,9000056,16.0,0.0,1.0,0.0,0.7349231407479503,0,1.0,0,0.0,1.4762401274059103,0,1.0,0,747.3896489239769,0.0,1,1.0,0,1143.419812816383,idle,celsio,idle,7500.0,sailing,oygarden_terminal,sailing_to_terminal,2116.0531043976594,idle,brevik,idle,0.0,1,88092.15811325276,0.0,88092.15811325276
iterative_q,9000056,17.0,0.0,1.0,0.0,1.2339283785984687,0,1.0,0,0.0,1.3625328330915403,0,1.0,0,747.3896489239769,0.0,1,1.0,0,1205.9448060404004,idle,celsio,idle,7500.0,sailing,oygarden_terminal,sailing_to_terminal,2143.4608018037447,idle,brevik,idle,0.0,1,89213.31694936166,0.0,89213.31694936166
iterative_q,9000056,18.0,0.0,1.0,0.0,1.3076606752946045,0,1.0,0,0.0,0.9481154022565408,0,1.0,0,747.3896489239769,0.0,1,1.0,0,1263.6538159602514,idle,celsio,idle,7500.0,sailing,oygarden_terminal,sailing_to_terminal,2189.478034624978,idle,brevik,idle,0.0,1,90442.76241115661,0.0,90442.76241115661
iterative_q,9000056,19.0,0.0,1.0,0.0,1.0216556472288272,0,1.0,0,0.0,0.9147182136432006,0,1.0,0,747.3896489239769,0.0,1,1.0,0,1303.810500500352,idle,celsio,idle,7500.0,sailing,oygarden_terminal,sailing_to_terminal,2238.2449785647827,idle,brevik,idle,0.0,1,91555.99957962881,0.0,91555.99957962881
iterative_q,9000056,20.0,0.0,1.0,0.0,1.2018943770786104,0,1.0,0,0.0,0.958972789963291,0,1.0,0,747.3896489239769,0.0,1,1.0,0,1342.5526733001302,idle,celsio,idle,7500.0,sailing,oygarden_terminal,sailing_to_terminal,2276.345853355634,idle,brevik,idle,0.0,1,92574.39784581526,0.0,92574.39784581526
iterative_q,9000056,21.0,0.0,1.0,0.0,0.7304779186413267,0,1.0,0,0.0,0.45667777496597717,0,1.0,0,747.3896489239769,0.0,1,1.0,0,1383.169213984358,idle,celsio,idle,7500.0,sailing,oygarden_terminal,sailing_to_terminal,2321.1684116506704,idle,brevik,idle,0.0,1,93660.27962832943,0.0,93660.27962832943
iterative_q,9000056,22.0,0.0,1.0,0.0,1.186502519250697,0,1.0,0,0.0,0.9300652194776364,0,1.0,0,747.3896489239769,0.0,1,1.0,0,1402.5114431076665,idle,celsio,idle,7500.0,sailing,oygarden_terminal,sailing_to_terminal,2348.4103094814745,idle,brevik,idle,0.0,1,94441.12948158589,0.0,94441.12948158589
iterative_q,9000056,23.0,0.0,1.0,0.0,1.4203974616450912,0,1.0,0,0.0,0.6864533556911567,0,1.0,0,747.3896489239769,0.0,1,1.0,0,1441.9036263075097,idle,celsio,idle,7500.0,sailing,oygarden_terminal,sailing_to_terminal,2392.6588398115105,idle,brevik,idle,0.0,1,95512.89299417005,0.0,95512.89299417005
iterative_q,9000056,24.0,0.0,1.0,0.0,1.292175516937303,0,1.0,0,0.0,1.3541399175043245,0,1.0,0,747.3896489239769,0.0,1,1.0,0,1470.9778200083779,idle,celsio,idle,7500.0,sailing,oygarden_terminal,sailing_to_terminal,2445.6300632440316,idle,brevik,idle,0.0,1,96572.13259251113,0.0,96572.13259251113
iterative_q,9000056,25.0,0.0,1.0,0.0,0.9688578900979461,0,1.0,0,0.0,1.1652006982788303,0,1.0,0,747.3896489239769,0.0,1,1.0,0,1528.3313545685783,idle,celsio,idle,7500.0,sailing,oygarden_terminal,sailing_to_terminal,2493.8194671662454,idle,brevik,idle,0.0,1,97815.8400696408,0.0,97815.8400696408
iterative_q,9000056,26.0,0.0,1.0,0.0,0.83225336791833,0,1.0,0,0.0,1.2422306819021798,0,1.0,0,747.3896489239769,0.0,1,1.0,0,1577.6825166268306,idle,celsio,idle,7500.0,sailing,oygarden_terminal,sailing_to_terminal,2529.9513053612673,idle,brevik,idle,0.0,1,98902.06650020412,0.0,98902.06650020412
iterative_q,9000056,27.0,0.0,1.0,0.0,1.3070879053958386,0,1.0,0,0.0,0.9627448087078613,0,1.0,0,747.3896489239769,0.0,1,1.0,0,1630.2962232499428,idle,celsio,idle,7500.0,sailing,oygarden_terminal,sailing_to_terminal,2560.988714971293,idle,brevik,idle,0.0,1,99973.91167947029,0.0,99973.91167947029
iterative_q,9000056,28.0,0.0,1.0,0.0,0.9720032029366464,0,1.0,0,0.0,1.0528364226272453,0,1.0,0,747.3896489239769,0.0,1,1.0,0,1671.0725248308343,idle,celsio,idle,7500.0,sailing,oygarden_terminal,sailing_to_terminal,2609.73422525112,idle,brevik,idle,0.0,1,101091.84490152817,0.0,101091.84490152817
iterative_q,9000056,29.0,0.0,1.0,0.0,1.042127265884728,0,1.0,0,0.0,0.8511861347857365,0,1.0,0,747.3896489239769,0.0,1,1.0,0,1715.664586087456,idle,celsio,idle,7500.0,sailing,oygarden_terminal,sailing_to_terminal,2645.9833438469054,idle,brevik,idle,0.0,1,102141.63060498897,0.0,102141.63060498897
iterative_q,9000056,30.0,0.0,1.0,0.0,0.8298459952343847,0,1.0,0,0.0,1.6441277609846594,0,1.0,0,747.3896489239769,0.0,1,1.0,0,1751.715907496376,idle,celsio,idle,7500.0,sailing,oygarden_terminal,sailing_to_terminal,2684.8476075253798,idle,brevik,idle,0.0,1,103144.89727860718,0.0,103144.89727860718
iterative_q,9000056,31.0,0.0,1.0,0.0,0.8113965421852396,0,1.0,0,0.0,1.203439257405725,0,1.0,0,747.3896489239769,0.0,1,1.0,0,1821.3516498167166,idle,celsio,idle,7500.0,sailing,oygarden_terminal,sailing_to_terminal,2715.7952177053166,idle,brevik,idle,0.0,1,104349.66940199443,0.0,104349.66940199443
iterative_q,9000056,32.0,0.0,1.0,0.0,0.6913035170160816,0,1.0,0,0.0,1.0897916289887615,0,1.0,0,747.3896489239769,0.0,1,1.0,0,1872.3223760677583,idle,celsio,idle,7500.0,sailing,oygarden_terminal,sailing_to_terminal,2746.0547839297706,idle,brevik,idle,0.0,1,105402.50984383062,0.0,105402.50984383062
iterative_q,9000056,33.0,0.0,1.0,0.0,0.9599273253227101,0,1.0,0,0.0,0.606583343724301,0,1.0,0,747.3896489239769,0.0,1,1.0,0,1918.47964611694,idle,celsio,idle,7500.0,sailing,oygarden_terminal,sailing_to_terminal,2771.8356931896983,idle,brevik,idle,0.0,1,106382.40231895127,0.0,106382.40231895127
iterative_q,9000056,34.0,0.0,1.0,0.0,1.1490622614466564,0,1.0,0,0.0,0.9832926005510321,0,1.0,0,747.3896489239769,0.9811325193196021,0,1.0,0,1944.1710080790415,idle,celsio,idle,7500.0,sailing,oygarden_terminal,sailing_to_terminal,2807.634433800022,idle,brevik,idle,0.0,1,107280.27190644866,0.0,107280.27190644866
iterative_q,9000056,35.0,0.0,1.0,0.0,1.296072896311099,0,1.0,0,0.0,1.0385184942306298,0,1.0,0,836.8214086266887,0.4400535442485285,0,1.0,0,1985.8175952739816,idle,celsio,idle,7500.0,sailing,oygarden_terminal,sailing_to_terminal,2850.486610354861,idle,brevik,idle,0.0,1,108358.77156373538,0.0,108358.77156373538
iterative_q,9000056,36.0,0.0,1.0,0.0,1.6051604257394643,0,1.0,0,0.0,1.2226418967146409,0,1.0,0,876.9329461848837,0.6373965448966494,0,1.0,0,2029.8032318986204,idle,celsio,idle,7500.0,sailing,oygarden_terminal,sailing_to_terminal,2898.8212720250917,idle,brevik,idle,0.0,1,109498.67437350671,0.0,109498.67437350671
iterative_q,9000056,37.0,0.0,1.0,0.0,1.09866819483558,0,1.0,0,0.0,1.341579384847122,0,1.0,0,935.0325501796863,0.7784965690310086,0,1.0,0,2081.587270882722,idle,celsio,idle,7500.0,sailing,oygarden_terminal,sailing_to_terminal,2958.682776607862,idle,brevik,idle,0.0,1,110790.29050441702,0.0,110790.29050441702
iterative_q,9000056,38.0,0.0,1.0,0.0,1.1623586718258365,0,1.0,0,0.0,1.1036229883347914,0,1.0,0,1005.9935704237,1.0225460763253797,0,1.0,0,2138.408813929684,idle,celsio,idle,7500.0,sailing,oygarden_terminal,sailing_to_terminal,2999.655577694099,idle,brevik,idle,0.0,1,111973.16744789331,0.0,111973.16744789331
iterative_q,9000056,39.0,0.0,1.0,0.0,0.7612749612243905,0,1.0,0,0.0,1.0477397994826718,0,1.0,0,1099.199966410289,0.9272773184374012,0,1.0,0,2185.1519003601816,idle,celsio,idle,7500.0,sailing,oygarden_terminal,sailing_to_terminal,3043.0035905092245,idle,brevik,idle,0.0,1,113095.56987479856,0.0,113095.56987479856
iterative_q,9000056,40.0,0.0,0.5914585533131274,0.0,1.1103544558823044,0,1.0,0,0.0,1.2620989766281678,0,1.0,0,1183.7224299005734,0.8316040480005579,0,1.0,0,2229.5280981392675,idle,celsio,idle,7500.0,sailing,oygarden_terminal,sailing_to_terminal,3071.393924977935,idle,brevik,idle,0.0,1,114081.9653553732,0.0,114081.9653553732
iterative_q,9000056,41.0,0.0,0.5914585533131274,0.0,0.8232761680774707,0,1.0,0,0.0,0.8332630066406171,0,1.0,0,1259.5241018733118,1.74675185254477,0,1.0,0,2282.983310808756,idle,celsio,idle,7500.0,sailing,oygarden_terminal,sailing_to_terminal,3112.8025235990053,idle,brevik,idle,0.0,1,115241.83607750501,0.0,115241.83607750501
iterative_q,9000056,42.0,0.0,0.5914585533131274,0.0,0.8384208682808182,0,1.0,0,0.0,0.8588442321465999,0,1.0,0,1418.7424389390387,1.0511828168635573,0,1.0,0,2318.2755121768223,idle,celsio,idle,7500.0,sailing,oygarden_terminal,sailing_to_terminal,3143.505067114468,idle,brevik,idle,0.0,1,116175.06947208177,0.0,116175.06947208177
iterative_q,9000056,43.0,0.0,0.5914585533131274,0.0,0.8562169296972768,0,1.0,0,0.0,1.1265694755694113,0,1.0,0,1514.5588291073564,1.1371565511030088,0,1.0,0,2354.6511862955135,idle,celsio,idle,7500.0,sailing,oygarden_terminal,sailing_to_terminal,3174.7723988426105,idle,brevik,idle,0.0,1,117121.24258055747,0.0,117121.24258055747
iterative_q,9000056,44.0,0.0,0.5914585533131274,0.0,0.8017040449824878,0,1.0,0,0.0,0.9734521349013809,0,1.0,0,1618.211736999215,0.9733767491808218,0,1.0,0,2402.3661532027872,idle,celsio,idle,7500.0,sailing,oygarden_terminal,sailing_to_terminal,3206.703396122975,idle,brevik,idle,0.0,1,118161.64521356166,0.0,118161.64521356166
iterative_q,9000056,45.0,0.0,0.5914585533131274,0.0,1.274918299440539,0,1.0,0,0.0,0.9125048319749829,0,1.0,0,1706.9358939923536,0.9673430022183043,0,1.0,0,2443.5959551900614,idle,celsio,idle,7500.0,sailing,oygarden_terminal,sailing_to_terminal,3236.6014332599516,idle,brevik,idle,0.0,1,119135.17609280256,0.0,119135.17609280256
iterative_q,9000056,46.0,0.0,0.5914585533131274,0.0,1.0124045672351074,0,1.0,0,0.0,0.7205142935319985,0,1.0,0,1795.1100047678428,0.5990698353648376,0,1.0,0,2482.2443819445734,idle,celsio,idle,7500.0,sailing,oygarden_terminal,sailing_to_terminal,3284.1470939924907,idle,brevik,idle,0.0,1,120226.98493147184,0.0,120226.98493147184
iterative_q,9000056,47.0,0.0,0.5914585533131274,0.0,0.42031012066590223,0,1.0,0,0.0,0.4426420254759815,0,1.0,0,1849.7156725590735,0.9652981657266363,0,1.0,0,2512.7611999639153,idle,celsio,idle,7500.0,sailing,oygarden_terminal,sailing_to_terminal,3321.9027957216326,idle,brevik,idle,0.0,1,121178.10005457031,0.0,121178.10005457031
iterative_q,9000056,48.0,0.0,0.5914585533131274,0.0,0.4517143494527063,0,1.0,0,0.0,1.2327278795229624,0,1.0,0,1937.7032644901944,1.258912350175297,0,1.0,0,2531.5089559216026,idle,celsio,idle,7500.0,sailing,oygarden_terminal,sailing_to_terminal,3337.5774592998473,idle,brevik,idle,0.0,1,121863.4741196974,0.0,121863.4741196974
iterative_q,9000056,49.0,0.0,0.5914585533131274,0.0,1.1293936953853982,0,1.0,0,0.0,1.154801356537423,0,1.0,0,2052.453906993242,1.1512488237546599,0,1.0,0,2583.7201788001403,idle,celsio,idle,7500.0,sailing,oygarden_terminal,sailing_to_terminal,3354.423280929707,idle,brevik,idle,0.0,1,122820.74817403666,0.0,122820.74817403666
iterative_q,9000056,50.0,0.0,0.5914585533131274,0.0,0.9592899743925276,0,1.0,0,0.0,1.4882404624150238,0,1.0,0,2157.3908750703276,0.9305876587612476,0,1.0,0,2632.6308848920194,idle,celsio,idle,7500.0,sailing,oygarden_terminal,sailing_to_terminal,3396.5418492338163,idle,brevik,idle,0.0,1,123950.51576841426,0.0,123950.51576841426
iterative_q,9000056,51.0,0.0,0.5914585533131274,0.0,1.1856872272317098,0,1.0,0,0.0,1.047166751945956,0,1.0,0,2242.2143933626053,1.0318763300267135,0,1.0,0,2695.664142897085,idle,celsio,idle,7500.0,sailing,oygarden_terminal,sailing_to_terminal,3432.316720277005,idle,brevik,idle,0.0,1,125141.3514557108,0.0,125141.3514557108
iterative_q,9000056,52.0,0.0,0.5914585533131274,0.0,1.0766292754625753,0,1.0,0,0.0,1.7655800224520286,0,1.0,0,2336.270354232599,0.9585092047506943,0,1.0,0,2740.0160696970224,idle,celsio,idle,7500.0,sailing,oygarden_terminal,sailing_to_terminal,3476.5346322975142,idle,brevik,idle,0.0,1,126251.81118961668,0.0,126251.81118961668
iterative_q,9000056,53.0,0.0,0.5914585533131274,0.0,1.3545455274478848,0,1.0,0,0.0,1.029506743336043,0,1.0,0,2423.638806599374,1.1156223281795123,0,1.0,0,2814.7958273332406,idle,celsio,idle,7500.0,sailing,oygarden_terminal,sailing_to_terminal,3516.6854324650967,idle,brevik,idle,0.0,1,127569.21640691937,0.0,127569.21640691937
iterative_q,9000056,54.0,0.0,0.5914585533131274,0.0,0.9175427319897902,0,1.0,0,0.0,0.6769833262671725,0,1.0,0,2525.3281008809226,0.7518548839532309,0,1.0,0,2858.399778313952,idle,celsio,idle,7500.0,sailing,oygarden_terminal,sailing_to_terminal,3567.200571965669,idle,brevik,idle,0.0,1,128723.24067971995,0.0,128723.24067971995
iterative_q,9000056,55.0,0.0,0.5914585533131274,0.0,1.0330021955324529,0,1.0,0,0.0,1.2550650822970313,0,1.0,0,2593.859838209479,1.054793513948366,0,1.0,0,2887.07287634307,idle,celsio,idle,7500.0,sailing,oygarden_terminal,sailing_to_terminal,3601.4185371118156,idle,brevik,idle,0.0,1,129632.10854345393,0.0,129632.10854345393
iterative_q,9000056,56.0,0.0,0.5914585533131274,0.0,0.6994119266042162,0,1.0,0,0.0,1.1150979943405228,0,1.0,0,2690.004427334487,0.9594477875283144,0,1.0,0,2940.2301739327363,idle,celsio,idle,7500.0,sailing,oygarden_terminal,sailing_to_terminal,3639.9423313758994,idle,brevik,idle,0.0,1,130766.99324707908,0.0,130766.99324707908
iterative_q,9000056,57.0,0.0,0.5914585533131274,0.0,0.851661537184417,0,1.0,0,0.0,1.4578472109172267,0,1.0,0,2777.458174720755,1.3260416907082635,0,1.0,0,2987.4592752462017,idle,celsio,idle,7500.0,sailing,oygarden_terminal,sailing_to_terminal,3666.0255248341678,idle,brevik,idle,0.0,1,131757.67324999196,0.0,131757.67324999196
iterative_q,9000056,58.0,0.0,0.5914585533131274,0.0,0.42586595565504914,0,1.0,0,0.0,1.0354017461929763,0,1.0,0,2898.3268986975636,1.49391836130513,0,1.0,0,3049.2052509123873,idle,celsio,idle,7500.0,sailing,oygarden_terminal,sailing_to_terminal,3697.7865632385706,idle,brevik,idle,0.0,1,132906.89240162846,0.0,132906.89240162846
iterative_q,9000056,59.0,0.0,0.5914585533131274,0.0,0.7997826269361954,0,1.0,0,0.0,0.5898153782343984,0,1.0,0,3034.4974841285266,0.7830659945233746,0,1.0,0,3093.0588801174217,idle,celsio,idle,7500.0,sailing,oygarden_terminal,sailing_to_terminal,3713.6683921177314,idle,brevik,idle,0.0,1,133790.98710870487,0.0,133790.98710870487
iterative_q,9000056,60.0,0.0,0.5914585533131274,0.0,1.047174499805889,0,1.0,0,0.0,0.9325633722102055,0,1.0,0,3105.873858693677,0.9151573159613584,0,1.0,0,3118.040048047283,idle,celsio,idle,7500.0,sailing,oygarden_terminal,sailing_to_terminal,3743.4946992203677,idle,brevik,idle,0.0,1,134636.3945616344,0.0,134636.3945616344
iterative_q,9000056,61.0,0.0,0.5914585533131274,0.0,0.8547561015008442,0,1.0,0,0.0,1.2893545661950807,0,1.0,0,3189.290280569766,0.8532464259862458,0,1.0,0,3157.5380385475623,idle,celsio,idle,7500.0,sailing,oygarden_terminal,sailing_to_terminal,3782.546989360548,idle,brevik,idle,0.0,1,135668.19550355934,0.0,135668.19550355934
iterative_q,9000056,62.0,0.0,0.5914585533131274,0.0,1.1200451729999261,0,1.0,0,0.0,1.2007785337250363,0,1.0,0,3267.063478986806,0.4090996755806965,0,1.0,0,3212.147640344775,idle,celsio,idle,7500.0,sailing,oygarden_terminal,sailing_to_terminal,3814.423412072844,idle,brevik,idle,0.0,1,136762.29620112185,0.0,136762.29620112185
iterative_q,9000056,63.0,0.0,0.5914585533131274,0.0,1.0570060070986496,0,1.0,0,0.0,1.1676437628119383,0,1.0,0,3304.3527847313894,1.155747268822086,0,1.0,0,3263.0056737303285,idle,celsio,idle,7500.0,sailing,oygarden_terminal,sailing_to_terminal,3856.1932544694396,idle,brevik,idle,0.0,1,137904.6136556465,0.0,137904.6136556465
iterative_q,9000056,64.0,0.0,0.5914585533131274,0.0,0.6133181930146041,0,1.0,0,0.0,0.8597224113698024,0,1.0,0,3409.6987044775715,0.7171727941806673,0,1.0,0,3312.460309871518,idle,celsio,idle,7500.0,unloading,oygarden_terminal,unloading,3895.6121710361213,idle,brevik,idle,0.0,1,138602.31770301846,0.0,138602.31770301846
iterative_q,9000056,65.0,0.0,0.5914585533131274,0.0,1.050820609247918,0,1.0,0,0.0,1.028713809590829,0,1.0,0,3475.0686812222093,0.8334758019922217,0,1.0,0,3348.8731785827154,idle,celsio,idle,6700.0,unloading,oygarden_terminal,unloading,3918.4846378217603,idle,brevik,idle,514.6118721461187,1,139209.16784388988,0.0,139209.16784388988
iterative_q,9000056,66.0,0.0,0.5914585533131274,0.0,0.9877576109437123,0,1.0,0,0.0,0.936823137603265,0,1.0,0,3551.0395688333347,0.6709393501375716,0,1.0,0,3392.4435454763084,idle,celsio,idle,5900.0,unloading,oygarden_terminal,unloading,3957.672869786031,idle,brevik,idle,1029.2237442922374,1,140000.29542560855,0.0,140000.29542560855
iterative_q,9000056,67.0,0.0,0.5914585533131274,0.0,1.1166933808123132,0,1.0,0,0.0,1.1661235622984065,0,1.0,0,3612.1952980988544,1.0347371428277237,0,1.0,0,3432.1219550001547,idle,celsio,idle,5100.0,unloading,oygarden_terminal,unloading,3994.509287701499,idle,brevik,idle,1543.835616438356,1,140742.4061237117,0.0,140742.4061237117
iterative_q,9000056,68.0,0.0,0.5914585533131274,0.0,1.2010301504309315,0,1.0,0,0.0,0.38768217825937945,0,1.0,0,3706.5109140189843,0.7315693433080046,0,1.0,0,3481.512204240431,idle,celsio,idle,4300.0,unloading,oygarden_terminal,unloading,4036.154097101251,idle,brevik,idle,2058.4474885844747,1,141598.50825986176,0.0,141598.50825986176
iterative_q,9000056,69.0,0.0,0.5914585533131274,0.0,0.7221495929557677,0,1.0,0,0.0,1.155543479414729,0,1.0,0,3773.192933663151,1.4568508576462738,0,1.0,0,3497.9321789577793,idle,celsio,idle,3500.0,unloading,oygarden_terminal,unloading,4080.9440676610957,idle,brevik,idle,2573.0593607305937,1,142220.46759792912,0.0,142220.46759792912
iterative_q,9000056,70.0,0.0,0.5914585533131274,0.0,1.375740347071763,0,1.0,0,0.0,0.8339066970029109,0,1.0,0,3905.9837442528346,1.1713400870312078,0,1.0,0,3546.8743170823022,idle,celsio,idle,2700.0,unloading,oygarden_terminal,unloading,4107.875159934463,idle,brevik,idle,3087.6712328767126,1,142957.54142241858,0.0,142957.54142241858
iterative_q,9000056,71.0,0.0,0.5914585533131274,0.0,0.9796003801325824,0,1.0,0,0.0,0.9613465757239549,0,1.0,0,4012.750392861295,0.7525362978819685,0,1.0,0,3582.19378145101,idle,celsio,idle,1900.0,unloading,oygarden_terminal,unloading,4159.180573159312,idle,brevik,idle,3602.2831050228315,1,143779.02132200883,0.0,143779.02132200883
iterative_q,9000056,72.0,0.0,0.5914585533131274,0.0,0.7065408075794826,0,1.0,0,0.0,0.7288269582512451,0,1.0,0,4081.343383327306,1.0941382862716922,0,1.0,0,3622.910861970083,idle,celsio,idle,1100.0,unloading,oygarden_terminal,unloading,4195.712753318775,idle,brevik,idle,4116.89497716895,1,144526.89770661728,0.0,144526.89770661728
iterative_q,9000056,73.0,0.0,0.5914585533131274,0.0,1.655748250213823,0,1.0,0,0.0,0.6128107569828298,0,1.0,0,4181.073007112344,1.0766991786753615,0,1.0,0,3653.779756386479,idle,celsio,idle,300.0,unloading,oygarden_terminal,unloading,4222.061734437225,idle,brevik,idle,4633.69132983713,1,145116.62156435655,0.0,145116.62156435655
iterative_q,9000056,74.0,0.0,0.5914585533131274,0.0,0.8805500412663962,0,1.0,0,0.0,1.0916331685035463,0,1.0,0,4279.21300133097,1.4320661499336735,0,1.0,0,3679.7348755548537,idle,celsio,idle,0.0,idle,oygarden_terminal,idle,4283.809438030072,idle,brevik,idle,4652.557195250956,1,145929.55726219437,0.0,145929.55726219437
iterative_q,9000056,75.0,0.0,0.5914585533131274,0.0,1.1381259735366822,0,1.0,0,0.0,0.9234145621580124,0,1.0,0,4409.744224119204,1.3738578785296283,0,1.0,0,3725.9701425664175,idle,celsio,idle,0.0,sailing,yara_sluiskil,sailing_to_emitter,4316.647723797217,idle,brevik,idle,4373.221970097498,1,147079.9936074354,0.0,147079.9936074354
iterative_q,9000056,76.0,0.0,0.5914585533131274,0.0,0.8330959438378259,0,1.0,0,0.0,0.9840571334155412,0,1.0,0,4534.969736230162,0.8674355341084872,0,1.0,0,3765.0806423896033,idle,celsio,idle,0.0,sailing,yara_sluiskil,sailing_to_emitter,4359.091761263864,idle,brevik,idle,4095.4824492778275,1,148249.25274482873,0.0,148249.25274482873
iterative_q,9000056,77.0,0.0,0.5914585533131274,0.0,1.5822229158924421,0,1.0,0,0.0,0.8893288910690472,0,1.0,0,4614.03539566512,0.9507240085853917,0,1.0,0,3806.759610774626,idle,celsio,idle,0.0,sailing,yara_sluiskil,sailing_to_emitter,4390.160334151869,idle,brevik,idle,3819.1775543101294,1,149348.7841432179,0.0,149348.7841432179
iterative_q,9000056,78.0,0.0,0.5914585533131274,0.0,1.0166715335012069,0,1.0,0,0.0,0.7757821851446778,0,1.0,0,4700.692631239815,1.2753819929283234,0,1.0,0,3844.4264387220046,idle,celsio,idle,0.0,sailing,yara_sluiskil,sailing_to_emitter,4449.166023043069,idle,brevik,idle,3544.175617475134,1,150635.60494757444,0.0,150635.60494757444
iterative_q,9000056,79.0,0.0,1.0,0.0,1.3664759569579927,0,1.0,0,0.0,0.5425258348167019,0,1.0,0,4816.9419271142615,1.389393638544747,0,1.0,0,3877.284084960574,idle,celsio,idle,0.0,sailing,yara_sluiskil,sailing_to_emitter,4487.080651858105,idle,brevik,idle,3270.3666999721722,1,151718.60611836586,0.0,151718.60611836586
iterative_q,9000056,80.0,0.0,1.0,0.0,0.9268375960564419,0,1.0,0,0.0,0.9591193705686977,0,1.0,0,4943.583132921084,1.093824955472158,0,1.0,0,3900.262341353981,idle,celsio,idle,0.0,sailing,yara_sluiskil,sailing_to_emitter,4538.040493508011,idle,brevik,idle,2997.6575098096764,1,152826.00977347395,0.0,152826.00977347395
iterative_q,9000056,81.0,0.0,1.0,0.0,0.7703274367927342,0,1.0,0,0.0,0.5159868369894541,0,1.0,0,5043.283610623139,0.5104264907874889,0,1.0,0,3940.8850903448315,idle,celsio,idle,0.0,sailing,yara_sluiskil,sailing_to_emitter,4572.6049423182585,idle,brevik,idle,2725.9678466502887,1,153942.80151138676,0.0,153942.80151138676
iterative_q,9000056,82.0,0.0,1.0,0.0,0.5848602184529952,0,1.0,0,0.0,1.4999061084720742,0,1.0,0,5089.808173169871,1.064073749037046,0,1.0,0,3962.7393082918397,idle,celsio,idle,0.0,sailing,yara_sluiskil,sailing_to_emitter,4601.332670979277,idle,brevik,idle,2455.2280167682457,1,154866.03967803338,0.0,154866.03967803338
iterative_q,9000056,83.0,0.0,1.0,0.0,1.2189868011818168,0,1.0,0,0.0,0.8623731316185692,0,1.0,0,5186.796731160322,1.3204609973480699,0,1.0,0,4026.2666555897854,idle,celsio,idle,0.0,sailing,yara_sluiskil,sailing_to_emitter,4623.143789413657,idle,brevik,idle,2185.3768981308735,1,156061.770395368,0.0,156061.770395368
iterative_q,9000056,84.0,0.0,1.0,0.0,1.3945646427737524,0,1.0,0,0.0,1.4040270031147235,0,1.0,0,5307.154473273378,1.180687198213881,0,1.0,0,4062.791793478955,idle,celsio,idle,0.0,sailing,yara_sluiskil,sailing_to_emitter,4668.603303283873,idle,brevik,idle,1916.360458546352,1,157230.82969385097,0.0,157230.82969385097
iterative_q,9000056,85.0,0.0,1.0,0.0,1.060247078716854,0,1.0,0,0.0,0.5498253964695916,0,1.0,0,5414.771995599114,1.2702584330091187,0,1.0,0,4122.2582564387085,idle,celsio,idle,0.0,sailing,yara_sluiskil,sailing_to_emitter,4720.610610056914,idle,brevik,idle,1648.1305992627977,1,158631.07155228878,0.0,158631.07155228878
iterative_q,9000056,86.0,0.0,1.0,0.0,1.2541422040539587,0,1.0,0,0.0,0.9113587425861664,0,1.0,0,5530.553690357468,0.9735640774711055,0,1.0,0,4145.5456800430675,idle,celsio,idle,0.0,sailing,yara_sluiskil,sailing_to_emitter,4760.150250627676,idle,brevik,idle,1380.6442381322204,1,159649.10639833572,0.0,159649.10639833572
iterative_q,9000056,87.0,0.0,1.0,0.0,0.9615488025138624,0,1.0,0,0.0,1.1293026131653987,0,1.0,0,5619.292180934546,1.3031620359007319,0,1.0,0,4184.145565080051,idle,celsio,idle,0.0,sailing,yara_sluiskil,sailing_to_emitter,4806.920786467987,idle,brevik,idle,1113.8625727375795,1,160843.82950450524,0.0,160843.82950450524
iterative_q,9000056,88.0,0.0,1.0,0.0,0.9315765404928517,0,1.0,0,0.0,0.8181561715269244,0,1.0,0,5738.07280330496,0.9489472492238837,0,1.0,0,4231.976291887422,idle,celsio,idle,0.0,sailing,yara_sluiskil,sailing_to_emitter,4842.779674996975,idle,brevik,idle,847.7504810666738,1,162025.08287952878,0.0,162025.08287952878
iterative_q,9000056,89.0,0.0,1.0,0.0,1.215872235185585,0,1.0,0,0.0,1.2263543403278043,0,1.0,0,5824.567390240383,0.9557587108029217,0,1.0,0,4266.628655098007,idle,celsio,idle,0.0,sailing,yara_sluiskil,sailing_to_emitter,4877.520807074598,idle,brevik,idle,582.2760288995951,1,163093.84277451472,0.0,163093.84277451472
iterative_q,9000056,90.0,0.0,1.0,0.0,0.9596898876323138,0,1.0,0,0.0,0.8798583966396666,0,1.0,0,5911.682763831292,0.9191937060562412,0,1.0,0,4318.569931720788,idle,celsio,idle,0.0,sailing,yara_sluiskil,sailing_to_emitter,4922.8641248589665,idle,brevik,idle,317.41006108424733,1,164381.31296182724,0.0,164381.31296182724
iterative_q,9000056,91.0,0.0,1.0,0.0,1.2260559538924687,0,1.0,0,0.0,0.995109983410817,0,1.0,0,5995.465253427327,1.1853254646928333,0,1.0,0,4355.835644301478,idle,celsio,idle,0.0,sailing,yara_sluiskil,sailing_to_emitter,4958.6536709330185,idle,brevik,idle,53.12585953171879,1,165478.3316189143,0.0,165478.3316189143
iterative_q,9000056,92.0,0.0,1.0,0.0,1.2354415448750762,0,1.0,0,0.0,0.6742318219571751,0,1.0,0,6103.504989513203,1.135464128473866,0,1.0,0,4397.982747482616,idle,celsio,idle,0.0,sailing,yara_sluiskil,sailing_to_emitter,5004.376752479347,idle,brevik,idle,0.0,1,166605.0803032799,0.0,166605.0803032799
iterative_q,9000056,93.0,0.0,1.0,0.0,1.393655539470973,0,1.0,0,0.0,0.907642616643725,0,1.0,0,6206.999901463105,1.0617569940853204,0,1.0,0,4426.539307703863,idle,celsio,idle,0.0,sailing,yara_sluiskil,sailing_to_emitter,5050.449841749362,idle,brevik,idle,0.0,1,167606.10223235228,0.0,167606.10223235228
iterative_q,9000056,94.0,0.0,1.0,0.0,0.8588205487509448,0,1.0,0,0.0,1.192167945364737,0,1.0,0,6303.776508565981,0.8731563117608144,0,1.0,0,4464.981799139997,idle,celsio,idle,0.0,sailing,yara_sluiskil,sailing_to_emitter,5102.423167413679,idle,brevik,idle,0.0,1,168731.05386489478,0.0,168731.05386489478
iterative_q,9000056,95.0,0.0,1.0,0.0,0.971212182947207,0,1.0,0,0.0,1.2244534288812363,0,1.0,0,6383.3625557989835,0.8430784319238858,0,1.0,0,4515.475137806251,idle,celsio,idle,0.0,sailing,yara_sluiskil,sailing_to_emitter,5134.450990374138,idle,brevik,idle,0.0,1,169794.02830727433,0.0,169794.02830727433
iterative_q,9000056,96.0,0.0,1.0,0.0,1.2536859480661013,0,1.0,0,0.0,0.8149739645580693,0,1.0,0,6460.207021880413,1.103085805509411,0,1.0,0,4567.335902815028,idle,celsio,idle,0.0,sailing,yara_sluiskil,sailing_to_emitter,5170.6702052718665,idle,brevik,idle,0.0,1,170900.64239152984,0.0,170900.64239152984
iterative_q,9000056,97.0,0.0,1.0,0.0,1.1642287988309739,0,1.0,0,0.0,1.1939075390115137,0,1.0,0,6560.750428338759,1.244731318558046,0,1.0,0,4601.853486144297,idle,celsio,idle,0.0,sailing,yara_sluiskil,sailing_to_emitter,5217.423648297989,idle,brevik,idle,0.0,1,171953.8026157085,0.0,171953.8026157085
iterative_q,9000056,98.0,0.0,1.0,0.0,0.831241117892122,0,1.0,0,0.0,0.9704074985215764,0,1.0,0,6674.204372061092,0.0,1,1.0,0,4652.420503935618,idle,celsio,idle,0.0,sailing,yara_sluiskil,sailing_to_emitter,5260.840977926685,idle,brevik,idle,0.0,1,173106.769084738,0.0,173106.769084738
iterative_q,9000056,99.0,0.0,1.0,0.0,1.338534439634328,0,1.0,0,0.0,1.0269367482164011,0,1.0,0,6674.204372061092,0.0,1,1.0,0,4693.521352736021,idle,celsio,idle,0.0,sailing,yara_sluiskil,sailing_to_emitter,5291.840265906984,idle,brevik,idle,0.0,1,174087.93301103835,0.0,174087.93301103835
iterative_q,9000056,100.0,0.0,1.0,0.0,0.8324034278638137,0,1.0,0,0.0,0.7563182281830699,0,1.0,0,6674.204372061092,0.0,1,1.0,0,4737.016453588316,idle,celsio,idle,0.0,sailing,yara_sluiskil,sailing_to_emitter,5341.757920224278,idle,brevik,idle,0.0,1,175236.41218081609,0.0,175236.41218081609
iterative_q,9000056,101.0,0.0,1.0,0.0,1.0311112796928485,0,1.0,0,0.0,0.7298080994771718,0,1.0,0,6674.204372061092,0.9161595119337564,0,1.0,0,4769.049719189519,idle,celsio,idle,0.0,sailing,yara_sluiskil,sailing_to_emitter,5372.800543147587,idle,brevik,idle,0.0,1,176146.73102057495,0.0,176146.73102057495
iterative_q,9000056,102.0,0.0,1.0,0.0,0.848523709697772,0,1.0,0,0.0,1.0802758129456802,0,1.0,0,6757.7096253941645,0.44952283415502614,0,1.0,0,4799.960169073325,idle,celsio,idle,0.0,sailing,yara_sluiskil,sailing_to_emitter,5411.25352451002,idle,brevik,idle,0.0,1,177106.41037165935,0.0,177106.41037165935
iterative_q,9000056,103.0,0.0,1.0,0.0,0.6360607400257867,0,1.0,0,0.0,0.9486259524893755,0,1.0,0,6798.682283608416,1.0216754084948398,0,1.0,0,4845.714404194402,idle,celsio,idle,0.0,sailing,yara_sluiskil,sailing_to_emitter,5442.8973070848515,idle,brevik,idle,0.0,1,178129.1654445315,0.0,178129.1654445315
iterative_q,9000056,104.0,0.0,1.0,0.0,0.8550801983493301,0,1.0,0,0.0,1.0633885042195526,0,1.0,0,6891.8048646359175,0.6454353548321347,0,1.0,0,4885.892712689343,idle,celsio,idle,0.0,sailing,yara_sluiskil,sailing_to_emitter,5466.617757431084,idle,brevik,idle,0.0,1,179045.9442482831,0.0,179045.9442482831
iterative_q,9000056,105.0,0.0,1.0,0.0,1.1952332514339108,0,1.0,0,0.0,1.2262640525875257,0,1.0,0,6950.634275079899,1.1430336033466237,0,1.0,0,4930.931699088975,idle,celsio,idle,0.0,sailing,yara_sluiskil,sailing_to_emitter,5498.506038382034,idle,brevik,idle,0.0,1,180065.00368380055,0.0,180065.00368380055
iterative_q,9000056,106.0,0.0,1.0,0.0,1.3033922547307326,0,1.0,0,0.0,0.38436518113240914,0,1.0,0,7054.818130317413,1.588668178927422,0,1.0,0,4982.869151645302,idle,celsio,idle,0.0,sailing,yara_sluiskil,sailing_to_emitter,5543.079550510014,idle,brevik,idle,0.0,1,181237.8054248288,0.0,181237.8054248288
iterative_q,9000056,107.0,0.0,1.0,0.0,1.3587411367836164,0,1.0,0,0.0,1.6796177944249426,0,1.0,0,7199.620044647707,1.01834257632051,0,1.0,0,4999.148637549863,idle,celsio,idle,0.0,sailing,yara_sluiskil,sailing_to_emitter,5591.686599432817,idle,brevik,idle,0.0,1,182162.3387886544,0.0,182162.3387886544
iterative_q,9000056,108.0,0.0,1.0,0.0,1.0420789255896885,0,1.0,0,0.0,1.011495415920576,0,1.0,0,7292.438575325172,1.2807005147525552,0,1.0,0,5070.287532412381,idle,celsio,idle,0.0,sailing,yara_sluiskil,sailing_to_emitter,5642.357750840629,idle,brevik,idle,0.0,1,183533.75160215076,0.0,183533.75160215076
iterative_q,9000056,109.0,0.0,1.0,38.86195029536461,0.6752223236363757,0,1.0,0,0.0,1.265804312186594,0,1.0,0,7409.170071582416,1.0822563388415136,0,1.0,0,5113.128627741291,idle,celsio,idle,0.0,sailing,yara_sluiskil,sailing_to_emitter,5642.357750840629,sailing,oygarden_terminal,sailing_to_terminal,0.0,1,184700.35669205774,0.0,184700.35669205774
iterative_q,9000056,110.0,0.0,1.0,64.04281789537282,0.35434712742070545,0,1.3033733810829322,1,0.0,0.9585553066952509,0,1.0,0,7507.813983602837,1.2394366716431018,0,1.0,0,5166.740776993373,idle,celsio,idle,0.0,sailing,yara_sluiskil,sailing_to_emitter,5642.357750840629,sailing,oygarden_terminal,sailing_to_terminal,0.0,1,185951.52021006495,0.0,185951.52021006495
iterative_q,9000056,111.0,0.0,1.0,77.25737901413497,1.1176254276511381,0,1.3033733810829322,1,0.0,0.9026902567740833,0,1.0,0,7620.784254814471,0.8224408249425457,0,1.0,0,5207.33963550109,idle,celsio,idle,0.0,sailing,yara_sluiskil,sailing_to_emitter,5642.357750840629,sailing,oygarden_terminal,sailing_to_terminal,0.0,1,187100.52256375123,0.0,187100.52256375123
iterative_q,9000056,112.0,0.0,1.0,118.936642094148,1.2161226964181069,0,1.3033733810829322,1,0.0,1.103990553757785,0,1.0,0,7695.746773576132,0.8766667439917073,0,1.0,0,5245.572373617595,idle,celsio,idle,0.0,sailing,yara_sluiskil,sailing_to_emitter,5642.357750840629,sailing,oygarden_terminal,sailing_to_terminal,0.0,1,188230.94963015328,0.0,188230.94963015328
iterative_q,9000056,113.0,0.0,1.0,164.28912638138718,1.1391098527002,0,1.3033733810829322,1,0.0,0.9413542353548813,0,1.0,0,7775.651730800692,1.7948378888205396,0,1.0,0,5292.331027993412,idle,celsio,idle,0.0,sailing,yara_sluiskil,sailing_to_emitter,5642.357750840629,sailing,oygarden_terminal,sailing_to_terminal,0.0,1,189428.309615297,0.0,189428.309615297
iterative_q,9000056,114.0,0.0,1.0,206.76958788120257,1.3370114485449598,0,1.3033733810829322,1,0.0,0.83218077934947,0,1.0,0,7939.244498852332,1.0056598708568474,0,1.0,0,5332.201348610148,idle,celsio,idle,0.0,sailing,yara_sluiskil,sailing_to_emitter,5642.357750840629,sailing,oygarden_terminal,sailing_to_terminal,0.0,1,190571.5925640567,0.0,190571.5925640567
iterative_q,9000056,115.0,0.0,1.0,256.63032130306897,1.4109141493937563,0,1.3033733810829322,1,0.0,0.6630546181879559,0,1.0,0,8030.906571556445,1.0608977502447354,0,1.0,0,5367.447713089764,idle,celsio,idle,0.0,sailing,yara_sluiskil,sailing_to_emitter,5642.357750840629,sailing,oygarden_terminal,sailing_to_terminal,0.0,1,191678.575029563,0.0,191678.575029563
iterative_q,9000056,116.0,0.0,1.0,309.2470756638269,1.322277956891903,0,1.3033733810829322,1,0.0,1.5356489078883206,0,1.0,0,8127.603295816959,0.9464065997686345,0,1.0,0,5395.530871608295,idle,celsio,idle,0.0,sailing,yara_sluiskil,sailing_to_emitter,5642.357750840629,sailing,oygarden_terminal,sailing_to_terminal,0.0,1,192729.32256759168,0.0,192729.32256759168
iterative_q,9000056,117.0,0.0,1.0,358.5583419025251,1.5824472732723378,0,1.3033733810829322,1,0.0,0.0,1,1.0,0,8213.864531383088,1.1056897155619039,0,1.0,0,5460.5720771531605,idle,celsio,idle,0.0,sailing,yara_sluiskil,sailing_to_emitter,5642.357750840629,sailing,oygarden_terminal,sailing_to_terminal,0.0,1,194070.21017775178,0.0,194070.21017775178
iterative_q,9000056,118.0,0.0,1.0,417.57200528525567,1.038839292431292,0,1.3033733810829322,1,0.0,1.431094353480431,0,1.0,0,8314.643721774934,0.9459276158818004,0,1.0,0,5460.5720771531605,sailing,yara_sluiskil,sailing_to_emitter,0.0,sailing,yara_sluiskil,sailing_to_emitter,5642.357750840629,sailing,oygarden_terminal,sailing_to_terminal,0.0,1,195315.6301777518,0.0,195315.6301777518
iterative_q,9000056,119.0,0.0,1.0,456.3130764629828,1.4103606642031403,0,1.3033733810829322,1,60.61287936369053,0.9620350373272233,0,1.0,0,8400.861172145307,1.188868904941554,0,1.0,0,5460.5720771531605,sailing,yara_sluiskil,sailing_to_emitter,0.0,sailing,yara_sluiskil,sailing_to_emitter,5642.357750840629,sailing,oygarden_terminal,sailing_to_terminal,0.0,1,196561.05017775178,0.0,196561.05017775178
iterative_q,9000056,120.0,0.0,1.0,508.90915462471406,1.639188233936159,0,1.3033733810829322,1,101.3591191342158,1.2811562724907342,0,1.0,0,8509.221652102333,0.6218911339728488,0,1.0,0,5460.5720771531605,sailing,yara_sluiskil,sailing_to_emitter,0.0,loading,yara_sluiskil,loading,5642.357750840629,sailing,oygarden_terminal,sailing_to_terminal,0.0,1,197391.33017775178,0.0,197391.33017775178
iterative_q,9000056,121.0,0.0,1.0,570.0388080467545,1.6156750107282383,0,1.3033733810829322,1,155.6214886290432,0.8227300079206267,0,1.0,0,7765.904413289849,0.7998330885571621,0,1.0,0,5460.5720771531605,sailing,yara_sluiskil,sailing_to_emitter,800.0,loading,yara_sluiskil,loading,5642.357750840629,sailing,oygarden_terminal,sailing_to_terminal,0.0,1,204502.0301777518,0.0,204502.0301777518
iterative_q,9000056,122.0,0.0,1.0,630.2915816534388,2.2499920603283843,0,1.3033733810829322,1,190.46757309419513,0.5719793220725076,0,1.0,0,7038.805781625047,1.283054361521506,0,1.0,0,5460.5720771531605,sailing,yara_sluiskil,sailing_to_emitter,1600.0,loading,yara_sluiskil,loading,5642.357750840629,sailing,oygarden_terminal,sailing_to_terminal,0.0,1,211612.73017775177,0.0,211612.73017775177
iterative_q,9000056,123.0,0.0,1.0,714.1996940622347,1.3949156519167316,0,1.3033733810829322,1,214.6933088487877,0.7971742658704247,0,1.0,0,6355.750618221803,1.0513975665370936,0,1.0,0,5460.5720771531605,sailing,yara_sluiskil,sailing_to_emitter,2400.0,loading,yara_sluiskil,loading,5642.357750840629,sailing,oygarden_terminal,sailing_to_terminal,0.0,1,218723.43017775178,0.0,218723.43017775178
iterative_q,9000056,124.0,0.0,1.0,766.2197534012176,1.2328060554505966,0,1.3033733810829322,1,248.4569998951051,0.49346816760978995,0,1.0,0,5651.580872902583,0.4354388348478887,0,1.0,0,5460.5720771531605,sailing,yara_sluiskil,sailing_to_emitter,3200.0,loading,yara_sluiskil,loading,5642.357750840629,sailing,oygarden_terminal,sailing_to_terminal,0.0,1,225834.13017775177,0.0,225834.13017775177
iterative_q,9000056,125.0,0.0,1.0,812.1943125311933,0.8325737579459016,0,1.3033733810829322,1,269.3574572551743,1.104661722385295,0,1.0,0,4891.269174545621,0.9843904962756269,0,1.0,0,5460.5720771531605,sailing,yara_sluiskil,sailing_to_emitter,4000.0,loading,yara_sluiskil,loading,5642.357750840629,sailing,oygarden_terminal,sailing_to_terminal,0.0,1,232944.83017775178,0.0,232944.83017775178
iterative_q,9000056,126.0,0.0,1.0,843.243158484783,1.3828089488882713,0,1.3033733810829322,1,316.14453845201314,1.0739914266373358,0,1.0,0,4180.991898163901,1.0793891746905906,0,1.0,0,5460.5720771531605,sailing,yara_sluiskil,sailing_to_emitter,4800.0,loading,yara_sluiskil,loading,5642.357750840629,sailing,oygarden_terminal,sailing_to_terminal,0.0,1,240055.5301777518,0.0,240055.5301777518
iterative_q,9000056,127.0,0.0,1.0,894.8117008749026,0.5109632276309799,0,1.3033733810829322,1,361.632603317959,1.2075831781550639,0,1.0,0,3479.373247611631,1.253657855708127,0,1.0,0,5460.5720771531605,sailing,yara_sluiskil,sailing_to_emitter,5600.0,loading,yara_sluiskil,loading,5642.357750840629,sailing,oygarden_terminal,sailing_to_terminal,0.0,1,247166.23017775177,0.0,247166.23017775177
iterative_q,9000056,128.0,0.0,1.0,913.8668455828375,1.4743191376341505,0,1.3033733810829322,1,412.7788420835051,0.9416416443602409,0,1.0,0,2793.6383003089513,0.920830466006019,0,1.0,0,5460.5720771531605,sailing,yara_sluiskil,sailing_to_emitter,6400.0,loading,yara_sluiskil,loading,5642.357750840629,sailing,oygarden_terminal,sailing_to_terminal,0.0,1,254276.93017775178,0.0,254276.93017775178
iterative_q,9000056,129.0,0.0,1.0,968.8480232374624,0.0,1,1.3033733810829322,1,452.6613356833339,1.1341064263636758,0,1.0,0,2077.56763070733,1.3315147662171387,0,1.0,0,5460.5720771531605,sailing,yara_sluiskil,sailing_to_emitter,7200.0,loading,yara_sluiskil,loading,5642.357750840629,sailing,oygarden_terminal,sailing_to_terminal,0.0,1,261387.63017775177,0.0,261387.63017775177
iterative_q,9000056,130.0,0.0,1.0,968.8480232374624,0.0,1,1.3033733810829322,1,500.6955242325291,0.6613864975859622,0,1.0,0,1898.9287983935114,0.6842923423484389,0,1.0,0,5460.5720771531605,sailing,yara_sluiskil,sailing_to_emitter,7500.0,idle,yara_sluiskil,idle,5642.357750840629,sailing,oygarden_terminal,sailing_to_terminal,0.0,1,264573.06767775177,0.0,264573.06767775177
iterative_q,9000056,131.0,0.0,1.0,968.8480232374624,0.0,1,1.3033733810829322,1,528.7080308107685,0.750656554810069,0,1.0,0,1961.2987087891104,1.0186328028713583,0,1.0,0,5460.5720771531605,sailing,yara_sluiskil,sailing_to_emitter,7500.0,sailing,oygarden_terminal,sailing_to_terminal,5642.357750840629,sailing,oygarden_terminal,sailing_to_terminal,0.0,1,265818.48767775175,0.0,265818.48767775175
iterative_q,9000056,132.0,0.0,1.0,968.8480232374624,0.0,1,1.3033733810829322,1,560.50150067501,1.0880684131432865,0,1.0,0,2054.14205366889,1.43974040386037,0,1.0,0,5460.5720771531605,sailing,yara_sluiskil,sailing_to_emitter,7500.0,sailing,oygarden_terminal,sailing_to_terminal,5642.357750840629,sailing,oygarden_terminal,sailing_to_terminal,0.0,1,267063.90767775173,0.0,267063.90767775173
iterative_q,9000056,133.0,0.0,1.0,968.8480232374624,0.4703016095938627,0,1.3033733810829322,1,606.585785268058,1.20349744756388,0,1.0,0,2185.3671783813397,1.3188266523375645,0,1.0,0,5460.5720771531605,sailing,yara_sluiskil,sailing_to_emitter,7500.0,sailing,oygarden_terminal,sailing_to_terminal,5642.357750840629,sailing,oygarden_terminal,sailing_to_terminal,0.0,1,268309.3276777517,0.0,268309.3276777517
iterative_q,9000056,134.0,0.0,1.0,986.3867728204333,0.6432198160221672,0,1.3033733810829322,1,657.5589761176273,1.0386077580760564,0,1.0,0,2305.5715320589948,0.8023223625967106,0,1.0,0,5460.5720771531605,sailing,yara_sluiskil,sailing_to_emitter,7500.0,sailing,oygarden_terminal,sailing_to_terminal,5642.357750840629,sailing,oygarden_terminal,sailing_to_terminal,0.0,1,269554.74767775176,0.0,269554.74767775176
iterative_q,9000056,135.0,0.0,1.0,1010.3740806136506,1.9119775619670805,0,1.3033733810829322,1,701.5483934424562,1.4489661603558024,0,1.0,0,2378.699088263452,0.9403286909755888,0,1.0,0,5460.5720771531605,sailing,yara_sluiskil,sailing_to_emitter,7500.0,sailing,oygarden_terminal,sailing_to_terminal,5642.357750840629,unloading,oygarden_terminal,unloading,0.0,1,270385.0276777517,0.0,270385.0276777517
iterative_q,9000056,136.0,0.0,1.0,1081.6765898822982,0.8663975053039247,0,1.3033733810829322,1,762.9182191748565,1.3065667004020491,0,1.0,0,2464.405148393068,0.9852926825784606,0,1.0,0,5460.5720771531605,sailing,yara_sluiskil,sailing_to_emitter,7500.0,sailing,oygarden_terminal,sailing_to_terminal,4842.357750840629,unloading,oygarden_terminal,unloading,514.6118721461187,1,271356.7368101718,0.0,271356.7368101718
iterative_q,9000056,137.0,0.0,1.0,1113.9867526383475,1.4871978808224748,0,1.3033733810829322,1,818.2568274220922,0.7346600631942557,0,1.0,0,2554.209376035316,1.3879724715893185,0,1.0,0,5460.5720771531605,sailing,yara_sluiskil,sailing_to_emitter,7500.0,sailing,oygarden_terminal,sailing_to_terminal,4042.357750840629,unloading,oygarden_terminal,unloading,1029.2237442922374,1,272328.44594259193,0.0,272328.44594259193
iterative_q,9000056,138.0,0.0,1.0,1169.4481286864498,0.9245713335247766,0,1.3033733810829322,1,849.3727784251954,1.0234518252246052,0,1.0,0,2680.715648107822,0.4787563330807064,0,1.0,0,5460.5720771531605,sailing,yara_sluiskil,sailing_to_emitter,7500.0,sailing,oygarden_terminal,sailing_to_terminal,3242.357750840629,unloading,oygarden_terminal,unloading,1543.835616438356,1,273300.15507501207,0.0,273300.15507501207
iterative_q,9000056,139.0,0.0,1.0,1203.927729180777,1.7560553777410175,0,1.3033733810829322,1,892.7202780963526,0.853992695003279,0,1.0,0,2724.3516968388535,1.2126665122259586,0,1.0,0,5460.5720771531605,sailing,yara_sluiskil,sailing_to_emitter,7500.0,sailing,oygarden_terminal,sailing_to_terminal,2442.357750840629,unloading,oygarden_terminal,unloading,2058.4474885844747,1,274271.8642074321,0.0,274271.8642074321
iterative_q,9000056,140.0,0.0,1.0,1269.4154594762915,0.8168077728076468,0,1.3033733810829322,1,928.8904691629435,1.401042337578901,0,1.0,0,2834.879605228429,0.8940523371580887,0,1.0,0,5460.5720771531605,sailing,yara_sluiskil,sailing_to_emitter,7500.0,sailing,oygarden_terminal,sailing_to_terminal,1642.3577508406288,unloading,oygarden_terminal,unloading,2573.0593607305937,1,275243.57333985216,0.0,275243.57333985216
iterative_q,9000056,141.0,0.0,1.0,1299.8762747790295,1.249017939549611,0,1.3033733810829322,1,988.2305189539052,1.226038213248335,0,1.0,0,2916.367517346127,1.59142863728775,0,1.529065797533511,1,5460.5720771531605,sailing,yara_sluiskil,sailing_to_emitter,7500.0,sailing,oygarden_terminal,sailing_to_terminal,842.3577508406288,unloading,oygarden_terminal,unloading,3088.661880386732,1,276214.8763067932,0.0,276214.8763067932
iterative_q,9000056,142.0,0.0,1.0,1346.4552862818268,0.9025608446114644,0,1.3033733810829322,1,1040.1584062620793,1.107423138294551,0,1.0,0,3061.417304945964,1.6511625911517653,0,1.529065797533511,1,5460.5720771531605,sailing,yara_sluiskil,sailing_to_emitter,7500.0,sailing,oygarden_terminal,sailing_to_terminal,42.357750840628796,unloading,oygarden_terminal,unloading,3607.3166160715145,1,277184.92786516243,0.0,277184.92786516243
iterative_q,9000056,143.0,0.0,1.0,1380.1140383846216,0.9490211519338971,0,1.3033733810829322,1,1087.0624450648047,0.8781185750439472,0,1.0,0,3211.911394874767,1.1677960068726843,0,1.529065797533511,1,5460.5720771531605,sailing,yara_sluiskil,sailing_to_emitter,7500.0,sailing,oygarden_terminal,sailing_to_terminal,0.0,idle,oygarden_terminal,idle,3370.8151592778972,1,278130.8331106369,0.0,278130.8331106369
iterative_q,9000056,144.0,0.0,1.0,1415.5054049480107,1.188209086529824,0,1.3033733810829322,1,1124.2544688658284,1.7850106554255531,0,1.0,0,3318.349288409765,0.5580249357476738,0,1.529065797533511,1,5460.5720771531605,sailing,yara_sluiskil,sailing_to_emitter,7500.0,sailing,oygarden_terminal,sailing_to_terminal,0.0,sailing,yara_sluiskil,sailing_to_emitter,3094.060029178117,1,279489.7227139778,0.0,279489.7227139778
iterative_q,9000056,145.0,0.0,1.0,1459.8166792371242,1.0685133635313633,0,1.3033733810829322,1,1199.8571957280237,0.6304678659207166,0,1.0,0,3369.210016388164,1.553972314812146,0,1.529065797533511,1,5460.5720771531605,sailing,yara_sluiskil,sailing_to_emitter,7500.0,sailing,oygarden_terminal,sailing_to_terminal,0.0,sailing,yara_sluiskil,sailing_to_emitter,2819.127253092513,1,280847.8651521729,0.0,280847.8651521729
iterative_q,9000056,146.0,0.0,1.0,1499.6641956818903,1.3925817958089761,0,1.3033733810829322,1,1226.5601679022889,1.4168140243021066,0,1.0,0,3510.8454524181357,0.8866575180621294,0,1.529065797533511,1,5460.5720771531605,sailing,yara_sluiskil,sailing_to_emitter,7500.0,sailing,oygarden_terminal,sailing_to_terminal,0.0,sailing,yara_sluiskil,sailing_to_emitter,2545.799224479891,1,282205.3496439041,0.0,282205.3496439041
iterative_q,9000056,147.0,0.0,1.0,1551.5970202727153,1.2362102202012322,0,1.3033733810829322,1,1286.5682151194096,1.4574761556687046,0,1.0,0,3591.659010463924,2.6690899633696215,0,1.529065797533511,1,5460.5720771531605,sailing,yara_sluiskil,sailing_to_emitter,7500.0,sailing,oygarden_terminal,sailing_to_terminal,0.0,sailing,yara_sluiskil,sailing_to_emitter,2273.9025628790996,1,283562.2472751604,0.0,283562.2472751604
iterative_q,9000056,148.0,0.0,1.0,1597.6983540594733,1.5304303644951014,0,1.3033733810829322,1,1348.2984750314515,1.412362057580346,0,1.0,0,3834.9305033798455,1.5890210021776439,0,1.529065797533511,1,5460.5720771531605,sailing,yara_sluiskil,sailing_to_emitter,7500.0,sailing,oygarden_terminal,sailing_to_terminal,0.0,sailing,yara_sluiskil,sailing_to_emitter,2003.295883380123,1,284918.616013755,0.0,284918.616013755
iterative_q,9000056,149.0,0.0,1.0,1654.7718733319139,1.1363834176656984,0,1.3033733810829322,1,1408.1179626884139,1.2981427103511778,0,1.0,0,3979.7601017135817,1.103660566641296,0,1.529065797533511,1,5460.5720771531605,sailing,yara_sluiskil,sailing_to_emitter,7500.0,sailing,oygarden_terminal,sailing_to_terminal,0.0,sailing,yara_sluiskil,sailing_to_emitter,1733.8617576234162,1,286274.5040053152,0.0,286274.5040053152
iterative_q,9000056,150.0,0.0,1.0,1697.1504042071083,1.5897394659033925,0,1.3033733810829322,1,1463.0997794414532,0.31335052091818993,0,1.0,0,4080.351974850451,0.5586003406166492,0,1.529065797533511,1,5460.5720771531605,sailing,yara_sluiskil,sailing_to_emitter,7500.0,sailing,oygarden_terminal,sailing_to_terminal,0.0,sailing,yara_sluiskil,sailing_to_emitter,1465.5011783228952,1,287629.9518428284,0.0,287629.9518428284
iterative_q,9000056,151.0,0.0,1.0,1756.4356869318162,1.2605320354308454,0,1.3033733810829322,1,1476.3714950881347,1.1663905757905182,0,1.0,0,4131.264923079341,1.0076506274623858,0,1.529065797533511,1,5460.5720771531605,sailing,yara_sluiskil,sailing_to_emitter,7500.0,sailing,oygarden_terminal,sailing_to_terminal,0.0,sailing,yara_sluiskil,sailing_to_emitter,1198.1296109302111,1,288984.99418545945,0.0,288984.99418545945
iterative_q,9000056,152.0,0.0,1.0,1803.4440097943911,1.5590395032674713,0,1.3033733810829322,1,1525.7730534755306,1.2216922572651063,0,1.0,0,4223.105945695995,1.0209594281003924,0,1.0,0,5460.5720771531605,sailing,yara_sluiskil,sailing_to_emitter,7500.0,sailing,oygarden_terminal,sailing_to_terminal,0.0,sailing,yara_sluiskil,sailing_to_emitter,931.6740970672142,1,290339.6609461432,0.0,290339.6609461432
iterative_q,9000056,153.0,0.0,1.0,1861.5843969276232,1.7510060146315956,0,1.3033733810829322,1,1577.5168712252644,0.9786589239142017,0,1.0,0,4316.159913454017,0.9577726963223094,0,1.0,0,5460.5720771531605,sailing,yara_sluiskil,sailing_to_emitter,7500.0,sailing,oygarden_terminal,sailing_to_terminal,0.0,sailing,yara_sluiskil,sailing_to_emitter,666.0710796722856,1,291693.9781832752,0.0,291693.9781832752
iterative_q,9000056,154.0,0.0,1.0,1926.883671410869,1.8035765658664429,0,1.3033733810829322,1,1618.967202679054,0.666784682654872,0,1.0,0,4403.454747738631,0.6871034762707713,0,1.0,0,5460.5720771531605,sailing,yara_sluiskil,sailing_to_emitter,7500.0,sailing,oygarden_terminal,sailing_to_terminal,0.0,sailing,yara_sluiskil,sailing_to_emitter,401.264737699455,1,293047.968783484,0.0,293047.968783484
iterative_q,9000056,155.0,0.0,1.0,1994.143418832354,1.2615748427767255,0,1.3033733810829322,1,1647.2083451537098,1.0830669182874466,0,1.0,0,4466.079773734668,1.030242177605527,0,1.0,0,5460.5720771531605,sailing,yara_sluiskil,sailing_to_emitter,7500.0,sailing,oygarden_terminal,sailing_to_terminal,0.0,sailing,yara_sluiskil,sailing_to_emitter,137.205689294801,1,294401.6529933299,0.0,294401.6529933299
iterative_q,9000056,156.0,0.0,1.0,2041.1905989921925,1.7767421558992664,0,1.3033733810829322,1,1693.0807953533108,1.299330488599406,0,1.0,0,4559.979598076665,0.9469447052948223,0,1.0,0,5460.5720771531605,sailing,yara_sluiskil,sailing_to_emitter,7500.0,sailing,oygarden_terminal,sailing_to_terminal,0.0,sailing,yara_sluiskil,sailing_to_emitter,0.0,1,295703.3273259408,0.0,295703.3273259408
iterative_q,9000056,157.0,0.0,1.0,2107.4496048179826,1.2733773420949865,0,1.3033733810829322,1,1748.1129195228357,0.5308836508655804,0,1.0,0,4646.2873401372835,1.2393768288006692,0,1.0,0,5460.5720771531605,sailing,yara_sluiskil,sailing_to_emitter,7500.0,sailing,oygarden_terminal,sailing_to_terminal,0.0,sailing,yara_sluiskil,sailing_to_emitter,0.0,1,296948.74732594076,0.0,296948.74732594076
iterative_q,9000056,158.0,0.0,1.0,2154.9369134707217,1.7058716786970438,0,1.3033733810829322,1,1770.598080342465,0.4953087540795367,0,1.0,0,4759.248251608988,0.5916210887006708,0,1.0,0,5460.5720771531605,sailing,yara_sluiskil,sailing_to_emitter,7500.0,sailing,oygarden_terminal,sailing_to_terminal,0.0,sailing,yara_sluiskil,sailing_to_emitter,0.0,1,298194.1673259408,0.0,298194.1673259408
iterative_q,9000056,159.0,0.0,1.0,2218.5529658731066,0.6590090128797422,0,1.3033733810829322,1,1791.5764942994406,1.0007132610955372,0,1.0,0,4813.170518626842,0.0,1,1.0,0,5460.5720771531605,sailing,yara_sluiskil,sailing_to_emitter,7500.0,sailing,oygarden_terminal,sailing_to_terminal,0.0,sailing,yara_sluiskil,sailing_to_emitter,0.0,1,299439.5873259408,0.0,299439.5873259408
iterative_q,9000056,160.0,0.0,0.7176636156271883,2243.128990948987,2.1447650086926964,0,1.3033733810829322,1,1833.9609199139454,0.779371111198033,0,1.0,0,4813.170518626842,0.0,1,1.0,0,5460.5720771531605,sailing,yara_sluiskil,sailing_to_emitter,7500.0,sailing,oygarden_terminal,sailing_to_terminal,0.0,sailing,yara_sluiskil,sailing_to_emitter,0.0,1,300685.00732594077,0.0,300685.00732594077
iterative_q,9000056,161.0,0.0,0.7176636156271883,2323.1124041115086,1.6709210795866014,0,1.3033733810829322,1,1866.970572301787,0.41261779449859837,0,1.0,0,4813.170518626842,0.0,1,1.0,0,5460.5720771531605,loading,yara_sluiskil,loading,7500.0,sailing,oygarden_terminal,sailing_to_terminal,0.0,sailing,yara_sluiskil,sailing_to_emitter,0.0,1,301515.2873259408,0.0,301515.2873259408
iterative_q,9000056,162.0,0.0,0.7176636156271883,2385.4250346451468,1.0529254445335055,0,1.3033733810829322,1,1884.4466754954242,1.3884489815299257,0,1.0,0,4013.170518626842,0.0,1,1.0,0,6260.5720771531605,loading,yara_sluiskil,loading,7500.0,sailing,oygarden_terminal,sailing_to_terminal,0.0,sailing,yara_sluiskil,sailing_to_emitter,0.0,1,308625.98732594075,0.0,308625.98732594075
iterative_q,9000056,163.0,0.0,0.7176636156271883,2424.691127275583,1.051187144257599,0,1.3033733810829322,1,1943.2533435641226,0.9270401210403912,0,1.0,0,3213.170518626842,0.0,1,1.0,0,7060.5720771531605,loading,yara_sluiskil,loading,7500.0,sailing,oygarden_terminal,sailing_to_terminal,0.0,sailing,yara_sluiskil,sailing_to_emitter,0.0,1,315736.6873259408,0.0,315736.6873259408
iterative_q,9000056,164.0,0.0,0.7176636156271883,2463.892388249668,1.1850985537586198,0,1.3033733810829322,1,1982.5174010913336,1.0979990637065071,0,1.0,0,2773.7425957800024,0.0,1,1.0,0,7500.0,idle,yara_sluiskil,idle,7500.0,sailing,oygarden_terminal,sailing_to_terminal,0.0,sailing,yara_sluiskil,sailing_to_emitter,0.0,1,320016.707219948,0.0,320016.707219948
iterative_q,9000056,165.0,0.0,0.7176636156271883,2508.0875160774062,0.8616312894440585,0,1.3033733810829322,1,2029.0222906033566,0.3232577144796912,0,1.0,0,2773.7425957800024,0.8961084686938067,0,1.0,0,7500.0,sailing,oygarden_terminal,sailing_to_terminal,7500.0,sailing,oygarden_terminal,sailing_to_terminal,0.0,sailing,yara_sluiskil,sailing_to_emitter,0.0,1,321262.127219948,0.0,321262.127219948
iterative_q,9000056,166.0,0.0,0.7176636156271883,2540.219779448987,0.9928230352282329,0,1.3033733810829322,1,2042.7136176660958,1.163326066101989,0,1.0,0,2855.416411006082,1.2940588264903394,0,1.0,0,7500.0,sailing,oygarden_terminal,sailing_to_terminal,7500.0,sailing,oygarden_terminal,sailing_to_terminal,0.0,sailing,yara_sluiskil,sailing_to_emitter,0.0,1,322507.54721994797,0.0,322507.54721994797
iterative_q,9000056,167.0,0.0,0.7176636156271883,2577.24448654525,0.7859673924816604,0,1.3033733810829322,1,2091.98538114821,0.8524397016198711,0,1.6153355453045135,1,2973.3604393518312,1.1214681780684734,0,1.0,0,7500.0,sailing,oygarden_terminal,sailing_to_terminal,7500.0,sailing,oygarden_terminal,sailing_to_terminal,0.0,sailing,yara_sluiskil,sailing_to_emitter,0.0,1,323752.967219948,0.0,323752.967219948
iterative_q,9000056,168.0,0.0,0.7176636156271883,2606.5550544903936,1.1404243656116797,0,1.3033733810829322,1,2128.0897963975935,1.7235613782304267,0,1.6153355453045135,1,3075.574013141387,0.9916241963858473,0,1.0,0,7500.0,sailing,oygarden_terminal,sailing_to_terminal,7500.0,sailing,oygarden_terminal,sailing_to_terminal,0.0,sailing,yara_sluiskil,sailing_to_emitter,0.0,1,324998.387219948,0.0,324998.387219948
iterative_q,9000056,169.0,0.0,0.7176636156271883,2649.084147677069,1.2078182954282737,0,1.3033733810829322,1,2201.0898873004226,1.2317499377505845,0,1.6153355453045135,1,3165.953196823923,1.3036736203068315,0,1.0,0,7500.0,sailing,oygarden_terminal,sailing_to_terminal,7500.0,sailing,oygarden_terminal,sailing_to_terminal,0.0,sailing,yara_sluiskil,sailing_to_emitter,0.0,1,326243.807219948,0.0,326243.807219948
iterative_q,9000056,170.0,0.0,0.7176636156271883,2694.1265109614906,1.679113686636837,0,1.3033733810829322,1,2253.2596902218975,1.1008012270642633,0,1.6153355453045135,1,3284.773281495801,0.9354975061215646,0,1.0,0,7500.0,sailing,oygarden_terminal,sailing_to_terminal,7500.0,sailing,oygarden_terminal,sailing_to_terminal,0.0,sailing,yara_sluiskil,sailing_to_emitter,0.0,1,327489.22721994796,0.0,327489.22721994796
iterative_q,9000056,171.0,0.0,0.7176636156271883,2756.7445693128407,0.942297462768765,0,1.3033733810829322,1,2299.8832631660425,2.754632260317051,0,1.6153355453045135,1,3370.03680868863,1.390699679253771,0,1.0,0,7500.0,sailing,oygarden_terminal,sailing_to_terminal,7500.0,sailing,oygarden_terminal,sailing_to_terminal,0.0,sailing,yara_sluiskil,sailing_to_emitter,0.0,1,328734.64721994795,0.0,328734.64721994795
iterative_q,9000056,172.0,0.0,0.7176636156271883,2791.8850297141967,1.3344445417828201,0,1.3033733810829322,1,2416.5535529200793,2.819571805930513,0,1.6153355453045135,1,3496.788480367557,0.5018447837950055,0,1.0,0,7500.0,sailing,oygarden_terminal,sailing_to_terminal,7500.0,sailing,oygarden_terminal,sailing_to_terminal,0.0,sailing,yara_sluiskil,sailing_to_emitter,0.0,1,329980.067219948,0.0,329980.067219948
iterative_q,9000056,173.0,0.0,0.7176636156271883,2841.6495559163923,1.4865187774233,0,1.3033733810829322,1,2535.9743062159705,2.2934795490230235,0,1.6153355453045135,1,3542.5277722203946,1.6014466167465735,0,1.0,0,7500.0,sailing,oygarden_terminal,sailing_to_terminal,7500.0,sailing,oygarden_terminal,sailing_to_terminal,0.0,sailing,yara_sluiskil,sailing_to_emitter,0.0,1,331225.487219948,0.0,331225.487219948
iterative_q,9000056,174.0,0.0,0.7176636156271883,2897.085273498364,0.959302544447332,0,1.3033733810829322,1,2633.112834426874,1.0461145711825637,0,1.6153355453045135,1,3688.4872057125453,0.8125444340375079,0,1.0,0,7500.0,sailing,oygarden_terminal,sailing_to_terminal,7500.0,sailing,oygarden_terminal,sailing_to_terminal,0.0,sailing,yara_sluiskil,sailing_to_emitter,0.0,1,332470.90721994796,0.0,332470.90721994796
iterative_q,9000056,175.0,0.0,0.7176636156271883,2932.859874654565,1.7271695543680723,0,1.3033733810829322,1,2677.4201969354876,2.2804558362673593,0,1.6153355453045135,1,3762.5442719023235,1.1777083715232022,0,1.0,0,7500.0,sailing,oygarden_terminal,sailing_to_terminal,7500.0,sailing,oygarden_terminal,sailing_to_terminal,0.0,sailing,yara_sluiskil,sailing_to_emitter,0.0,1,333716.327219948,0.0,333716.327219948
iterative_q,9000056,176.0,0.0,0.7176636156271883,2997.269994645417,1.2130508293515185,0,1.3033733810829322,1,2774.007116003216,1.8242660542771956,0,1.6153355453045135,1,3869.883094314487,0.7909129182774948,0,1.0,0,7500.0,sailing,oygarden_terminal,sailing_to_terminal,7500.0,sailing,oygarden_terminal,sailing_to_terminal,0.0,sailing,yara_sluiskil,sailing_to_emitter,0.0,1,334961.747219948,0.0,334961.747219948
iterative_q,9000056,177.0,0.0,0.7176636156271883,3042.507439171385,1.021063411926454,0,1.3033733810829322,1,2851.27247450754,0.8576259832805548,0,1.6153355453045135,1,3941.9685111486515,0.7589231662960049,0,1.0,0,7500.0,sailing,oygarden_terminal,sailing_to_terminal,7500.0,sailing,oygarden_terminal,sailing_to_terminal,0.0,sailing,yara_sluiskil,sailing_to_emitter,0.0,1,336207.16721994797,0.0,336207.16721994797
iterative_q,9000056,178.0,0.0,0.7176636156271883,3080.5852259109556,1.1277252416441237,0,1.3033733810829322,1,2887.5965506506172,1.9578127236373966,0,1.6153355453045135,1,4011.1382658802763,0.9034567270371906,0,1.0,0,7500.0,sailing,oygarden_terminal,sailing_to_terminal,7500.0,sailing,oygarden_terminal,sailing_to_terminal,0.0,sailing,yara_sluiskil,sailing_to_emitter,0.0,1,337452.58721994795,0.0,337452.58721994795
iterative_q,9000056,179.0,0.0,0.7176636156271883,3122.6406691299653,1.3717192831950737,0,1.3033733810829322,1,2970.5181736351037,1.5054753010159452,0,1.0,0,4093.4810339709675,0.6061265181830932,0,1.0,0,7500.0,sailing,oygarden_terminal,sailing_to_terminal,7500.0,sailing,oygarden_terminal,sailing_to_terminal,0.0,sailing,yara_sluiskil,sailing_to_emitter,0.0,1,338698.00721994793,0.0,338698.00721994793
iterative_q,9000056,180.0,0.0,0.7176636156271883,3173.795197746521,1.6326318114316858,0,1.3033733810829322,1,3034.2813997169983,0.7707989897540086,0,1.0,0,4148.724519504842,1.29567886996541,0,1.0,0,7500.0,sailing,oygarden_terminal,sailing_to_terminal,7500.0,unloading,oygarden_terminal,unloading,0.0,sailing,yara_sluiskil,sailing_to_emitter,0.0,1,339528.28721994796,0.0,339528.28721994796
iterative_q,9000056,181.0,0.0,0.7176636156271883,3234.679737538493,0.7914108498350179,0,1.3033733810829322,1,3066.9279866216216,1.2959536525658102,0,1.0,0,4266.814987656447,0.31161535694493103,0,1.0,0,7500.0,sailing,oygarden_terminal,sailing_to_terminal,6700.0,unloading,oygarden_terminal,unloading,0.0,sailing,yara_sluiskil,sailing_to_emitter,514.6118721461187,1,340499.9963523681,0.0,340499.9963523681
iterative_q,9000056,182.0,0.0,0.7176636156271883,3264.1932367173617,0.862104183641818,0,1.3033733810829322,1,3121.817087548383,0.6721480485769686,0,1.0,0,4295.2161425925915,1.623367438561509,0,1.0,0,7500.0,sailing,oygarden_terminal,sailing_to_terminal,5900.0,unloading,oygarden_terminal,unloading,0.0,sailing,yara_sluiskil,sailing_to_emitter,1029.2237442922374,1,341471.7054847881,0.0,341471.7054847881
iterative_q,9000056,183.0,0.0,0.7176636156271883,3296.3430440460907,1.5128788487661784,0,1.3033733810829322,1,3150.28539118179,0.5496833826330372,0,1.0,0,4443.1725100189515,1.3272716934211548,0,1.0,0,7500.0,sailing,oygarden_terminal,sailing_to_terminal,5100.0,unloading,oygarden_terminal,unloading,0.0,sailing,yara_sluiskil,sailing_to_emitter,1543.835616438356,1,342443.41461720824,0.0,342443.41461720824
iterative_q,9000056,184.0,0.0,0.7176636156271883,3352.7616957553546,1.3686877234311592,0,1.3033733810829322,1,3173.5667999014404,0.6716006158376647,0,1.0,0,4564.142137301186,1.0491362652692517,0,1.0,0,7500.0,sailing,oygarden_terminal,sailing_to_terminal,4300.0,unloading,oygarden_terminal,unloading,0.0,sailing,yara_sluiskil,sailing_to_emitter,2058.4474885844747,1,343415.1237496283,0.0,343415.1237496283
iterative_q,9000056,185.0,0.0,0.7176636156271883,3403.803128191291,1.3895516242690436,0,1.3033733810829322,1,3202.011917450362,0.600574519690343,0,1.0,0,4659.761994418769,1.0422931129035629,0,1.0,0,7500.0,sailing,oygarden_terminal,sailing_to_terminal,3500.0,unloading,oygarden_terminal,unloading,0.0,sailing,yara_sluiskil,sailing_to_emitter,2576.8708594495847,1,344385.27016757365,0.0,344385.27016757365
iterative_q,9000056,186.0,0.0,0.7176636156271883,3455.6226139081637,1.6152605068482462,0,1.3033733810829322,1,3227.448780381423,0.8547714212258866,0,1.0,0,4754.758086504003,1.0125801164249695,0,1.0,0,7500.0,sailing,oygarden_terminal,sailing_to_terminal,2700.0,unloading,oygarden_terminal,unloading,0.0,sailing,yara_sluiskil,sailing_to_emitter,3098.6208144535362,1,345354.05268602195,0.0,345354.05268602195
iterative_q,9000056,187.0,0.0,0.7176636156271883,3515.8592786242043,1.8225382345697296,0,1.3033733810829322,1,3263.651953786651,1.3850486842893859,0,1.0,0,4847.046025549734,0.873985031536261,0,1.0,0,7500.0,sailing,oygarden_terminal,sailing_to_terminal,1900.0,unloading,oygarden_terminal,unloading,0.0,sailing,yara_sluiskil,sailing_to_emitter,3623.0279390325477,1,346321.7457649446,0.0,346321.7457649446
iterative_q,9000056,188.0,0.0,0.7176636156271883,3583.825779071267,0.4898288578682459,0,1.3033733810829322,1,3322.3146049315596,0.7603530748746241,0,1.0,0,4926.702160126445,0.9473843747457007,0,1.0,0,7500.0,sailing,oygarden_terminal,sailing_to_terminal,1100.0,unloading,oygarden_terminal,unloading,0.0,sailing,yara_sluiskil,sailing_to_emitter,4149.638412493022,1,347288.5354708258,0.0,347288.5354708258
iterative_q,9000056,189.0,0.0,0.7176636156271883,3602.092582641923,1.3651467562523834,0,1.3033733810829322,1,3354.5187633010637,1.0043445250553722,0,1.0,0,5013.047943007856,1.3379403003021135,0,1.0,0,7500.0,sailing,oygarden_terminal,sailing_to_terminal,300.0,unloading,oygarden_terminal,unloading,0.0,sailing,yara_sluiskil,sailing_to_emitter,4678.123288163597,1,348254.5566718009,0.0,348254.5566718009
iterative_q,9000056,190.0,0.0,0.7176636156271883,3653.0019221569055,1.3897840628114047,0,1.3033733810829322,1,3397.0569882536765,1.3770536425239492,0,1.0,0,5134.989384691661,1.27371036889617,0,1.0,0,7500.0,sailing,oygarden_terminal,sailing_to_terminal,0.0,idle,oygarden_terminal,idle,0.0,sailing,yara_sluiskil,sailing_to_emitter,4708.23353579842,1,349204.6489702706,0.0,349204.6489702706
iterative_q,9000056,191.0,0.0,0.7176636156271883,3704.8300329432172,1.8820898985067023,0,1.3033733810829322,1,3455.3810156727227,1.268713616394113,0,1.0,0,5251.076750067974,1.086593355416085,0,1.0,0,7500.0,sailing,oygarden_terminal,sailing_to_terminal,0.0,sailing,celsio,sailing_to_emitter,0.0,sailing,yara_sluiskil,sailing_to_emitter,4439.77451266344,1,350560.13716975594,0.0,350560.13716975594
iterative_q,9000056,192.0,0.0,0.7176636156271883,3775.017300210039,1.1658533570999807,0,1.3033733810829322,1,3509.11638622362,0.6550611561612489,0,1.0,0,5350.109992018126,0.6167017781822266,0,1.0,0,7500.0,sailing,oygarden_terminal,sailing_to_terminal,0.0,sailing,celsio,sailing_to_emitter,0.0,sailing,yara_sluiskil,sailing_to_emitter,4172.590263252575,1,351915.10271201446,0.0,351915.10271201446
iterative_q,9000056,193.0,0.0,0.7176636156271883,3818.494526281003,2.0410297323323605,0,1.3033733810829322,1,3536.8609879248834,0.8675010959622591,0,1.0,0,5406.316788432274,0.7306456949121691,0,1.0,0,7500.0,sailing,oygarden_terminal,sailing_to_terminal,0.0,sailing,celsio,sailing_to_emitter,0.0,sailing,yara_sluiskil,sailing_to_emitter,3906.553305473174,1,353269.597864704,0.0,353269.597864704
iterative_q,9000056,194.0,0.0,0.7176636156271883,3894.6089846496416,1.076420390775039,0,1.3033733810829322,1,3573.6033167235055,0.8832684358377242,0,1.0,0,5472.908494647694,0.6016340405927354,0,1.0,0,7500.0,sailing,oygarden_terminal,sailing_to_terminal,0.0,sailing,celsio,sailing_to_emitter,0.0,sailing,yara_sluiskil,sailing_to_emitter,3641.557694656312,1,354623.6660651389,0.0,354623.6660651389
iterative_q,9000056,195.0,0.0,0.7176636156271883,3934.7510465416744,1.1615078599612012,0,1.3033733810829322,1,3611.0134588409587,1.1156521172067808,0,1.0,0,5527.741922268472,0.8947395593018941,0,1.0,0,7500.0,sailing,oygarden_terminal,sailing_to_terminal,0.0,sailing,celsio,sailing_to_emitter,0.0,sailing,yara_sluiskil,sailing_to_emitter,3377.514149040677,1,355977.3439188413,0.0,355977.3439188413
iterative_q,9000056,196.0,0.0,0.7176636156271883,3978.0661985962074,1.0410387114905966,0,1.3033733810829322,1,3658.2660295939922,1.3173748756556294,0,1.0,0,5609.2891710737495,0.9015670558584366,0,1.0,0,7500.0,sailing,oygarden_terminal,sailing_to_terminal,0.0,sailing,celsio,sailing_to_emitter,0.0,sailing,yara_sluiskil,sailing_to_emitter,3114.346525818497,1,357330.66264436237,0.0,357330.66264436237
iterative_q,9000056,197.0,0.0,0.7176636156271883,4016.888787037541,1.0513628291279915,0,1.3033733810829322,1,3714.062409630484,1.2662206070293862,0,1.0,0,5691.45862274006,1.3064061003468033,0,1.0,0,7500.0,sailing,oygarden_terminal,sailing_to_terminal,0.0,sailing,celsio,sailing_to_emitter,0.0,sailing,yara_sluiskil,sailing_to_emitter,2851.989212221983,1,358683.649142937,0.0,358683.649142937
iterative_q,9000056,198.0,0.0,0.7176636156271883,4056.096377879435,1.4173086373730075,0,1.3033733810829322,1,3767.6921907242577,1.126449530775537,0,1.0,0,5810.525300374323,1.0579910962664032,0,1.0,0,7500.0,sailing,oygarden_terminal,sailing_to_terminal,0.0,sailing,celsio,sailing_to_emitter,0.0,sailing,yara_sluiskil,sailing_to_emitter,2590.3851543416604,1,360036.32680666784,0.0,360036.32680666784
iterative_q,9000056,199.0,0.0,0.7176636156271883,4108.950869849879,1.0942132826453965,0,1.3033733810829322,1,3815.4020774638234,0.7153834029861481,0,1.0,0,5906.951206653012,0.7472559431980779,0,1.0,0,7500.0,sailing,oygarden_terminal,sailing_to_terminal,0.0,sailing,celsio,sailing_to_emitter,0.0,sailing,yara_sluiskil,sailing_to_emitter,2329.484341286246,1,361388.7161400206,0.0,361388.7161400206
iterative_q,9000056,200.0,0.0,0.7176636156271883,4149.7564335298575,1.1394765035755192,0,1.3033733810829322,1,3845.701580636714,0.883664406450355,0,1.0,0,5975.056485449545,1.1765967648194895,0,1.0,0,7500.0,sailing,oygarden_terminal,sailing_to_terminal,0.0,sailing,celsio,sailing_to_emitter,0.0,loading,yara_sluiskil,loading,2069.2426213472922,1,362325.6952451956,0.0,362325.6952451956
iterative_q,9000056,201.0,0.0,0.7176636156271883,4192.24995310686,0.9999682040088721,0,1.3033733810829322,1,3883.128493779024,0.1973684612871428,0,1.0,0,5282.292021708399,0.9020951716363498,0,1.0,0,7500.0,sailing,oygarden_terminal,sailing_to_terminal,0.0,sailing,celsio,sailing_to_emitter,800.0,loading,yara_sluiskil,loading,1809.6207647324056,1,369542.8402064077,0.0,369542.8402064077
iterative_q,9000056,202.0,0.0,0.7176636156271883,4229.540902366466,1.6079900330926586,0,1.3033733810829322,1,3891.4878802199673,0.9287993638575794,0,1.0,0,4564.509304013979,1.4688507908063482,0,1.0,0,7500.0,sailing,oygarden_terminal,sailing_to_terminal,0.0,sailing,celsio,sailing_to_emitter,1600.0,loading,yara_sluiskil,loading,1550.583712420866,1,376759.74539785535,0.0,376759.74539785535
iterative_q,9000056,203.0,0.0,0.7176636156271883,4289.5062741112715,1.2453935747956861,0,1.3033733810829322,1,3930.826449097454,1.1134371772474754,0,1.0,0,3898.3808013367543,1.261686679565629,0,1.0,0,7500.0,sailing,oygarden_terminal,sailing_to_terminal,0.0,sailing,celsio,sailing_to_emitter,2400.0,loading,yara_sluiskil,loading,1292.0999675678731,1,383976.4237332451,0.0,383976.4237332451
iterative_q,9000056,204.0,0.0,0.7176636156271883,4335.949644485962,2.2290421542398278,0,1.3033733810829322,1,3977.9852078050235,1.2313925858096013,0,1.0,0,3213.3712155003022,0.8882672973725849,0,1.0,0,7500.0,sailing,oygarden_terminal,sailing_to_terminal,0.0,sailing,celsio,sailing_to_emitter,3200.0,loading,yara_sluiskil,loading,1034.1410975171314,1,391192.88686996594,0.0,391192.88686996594
iterative_q,9000056,205.0,0.0,0.7176636156271883,4419.075345299806,1.122134611990947,0,1.3033733810829322,1,4030.139875365202,0.7511673260092344,0,1.0,0,3294.328041770409,1.3169053277444227,0,1.0,0,7500.0,sailing,oygarden_terminal,sailing_to_terminal,0.0,sailing,celsio,sailing_to_emitter,3200.0,sailing,brevik,sailing_to_emitter,776.6813226546842,1,392543.86537765956,0.0,392543.86537765956
iterative_q,9000056,206.0,0.0,0.7176636156271883,4460.922113807114,1.4473762102610386,0,1.3033733810829322,1,4061.9549785431395,0.9872240141989147,0,1.0,0,3414.3509197639473,0.6363616328210782,0,1.0,0,7500.0,sailing,oygarden_terminal,sailing_to_terminal,0.0,sailing,celsio,sailing_to_emitter,3200.0,sailing,brevik,sailing_to_emitter,519.6971741768701,1,393894.6488785355,0.0,393894.6488785355
iterative_q,9000056,207.0,0.0,0.7176636156271883,4514.897817967295,1.18815348910637,0,1.3033733810829322,1,4103.7680776809075,1.0347738910461795,0,1.0,0,3472.348937433748,1.523667153056717,0,1.0,0,7500.0,sailing,oygarden_terminal,sailing_to_terminal,0.0,sailing,celsio,sailing_to_emitter,3200.0,sailing,brevik,sailing_to_emitter,263.1672070822794,1,395245.2461650442,0.0,395245.2461650442
iterative_q,9000056,208.0,0.0,0.7176636156271883,4559.2065543220915,0.8488525667633499,0,1.3033733810829322,1,4147.595114573438,1.0865496700711443,0,1.0,0,3611.215903863985,0.7153136857984275,0,1.0,0,7500.0,sailing,oygarden_terminal,sailing_to_terminal,0.0,sailing,celsio,sailing_to_emitter,3200.0,sailing,brevik,sailing_to_emitter,7.071757814699367,1,396595.665299244,0.0,396595.665299244
iterative_q,9000056,209.0,0.0,0.7176636156271883,4590.862042336266,0.5025751448978648,0,1.3033733810829322,1,4193.61507399436,1.092658038009588,0,1.0,0,3676.4095180797167,1.2885454502117173,0,1.0,0,7500.0,sailing,oygarden_terminal,sailing_to_terminal,0.0,sailing,celsio,sailing_to_emitter,3200.0,sailing,brevik,sailing_to_emitter,0.0,1,397843.984719948,0.0,397843.984719948
iterative_q,9000056,210.0,0.0,0.7176636156271883,4609.6041178612595,0.9152870872979831,0,1.3033733810829322,1,4239.893748550354,1.497380907166186,0,1.0,0,3793.8473287821953,0.7799864977485254,0,1.0,0,7500.0,sailing,oygarden_terminal,sailing_to_terminal,0.0,sailing,celsio,sailing_to_emitter,3200.0,sailing,brevik,sailing_to_emitter,0.0,1,399089.404719948,0.0,399089.404719948
iterative_q,9000056,211.0,0.0,0.7176636156271883,4643.737077143743,0.9895329487769625,0,1.3033733810829322,1,4303.314142926746,1.3140399433065084,0,1.0,0,3864.935111770223,1.0449150179272122,0,1.0,0,7500.0,sailing,oygarden_terminal,sailing_to_terminal,0.0,sailing,celsio,sailing_to_emitter,3200.0,sailing,brevik,sailing_to_emitter,0.0,1,400334.824719948,0.0,400334.824719948
iterative_q,9000056,212.0,0.0,0.7176636156271883,4680.638812105439,0.9930146602856411,0,1.3033733810829322,1,4358.969274518177,1.5552150871935646,0,1.0,0,3960.1683467601138,0.9644549082755739,0,1.0,0,7500.0,sailing,oygarden_terminal,sailing_to_terminal,0.0,sailing,celsio,sailing_to_emitter,3200.0,sailing,brevik,sailing_to_emitter,0.0,1,401580.24471994804,0.0,401580.24471994804
iterative_q,9000056,213.0,0.0,0.7176636156271883,4717.670381348793,1.4438936107595897,0,1.3033733810829322,1,4424.839190247632,1.074138534281763,0,1.0,0,4048.068407358669,0.9591251932465418,0,1.0,0,7500.0,sailing,oygarden_terminal,sailing_to_terminal,0.0,sailing,celsio,sailing_to_emitter,3200.0,sailing,brevik,sailing_to_emitter,0.0,1,402825.6647199481,0.0,402825.6647199481
iterative_q,9000056,214.0,0.0,0.7176636156271883,4771.51614995875,0.5987202418766701,0,1.3033733810829322,1,4470.333485742525,0.48771618487043344,0,1.0,0,4135.482654496948,0.7051068546188193,0,1.0,0,7500.0,sailing,oygarden_terminal,sailing_to_terminal,0.0,sailing,celsio,sailing_to_emitter,3200.0,sailing,brevik,sailing_to_emitter,0.0,1,404071.08471994806,0.0,404071.08471994806
iterative_q,9000056,215.0,0.0,0.7176636156271883,4793.843658148428,1.243790626463571,0,1.3033733810829322,1,4490.990322383223,0.8452707463594351,0,1.0,0,4199.745735032625,0.6399892314439581,0,1.0,0,7500.0,sailing,oygarden_terminal,sailing_to_terminal,0.0,sailing,celsio,sailing_to_emitter,3200.0,sailing,brevik,sailing_to_emitter,0.0,1,405316.50471994805,0.0,405316.50471994805
iterative_q,9000056,216.0,0.0,0.7176636156271883,4840.227159136249,1.1266745478109315,0,1.0,0,4526.791102153013,0.7871247861773372,0,1.0,0,4258.0739855926195,0.7966606168047656,0,1.0,0,7500.0,sailing,oygarden_terminal,sailing_to_terminal,0.0,sailing,celsio,sailing_to_emitter,3200.0,sailing,brevik,sailing_to_emitter,0.0,1,406561.9247199481,0.0,406561.9247199481
iterative_q,9000056,217.0,0.0,0.7176636156271883,4882.243153693545,0.8621555188710265,0,1.0,0,4560.129155365721,1.1132129076911392,0,1.0,0,4330.68112275209,0.77001572373726,0,1.0,0,7500.0,sailing,oygarden_terminal,sailing_to_terminal,0.0,sailing,celsio,sailing_to_emitter,3200.0,sailing,brevik,sailing_to_emitter,0.0,1,407807.34471994813,0.0,407807.34471994813
iterative_q,9000056,218.0,0.0,0.7176636156271883,4914.394688340882,0.8888061166768331,0,1.0,0,4607.278415312059,1.2223721086741235,0,1.0,0,4400.859809872356,1.009853578142104,0,1.0,0,7500.0,sailing,oygarden_terminal,sailing_to_terminal,0.0,sailing,celsio,sailing_to_emitter,3200.0,sailing,brevik,sailing_to_emitter,0.0,1,409052.7647199481,0.0,409052.7647199481
iterative_q,9000056,219.0,0.0,0.7176636156271883,4947.540072708178,1.2273018357690901,0,1.0,0,4659.051027635219,0.9855626719657965,0,1.0,0,4492.897081337851,0.8261613420442486,0,1.0,0,7500.0,sailing,oygarden_terminal,sailing_to_terminal,0.0,sailing,celsio,sailing_to_emitter,3200.0,sailing,brevik,sailing_to_emitter,0.0,1,410298.1847199481,0.0,410298.1847199481
iterative_q,9000056,220.0,0.0,0.7176636156271883,4993.308642222923,1.3258677874118874,0,1.0,0,4700.793761925195,0.6399089648114331,0,1.0,0,4568.192729597752,0.7030856263647656,0,1.0,0,7500.0,sailing,oygarden_terminal,sailing_to_terminal,0.0,sailing,celsio,sailing_to_emitter,3200.0,sailing,brevik,sailing_to_emitter,0.0,1,411543.60471994814,0.0,411543.60471994814
iterative_q,9000056,221.0,0.0,0.7176636156271883,5042.752926290839,1.1964118092057965,0,1.0,0,4727.896604441155,1.1397048663394154,0,1.0,0,4632.271313776717,1.1152107209429278,0,1.0,0,7500.0,sailing,oygarden_terminal,sailing_to_terminal,0.0,sailing,celsio,sailing_to_emitter,3200.0,sailing,brevik,sailing_to_emitter,0.0,1,412789.0247199482,0.0,412789.0247199482
iterative_q,9000056,222.0,0.0,0.7176636156271883,5087.369528640272,1.0882168237779184,0,1.0,0,4776.1679105263465,0.8171858761310975,0,1.0,0,4733.910529322581,1.5120424655482774,0,1.0,0,7500.0,sailing,oygarden_terminal,sailing_to_terminal,0.0,sailing,celsio,sailing_to_emitter,3200.0,sailing,brevik,sailing_to_emitter,0.0,1,414034.44471994817,0.0,414034.44471994817
iterative_q,9000056,223.0,0.0,0.7176636156271883,5127.951315873682,0.5516573837761862,0,1.0,0,4810.779177636152,1.0276984449682365,0,1.0,0,4871.716501060317,1.1598722533852441,0,1.0,0,7500.0,sailing,oygarden_terminal,sailing_to_terminal,0.0,sailing,celsio,sailing_to_emitter,3200.0,sailing,brevik,sailing_to_emitter,0.0,1,415279.86471994815,0.0,415279.86471994815
iterative_q,9000056,224.0,0.0,0.7176636156271883,5148.523722477806,0.834497728913178,0,1.0,0,4854.3065395572,1.203415746339363,0,1.0,0,4977.425969615774,0.9295072028383247,0,1.0,0,7500.0,sailing,oygarden_terminal,sailing_to_terminal,0.0,sailing,celsio,sailing_to_emitter,3200.0,sailing,brevik,sailing_to_emitter,0.0,1,416525.2847199482,0.0,416525.2847199482
iterative_q,9000056,225.0,0.0,0.7176636156271883,5179.643805942952,0.5767691801991696,0,1.0,0,4905.276270015459,1.1382912222779413,0,1.0,0,5062.140161122974,1.1924621778483604,0,1.0,0,7500.0,sailing,oygarden_terminal,sailing_to_terminal,0.0,sailing,celsio,sailing_to_emitter,3200.0,sailing,brevik,sailing_to_emitter,0.0,1,417770.70471994823,0.0,417770.70471994823
iterative_q,9000056,226.0,0.0,0.7176636156271883,5201.152674136171,1.3433751755015155,0,1.0,0,4953.487702314723,1.3772322639345496,0,1.0,0,5170.819679396662,1.0860249832770545,0,1.0,0,7500.0,sailing,oygarden_terminal,sailing_to_terminal,0.0,sailing,celsio,sailing_to_emitter,3200.0,sailing,brevik,sailing_to_emitter,0.0,1,419016.1247199482,0.0,419016.1247199482
iterative_q,9000056,227.0,0.0,0.7176636156271883,5251.24979431347,0.958485587618087,0,1.0,0,5011.819295103575,1.0663427344918006,0,1.0,0,5269.798571507755,1.0785730788645898,0,1.0,0,7500.0,sailing,oygarden_terminal,sailing_to_terminal,0.0,sailing,celsio,sailing_to_emitter,3200.0,sailing,brevik,sailing_to_emitter,0.0,1,420261.5447199482,0.0,420261.5447199482
iterative_q,9000056,228.0,0.0,0.7176636156271883,5286.993613926299,1.0170121721646783,0,1.0,0,5056.983405610272,0.9555746039601932,0,1.0,0,5368.098234563197,1.2937378407119775,0,1.0,0,7500.0,unloading,oygarden_terminal,unloading,0.0,sailing,celsio,sailing_to_emitter,3200.0,sailing,brevik,sailing_to_emitter,0.0,1,421091.8247199482,0.0,421091.8247199482
iterative_q,9000056,229.0,0.0,0.7176636156271883,5324.919999306275,1.3637390935021725,0,1.0,0,5097.456018790516,0.8803474256850214,0,1.0,0,5486.007630620769,0.28293142125138704,0,1.0,0,6700.0,unloading,oygarden_terminal,unloading,0.0,sailing,celsio,sailing_to_emitter,3200.0,sailing,brevik,sailing_to_emitter,514.6118721461187,1,422063.53385236836,0.0,422063.53385236836
iterative_q,9000056,230.0,0.0,0.7176636156271883,5375.776505759072,0.7951468779500033,0,1.0,0,5134.742443813024,1.1771896250715899,0,1.0,0,5511.79357227838,1.2244420390004869,0,1.0,0,5900.0,unloading,oygarden_terminal,unloading,0.0,sailing,celsio,sailing_to_emitter,3200.0,sailing,brevik,sailing_to_emitter,1029.2237442922374,1,423035.2429847884,0.0,423035.2429847884
iterative_q,9000056,231.0,0.0,1.0,5405.429087349974,0.842348666084115,0,1.0,0,5184.601387466265,1.510574379149647,0,1.0,0,5623.387285094464,1.804876714034054,0,1.0,0,5100.0,unloading,oygarden_terminal,unloading,0.0,sailing,celsio,sailing_to_emitter,3200.0,sailing,brevik,sailing_to_emitter,1544.9287209278923,1,424006.5039443678,0.0,424006.5039443678
iterative_q,9000056,232.0,0.0,1.0,5436.841910845801,0.6771433358723394,0,1.0,0,5248.580581004835,1.1227351292668182,0,1.0,0,5787.880776179579,1.1934326542228209,0,1.0,0,4300.0,unloading,oygarden_terminal,unloading,0.0,sailing,celsio,sailing_to_emitter,3200.0,sailing,brevik,sailing_to_emitter,2066.115711220599,1,424975.5172783478,0.0,424975.5172783478
iterative_q,9000056,233.0,0.0,1.0,5462.093901529982,1.5415955289285828,0,1.0,0,5296.13314718059,1.0122722018440973,0,1.0,0,5896.6481827418775,0.7852688332070612,0,1.0,0,3500.0,unloading,oygarden_terminal,unloading,0.0,sailing,celsio,sailing_to_emitter,3200.0,sailing,brevik,sailing_to_emitter,2591.1923606631303,1,425942.93585207633,0.0,425942.93585207633
iterative_q,9000056,234.0,0.0,1.0,5519.582984874268,1.059075518429466,0,1.0,0,5339.00714266829,0.4991712440491395,0,1.0,0,5968.216185636577,0.669568909030636,0,1.0,0,2700.0,unloading,oygarden_terminal,unloading,0.0,sailing,celsio,sailing_to_emitter,3200.0,sailing,brevik,sailing_to_emitter,3119.2492724584054,1,426909.13251824025,0.0,426909.13251824025
iterative_q,9000056,235.0,0.0,1.0,5559.0779560313285,0.663215243135431,0,1.0,0,5360.149149359736,0.8598649108937155,0,1.0,0,6029.239458642286,0.9129099635155964,0,1.0,0,1900.0,unloading,oygarden_terminal,unloading,0.0,loading,celsio,loading,3200.0,sailing,brevik,sailing_to_emitter,3649.6982515376753,1,427459.2084368178,0.0,427459.2084368178
iterative_q,9000056,236.0,0.0,1.0,5583.810528473977,0.8683776749047677,0,1.0,0,4596.568053526549,0.8693308370308593,0,1.0,0,6112.440324494517,1.106032187494534,0,1.0,0,1100.0,unloading,oygarden_terminal,unloading,800.0,loading,celsio,loading,3200.0,sailing,brevik,sailing_to_emitter,4182.129850541101,1,434288.89148122637,0.0,434288.89148122637
iterative_q,9000056,237.0,0.0,1.0,5616.193997519556,0.9780484180753984,0,1.0,0,3833.3878795736146,1.0634162585035385,0,1.0,0,6213.241905906973,0.8759300216371125,0,1.0,0,300.0,unloading,oygarden_terminal,unloading,1600.0,loading,celsio,loading,3200.0,sailing,brevik,sailing_to_emitter,4716.244269273553,1,441117.88456954603,0.0,441117.88456954603
iterative_q,9000056,238.0,0.0,1.0,5652.6672930581635,1.3835542573503554,0,1.0,0,3078.428041484185,0.9620652316555481,0,1.0,0,6293.072372422435,0.7047409255376014,0,1.0,0,0.0,idle,oygarden_terminal,idle,2400.0,loading,celsio,loading,3200.0,sailing,brevik,sailing_to_emitter,4751.81362295245,1,447931.0186345378,0.0,447931.0186345378
iterative_q,9000056,239.0,0.0,1.0,5704.262668369172,0.5362222192660333,0,1.0,0,2319.1755601118143,1.1280272926398325,0,1.0,0,6357.300968439393,0.9922469347222062,0,1.0,0,0.0,sailing,yara_sluiskil,sailing_to_emitter,3200.0,loading,celsio,loading,3200.0,sailing,brevik,sailing_to_emitter,4488.659596091201,1,455149.61178555083,0.0,455149.61178555083
iterative_q,9000056,240.0,0.0,1.0,5724.259413747819,0.9685979569688741,0,1.0,0,1566.9522717181771,1.2535039059516098,0,1.0,0,6447.732187002669,0.8581654486787427,0,1.0,0,0.0,sailing,yara_sluiskil,sailing_to_emitter,4000.0,loading,celsio,loading,3200.0,sailing,brevik,sailing_to_emitter,4226.639383993728,1,462367.74007251085,0.0,462367.74007251085
iterative_q,9000056,241.0,0.0,1.0,5760.380265119121,0.7936743159607429,0,1.0,0,820.0434469076954,0.7596713058035559,0,1.0,0,6525.943454264825,1.2892832699205412,0,1.0,0,0.0,sailing,yara_sluiskil,sailing_to_emitter,4800.0,loading,celsio,loading,3200.0,sailing,brevik,sailing_to_emitter,3965.6364213208185,1,469585.4512872068,0.0,469585.4512872068
iterative_q,9000056,242.0,0.0,1.0,5789.977878024732,0.8286494863144146,0,1.0,0,52.21872948270129,0.9483147106798875,0,1.0,0,6643.445742926763,0.9632076346941768,0,1.0,0,0.0,sailing,yara_sluiskil,sailing_to_emitter,5600.0,loading,celsio,loading,3200.0,sailing,brevik,sailing_to_emitter,3705.5540310716797,1,476802.7850672089,0.0,476802.7850672089
iterative_q,9000056,243.0,0.0,1.0,5820.87977605908,0.5925701935247565,0,1.0,0,0.0,0.7352097272916998,0,1.0,0,6731.230189502582,1.470283033439115,0,1.0,0,0.0,sailing,yara_sluiskil,sailing_to_emitter,5692.383855574814,idle,celsio,idle,3200.0,sailing,brevik,sailing_to_emitter,3446.310935682231,1,478464.61650410504,0.0,478464.61650410504
iterative_q,9000056,244.0,0.0,1.0,5842.97782964473,1.2949985289660533,0,1.0,0,0.0,1.5661981171056518,0,1.0,0,6865.228180036225,0.8976315398361575,0,1.0,0,0.0,sailing,yara_sluiskil,sailing_to_emitter,5723.523087169828,idle,celsio,idle,3200.0,sailing,brevik,sailing_to_emitter,3187.837999673669,1,479645.329723986,0.0,479645.329723986
iterative_q,9000056,245.0,0.0,1.0,5891.270745142125,0.6829359818073515,0,1.0,0,0.0,1.5499670060231812,0,1.0,0,6947.036057443044,1.2153746557810492,0,1.0,0,0.0,sailing,yara_sluiskil,sailing_to_emitter,5789.858180520514,idle,celsio,idle,3200.0,sailing,brevik,sailing_to_emitter,2930.0758123157843,1,481102.0575295296,0.0,481102.0575295296
iterative_q,9000056,246.0,0.0,1.0,5916.738699530519,1.320701200824789,0,1.0,0,0.0,0.8406445964397646,0,1.0,0,7057.802160612069,0.9611146688948548,0,1.0,0,0.0,sailing,yara_sluiskil,sailing_to_emitter,5855.505817886493,idle,celsio,idle,3200.0,sailing,brevik,sailing_to_emitter,2672.972858559471,1,482553.1181589023,0.0,482553.1181589023
iterative_q,9000056,247.0,0.0,1.0,5965.990098530704,0.8643694976337437,0,1.0,0,0.0,1.1903587330644096,0,1.0,0,7145.39560169793,0.6112830526594606,0,1.0,0,0.0,sailing,yara_sluiskil,sailing_to_emitter,5891.110660703335,idle,celsio,idle,3200.0,sailing,brevik,sailing_to_emitter,2416.4841114562005,1,483768.0752538693,0.0,483768.0752538693
iterative_q,9000056,248.0,0.0,1.0,5998.224036181037,1.1482066826778765,0,1.0,0,0.0,1.225749088955085,0,1.0,0,7201.10627642741,1.0738201435162917,0,1.0,0,0.0,sailing,yara_sluiskil,sailing_to_emitter,5941.5273716010315,idle,celsio,idle,3200.0,sailing,brevik,sailing_to_emitter,2160.569932662173,1,485099.07771649497,0.0,485099.07771649497
iterative_q,9000056,249.0,0.0,1.0,6041.042780671218,0.6695263767883146,0,1.0,0,0.0,0.4968737943413807,0,1.0,0,7298.971251570745,1.0819205331264954,0,1.0,0,0.0,sailing,yara_sluiskil,sailing_to_emitter,5993.443013276438,idle,celsio,idle,3200.0,sailing,brevik,sailing_to_emitter,1905.195202143128,1,486441.62639887165,0.0,486441.62639887165
iterative_q,9000056,250.0,0.0,1.0,6066.010649181608,0.7923808139489001,0,1.0,0,0.0,1.1305109268852285,0,1.0,0,7397.574401158692,0.9045223070086961,0,1.0,0,0.0,sailing,yara_sluiskil,sailing_to_emitter,6014.487713286712,idle,celsio,idle,3200.0,loading,brevik,loading,1650.3286210900046,1,487126.4736406517,0.0,487126.4736406517
iterative_q,9000056,251.0,0.0,1.0,5295.5599805830325,1.5369434659482568,0,1.0,0,0.0,0.9462808114128698,0,1.0,0,7480.009922109806,0.946100414702483,0,1.0,0,0.0,sailing,yara_sluiskil,sailing_to_emitter,6062.369617274369,idle,celsio,idle,4000.0,loading,brevik,loading,1395.9421475851864,1,494302.23017909133,0.0,494302.23017909133
iterative_q,9000056,252.0,0.0,1.0,4552.875407350069,1.3446484214102417,0,1.0,0,0.0,0.7888147739968076,0,1.0,0,7566.234686957751,1.7166433435296176,0,1.0,0,0.0,sailing,yara_sluiskil,sailing_to_emitter,6102.448599157606,idle,celsio,idle,4800.0,loading,brevik,loading,1142.0105353064248,1,501416.54318937444,0.0,501416.54318937444
iterative_q,9000056,253.0,0.0,1.0,3803.019792899935,1.485573049082346,0,1.0,0,33.40963132185197,1.1483950070102518,0,1.0,0,7722.684316941626,0.6963170904055568,0,1.0,0,0.0,sailing,yara_sluiskil,sailing_to_emitter,6102.448599157606,sailing,oygarden_terminal,sailing_to_terminal,5600.0,loading,brevik,loading,888.5109531285597,1,508631.1780180674,0.0,508631.1780180674
iterative_q,9000056,254.0,0.0,1.0,3058.4195052441537,1.202982650018705,0,1.0,0,82.04900150208569,0.5173122761318036,0,1.0,0,7786.144482659232,0.9485767941060033,0,1.0,0,0.0,sailing,yara_sluiskil,sailing_to_emitter,6102.448599157606,sailing,oygarden_terminal,sailing_to_terminal,6400.0,loading,brevik,loading,635.422668907072,1,515845.6442145982,0.0,515845.6442145982
iterative_q,9000056,255.0,0.0,1.0,2303.280900850017,0.9202730440389038,0,1.0,0,103.95935738482375,0.9835827774668433,0,1.0,0,7872.594746662657,0.9581252427547842,0,1.0,0,0.0,sailing,yara_sluiskil,sailing_to_emitter,6102.448599157606,sailing,oygarden_terminal,sailing_to_terminal,7200.0,loading,brevik,loading,382.726784670056,1,523059.94952713535,0.0,523059.94952713535
iterative_q,9000056,256.0,0.0,1.0,2037.5995391537072,1.0732024756198264,0,1.0,0,145.61823479553436,0.9826390791667811,0,1.0,0,7959.915161631538,0.6944320119568319,0,1.0,0,0.0,sailing,yara_sluiskil,sailing_to_emitter,6102.448599157606,sailing,oygarden_terminal,sailing_to_terminal,7500.0,idle,brevik,idle,130.4060133499455,1,526348.8385433765,0.0,526348.8385433765
iterative_q,9000056,257.0,0.0,1.0,2077.6211847948116,1.0565069627902224,0,1.0,0,187.2371426046053,1.4137088605530674,0,1.0,0,8023.203387603708,0.9722541306200431,0,1.0,0,0.0,sailing,yara_sluiskil,sailing_to_emitter,6102.448599157606,sailing,oygarden_terminal,sailing_to_terminal,7500.0,sailing,oygarden_terminal,sailing_to_terminal,0.0,1,527647.72500885,0.0,527647.72500885
iterative_q,9000056,258.0,0.0,1.0,2117.0202184717086,0.9301667520316445,0,1.0,0,247.11367304558382,1.2541642705466975,0,1.0,0,8111.811333126915,1.2658595954049285,0,1.0,0,0.0,sailing,yara_sluiskil,sailing_to_emitter,6102.448599157606,sailing,oygarden_terminal,sailing_to_terminal,7500.0,sailing,oygarden_terminal,sailing_to_terminal,0.0,1,528893.14500885,0.0,528893.14500885
iterative_q,9000056,259.0,0.0,1.0,2151.707794212121,0.3856561062813926,0,1.0,0,300.2328174598011,0.9946777266956288,0,1.0,0,8227.1774005755,0.9104177629947618,0,1.0,0,0.0,sailing,yara_sluiskil,sailing_to_emitter,6102.448599157606,sailing,oygarden_terminal,sailing_to_terminal,7500.0,sailing,oygarden_terminal,sailing_to_terminal,0.0,1,530138.5650088501,0.0,530138.5650088501
iterative_q,9000056,260.0,0.0,1.0,2166.0895949549426,1.2861438973778836,0,1.0,0,342.3616127466567,0.6538209592819012,0,1.0,0,8310.149667182646,0.5859902645865408,0,1.0,0,0.0,sailing,yara_sluiskil,sailing_to_emitter,6102.448599157606,sailing,oygarden_terminal,sailing_to_terminal,7500.0,sailing,oygarden_terminal,sailing_to_terminal,0.0,1,531383.9850088501,0.0,531383.9850088501
iterative_q,9000056,261.0,0.0,1.0,2214.0521760767183,1.0831937921173633,0,1.0,0,370.05368688140953,0.6096335486271858,0,1.0,0,8363.554715606024,1.4237906088638583,0,1.0,0,0.0,sailing,yara_sluiskil,sailing_to_emitter,6102.448599157606,sailing,oygarden_terminal,sailing_to_terminal,7500.0,sailing,oygarden_terminal,sailing_to_terminal,0.0,1,532629.40500885,0.0,532629.40500885
iterative_q,9000056,262.0,0.0,1.0,2254.4463822554303,1.0541078855981292,0,1.0,0,395.87423788081185,1.2722352336292477,0,1.0,0,8493.313782048039,1.0797155326435215,0,1.0,0,0.0,sailing,yara_sluiskil,sailing_to_emitter,6102.448599157606,sailing,oygarden_terminal,sailing_to_terminal,7500.0,sailing,oygarden_terminal,sailing_to_terminal,0.0,1,533874.8250088501,0.0,533874.8250088501
iterative_q,9000056,263.0,0.0,1.0,2293.7559173769396,0.9294601973460792,0,1.0,0,449.75876376875544,1.105311000020678,0,1.0,0,8591.715032673095,0.8105855728651841,0,1.0,0,0.0,sailing,yara_sluiskil,sailing_to_emitter,6102.448599157606,sailing,oygarden_terminal,sailing_to_terminal,7500.0,sailing,oygarden_terminal,sailing_to_terminal,0.0,1,535120.2450088501,0.0,535120.2450088501
iterative_q,9000056,264.0,0.0,1.0,2328.4171156207804,0.8804850416014162,0,1.0,0,496.5733446108072,0.6973776882129333,0,1.0,0,8665.588727232951,0.8122503801172123,0,1.0,0,0.0,sailing,yara_sluiskil,sailing_to_emitter,6102.448599157606,sailing,oygarden_terminal,sailing_to_terminal,7500.0,sailing,oygarden_terminal,sailing_to_terminal,0.0,1,536365.6650088502,0.0,536365.6650088502
iterative_q,9000056,265.0,0.0,1.0,2361.25193838801,1.0803646394842525,0,1.0,0,526.1102298509585,1.3282897995668403,0,1.0,0,8739.614091590367,0.8296405004711636,0,1.0,0,0.0,sailing,yara_sluiskil,sailing_to_emitter,6102.448599157606,sailing,oygarden_terminal,sailing_to_terminal,7500.0,sailing,oygarden_terminal,sailing_to_terminal,0.0,1,537611.0850088501,0.0,537611.0850088501
iterative_q,9000056,266.0,0.0,1.0,2401.540613468121,0.9623639155680361,0,1.0,0,582.3689029324091,0.9657869429909185,0,1.0,0,8815.224268805063,0.4897539341966204,0,1.0,0,0.0,sailing,yara_sluiskil,sailing_to_emitter,6102.448599157606,sailing,oygarden_terminal,sailing_to_terminal,7500.0,sailing,oygarden_terminal,sailing_to_terminal,0.0,1,538856.5050088501,0.0,538856.5050088501
iterative_q,9000056,267.0,0.0,1.0,2437.4288306939548,0.509172295599353,0,1.0,0,623.2740517258262,0.4451653565371879,0,1.0,0,8859.85848629053,0.7100250695504922,0,1.0,0,0.0,sailing,yara_sluiskil,sailing_to_emitter,6102.448599157606,sailing,oygarden_terminal,sailing_to_terminal,7500.0,sailing,oygarden_terminal,sailing_to_terminal,0.0,1,540101.9250088502,0.0,540101.9250088502
iterative_q,9000056,268.0,0.0,1.0,2456.4167444282366,0.6379673645118065,0,1.0,0,642.1286813923193,1.0519262176987525,0,1.0,0,8924.567287717555,0.6893914562448886,0,1.0,0,0.0,sailing,yara_sluiskil,sailing_to_emitter,6102.448599157606,sailing,oygarden_terminal,sailing_to_terminal,7500.0,sailing,oygarden_terminal,sailing_to_terminal,0.0,1,541347.3450088502,0.0,541347.3450088502
iterative_q,9000056,269.0,0.0,1.0,2480.207644754749,1.3074601348251227,0,1.0,0,686.6821916327954,0.8564884304426585,0,1.0,0,8987.395579231783,0.31275452593361475,0,1.0,0,0.0,sailing,yara_sluiskil,sailing_to_emitter,6102.448599157606,sailing,oygarden_terminal,sailing_to_terminal,7500.0,sailing,oygarden_terminal,sailing_to_terminal,0.0,1,542592.7650088503,0.0,542592.7650088503
iterative_q,9000056,270.0,0.0,1.0,2528.9650728615884,0.0,1,1.0,0,722.9580876172647,0.7003555681757043,0,1.0,0,9015.898714720137,1.3301789689696022,0,1.0,0,0.0,sailing,yara_sluiskil,sailing_to_emitter,6102.448599157606,sailing,oygarden_terminal,sailing_to_terminal,7500.0,sailing,oygarden_terminal,sailing_to_terminal,0.0,1,543838.1850088502,0.0,543838.1850088502
iterative_q,9000056,271.0,0.0,1.0,2528.9650728615884,0.0,1,1.0,0,752.6210986285812,0.5724909743743095,0,1.0,0,9137.125556729261,0.7988053038103302,0,1.0,0,0.0,sailing,yara_sluiskil,sailing_to_emitter,6102.448599157606,sailing,oygarden_terminal,sailing_to_terminal,7500.0,sailing,oygarden_terminal,sailing_to_terminal,0.0,1,545083.6050088502,0.0,545083.6050088502
iterative_q,9000056,272.0,0.0,1.0,2528.9650728615884,0.0,1,1.0,0,776.8685050152811,1.2416975529289769,0,1.0,0,9209.925214090374,0.8093525015730832,0,1.0,0,0.0,sailing,yara_sluiskil,sailing_to_emitter,6102.448599157606,sailing,oygarden_terminal,sailing_to_terminal,7500.0,sailing,oygarden_terminal,sailing_to_terminal,0.0,1,546329.0250088503,0.0,546329.0250088503
iterative_q,9000056,273.0,0.0,1.0,2528.9650728615884,0.0,1,1.0,0,829.4596313787065,0.9932127828414773,0,1.0,0,9283.686043170148,1.0396597057858938,0,1.0,0,0.0,sailing,yara_sluiskil,sailing_to_emitter,6102.448599157606,sailing,oygarden_terminal,sailing_to_terminal,7500.0,sailing,oygarden_terminal,sailing_to_terminal,0.0,1,547574.4450088502,0.0,547574.4450088502
iterative_q,9000056,274.0,0.0,1.0,2528.9650728615884,0.0,1,1.0,0,871.5263801171355,1.1939041980957557,0,1.0,0,9378.435988754207,0.7219649940863365,0,1.0,0,0.0,sailing,yara_sluiskil,sailing_to_emitter,6102.448599157606,sailing,oygarden_terminal,sailing_to_terminal,7500.0,sailing,oygarden_terminal,sailing_to_terminal,0.0,1,548819.8650088502,0.0,548819.8650088502
iterative_q,9000056,275.0,0.0,1.0,2528.9650728615884,0.0,1,1.0,0,922.09325640659,0.8787318826815551,0,1.0,0,9444.232607813812,1.1014538098165862,0,1.0,0,0.0,sailing,yara_sluiskil,sailing_to_emitter,6102.448599157606,sailing,oygarden_terminal,sailing_to_terminal,7500.0,sailing,oygarden_terminal,sailing_to_terminal,0.0,1,550065.2850088503,0.0,550065.2850088503
iterative_q,9000056,276.0,0.0,1.0,2528.9650728615884,0.0,1,1.0,0,959.3112563717712,0.7512296110901898,0,1.0,0,9544.614044657332,1.2420987198993678,0,1.0,0,0.0,sailing,yara_sluiskil,sailing_to_emitter,6102.448599157606,sailing,oygarden_terminal,sailing_to_terminal,7500.0,sailing,oygarden_terminal,sailing_to_terminal,0.0,1,551310.7050088503,0.0,551310.7050088503
iterative_q,9000056,277.0,0.0,1.0,2528.9650728615884,0.0,1,1.0,0,991.1289975854811,0.9967103247625126,0,1.0,0,9657.813128840531,0.903338388853132,0,1.0,0,0.0,sailing,yara_sluiskil,sailing_to_emitter,6102.448599157606,sailing,oygarden_terminal,sailing_to_terminal,7500.0,sailing,oygarden_terminal,sailing_to_terminal,0.0,1,552556.1250088504,0.0,552556.1250088504
iterative_q,9000056,278.0,0.0,1.0,2528.9650728615884,0.0,1,1.0,0,1033.3438819699027,0.7729211790058096,0,1.0,0,9740.139115906688,1.081600929693166,0,1.0,0,0.0,sailing,yara_sluiskil,sailing_to_emitter,6102.448599157606,sailing,oygarden_terminal,sailing_to_terminal,7500.0,sailing,oygarden_terminal,sailing_to_terminal,0.0,1,553801.5450088503,0.0,553801.5450088503
iterative_q,9000056,279.0,0.0,1.0,2528.9650728615884,0.0,1,1.0,0,1066.0803525364895,0.6660363643854409,0,1.0,0,9838.711035117662,1.5698357498403173,0,1.0,0,0.0,sailing,yara_sluiskil,sailing_to_emitter,6102.448599157606,sailing,oygarden_terminal,sailing_to_terminal,7500.0,sailing,oygarden_terminal,sailing_to_terminal,0.0,1,555046.9650088503,0.0,555046.9650088503
iterative_q,9000056,280.0,0.0,1.0,2528.9650728615884,0.0,1,1.0,0,1094.289800577525,1.3265316699901215,0,1.0,0,9981.778228107185,0.7064181478997138,0,1.0,0,0.0,sailing,yara_sluiskil,sailing_to_emitter,6102.448599157606,sailing,oygarden_terminal,sailing_to_terminal,7500.0,sailing,oygarden_terminal,sailing_to_terminal,0.0,1,556292.3850088504,0.0,556292.3850088504
iterative_q,9000056,281.0,0.0,1.0,2528.9650728615884,0.0,1,1.0,0,1150.4740094591273,1.2905283466248876,0,1.0,0,10046.15769405246,0.733856768678609,0,1.0,0,0.0,sailing,yara_sluiskil,sailing_to_emitter,6102.448599157606,sailing,oygarden_terminal,sailing_to_terminal,7500.0,sailing,oygarden_terminal,sailing_to_terminal,0.0,1,557537.8050088503,0.0,557537.8050088503
iterative_q,9000056,282.0,0.0,1.0,2528.9650728615884,0.0,1,1.0,0,1205.1333258062007,1.1069034831764943,0,1.0,0,10113.037731399842,1.11159963176629,0,1.0,0,0.0,sailing,yara_sluiskil,sailing_to_emitter,6102.448599157606,sailing,oygarden_terminal,sailing_to_terminal,7500.0,sailing,oygarden_terminal,sailing_to_terminal,0.0,1,558783.2250088503,0.0,558783.2250088503
iterative_q,9000056,283.0,0.0,1.0,2528.9650728615884,0.0,1,1.0,0,1252.0153550238103,1.1379667942025522,0,1.0,0,10214.343290475286,0.7988947166496082,0,1.0,0,0.0,sailing,yara_sluiskil,sailing_to_emitter,6102.448599157606,sailing,oygarden_terminal,sailing_to_terminal,7500.0,unloading,oygarden_terminal,unloading,0.0,1,559613.5050088504,0.0,559613.5050088504
iterative_q,9000056,284.0,0.0,1.0,2528.9650728615884,0.0,1,1.0,0,1300.2130464262927,0.22946187957096598,0,1.0,0,10287.150454224151,1.1137444055873222,0,1.0,0,0.0,loading,yara_sluiskil,loading,6102.448599157606,sailing,oygarden_terminal,sailing_to_terminal,6700.0,unloading,oygarden_terminal,unloading,514.6118721461187,1,560170.0741412705,0.0,560170.0741412705
iterative_q,9000056,285.0,0.0,1.0,2528.9650728615884,0.0,1,1.0,0,1309.9317244374074,1.0428795192220583,0,1.0,0,9588.65132787847,0.8349930531191545,0,1.0,0,800.0,loading,yara_sluiskil,loading,6102.448599157606,queued,oygarden_terminal,queued,5900.0,unloading,oygarden_terminal,unloading,1029.2237442922374,1,566591.9232736906,0.0,566591.9232736906
iterative_q,9000056,286.0,0.0,1.0,2528.9650728615884,0.0,1,1.0,0,1354.1020688565145,0.7309988227334624,0,1.0,0,8864.748195996346,1.24191629267722,0,1.0,0,1600.0,loading,yara_sluiskil,loading,6102.448599157606,queued,oygarden_terminal,queued,5100.0,unloading,oygarden_terminal,unloading,1545.3645417698563,1,573013.1455467248,0.0,573013.1455467248
iterative_q,9000056,287.0,0.0,1.0,2528.9650728615884,0.0,1,1.0,0,1385.0629508903132,1.3898725714103908,0,1.0,0,8177.929821287527,1.0093524428852922,0,1.0,0,2400.0,loading,yara_sluiskil,loading,6102.448599157606,queued,oygarden_terminal,queued,4300.0,unloading,oygarden_terminal,unloading,2067.08690060438,1,579432.0793796026,0.0,579432.0793796026
iterative_q,9000056,288.0,0.0,1.0,2528.9650728615884,0.0,1,1.0,0,1443.9299139923044,0.968136053483086,0,1.0,0,7469.916750410197,1.2409301158488721,0,1.0,0,3200.0,loading,yara_sluiskil,loading,6102.448599157606,queued,oygarden_terminal,queued,3500.0,unloading,oygarden_terminal,unloading,2592.7913480860916,1,585849.3805561352,0.0,585849.3805561352
iterative_q,9000056,289.0,0.0,1.0,2528.9650728615884,0.0,1,1.0,0,1484.9345575189145,0.9982477939744369,0,1.0,0,6783.00833452186,1.0963867568024614,0,1.0,0,4000.0,loading,yara_sluiskil,loading,6102.448599157606,queued,oygarden_terminal,queued,2700.0,unloading,oygarden_terminal,unloading,3121.5596432927964,1,592265.4255551004,0.0,592265.4255551004
iterative_q,9000056,290.0,0.0,1.0,2528.9650728615884,0.0,1,1.0,0,1527.2145602064313,1.4080534526435908,0,1.0,0,6082.926953939751,0.7824371233026906,0,1.0,0,4800.0,loading,yara_sluiskil,loading,6102.448599157606,queued,oygarden_terminal,queued,1900.0,unloading,oygarden_terminal,unloading,3652.7952922007753,1,598680.4589390481,0.0,598680.4589390481
iterative_q,9000056,291.0,0.0,1.0,2528.9650728615884,0.5360290851742364,0,1.0,0,1586.8515602792438,1.0380416093409888,0,1.0,0,5354.233889362356,1.8665600924946582,0,1.4445740408358534,1,5600.0,loading,yara_sluiskil,loading,6102.448599157606,queued,oygarden_terminal,queued,1100.0,unloading,oygarden_terminal,unloading,4186.0813799955795,1,605094.6516430522,0.0,605094.6516430522
iterative_q,9000056,292.0,0.0,1.0,2548.954442765603,0.8152464141688335,0,1.0,0,1630.8169988182597,0.10294959459818054,0,1.0,0,4724.341592796595,0.5782455989217267,0,1.4445740408358534,1,6400.0,loading,yara_sluiskil,loading,6102.448599157606,queued,oygarden_terminal,queued,300.0,unloading,oygarden_terminal,unloading,4721.11144925181,1,611508.1293146572,0.0,611508.1293146572
iterative_q,9000056,293.0,0.0,1.0,2579.3562623020753,0.905464551718239,0,1.0,0,1635.1773481849834,0.9136427633804958,0,1.0,0,3977.0395792873205,2.0346855559276738,0,1.4445740408358534,1,7200.0,loading,yara_sluiskil,loading,6102.448599157606,unloading,oygarden_terminal,unloading,0.0,idle,oygarden_terminal,idle,4757.651686459087,1,617905.7253174022,0.0,617905.7253174022
iterative_q,9000056,294.0,0.0,1.0,2613.1224515822073,1.1630893848699801,0,1.0,0,1673.873971132038,0.580170497115661,0,1.0,0,3862.4690115396024,1.2179586321106508,0,1.4445740408358534,1,7500.0,idle,yara_sluiskil,idle,5302.448599157606,unloading,oygarden_terminal,unloading,0.0,sailing,yara_sluiskil,sailing_to_emitter,5295.518488010412,1,620807.9174287661,0.0,620807.9174287661
iterative_q,9000056,295.0,0.0,1.0,2656.4958668372706,1.470425969235516,0,1.0,0,1698.446637683702,1.0400621725322565,0,1.0,0,3973.466610635038,1.6445014440483436,0,1.4445740408358534,1,7500.0,sailing,oygarden_terminal,sailing_to_terminal,4502.448599157606,unloading,oygarden_terminal,unloading,0.0,sailing,yara_sluiskil,sailing_to_emitter,5834.564321098452,1,621769.6086372001,0.0,621769.6086372001
iterative_q,9000056,296.0,0.0,1.0,2711.3303333311674,0.737435951397514,0,1.0,0,1742.4976555925625,0.9719128749318034,0,1.0,0,4123.336707196029,1.5412985603483669,0,1.4445740408358534,1,7500.0,sailing,oygarden_terminal,sailing_to_terminal,3702.4485991576057,unloading,oygarden_terminal,unloading,0.0,sailing,yara_sluiskil,sailing_to_emitter,6374.668381743132,1,622730.8659723356,0.0,622730.8659723356
iterative_q,9000056,297.0,0.0,1.0,2738.8304600347615,1.3893972892494046,0,1.0,0,1783.6622634306052,1.4219840283559182,0,1.0,0,4263.801402488324,1.0555752872150574,0,1.4445740408358534,1,7500.0,sailing,oygarden_terminal,sailing_to_terminal,2902.4485991576057,unloading,oygarden_terminal,unloading,0.0,sailing,yara_sluiskil,sailing_to_emitter,6915.7301829919215,1,623691.7306338237,0.0,623691.7306338237
iterative_q,9000056,298.0,0.0,1.0,2790.6432246226973,1.1791698644665152,0,1.0,0,1843.8892821161419,1.7149373548913887,0,1.0,0,4360.000124711961,2.2508853799698056,0,1.4445740408358534,1,7500.0,sailing,oygarden_terminal,sailing_to_terminal,2102.4485991576057,unloading,oygarden_terminal,unloading,0.0,sailing,yara_sluiskil,sailing_to_emitter,7457.665013870654,1,624652.2373531634,0.0,624652.2373531634
iterative_q,9000056,299.0,0.0,1.0,2834.616276536056,0.9318378102346295,0,1.0,0,1916.5241092716803,1.1743855260433271,0,1.0,0,4565.132000057061,1.4239219046151976,0,1.4445740408358534,1,7500.0,sailing,oygarden_terminal,sailing_to_terminal,1302.4485991576057,unloading,oygarden_terminal,unloading,0.0,sailing,yara_sluiskil,sailing_to_emitter,8000.400637279036,1,625612.415747566,0.0,625612.415747566
iterative_q,9000056,300.0,0.0,1.0,2869.3659313960416,0.9154254452234379,0,1.0,0,1966.264287508993,0.9538095065791837,0,1.0,0,4694.8994055843505,1.1052084008080312,0,1.4445740408358534,1,7500.0,sailing,oygarden_terminal,sailing_to_terminal,502.4485991576057,unloading,oygarden_terminal,unloading,0.0,sailing,yara_sluiskil,sailing_to_emitter,8543.874834158667,1,626572.2913268454,0.0,626572.2913268454
iterative_q,9000056,301.0,0.0,1.0,2903.5035386105255,0.6921208822169023,0,1.0,0,2006.662141373501,1.0361405380886661,0,1.0,0,4795.621166261696,1.9353800285028435,0,1.4445740408358534,1,7500.0,sailing,oygarden_terminal,sailing_to_terminal,0.0,idle,oygarden_terminal,idle,0.0,sailing,yara_sluiskil,sailing_to_emitter,8790.482140366095,1,627522.8035004442,0.0,627522.8035004442
iterative_q,9000056,302.0,0.0,1.0,2929.3137748715303,0.644692715795973,0,1.0,0,2050.5470615300646,0.1361600791607087,0,1.0,0,4971.999431750064,0.9354323902043428,0,1.4445740408358534,1,7500.0,sailing,oygarden_terminal,sailing_to_terminal,0.0,sailing,celsio,sailing_to_emitter,0.0,sailing,yara_sluiskil,sailing_to_emitter,8535.278013699477,1,628872.8571923774,0.0,628872.8571923774
iterative_q,9000056,303.0,0.0,1.0,2953.35533908487,1.0668420044106814,0,1.0,0,2056.3140149334145,0.8476635420125318,0,1.0,0,5057.248746477964,0.9397578987013574,0,1.4445740408358534,1,7500.0,sailing,oygarden_terminal,sailing_to_terminal,0.0,sailing,celsio,sailing_to_emitter,0.0,sailing,yara_sluiskil,sailing_to_emitter,8280.669304354715,1,630222.6667632088,0.0,630222.6667632088
iterative_q,9000056,304.0,0.0,1.0,2993.139479826035,1.0960860015505978,0,1.0,0,2092.2161396871384,1.4003899397712143,0,1.0,0,5142.892197372969,1.4852629927567376,0,1.4445740408358534,1,7500.0,sailing,oygarden_terminal,sailing_to_terminal,0.0,sailing,celsio,sailing_to_emitter,0.0,sailing,yara_sluiskil,sailing_to_emitter,8026.618966205176,1,631572.2474018502,0.0,631572.2474018502
iterative_q,9000056,305.0,0.0,1.0,3034.014166568515,0.9859546731350877,0,1.0,0,2151.5285576804354,1.1018464261921483,0,1.0,0,5278.249351427583,1.5790712066854586,0,1.4445740408358534,1,7500.0,sailing,oygarden_terminal,sailing_to_terminal,0.0,sailing,celsio,sailing_to_emitter,0.0,sailing,yara_sluiskil,sailing_to_emitter,7773.0939398055625,1,632921.6126626739,0.0,632921.6126626739
iterative_q,9000056,306.0,0.0,1.0,3070.7818854021853,0.8833601614592079,0,1.0,0,2198.1963992142055,0.6328417558899708,0,1.0,0,5422.155466702362,1.566974272010433,0,1.4445740408358534,1,7500.0,sailing,oygarden_terminal,sailing_to_terminal,0.0,sailing,celsio,sailing_to_emitter,0.0,sailing,yara_sluiskil,sailing_to_emitter,7520.064571319249,1,634270.7747037534,0.0,634270.7747037534
iterative_q,9000056,307.0,0.0,1.0,3103.723696729479,1.2193686639191144,0,1.0,0,2224.9999156369886,0.9896494727211618,0,1.0,0,5564.959042300127,1.5969841161454625,0,1.4445740408358534,1,7500.0,sailing,oygarden_terminal,sailing_to_terminal,0.0,sailing,celsio,sailing_to_emitter,0.0,sailing,yara_sluiskil,sailing_to_emitter,7267.50413648362,1,635619.7444820361,0.0,635619.7444820361
iterative_q,9000056,308.0,0.0,1.0,3149.1957564339077,1.556286208614464,0,1.0,0,2266.915743168907,1.0153843248530905,0,1.0,0,5710.497407778714,1.9420149452512574,0,1.4445740408358534,1,7500.0,sailing,oygarden_terminal,sailing_to_terminal,0.0,sailing,celsio,sailing_to_emitter,0.0,sailing,yara_sluiskil,sailing_to_emitter,7015.3884471964075,1,636968.5319146437,0.0,636968.5319146437
iterative_q,9000056,309.0,0.0,1.0,3207.231958450154,1.4042816859603073,0,1.0,0,2309.921550186749,1.2869968634687665,0,1.0,0,5887.479426709151,0.8913009035476811,0,1.4445740408358534,1,7500.0,sailing,oygarden_terminal,sailing_to_terminal,0.0,sailing,celsio,sailing_to_emitter,0.0,sailing,yara_sluiskil,sailing_to_emitter,6763.695523773534,1,638317.1460132472,0.0,638317.1460132472
iterative_q,9000056,310.0,0.0,1.0,3259.5996797922835,1.4122347429184325,0,1.0,0,2364.4312933334277,1.3685409577331376,0,1.0,0,5968.706461582173,1.796232146630103,0,1.4445740408358534,1,7500.0,sailing,oygarden_terminal,sailing_to_terminal,0.0,sailing,celsio,sailing_to_emitter,0.0,sailing,yara_sluiskil,sailing_to_emitter,6512.40531990749,1,639665.5949968323,0.0,639665.5949968323
iterative_q,9000056,311.0,0.0,1.0,3312.2639738062016,1.0547265460279132,0,1.0,0,2422.394772662104,0.9289132002200517,0,1.0,0,6132.402586390014,1.8182406688967436,0,1.4445740408358534,1,7500.0,sailing,oygarden_terminal,sailing_to_terminal,0.0,sailing,celsio,sailing_to_emitter,0.0,sailing,yara_sluiskil,sailing_to_emitter,6261.499490289838,1,641013.8863869755,0.0,641013.8863869755
iterative_q,9000056,312.0,0.0,1.0,3351.596259225254,0.8830565960513355,0,1.0,0,2461.7381629894753,0.572845990701614,0,1.0,0,6298.104293267934,0.7250341376471515,0,1.4445740408358534,1,7500.0,sailing,oygarden_terminal,sailing_to_terminal,0.0,sailing,celsio,sailing_to_emitter,0.0,sailing,yara_sluiskil,sailing_to_emitter,6010.96119305291,1,642362.0270888427,0.0,642362.0270888427
iterative_q,9000056,313.0,0.0,1.0,3384.5267165918463,0.5459917077717827,0,1.0,0,2486.0006058143854,1.000734225902686,0,1.0,0,6364.178772781469,1.6999635986302741,0,1.4445740408358534,1,7500.0,sailing,oygarden_terminal,sailing_to_terminal,0.0,sailing,celsio,sailing_to_emitter,0.0,sailing,yara_sluiskil,sailing_to_emitter,5760.774920841206,1,643710.0234604494,0.0,643710.0234604494
iterative_q,9000056,314.0,0.0,1.0,3404.8875336027154,0.9090155927695581,0,1.0,0,2528.3859193768603,1.071987038284038,0,1.0,0,6519.10130892072,1.9611017372254234,0,1.4445740408358534,1,7500.0,sailing,oygarden_terminal,sailing_to_terminal,0.0,sailing,celsio,sailing_to_emitter,0.0,sailing,yara_sluiskil,sailing_to_emitter,5510.926355586708,1,645057.8813722038,0.0,645057.8813722038
iterative_q,9000056,315.0,0.0,1.0,3438.786028585452,1.2093171217407965,0,1.0,0,2573.789089945543,1.5332396698004462,0,1.0,0,6697.821977785716,1.7517504890844222,0,1.4445740408358534,1,7500.0,sailing,oygarden_terminal,sailing_to_terminal,0.0,sailing,celsio,sailing_to_emitter,0.0,sailing,yara_sluiskil,sailing_to_emitter,5261.402243036438,1,646405.6062583495,0.0,646405.6062583495
iterative_q,9000056,316.0,0.0,1.0,3483.8831909600162,1.2290440595160415,0,1.0,0,2638.7282541000395,0.993761275487312,0,1.0,0,6857.46376636906,1.2763987938126844,0,1.4445740408358534,1,7500.0,sailing,oygarden_terminal,sailing_to_terminal,0.0,sailing,celsio,sailing_to_emitter,0.0,sailing,yara_sluiskil,sailing_to_emitter,5012.190283838379,1,647753.2031616207,0.0,647753.2031616207
iterative_q,9000056,317.0,0.0,1.0,3529.715991640022,0.9344291765658023,0,1.0,0,2680.8182338144647,0.7428253116717913,0,1.0,0,6973.785376011609,1.2938539449213924,0,1.4445740408358534,1,7500.0,sailing,oygarden_terminal,sailing_to_terminal,0.0,sailing,celsio,sailing_to_emitter,0.0,sailing,yara_sluiskil,sailing_to_emitter,4763.279038586275,1,649100.6767721741,0.0,649100.6767721741
iterative_q,9000056,318.0,0.0,1.0,3564.5621778514455,1.1209575865463526,0,1.0,0,2712.2800175152793,0.8385342260854438,0,1.0,0,7091.6976332124505,1.1521023615291512,0,1.4445740408358534,1,7500.0,sailing,oygarden_terminal,sailing_to_terminal,0.0,sailing,celsio,sailing_to_emitter,0.0,sailing,yara_sluiskil,sailing_to_emitter,4514.657844693845,1,650448.03146167,0.0,650448.03146167
iterative_q,9000056,319.0,0.0,1.0,3606.3642656829984,0.8861415997274668,0,1.0,0,2747.795477250295,0.45260260979251465,0,1.0,0,7196.691624716553,1.4454044491118132,0,1.4445740408358534,1,7500.0,sailing,oygarden_terminal,sailing_to_terminal,0.0,sailing,celsio,sailing_to_emitter,0.0,sailing,yara_sluiskil,sailing_to_emitter,4266.31674334329,1,651795.2713132238,0.0,651795.2713132238
iterative_q,9000056,320.0,0.0,1.0,3639.4097291935,1.0924274488558063,0,1.0,0,2766.965105947611,0.6135618876735929,0,1.0,0,7328.414877741226,1.1142984484650627,0,1.4445740408358534,1,7500.0,sailing,oygarden_terminal,sailing_to_terminal,0.0,sailing,celsio,sailing_to_emitter,0.0,sailing,yara_sluiskil,sailing_to_emitter,4018.2464150532123,1,653142.4001478227,0.0,653142.4001478227
iterative_q,9000056,321.0,0.0,1.0,3680.147874882479,0.42935201068516393,0,1.0,0,2792.952038667506,1.3234135630460715,0,1.0,0,7429.963554065945,1.7240456512893472,0,1.4445740408358534,1,7500.0,sailing,oygarden_terminal,sailing_to_terminal,0.0,sailing,celsio,sailing_to_emitter,0.0,sailing,yara_sluiskil,sailing_to_emitter,3770.438122653431,1,654489.4215477066,0.0,654489.4215477066
iterative_q,9000056,322.0,0.0,1.0,3696.1590085895755,0.6899319452423471,0,1.0,0,2849.0041825740886,0.9276635327264128,0,1.0,0,7587.079832329809,2.5733083206166496,0,1.4445740408358534,1,7500.0,sailing,oygarden_terminal,sailing_to_terminal,0.0,sailing,celsio,sailing_to_emitter,0.0,sailing,yara_sluiskil,sailing_to_emitter,3522.883660651047,1,655836.3388771276,0.0,655836.3388771276
iterative_q,9000056,323.0,0.0,1.0,3721.887525693475,1.5424309518788584,0,1.0,0,2888.294644214506,0.5467052794522949,0,1.0,0,7821.591214677942,1.4542598527667239,0,1.4445740408358534,1,7500.0,sailing,oygarden_terminal,sailing_to_terminal,0.0,sailing,celsio,sailing_to_emitter,0.0,sailing,yara_sluiskil,sailing_to_emitter,3275.575310132893,1,657183.15530084,0.0,657183.15530084
iterative_q,9000056,324.0,0.0,1.0,3779.406901358889,0.7863340709338216,0,1.0,0,2911.449917708769,0.5918754238954075,0,1.0,0,7954.121092618352,0.35438406901946107,0,1.4445740408358534,1,7500.0,sailing,oygarden_terminal,sailing_to_terminal,0.0,sailing,celsio,sailing_to_emitter,0.0,sailing,yara_sluiskil,sailing_to_emitter,3028.5057984815912,1,658529.8738006171,0.0,658529.8738006171
iterative_q,9000056,325.0,0.0,1.0,3808.7303777143566,0.9456366631310548,0,1.0,0,2936.5183372575266,0.9699948598414586,0,1.0,0,7986.416863413554,1.5872020260720363,0,1.4445740408358534,1,7500.0,sailing,oygarden_terminal,sailing_to_terminal,0.0,sailing,celsio,sailing_to_emitter,0.0,sailing,yara_sluiskil,sailing_to_emitter,2781.668263291496,1,659876.497190045,0.0,659876.497190045
iterative_q,9000056,326.0,0.0,1.0,3843.994460622195,0.6455401293061425,0,1.0,0,2977.6017090701416,0.7679093373660026,0,1.0,0,8131.061839400854,1.4113625775727756,0,1.4445740408358534,1,7500.0,sailing,oygarden_terminal,sailing_to_terminal,0.0,sailing,celsio,sailing_to_emitter,0.0,sailing,yara_sluiskil,sailing_to_emitter,2535.056219961218,1,661223.0281278105,0.0,661223.0281278105
iterative_q,9000056,327.0,0.0,1.0,3868.067529978597,0.7850749954474737,0,1.0,0,3010.1259070133583,0.6633455585894616,0,1.0,0,8259.682111238415,1.6861243188991666,0,1.4445740408358534,1,7500.0,sailing,oygarden_terminal,sailing_to_terminal,0.0,sailing,celsio,sailing_to_emitter,0.0,sailing,yara_sluiskil,sailing_to_emitter,2288.6635325148854,1,662569.4691296635,0.0,662569.4691296635
iterative_q,9000056,328.0,0.0,1.0,3897.3440387653022,0.63668871306061,0,1.0,0,3038.221388084497,1.2245479209370584,0,1.0,0,8413.341852720016,1.1887514468880895,0,1.4445740408358534,1,7500.0,sailing,oygarden_terminal,sailing_to_terminal,0.0,sailing,celsio,sailing_to_emitter,0.0,sailing,yara_sluiskil,sailing_to_emitter,2042.4843872673573,1,663915.822579215,0.0,663915.822579215
iterative_q,9000056,329.0,0.0,1.0,3921.087018495029,1.0235353782288694,0,1.0,0,3090.0861552302163,1.202693625213691,0,1.0,0,8521.674971265104,1.8568868201786835,0,1.4445740408358534,1,7500.0,sailing,oygarden_terminal,sailing_to_terminal,0.0,sailing,celsio,sailing_to_emitter,0.0,sailing,yara_sluiskil,sailing_to_emitter,1796.5132690017158,1,665262.0907377038,0.0,665262.0907377038
iterative_q,9000056,330.0,0.0,1.0,3959.256025310126,0.6282655985872345,0,1.0,0,3141.02530081434,0.895644773857939,0,1.0,0,8690.896378017187,1.8000265602082424,0,1.4445740408358534,1,7500.0,sailing,oygarden_terminal,sailing_to_terminal,0.0,sailing,celsio,sailing_to_emitter,0.0,sailing,yara_sluiskil,sailing_to_emitter,1550.744939372117,1,666608.2757528521,0.0,666608.2757528521
iterative_q,9000056,331.0,0.0,1.0,3982.684888216018,1.2784246273450435,0,1.0,0,3178.9596330255904,0.6297943314305703,0,1.0,0,8854.935887294541,0.8525252917060782,0,1.4445740408358534,1,7500.0,sailing,oygarden_terminal,sailing_to_terminal,0.0,sailing,celsio,sailing_to_emitter,0.0,sailing,yara_sluiskil,sailing_to_emitter,1305.1744172830404,1,667954.3796669086,0.0,667954.3796669086
iterative_q,9000056,332.0,0.0,1.0,4030.3590415960443,1.2798870758794776,0,1.0,0,3205.634078174576,1.2584555142122253,0,1.0,0,8932.627922941921,1.2210978502388785,0,1.4445740408358534,1,7500.0,sailing,oygarden_terminal,sailing_to_terminal,0.0,sailing,celsio,sailing_to_emitter,0.0,sailing,yara_sluiskil,sailing_to_emitter,1059.7969610282414,1,669300.4044239729,0.0,669300.4044239729
iterative_q,9000056,333.0,0.0,1.0,4078.087722666304,1.0503155661421046,0,1.0,0,3258.9349748499117,1.6640202779739677,0,1.0,0,9043.908501810989,1.6902579969291878,0,1.4445740408358534,1,7500.0,sailing,oygarden_terminal,sailing_to_terminal,0.0,sailing,celsio,sailing_to_emitter,0.0,sailing,yara_sluiskil,sailing_to_emitter,814.6080520002428,1,670646.3518766745,0.0,670646.3518766745
iterative_q,9000056,334.0,0.0,1.0,4117.255372343028,0.8159637902805874,0,1.0,0,3329.4132491316013,0.7071685593920104,0,1.0,0,9197.944272121753,0.7893993127565581,0,1.4445740408358534,1,7500.0,sailing,oygarden_terminal,sailing_to_terminal,0.0,loading,celsio,loading,0.0,sailing,yara_sluiskil,sailing_to_emitter,569.6033798047692,1,671577.0837922746,0.0,671577.0837922746
iterative_q,9000056,335.0,0.0,1.0,4147.683730995157,0.3911178704978876,0,1.0,0,2559.364819044499,0.8172992198786356,0,1.0,0,9269.883373754064,1.145501794619267,0,1.4445740408358534,1,7500.0,sailing,oygarden_terminal,sailing_to_terminal,800.0,loading,celsio,loading,0.0,sailing,yara_sluiskil,sailing_to_emitter,324.77882863477805,1,678788.1618582543,0.0,678788.1618582543
iterative_q,9000056,336.0,0.0,1.0,4162.2690264037265,0.0,1,1.0,0,1793.9808867398706,1.2260967593942762,0,1.0,0,9374.274533090194,2.258131944065115,0,1.4445740408358534,1,7500.0,sailing,oygarden_terminal,sailing_to_terminal,1600.0,loading,celsio,loading,0.0,sailing,yara_sluiskil,sailing_to_emitter,80.13046477617905,1,685999.1676874364,0.0,685999.1676874364
iterative_q,9000056,337.0,0.0,1.0,4162.2690264037265,0.0,1,1.0,0,1045.9112537241558,0.9905690614660657,0,1.0,0,9580.06106208009,1.7222171570827436,0,1.4445740408358534,1,7500.0,sailing,oygarden_terminal,sailing_to_terminal,2400.0,loading,celsio,loading,0.0,sailing,yara_sluiskil,sailing_to_emitter,0.0,1,693142.7211779946,0.0,693142.7211779946
iterative_q,9000056,338.0,0.0,1.0,4162.2690264037265,0.0,1,1.0,0,287.86602971640673,1.4662094967618786,0,1.0,0,9737.008857487619,1.3431523554473581,0,1.4445740408358534,1,7500.0,sailing,oygarden_terminal,sailing_to_terminal,3200.0,loading,celsio,loading,0.0,sailing,yara_sluiskil,sailing_to_emitter,0.0,1,700253.4211779947,0.0,700253.4211779947
iterative_q,9000056,339.0,0.0,1.0,4162.2690264037265,0.0,1,1.0,0,0.0,1.152334451155371,0,1.0,0,9859.411915216164,0.6940275203011959,0,1.4445740408358534,1,7500.0,sailing,oygarden_terminal,sailing_to_terminal,3549.9661834435105,idle,celsio,idle,0.0,loading,yara_sluiskil,loading,0.0,1,703415.9794502726,0.0,703415.9794502726
iterative_q,9000056,340.0,0.0,1.0,4162.2690264037265,0.0,1,1.0,0,0.0,0.9824353575231846,0,1.0,0,9122.659414899814,1.4036245234731977,0,1.4445740408358534,1,7500.0,unloading,oygarden_terminal,unloading,3598.7724056919865,idle,celsio,idle,800.0,loading,yara_sluiskil,loading,0.0,1,710079.5539181897,0.0,710079.5539181897
iterative_q,9000056,341.0,0.0,1.0,4162.2690264037265,0.0,1,1.0,0,0.0,0.7828854916135928,0,1.0,0,8450.573184511553,1.4032963642371306,0,1.4445740408358534,1,6700.0,unloading,oygarden_terminal,unloading,3640.382685030561,idle,celsio,idle,1600.0,loading,yara_sluiskil,loading,528.4279768684328,1,716822.4009858783,0.0,716822.4009858783
iterative_q,9000056,342.0,0.0,1.0,4162.2690264037265,0.0,1,1.0,0,0.0,0.8430994148428652,0,1.0,0,7778.456954608328,2.015671633783951,0,1.4445740408358534,1,5900.0,unloading,oygarden_terminal,unloading,3673.541186245629,idle,celsio,idle,2400.0,loading,yara_sluiskil,loading,1067.4185786951555,1,723494.5664818808,0.0,723494.5664818808
iterative_q,9000056,343.0,0.0,1.0,4162.2690264037265,0.0,1,1.0,0,0.0,0.8571911431977813,0,1.0,0,7162.146946871917,1.2413540929614486,0,1.4445740408358534,1,5100.0,unloading,oygarden_terminal,unloading,3709.250000971357,idle,celsio,idle,3200.0,loading,yara_sluiskil,loading,1611.2332674279364,1,730184.775402225,0.0,730184.775402225
iterative_q,9000056,344.0,0.0,1.0,4162.2690264037265,0.5824352516201594,0,1.0,0,0.0,0.9327541114818712,0,1.0,0,6475.272593066348,1.7232752964598443,0,1.4445740408358534,1,4300.0,unloading,oygarden_terminal,unloading,3745.555659803643,idle,celsio,idle,4000.0,loading,yara_sluiskil,loading,2157.899288452922,1,736878.5008159091,0.0,736878.5008159091
iterative_q,9000056,345.0,0.0,1.0,4183.988763815836,1.5202723525053523,0,1.0,0,0.0,0.9824604070265209,0,1.0,0,5832.3160098176395,0.9397691776670212,0,1.4445740408358534,1,3500.0,unloading,oygarden_terminal,unloading,3785.061728916234,idle,celsio,idle,4800.0,loading,yara_sluiskil,loading,2706.480625224735,1,743596.5658510529,0.0,743596.5658510529
iterative_q,9000056,346.0,0.0,1.0,4240.681608019023,0.9010166912757512,0,1.0,0,0.0,0.8892303186085444,0,1.0,0,5117.957842214551,1.5655022868726234,0,1.4445740408358534,1,2700.0,unloading,oygarden_terminal,unloading,3826.673069206883,idle,celsio,idle,5600.0,loading,yara_sluiskil,loading,3256.454804628089,1,750330.5873047326,0.0,750330.5873047326
iterative_q,9000056,347.0,0.0,1.0,4274.2816331923095,1.2768360404498655,0,1.0,0,0.0,1.0385802391448695,0,1.0,0,4460.623072235224,1.6995433586116768,0,1.4445740408358534,1,1900.0,unloading,oygarden_terminal,unloading,3864.335722194978,idle,celsio,idle,6400.0,loading,yara_sluiskil,loading,3807.499096752685,1,757033.170743811,0.0,757033.170743811
iterative_q,9000056,348.0,0.0,1.0,4321.896418372179,1.0993288637324086,0,1.0,0,0.0,0.8276073454357162,0,1.0,0,3815.5034374424804,2.3482202259095457,0,1.4445740408358534,1,1100.0,unloading,oygarden_terminal,unloading,3908.3239739770515,idle,celsio,idle,7200.0,loading,yara_sluiskil,loading,4359.399635153187,1,763785.0623933882,0.0,763785.0623933882
iterative_q,9000056,349.0,0.0,1.0,4362.891736179961,1.0741093756807834,0,1.0,0,0.0,0.8949277010052501,0,1.0,0,3729.497941873712,1.7235473725842736,0,1.4445740408358534,1,300.0,unloading,oygarden_terminal,unloading,3943.3766342488225,idle,celsio,idle,7500.0,idle,yara_sluiskil,idle,4912.0071124420065,1,766541.2526134799,0.0,766541.2526134799
iterative_q,9000056,350.0,0.0,1.0,4402.946581990208,1.173018470505251,0,1.0,0,37.903961152759784,0.7141462814692279,0,1.0,0,3886.5655757452555,1.2979126879674572,0,1.4445740408358534,1,0.0,idle,oygarden_terminal,idle,3943.3766342488225,sailing,oygarden_terminal,sailing_to_terminal,7500.0,idle,yara_sluiskil,idle,4965.212989983173,1,767066.7357036879,0.0,767066.7357036879
iterative_q,9000056,351.0,0.0,1.0,4446.689861280716,0.7031169149961716,0,1.0,0,68.15106701370426,1.1391395080962399,0,1.0,0,4004.844845716988,0.9956511776249307,0,1.4445740408358534,1,0.0,sailing,brevik,sailing_to_emitter,3943.3766342488225,sailing,oygarden_terminal,sailing_to_terminal,7500.0,sailing,oygarden_terminal,sailing_to_terminal,4718.93576374378,1,768413.129366446,0.0,768413.129366446
iterative_q,9000056,352.0,0.0,1.0,4472.909937593689,1.1890236259289175,0,1.0,0,116.39842779374615,1.0467370508210398,0,1.0,0,4095.5788441945106,2.0215163808608927,0,1.4445740408358534,1,0.0,sailing,brevik,sailing_to_emitter,3943.3766342488225,sailing,oygarden_terminal,sailing_to_terminal,7500.0,sailing,oygarden_terminal,sailing_to_terminal,4473.112574112921,1,769759.3368741947,0.0,769759.3368741947
iterative_q,9000056,353.0,0.0,1.0,4517.250053054882,1.0890004380356726,0,1.0,0,160.73215493942345,0.6175292265047778,0,1.0,0,4279.800119167811,0.8652290202572308,0,1.4445740408358534,1,0.0,sailing,brevik,sailing_to_emitter,3943.3766342488225,sailing,oygarden_terminal,sailing_to_terminal,7500.0,sailing,oygarden_terminal,sailing_to_terminal,4227.693841364158,1,771105.3785546216,0.0,771105.3785546216
iterative_q,9000056,354.0,0.0,1.0,4557.860177477754,1.0354584361118513,0,1.0,0,186.88712118511972,0.7762609505995592,0,1.0,0,4358.6485903337025,1.4114111573293573,0,1.4445740408358534,1,0.0,sailing,brevik,sailing_to_emitter,3943.3766342488225,sailing,oygarden_terminal,sailing_to_terminal,7500.0,sailing,oygarden_terminal,sailing_to_terminal,3982.6397042761278,1,772451.2707508277,0.0,772451.2707508277
iterative_q,9000056,355.0,0.0,1.0,4596.473650614071,0.6937541853409914,0,1.0,0,219.76504515917878,1.4522094359460507,0,1.0,0,4487.27064012212,1.2441694319239565,0,1.4445740408358534,1,0.0,sailing,brevik,sailing_to_emitter,3943.3766342488225,sailing,oygarden_terminal,sailing_to_terminal,7500.0,sailing,oygarden_terminal,sailing_to_terminal,3737.917579930416,1,773797.0268218095,0.0,773797.0268218095
iterative_q,9000056,356.0,0.0,1.0,4622.344562815375,1.2285416618407712,0,1.0,0,281.27223728647596,1.0055247976230752,0,1.0,0,4600.651850220128,2.175569748649282,0,1.4445740408358534,1,0.0,sailing,brevik,sailing_to_emitter,3943.3766342488225,sailing,oygarden_terminal,sailing_to_terminal,7500.0,sailing,oygarden_terminal,sailing_to_terminal,3493.5004460188975,1,775142.6578467132,0.0,775142.6578467132
iterative_q,9000056,357.0,0.0,1.0,4668.158322464787,1.211900931422343,0,1.0,0,323.86045175836,0.7040931611240495,0,1.0,0,4798.911462674154,1.498022888077368,0,1.4445740408358534,1,0.0,sailing,brevik,sailing_to_emitter,3943.3766342488225,sailing,oygarden_terminal,sailing_to_terminal,7500.0,sailing,oygarden_terminal,sailing_to_terminal,3249.3656032131184,1,776488.1731322635,0.0,776488.1731322635
iterative_q,9000056,358.0,0.0,1.0,4713.351522485913,0.4739458737316383,0,1.0,0,353.6817655887308,1.0210002403319203,0,1.0,0,4935.42614615247,1.1178689403383377,0,1.4445740408358534,1,0.0,sailing,brevik,sailing_to_emitter,3943.3766342488225,sailing,oygarden_terminal,sailing_to_terminal,7500.0,sailing,oygarden_terminal,sailing_to_terminal,3005.493765068832,1,777833.5805859027,0.0,777833.5805859027
iterative_q,9000056,359.0,0.0,1.0,4731.025514368525,1.0731316173361025,0,1.0,0,396.92543030380085,0.9855432889059627,0,1.0,0,5037.297361590735,1.6802703383355722,0,1.4445740408358534,1,0.0,sailing,brevik,sailing_to_emitter,3943.3766342488225,sailing,oygarden_terminal,sailing_to_terminal,7500.0,sailing,oygarden_terminal,sailing_to_terminal,2761.868376643432,1,779178.8869951571,0.0,779178.8869951571
iterative_q,9000056,360.0,0.0,1.0,4771.0438318460065,0.7587673283113473,0,1.0,0,438.6673436394744,0.8718051424423308,0,1.0,0,5190.420012741348,0.8998083095335137,0,1.4445740408358534,1,0.0,sailing,brevik,sailing_to_emitter,3943.3766342488225,sailing,oygarden_terminal,sailing_to_terminal,7500.0,sailing,oygarden_terminal,sailing_to_terminal,2518.475096125578,1,780524.0982401693,0.0,780524.0982401693
iterative_q,9000056,361.0,0.0,1.0,4799.3391373423965,0.6301457425910042,0,1.0,0,475.5919669523876,1.4372886144928954,0,1.0,0,5272.419277645878,1.8008170521767117,0,1.4445740408358534,1,0.0,sailing,brevik,sailing_to_emitter,3943.3766342488225,sailing,oygarden_terminal,sailing_to_terminal,7500.0,sailing,oygarden_terminal,sailing_to_terminal,2275.301394788082,1,781869.2194577176,0.0,781869.2194577176
iterative_q,9000056,362.0,0.0,1.0,4822.837991710053,0.7078122365383559,0,1.0,0,536.4671993849604,0.9624132786211775,0,1.0,0,5436.5270819141515,1.4692676097634798,0,1.4445740408358534,1,0.0,sailing,brevik,sailing_to_emitter,3943.3766342488225,sailing,oygarden_terminal,sailing_to_terminal,7500.0,sailing,oygarden_terminal,sailing_to_terminal,2032.3362442420698,1,783214.2551694416,0.0,783214.2551694416
iterative_q,9000056,363.0,0.0,1.0,4849.233114085268,1.4878056300374416,0,1.0,0,577.2294592689499,0.5989170740234072,0,1.0,0,5570.420807406826,1.3202822895033328,0,1.4445740408358534,1,0.0,sailing,brevik,sailing_to_emitter,3943.3766342488225,sailing,oygarden_terminal,sailing_to_terminal,7500.0,sailing,oygarden_terminal,sailing_to_terminal,1789.5698690607094,1,784559.2093832659,0.0,784559.2093832659
iterative_q,9000056,364.0,0.0,1.0,4904.715067249726,1.4842780548683145,0,1.0,0,602.5961223882252,0.5814599784740808,0,1.0,0,5690.737476268966,0.8418385134707173,0,1.4445740408358534,1,0.0,sailing,brevik,sailing_to_emitter,3943.3766342488225,sailing,oygarden_terminal,sailing_to_terminal,7500.0,sailing,oygarden_terminal,sailing_to_terminal,1546.9935490095108,1,785904.0856744869,0.0,785904.0856744869
iterative_q,9000056,365.0,0.0,1.0,4960.0654642443,1.0354337919585923,0,1.0,0,627.2234039118719,1.0024067100563736,0,1.0,0,5767.453745204631,1.8507541659301674,0,1.4445740408358534,1,0.0,sailing,brevik,sailing_to_emitter,3943.3766342488225,sailing,oygarden_terminal,sailing_to_terminal,7500.0,sailing,oygarden_terminal,sailing_to_terminal,1304.599459382941,1,787248.8872512337,0.0,787248.8872512337
iterative_q,9000056,366.0,0.0,1.0,4998.677947961415,1.1035518147346628,0,1.0,0,669.6795542294489,0.8752827031640203,0,1.0,0,5936.111804519968,1.6701942843779043,0,1.4445740408358534,1,0.0,sailing,brevik,sailing_to_emitter,3943.3766342488225,sailing,oygarden_terminal,sailing_to_terminal,7500.0,sailing,oygarden_terminal,sailing_to_terminal,1062.3805409417153,1,788593.6170077947,0.0,788593.6170077947
iterative_q,9000056,367.0,0.0,1.0,5039.830621178937,0.5301139036998301,0,1.0,0,706.7514669003217,0.893477078198422,0,1.0,0,6088.315443859716,1.8841914737664625,0,1.4445740408358534,1,0.0,sailing,brevik,sailing_to_emitter,3943.3766342488225,sailing,oygarden_terminal,sailing_to_terminal,7500.0,sailing,oygarden_terminal,sailing_to_terminal,820.3303930807658,1,789938.2775684177,0.0,789938.2775684177
iterative_q,9000056,368.0,0.0,1.0,5059.599154423767,0.7503440401135684,0,1.0,0,744.5939880613865,1.0540595669886255,0,1.0,0,6260.020371457576,1.135256319864884,0,1.4445740408358534,1,0.0,sailing,brevik,sailing_to_emitter,3943.3766342488225,sailing,oygarden_terminal,sailing_to_terminal,7500.0,sailing,oygarden_terminal,sailing_to_terminal,578.4431854020935,1,791282.8713235658,0.0,791282.8713235658
iterative_q,9000056,369.0,0.0,1.0,5087.580308307702,1.3606412627084348,0,1.0,0,789.2378546384892,0.8555885537570094,0,1.0,0,6363.475335353605,1.4116512751223185,0,1.4445740408358534,1,0.0,sailing,brevik,sailing_to_emitter,3943.3766342488225,sailing,oygarden_terminal,sailing_to_terminal,7500.0,sailing,oygarden_terminal,sailing_to_terminal,336.7135839975475,1,792627.4004601416,0.0,792627.4004601416
iterative_q,9000056,370.0,0.0,1.0,5138.320108174999,1.3960130168268465,0,1.0,0,825.4756370514413,1.1026025016437393,0,1.0,0,6492.117846981006,1.3883023118701963,0,1.4445740408358534,1,0.0,sailing,brevik,sailing_to_emitter,3943.3766342488225,sailing,oygarden_terminal,sailing_to_terminal,7500.0,sailing,oygarden_terminal,sailing_to_terminal,95.1366895844605,1,793971.8669868511,0.0,793971.8669868511
iterative_q,9000056,371.0,0.0,1.0,5190.378949642609,0.766288549709235,0,1.0,0,872.1755015682005,1.1553850911905639,0,1.0,0,6618.632495561704,1.0600509684737391,0,1.4445740408358534,1,0.0,sailing,brevik,sailing_to_emitter,3943.3766342488225,sailing,oygarden_terminal,sailing_to_terminal,7500.0,sailing,oygarden_terminal,sailing_to_terminal,0.0,1,795256.2930295807,0.0,795256.2930295807
iterative_q,9000056,372.0,0.0,1.0,5218.9546772529,1.099050815434832,0,1.0,0,921.1109312836653,1.0600819792357423,0,1.0,0,6715.233845286065,1.4036055145806716,0,1.4445740408358534,1,0.0,sailing,brevik,sailing_to_emitter,3943.3766342488225,sailing,oygarden_terminal,sailing_to_terminal,7500.0,sailing,oygarden_terminal,sailing_to_terminal,0.0,1,796501.7130295807,0.0,796501.7130295807
iterative_q,9000056,373.0,0.0,1.0,5259.941336422681,1.1276654452338382,0,1.0,0,966.0098724099234,0.9190601990294962,0,1.0,0,6843.144852351116,2.36733691485629,0,1.4445740408358534,1,0.0,sailing,brevik,sailing_to_emitter,3943.3766342488225,sailing,oygarden_terminal,sailing_to_terminal,7500.0,sailing,oygarden_terminal,sailing_to_terminal,0.0,1,797747.1330295806,0.0,797747.1330295806
iterative_q,9000056,374.0,0.0,1.0,5301.998952103233,0.8637626585801328,0,1.0,0,1004.9359465966218,0.9059898194283769,0,1.0,0,7058.887523656951,1.5003012683017536,0,1.4445740408358534,1,0.0,sailing,brevik,sailing_to_emitter,3943.3766342488225,sailing,oygarden_terminal,sailing_to_terminal,7500.0,sailing,oygarden_terminal,sailing_to_terminal,0.0,1,798992.5530295806,0.0,798992.5530295806
iterative_q,9000056,375.0,0.0,1.0,5334.216941670531,1.2775555923887003,0,1.0,0,1043.3084351024922,0.5314598858240362,0,1.0,0,7195.618711490973,0.9390682342002142,0,1.4445740408358534,1,0.0,sailing,brevik,sailing_to_emitter,3943.3766342488225,sailing,oygarden_terminal,sailing_to_terminal,7500.0,sailing,oygarden_terminal,sailing_to_terminal,0.0,1,800237.9730295807,0.0,800237.9730295807
iterative_q,9000056,376.0,0.0,1.0,5381.873583880295,0.9547713027654956,0,1.0,0,1065.8180019020188,0.8591306255375977,0,1.0,0,7281.204053122815,1.2231736730695295,0,1.4445740408358534,1,0.0,sailing,brevik,sailing_to_emitter,3943.3766342488225,sailing,oygarden_terminal,sailing_to_terminal,7500.0,sailing,oygarden_terminal,sailing_to_terminal,0.0,1,801483.3930295806,0.0,801483.3930295806
iterative_q,9000056,377.0,0.0,1.0,5417.492656371615,1.110263143839288,0,1.0,0,1102.2058059882534,0.9795075183068198,0,1.0,0,7392.6857297305305,1.3891513088333636,0,1.4445740408358534,1,0.0,sailing,brevik,sailing_to_emitter,3943.3766342488225,sailing,oygarden_terminal,sailing_to_terminal,7500.0,sailing,oygarden_terminal,sailing_to_terminal,0.0,1,802728.8130295805,0.0,802728.8130295805
iterative_q,9000056,378.0,0.0,1.0,5458.916347774578,0.9246843184129228,0,1.0,0,1143.6920789922444,0.4068002398651579,0,1.0,0,7519.298657479002,0.8649978780073203,0,1.4445740408358534,1,0.0,loading,brevik,loading,3943.3766342488225,sailing,oygarden_terminal,sailing_to_terminal,7500.0,sailing,oygarden_terminal,sailing_to_terminal,0.0,1,803559.0930295805,0.0,803559.0930295805
iterative_q,9000056,379.0,0.0,1.0,4693.419277759698,1.017801711740144,0,1.0,0,1160.9217842203452,1.3053707641534724,0,1.0,0,7598.14048239607,1.3475076396967465,0,1.4445740408358534,1,800.0,loading,brevik,loading,3943.3766342488225,sailing,oygarden_terminal,sailing_to_terminal,7500.0,sailing,oygarden_terminal,sailing_to_terminal,0.0,1,810669.7930295805,0.0,810669.7930295805
iterative_q,9000056,380.0,0.0,1.0,3931.400179151624,1.4263428705430097,0,1.0,0,1216.2097395253863,0.6544813531150215,0,1.0,0,7720.96526070885,1.931948987889899,0,1.4445740408358534,1,1600.0,loading,brevik,loading,3943.3766342488225,sailing,oygarden_terminal,sailing_to_terminal,7500.0,sailing,oygarden_terminal,sailing_to_terminal,0.0,1,817780.4930295806,0.0,817780.4930295806
iterative_q,9000056,381.0,0.0,1.0,3184.6313036383463,1.1640543276420698,0,1.0,0,1243.9297841231923,0.9438432160727175,0,1.0,0,7897.066954899034,1.287062674135663,0,1.4445740408358534,1,2400.0,loading,brevik,loading,3943.3766342488225,sailing,oygarden_terminal,sailing_to_terminal,7500.0,sailing,oygarden_terminal,sailing_to_terminal,0.0,1,824891.1930295806,0.0,824891.1930295806
iterative_q,9000056,382.0,0.0,1.0,2428.0777794071514,1.0955080839541254,0,1.0,0,1283.905523566871,0.9996610480948711,0,1.0,0,8014.389290675576,1.8999261744917624,0,1.4445740408358534,1,3200.0,loading,brevik,loading,3943.3766342488225,unloading,oygarden_terminal,unloading,7500.0,sailing,oygarden_terminal,sailing_to_terminal,0.0,1,831586.7530295807,0.0,831586.7530295807
iterative_q,9000056,383.0,0.0,1.0,1668.9696037013873,0.3798409524299732,0,1.0,0,1326.2453835246674,1.2294754513310782,0,1.0,0,8187.582498700084,1.8773228756208247,0,1.4445740408358534,1,4000.0,loading,brevik,loading,3143.3766342488225,unloading,oygarden_terminal,unloading,7500.0,sailing,oygarden_terminal,sailing_to_terminal,515.0257864178675,1,838423.5724571494,0.0,838423.5724571494
iterative_q,9000056,384.0,0.0,1.0,883.1491485012439,0.6896286517168775,0,1.0,0,1378.3188523570414,0.4782199080144294,0,1.0,0,8358.720410349893,1.0735733595536918,0,1.4445740408358534,1,4800.0,loading,brevik,loading,2343.3766342488225,unloading,oygarden_terminal,unloading,7500.0,sailing,oygarden_terminal,sailing_to_terminal,1043.4340114745196,1,845254.9050848763,0.0,845254.9050848763
iterative_q,9000056,385.0,0.0,1.0,108.89548183592547,0.9041135787932818,0,1.0,0,1398.5734816365846,0.8468243640251011,0,1.0,0,8456.590977896176,0.9994381390742949,0,1.4445740408358534,1,5600.0,loading,brevik,loading,1543.3766342488225,unloading,oygarden_terminal,unloading,7500.0,sailing,oygarden_terminal,sailing_to_terminal,1578.568276259162,1,852083.4800363143,0.0,852083.4800363143
iterative_q,9000056,386.0,0.0,1.0,0.0,1.031979623295664,0,1.0,0,1434.4400636645664,0.5250340221377968,0,1.0,0,8547.705883211105,2.025267880194117,0,1.4445740408358534,1,5742.652390417829,idle,brevik,idle,743.3766342488225,unloading,oygarden_terminal,unloading,7500.0,sailing,oygarden_terminal,sailing_to_terminal,2117.967741884209,1,853749.7824126933,0.0,853749.7824126933
iterative_q,9000056,387.0,0.0,1.0,0.0,0.8930175302065796,0,1.0,0,1456.6774680455394,1.388769089959476,0,1.0,0,8732.347293624181,1.0962936910997434,0,1.4445740408358534,1,5781.1869491750085,idle,brevik,idle,0.0,idle,oygarden_terminal,idle,7500.0,sailing,oygarden_terminal,sailing_to_terminal,2603.7615178744154,1,854595.7394732268,0.0,854595.7394732268
iterative_q,9000056,388.0,0.0,1.0,0.0,0.9042481752575687,0,1.0,0,1515.4976940558065,1.26207468453348,0,1.0,0,8832.298185170812,1.3494230640091889,0,1.4445740408358534,1,5814.535643117046,idle,brevik,idle,0.0,sailing,yara_sluiskil,sailing_to_emitter,7500.0,sailing,oygarden_terminal,sailing_to_terminal,2348.457745758233,1,855792.498775304,0.0,855792.498775304
iterative_q,9000056,389.0,0.0,1.0,0.0,1.3680958518851223,0,1.0,0,1568.9518778526694,1.5603113463718237,0,1.0,0,8955.33101393205,0.6528947227372841,0,1.4445740408358534,1,5848.306809503967,idle,brevik,idle,0.0,sailing,yara_sluiskil,sailing_to_emitter,7500.0,sailing,oygarden_terminal,sailing_to_terminal,2094.952555211648,1,856991.8372894276,0.0,856991.8372894276
iterative_q,9000056,390.0,0.0,1.0,0.0,1.207522666982921,0,1.0,0,1635.0376416441525,0.7058101951292947,0,1.0,0,9014.860092695486,1.1666294771259802,0,1.4445740408358534,1,5899.406059680839,idle,brevik,idle,0.0,sailing,yara_sluiskil,sailing_to_emitter,7500.0,sailing,oygarden_terminal,sailing_to_terminal,1842.912715661546,1,858326.609564638,0.0,858326.609564638
iterative_q,9000056,391.0,0.0,1.0,0.0,0.8911118708896004,0,1.0,0,1664.9316791036608,1.3247092546282415,0,1.0,0,9121.233255256773,1.497676919097012,0,1.4445740408358534,1,5944.511908476703,idle,brevik,idle,0.0,sailing,yara_sluiskil,sailing_to_emitter,7500.0,sailing,oygarden_terminal,sailing_to_terminal,1592.0961489687306,1,859613.8289506003,0.0,859613.8289506003
iterative_q,9000056,392.0,0.0,1.0,0.0,1.5042693119809953,0,1.0,0,1721.0387010113843,0.5369631494435316,0,1.0,0,9257.79541756529,1.7492203685534815,0,1.4445740408358534,1,5977.801568508973,idle,brevik,idle,0.0,sailing,yara_sluiskil,sailing_to_emitter,7500.0,sailing,oygarden_terminal,sailing_to_terminal,1342.3206583021795,1,860807.8582100985,0.0,860807.8582100985
iterative_q,9000056,393.0,0.0,1.0,0.0,1.3202728163574844,0,1.0,0,1743.781354226956,0.6339074241686632,0,1.0,0,9417.298799299851,1.7387117504003768,0,1.4445740408358534,1,6034.002342616421,idle,brevik,idle,0.0,sailing,yara_sluiskil,sailing_to_emitter,7500.0,sailing,oygarden_terminal,sailing_to_terminal,1093.4452251207472,1,862181.3827198527,0.0,862181.3827198527
iterative_q,9000056,394.0,0.0,1.0,0.0,0.7966239993933738,0,1.0,0,1770.630006194199,0.8127273521603631,0,1.0,0,9575.848738498935,1.5136584966030922,0,1.4445740408358534,1,6083.3333448747335,idle,brevik,idle,0.0,sailing,yara_sluiskil,sailing_to_emitter,7500.0,sailing,oygarden_terminal,sailing_to_terminal,845.3581933338493,1,863500.6526693893,0.0,863500.6526693893
iterative_q,9000056,395.0,0.0,1.0,0.0,0.7240549004973407,0,1.0,0,1805.0524360167071,1.6053365320595017,0,1.0,0,9713.880655424622,1.843131899677714,0,1.4445740408358534,1,6113.101313258913,idle,brevik,idle,0.0,sailing,yara_sluiskil,sailing_to_emitter,7500.0,sailing,oygarden_terminal,sailing_to_terminal,597.9694710744598,1,864666.0562255149,0.0,864666.0562255149
iterative_q,9000056,396.0,0.0,1.0,0.0,0.8456926935800549,0,1.0,0,1873.0452062482461,0.9011406837788426,0,1.0,0,9881.96263423849,0.6471259852881094,0,1.4445740408358534,1,6140.160009492473,idle,brevik,idle,0.0,sailing,yara_sluiskil,sailing_to_emitter,7500.0,unloading,oygarden_terminal,unloading,351.2051968101497,1,865394.7945492123,0.0,865394.7945492123
iterative_q,9000056,397.0,0.0,1.0,31.607306902807327,0.8491510291830311,0,1.0,0,1911.2123134154028,0.7860300488189385,0,1.0,0,9940.978216445503,1.2408532209784873,0,1.4445740408358534,1,6140.160009492473,sailing,celsio,sailing_to_emitter,0.0,sailing,yara_sluiskil,sailing_to_emitter,6700.0,unloading,oygarden_terminal,unloading,905.0039807119754,1,866350.4370478125,0.0,866350.4370478125
iterative_q,9000056,398.0,0.0,1.0,63.34675688876864,1.4738669988003519,0,1.0,0,1944.5039998855707,0.0,1,1.0,0,10054.143023866778,1.4825337091941613,0,1.4445740408358534,1,6140.160009492473,sailing,celsio,sailing_to_emitter,0.0,sailing,yara_sluiskil,sailing_to_emitter,5900.0,unloading,oygarden_terminal,unloading,1459.3141883519677,1,867305.8698626802,0.0,867305.8698626802
iterative_q,9000056,399.0,0.0,1.0,118.44177121954627,0.8264061068751918,0,1.0,0,1944.5039998855707,0.0,1,1.0,0,10189.352980190817,1.4571704538750037,0,1.0,0,6140.160009492473,sailing,celsio,sailing_to_emitter,0.0,sailing,yara_sluiskil,sailing_to_emitter,5100.0,unloading,oygarden_terminal,unloading,2014.0919346500204,1,868261.1109866981,0.0,868261.1109866981
iterative_q,9000056,400.0,0.0,1.0,149.33668998465393,0.7133171068303934,0,1.0,0,1944.5039998855707,0.0,1,1.0,0,10322.25377282818,1.3006602303339163,0,1.0,0,6140.160009492473,sailing,celsio,sailing_to_emitter,0.0,sailing,yara_sluiskil,sailing_to_emitter,4300.0,unloading,oygarden_terminal,unloading,2569.299574183936,1,869216.1758544891,0.0,869216.1758544891
iterative_q,9000056,401.0,0.0,1.0,176.00624133366037,0.5824524017444486,0,1.0,0,1944.5039998855707,0.0,1,1.0,0,10440.88368095599,0.7000051089938346,0,1.0,0,6140.160009492473,sailing,celsio,sailing_to_emitter,0.0,sailing,yara_sluiskil,sailing_to_emitter,3500.0,unloading,oygarden_terminal,unloading,3124.9045461089877,1,870171.077816,0.0,870171.077816
iterative_q,9000056,402.0,0.0,1.0,197.78499633463028,0.25465930201071285,0,1.0,0,1944.5039998855707,0.0,1,1.0,0,10504.731293248386,1.2890957686415494,0,1.0,0,6140.160009492473,sailing,celsio,sailing_to_emitter,0.0,sailing,yara_sluiskil,sailing_to_emitter,2700.0,unloading,oygarden_terminal,unloading,3680.8784773667935,1,871125.8285041843,0.0,871125.8285041843
iterative_q,9000056,403.0,0.0,1.0,207.30795011954535,1.0761051736068266,0,1.0,0,1944.5039998855707,0.0,1,1.0,0,10622.313540475136,1.0091631751905663,0,1.0,0,6140.160009492473,loading,celsio,loading,0.0,sailing,yara_sluiskil,sailing_to_emitter,1900.0,unloading,oygarden_terminal,unloading,4237.196477281081,1,871665.2981242194,0.0,871665.2981242194
iterative_q,9000056,404.0,0.0,1.0,247.5524348637524,0.9446224169524199,0,1.0,0,1144.5039998855707,0.0,1,1.0,0,10714.365086097629,1.2775996297587553,0,1.0,0,6940.160009492473,loading,celsio,loading,0.0,sailing,yara_sluiskil,sailing_to_emitter,1100.0,unloading,oygarden_terminal,unloading,4793.836576155764,1,878485.0556836808,0.0,878485.0556836808
iterative_q,9000056,405.0,0.0,1.0,282.88290589116787,1.2407193351579509,0,1.0,0,584.664009378044,0.0,1,1.0,0,10830.905775984787,0.7447801710112933,0,1.0,0,7500.0,idle,celsio,idle,0.0,sailing,yara_sluiskil,sailing_to_emitter,300.0,unloading,oygarden_terminal,unloading,5350.779273724022,1,883419.3070191569,0.0,883419.3070191569
iterative_q,9000056,406.0,0.0,1.0,329.29212304677185,0.7677921987769936,0,1.0,0,584.664009378044,0.9518159433292861,0,1.0,0,10898.845539264048,0.5397880546181916,0,1.0,0,7500.0,sailing,oygarden_terminal,sailing_to_terminal,0.0,sailing,yara_sluiskil,sailing_to_emitter,0.0,idle,oygarden_terminal,idle,5408.007172445342,1,884358.2810806811,0.0,884358.2810806811
iterative_q,9000056,407.0,0.0,1.0,358.0140713723834,1.2040410143497815,0,1.0,0,624.9774274340564,0.8331470891720322,0,1.0,0,10948.087156661717,0.48504274065085184,0,1.0,0,7500.0,sailing,oygarden_terminal,sailing_to_terminal,0.0,sailing,yara_sluiskil,sailing_to_emitter,0.0,sailing,yara_sluiskil,sailing_to_emitter,5165.504677083426,1,885703.1271037796,0.0,885703.1271037796
iterative_q,9000056,408.0,0.0,1.0,403.0595285809719,1.5741571535720267,0,1.0,0,660.2647192086199,1.123036725793635,0,1.0,0,10992.33602465196,0.525196546508176,0,1.0,0,7500.0,sailing,oygarden_terminal,sailing_to_terminal,0.0,sailing,yara_sluiskil,sailing_to_emitter,0.0,sailing,yara_sluiskil,sailing_to_emitter,4923.257746597867,1,887047.8683452787,0.0,887047.8683452787
iterative_q,9000056,409.0,0.0,1.0,461.9570891548582,1.2185381150092938,0,1.0,0,707.8300592688163,0.4303721680198982,0,1.0,0,11040.249440365646,1.0168550221127508,0,1.0,0,7500.0,sailing,oygarden_terminal,sailing_to_terminal,0.0,sailing,yara_sluiskil,sailing_to_emitter,0.0,sailing,yara_sluiskil,sailing_to_emitter,4681.253687718251,1,888392.5100094193,0.0,888392.5100094193
iterative_q,9000056,410.0,0.0,1.0,507.55320375603264,1.3026166342965544,0,1.0,0,726.0581350335193,0.5908142994542429,0,1.0,0,11133.019411956791,0.8672146918903937,0,1.0,0,7500.0,sailing,oygarden_terminal,sailing_to_terminal,0.0,sailing,yara_sluiskil,sailing_to_emitter,0.0,sailing,yara_sluiskil,sailing_to_emitter,4439.480982020325,1,889737.0568187553,0.0,889737.0568187553
iterative_q,9000056,411.0,0.0,1.0,556.2998615220415,1.267998099099636,0,1.0,0,751.081611488493,0.6039368594296458,0,1.0,0,11212.139749574699,0.7839378097109306,0,1.0,0,7500.0,sailing,oygarden_terminal,sailing_to_terminal,0.0,sailing,yara_sluiskil,sailing_to_emitter,0.0,sailing,yara_sluiskil,sailing_to_emitter,4197.929140146729,1,891081.5130739235,0.0,891081.5130739235
iterative_q,9000056,412.0,0.0,1.0,603.7553357918778,0.8451594007624393,0,1.0,0,776.6608836831379,0.9658805715843544,0,1.0,0,11283.664480095968,0.7980757490346971,0,1.0,0,7500.0,sailing,oygarden_terminal,sailing_to_terminal,0.0,sailing,yara_sluiskil,sailing_to_emitter,0.0,sailing,yara_sluiskil,sailing_to_emitter,3956.588578185795,1,892425.8827043276,0.0,892425.8827043276
iterative_q,9000056,413.0,0.0,1.0,635.3887326289879,1.068028945634632,0,1.0,0,817.569998042225,0.8954700256810084,0,1.0,0,11356.48132324498,0.8879756878855056,0,1.0,0,7500.0,sailing,oygarden_terminal,sailing_to_terminal,0.0,sailing,yara_sluiskil,sailing_to_emitter,0.0,sailing,yara_sluiskil,sailing_to_emitter,3715.4505122636756,1,893770.1693113556,0.0,893770.1693113556
iterative_q,9000056,414.0,0.0,1.0,675.3675296191302,0.696976115320884,0,1.0,0,855.496928931444,1.3044481994946446,0,1.0,0,11437.50312957613,0.8845118831658492,0,1.0,0,7500.0,sailing,oygarden_terminal,sailing_to_terminal,0.0,sailing,yara_sluiskil,sailing_to_emitter,0.0,sailing,yara_sluiskil,sailing_to_emitter,3474.506868204324,1,895114.3762054198,0.0,895114.3762054198
iterative_q,9000056,415.0,0.0,1.0,701.4593316219945,0.7288339692704892,0,1.0,0,910.7458097336513,0.8315626789049602,0,1.0,0,11518.211323864789,1.3183092116913786,0,1.0,0,7500.0,sailing,oygarden_terminal,sailing_to_terminal,0.0,sailing,yara_sluiskil,sailing_to_emitter,0.0,sailing,yara_sluiskil,sailing_to_emitter,3233.7502037305517,1,896458.5064378541,0.0,896458.5064378541
iterative_q,9000056,416.0,0.0,1.0,728.7462355152566,1.0237874081898573,0,1.0,0,945.9659950535306,1.2565395687952856,0,1.0,0,11638.505432412698,0.6561860819542892,0,1.0,0,7500.0,sailing,oygarden_terminal,sailing_to_terminal,0.0,sailing,yara_sluiskil,sailing_to_emitter,0.0,sailing,yara_sluiskil,sailing_to_emitter,2993.1736411622896,1,897802.5628285072,0.0,897802.5628285072
iterative_q,9000056,417.0,0.0,1.0,767.0794221648779,1.3550603226283688,0,1.0,0,999.185743362833,0.9910321809983905,0,1.0,0,11698.383420292848,1.254976648760269,0,1.0,0,7500.0,sailing,oygarden_terminal,sailing_to_terminal,0.0,sailing,yara_sluiskil,sailing_to_emitter,0.0,sailing,yara_sluiskil,sailing_to_emitter,2752.7708089480193,1,899146.5479897149,0.0,899146.5479897149
iterative_q,9000056,418.0,0.0,1.0,817.8209147967368,0.7079404742765936,0,1.0,0,1041.16013441979,0.8326853827904799,0,1.0,0,11812.905424597022,0.5778921897775153,0,1.0,0,7500.0,sailing,oygarden_terminal,sailing_to_terminal,0.0,sailing,yara_sluiskil,sailing_to_emitter,0.0,sailing,yara_sluiskil,sailing_to_emitter,2512.5357906663635,1,900490.4643472104,0.0,900490.4643472104
iterative_q,9000056,419.0,0.0,1.0,844.3328126541584,1.1379718578629878,0,1.0,0,1076.4278709825408,1.1342271067138403,0,1.0,0,11865.64215874259,1.4640661214684032,0,1.0,0,7500.0,sailing,oygarden_terminal,sailing_to_terminal,0.0,sailing,yara_sluiskil,sailing_to_emitter,0.0,sailing,yara_sluiskil,sailing_to_emitter,2272.4630803749437,1,901834.3141584299,0.0,901834.3141584299
iterative_q,9000056,420.0,0.0,1.0,886.9529722221304,1.2897901164176733,0,1.0,0,1124.4671708533538,0.8607869126786729,0,1.0,0,11999.252543102704,0.7548790740327975,0,1.0,0,7500.0,sailing,oygarden_terminal,sailing_to_terminal,0.0,sailing,yara_sluiskil,sailing_to_emitter,0.0,sailing,yara_sluiskil,sailing_to_emitter,2032.5475433764343,1,903178.0995285993,0.0,903178.0995285993
iterative_q,9000056,421.0,0.0,1.0,935.2635301034969,0.5382031246756509,0,1.0,0,1160.9251256829193,0.9095328378570795,0,1.0,0,12068.144737624729,0.4959779275832743,0,1.0,0,7500.0,sailing,oygarden_terminal,sailing_to_terminal,0.0,sailing,yara_sluiskil,sailing_to_emitter,0.0,sailing,yara_sluiskil,sailing_to_emitter,1792.784381627513,1,904521.8224249162,0.0,904521.8224249162
iterative_q,9000056,422.0,0.0,1.0,955.4243731950188,0.9018571389578403,0,1.0,0,1199.447675956611,1.065034132793385,0,1.0,0,12113.41031793073,0.31878387201252967,0,1.0,0,7500.0,sailing,oygarden_terminal,sailing_to_terminal,0.0,sailing,yara_sluiskil,sailing_to_emitter,0.0,sailing,yara_sluiskil,sailing_to_emitter,1553.169103142977,1,905865.4846890948,0.0,905865.4846890948
iterative_q,9000056,423.0,0.0,1.0,989.2105984915108,1.2283114689322752,0,1.0,0,1244.5563616643146,1.4836743338321312,0,1.0,0,12142.505105720089,1.234646078121398,0,1.0,0,7500.0,sailing,oygarden_terminal,sailing_to_terminal,0.0,sailing,yara_sluiskil,sailing_to_emitter,0.0,sailing,yara_sluiskil,sailing_to_emitter,1313.6974948506816,1,907209.0880484947,0.0,907209.0880484947
iterative_q,9000056,424.0,0.0,1.0,1035.2309446672302,0.568753348051411,0,1.0,0,1307.3962248730968,1.205604386852613,0,1.0,0,12255.192268149305,0.4557092135163362,0,1.0,0,7500.0,sailing,oygarden_terminal,sailing_to_terminal,0.0,sailing,yara_sluiskil,sailing_to_emitter,0.0,sailing,yara_sluiskil,sailing_to_emitter,1074.3655984378597,1,908552.634126024,0.0,908552.634126024
iterative_q,9000056,425.0,0.0,1.0,1056.5419921366397,0.5542639093787747,0,1.0,0,1358.4586534844,1.0648566585347732,0,1.0,0,12296.786478138798,1.2066936606779803,0,1.0,0,7500.0,sailing,oygarden_terminal,sailing_to_terminal,0.0,sailing,yara_sluiskil,sailing_to_emitter,0.0,sailing,yara_sluiskil,sailing_to_emitter,835.1696887994431,1,909896.1244489757,0.0,909896.1244489757
iterative_q,9000056,426.0,0.0,1.0,1077.3120100779604,0.9284952832853433,0,1.0,0,1403.55982240902,0.7642696962861457,0,1.0,0,12406.929049333137,1.2055190835067615,0,1.0,0,7500.0,sailing,oygarden_terminal,sailing_to_terminal,0.0,sailing,yara_sluiskil,sailing_to_emitter,0.0,sailing,yara_sluiskil,sailing_to_emitter,596.1062547570681,1,911239.560456933,0.0,911239.560456933
iterative_q,9000056,427.0,0.0,1.0,1112.1088183432253,1.1818649907187881,0,1.0,0,1435.9298662077776,0.8506008039351372,0,1.0,0,12516.967730636712,0.7953675839261838,0,1.0,0,7500.0,sailing,oygarden_terminal,sailing_to_terminal,0.0,sailing,yara_sluiskil,sailing_to_emitter,0.0,sailing,yara_sluiskil,sailing_to_emitter,357.171981765824,1,912582.9435088595,0.0,912582.9435088595
iterative_q,9000056,428.0,0.0,1.0,1156.4050744663607,0.394922008936475,0,1.0,0,1471.95639638742,0.8295366049793419,0,1.0,0,12589.570349559952,1.4014672492086442,0,1.0,0,7500.0,sailing,oygarden_terminal,sailing_to_terminal,0.0,sailing,yara_sluiskil,sailing_to_emitter,0.0,sailing,yara_sluiskil,sailing_to_emitter,118.36373636622676,1,913926.2748894733,0.0,913926.2748894733
iterative_q,9000056,429.0,0.0,1.0,1171.2080806687818,1.0782599067302538,0,1.0,0,1507.0907689346218,1.1140561975394268,0,1.0,0,12717.502724014128,1.0602666372683978,0,1.0,0,7500.0,sailing,oygarden_terminal,sailing_to_terminal,0.0,sailing,yara_sluiskil,sailing_to_emitter,0.0,sailing,yara_sluiskil,sailing_to_emitter,0.0,1,915220.2240213834,0.0,915220.2240213834
iterative_q,9000056,430.0,0.0,1.0,1211.6285607143404,0.8668815242827503,0,1.0,0,1554.2757457613454,1.0419011033206123,0,1.0,0,12814.291658804572,1.0314177495955559,0,1.0,0,7500.0,sailing,oygarden_terminal,sailing_to_terminal,0.0,sailing,yara_sluiskil,sailing_to_emitter,0.0,sailing,yara_sluiskil,sailing_to_emitter,0.0,1,916465.6440213834,0.0,916465.6440213834
iterative_q,9000056,431.0,0.0,1.0,1244.1280990302043,0.9467245856877872,0,1.0,0,1598.404650142025,1.1943805410253698,0,1.0,0,12908.449896558268,0.958193393589,0,1.0,0,7500.0,sailing,oygarden_terminal,sailing_to_terminal,0.0,loading,yara_sluiskil,loading,0.0,sailing,yara_sluiskil,sailing_to_emitter,0.0,1,917295.9240213834,0.0,917295.9240213834
iterative_q,9000056,432.0,0.0,1.0,1279.624189234758,0.8939877059963927,0,1.0,0,1648.9917015628105,1.6352101552321945,0,1.0,0,12195.926114766693,1.3216771858515406,0,1.0,0,7500.0,sailing,oygarden_terminal,sailing_to_terminal,800.0,loading,yara_sluiskil,loading,0.0,sailing,yara_sluiskil,sailing_to_emitter,0.0,1,924406.6240213835,0.0,924406.6240213835
iterative_q,9000056,433.0,0.0,1.0,1313.1460274727629,1.3889438574465272,0,1.0,0,1718.2497456829083,0.7165523656460333,0,1.0,0,11516.58945024551,1.1123301124584275,0,1.0,0,7500.0,sailing,oygarden_terminal,sailing_to_terminal,1600.0,loading,yara_sluiskil,loading,0.0,sailing,yara_sluiskil,sailing_to_emitter,0.0,1,931517.3240213834,0.0,931517.3240213834
iterative_q,9000056,434.0,0.0,1.0,1365.231954092505,1.248255449826662,0,1.0,0,1748.5987593527914,1.3182996798344608,0,1.0,0,10818.143379751871,0.5946488864053789,0,1.0,0,7500.0,sailing,oygarden_terminal,sailing_to_terminal,2400.0,loading,yara_sluiskil,loading,0.0,sailing,yara_sluiskil,sailing_to_emitter,0.0,1,938628.0240213835,0.0,938628.0240213835
iterative_q,9000056,435.0,0.0,1.0,1412.0462593561379,0.9809956766035006,0,1.0,0,1804.434308745231,0.49274556221716237,0,1.0,0,10072.435493844627,1.007609396082588,0,1.0,0,7500.0,sailing,oygarden_terminal,sailing_to_terminal,3200.0,loading,yara_sluiskil,loading,0.0,sailing,yara_sluiskil,sailing_to_emitter,0.0,1,945738.7240213834,0.0,945738.7240213834
iterative_q,9000056,436.0,0.0,1.0,1448.8406496066882,0.40886721498023026,0,1.0,0,1825.3041607204182,0.803295539122788,0,1.0,0,9364.434145261861,0.5397120026026374,0,1.0,0,7500.0,unloading,oygarden_terminal,unloading,4000.0,loading,yara_sluiskil,loading,0.0,sailing,yara_sluiskil,sailing_to_emitter,0.0,1,952434.2840213836,0.0,952434.2840213836
iterative_q,9000056,437.0,0.0,1.0,1464.177501298855,0.8419467221746594,0,1.0,0,1859.327113496261,1.0605553149417324,0,1.0,0,8613.713434247467,0.5274051360864778,0,1.0,0,6700.0,unloading,oygarden_terminal,unloading,4800.0,loading,yara_sluiskil,loading,0.0,sailing,yara_sluiskil,sailing_to_emitter,524.5246801450965,1,959267.208902524,0.0,959267.208902524
iterative_q,9000056,438.0,0.0,1.0,1495.7622872667284,1.12587458218062,0,1.0,0,1904.2461023852513,1.2799882732468042,0,1.0,0,7861.870477616012,1.3940786586485352,0,1.0,0,5900.0,unloading,oygarden_terminal,unloading,5600.0,loading,yara_sluiskil,loading,0.0,sailing,yara_sluiskil,sailing_to_emitter,1061.3273021501127,1,966095.0998275019,0.0,966095.0998275019
iterative_q,9000056,439.0,0.0,1.0,1538.002173190357,0.7720048989005153,0,1.0,0,1958.4590021878134,1.0008320700885063,0,1.0,0,7189.166795812247,0.6566038202706667,0,1.0,0,5100.0,unloading,oygarden_terminal,unloading,6400.0,loading,yara_sluiskil,loading,0.0,sailing,yara_sluiskil,sailing_to_emitter,1604.1117714861725,1,972920.5381950742,0.0,972920.5381950742
iterative_q,9000056,440.0,0.0,1.0,1566.9684169170382,0.5896050939014068,0,1.0,0,2000.8484598640691,1.2484553165405328,0,1.0,0,6449.124510626296,1.1121263772208598,0,1.0,0,4300.0,unloading,oygarden_terminal,unloading,7200.0,loading,yara_sluiskil,loading,0.0,sailing,yara_sluiskil,sailing_to_emitter,2150.5926614152545,1,979744.4610302034,0.0,979744.4610302034
iterative_q,9000056,441.0,0.0,1.0,1589.0928799192438,0.6658533210251669,0,1.0,0,2053.7258060071754,1.1456434844787529,0,1.0,0,6250.681287906255,0.9910536788833083,0,1.0,0,3500.0,unloading,oygarden_terminal,unloading,7500.0,idle,yara_sluiskil,idle,0.0,sailing,yara_sluiskil,sailing_to_emitter,2699.6327644382754,1,982642.0720879638,0.0,982642.0720879638
iterative_q,9000056,442.0,0.0,1.0,1614.0807630020279,1.2122797965294843,0,1.0,0,2102.2486376077813,0.5532094046450746,0,1.0,0,6341.184720158102,0.6270428513726616,0,1.0,0,2700.0,unloading,oygarden_terminal,unloading,7500.0,sailing,oygarden_terminal,sailing_to_terminal,0.0,sailing,yara_sluiskil,sailing_to_emitter,3250.5708439833215,1,983598.8874753504,0.0,983598.8874753504
iterative_q,9000056,443.0,0.0,0.5667335888238936,1659.5788518052134,1.1578247623814644,0,1.0,0,2125.67938822535,0.9966569463655254,0,1.0,0,6398.44826044425,1.2867605948191543,0,1.0,0,1900.0,unloading,oygarden_terminal,unloading,7500.0,sailing,oygarden_terminal,sailing_to_terminal,0.0,sailing,yara_sluiskil,sailing_to_emitter,3802.983982777073,1,984555.0980884449,0.0,984555.0980884449
iterative_q,9000056,444.0,0.0,0.5667335888238936,1703.0371280915404,0.3513777623991726,0,1.0,0,2167.8920118096157,0.7430139159037942,0,1.0,0,6515.962860732899,0.612339683020031,0,1.0,0,1100.0,unloading,oygarden_terminal,unloading,7500.0,sailing,oygarden_terminal,sailing_to_terminal,0.0,sailing,yara_sluiskil,sailing_to_emitter,4356.583498951671,1,985510.8222868134,0.0,985510.8222868134
iterative_q,9000056,445.0,0.0,0.5667335888238936,1716.2270829371055,1.369113589444821,0,1.0,0,2199.361783694811,1.5324925712485338,0,1.0,0,6571.887035694736,0.47075412967314934,0,1.0,0,300.0,unloading,oygarden_terminal,unloading,7500.0,sailing,oygarden_terminal,sailing_to_terminal,0.0,sailing,yara_sluiskil,sailing_to_emitter,4911.162724849279,1,986466.1448041955,0.0,986466.1448041955
iterative_q,9000056,446.0,0.0,0.5667335888238936,1767.625281510784,0.6891395875184814,0,1.0,0,2264.2693050758667,1.1968399969524843,0,1.0,0,6614.881685889961,1.0233118488946393,0,1.0,0,0.0,idle,oygarden_terminal,idle,7500.0,sailing,oygarden_terminal,sailing_to_terminal,0.0,sailing,yara_sluiskil,sailing_to_emitter,4966.568195086331,1,987405.8660613983,0.0,987405.8660613983
iterative_q,9000056,447.0,0.0,0.5667335888238936,1793.4987695859595,0.29234468266700153,0,1.0,0,2314.9605248242315,1.1679520841210462,0,1.0,0,6708.345044726155,0.4876966533738707,0,1.0,0,0.0,sailing,celsio,sailing_to_emitter,7500.0,sailing,oygarden_terminal,sailing_to_terminal,0.0,sailing,yara_sluiskil,sailing_to_emitter,4722.682587339922,1,988751.2791605743,0.0,988751.2791605743
iterative_q,9000056,448.0,0.0,0.5667335888238936,1804.475736208736,1.1682280009117807,0,1.0,0,2364.4282196727445,1.1325213265101943,0,1.0,0,6752.889767132048,1.0637902936676018,0,1.0,0,0.0,sailing,celsio,sailing_to_emitter,7500.0,sailing,oygarden_terminal,sailing_to_terminal,0.0,sailing,yara_sluiskil,sailing_to_emitter,4479.414053453666,1,990096.4392594678,0.0,990096.4392594678
iterative_q,9000056,449.0,0.0,0.5667335888238936,1848.3443717136986,1.1481842826045634,0,1.0,0,2412.395272560364,0.6836629970288483,0,1.0,0,6850.056053418559,0.8413291164775567,0,1.0,0,0.0,sailing,celsio,sailing_to_emitter,7500.0,sailing,oygarden_terminal,sailing_to_terminal,0.0,sailing,yara_sluiskil,sailing_to_emitter,4236.689248258323,1,991441.3764295977,0.0,991441.3764295977
iterative_q,9000056,450.0,0.0,0.5667335888238936,1891.4642441446906,1.2434452779058385,0,1.0,0,2441.351282807731,0.44499730657911685,0,1.0,0,6926.905120380599,1.0282701854658713,0,1.0,0,0.0,sailing,celsio,sailing_to_emitter,7500.0,sailing,oygarden_terminal,sailing_to_terminal,0.0,sailing,yara_sluiskil,sailing_to_emitter,3994.4486078676605,1,992786.1150921579,0.0,992786.1150921579
iterative_q,9000056,451.0,0.0,0.5667335888238936,1938.1658590756995,0.7909104539700599,0,1.0,0,2460.198794850001,1.3070745145300364,0,1.0,0,7020.832676408719,0.8170558518464686,0,1.0,0,0.0,sailing,celsio,sailing_to_emitter,7500.0,sailing,oygarden_terminal,sailing_to_terminal,0.0,sailing,yara_sluiskil,sailing_to_emitter,3752.643053997365,1,994130.6753692448,0.0,994130.6753692448
iterative_q,9000056,452.0,0.0,0.5667335888238936,1967.8737551926909,0.9603107425239553,0,1.0,0,2515.5589111665013,0.667486564826419,0,1.0,0,7095.469065766235,1.2266022158822127,0,1.0,0,0.0,sailing,celsio,sailing_to_emitter,7500.0,sailing,oygarden_terminal,sailing_to_terminal,0.0,sailing,yara_sluiskil,sailing_to_emitter,3511.231634094803,1,995475.0740514048,0.0,995475.0740514048
iterative_q,9000056,453.0,0.0,0.5667335888238936,2003.9478724098974,1.2459483946325431,0,1.0,0,2543.829781310257,0.850911325985166,0,1.0,0,7207.520062567272,1.0532664262812945,0,1.0,0,0.0,sailing,celsio,sailing_to_emitter,7500.0,sailing,oygarden_terminal,sailing_to_terminal,0.0,sailing,yara_sluiskil,sailing_to_emitter,3270.1797939457497,1,996819.3253058658,0.0,996819.3253058658
iterative_q,9000056,454.0,0.0,0.5667335888238936,2050.756221130282,0.9742379848824732,0,1.0,0,2579.8694634078793,1.093631100562349,0,1.0,0,7303.7396117621665,0.802326289999647,0,1.0,0,0.0,sailing,celsio,sailing_to_emitter,7500.0,sailing,oygarden_terminal,sailing_to_terminal,0.0,sailing,yara_sluiskil,sailing_to_emitter,3029.458088757092,1,998163.4412049932,0.0,998163.4412049932
iterative_q,9000056,455.0,0.0,0.5667335888238936,2087.3601474853026,1.2337442276147608,0,1.0,0,2626.1893512654146,0.9811980630696902,0,1.0,0,7377.037117648747,1.0473989671491184,0,1.0,0,0.0,sailing,celsio,sailing_to_emitter,7500.0,sailing,oygarden_terminal,sailing_to_terminal,0.0,sailing,yara_sluiskil,sailing_to_emitter,2789.0412050429304,1,999507.432127316,0.0,999507.432127316
iterative_q,9000056,456.0,0.0,0.5667335888238936,2133.7184026764494,0.9838483515827994,0,1.0,0,2667.74722596745,0.6787883679073339,0,1.0,0,7472.726425224938,0.9224612333496542,0,1.0,0,0.0,sailing,celsio,sailing_to_emitter,7500.0,sailing,oygarden_terminal,sailing_to_terminal,0.0,sailing,yara_sluiskil,sailing_to_emitter,2548.907207166483,1,1000851.3070664454,0.0,1000851.3070664454
iterative_q,9000056,457.0,0.0,0.5667335888238936,2170.6901043882917,1.231967367824677,0,1.0,0,2696.4967751200847,1.0653367857187384,0,1.0,0,7557.0040895087695,0.5948955600050306,0,1.0,0,0.0,sailing,celsio,sailing_to_emitter,7500.0,sailing,oygarden_terminal,sailing_to_terminal,0.0,sailing,yara_sluiskil,sailing_to_emitter,2309.0369491135184,1,1002195.073872247,0.0,1002195.073872247
iterative_q,9000056,458.0,0.0,0.5667335888238936,2216.989979619823,0.9624572239118319,0,1.0,0,2741.618279455162,0.5022190952093141,0,1.0,0,7611.356422521267,1.1697667400778027,0,1.0,0,0.0,sailing,celsio,sailing_to_emitter,7500.0,sailing,oygarden_terminal,sailing_to_terminal,0.0,loading,yara_sluiskil,loading,2069.413609694888,1,1003123.5994414086,0.0,1003123.5994414086
iterative_q,9000056,459.0,0.0,0.5667335888238936,2253.1643828856154,0.8345739871145716,0,1.0,0,2762.889375492982,0.6556041417260331,0,1.0,0,6918.234793873407,1.5475694541368445,0,1.0,0,0.0,sailing,celsio,sailing_to_emitter,7500.0,sailing,oygarden_terminal,sailing_to_terminal,800.0,loading,yara_sluiskil,loading,1830.0223212507824,1,1010332.4498696708,0.0,1010332.4498696708
iterative_q,9000056,460.0,0.0,0.5667335888238936,2284.5350751580727,1.272818668490217,0,1.0,0,2790.6569749221408,1.1317937763807204,0,1.0,0,6259.636224183308,0.8826308522183982,0,1.0,0,0.0,sailing,celsio,sailing_to_emitter,7500.0,sailing,oygarden_terminal,sailing_to_terminal,1600.0,loading,yara_sluiskil,loading,1590.84987008907,1,1017541.2105746471,0.0,1017541.2105746471
iterative_q,9000056,461.0,0.0,0.5667335888238936,2332.3832220234535,0.7602652641177885,0,1.0,0,2838.5932129944254,1.2702721870848486,0,1.0,0,5540.284642976916,0.8882720022001035,0,1.0,0,0.0,sailing,celsio,sailing_to_emitter,7500.0,sailing,oygarden_terminal,sailing_to_terminal,2400.0,loading,yara_sluiskil,loading,1351.8844525961692,1,1024749.8863958193,0.0,1024749.8863958193
iterative_q,9000056,462.0,0.0,0.5667335888238936,2360.96590856728,0.8293690274052952,0,1.0,0,2892.3945955850095,1.4023608970400445,0,1.0,0,4821.450956414576,0.7479141970988787,0,1.0,0,0.0,sailing,celsio,sailing_to_emitter,7500.0,sailing,oygarden_terminal,sailing_to_terminal,3200.0,loading,yara_sluiskil,loading,1113.1154750133433,1,1031958.4816766281,0.0,1031958.4816766281
iterative_q,9000056,463.0,0.0,0.5667335888238936,2392.149420148845,1.019048749425174,0,1.0,0,2951.7904919281973,0.9263145963642202,0,1.0,0,4089.7940633497383,0.9409559294463495,0,1.0,0,0.0,sailing,celsio,sailing_to_emitter,7500.0,sailing,oygarden_terminal,sailing_to_terminal,4000.0,loading,yara_sluiskil,loading,874.5333877942389,1,1039167.0003323881,0.0,1039167.0003323881
iterative_q,9000056,464.0,0.0,0.5667335888238936,2430.4681834252765,0.7876381435656297,0,1.0,0,2991.02382042656,0.7611816449091509,0,1.0,0,3375.7795825442854,1.1246027414656217,0,1.0,0,0.0,sailing,celsio,sailing_to_emitter,7500.0,sailing,oygarden_terminal,sailing_to_terminal,4800.0,loading,yara_sluiskil,loading,636.1295475949594,1,1046375.4459068698,0.0,1046375.4459068698
iterative_q,9000056,465.0,0.0,0.5667335888238936,2460.0880136614574,1.2194185436088272,0,1.0,0,3023.2630722302774,0.7127399426078713,0,1.0,0,2678.550034306982,0.8812276329733859,0,1.0,0,0.0,sailing,celsio,sailing_to_emitter,7500.0,sailing,oygarden_terminal,sailing_to_terminal,5600.0,loading,yara_sluiskil,loading,397.89610152731984,1,1053583.8216197575,0.0,1053583.8216197575
iterative_q,9000056,466.0,0.0,0.5667335888238936,2505.949478080001,1.0609092835983924,0,1.0,0,3053.450613711319,0.592967803942166,0,1.0,0,1959.0823759931268,0.7914243422611157,0,1.0,0,0.0,sailing,celsio,sailing_to_emitter,7500.0,sailing,oygarden_terminal,sailing_to_terminal,6400.0,loading,yara_sluiskil,loading,159.8258894872161,1,1060792.130406694,0.0,1060792.130406694
iterative_q,9000056,467.0,0.0,0.5667335888238936,2545.853133264837,0.9890560863887066,0,1.0,0,3078.565300160531,1.0939892446818498,0,1.0,0,1231.4100863039357,1.0671267967206595,0,1.0,0,0.0,sailing,celsio,sailing_to_emitter,7500.0,sailing,oygarden_terminal,sailing_to_terminal,7200.0,loading,yara_sluiskil,loading,0.0,1,1067968.3590213838,0.0,1067968.3590213838
iterative_q,9000056,468.0,0.0,0.5667335888238936,2583.057561959819,1.058207426783264,0,1.0,0,3124.9003569314627,0.9057450768024758,0,1.0,0,1028.9369886647896,0.513699557668791,0,1.0,0,0.0,sailing,celsio,sailing_to_emitter,7500.0,sailing,oygarden_terminal,sailing_to_terminal,7500.0,idle,yara_sluiskil,idle,0.0,1,1071153.7965213838,0.0,1071153.7965213838
iterative_q,9000056,469.0,0.0,0.5667335888238936,2622.8667951934844,1.18813454191197,0,1.0,0,3163.2624795552915,0.5502581577536718,0,1.0,0,1075.886458539116,0.9081354493130587,0,1.0,0,0.0,sailing,celsio,sailing_to_emitter,7500.0,sailing,oygarden_terminal,sailing_to_terminal,7500.0,sailing,oygarden_terminal,sailing_to_terminal,0.0,1,1072399.2165213837,0.0,1072399.2165213837
iterative_q,9000056,470.0,0.0,0.5667335888238936,2667.567865814788,0.8225229690698137,0,1.0,0,3186.5682324245527,1.7547887327106222,0,1.0,0,1158.8878209395623,1.071137437782536,0,1.0,0,0.0,sailing,celsio,sailing_to_emitter,7500.0,sailing,oygarden_terminal,sailing_to_terminal,7500.0,sailing,oygarden_terminal,sailing_to_terminal,0.0,1,1073644.636521384,0.0,1073644.636521384
iterative_q,9000056,471.0,0.0,0.5667335888238936,2698.5163667410375,1.2544140653131008,0,1.0,0,3260.8909334441446,0.7798651324737793,0,1.0,0,1256.7901180189042,0.19683137873654333,0,1.0,0,0.0,sailing,celsio,sailing_to_emitter,7500.0,sailing,oygarden_terminal,sailing_to_terminal,7500.0,sailing,oygarden_terminal,sailing_to_terminal,0.0,1,1074890.0565213838,0.0,1074890.0565213838
iterative_q,9000056,472.0,0.0,0.5667335888238936,2745.7196042386904,0.47520758218429504,0,1.0,0,3293.9215097158076,1.3168715593564935,0,1.0,0,1274.7811099140943,0.9177320162359516,0,1.0,0,0.0,sailing,celsio,sailing_to_emitter,7500.0,sailing,oygarden_terminal,sailing_to_terminal,7500.0,sailing,oygarden_terminal,sailing_to_terminal,0.0,1,1076135.4765213837,0.0,1076135.4765213837
iterative_q,9000056,473.0,0.0,0.5667335888238936,2763.603144877489,1.2334724354650946,0,1.0,0,3349.6965721850493,0.5589569128420011,0,1.0,0,1358.6671601515907,1.101602045110048,0,1.0,0,0.0,sailing,celsio,sailing_to_emitter,7500.0,sailing,oygarden_terminal,sailing_to_terminal,7500.0,sailing,oygarden_terminal,sailing_to_terminal,0.0,1,1077380.8965213837,0.0,1077380.8965213837
iterative_q,9000056,474.0,0.0,0.5667335888238936,2810.02674993043,1.087327027314372,0,1.0,0,3373.3707540062524,0.14458297823598942,0,1.0,0,1459.363036616992,0.8392169747785516,0,1.0,0,0.0,sailing,celsio,sailing_to_emitter,7500.0,sailing,oygarden_terminal,sailing_to_terminal,7500.0,sailing,oygarden_terminal,sailing_to_terminal,0.0,1,1078626.3165213838,0.0,1078626.3165213838
iterative_q,9000056,475.0,0.0,0.5667335888238936,2850.953652252381,1.3121304992307201,0,1.0,0,3379.4944526963827,0.8992900487514496,0,1.0,0,1536.0769789577269,0.889074598157022,0,1.0,0,0.0,sailing,celsio,sailing_to_emitter,7500.0,sailing,oygarden_terminal,sailing_to_terminal,7500.0,sailing,oygarden_terminal,sailing_to_terminal,0.0,1,1079871.7365213837,0.0,1079871.7365213837
iterative_q,9000056,476.0,0.0,0.5667335888238936,2900.346604453074,1.1828608740985638,0,1.0,0,3417.583177667852,0.9736835304196554,0,1.0,0,1617.3509225122175,0.7751814091877411,0,1.0,0,0.0,sailing,celsio,sailing_to_emitter,7500.0,sailing,oygarden_terminal,sailing_to_terminal,7500.0,sailing,oygarden_terminal,sailing_to_terminal,0.0,1,1081117.1565213837,0.0,1081117.1565213837
iterative_q,9000056,477.0,0.0,0.5667335888238936,2944.8774436763833,0.7255951443433863,0,1.0,0,3458.8227802308884,1.1006752603487182,0,1.0,0,1688.215559692452,0.5349487187185235,0,1.0,0,0.0,sailing,celsio,sailing_to_emitter,7500.0,sailing,oygarden_terminal,sailing_to_terminal,7500.0,sailing,oygarden_terminal,sailing_to_terminal,0.0,1,1082362.5765213836,0.0,1082362.5765213836
iterative_q,9000056,478.0,0.0,0.5667335888238936,2972.1961951882804,0.9129243137296286,0,1.0,0,3505.4410179535544,0.6515288700811788,0,1.0,0,1737.120357043263,0.762289510331666,0,1.0,0,0.0,sailing,celsio,sailing_to_emitter,7500.0,sailing,oygarden_terminal,sailing_to_terminal,7500.0,sailing,oygarden_terminal,sailing_to_terminal,0.0,1,1083607.9965213838,0.0,1083607.9965213838
iterative_q,9000056,479.0,0.0,0.5667335888238936,3006.5710209618014,0.9781294069519749,0,1.0,0,3533.0360124472086,0.9688409474539053,0,1.0,0,1806.8106585072912,0.9023864307018779,0,1.0,0,0.0,sailing,celsio,sailing_to_emitter,7500.0,sailing,oygarden_terminal,sailing_to_terminal,7500.0,sailing,oygarden_terminal,sailing_to_terminal,0.0,1,1084853.4165213837,0.0,1084853.4165213837
iterative_q,9000056,480.0,0.0,0.5667335888238936,3043.40437743911,1.0722285125551732,0,1.0,0,3574.070511205316,0.7792124152268445,0,1.0,0,1889.3114362943313,0.8272029289843704,0,1.0,0,0.0,sailing,celsio,sailing_to_emitter,7500.0,sailing,oygarden_terminal,sailing_to_terminal,7500.0,sailing,oygarden_terminal,sailing_to_terminal,0.0,1,1086098.8365213836,0.0,1086098.8365213836
iterative_q,9000056,481.0,0.0,0.5667335888238936,3083.784867779632,1.0535385391398506,0,1.0,0,3607.0734421497154,0.9535804188196181,0,1.0,0,1964.940833185916,1.1733137924178734,0,1.0,0,0.0,sailing,celsio,sailing_to_emitter,7500.0,sailing,oygarden_terminal,sailing_to_terminal,7500.0,sailing,oygarden_terminal,sailing_to_terminal,0.0,1,1087344.2565213835,0.0,1087344.2565213835
iterative_q,9000056,482.0,0.0,0.5667335888238936,3123.4650725583906,1.1167507894933182,0,1.0,0,3647.461593181772,1.0922785786970524,0,1.0,0,2072.2176395079196,0.9894938115438471,0,1.0,0,0.0,sailing,celsio,sailing_to_emitter,7500.0,sailing,oygarden_terminal,sailing_to_terminal,7500.0,sailing,oygarden_terminal,sailing_to_terminal,0.0,1,1088589.6765213835,0.0,1088589.6765213835
iterative_q,9000056,483.0,0.0,0.5667335888238936,3165.5298875918506,0.956888661919955,0,1.0,0,3693.7241960360802,0.7853412939710066,0,1.0,0,2162.690397249494,1.2079906555594508,0,1.0,0,0.0,sailing,celsio,sailing_to_emitter,7500.0,sailing,oygarden_terminal,sailing_to_terminal,7500.0,sailing,oygarden_terminal,sailing_to_terminal,0.0,1,1089835.0965213836,0.0,1089835.0965213836
iterative_q,9000056,484.0,0.0,0.5667335888238936,3201.5764097751394,1.0221993715332174,0,1.0,0,3726.986710834648,0.3315873298849067,0,1.0,0,2273.1443866620225,0.22469700416953453,0,1.0,0,0.0,sailing,celsio,sailing_to_emitter,7500.0,sailing,oygarden_terminal,sailing_to_terminal,7500.0,sailing,oygarden_terminal,sailing_to_terminal,0.0,1,1091080.5165213835,0.0,1091080.5165213835
iterative_q,9000056,485.0,0.0,0.5667335888238936,3240.086700854911,0.8577914342763628,0,1.0,0,3741.0308322274564,0.3675665819008298,0,1.0,0,2293.690429961428,0.7075486741237961,0,1.0,0,0.0,sailing,celsio,sailing_to_emitter,7500.0,sailing,oygarden_terminal,sailing_to_terminal,7500.0,sailing,oygarden_terminal,sailing_to_terminal,0.0,1,1092325.9365213835,0.0,1092325.9365213835
iterative_q,9000056,486.0,0.0,1.0,3272.4060140978922,0.9416730729180036,0,1.0,0,3756.598826631666,0.6599884744949005,0,1.0,0,2358.3898411031337,0.7965660264905511,0,1.0,0,0.0,sailing,celsio,sailing_to_emitter,7500.0,sailing,oygarden_terminal,sailing_to_terminal,7500.0,sailing,oygarden_terminal,sailing_to_terminal,0.0,1,1093571.3565213836,0.0,1093571.3565213836
iterative_q,9000056,487.0,0.0,1.0,3307.888971156978,1.1901838661985669,0,1.0,0,3784.5521210379334,0.8825811138930513,0,1.0,0,2431.231339473116,1.2458800376692507,0,1.0,0,0.0,sailing,celsio,sailing_to_emitter,7500.0,sailing,oygarden_terminal,sailing_to_terminal,7500.0,sailing,oygarden_terminal,sailing_to_terminal,0.0,1,1094816.7765213836,0.0,1094816.7765213836
iterative_q,9000056,488.0,0.0,1.0,3352.740053970775,0.6068851746171038,0,1.0,0,3821.93315217328,0.8883697015449229,0,1.0,0,2545.1635181598617,1.1124957163079827,0,1.0,0,0.0,sailing,celsio,sailing_to_emitter,7500.0,sailing,oygarden_terminal,sailing_to_terminal,7500.0,sailing,oygarden_terminal,sailing_to_terminal,0.0,1,1096062.1965213835,0.0,1096062.1965213835
iterative_q,9000056,489.0,0.0,1.0,3375.612079043579,1.3947932070794558,0,1.0,0,3859.5593544003696,0.62770753350321,0,1.0,0,2646.9011457291335,1.0487145563787155,0,1.0,0,0.0,sailing,celsio,sailing_to_emitter,7500.0,sailing,oygarden_terminal,sailing_to_terminal,7500.0,sailing,oygarden_terminal,sailing_to_terminal,0.0,1,1097307.6165213834,0.0,1097307.6165213834
iterative_q,9000056,490.0,0.0,1.0,3428.1831879678143,1.0078037041470664,0,1.0,0,3886.1454148591915,0.8448388156720052,0,1.0,0,2742.808881490687,0.9602234278996056,0,1.0,0,0.0,sailing,celsio,sailing_to_emitter,7500.0,sailing,oygarden_terminal,sailing_to_terminal,7500.0,sailing,oygarden_terminal,sailing_to_terminal,0.0,1,1098553.0365213833,0.0,1098553.0365213833
iterative_q,9000056,491.0,0.0,1.0,3466.1717167027155,1.9779239073400678,0,1.6152986675023162,1,3921.9279005433477,1.3600056578431647,0,1.0,0,2830.626513581968,1.6128102379569413,0,1.0,0,0.0,sailing,celsio,sailing_to_emitter,7500.0,sailing,oygarden_terminal,sailing_to_terminal,7500.0,sailing,oygarden_terminal,sailing_to_terminal,0.0,1,1099798.4565213835,0.0,1099798.4565213835
iterative_q,9000056,492.0,0.0,1.0,3540.735049106666,1.5132106048531728,0,1.6152986675023162,1,3979.529873936859,1.0052040906148811,0,1.0,0,2978.1311865027747,1.10978680384092,0,1.0,0,0.0,sailing,celsio,sailing_to_emitter,7500.0,sailing,oygarden_terminal,sailing_to_terminal,7500.0,sailing,oygarden_terminal,sailing_to_terminal,0.0,1,1101043.8765213834,0.0,1101043.8765213834
iterative_q,9000056,493.0,0.0,1.0,3597.7848744981443,3.247115897515856,0,1.6152986675023162,1,4022.1045051148453,1.1200998251134113,0,1.0,0,3079.6333141348587,1.0239174310191632,0,1.0,0,0.0,sailing,celsio,sailing_to_emitter,7500.0,sailing,oygarden_terminal,sailing_to_terminal,7500.0,sailing,oygarden_terminal,sailing_to_terminal,0.0,1,1102289.2965213833,0.0,1102289.2965213833
iterative_q,9000056,494.0,0.0,1.0,3720.2160253666502,2.1159973207530642,0,1.6152986675023162,1,4069.545455049261,0.9445703955985078,0,1.0,0,3173.284571415935,0.9847834809715565,0,1.0,0,0.0,sailing,celsio,sailing_to_emitter,7500.0,sailing,oygarden_terminal,sailing_to_terminal,7500.0,sailing,oygarden_terminal,sailing_to_terminal,0.0,1,1103534.7165213835,0.0,1103534.7165213835
iterative_q,9000056,495.0,0.0,1.0,3800.006022713644,1.3703182828740437,0,1.6152986675023162,1,4109.551993611645,1.19935936182075,0,1.0,0,3263.359206652077,0.6863916960713885,0,1.0,0,0.0,loading,celsio,loading,7500.0,sailing,oygarden_terminal,sailing_to_terminal,7500.0,sailing,oygarden_terminal,sailing_to_terminal,0.0,1,1104364.9965213833,0.0,1104364.9965213833
iterative_q,9000056,496.0,0.0,1.0,3851.6826299032377,2.2516382948824227,0,1.6152986675023162,1,3360.349919083824,0.4415914597425957,0,1.0,0,3326.1428998008446,1.575733613545101,0,1.0,0,800.0,loading,celsio,loading,7500.0,sailing,oygarden_terminal,sailing_to_terminal,7500.0,sailing,oygarden_terminal,sailing_to_terminal,0.0,1,1111475.6965213835,0.0,1111475.6965213835
iterative_q,9000056,497.0,0.0,1.0,3936.602702105601,2.117258023981347,0,1.6152986675023162,1,2579.053179153517,1.4685652881639135,0,1.0,0,3470.278319809427,1.1889278779047108,0,1.0,0,1600.0,loading,celsio,loading,7500.0,sailing,oygarden_terminal,sailing_to_terminal,7500.0,sailing,oygarden_terminal,sailing_to_terminal,0.0,1,1118586.3965213834,0.0,1118586.3965213834
iterative_q,9000056,498.0,0.0,1.0,4016.4618552367024,1.1326716084376995,0,1.6152986675023162,1,1841.2531105785133,1.1045730866793966,0,1.0,0,3579.035141951325,0.36752331532602656,0,1.0,0,2400.0,loading,celsio,loading,7500.0,sailing,oygarden_terminal,sailing_to_terminal,7500.0,sailing,oygarden_terminal,sailing_to_terminal,0.0,1,1125697.0965213836,0.0,1125697.0965213836
iterative_q,9000056,499.0,0.0,1.0,4059.188040581546,0.5840647352648535,0,1.6152986675023162,1,1088.0364376795192,1.0235358370821137,0,1.0,0,3612.6552398580357,0.9317811261335317,0,1.0,0,3200.0,loading,celsio,loading,7500.0,sailing,oygarden_terminal,sailing_to_terminal,7500.0,sailing,oygarden_terminal,sailing_to_terminal,0.0,1,1132807.7965213833,0.0,1132807.7965213833
iterative_q,9000056,500.0,0.0,1.0,4081.2218844716067,1.190595693296016,0,1.6152986675023162,1,331.3874956070358,0.9276117040549592,0,1.0,0,3697.8947738825486,1.2691701814998166,0,1.0,0,4000.0,loading,celsio,loading,7500.0,sailing,oygarden_terminal,sailing_to_terminal,7500.0,sailing,oygarden_terminal,sailing_to_terminal,0.0,1,1139918.4965213838,0.0,1139918.4965213838
iterative_q,9000056,501.0,0.0,1.0,4126.14116217013,1.0308327796580432,0,1.6152986675023162,1,0.0,1.288833802876412,0,1.0,0,3814.0022264449103,1.12718528235215,0,1.0,0,4370.6757620847075,idle,celsio,idle,7500.0,sailing,oygarden_terminal,sailing_to_terminal,7500.0,sailing,oygarden_terminal,sailing_to_terminal,0.0,1,1143658.7758585236,0.0,1143658.7758585236
iterative_q,9000056,502.0,0.0,1.0,4165.036348753959,1.628938003787576,0,1.6152986675023162,1,0.0,1.1385924057171037,0,1.0,0,3917.1235847014855,1.1289529387829411,0,1.0,0,4425.263307359836,idle,celsio,idle,7500.0,sailing,oygarden_terminal,sailing_to_terminal,7500.0,sailing,oygarden_terminal,sailing_to_terminal,0.0,1,1144917.5967473947,0.0,1144917.5967473947
iterative_q,9000056,503.0,0.0,1.0,4226.504671290678,1.3739552949796907,0,1.6152986675023162,1,0.0,1.4226087234944713,0,1.0,0,4020.409769675411,1.4976389623131645,0,1.0,0,4473.487496047538,idle,celsio,idle,7500.0,sailing,oygarden_terminal,sailing_to_terminal,7500.0,sailing,oygarden_terminal,sailing_to_terminal,0.0,1,1146126.4619462923,0.0,1146126.4619462923
iterative_q,9000056,504.0,0.0,1.0,4278.3558425690835,0.6837934988292641,0,1.6152986675023162,1,0.0,1.1830988582303728,0,1.0,0,4157.430603428644,0.9202179082638702,0,1.0,0,4533.740973205907,idle,celsio,idle,7500.0,unloading,oygarden_terminal,unloading,7500.0,sailing,oygarden_terminal,sailing_to_terminal,0.0,1,1147014.623375061,0.0,1147014.623375061
iterative_q,9000056,505.0,0.0,1.0,4304.163590477768,1.179015337464377,0,1.6152986675023162,1,0.0,1.135360408222867,0,1.0,0,4241.625008764506,0.7419963173733093,0,1.0,0,4583.85019779675,idle,celsio,idle,6700.0,unloading,oygarden_terminal,unloading,7500.0,sailing,oygarden_terminal,sailing_to_terminal,514.6118721461187,1,1147964.5762278622,0.0,1147964.5762278622
iterative_q,9000056,506.0,0.0,1.0,4348.6660231138485,0.8891683515061298,0,1.6152986675023162,1,0.0,1.287843526763037,0,1.0,0,4309.515254380161,0.5949442125814708,0,1.0,0,4631.937497764469,idle,celsio,idle,5900.0,unloading,oygarden_terminal,unloading,7500.0,sailing,oygarden_terminal,sailing_to_terminal,1031.2445928809711,1,1148897.82736294,0.0,1148897.82736294
iterative_q,9000056,507.0,0.0,1.0,4382.23108449956,2.1521330640408367,0,1.6152986675023162,1,0.0,0.7107594301565382,0,1.0,0,4363.952350574427,0.7980804350296872,0,1.0,0,4686.483100671193,idle,celsio,idle,5100.0,unloading,oygarden_terminal,unloading,7500.0,sailing,oygarden_terminal,sailing_to_terminal,1555.981467271166,1,1149878.4568636995,0.0,1149878.4568636995
iterative_q,9000056,508.0,0.0,1.0,4463.478906923834,1.4141356155276879,0,1.6152986675023162,1,0.0,1.1474292600699627,0,1.0,0,4436.978507656783,1.3714424007217638,0,1.0,0,4716.58675910008,idle,celsio,idle,4300.0,unloading,oygarden_terminal,unloading,7500.0,sailing,oygarden_terminal,sailing_to_terminal,2085.9728381695354,1,1150665.0499247184,0.0,1150665.0499247184
iterative_q,9000056,509.0,0.0,1.0,4516.870492235927,0.47961196255122973,0,1.6152986675023162,1,0.0,0.5572843994021804,0,1.0,0,4562.472354134925,1.4414752509248463,0,1.0,0,4765.185225825803,idle,celsio,idle,3500.0,unloading,oygarden_terminal,unloading,7500.0,sailing,oygarden_terminal,sailing_to_terminal,2619.7860546945844,1,1151595.2699839352,0.0,1151595.2699839352
iterative_q,9000056,510.0,0.0,1.0,4534.9801775959295,1.2769917853134165,0,1.6152986675023162,1,0.0,0.728170656638006,0,1.0,0,4694.378528325446,1.0406944728659737,0,1.0,0,4788.788569651513,idle,celsio,idle,2700.0,unloading,oygarden_terminal,unloading,7500.0,sailing,oygarden_terminal,sailing_to_terminal,3156.564265599351,1,1152328.0495582516,0.0,1152328.0495582516
iterative_q,9000056,511.0,0.0,1.0,4583.20250326932,2.720859337291606,0,1.6152986675023162,1,0.0,0.817432492662549,0,1.0,0,4789.613018617148,0.8449278726036265,0,1.0,0,4819.629666927621,idle,celsio,idle,1900.0,unloading,oygarden_terminal,unloading,7500.0,sailing,oygarden_terminal,sailing_to_terminal,3695.7410910347503,1,1153116.6658650166,0.0,1153116.6658650166
iterative_q,9000056,512.0,0.0,1.0,4685.958049826559,1.7578501297440838,0,1.6152986675023162,1,0.0,1.1858931266069777,0,1.0,0,4866.935133688033,1.292569725035239,0,1.0,0,4854.251379287269,idle,celsio,idle,1100.0,unloading,oygarden_terminal,unloading,7500.0,sailing,oygarden_terminal,sailing_to_terminal,4236.91650872804,1,1153934.1425621845,0.0,1153934.1425621845
iterative_q,9000056,513.0,0.0,1.0,4752.350723807995,1.4893441873306341,0,1.6152986675023162,1,0.0,1.2711950659249998,0,1.0,0,4985.22598083631,0.7668169981826467,0,1.0,0,4904.478952924496,idle,celsio,idle,300.0,unloading,oygarden_terminal,unloading,7500.0,sailing,oygarden_terminal,sailing_to_terminal,4779.794283066113,1,1154873.4354972343,0.0,1154873.4354972343
iterative_q,9000056,514.0,0.0,1.0,4808.607200525569,1.9539846204710227,0,1.6152986675023162,1,0.0,1.364881678793945,0,1.0,0,5055.404139293699,0.8159062545489673,0,1.0,0,4958.319423324818,idle,celsio,idle,0.0,idle,oygarden_terminal,idle,7500.0,sailing,oygarden_terminal,sailing_to_terminal,4824.147076602645,1,1155825.2243107737,0.0,1155825.2243107737
iterative_q,9000056,515.0,0.0,1.0,4882.421027109667,1.79897779616043,0,1.6152986675023162,1,0.0,1.1543100520631344,0,1.0,0,5130.077134573839,0.6745970536604888,0,1.0,0,5016.127916762899,idle,celsio,idle,0.0,sailing,yara_sluiskil,sailing_to_emitter,7500.0,sailing,oygarden_terminal,sailing_to_terminal,4569.795503709909,1,1157213.615478608,0.0,1157213.615478608
iterative_q,9000056,516.0,0.0,1.0,4950.3854296046875,1.647973511487202,0,1.6152986675023162,1,0.0,1.0004825203488625,0,1.0,0,5191.819152969999,1.2873269277547932,0,1.0,0,5065.017814038953,idle,celsio,idle,0.0,sailing,yara_sluiskil,sailing_to_emitter,7500.0,sailing,oygarden_terminal,sailing_to_terminal,4316.594819111292,1,1158531.5191201065,0.0,1158531.5191201065
iterative_q,9000056,517.0,0.0,1.0,5012.650582072917,1.4546221675506292,0,1.6152986675023162,1,0.0,0.4225846812576385,0,1.0,0,5309.644386478304,1.0270293452863735,0,1.0,0,5107.392466810033,idle,celsio,idle,0.0,sailing,yara_sluiskil,sailing_to_emitter,7500.0,sailing,oygarden_terminal,sailing_to_terminal,4064.4260674263382,1,1159797.851579243,0.0,1159797.851579243
iterative_q,9000056,518.0,0.0,1.0,5067.615317861615,1.5846897603108907,0,1.6152986675023162,1,0.0,1.289838124481448,0,1.0,0,5403.648180127585,0.7146266052608501,0,1.0,0,5125.29070967831,idle,celsio,idle,0.0,sailing,yara_sluiskil,sailing_to_emitter,7500.0,sailing,oygarden_terminal,sailing_to_terminal,3813.189978037062,1,1160871.6489789863,0.0,1160871.6489789863
iterative_q,9000056,519.0,0.0,1.0,5127.500214617384,2.4807791161713237,0,1.6152986675023162,1,0.0,0.8847874654598286,0,1.0,0,5469.059782036594,0.8474234373238579,0,1.0,0,5179.920792207632,idle,celsio,idle,0.0,sailing,yara_sluiskil,sailing_to_emitter,7500.0,sailing,oygarden_terminal,sailing_to_terminal,3562.8026228263743,1,1162233.4626232712,0.0,1162233.4626232712
iterative_q,9000056,520.0,0.0,1.0,5221.256473409385,1.932147396401822,0,1.6152986675023162,1,0.0,0.6130157477438579,0,1.0,0,5546.628952462993,1.1694027098083783,0,1.0,0,5217.39527163381,idle,celsio,idle,0.0,sailing,yara_sluiskil,sailing_to_emitter,7500.0,sailing,oygarden_terminal,sailing_to_terminal,3313.192246869181,1,1163460.2772150107,0.0,1163460.2772150107
iterative_q,9000056,521.0,0.0,1.0,5294.284830309507,1.496379713891855,0,1.6152986675023162,1,0.0,1.2799401999044044,0,1.0,0,5653.673818402219,1.4829691373312408,0,1.0,0,5243.359073025154,idle,celsio,idle,0.0,sailing,yara_sluiskil,sailing_to_emitter,7500.0,sailing,oygarden_terminal,sailing_to_terminal,3064.296903459737,1,1164596.4337777265,0.0,1164596.4337777265
iterative_q,9000056,522.0,0.0,1.0,5350.8477994399145,2.519584741038417,0,1.6152986675023162,1,0.0,1.2425008348685496,0,1.0,0,5789.42603520009,1.1619870477905803,0,1.0,0,5297.569936718989,idle,celsio,idle,0.0,sailing,yara_sluiskil,sailing_to_emitter,7500.0,unloading,oygarden_terminal,unloading,2816.0626551900727,1,1165538.933560217,0.0,1165538.933560217
iterative_q,9000056,523.0,0.0,1.0,5446.096366889117,1.460668111294714,0,1.6152986675023162,1,52.62514874020288,1.5151154649653622,0,1.0,0,5895.798488306484,1.2320531218497317,0,1.0,0,5297.569936718989,sailing,brevik,sailing_to_emitter,0.0,sailing,yara_sluiskil,sailing_to_emitter,6700.0,unloading,oygarden_terminal,unloading,3368.442182466666,1,1166495.1579540337,0.0,1166495.1579540337
iterative_q,9000056,524.0,0.0,1.0,5501.319383141045,2.030922751274776,0,1.6152986675023162,1,116.79667640828626,0.5843395773492539,0,1.0,0,6008.588434905082,0.8443867682209025,0,1.0,0,5297.569936718989,sailing,brevik,sailing_to_emitter,0.0,sailing,yara_sluiskil,sailing_to_emitter,5900.0,unloading,oygarden_terminal,unloading,3921.3936911547717,1,1167451.1478354717,0.0,1167451.1478354717
iterative_q,9000056,525.0,0.0,1.0,5578.108749057024,1.2639653482721322,0,1.6152986675023162,1,141.54592108468526,1.2203186009352454,0,1.0,0,6085.89127429936,0.8047725766860271,0,1.0,0,5297.569936718989,sailing,brevik,sailing_to_emitter,0.0,sailing,yara_sluiskil,sailing_to_emitter,5100.0,unloading,oygarden_terminal,unloading,4474.8800437081145,1,1168406.9184309249,0.0,1168406.9184309249
iterative_q,9000056,526.0,0.0,1.0,5625.903690114259,2.185139975821495,0,1.6152986675023162,1,193.23155869751446,0.9205031227148818,0,1.0,0,6159.569687695597,0.9974989638207848,0,1.0,0,5297.569936718989,sailing,brevik,sailing_to_emitter,0.0,sailing,yara_sluiskil,sailing_to_emitter,4300.0,unloading,oygarden_terminal,unloading,5028.86805989289,1,1169362.4833442888,0.0,1169362.4833442888
iterative_q,9000056,527.0,0.0,1.0,5708.538894769923,2.621926126800281,0,1.6152986675023162,1,232.21874678565507,1.224037107144301,0,1.0,0,6250.895305331124,0.5403464998422053,0,1.0,0,5297.569936718989,sailing,brevik,sailing_to_emitter,0.0,sailing,yara_sluiskil,sailing_to_emitter,3500.0,unloading,oygarden_terminal,unloading,5583.327948021764,1,1170317.8547901565,0.0,1170317.8547901565
iterative_q,9000056,528.0,0.0,1.0,5807.700919597569,1.5010647098662615,0,1.6152986675023162,1,284.0618788136599,1.5683392336286361,0,1.0,0,6300.368001640185,1.2631739281021277,0,1.0,0,5297.569936718989,sailing,brevik,sailing_to_emitter,0.0,sailing,yara_sluiskil,sailing_to_emitter,2700.0,unloading,oygarden_terminal,unloading,6138.232837894776,1,1171273.0437853083,0.0,1171273.0437853083
iterative_q,9000056,529.0,0.0,1.0,5864.476740864137,2.1327294319245143,0,1.6152986675023162,1,350.48765747604165,0.914267664329616,0,1.0,0,6416.024345446348,0.80027903830346,0,1.0,0,5297.569936718989,loading,brevik,loading,0.0,sailing,yara_sluiskil,sailing_to_emitter,1900.0,unloading,oygarden_terminal,unloading,6693.558393911547,1,1171812.9203073415,0.0,1171812.9203073415
iterative_q,9000056,530.0,0.0,1.0,5145.151716756677,1.716536466138116,0,1.6152986675023162,1,389.2107476128737,1.5559893616119123,0,1.0,0,6489.300186992858,0.8204066790038295,0,1.0,0,6097.569936718989,loading,brevik,loading,0.0,sailing,yara_sluiskil,sailing_to_emitter,1100.0,unloading,oygarden_terminal,unloading,7249.282492040085,1,1178633.053427109,0.0,1178633.053427109
iterative_q,9000056,531.0,0.0,1.0,4410.089161554671,2.5284182326244253,0,1.6152986675023162,1,455.11345712828677,0.9519899241359048,0,1.0,0,6564.421233207984,1.0693196122542976,0,1.0,0,6897.569936718989,loading,brevik,loading,0.0,sailing,yara_sluiskil,sailing_to_emitter,300.0,unloading,oygarden_terminal,unloading,7805.384948133672,1,1185453.0314201105,0.0,1185453.0314201105
iterative_q,9000056,532.0,0.0,1.0,3903.3190461291315,2.2582197698866895,0,1.6152986675023162,1,495.43424400496247,1.0481807373442211,0,1.0,0,6662.33709245774,0.0,1,1.0,0,7500.0,idle,brevik,idle,0.0,sailing,yara_sluiskil,sailing_to_emitter,0.0,idle,oygarden_terminal,idle,7861.84728789969,1,1190706.5716333454,0.0,1190706.5716333454
iterative_q,9000056,533.0,0.0,1.0,3988.764014385122,2.4836314107422424,0,1.6152986675023162,1,539.8291173614789,0.8221454636596284,0,1.0,0,6662.33709245774,0.0,1,1.0,0,7500.0,sailing,oygarden_terminal,sailing_to_terminal,0.0,sailing,yara_sluiskil,sailing_to_emitter,0.0,sailing,yara_sluiskil,sailing_to_emitter,7618.652550928109,1,1192051.701475504,0.0,1192051.701475504
iterative_q,9000056,534.0,0.0,1.0,4082.7464077313302,1.7138936258497697,0,1.6152986675023162,1,574.650443912739,1.2523848416876318,0,1.0,0,6662.33709245774,0.0,1,1.0,0,7500.0,sailing,oygarden_terminal,sailing_to_terminal,0.0,sailing,yara_sluiskil,sailing_to_emitter,0.0,sailing,yara_sluiskil,sailing_to_emitter,7375.7851227790625,0,1193396.697121045,0.0,1193396.697121045
iterative_q,9000056,535.0,0.0,1.0,4147.607203775224,1.730525889677604,0,1.6152986675023162,1,627.6942220127028,0.7032967208243903,0,1.0,0,6662.33709245774,0.0,1,1.0,0,7500.0,sailing,oygarden_terminal,sailing_to_terminal,0.0,sailing,yara_sluiskil,sailing_to_emitter,0.0,sailing,yara_sluiskil,sailing_to_emitter,7375.7851227790625,0,1194642.117121045,0.0,1194642.117121045
iterative_q,9000056,536.0,0.0,1.0,4213.103322186892,1.9403627361021394,0,1.6152986675023162,1,657.4818032385907,1.1816797900588092,0,1.0,0,6662.33709245774,0.0,1,1.0,0,7500.0,sailing,oygarden_terminal,sailing_to_terminal,0.0,sailing,yara_sluiskil,sailing_to_emitter,0.0,sailing,yara_sluiskil,sailing_to_emitter,7375.7851227790625,0,1195887.5371210452,0.0,1195887.5371210452
iterative_q,9000056,537.0,0.0,1.0,4286.547850464614,1.7657102280356702,0,1.6152986675023162,1,707.5309243095762,1.1997210412300279,0,1.0,0,6662.33709245774,0.0,1,1.0,0,7500.0,sailing,oygarden_terminal,sailing_to_terminal,0.0,sailing,yara_sluiskil,sailing_to_emitter,0.0,sailing,yara_sluiskil,sailing_to_emitter,7375.7851227790625,0,1197132.957121045,0.0,1197132.957121045
iterative_q,9000056,538.0,0.0,1.0,4353.387628121052,2.2172300196706707,0,1.6152986675023162,1,758.3441684295777,0.9253988249943353,0,1.0,0,6662.33709245774,0.0,1,1.0,0,7500.0,sailing,oygarden_terminal,sailing_to_terminal,0.0,sailing,yara_sluiskil,sailing_to_emitter,0.0,sailing,yara_sluiskil,sailing_to_emitter,7375.7851227790625,0,1198378.377121045,0.0,1198378.377121045
iterative_q,9000056,539.0,0.0,1.0,4437.3269302053295,0.7070400245720071,0,1.6152986675023162,1,797.538710149534,1.2622187923989,0,1.0,0,6662.33709245774,0.8308088571685674,0,1.0,0,7500.0,sailing,oygarden_terminal,sailing_to_terminal,0.0,sailing,yara_sluiskil,sailing_to_emitter,0.0,sailing,yara_sluiskil,sailing_to_emitter,7375.7851227790625,0,1199623.797121045,0.0,1199623.797121045
iterative_q,9000056,540.0,0.0,1.0,4464.096269440133,1.841043862338885,0,1.6152986675023162,1,850.9989975220562,0.9859641595903135,0,1.0,0,6738.431221302294,0.847409388474682,0,1.0,0,7500.0,sailing,oygarden_terminal,sailing_to_terminal,0.0,sailing,yara_sluiskil,sailing_to_emitter,0.0,sailing,yara_sluiskil,sailing_to_emitter,7375.7851227790625,0,1200869.2171210449,0.0,1200869.2171210449
iterative_q,9000056,541.0,0.0,1.0,4533.806548407419,0.976778059113638,0,1.6152986675023162,1,892.7587365056029,0.7234818538316052,0,1.0,0,6816.048134327861,1.041982545979487,0,1.0,0,7500.0,sailing,oygarden_terminal,sailing_to_terminal,0.0,sailing,yara_sluiskil,sailing_to_emitter,0.0,sailing,yara_sluiskil,sailing_to_emitter,7375.7851227790625,0,1202114.637121045,0.0,1202114.637121045
iterative_q,9000056,542.0,0.0,1.0,4570.795124273584,1.0943064032697936,0,1.6152986675023162,1,923.4012432148671,0.3914306746507532,0,1.0,0,6911.4894905026895,1.3243035620175017,0,1.0,0,7500.0,sailing,oygarden_terminal,sailing_to_terminal,0.0,sailing,yara_sluiskil,sailing_to_emitter,0.0,sailing,yara_sluiskil,sailing_to_emitter,7375.7851227790625,0,1203360.057121045,0.0,1203360.057121045
iterative_q,9000056,543.0,0.0,1.0,4612.237981796136,0.9771988226091718,0,1.0,0,939.9799825580509,0.523777194232608,0,1.0,0,7032.793950027094,1.297364998325849,0,1.0,0,7500.0,sailing,oygarden_terminal,sailing_to_terminal,0.0,sailing,yara_sluiskil,sailing_to_emitter,0.0,sailing,yara_sluiskil,sailing_to_emitter,7375.7851227790625,0,1204605.4771210449,0.0,1204605.4771210449
iterative_q,9000056,544.0,0.0,1.0,4649.249142902753,0.6120076367340752,0,1.0,0,962.1641549784528,1.407326143808945,0,1.0,0,7151.634448187245,1.2076207518195161,0,1.0,0,7500.0,sailing,oygarden_terminal,sailing_to_terminal,0.0,sailing,yara_sluiskil,sailing_to_emitter,0.0,sailing,yara_sluiskil,sailing_to_emitter,7375.7851227790625,0,1205850.897121045,0.0,1205850.897121045
iterative_q,9000056,545.0,0.0,1.0,4672.430861804135,1.0404190916132223,0,1.0,0,1021.7703504557838,0.5531404541268958,0,1.0,0,7262.257571400104,1.3082617424751195,0,1.0,0,7500.0,sailing,oygarden_terminal,sailing_to_terminal,0.0,sailing,yara_sluiskil,sailing_to_emitter,0.0,sailing,yara_sluiskil,sailing_to_emitter,7375.7851227790625,0,1207096.317121045,0.0,1207096.317121045
iterative_q,9000056,546.0,0.0,1.0,4711.8435569269695,1.339986607349402,0,1.0,0,1045.1981807282125,0.7642103472553305,0,1.0,0,7382.10343550515,1.1071605916663505,0,1.0,0,7500.0,sailing,oygarden_terminal,sailing_to_terminal,0.0,sailing,yara_sluiskil,sailing_to_emitter,0.0,sailing,yara_sluiskil,sailing_to_emitter,7375.7851227790625,0,1208341.737121045,0.0,1208341.737121045
iterative_q,9000056,547.0,0.0,1.0,4762.608895946937,0.9036149822530432,0,1.0,0,1077.5657108452997,0.6999635807994947,0,1.0,0,7483.530087373848,0.7181327303636666,0,1.0,0,7500.0,sailing,oygarden_terminal,sailing_to_terminal,0.0,sailing,yara_sluiskil,sailing_to_emitter,0.0,sailing,yara_sluiskil,sailing_to_emitter,7375.7851227790625,0,1209587.1571210448,0.0,1209587.1571210448
iterative_q,9000056,548.0,0.0,1.0,4796.8453884067785,1.5871492843663628,0,1.0,0,1107.2121195386148,1.2996141649753554,0,1.0,0,7549.3199912545815,0.5285684324239739,0,1.0,0,7500.0,sailing,oygarden_terminal,sailing_to_terminal,0.0,sailing,yara_sluiskil,sailing_to_emitter,0.0,sailing,yara_sluiskil,sailing_to_emitter,7375.7851227790625,0,1210832.5771210447,0.0,1210832.5771210447
iterative_q,9000056,549.0,0.0,1.0,4856.985279284206,0.5446403203276924,0,1.0,0,1162.2562585986407,0.7569368849874777,0,1.0,0,7597.744900247611,0.9910523515296257,0,1.0,0,7500.0,sailing,oygarden_terminal,sailing_to_terminal,0.0,sailing,yara_sluiskil,sailing_to_emitter,0.0,sailing,yara_sluiskil,sailing_to_emitter,7375.7851227790625,0,1212077.997121045,0.0,1212077.997121045
iterative_q,9000056,550.0,0.0,1.0,4877.6245168118785,1.1176531107923322,0,1.0,0,1194.3157269237674,0.65562405280159,0,1.0,0,7688.543101885325,0.8604812466935249,0,1.0,0,7500.0,sailing,oygarden_terminal,sailing_to_terminal,0.0,sailing,yara_sluiskil,sailing_to_emitter,0.0,sailing,yara_sluiskil,sailing_to_emitter,7375.7851227790625,0,1213323.4171210448,0.0,1213323.4171210448
iterative_q,9000056,551.0,0.0,1.0,4919.981974819919,1.29193686556995,0,1.4659253844879863,1,1222.0841696709215,1.3552068030213926,0,1.0,0,7767.381014974846,0.6921141896726115,0,1.0,0,7500.0,sailing,oygarden_terminal,sailing_to_terminal,0.0,sailing,yara_sluiskil,sailing_to_emitter,0.0,sailing,yara_sluiskil,sailing_to_emitter,7375.7851227790625,0,1214568.8371210448,0.0,1214568.8371210448
iterative_q,9000056,552.0,0.0,1.0,4968.948936184203,1.472994273190269,0,1.4659253844879863,1,1279.482891330759,1.3086888146619418,0,1.0,0,7830.794924205802,0.7369625704678773,0,1.0,0,7500.0,sailing,oygarden_terminal,sailing_to_terminal,0.0,sailing,yara_sluiskil,sailing_to_emitter,0.0,sailing,yara_sluiskil,sailing_to_emitter,7375.7851227790625,1,1215814.257121045,0.0,1215814.257121045
iterative_q,9000056,553.0,0.0,1.0,5024.783343847304,1.3939667374618623,0,1.4659253844879863,1,1334.911380063735,0.9880929038057072,0,1.0,0,7898.32002839977,1.2283098826922203,0,1.0,0,7500.0,sailing,oygarden_terminal,sailing_to_terminal,0.0,sailing,yara_sluiskil,sailing_to_emitter,0.0,sailing,yara_sluiskil,sailing_to_emitter,7090.396994925181,1,1217176.686253465,0.0,1217176.686253465
iterative_q,9000056,554.0,0.0,1.0,5077.626926406964,2.247500288877657,0,1.4659253844879863,1,1376.7612803395891,1.1880658931186403,0,1.0,0,8010.868819901257,1.365228789561205,0,1.0,0,7500.0,sailing,oygarden_terminal,sailing_to_terminal,0.0,sailing,yara_sluiskil,sailing_to_emitter,0.0,sailing,yara_sluiskil,sailing_to_emitter,6813.575193217867,1,1218535.6031921648,0.0,1218535.6031921648
iterative_q,9000056,555.0,0.0,1.0,5162.834577641448,1.9950447586527276,0,1.4659253844879863,1,1427.080879798969,1.070773742537742,0,1.0,0,8135.96711348253,1.0381741000711568,0,1.0,0,7500.0,sailing,oygarden_terminal,sailing_to_terminal,0.0,sailing,yara_sluiskil,sailing_to_emitter,0.0,sailing,yara_sluiskil,sailing_to_emitter,6544.202322847405,1,1219891.4660690166,0.0,1219891.4660690166
iterative_q,9000056,556.0,0.0,1.0,5238.477876742174,0.7789157783437486,0,1.4659253844879863,1,1472.4326621775408,1.0551720743481972,0,1.0,0,8231.099675979152,0.6344690102479384,0,1.0,0,7500.0,sailing,oygarden_terminal,sailing_to_terminal,0.0,sailing,yara_sluiskil,sailing_to_emitter,0.0,sailing,yara_sluiskil,sailing_to_emitter,6279.628205971234,1,1221245.3614569358,0.0,1221245.3614569358
iterative_q,9000056,557.0,0.0,1.0,5268.01357868878,1.4703957241917216,0,1.4659253844879863,1,1517.1236481316523,1.1213490719255008,0,1.0,0,8289.240673191902,1.2230648392642154,0,1.0,0,7500.0,sailing,oygarden_terminal,sailing_to_terminal,0.0,sailing,yara_sluiskil,sailing_to_emitter,0.0,sailing,yara_sluiskil,sailing_to_emitter,6018.510247152655,1,1222597.8398200516,0.0,1222597.8398200516
iterative_q,9000056,558.0,0.0,1.0,5323.774509088681,1.0523237130753367,0,1.4659253844879863,1,1564.6175089353844,0.8684093220253488,0,1.0,0,8401.322344846592,0.8601237087717412,0,1.0,0,7500.0,sailing,oygarden_terminal,sailing_to_terminal,0.0,loading,yara_sluiskil,loading,0.0,sailing,yara_sluiskil,sailing_to_emitter,5760.047234635974,1,1223534.0896551835,0.0,1223534.0896551835
iterative_q,9000056,559.0,0.0,1.0,5363.684727766034,1.7753570330876314,0,1.4659253844879863,1,1601.3983049368596,1.0348908644196377,0,1.0,0,7680.146458040243,0.6391632702438097,0,1.0,0,7500.0,sailing,oygarden_terminal,sailing_to_terminal,800.0,loading,yara_sluiskil,loading,0.0,sailing,yara_sluiskil,sailing_to_emitter,5503.71241556428,1,1230749.8869310028,0.0,1230749.8869310028
iterative_q,9000056,560.0,0.0,1.0,5431.022605071492,0.7335599275722542,0,1.0,0,1645.2302961449157,2.0704657276357485,0,1.0,0,6938.72290702831,1.8103231702587212,0,1.0,0,7500.0,unloading,oygarden_terminal,unloading,1600.0,loading,yara_sluiskil,loading,0.0,sailing,yara_sluiskil,sailing_to_emitter,5249.136268750132,1,1237549.8231511966,0.0,1237549.8231511966
iterative_q,9000056,561.0,0.0,1.0,5458.848445515038,1.271732984890706,0,1.0,0,1732.9232487937973,0.7814724670842825,0,1.0,0,6304.63590096473,0.6941911071908442,0,1.0,0,6700.0,unloading,oygarden_terminal,unloading,2400.0,loading,yara_sluiskil,loading,0.0,sailing,yara_sluiskil,sailing_to_emitter,5796.04716796607,1,1244373.569682518,0.0,1244373.569682518
iterative_q,9000056,562.0,0.0,1.0,5507.092920747182,1.0031403497935207,0,1.0,0,1766.021902462738,0.8352081743199956,0,1.0,0,5568.25923026142,0.7575763428418004,0,1.0,0,5900.0,unloading,oygarden_terminal,unloading,3200.0,loading,yara_sluiskil,loading,0.0,sailing,yara_sluiskil,sailing_to_emitter,6344.238253333322,1,1251196.7913375176,0.0,1251196.7913375176
iterative_q,9000056,563.0,0.0,1.0,5545.151476774962,1.1134655178055792,0,1.0,0,1801.3964898828526,0.8983856776740795,0,1.0,0,4837.693968751752,0.8568741739471537,0,1.0,0,5100.0,unloading,oygarden_terminal,unloading,4000.0,loading,yara_sluiskil,loading,0.0,sailing,yara_sluiskil,sailing_to_emitter,6893.547547564412,1,1258019.554526883,0.0,1258019.554526883
iterative_q,9000056,564.0,0.0,1.0,5587.399495152869,1.2320230395845044,0,1.0,0,1839.4469109263669,0.6679448837816776,0,1.0,0,4116.232089894233,1.235185626195058,0,1.0,0,4300.0,unloading,oygarden_terminal,unloading,4800.0,loading,yara_sluiskil,loading,0.0,sailing,yara_sluiskil,sailing_to_emitter,7443.845337413695,1,1264841.9124330445,0.0,1264841.9124330445
iterative_q,9000056,565.0,0.0,1.0,5634.150112458012,0.5270667737857389,0,1.0,0,1867.7371928101509,1.4519418040872625,0,1.0,0,3429.448332350219,1.0326359738846835,0,1.0,0,3500.0,unloading,oygarden_terminal,unloading,5600.0,loading,yara_sluiskil,loading,0.0,sailing,yara_sluiskil,sailing_to_emitter,7995.025802365027,1,1271663.9084424146,0.0,1271663.9084424146
iterative_q,9000056,566.0,0.0,1.0,5654.1520978190065,0.8080887953994391,0,1.0,0,1929.2330495998924,1.3299122827824326,0,1.0,0,2724.1018615875996,1.2881956357156874,0,1.0,0,2700.0,unloading,oygarden_terminal,unloading,6400.0,loading,yara_sluiskil,loading,0.0,sailing,yara_sluiskil,sailing_to_emitter,8547.001256260995,1,1278485.5785063172,0.0,1278485.5785063172
iterative_q,9000056,567.0,0.0,1.0,5684.821513689199,0.5996368218085166,0,1.0,0,1985.5604416859126,1.0674268937818898,0,1.0,0,2042.1840620491334,0.38593770212147094,0,1.0,0,1900.0,unloading,oygarden_terminal,unloading,7200.0,loading,yara_sluiskil,loading,0.0,sailing,yara_sluiskil,sailing_to_emitter,9099.69806518258,1,1285306.9528146596,0.0,1285306.9528146596
iterative_q,9000056,568.0,0.0,1.0,5707.581586741596,0.9710806092419942,0,1.0,0,2030.7704709093598,0.0,1,1.0,0,1777.5620291286778,0.9783536049731741,0,1.0,0,1603.0536789873272,unloading,oygarden_terminal,unloading,7500.0,idle,yara_sluiskil,idle,0.0,sailing,yara_sluiskil,sailing_to_emitter,9150.0,1,1288187.4387994483,0.0,1288187.4387994483
iterative_q,9000056,569.0,0.0,1.0,5744.44364449796,1.2067083598771644,0,1.0,0,2030.7704709093598,0.0,1,1.0,0,1867.248012277954,1.1353978193105436,0,1.0,0,1357.0144250544763,unloading,oygarden_terminal,unloading,7500.0,sailing,oygarden_terminal,sailing_to_terminal,0.0,sailing,yara_sluiskil,sailing_to_emitter,9150.0,1,1289126.1052417872,0.0,1289126.1052417872
iterative_q,9000056,570.0,0.0,1.0,5790.254199953858,1.4330155929678752,0,1.0,0,2030.7704709093598,0.0,1,1.0,0,1971.333416045457,1.3087099941940257,0,1.0,0,1111.5338372026647,unloading,oygarden_terminal,unloading,7500.0,sailing,oygarden_terminal,sailing_to_terminal,0.0,sailing,yara_sluiskil,sailing_to_emitter,9150.0,1,1290064.5255777505,0.0,1290064.5255777505
iterative_q,9000056,571.0,0.0,1.0,5844.660987086456,0.9971463881040954,0,1.0,0,2030.7704709093598,0.0,1,1.0,0,2091.3104844489394,1.074556130924684,0,1.0,0,866.5713688150605,unloading,oygarden_terminal,unloading,7500.0,sailing,oygarden_terminal,sailing_to_terminal,0.0,sailing,yara_sluiskil,sailing_to_emitter,9150.0,1,1291002.717669137,0.0,1291002.717669137
iterative_q,9000056,572.0,0.0,1.0,5882.52267931721,1.112481584808389,0,1.0,0,2030.7704709093598,0.0,1,1.0,0,2189.8242646624085,1.3115856284491436,0,1.0,0,622.091387224742,unloading,oygarden_terminal,unloading,7500.0,sailing,oygarden_terminal,sailing_to_terminal,0.0,sailing,yara_sluiskil,sailing_to_emitter,9150.0,1,1291940.6972130272,0.0,1291940.6972130272
iterative_q,9000056,573.0,0.0,1.0,5924.767439816407,1.5007369294694,0,1.0,0,2030.7704709093598,0.0,1,1.0,0,2310.07218604544,1.105751573270761,0,1.0,0,378.06237758250995,unloading,oygarden_terminal,unloading,7500.0,sailing,oygarden_terminal,sailing_to_terminal,0.0,sailing,yara_sluiskil,sailing_to_emitter,9150.0,1,1292878.4780925,0.0,1292878.4780925
iterative_q,9000056,574.0,0.0,1.0,5981.760701076327,1.3171278354856488,0,1.0,0,2030.7704709093598,0.0,1,1.0,0,2411.452012806838,1.0654783033213093,0,1.0,0,134.4563051666113,unloading,oygarden_terminal,unloading,7500.0,sailing,oygarden_terminal,sailing_to_terminal,0.0,sailing,yara_sluiskil,sailing_to_emitter,9150.0,1,1293816.0726575507,0.0,1293816.0726575507
iterative_q,9000056,575.0,0.0,1.0,6031.785550818542,0.7354555771750219,0,1.0,0,2030.7704709093598,0.0,1,1.0,0,2509.142356854322,0.23189094716776593,0,1.0,0,0.0,idle,oygarden_terminal,idle,7500.0,sailing,oygarden_terminal,sailing_to_terminal,0.0,sailing,yara_sluiskil,sailing_to_emitter,9041.24809919612,1,1294750.172300714,0.0,1294750.172300714
iterative_q,9000056,576.0,0.0,1.0,6059.7208432006955,0.9528374894139913,0,1.0,0,2030.7704709093598,0.0,1,1.0,0,2530.4043450437553,0.6333726993361832,0,1.0,0,0.0,sailing,celsio,sailing_to_emitter,7500.0,sailing,oygarden_terminal,sailing_to_terminal,0.0,sailing,yara_sluiskil,sailing_to_emitter,8798.4152309898,1,1296095.1537766787,0.0,1296095.1537766787
iterative_q,9000056,577.0,0.0,1.0,6095.916338081314,0.9953112410765729,0,1.0,0,2030.7704709093598,0.0,1,1.0,0,2588.4797800719693,1.1678775598785787,0,1.0,0,0.0,sailing,celsio,sailing_to_emitter,7500.0,sailing,oygarden_terminal,sailing_to_terminal,0.0,sailing,yara_sluiskil,sailing_to_emitter,8555.937366215583,1,1297439.9897012361,0.0,1297439.9897012361
iterative_q,9000056,578.0,0.0,1.0,6133.728673954229,1.169798418562643,0,1.0,0,2030.7704709093598,0.0,1,1.0,0,2695.568442559445,0.6068569169085294,0,1.0,0,0.0,sailing,celsio,sailing_to_emitter,7500.0,sailing,oygarden_terminal,sailing_to_terminal,0.0,loading,yara_sluiskil,loading,8313.796075927157,1,1298369.5476302544,0.0,1298369.5476302544
iterative_q,9000056,579.0,0.0,1.0,6178.1738394859085,0.7282690169985728,0,1.0,0,2030.7704709093598,0.0,1,1.0,0,1951.2159268072965,0.6641741300267587,0,1.0,0,0.0,sailing,celsio,sailing_to_emitter,7500.0,sailing,oygarden_terminal,sailing_to_terminal,800.0,loading,yara_sluiskil,loading,8071.974594687349,1,1305579.3944375627,0.0,1305579.3944375627
iterative_q,9000056,580.0,0.0,1.0,6205.8460739574375,0.99872863257766,0,1.0,0,2030.7704709093598,0.0,1,1.0,0,1212.121106982885,1.1873179884106562,0,1.0,0,0.0,sailing,celsio,sailing_to_emitter,7500.0,sailing,oygarden_terminal,sailing_to_terminal,1600.0,loading,yara_sluiskil,loading,7830.457616735282,1,1312789.1163985233,0.0,1312789.1163985233
iterative_q,9000056,581.0,0.0,1.0,6243.798435138487,0.7566848128774959,0,1.0,0,2030.7704709093598,0.0,1,1.0,0,521.0021749056712,1.107464683393851,0,1.0,0,0.0,sailing,celsio,sailing_to_emitter,7500.0,sailing,oygarden_terminal,sailing_to_terminal,2400.0,loading,yara_sluiskil,loading,7589.231123137959,1,1319998.7192608982,0.0,1319998.7192608982
iterative_q,9000056,582.0,0.0,1.0,6272.555543031814,1.0343112878613256,0,1.0,0,2030.7704709093598,0.0,1,1.0,0,0.0,0.6235987574476263,0,1.0,0,0.0,sailing,celsio,sailing_to_emitter,7500.0,sailing,oygarden_terminal,sailing_to_terminal,3022.5634762388613,idle,yara_sluiskil,idle,7348.282234364445,1,1325815.238439595,0.0,1325815.238439595
iterative_q,9000056,583.0,0.0,1.0,6311.867108618977,1.3369409699868482,0,1.0,0,2030.7704709093598,0.0,1,1.0,0,0.0,0.7546980852949804,0,1.0,0,0.0,sailing,celsio,sailing_to_emitter,7500.0,sailing,oygarden_terminal,sailing_to_terminal,3079.7530235953673,idle,yara_sluiskil,idle,7107.599083863136,1,1327193.166502562,0.0,1327193.166502562
iterative_q,9000056,584.0,0.0,1.0,6362.685416743994,1.3288694932950427,0,1.0,0,2030.7704709093598,0.0,1,1.0,0,0.0,1.0890547731827398,0,1.0,0,0.0,sailing,celsio,sailing_to_emitter,7500.0,sailing,oygarden_terminal,sailing_to_terminal,3148.967623457328,idle,yara_sluiskil,idle,6867.170709102385,1,1328665.393082795,0.0,1328665.393082795
iterative_q,9000056,585.0,0.0,1.0,6413.2014430476565,0.668797562644424,0,1.0,0,2030.7704709093598,0.8936544837158784,0,1.0,0,0.0,1.2599945008998659,0,1.0,0,0.0,sailing,celsio,sailing_to_emitter,7500.0,sailing,oygarden_terminal,sailing_to_terminal,3248.8496241907,idle,yara_sluiskil,idle,6626.986957218354,1,1330378.2745648748,0.0,1330378.2745648748
iterative_q,9000056,586.0,0.0,1.0,6438.627581457028,0.7991785551818033,0,1.0,0,2068.6205059420304,0.8941851850898896,0,1.0,0,0.0,0.66000900703191,0,1.0,0,0.0,sailing,celsio,sailing_to_emitter,7500.0,sailing,oygarden_terminal,sailing_to_terminal,3364.412731348897,idle,yara_sluiskil,idle,6387.038402949661,1,1332214.1645339483,0.0,1332214.1645339483
iterative_q,9000056,587.0,0.0,1.0,6469.01322442638,1.2188762887028115,0,1.0,0,2106.4930184153277,1.579096871231886,0,1.0,0,0.0,0.5658438900881784,0,1.0,0,0.0,sailing,celsio,sailing_to_emitter,7500.0,sailing,oygarden_terminal,sailing_to_terminal,3424.9486960930262,idle,yara_sluiskil,idle,6147.316276961361,1,1333617.9697102264,0.0,1333617.9697102264
iterative_q,9000056,588.0,0.0,1.0,6515.360382209531,1.1405650218571504,0,1.0,0,2173.374428384407,0.6696738045597717,0,1.0,0,0.0,0.673829872029005,0,1.0,0,0.0,sailing,celsio,sailing_to_emitter,7500.0,sailing,oygarden_terminal,sailing_to_terminal,3476.849403968349,idle,yara_sluiskil,idle,5907.812402997307,1,1334953.8941032444,0.0,1334953.8941032444
iterative_q,9000056,589.0,0.0,1.0,6558.733674804213,1.2097140231341263,0,1.0,0,2201.7379373522735,1.3594207268295957,0,1.0,0,61.807325998917115,1.0583370477685174,0,1.0,0,0.0,sailing,celsio,sailing_to_emitter,7500.0,sailing,oygarden_terminal,sailing_to_terminal,3476.849403968349,sailing,brevik,sailing_to_emitter,5668.519142569372,1,1336297.42434002,0.0,1336297.42434002
iterative_q,9000056,590.0,0.0,1.0,6604.740676571089,1.2516142800165373,0,1.0,0,2259.3151364512914,0.8005800819674362,0,1.0,0,158.8866487505999,1.2216107160350815,0,1.0,0,0.0,sailing,celsio,sailing_to_emitter,7500.0,sailing,oygarden_terminal,sailing_to_terminal,3476.849403968349,sailing,brevik,sailing_to_emitter,5429.429346109264,1,1337640.8711565686,0.0,1337640.8711565686
iterative_q,9000056,591.0,0.0,0.7588500450326741,6652.345458988534,0.7985841120820947,0,1.0,0,2293.223078168238,1.3539585763596191,0,1.0,0,270.9461321656317,0.3575561713904186,0,1.0,0,0.0,sailing,celsio,sailing_to_emitter,7500.0,sailing,oygarden_terminal,sailing_to_terminal,3476.849403968349,sailing,brevik,sailing_to_emitter,5190.536309684794,1,1338984.2373015026,0.0,1338984.2373015026
iterative_q,9000056,592.0,0.0,0.7588500450326741,6682.722089288165,1.0460671463352784,0,1.0,0,2350.568932166426,0.8157602904747536,0,1.0,0,303.74607628909786,0.9301550999130447,0,1.0,0,0.0,sailing,celsio,sailing_to_emitter,7500.0,sailing,oygarden_terminal,sailing_to_terminal,3476.849403968349,sailing,brevik,sailing_to_emitter,4951.833736526142,1,1340327.5253564974,0.0,1340327.5253564974
iterative_q,9000056,593.0,0.0,0.7588500450326741,6722.516067280419,1.2729029891425696,0,1.0,0,2385.1198197134163,0.8183598423192122,0,1.0,0,389.0751910124996,0.8446213547359237,0,1.0,0,0.0,sailing,celsio,sailing_to_emitter,7500.0,sailing,oygarden_terminal,sailing_to_terminal,3476.849403968349,sailing,brevik,sailing_to_emitter,4713.315702725448,1,1341670.7377503556,0.0,1341670.7377503556
iterative_q,9000056,594.0,0.0,0.7588500450326741,6770.9435558514,1.0499304251326487,0,1.0,0,2419.7808092407304,0.9574876093260895,0,1.0,0,466.56007248654,0.9503053133847704,0,1.0,0,0.0,sailing,celsio,sailing_to_emitter,7500.0,sailing,oygarden_terminal,sailing_to_terminal,3476.849403968349,sailing,brevik,sailing_to_emitter,4474.976626570184,1,1343013.8767715795,0.0,1343013.8767715795
iterative_q,9000056,595.0,0.0,0.7588500450326741,6810.891644644583,0.8735419980572312,0,1.0,0,2460.3344462634514,1.0652364211406682,0,1.0,0,553.7429331312093,1.4104484721406465,0,1.0,0,0.0,sailing,celsio,sailing_to_emitter,7500.0,sailing,oygarden_terminal,sailing_to_terminal,3476.849403968349,sailing,brevik,sailing_to_emitter,4236.811241051167,1,1344356.9445796423,0.0,1344356.9445796423
iterative_q,9000056,596.0,0.0,0.7588500450326741,6844.131423657065,1.1545681987160248,0,1.0,0,2505.4516997355104,1.086530355004779,0,1.0,0,683.1441093045567,1.0044190968819104,0,1.0,0,0.0,sailing,celsio,sailing_to_emitter,7500.0,sailing,oygarden_terminal,sailing_to_terminal,3476.849403968349,sailing,brevik,sailing_to_emitter,3998.8145691530026,1,1345699.9432151204,0.0,1345699.9432151204
iterative_q,9000056,597.0,0.0,0.7588500450326741,6888.068663089365,1.0334037537388474,0,1.0,0,2551.4708410819394,0.8425125087284979,0,1.0,0,775.2970082101276,1.6064214012614277,0,1.0,0,0.0,sailing,celsio,sailing_to_emitter,7500.0,sailing,oygarden_terminal,sailing_to_terminal,3476.849403968349,sailing,brevik,sailing_to_emitter,3760.98190159065,1,1347042.8746088212,0.0,1347042.8746088212
iterative_q,9000056,598.0,0.0,0.7588500450326741,6927.398490853147,0.6602884380117872,0,1.0,0,2587.154797859328,1.4367180557462438,0,1.0,0,922.6865139436221,1.1863030165136128,0,1.0,0,0.0,sailing,celsio,sailing_to_emitter,7500.0,sailing,oygarden_terminal,sailing_to_terminal,3476.849403968349,sailing,brevik,sailing_to_emitter,3523.3087767027496,1,1348385.7405900252,0.0,1348385.7405900252
iterative_q,9000056,599.0,0.0,0.7588500450326741,6952.530345801715,1.3465340109985087,0,1.0,0,2648.0058647235046,0.7289585256458802,0,1.0,0,1031.533336656099,1.1155722515611743,0,1.0,0,0.0,sailing,celsio,sailing_to_emitter,7500.0,sailing,oygarden_terminal,sailing_to_terminal,3476.849403968349,sailing,brevik,sailing_to_emitter,3285.790962251895,1,1349728.54289395,0.0,1349728.54289395
iterative_q,9000056,600.0,0.0,0.7588500450326741,7003.786616712335,0.8583988821427857,0,1.0,0,2678.880331573752,1.2575787137667584,0,1.0,0,1133.8934751568324,1.2198856912204474,0,1.0,0,0.0,sailing,celsio,sailing_to_emitter,7500.0,sailing,oygarden_terminal,sailing_to_terminal,3476.849403968349,sailing,brevik,sailing_to_emitter,3048.4244389154624,1,1351071.2831685178,0.0,1351071.2831685178
iterative_q,9000056,601.0,0.0,0.7588500450326741,7036.464780572919,1.1829178908400864,0,1.0,0,2732.1440920536315,1.252773555835415,0,1.0,0,1245.8283295171987,0.3190483802913072,0,1.0,0,0.0,sailing,celsio,sailing_to_emitter,7500.0,sailing,oygarden_terminal,sailing_to_terminal,3476.849403968349,sailing,brevik,sailing_to_emitter,2811.205385279013,1,1352413.9629805086,0.0,1352413.9629805086
iterative_q,9000056,602.0,0.0,0.7588500450326741,7081.501000853159,1.1283795791882894,0,1.0,0,2785.204333836573,1.1829760388457855,0,1.0,0,1275.1046025984303,0.6453080477578437,0,1.0,0,0.0,sailing,celsio,sailing_to_emitter,7500.0,sailing,oygarden_terminal,sailing_to_terminal,3476.849403968349,sailing,brevik,sailing_to_emitter,2574.1301641684586,1,1353756.5838211642,0.0,1353756.5838211642
iterative_q,9000056,603.0,0.0,1.0,7124.464670554383,1.224093351858192,0,1.0,0,2835.3083565086717,1.389541302462209,0,1.0,0,1334.3206431944925,1.1036090152671636,0,1.0,0,0.0,sailing,celsio,sailing_to_emitter,7500.0,sailing,oygarden_terminal,sailing_to_terminal,3476.849403968349,sailing,brevik,sailing_to_emitter,2337.1953101778463,1,1355099.1471113001,0.0,1355099.1471113001
iterative_q,9000056,604.0,0.0,1.0,7171.076860095123,1.1724330418300257,0,1.0,0,2894.1612889740773,1.234168164135435,0,1.0,0,1435.5952491746064,0.9688058192297155,0,1.0,0,0.0,sailing,celsio,sailing_to_emitter,7500.0,sailing,oygarden_terminal,sailing_to_terminal,3476.849403968349,sailing,brevik,sailing_to_emitter,2100.397518267354,1,1356441.6542059835,0.0,1356441.6542059835
iterative_q,9000056,605.0,0.0,1.0,7215.725870235391,1.2584979011177273,0,1.0,0,2946.433513978193,1.5058286933265672,0,1.0,0,1524.502073833602,0.7954247270582465,0,1.0,0,0.0,sailing,celsio,sailing_to_emitter,7500.0,sailing,oygarden_terminal,sailing_to_terminal,3476.849403968349,sailing,brevik,sailing_to_emitter,1863.7336333212984,1,1357784.1063988116,0.0,1357784.1063988116
iterative_q,9000056,606.0,0.0,1.0,7263.656715482371,0.9581287326316046,0,1.0,0,3010.211707714344,0.8147076399330194,0,1.0,0,1597.499993923072,1.4054219501359422,0,1.0,0,0.0,sailing,celsio,sailing_to_emitter,7500.0,sailing,oygarden_terminal,sailing_to_terminal,3476.849403968349,sailing,brevik,sailing_to_emitter,1627.2006405691386,1,1359126.5049258398,0.0,1359126.5049258398
iterative_q,9000056,607.0,0.0,1.0,7300.151034080173,1.0825446059731794,0,1.0,0,3044.7180110729173,1.0391490707996849,0,1.0,0,1726.4826060455957,1.2207792596966567,0,1.0,0,0.0,sailing,celsio,sailing_to_emitter,7500.0,sailing,oygarden_terminal,sailing_to_terminal,3476.849403968349,sailing,brevik,sailing_to_emitter,1390.7956567837953,1,1360468.8509691916,0.0,1360468.8509691916
iterative_q,9000056,608.0,0.0,1.0,7341.387933766061,1.0277718196760817,0,1.0,0,3088.7303552737662,1.294753009034298,0,1.0,0,1838.5229968381302,0.6062505880458242,0,1.0,0,0.0,sailing,celsio,sailing_to_emitter,7500.0,sailing,oygarden_terminal,sailing_to_terminal,3476.849403968349,sailing,brevik,sailing_to_emitter,1154.5159221814936,1,1361811.1456603785,0.0,1361811.1456603785
iterative_q,9000056,609.0,0.0,1.0,7380.541895091971,0.746012101437909,0,1.0,0,3143.568603885055,0.790899780987245,0,1.0,0,1894.1649904530311,0.9894394894806741,0,1.0,0,0.0,loading,celsio,loading,7500.0,sailing,oygarden_terminal,sailing_to_terminal,3476.849403968349,sailing,brevik,sailing_to_emitter,918.3587929558993,1,1362738.250083361,0.0,1362738.250083361
iterative_q,9000056,610.0,0.0,1.0,7408.964486169131,1.4571225452686982,0,1.0,0,2377.0665440433413,1.0591270053437858,0,1.0,0,1984.978986222456,1.17819073095517,0,1.0,0,800.0,loading,celsio,loading,7500.0,sailing,oygarden_terminal,sailing_to_terminal,3476.849403968349,sailing,brevik,sailing_to_emitter,682.3217343868012,1,1369945.7252773745,0.0,1369945.7252773745
iterative_q,9000056,611.0,0.0,1.0,7464.484897201809,0.9826476262929699,0,1.0,0,1621.9250379991054,0.7885567688680826,0,1.0,0,2093.120435999629,0.4970123002866148,0,1.0,0,1600.0,loading,celsio,loading,7500.0,sailing,oygarden_terminal,sailing_to_terminal,3476.849403968349,sailing,brevik,sailing_to_emitter,446.4023144701267,1,1377153.1522395404,0.0,1377153.1522395404
iterative_q,9000056,612.0,1.929841577958726,1.0,7500.0,0.7516806549272017,0,1.0,0,855.3237417160062,0.9510568577667001,0,1.0,0,2138.7405911729925,0.7304976023734836,0,1.0,0,2400.0,loading,celsio,loading,7500.0,sailing,oygarden_terminal,sailing_to_terminal,3476.849403968349,sailing,brevik,sailing_to_emitter,210.59819802180826,1,1384360.531927284,154.38732623669807,1384514.919253521
iterative_q,9000056,613.0,30.576075631359313,1.0,7500.0,1.0255833325705248,0,1.0,0,95.60500929813827,0.86510452298815,0,1.0,0,2205.7940910611624,1.2276080298409155,0,1.0,0,3200.0,loading,celsio,loading,7500.0,sailing,oygarden_terminal,sailing_to_terminal,3476.849403968349,sailing,brevik,sailing_to_emitter,0.0,1,1391557.5771884732,2446.086050508745,1394003.663238982
iterative_q,9000056,614.0,69.6641167762864,1.0,7500.0,1.1581736102340114,0,1.0,0,0.0,0.7083708983780166,0,1.0,0,2318.4815046967483,0.9136759749257966,0,1.0,0,3332.2458331273556,idle,celsio,idle,7500.0,sailing,oygarden_terminal,sailing_to_terminal,3476.849403968349,sailing,brevik,sailing_to_emitter,0.0,1,1393426.0564075855,5573.129342102912,1398999.1857496884
iterative_q,9000056,615.0,113.80951031715315,1.0,7500.0,0.7171257082931779,0,1.0,0,0.0,1.0577601146218456,0,1.0,0,2402.35426385081,1.1527887693124392,0,1.0,0,3362.2483271653723,idle,celsio,idle,7500.0,unloading,oygarden_terminal,unloading,3476.849403968349,sailing,brevik,sailing_to_emitter,0.0,1,1394076.731737093,9104.760825372252,1403181.4925624654
iterative_q,9000056,616.0,141.14619172089036,1.0,7500.0,1.0557348216704183,0,1.0,0,0.0,1.2712648596125238,0,1.0,0,2508.180048079882,0.938304684532235,0,1.0,0,3407.0489275362506,idle,celsio,idle,6700.0,unloading,oygarden_terminal,unloading,3476.849403968349,sailing,brevik,sailing_to_emitter,544.9574049791132,1,1394972.567434278,11291.695337671228,1406264.2627719494
iterative_q,9000056,617.0,181.3941751399871,1.0,7500.0,1.0165330681390667,0,1.0,0,0.0,0.7570592964756608,0,1.0,0,2594.3188201799335,1.9581219267909948,0,1.0,0,3460.892353993489,idle,celsio,idle,5900.0,unloading,oygarden_terminal,unloading,3476.849403968349,sailing,brevik,sailing_to_emitter,1098.2136397907325,1,1395935.9915434937,14511.534011198968,1410447.5255546926
iterative_q,9000056,618.0,220.15112176609884,1.0,7500.0,0.955966681440034,0,1.0,0,0.0,1.136736249118917,0,1.0,0,2774.084820477388,1.0133218871474536,0,1.0,0,3492.9570069612273,idle,celsio,idle,5100.0,unloading,oygarden_terminal,unloading,3476.849403968349,sailing,brevik,sailing_to_emitter,1654.995738717201,1,1396726.9952426734,17612.089741287906,1414339.0849839614
iterative_q,9000056,619.0,256.60213132940737,1.0,7500.0,0.7540578038911483,0,1.0,0,0.0,0.6815916249565882,0,1.0,0,2867.115948238475,1.0128268146951773,0,1.0,0,3541.1025795914397,idle,celsio,idle,4300.0,unloading,oygarden_terminal,unloading,3476.849403968349,sailing,brevik,sailing_to_emitter,2213.7648089800095,1,1397643.4279454383,20528.170506352588,1418171.5984517909
iterative_q,9000056,620.0,285.3569222045413,1.0,7500.0,1.0347707739867753,0,1.0,0,0.0,1.1632486834292348,0,1.0,0,2960.1044146905883,1.1032568425806697,0,1.0,0,3569.970858498642,idle,celsio,idle,3500.0,unloading,oygarden_terminal,unloading,3476.849403968349,sailing,brevik,sailing_to_emitter,2773.824994166278,1,1398407.9944147803,22828.553776363304,1421236.5481911437
iterative_q,9000056,621.0,324.8197755013156,1.0,7500.0,0.9697288498334572,0,1.0,0,0.0,0.8535314476323714,0,1.0,0,3061.3983761706727,0.9689001098360717,0,1.0,0,3619.2393444983195,idle,celsio,idle,2700.0,unloading,oygarden_terminal,unloading,3476.849403968349,sailing,brevik,sailing_to_emitter,3334.8020984945692,1,1399332.337283058,25985.582040105244,1425317.9193231633
iterative_q,9000056,622.0,361.80543844675094,1.0,7500.0,1.0704488794908633,0,1.0,0,0.0,0.9899615726495843,0,1.0,0,3150.359234205818,0.8820744613021408,0,1.0,0,3655.3899997941335,idle,celsio,idle,1900.0,unloading,oygarden_terminal,unloading,3476.849403968349,sailing,brevik,sailing_to_emitter,3896.4717391491376,1,1400153.4143535558,28944.435075740075,1429097.8494292959
iterative_q,9000056,623.0,402.6362273127829,1.0,7500.0,1.3014180801471977,0,1.0,0,0.0,0.8916406482821022,0,1.0,0,3231.3505094368957,0.8254683207655404,0,1.0,0,3697.3190460738338,idle,celsio,idle,1100.0,unloading,oygarden_terminal,unloading,3476.849403968349,sailing,brevik,sailing_to_emitter,4458.688760420651,1,1401019.6304008795,32210.898185022637,1433230.5285859022
iterative_q,9000056,624.0,452.28144494026543,1.0,7500.0,1.177810769797991,0,1.0,0,0.0,1.1444756743541833,0,1.0,0,3307.146534464108,0.9560107027971518,0,1.0,0,3735.083786685554,idle,celsio,idle,300.0,unloading,oygarden_terminal,unloading,3476.849403968349,sailing,brevik,sailing_to_emitter,5021.353817718858,1,1401852.970767678,36182.51559522124,1438035.4863628992
iterative_q,9000056,625.0,497.2154216663929,0.5754305485792864,7500.0,0.971566822806626,0,1.0,0,0.0,1.041340984841719,0,1.0,0,3394.931835800186,0.667322689961385,0,1.0,0,3783.5571566038966,idle,celsio,idle,0.0,idle,oygarden_terminal,idle,3476.849403968349,sailing,brevik,sailing_to_emitter,5084.395881592365,1,1402754.9624238682,39777.233733311434,1442532.1961571798
iterative_q,9000056,626.0,534.2844112279961,0.5754305485792864,7500.0,0.6850492385752487,0,1.0,0,0.0,0.9273444894175564,0,1.0,0,3456.210314018148,1.1363570758443189,0,1.0,0,3827.6623376055354,idle,celsio,idle,0.0,sailing,brevik,sailing_to_emitter,3476.849403968349,sailing,brevik,sailing_to_emitter,4847.762356058754,1,1404028.51099542,42742.75289823969,1446771.2638936597
iterative_q,9000056,627.0,560.423990530489,0.5754305485792864,7500.0,1.565999425757965,0,1.0,0,0.0,1.0142748829791997,0,1.0,0,3560.562111564924,1.1992328019778475,0,1.0,0,3866.939286416736,idle,celsio,idle,0.0,sailing,brevik,sailing_to_emitter,3476.849403968349,sailing,brevik,sailing_to_emitter,4611.41315626179,1,1405264.0388359027,44833.91924243912,1450097.9580783418
iterative_q,9000056,628.0,620.1835167630506,0.5754305485792864,7500.0,0.8694241772190646,0,1.0,0,0.0,1.4051400750563674,0,1.0,0,3670.6910979709933,0.9438335271193525,0,1.0,0,3909.898103893812,idle,celsio,idle,0.0,sailing,brevik,sailing_to_emitter,3476.849403968349,sailing,brevik,sailing_to_emitter,4375.3169850168115,1,1406528.3675366873,49614.68134104405,1456143.0488777314
iterative_q,9000056,629.0,653.364250622861,0.5754305485792864,7500.0,1.326453534346317,0,1.0,0,0.0,0.9070857413471431,0,1.0,0,3757.368636998453,0.9863367157545505,0,1.0,0,3969.4117101430056,idle,celsio,idle,0.0,sailing,brevik,sailing_to_emitter,3476.849403968349,sailing,brevik,sailing_to_emitter,4139.448897482696,1,1407922.5665062757,52269.140049828886,1460191.7065561046
iterative_q,9000056,630.0,703.9915823284514,0.5754305485792864,7500.0,1.1677174967407964,0,1.0,0,0.0,1.137473787206668,0,1.0,0,3847.9522001488613,1.182472439520925,0,1.0,0,4007.830615562543,idle,celsio,idle,0.0,sailing,brevik,sailing_to_emitter,3476.849403968349,sailing,brevik,sailing_to_emitter,3903.7886545440942,1,1409151.0757833493,56319.32658627612,1465470.4023696254
iterative_q,9000056,631.0,748.5643412294623,0.5754305485792864,7500.0,1.0553953707794124,0,1.0,0,0.0,0.9779098654904785,0,1.0,0,3956.5518075532646,0.47277107464712864,0,1.0,0,4056.007426040232,idle,celsio,idle,0.0,sailing,brevik,sailing_to_emitter,3476.849403968349,sailing,brevik,sailing_to_emitter,3668.319577466121,1,1410456.1113600265,59885.147298357,1470341.2586583835
iterative_q,9000056,632.0,788.8532616300661,0.5754305485792864,7500.0,1.029426545878669,0,1.0,0,0.0,0.951337223307427,0,1.0,0,3999.972940710024,1.179453826082166,0,1.0,0,4097.426031711747,idle,celsio,idle,0.0,sailing,brevik,sailing_to_emitter,3476.849403968349,sailing,brevik,sailing_to_emitter,3433.0277314698083,1,1411708.0188161745,63108.2609304053,1474816.2797465797
iterative_q,9000056,633.0,828.1543449110512,0.5754305485792864,7500.0,0.8563656343927935,0,1.0,0,0.0,1.1588565822791401,0,1.0,0,4108.301814029723,1.2812314236598914,0,1.0,0,4137.71917395655,idle,celsio,idle,0.0,sailing,brevik,sailing_to_emitter,3476.849403968349,loading,brevik,loading,3197.9013311859517,1,1412535.8829608122,66252.3475928841,1478788.2305536964
iterative_q,9000056,634.0,860.8512848724498,0.5754305485792864,6700.0,1.2464153963686397,0,1.0,0,0.0,1.0144220508449522,0,1.0,0,4225.982147710335,0.47508314450208045,0,1.0,0,4186.801635955422,idle,celsio,idle,0.0,sailing,brevik,sailing_to_emitter,4276.849403968349,loading,brevik,loading,2962.9302994456657,1,1419713.1041788096,68868.102789796,1488581.2069686055
iterative_q,9000056,635.0,860.8512848724498,0.5754305485792864,5947.5936913675305,0.9390524256722758,0,1.0,0,0.0,1.1115381160737035,0,1.0,0,4269.619556911778,1.0979634653268415,0,1.0,0,4229.766686612073,idle,celsio,idle,0.0,sailing,brevik,sailing_to_emitter,5076.849403968349,loading,brevik,loading,2728.1059343276866,1,1426842.240372814,68868.102789796,1495710.34316261
iterative_q,9000056,636.0,860.8512848724498,0.5754305485792864,5183.454091114607,1.226646964431329,0,1.0,0,0.0,0.9100997342208588,0,1.0,0,4370.472890006737,0.6423936399168455,0,1.0,0,4276.845012072491,idle,celsio,idle,0.0,sailing,brevik,sailing_to_emitter,5876.849403968349,loading,brevik,loading,2493.4206541024687,1,1434003.6109086915,68868.102789796,1502871.7136984875
iterative_q,9000056,637.0,860.8512848724498,0.5754305485792864,4430.301285488062,1.3626893332617478,0,1.0,0,0.0,0.517059135307288,0,1.0,0,4429.481668495561,1.460959372872109,0,1.0,0,4315.3915727972235,idle,celsio,idle,0.0,sailing,brevik,sailing_to_emitter,6676.849403968349,loading,brevik,loading,2258.8677991901973,1,1441097.948317839,68868.102789796,1509966.051107635
iterative_q,9000056,638.0,860.8512848724498,0.5754305485792864,3682.348746708378,1.2658730006286392,0,1.0,0,0.0,0.7837236224046248,0,1.0,0,4563.6860071686115,0.7558624954852572,0,1.0,0,4337.291207098801,idle,celsio,idle,0.0,sailing,brevik,sailing_to_emitter,7476.849403968349,loading,brevik,loading,2024.4414764938406,1,1448061.5467367203,68868.102789796,1516929.6495265162
iterative_q,9000056,639.0,860.8512848724498,0.5754305485792864,3707.5520523682308,1.0417756047392646,0,1.0,0,0.0,1.2759720143644346,0,1.0,0,4633.121934355585,1.0873448167177697,0,1.0,0,4370.48520668643,idle,celsio,idle,0.0,sailing,brevik,sailing_to_emitter,7500.0,idle,brevik,idle,1790.136435668326,1,1449015.0864599827,68868.102789796,1517883.1892497786
iterative_q,9000056,640.0,860.8512848724498,0.5754305485792864,3747.3494129211854,0.8544332274263606,0,1.0,0,0.0,1.4326727706872058,0,1.0,0,4733.011874999353,1.5095876375278843,0,1.0,0,4424.528000992776,idle,celsio,idle,0.0,sailing,brevik,sailing_to_emitter,7500.0,sailing,oygarden_terminal,sailing_to_terminal,1555.9479697655408,1,1450365.648038775,68868.102789796,1519233.750828571
iterative_q,9000056,641.0,860.8512848724498,0.5754305485792864,3779.992926716423,1.0201169323602035,0,1.0,0,0.0,0.862955284070291,0,1.0,0,4871.695703132121,1.0435670534308654,0,1.0,0,4485.20773297978,idle,celsio,idle,0.0,sailing,brevik,sailing_to_emitter,7500.0,sailing,oygarden_terminal,sailing_to_terminal,1321.8718347015952,1,1451768.2670071083,68868.102789796,1520636.3697969043
iterative_q,9000056,642.0,860.8512848724498,0.5754305485792864,3818.9698370404317,1.2305198276013256,0,1.0,0,0.0,0.8783968538781514,0,1.0,0,4967.569708980237,1.1736783022266977,0,1.0,0,4521.7575274796345,idle,celsio,idle,0.0,sailing,brevik,sailing_to_emitter,7500.0,sailing,oygarden_terminal,sailing_to_terminal,1087.9041834137247,1,1452981.408819602,68868.102789796,1521849.511609398
iterative_q,9000056,643.0,860.8512848724498,0.5754305485792864,3865.9900681569084,0.8423001223069513,0,1.0,0,0.0,1.0162185547562794,0,1.0,0,5075.400455838925,0.8891970118322684,0,1.0,0,4558.96133756251,idle,celsio,idle,0.0,sailing,brevik,sailing_to_emitter,7500.0,sailing,oygarden_terminal,sailing_to_terminal,854.04151159473,1,1454199.641956199,68868.102789796,1523067.744745995
iterative_q,9000056,644.0,860.8512848724498,0.5754305485792864,3898.1786380840786,1.3508857182847591,0,1.0,0,0.0,0.8867093421411932,0,1.0,0,5157.097164345991,1.1196242120472273,0,1.0,0,4602.002477733866,idle,celsio,idle,0.0,sailing,brevik,sailing_to_emitter,7500.0,sailing,oygarden_terminal,sailing_to_terminal,620.2806126354812,1,1455463.659471716,68868.102789796,1524331.762261512
iterative_q,9000056,645.0,860.8512848724498,0.5754305485792864,3949.80744634683,1.1781355364574693,0,1.0,0,0.0,0.7828245975184664,0,1.0,0,5259.967905540123,0.9443003860253825,0,1.0,0,4639.558356740132,idle,celsio,idle,0.0,sailing,brevik,sailing_to_emitter,7500.0,sailing,oygarden_terminal,sailing_to_terminal,386.61853995298634,1,1456684.5742885517,68868.102789796,1525552.6770783477
iterative_q,9000056,646.0,860.8512848724498,0.5754305485792864,3994.838014404534,0.9753279507352672,0,1.0,0,0.0,1.4186740259532487,0,1.0,0,5346.732547042784,0.8474858804844648,0,1.0,0,4672.714278833542,idle,celsio,idle,0.0,sailing,brevik,sailing_to_emitter,7500.0,sailing,oygarden_terminal,sailing_to_terminal,153.05257528896453,1,1457870.907729356,68868.102789796,1526739.010519152
iterative_q,9000056,647.0,860.8512848724498,0.5754305485792864,4032.120212067807,1.2316948300647492,0,1.0,0,0.0,1.213300919292649,0,1.0,0,5424.603968533078,0.7985197360192947,0,1.0,0,4732.801104962356,idle,celsio,idle,0.0,sailing,brevik,sailing_to_emitter,7500.0,sailing,oygarden_terminal,sailing_to_terminal,0.0,1,1459235.6524159196,68868.102789796,1528103.7552057155
iterative_q,9000056,648.0,860.8512848724498,0.5754305485792864,4079.2063005228188,1.3367235506175466,0,1.0,0,0.0,1.4698434519248875,0,1.0,0,5497.978325282307,0.7893439246328834,0,1.0,0,4784.189514171075,idle,celsio,idle,0.0,sailing,brevik,sailing_to_emitter,7500.0,sailing,oygarden_terminal,sailing_to_terminal,0.0,1,1460469.3584071228,68868.102789796,1529337.4611969187
iterative_q,9000056,649.0,860.8512848724498,0.5754305485792864,4130.312050319108,1.348523907653473,0,1.0,0,0.0,0.8125532198020147,0,1.0,0,5570.511710001824,1.1084559943835561,0,1.0,0,4846.443581220087,idle,celsio,idle,0.0,sailing,brevik,sailing_to_emitter,7500.0,sailing,oygarden_terminal,sailing_to_terminal,0.0,1,1461788.3655168426,68868.102789796,1530656.4683066385
iterative_q,9000056,650.0,860.8512848724498,0.5754305485792864,4181.8735415842875,1.1079989528898277,0,1.0,0,0.0,1.1670726665891324,0,1.0,0,5672.371587644134,1.1715558045263172,0,1.0,0,4880.858635803077,idle,celsio,idle,0.0,sailing,brevik,sailing_to_emitter,7500.0,sailing,oygarden_terminal,sailing_to_terminal,0.0,1,1462888.8217632228,68868.102789796,1531756.9245530188
iterative_q,9000056,651.0,860.8512848724498,0.5754305485792864,4224.242210499939,1.1866765009550349,0,1.0,0,0.0,1.291267799702418,0,1.0,0,5780.033154000943,0.9145420501490047,0,1.0,0,4930.289083611489,idle,celsio,idle,0.0,sailing,brevik,sailing_to_emitter,7500.0,sailing,oygarden_terminal,sailing_to_terminal,0.0,1,1464107.1567295038,68868.102789796,1532975.2595192997
iterative_q,9000056,652.0,860.8512848724498,0.5754305485792864,4269.623462305853,1.1888278498380433,0,1.0,0,0.0,0.757296640366102,0,1.0,0,5864.078644722165,1.1435485017810498,0,1.0,0,4984.97971891393,idle,celsio,idle,0.0,sailing,brevik,sailing_to_emitter,7500.0,sailing,oygarden_terminal,sailing_to_terminal,0.0,1,1465366.7869292116,68868.102789796,1534234.8897190075
iterative_q,9000056,653.0,860.8512848724498,0.5754305485792864,4315.091032245993,1.1032894885098572,0,1.0,0,0.0,1.2343363169549162,0,1.0,0,5969.1727475279795,1.2013840537975709,0,1.0,0,5017.05442439607,idle,celsio,idle,0.0,sailing,brevik,sailing_to_emitter,7500.0,sailing,oygarden_terminal,sailing_to_terminal,0.0,1,1466448.8702064669,68868.102789796,1535316.9729962628
iterative_q,9000056,654.0,860.8512848724498,0.5754305485792864,4357.290880976877,1.3232751164791947,0,1.0,0,0.0,0.8136989349138035,0,1.0,0,6079.585348300218,1.2860441103952178,0,1.0,0,5069.333771381023,idle,celsio,idle,0.0,sailing,brevik,sailing_to_emitter,7500.0,sailing,oygarden_terminal,sailing_to_terminal,0.0,1,1467689.5705269559,68868.102789796,1536557.6733167518
iterative_q,9000056,655.0,860.8512848724498,0.5754305485792864,4407.909490158775,0.8799128477462099,0,1.0,0,0.0,1.1128911179370218,0,1.0,0,6197.78213229556,1.188803835441557,0,1.0,0,5103.797351829333,idle,celsio,idle,0.0,sailing,brevik,sailing_to_emitter,7500.0,sailing,oygarden_terminal,sailing_to_terminal,0.0,1,1468790.407726855,68868.102789796,1537658.510516651
iterative_q,9000056,656.0,860.8512848724498,0.5754305485792864,4441.571369188778,1.0220467790833507,0,1.0,0,0.0,1.4683896390090803,0,1.0,0,6307.045104699032,1.3918948317686506,0,1.0,0,5150.932982622919,idle,celsio,idle,0.0,sailing,brevik,sailing_to_emitter,7500.0,sailing,oygarden_terminal,sailing_to_terminal,0.0,1,1469990.7271747906,68868.102789796,1538858.8299645865
iterative_q,9000056,657.0,860.8512848724498,0.5754305485792864,4480.674191119025,0.4404233193341528,0,1.0,0,0.0,1.1149946642937594,0,1.0,0,6434.978007276099,0.8778408887359066,0,1.0,0,5213.1254745656715,idle,celsio,idle,0.0,sailing,brevik,sailing_to_emitter,7500.0,sailing,oygarden_terminal,sailing_to_terminal,0.0,1,1471309.2508875998,68868.102789796,1540177.3536773957
iterative_q,9000056,658.0,860.8512848724498,0.5754305485792864,4497.525990112835,1.1049657182010506,0,1.0,0,0.0,1.1627551443926087,0,1.0,0,6515.665209041522,1.086770824158571,0,1.0,0,5260.350199416017,idle,celsio,idle,0.0,sailing,brevik,sailing_to_emitter,7500.0,sailing,oygarden_terminal,sailing_to_terminal,0.0,1,1472510.2697706555,68868.102789796,1541378.3725604515
iterative_q,9000056,659.0,860.8512848724498,0.5754305485792864,4539.8087563509225,0.9254616194772344,0,1.0,0,0.0,0.8132675705744968,0,1.0,0,6615.559308518506,1.0031159401847098,0,1.0,0,5309.597781956732,idle,celsio,idle,0.0,sailing,brevik,sailing_to_emitter,7500.0,sailing,oygarden_terminal,sailing_to_terminal,0.0,1,1473727.1691485809,68868.102789796,1542595.2719383768
iterative_q,9000056,660.0,860.8512848724498,0.5754305485792864,4575.225744039586,1.643608981872914,0,1.0,0,0.0,1.211000013532666,0,1.0,0,6707.7667599528195,1.538669401897574,0,1.0,0,5344.04309230664,idle,celsio,idle,0.0,sailing,brevik,sailing_to_emitter,7500.0,sailing,oygarden_terminal,sailing_to_terminal,0.0,1,1474827.8629186158,68868.102789796,1543695.9657084118
iterative_q,9000056,661.0,860.8512848724498,0.5754305485792864,4638.131493629879,1.3848088013180477,0,1.0,0,0.0,0.5102826710106294,0,1.0,0,6849.2070767776,1.2601492572138249,0,1.0,0,5395.334048455805,idle,celsio,idle,0.0,sailing,brevik,sailing_to_emitter,7500.0,sailing,oygarden_terminal,sailing_to_terminal,0.0,1,1476060.8038521388,68868.102789796,1544928.9066419348
iterative_q,9000056,662.0,860.8512848724498,0.5754305485792864,4691.136911683356,1.0544543471497443,0,1.0,0,0.0,0.8473423090202425,0,1.0,0,6965.048239136987,0.8526590492243128,0,1.0,0,5416.946670924846,idle,celsio,idle,0.0,sailing,brevik,sailing_to_emitter,7500.0,sailing,oygarden_terminal,sailing_to_terminal,0.0,1,1477060.7542851476,68868.102789796,1545928.8570749436
iterative_q,9000056,663.0,860.8512848724498,0.5754305485792864,4731.501157315298,1.1047440615007973,0,1.0,0,0.0,0.8571104786406317,0,1.0,0,7043.432585260207,1.3427504776377046,0,1.0,0,5452.835190107028,idle,celsio,idle,0.0,sailing,brevik,sailing_to_emitter,7500.0,sailing,oygarden_terminal,sailing_to_terminal,0.0,1,1478172.7780022004,68868.102789796,1547040.8807919964
iterative_q,9000056,664.0,860.8512848724498,0.5754305485792864,4773.7942410380865,1.1573627635354236,0,1.0,0,0.0,1.0464151756533442,0,1.0,0,7166.874390650671,1.2939072349986425,0,1.0,0,5489.137432455237,idle,celsio,idle,0.0,sailing,brevik,sailing_to_emitter,7500.0,sailing,oygarden_terminal,sailing_to_terminal,0.0,1,1479288.0496633109,68868.102789796,1548156.1524531068
iterative_q,9000056,665.0,860.8512848724498,1.0,4818.105672981775,0.9143663852804443,0,1.0,0,0.0,0.37253055721908723,0,1.0,0,7285.829501282267,0.899137527695257,0,1.0,0,5533.457526830537,idle,celsio,idle,0.0,sailing,brevik,sailing_to_emitter,7500.0,sailing,oygarden_terminal,sailing_to_terminal,0.0,1,1480466.2656722066,68868.102789796,1549334.3684620026
iterative_q,9000056,666.0,860.8512848724498,1.0,4853.116722556409,1.3890218943007104,0,1.0,0,0.0,1.0108535613916132,0,1.0,0,7368.4940125821395,1.209838514681254,0,1.0,0,5549.235766517595,idle,celsio,idle,0.0,sailing,brevik,sailing_to_emitter,7500.0,sailing,oygarden_terminal,sailing_to_terminal,0.0,1,1481420.4131373258,68868.102789796,1550288.5159271217
iterative_q,9000056,667.0,860.8512848724498,1.0,4906.30703939177,1.4669598702738293,0,1.0,0,0.0,0.7915135392624704,0,1.0,0,7479.726947930904,1.0264425203772194,0,1.0,0,5592.049676601145,idle,celsio,idle,0.0,sailing,brevik,sailing_to_emitter,7500.0,sailing,oygarden_terminal,sailing_to_terminal,0.0,1,1482586.8048087847,68868.102789796,1551454.9075985807
iterative_q,9000056,668.0,860.8512848724498,1.0,4962.486855341117,0.7672962314040885,0,1.0,0,0.0,1.0672274942147943,0,1.0,0,7574.101225459366,0.9408346796260934,0,1.0,0,5625.573612009992,idle,celsio,idle,0.0,sailing,brevik,sailing_to_emitter,7500.0,sailing,oygarden_terminal,sailing_to_terminal,0.0,1,1483680.2653018103,68868.102789796,1552548.3680916063
iterative_q,9000056,669.0,860.8512848724498,1.0,4991.8744291423645,1.197089161543722,0,1.0,0,0.0,0.975243296824012,0,1.0,0,7660.607048147867,1.1118891240847137,0,1.0,0,5670.775195821104,idle,celsio,idle,0.0,sailing,brevik,sailing_to_emitter,7500.0,sailing,oygarden_terminal,sailing_to_terminal,0.0,1,1484865.401465559,68868.102789796,1553733.5042553549
iterative_q,9000056,670.0,860.8512848724498,1.0,5037.727218834885,1.427593798781835,0,1.0,0,0.0,0.9844373909726276,0,1.0,0,7762.843676448679,1.5551042046816141,0,1.0,0,5712.08086106734,idle,celsio,idle,0.0,loading,brevik,loading,7500.0,sailing,oygarden_terminal,sailing_to_terminal,0.0,1,1485604.8126232163,68868.102789796,1554472.9154130123
iterative_q,9000056,671.0,860.8512848724498,1.0,4292.414017367382,0.8053627096051472,0,1.0,0,0.0,0.4456748687993859,0,1.0,0,7905.837587243474,1.0832206620243994,0,1.0,0,5753.775934963071,idle,celsio,idle,800.0,loading,brevik,loading,7500.0,sailing,oygarden_terminal,sailing_to_terminal,0.0,1,1492627.7008432115,68868.102789796,1561495.8036330075
iterative_q,9000056,672.0,860.8512848724498,1.0,3523.2677671994597,0.7965461441389118,0,1.0,0,0.0,0.43838719090109957,0,1.0,0,8005.444159655567,0.9744727072039091,0,1.0,0,5772.652144621972,idle,celsio,idle,1600.0,loading,brevik,loading,7500.0,sailing,oygarden_terminal,sailing_to_terminal,0.0,1,1499471.448999044,68868.102789796,1568339.55178884
iterative_q,9000056,673.0,860.8512848724498,1.0,2753.7864617223922,0.8626168254867304,0,1.0,0,0.0,0.8419717639606213,0,1.0,0,8095.053597297593,1.0202741828816306,0,1.0,0,5791.219690397031,idle,celsio,idle,2400.0,loading,brevik,loading,7500.0,sailing,oygarden_terminal,sailing_to_terminal,0.0,1,1506312.7739813398,68868.102789796,1575180.8767711357
iterative_q,9000056,674.0,860.8512848724498,1.0,1986.839509346063,0.4224164872875018,0,1.0,0,0.0,0.7911266189737809,0,1.0,0,8188.877605086263,1.1668768910026721,0,1.0,0,5826.88074435372,idle,celsio,idle,3200.0,loading,brevik,loading,7500.0,sailing,oygarden_terminal,sailing_to_terminal,0.0,1,1513288.291976953,68868.102789796,1582156.3947667489
iterative_q,9000056,675.0,860.8512848724498,1.0,1203.0267575198147,1.3442990369309828,0,1.0,0,0.0,0.8404513525483042,0,1.0,0,8296.186354311702,1.2277908987089476,0,1.0,0,5860.388292057085,idle,celsio,idle,4000.0,loading,brevik,loading,7500.0,sailing,oygarden_terminal,sailing_to_terminal,0.0,1,1520246.9038178867,68868.102789796,1589115.0066076827
iterative_q,9000056,676.0,860.8512848724498,1.0,454.5456617124664,0.7675812972743661,0,1.0,0,0.0,1.2460313627203203,0,1.0,0,8409.10028182405,0.5997281081642638,0,1.0,0,5895.984950180408,idle,celsio,idle,4800.0,loading,brevik,loading,7500.0,sailing,oygarden_terminal,sailing_to_terminal,0.0,1,1527221.9162724006,68868.102789796,1596090.0190621966
iterative_q,9000056,677.0,860.8512848724498,1.0,0.0,1.0804332810982453,0,1.0,0,0.0,1.0012696367285148,0,1.0,0,8464.255997311591,1.1990845797731369,0,1.0,0,5948.759631659839,idle,celsio,idle,5283.965052520132,idle,brevik,idle,7500.0,unloading,oygarden_terminal,unloading,0.0,1,1531435.6049726577,68868.102789796,1600303.7077624537
iterative_q,9000056,678.0,860.8512848724498,1.0,0.0,1.0808720520889301,0,1.0,0,0.0,0.7780125727452594,0,1.0,0,8574.53655314302,0.9321299185912854,0,1.0,0,5991.16762212808,idle,celsio,idle,5325.378922370386,idle,brevik,idle,6700.0,unloading,oygarden_terminal,unloading,514.6118721461187,1,1532235.0797150545,68868.102789796,1601103.1825048504
iterative_q,9000056,679.0,860.8512848724498,1.0,0.0,0.6548982447658214,0,1.0,0,0.0,0.9038644785587981,0,1.0,0,8660.267690490726,0.5576710408094612,0,1.0,0,6024.1197346848485,idle,celsio,idle,5366.813288870446,idle,brevik,idle,5900.0,unloading,oygarden_terminal,unloading,1038.3993816883674,1,1532956.71974964,68868.102789796,1601824.822539436
iterative_q,9000056,680.0,860.8512848724498,1.0,0.0,0.978100671029726,0,1.0,0,0.0,0.709207195612024,0,1.0,0,8711.560116310466,0.5936533423696957,0,1.0,0,6062.402206044455,idle,celsio,idle,5391.920518438573,idle,brevik,idle,5100.0,unloading,oygarden_terminal,unloading,1569.8238922024661,1,1533588.898132205,68868.102789796,1602457.000922001
iterative_q,9000056,681.0,860.8512848724498,1.0,0.0,0.7971642754687378,0,1.0,0,0.0,1.0066722781550943,0,1.0,0,8766.163690599113,1.2026113689986184,0,1.0,0,6092.440120796161,idle,celsio,idle,5429.421884091329,idle,brevik,idle,4300.0,unloading,oygarden_terminal,unloading,2106.217016392807,1,1534251.615760584,68868.102789796,1603119.7185503799
iterative_q,9000056,682.0,860.8512848724498,1.0,0.0,0.4300344820186689,0,1.0,0,0.0,1.1333198824518043,0,1.0,0,8876.781860210085,1.2323644523876778,0,1.0,0,6135.076935906354,idle,celsio,idle,5459.98867870442,idle,brevik,idle,3500.0,unloading,oygarden_terminal,unloading,2646.217807902668,1,1534957.322204288,68868.102789796,1603825.424994084
iterative_q,9000056,683.0,860.8512848724498,1.0,0.0,1.204142198417509,0,1.0,0,0.0,1.1503514470011156,0,1.0,0,8990.140162479565,0.9874791121139237,0,1.0,0,6183.077811004812,idle,celsio,idle,5476.479561034458,idle,brevik,idle,2700.0,unloading,oygarden_terminal,unloading,3189.0086960546437,1,1535593.492094132,68868.102789796,1604461.5948839278
iterative_q,9000056,684.0,860.8512848724498,1.0,0.0,0.6278182372784173,0,1.0,0,0.0,1.2424136898875426,0,1.0,0,9080.975554649893,1.212737779060529,0,1.0,0,6231.80004466701,idle,celsio,idle,5522.659880988967,idle,brevik,idle,1900.0,unloading,oygarden_terminal,unloading,3734.0485737162003,1,1536467.4806140224,68868.102789796,1605335.5834038183
iterative_q,9000056,685.0,860.8512848724498,1.0,0.0,1.1616563351468905,0,1.0,0,0.0,0.6084320919307299,0,1.0,0,9192.535192586533,1.629144803510936,0,1.5517518199035623,1,6284.421502449864,idle,celsio,idle,5546.739611536669,idle,brevik,idle,1100.0,unloading,oygarden_terminal,unloading,4280.955330006253,1,1537197.8134404626,68868.102789796,1606065.9162302585
iterative_q,9000056,686.0,860.8512848724498,1.0,0.0,0.8606190328148382,0,1.0,0,0.0,0.614394261411819,0,1.0,0,9342.40456310326,1.1466875093637918,0,1.5517518199035623,1,6310.191166692831,idle,celsio,idle,5591.298453119985,idle,brevik,idle,300.0,unloading,oygarden_terminal,unloading,4829.446263875131,1,1537877.467850778,68868.102789796,1606745.570640574
iterative_q,9000056,687.0,860.8512848724498,1.0,0.0,1.1198037919714212,0,1.0,0,0.0,1.421838227722803,0,1.0,0,9447.894560989249,1.423973326819201,0,1.5517518199035623,1,6336.213353949827,idle,celsio,idle,5624.313028182742,idle,brevik,idle,0.0,idle,oygarden_terminal,idle,4879.304736981356,1,1538452.6529553148,68868.102789796,1607320.7557451108
iterative_q,9000056,688.0,860.8512848724498,1.0,0.0,0.9480426430583817,0,1.0,0,0.0,1.2634377241126649,0,1.0,0,9578.897506881322,1.8806558588986508,0,1.5517518199035623,1,6396.434197363856,idle,celsio,idle,5667.274111414884,idle,brevik,idle,0.0,sailing,yara_sluiskil,sailing_to_emitter,4630.360105963804,1,1539779.8925487157,68868.102789796,1608647.9953385117
iterative_q,9000056,689.0,860.8512848724498,1.0,0.0,0.7776652647729467,0,1.0,0,0.0,1.0895655210420143,0,1.0,0,9751.91959302929,1.5607272670692216,0,1.5517518199035623,1,6449.946111633471,idle,celsio,idle,5703.648833385726,idle,brevik,idle,0.0,sailing,yara_sluiskil,sailing_to_emitter,4382.474950230802,1,1541002.3227475379,68868.102789796,1609870.4255373338
iterative_q,9000056,690.0,860.8512848724498,1.0,0.0,1.1695082961452903,0,1.0,0,0.0,0.7970748409368471,0,1.0,0,9895.51225131891,1.827290111699665,0,1.5517518199035623,1,6496.093805057837,idle,celsio,idle,5733.489123410767,idle,brevik,idle,0.0,sailing,yara_sluiskil,sailing_to_emitter,4135.536572125974,1,1542115.25304633,68868.102789796,1610983.355836126
iterative_q,9000056,691.0,860.8512848724498,1.0,0.0,0.7350720104189484,0,1.0,0,0.0,1.347133954473503,0,1.0,0,10063.634707516308,1.0231497067473423,0,1.5517518199035623,1,6529.853285039042,idle,celsio,idle,5778.369052225183,idle,brevik,idle,0.0,sailing,yara_sluiskil,sailing_to_emitter,3889.4511305832452,1,1543248.648722098,68868.102789796,1612116.751511894
iterative_q,9000056,692.0,860.8512848724498,1.0,0.0,1.1306080797359452,0,1.0,0,0.0,0.8572875361822246,0,1.5014566740114976,1,10157.773887375468,1.6281749212384928,0,1.5517518199035623,1,6586.910087527747,idle,celsio,idle,5806.579972213014,idle,brevik,idle,0.0,sailing,yara_sluiskil,sailing_to_emitter,3644.139467807153,1,1544433.762890831,68868.102789796,1613301.865680627
iterative_q,9000056,693.0,860.8512848724498,1.0,0.0,0.9286645229695809,0,1.0,0,0.0,1.2339912634302532,0,1.5014566740114976,1,10307.585435191542,1.2924828038951406,0,1.5517518199035623,1,6623.219829009317,idle,celsio,idle,5849.974799677011,idle,brevik,idle,0.0,sailing,yara_sluiskil,sailing_to_emitter,3399.5340633583282,1,1545574.9138177766,68868.102789796,1614443.0166075726
iterative_q,9000056,694.0,860.8512848724498,1.0,0.0,1.1503247311439069,0,1.0,0,0.0,1.535399210228,0,1.5014566740114976,1,10426.512859109527,1.0788390396958896,0,1.5517518199035623,1,6675.484561522755,idle,celsio,idle,5885.621820485993,idle,brevik,idle,0.0,sailing,yara_sluiskil,sailing_to_emitter,3155.576761773467,1,1546780.2297286778,68868.102789796,1615648.3325184737
iterative_q,9000056,695.0,860.8512848724498,1.0,0.0,0.26016316868660205,0,1.0,0,0.0,1.374009130081286,0,1.5014566740114976,1,10525.784887291182,1.0019379133960293,0,1.5517518199035623,1,6740.515191318981,idle,celsio,idle,5929.78123857752,idle,brevik,idle,0.0,sailing,yara_sluiskil,sailing_to_emitter,2912.21704474852,1,1548152.346413352,68868.102789796,1617020.449203148
iterative_q,9000056,696.0,860.8512848724498,1.0,0.0,0.9510960630507393,0,1.0,0,0.0,1.4449552696092303,0,1.5014566740114976,1,10617.983429498536,1.6243008719235676,0,1.5517518199035623,1,6798.710270800416,idle,celsio,idle,5939.7694380391995,idle,brevik,idle,0.0,sailing,yara_sluiskil,sailing_to_emitter,2669.410695360971,1,1549202.311552526,68868.102789796,1618070.414342322
iterative_q,9000056,697.0,860.8512848724498,1.0,0.0,0.5461675240825953,0,1.0,0,0.0,1.589773383337367,0,1.5014566740114976,1,10767.456419906532,1.779858226678935,0,1.5517518199035623,1,6859.910218399784,idle,celsio,idle,5976.287209835317,idle,brevik,idle,0.0,sailing,yara_sluiskil,sailing_to_emitter,2427.1187501214536,1,1550483.9266491313,68868.102789796,1619352.0294389273
iterative_q,9000056,698.0,860.8512848724498,1.0,0.0,1.3899210992186546,0,1.0,0,0.0,1.125593478602883,0,1.5014566740114976,1,10931.249163613875,1.7434599624950184,0,1.5517518199035623,1,6927.243823668706,idle,celsio,idle,5997.259422313781,idle,brevik,idle,0.0,sailing,yara_sluiskil,sailing_to_emitter,2185.30666604772,1,1551691.4566334728,68868.102789796,1620559.5594232688
iterative_q,9000056,699.0,860.8512848724498,1.0,0.0,1.3165608997945444,0,1.0,0,0.0,1.6025516676561122,0,1.5014566740114976,1,11091.697133903148,1.3308982230664288,0,1.5517518199035623,1,6974.917452989644,idle,celsio,idle,6050.635544864831,idle,brevik,idle,0.0,sailing,yara_sluiskil,sailing_to_emitter,1943.943650876187,1,1552998.8490730077,68868.102789796,1621866.9518628037
iterative_q,9000056,700.0,860.8512848724498,1.0,0.0,0.7387491897681022,0,1.0,0,0.0,1.409460638639593,0,1.5014566740114976,1,11214.181341031257,1.5183725487847504,0,1.5517518199035623,1,7042.7922724727105,idle,celsio,idle,6101.198949633805,idle,brevik,idle,0.0,sailing,yara_sluiskil,sailing_to_emitter,1703.0021187760374,1,1554442.5773416155,68868.102789796,1623310.6801314114
iterative_q,9000056,701.0,860.8512848724498,1.0,0.0,0.758576105711421,0,1.0,0,0.0,1.6085893608247706,0,1.5014566740114976,1,11353.923225002387,2.220995000833699,0,1.5517518199035623,1,7102.48887280515,idle,celsio,idle,6129.5736219310475,idle,brevik,idle,0.0,sailing,yara_sluiskil,sailing_to_emitter,1462.457243829341,1,1555647.7464679047,68868.102789796,1624515.8492577006
iterative_q,9000056,702.0,860.8512848724498,1.0,0.0,1.0858980986799214,0,1.0,0,0.0,0.7336003626704944,0,1.5014566740114976,1,11558.336377761389,2.3511089158025937,0,1.5517518199035623,1,7170.619414048824,idle,celsio,idle,6158.712409903013,idle,brevik,idle,0.0,sailing,yara_sluiskil,sailing_to_emitter,1222.2865905397166,1,1556924.971736494,68868.102789796,1625793.07452629
iterative_q,9000056,703.0,860.8512848724498,1.0,0.0,1.2770942935556455,0,1.0,0,0.0,2.1021841958334533,0,1.5014566740114976,1,11774.731269168511,1.969088331867531,0,1.5517518199035623,1,7201.6904822670485,idle,celsio,idle,6200.4281420400275,idle,brevik,idle,0.0,sailing,yara_sluiskil,sailing_to_emitter,982.4698056612009,1,1558009.851214153,68868.102789796,1626877.954003949
iterative_q,9000056,704.0,860.8512848724498,1.0,0.0,0.577113103991967,0,1.0,0,0.0,1.5853325507988478,0,1.5014566740114976,1,11955.970601496876,1.4089706674597784,0,1.5517518199035623,1,7290.726845769165,idle,celsio,idle,6249.493190398921,idle,brevik,idle,0.0,sailing,yara_sluiskil,sailing_to_emitter,742.9883593059246,1,1559607.3471935089,68868.102789796,1628475.4499833048
iterative_q,9000056,705.0,860.8512848724498,1.0,0.0,1.161245882696584,0,1.0,0,0.0,1.7606017355109365,0,1.5014566740114976,1,12085.659322081889,1.9062150682694365,0,1.5517518199035623,1,7357.8723630575305,idle,celsio,idle,6271.667427134315,idle,brevik,idle,0.0,sailing,yara_sluiskil,sailing_to_emitter,503.82532599885394,1,1560821.7509991222,68868.102789796,1629689.8537889181
iterative_q,9000056,706.0,860.8512848724498,1.0,0.0,0.4734151866659698,0,1.0,0,0.0,0.8524828267630421,0,1.5014566740114976,1,12261.122160631629,1.3191213171423695,0,1.5517518199035623,1,7432.441269253335,idle,celsio,idle,6316.28956709619,idle,brevik,idle,0.0,sailing,yara_sluiskil,sailing_to_emitter,264.96519837484647,1,1562270.535939085,68868.102789796,1631138.638728881
iterative_q,9000056,707.0,860.8512848724498,1.0,0.0,0.5466728590196878,0,1.0,0,0.0,1.0400032397743129,0,1.5014566740114976,1,12382.54796513679,2.249889421387844,0,1.5517518199035623,1,7468.547511034348,idle,celsio,idle,6334.4826731716785,idle,brevik,idle,0.0,sailing,yara_sluiskil,sailing_to_emitter,26.39372774683349,1,1563209.7686298734,68868.102789796,1632077.8714196694
iterative_q,9000056,708.0,860.8512848724498,1.0,0.0,1.0060211477238694,0,1.0,0,12.596032892448775,1.8191301142950551,0,1.5014566740114976,1,12589.657657013286,1.7343815433182992,0,1.5517518199035623,1,7500.0,idle,celsio,idle,6355.4928954017505,idle,brevik,idle,0.0,sailing,yara_sluiskil,sailing_to_emitter,0.0,1,1564047.5898840597,68868.102789796,1632915.6926738557
iterative_q,9000056,709.0,860.8512848724498,1.0,0.0,1.041504374000094,0,1.0,0,89.64386268540623,2.1440075964609826,0,1.5014566740114976,1,12749.317938130824,1.525837866680026,0,1.5517518199035623,1,7500.0,sailing,oygarden_terminal,sailing_to_terminal,6394.160627048031,idle,brevik,idle,0.0,sailing,yara_sluiskil,sailing_to_emitter,0.0,1,1565181.431878042,68868.102789796,1634049.534667838
iterative_q,9000056,710.0,860.8512848724498,1.0,0.0,0.7027491743371943,0,1.0,0,180.45162353155553,2.0988156157340314,0,1.5014566740114976,1,12889.784721296055,1.0957069848117347,0,1.5517518199035623,1,7500.0,sailing,oygarden_terminal,sailing_to_terminal,6434.1957468993,idle,brevik,idle,0.0,sailing,yara_sluiskil,sailing_to_emitter,0.0,1,1566326.0085873124,68868.102789796,1635194.1113771084
iterative_q,9000056,711.0,860.8512848724498,1.0,0.0,1.4111400485822896,0,1.0,0,269.3453134645277,1.5741949332200678,0,1.5014566740114976,1,12990.657195897995,1.2925064618182014,0,1.5517518199035623,1,7500.0,sailing,oygarden_terminal,sailing_to_terminal,6461.2116093052555,idle,brevik,idle,0.0,sailing,yara_sluiskil,sailing_to_emitter,0.0,1,1567368.377290527,68868.102789796,1636236.480080323
iterative_q,9000056,712.0,860.8512848724498,1.0,0.0,0.7099662181040018,0,1.0,0,336.01910569223605,0.5427763647121903,0,1.5014566740114976,1,13109.650894673245,1.0925521060018666,0,1.5517518199035623,1,7500.0,sailing,oygarden_terminal,sailing_to_terminal,6515.465020705615,idle,brevik,idle,0.0,sailing,yara_sluiskil,sailing_to_emitter,0.0,1,1568624.575053061,68868.102789796,1637492.6778428569
iterative_q,9000056,713.0,860.8512848724498,1.0,0.0,1.1205131265735926,0,1.0,0,359.0079730829509,1.999151028138794,0,1.5014566740114976,1,13210.238946229229,1.2102378432185945,0,1.5517518199035623,1,7500.0,sailing,oygarden_terminal,sailing_to_terminal,6542.763160734618,idle,brevik,idle,0.0,sailing,yara_sluiskil,sailing_to_emitter,0.0,1,1569669.159783812,68868.102789796,1638537.262573608
iterative_q,9000056,714.0,860.8512848724498,1.0,0.0,1.5520695471590593,0,1.0,0,443.68044754536345,1.6857330230459695,0,1.5014566740114976,1,13321.665310878461,1.2024196991673488,0,1.5517518199035623,1,7500.0,sailing,oygarden_terminal,sailing_to_terminal,6585.850608313927,idle,brevik,idle,0.0,sailing,yara_sluiskil,sailing_to_emitter,0.0,1,1570837.6988682195,68868.102789796,1639705.8016580155
iterative_q,9000056,715.0,860.8512848724498,1.0,0.0,1.079975274108678,0,1.0,0,515.0783481217854,1.637792120761346,0,1.5014566740114976,1,13432.375173180068,1.6464212364769544,0,1.5517518199035623,1,7500.0,sailing,oygarden_terminal,sailing_to_terminal,6645.538113861619,idle,brevik,idle,0.0,sailing,yara_sluiskil,sailing_to_emitter,0.0,1,1572136.5571227095,68868.102789796,1641004.6599125054
iterative_q,9000056,716.0,860.8512848724498,1.0,0.0,1.0112250498927646,0,1.0,0,584.4457493676096,1.5947217781121386,0,1.5014566740114976,1,13583.969930444215,0.5621309210049805,0,1.0,0,7500.0,sailing,oygarden_terminal,sailing_to_terminal,6687.074096820773,idle,brevik,idle,0.0,sailing,yara_sluiskil,sailing_to_emitter,0.0,1,1573292.9163953299,68868.102789796,1642161.0191851258
iterative_q,9000056,717.0,860.8512848724498,1.0,0.0,0.7427397481709783,0,1.0,0,651.9889400176752,1.3869173611734014,0,1.5014566740114976,1,13635.729861861937,1.3252879362977668,0,1.0,0,7500.0,sailing,oygarden_terminal,sailing_to_terminal,6725.969379841625,idle,brevik,idle,0.0,sailing,yara_sluiskil,sailing_to_emitter,0.0,1,1574428.5447870672,68868.102789796,1643296.6475768632
iterative_q,9000056,718.0,860.8512848724498,1.0,0.0,1.0227118174744754,0,1.0,0,710.7307375069635,1.4828841672426862,0,1.5014566740114976,1,13757.763471049358,1.405321330041021,0,1.0,0,7500.0,sailing,oygarden_terminal,sailing_to_terminal,6754.540298485475,idle,brevik,idle,0.0,sailing,yara_sluiskil,sailing_to_emitter,0.0,1,1575483.1214981538,68868.102789796,1644351.2242879497
iterative_q,9000056,719.0,860.8512848724498,1.0,0.0,1.3766169261825727,0,1.0,0,773.5371338293403,1.5796238841853452,0,1.5014566740114976,1,13887.17049438586,0.4114945020635763,0,1.0,0,7500.0,sailing,oygarden_terminal,sailing_to_terminal,6793.884363689465,idle,brevik,idle,0.0,sailing,yara_sluiskil,sailing_to_emitter,0.0,1,1576622.2730656394,68868.102789796,1645490.3758554354
iterative_q,9000056,720.0,860.8512848724498,1.0,0.0,1.3766169261825727,0,1.0,0,840.4408650188853,1.5796238841853452,0,1.5014566740114976,1,13925.06351618803,0.4114945020635763,0,1.0,0,7500.0,sailing,oygarden_terminal,sailing_to_terminal,6846.847962633779,idle,brevik,idle,0.0,sailing,yara_sluiskil,sailing_to_emitter,0.0,1,1577868.3451232417,68868.102789796,1646736.4479130376
