controller,model_seed,test_seed,horizon_hours,scenario_hours,event_count,override_events,episode_wall_time_s,episode_total_cost_eur,terminal_cleanup_operating_cost_eur,total_cost_eur,normalized_cost_eur_per_720h,captured_t,stored_t,vented_t,normalized_vented_t_per_720h,storage_rate,unit_cost_eur_per_captured_t
fixed_assignment,,9000031,2160,8928,,,11.9369523874484,8529034.41837187,271588.7275857953,8800623.145957664,2933541.0486525544,372430.0660718813,298321.3284833624,56240.81940209965,18746.93980069988,0.8010130106568372,23.630270345195733
fixed_assignment,,9000032,2160,8928,,,6.7567779696546495,9681553.02430263,283821.53264028113,9965374.55694291,3321791.51898097,399245.3761569624,302034.8330318313,69687.30316358208,23229.10105452736,0.7565142918852165,24.960525912327775
fixed_assignment,,9000033,2160,8928,,,10.194025124888867,8960407.268437436,275261.9401752363,9235669.208612673,3078556.4028708907,392631.14943336044,311038.677879545,61018.696407499054,20339.56546916635,0.7921905287658189,23.5225076307406
fixed_assignment,,9000034,2160,8928,,,9.299581314437091,8782710.47927807,286051.6961434531,9068762.175421525,3022920.7251405083,386115.2785168188,306527.7677858772,58986.41988055512,19662.139960185043,0.7938762976780914,23.4871881015879
fixed_assignment,,9000035,2160,8928,,,10.217829721979797,8356795.705958329,251413.5994462113,8608209.30540454,2869403.101801513,374399.2913007368,301532.77355497197,53781.24437549948,17927.081458499826,0.8053775222367217,22.992055555174606
fixed_assignment,,9000036,2160,8928,,,11.75385665986687,9752911.681222724,251556.9258815531,10004468.607104277,3334822.8690347592,396325.8342308667,302235.71572118223,71793.97445020243,23931.324816734144,0.7625940315188353,25.24303929497692
fixed_assignment,,9000037,2160,8928,,,5.360438444186002,8107074.001343947,280392.4722966997,8387466.473640647,2795822.157880216,385282.2620700704,321868.52301145054,49102.57462931353,16367.524876437843,0.83540965857627,21.769666811484917
fixed_assignment,,9000038,2160,8928,,,11.764441410079598,8747768.339025278,265057.6866933211,9012826.0257186,3004275.3419061997,393886.8201610175,320660.4756434941,57631.52057946303,19210.50685982101,0.8140929303306237,22.881765939856113
fixed_assignment,,9000039,2160,8928,,,11.376203278079629,8767714.122941028,239902.78009563562,9007616.903036663,3002538.967678888,386774.6349545641,308380.88125479163,59090.34742312381,19696.782474374602,0.7973141291724529,23.289057991341192
fixed_assignment,,9000040,2160,8928,,,10.822804702911526,7981138.79132499,319894.59070113045,8301033.38202612,2767011.12734204,387992.79601956235,311280.4036684059,47909.65649818102,15969.885499393675,0.8022839775940359,21.394813169695006
fixed_assignment,,9000041,2160,8928,,,11.651867602020502,9429863.080040498,289525.5808951993,9719388.660935696,3239796.2203118987,393672.31944489584,307945.9406886636,66569.2096753997,22189.736558466568,0.7822392519821761,24.689032428392935
fixed_assignment,,9000042,2160,8928,,,10.129976857919246,10055206.67311306,268746.6081109492,10323953.281224009,3441317.760408003,411684.1250348045,318559.2508917622,74620.20716290786,24873.40238763595,0.7737953239387859,25.07736551743695
fixed_assignment,,9000043,2160,8928,,,7.970955113414675,8838676.992666207,272951.85270440555,9111628.845370613,3037209.615123538,388251.17855546664,307689.31290465477,59791.90181076383,19930.633936921276,0.792500653956669,23.468386829555755
fixed_assignment,,9000044,2160,8928,,,5.225514144171029,8656524.879526392,258665.20266589642,8915190.082192289,2971730.0273974296,390195.6022661407,312356.5101289383,56284.998259798325,18761.66608659944,0.8005126360083611,22.848002464444757
fixed_assignment,,9000045,2160,8928,,,10.214691802859306,8826527.339897564,275042.664709344,9101570.004606908,3033856.6682023024,390482.6775701306,310685.10696364485,58464.4882367313,19488.1627455771,0.7956437629882976,23.30851156123889
fixed_assignment,,9000046,2160,8928,,,7.811871740035713,8796411.627606994,296136.24470956705,9092547.87231656,3030849.2907721866,381721.6934856551,307804.5097075962,59834.95348604856,19944.98449534952,0.8063584411378583,23.819835307993184
fixed_assignment,,9000047,2160,8928,,,11.694178458303213,7669201.62611741,240419.91478780168,7909621.540905212,2636540.5136350705,377318.0752541105,313582.95081002347,43939.41905386833,14646.473017956112,0.8310838292038788,20.962742205176255
fixed_assignment,,9000048,2160,8928,,,10.055012583266944,9415766.969147544,248532.792701295,9664299.761848839,3221433.253949613,392705.3888261524,311401.94405811164,65941.459135549,21980.486378516332,0.7929658031659118,24.609542004851754
fixed_assignment,,9000049,2160,8928,,,11.242681202013046,8593429.079768606,292319.514517072,8885748.594285678,2961916.1980952257,391117.69548405823,308684.1096956477,57362.96367953388,19120.98789317796,0.7892358572874377,22.718861091898248
fixed_assignment,,9000050,2160,8928,,,12.20565493684262,9004261.922125936,248066.9516620072,9252328.873787943,3084109.624595981,390501.10058907396,312862.9662499679,60875.0974157293,20291.699138576434,0.8011833149202696,23.693477072998597
fixed_assignment,,9000051,2160,8928,,,13.349604741670191,8922481.636244103,260053.51602105086,9182535.152265154,3060845.0507550514,384109.6365932407,304171.7289930151,60600.30195684864,20200.100652282883,0.7918877841513848,23.9060265025039
fixed_assignment,,9000052,2160,8928,,,8.656058526132256,8915548.821117742,248418.64122441525,9163967.462342158,3054655.820780719,397928.83196711226,320898.43553031556,59175.35354037686,19725.117846792287,0.8064216758157322,23.029161815295492
fixed_assignment,,9000053,2160,8928,,,13.028295474126935,8934679.2843326,267684.4006384023,9202363.684971001,3067454.5616570003,387473.59864409367,306054.9737611315,61479.54832779912,20493.18277593304,0.7898731031794823,23.749653440062257
fixed_assignment,,9000054,2160,8928,,,13.279595013707876,8821992.195082722,284574.2742991112,9106566.469381833,3035522.156460611,388748.58741330734,311207.79325551447,58713.27806349968,19571.092687833225,0.8005374252965362,23.425336487975375
fixed_assignment,,9000055,2160,8928,,,11.962767951656133,9242541.12655592,229819.8928868139,9472361.019442733,3157453.673147578,388204.6136448108,310308.20728284057,64689.21678301214,21563.072261004047,0.7993418840888845,24.40043391166264
fixed_assignment,,9000056,2160,8928,,,11.85601500608027,8722934.781225989,249369.37151877693,8972304.152744766,2990768.050914922,380720.2034525248,306184.3962058943,58751.86756537816,19583.955855126056,0.8042241872884348,23.566661478377778
fixed_assignment,,9000057,2160,8928,,,7.10555564193055,8977330.960295541,271854.81392269133,9249185.774218233,3083061.924739411,395531.9613194659,318662.82327409333,59657.52069772553,19885.840232575178,0.8056563171559065,23.38416785172966
fixed_assignment,,9000058,2160,8928,,,11.06414214707911,8099881.914787496,252756.33582808415,8352638.250615581,2784212.7502051936,388711.882821524,319259.88804703375,49539.27624842878,16513.092082809595,0.8213278321455921,21.487993086258882
fixed_assignment,,9000059,2160,8928,,,11.262813699897379,9152850.188746806,265903.5851576984,9418753.773904504,3139584.5913015013,402637.8378960648,318090.16669006424,60841.94092100139,20280.64697366713,0.7900155841095458,23.39261958866325
fixed_assignment,,9000060,2160,8928,,,8.747771335300058,8875258.138896506,298413.6181972621,9173671.757093769,3057890.585697923,391470.3359329281,305693.48838052567,60161.74776812672,20053.915922708908,0.7808854473021964,23.433887360153705
fixed_assignment,,9000031,720,8928,,,1.2834306587465107,2244860.3029510765,277352.4100825526,2522212.713033629,2522212.713033629,121839.28080369442,94727.56347758774,11629.695090224137,11629.695090224137,0.7774796670887392,20.701145774960537
fixed_assignment,,9000032,720,8928,,,0.5011123246513307,2845402.100074677,255008.77386890247,3100410.8739435794,3100410.8739435794,133447.3440508756,94422.85107029286,19031.116050207973,19031.116050207973,0.7075663569167401,23.233215287983366
fixed_assignment,,9000033,720,8928,,,0.936166275292635,2316938.60230848,250905.97441185237,2567844.5767203323,2567844.5767203323,128937.75836996875,100682.71686943746,11820.472728080418,11820.472728080418,0.7808629383841355,19.915380949560667
fixed_assignment,,9000034,720,8928,,,0.7718511372804642,1867267.4627530281,301252.4662752851,2168519.929028313,2168519.929028313,119085.63231910756,87754.13000175654,7639.099381508771,7639.099381508771,0.7368993915790476,18.20975282070505
fixed_assignment,,9000035,720,8928,,,1.0156399770639837,1378556.3773939952,258769.27754577005,1637325.654939765,1637325.654939765,112151.45201469958,98905.09842885596,502.26647172058915,502.26647172058915,0.8818887018590946,14.599237241486295
fixed_assignment,,9000036,720,8928,,,1.0728050908073783,2445809.686544864,283539.8540384648,2729349.540583329,2729349.540583329,122364.081108585,82499.97977929686,14700.44939795857,14700.44939795857,0.674217295074418,22.305152916249366
fixed_assignment,,9000037,720,8928,,,0.4521922720596194,1857321.6203844545,246220.86544619728,2103542.4858306516,2103542.4858306516,120299.47887454001,107045.79692283814,5806.4833716036355,5806.4833716036355,0.889827602948105,17.485881946541348
fixed_assignment,,9000038,720,8928,,,1.0325065609067678,2842263.3700847765,247913.19106551298,3090176.5611502896,3090176.56115029,133790.67117978266,100247.44666172995,18409.042652411794,18409.042652411794,0.7492857743946987,23.097100372550127
fixed_assignment,,9000039,720,8928,,,1.1385093708522618,2781100.858227534,281773.9070895926,3062874.7653171266,3062874.7653171266,127801.99857145117,95719.45977221234,18434.13141629258,18434.13141629258,0.7489668459190627,23.965781439675556
fixed_assignment,,9000040,720,8928,,,0.9994978392496705,1924938.082819479,276718.32061889296,2201656.403438372,2201656.403438372,124349.39446956229,97366.78038646506,7437.507426622654,7437.507426622654,0.7830096865513735,17.70540510333795
fixed_assignment,,9000041,720,8928,,,1.172936880029738,2422805.2886901544,258491.52615551915,2681296.8148456737,2681296.8148456737,122563.14833151178,90026.84709802357,12943.358049732666,12943.358049732666,0.7345343875674339,21.876859817546762
fixed_assignment,,9000042,720,8928,,,0.926510710734874,3242100.2860825546,272810.40936485847,3514910.6954474133,3514910.6954474133,138847.32357664805,93303.81729283334,24064.060084395813,24064.060084395813,0.6719885907006823,25.314933013505822
fixed_assignment,,9000043,720,8928,,,0.6670553870499134,2703287.7149485475,259537.99407883876,2962825.7090273863,2962825.7090273863,132215.3273900092,93187.95463331627,16766.730579972278,16766.730579972278,0.7048196035428642,22.409094070369267
fixed_assignment,,9000044,720,8928,,,0.4528374308720231,2631400.3771475013,265172.29467277887,2896572.67182028,2896572.67182028,133798.29071006746,101574.36785548531,15823.38000440925,15823.380004409251,0.7591604296021286,21.648801763073134
fixed_assignment,,9000045,720,8928,,,1.0191434510052204,2198833.9632595177,282434.1630043397,2481268.1262638574,2481268.1262638574,127713.52070975435,100839.39036524988,10528.407728581555,10528.407728581555,0.7895749001738083,19.428390294735223
fixed_assignment,,9000046,720,8928,,,0.6344521469436586,2382895.99552004,281819.19121729245,2664715.1867373325,2664715.1867373325,127596.26918280081,100409.3729327171,12744.07115654944,12744.07115654944,0.7869303199521108,20.883958471542204
fixed_assignment,,9000047,720,8928,,,1.196968517266214,2032931.3612586823,288964.32115895074,2321895.682417633,2321895.682417633,121866.25958169623,100497.0428096763,8792.66398150464,8792.66398150464,0.8246502613162218,19.05281814989234
fixed_assignment,,9000048,720,8928,,,0.8988262871280313,3008238.8790921327,268260.4399958271,3276499.31908796,3276499.31908796,131662.38148080566,89660.3209608136,20781.788038544095,20781.788038544095,0.6809866261904481,24.885614875237714
fixed_assignment,,9000049,720,8928,,,0.9742773449979722,2042751.7961690817,275121.88699690736,2317873.683165989,2317873.683165989,125530.02864371562,89346.1674037928,9847.053518220493,9847.053518220493,0.7117513504069906,18.46469492765489
fixed_assignment,,9000050,720,8928,,,1.3302155979909003,2407207.121092465,268475.6138497694,2675682.734942234,2675682.734942234,129284.98392580278,100353.100676697,12737.21707046051,12737.21707046051,0.7762162134334958,20.696005473286984
fixed_assignment,,9000051,720,8928,,,1.3714137049391866,2187575.032464848,313416.6590604473,2500991.6915252954,2500991.6915252954,126255.53709801471,95409.74567997566,10437.204754606228,10437.204754606228,0.7556876147610632,19.80896639474691
fixed_assignment,,9000052,720,8928,,,0.8213256350718439,2310560.080005282,265785.28047311143,2576345.3604783937,2576345.3604783937,131114.0303947276,101204.93016440663,11896.457094573636,11896.457094573636,0.7718848231552519,19.649654218714296
fixed_assignment,,9000053,720,8928,,,1.3826372059993446,2193329.0679017776,270279.3563906195,2463608.424292397,2463608.424292397,127062.03528555942,97147.82488006803,10455.381214858748,10455.381214858748,0.7645700359020525,19.38902063669671
fixed_assignment,,9000054,720,8928,,,1.357422221917659,2625614.2574822367,238839.98981915088,2864454.2473013876,2864454.2473013876,125438.49962236239,92247.02707152352,15471.088647947881,15471.088647947881,0.7353964480541212,22.83552701861822
fixed_assignment,,9000055,720,8928,,,1.1318320129066706,2582014.3240514733,282086.7144195737,2864101.038471047,2864101.038471047,123383.04270529884,89412.12253850498,15288.442469144435,15288.442469144435,0.7246710777919976,23.21308484272
fixed_assignment,,9000056,720,8928,,,1.1458051782101393,2637268.9263215624,260288.34898428933,2897557.275305852,2897557.275305852,126597.58637664591,88266.68495370803,15391.95177880538,15391.95177880538,0.6972224943617964,22.887934582616804
fixed_assignment,,9000057,720,8928,,,0.5959074022248387,3069875.908355089,267134.7987435273,3337010.7070986163,3337010.7070986163,138818.49036983738,100674.2266252767,21151.01594761976,21151.01594761976,0.7252220245088568,24.038661551557148
fixed_assignment,,9000058,720,8928,,,1.0632177200168371,2229219.273083746,295024.4895949987,2524243.7626787447,2524243.7626787447,131799.9311727588,97916.36579383248,10852.013205032994,10852.013205032994,0.7429166686398878,19.152087108225064
fixed_assignment,,9000059,720,8928,,,1.1209462019614875,2087088.6414130554,251247.36646967966,2338336.007882735,2338336.007882735,129570.19979024788,103793.74931565706,8102.757804939674,8102.757804939674,0.8010618914201065,18.046865804545362
fixed_assignment,,9000060,720,8928,,,0.6866500042378902,2865854.977959538,291765.2893538897,3157620.2673134278,3157620.267313428,132046.44942872762,86593.07326735885,19379.560390294064,19379.560390294064,0.6557773695694685,23.912950942446663
fixed_assignment,,9000031,8760,8928,,,240.60646499879658,36394680.15677764,316811.61241907935,36711491.76919672,3017382.885139456,1569787.9989018934,1299630.1405812274,245022.8993830625,20138.868442443494,0.8279016921331744,23.386273684648717
fixed_assignment,,9000032,8760,8928,,,179.74232079600915,36193731.35737406,262575.68610727414,36456307.043481335,2996408.7980943564,1587320.758303226,1328874.7079057542,240227.55580145383,19744.730613818123,0.8371809547342285,22.967196045776834
fixed_assignment,,9000033,8760,8928,,,216.06601935904473,40142924.5974989,278428.2872949516,40421352.884793855,3322302.9768323717,1611713.8568818646,1296860.7962698205,293657.58645665494,24136.23998273876,0.8046470474472553,25.07973280256823
fixed_assignment,,9000034,8760,8928,,,207.0507213328965,37781639.78933586,258289.5194123886,38039929.30874825,3126569.5322258836,1591021.0156239818,1301819.320188831,263250.8382226588,21637.055196382917,0.818228865241149,23.90913063698872
fixed_assignment,,9000035,8760,8928,,,214.43059995304793,38458758.16624193,275254.82816271385,38734012.994404644,3183617.506389423,1588969.2418607417,1298475.9808922189,272752.1025517462,22417.98103165037,0.8171813189861721,24.376817356795204
fixed_assignment,,9000036,8760,8928,,,239.42748539382592,39496819.44884705,283848.9976844601,39780668.446531504,3269643.981906699,1603817.1227270185,1297428.946420459,284554.3611513015,23388.029683668614,0.8089631467547881,24.803743446067738
fixed_assignment,,9000037,8760,8928,,,155.80898711597547,39665670.57536,255400.87591787137,39921071.451277874,3281183.9548995513,1622585.343824184,1323628.665658812,284064.04849919444,23347.73001363242,0.8157528790067972,24.603372391611803
fixed_assignment,,9000038,8760,8928,,,236.92972526233643,36799246.51296678,280685.58084303373,37079932.09380981,3047665.6515460117,1591884.2620774736,1324312.3422371768,248524.22110431883,20426.648309944012,0.8319149662984264,23.293108033758056
fixed_assignment,,9000039,8760,8928,,,232.19316578423604,38724940.316337965,293692.92052062595,39018633.23685859,3207010.9509746786,1589645.7676406705,1290983.3502930002,276284.7351412854,22708.33439517414,0.8121201443571037,24.545489335507423
fixed_assignment,,9000040,8760,8928,,,226.16290351608768,35623674.6422991,233869.2372092038,35857543.8795083,2947195.3873568466,1570525.792653128,1320134.3123634572,232184.77077265875,19083.679789533595,0.8405683743234307,22.831553640983678
fixed_assignment,,9000041,8760,8928,,,241.1066501941532,35167880.90662379,282520.96048449026,35450401.86710828,2913731.6603102693,1553082.0503525338,1302421.7315422574,230347.56811923877,18932.676831718254,0.8386045870832265,22.82583966446679
fixed_assignment,,9000042,8760,8928,,,220.53692784160376,37173757.72155397,300704.5947312618,37474462.31628523,3080092.7931193337,1611198.686804746,1328187.0260134619,254905.74206036408,20951.15688167376,0.8243471378737655,23.258746809558808
fixed_assignment,,9000043,8760,8928,,,187.03519723098725,37160629.73139006,254473.21433090686,37415102.94572096,3075213.9407441886,1582146.5991907665,1309354.221019324,253835.64716042756,20863.203876199525,0.8275808459778823,23.64831613256191
fixed_assignment,,9000044,8760,8928,,,161.25190571695566,37187946.481757656,235082.1122829693,37423028.594040625,3075865.36389375,1586694.8664958721,1316238.9532485912,255152.76953738797,20971.460509922297,0.8295476219415975,23.5855232056604
fixed_assignment,,9000045,8760,8928,,,220.40385984815657,36900858.439188294,258652.86917743113,37159511.308365725,3054206.4089067723,1589822.8039933285,1316108.782756337,251111.95230614702,20639.338545710714,0.8278336299180797,23.373366651320005
fixed_assignment,,9000046,8760,8928,,,182.43377238092944,37470886.08726807,244167.31364244653,37715053.40091052,3099867.4028145634,1585781.4742947912,1314492.8998753985,258547.66902471505,21250.493344497125,0.8289243639070529,23.78326018575963
fixed_assignment,,9000047,8760,8928,,,235.05296470504254,37743347.74258505,271730.5766456151,38015078.31923066,3124526.9851422464,1594467.8944917,1314109.4763244803,262224.0413994378,21552.660936940094,0.8241680380421864,23.84185874833778
fixed_assignment,,9000048,8760,8928,,,213.14150357572362,37776763.687317654,282933.37611777836,38059697.063435435,3128194.279186474,1582400.7805992449,1305694.3656895056,263541.58218352136,21660.95196028943,0.8251350616719537,24.05186949479542
fixed_assignment,,9000049,8760,8928,,,228.17096865875646,37017943.05623836,260678.01294734175,37278621.069185704,3063996.2522618384,1589194.9178221277,1310378.0251148406,253472.46717437217,20833.353466386754,0.8245546285226077,23.45755114814566
fixed_assignment,,9000050,8760,8928,,,245.12404202017933,37674653.228441715,260442.6627100091,37935095.891151726,3117953.0869439775,1591981.4895955909,1312605.825502823,260795.87743122815,21435.277597087243,0.8245107333730763,23.82885488246998
fixed_assignment,,9000051,8760,8928,,,251.85672319168225,38089907.388948366,285189.12657396315,38375096.51552233,3154117.521823753,1565639.0249619347,1281280.0233258144,268842.8832221048,22096.675333323685,0.8183751189754396,24.510820121167676
fixed_assignment,,9000052,8760,8928,,,195.96456732787192,38225202.825671636,291246.2123477444,38516449.03801938,3165735.537371456,1608256.3061584474,1319567.5982871298,268605.15262119554,22077.135831879084,0.8204958334278867,23.949198203376852
fixed_assignment,,9000053,8760,8928,,,260.0059040412307,39332801.90465242,277596.4599928462,39610398.364645265,3255649.180655775,1606692.838436188,1298614.2425390524,282135.02273646015,23189.17995094193,0.8082529600387142,24.653373325046065
fixed_assignment,,9000054,8760,8928,,,266.2203937517479,37445949.78828434,235925.35309925087,37681875.14138359,3097140.4225794734,1576605.2179657847,1303648.9286428194,260076.973603116,21376.189611215013,0.8268708702644361,23.90064089094075
fixed_assignment,,9000055,8760,8928,,,241.48186071403325,37828517.84148325,274052.2943843492,38102570.1358676,3131718.093358981,1595233.9319738874,1317523.8408636765,262013.9625323304,21535.394180739484,0.8259126228799673,23.885255555416126
fixed_assignment,,9000056,8760,8928,,,234.6477122399956,36558178.17911478,292750.0993827919,36850928.27849758,3028843.420150486,1553165.4781309643,1283254.843424521,250439.42973342063,20584.06271781539,0.8262190098177778,23.726337468460184
fixed_assignment,,9000057,8760,8928,,,181.6096241879277,38067679.59255775,238534.31804719174,38306213.91060494,3148455.9378579403,1598955.6506583076,1320086.573141858,263189.1562454793,21631.985444833917,0.8255929878970464,23.95702088099432
fixed_assignment,,9000058,8760,8928,,,222.10360180819407,37553836.50427221,262841.34366020863,37816677.84793241,3108220.097090335,1599025.7521571955,1316657.852082018,258251.18446857837,21226.12475084206,0.8234125374814985,23.64982414880756
fixed_assignment,,9000059,8760,8928,,,223.3729714648798,37548163.04849104,312440.39982775133,37860603.44831879,3111830.420409763,1605845.1208933052,1332840.723992775,255593.99335972287,21007.725481621055,0.829993320433877,23.57674657146111
fixed_assignment,,9000060,8760,8928,,,202.1904827351682,36611950.94624146,302904.0689151143,36914855.015156575,3034097.6724786228,1569635.3788395326,1292783.2789551888,248970.2964789104,20463.3120393625,0.8236201199229932,23.518108417286424
greedy,,9000031,2160,8928,,,13.12404779996723,6418863.457253711,195339.0438249147,6614202.501078626,2204734.1670262087,372430.0660718813,331081.1888075554,24552.2418273781,8184.080609126034,0.888975458666795,17.759582546168666
greedy,,9000032,2160,8928,,,9.67936030169949,6366388.082605542,251898.24043677407,6618286.323042315,2206095.4410141055,399245.3761569624,359683.4160555939,20695.591056534347,6898.530352178116,0.9009081570782804,16.57698928600829
greedy,,9000033,2160,8928,,,10.957451665308326,8950204.683638508,156472.1782260331,9106676.86186454,3035558.9539548466,392631.14943336044,317301.7275458659,58322.53300323533,19440.844334411777,0.8081420131942949,23.193974484722276
greedy,,9000034,2160,8928,,,11.829922623001039,5894816.40913681,172158.35826699503,6066974.767403806,2022324.9224679351,386115.2785168188,358404.6629329956,13623.224518894283,4541.0748396314275,0.9282322738165976,15.712858581273503
greedy,,9000035,2160,8928,,,10.585600048769265,6883836.294776484,263513.11989270005,7147349.414669184,2382449.804889728,374399.2913007368,324115.4979683826,32060.280524581143,10686.760174860381,0.865694742215835,19.09017880305779
greedy,,9000036,2160,8928,,,12.92783828638494,7202464.001861094,302909.74255640764,7505373.744417502,2501791.248139167,396325.8342308667,340035.54759530484,33921.46421683776,11307.154738945921,0.8579696760247737,18.937382063379424
greedy,,9000037,2160,8928,,,6.340768589638174,6284740.384759266,207460.0327429087,6492200.417502174,2164066.805834058,385282.2620700704,356289.70311720576,20605.838362265207,6868.612787421735,0.9247498216058754,16.85050430980249
greedy,,9000038,2160,8928,,,12.981295007281005,7391314.459769716,217834.22377931236,7609148.683549028,2536382.894516343,393886.8201610175,340400.1481495508,37402.6905357951,12467.5635119317,0.8642080179539853,19.31810940116878
greedy,,9000039,2160,8928,,,13.911343960557133,6043179.016783881,168299.98120639732,6211478.9979902785,2070492.9993300927,386774.6349545641,359113.6684745652,17405.4809589724,5801.826986324133,0.9284829873002185,16.05968550321291
greedy,,9000040,2160,8928,,,11.867125753778964,6662217.896237198,324095.36572860635,6986313.261965805,2328771.0873219348,387992.79601956235,335682.82844082644,25945.6910509558,8648.563683651933,0.865177992696291,18.006296337557668
greedy,,9000041,2160,8928,,,13.289502396248281,7164585.557535565,351291.6741505662,7515877.231686132,2505292.410562044,393672.31944489584,332899.16876265133,33577.07732303616,11192.35910767872,0.8456250346279396,19.091708663398073
greedy,,9000042,2160,8928,,,12.033134173136204,7943792.296592999,247039.16447581307,8190831.461068813,2730277.1536896043,411684.1250348045,353447.87097403075,41625.50622034602,13875.16874011534,0.858541414352933,19.895912819996024
greedy,,9000043,2160,8928,,,8.994413269218057,7534468.650797447,178337.72108762834,7712806.371885075,2570935.4572950252,388251.17855546664,333108.87624527444,37720.326456711235,12573.442152237078,0.8579726080540039,19.86550665623595
greedy,,9000044,2160,8928,,,7.538788614328951,6491347.099549027,234066.83803362897,6725413.937582656,2241804.6458608853,390195.6022661407,351292.1886933231,23698.60974605953,7899.536582019844,0.9002976626418184,17.23600650167106
greedy,,9000045,2160,8928,,,10.271501710172743,8482531.68109614,223192.96228211664,8705724.643378258,2901908.2144594193,390482.6775701306,315075.7273777286,52261.19169940796,17420.397233135984,0.8068878479792259,22.29477808734476
greedy,,9000046,2160,8928,,,9.024091628845781,7226118.924173379,292501.67276113865,7518620.596934518,2506206.865644839,381721.6934856551,337606.12129066966,35634.11474305249,11878.038247684162,0.8844300102722789,19.696602852929193
greedy,,9000047,2160,8928,,,12.666888230014592,6551737.71603981,196358.97445559764,6748096.690495408,2249365.563498469,377318.0752541105,336832.73848162213,26902.21309283318,8967.404364277725,0.8927023659144266,17.88437165632948
greedy,,9000048,2160,8928,,,12.273264480754733,6692171.947083078,200379.86274568678,6892551.809828765,2297517.2699429216,392705.3888261524,352658.5058945167,24168.313495829185,8056.104498609728,0.8980230878640574,17.551457163425997
greedy,,9000049,2160,8928,,,13.014618312008679,6783066.530634269,242624.99563372886,7025691.526267998,2341897.1754226657,391117.69548405823,340232.31300477165,29033.028740913735,9677.676246971245,0.8698975191692377,17.96311342439468
greedy,,9000050,2160,8928,,,13.684377408120781,7576960.675495496,234567.01753279695,7811527.693028293,2603842.564342764,390501.10058907396,331380.1824734473,39694.373102267185,13231.45770075573,0.8486024289651366,20.00385576697362
greedy,,9000051,2160,8928,,,16.217724797315896,5682141.878586633,179905.57328213,5862047.451868763,1954015.8172895878,384109.6365932407,363778.04803204373,11250.097548668713,3750.032516222904,0.9470682674313442,15.261391262819256
greedy,,9000052,2160,8928,,,9.953212747815996,7687658.881930739,197569.87011466626,7885228.752045405,2628409.584015135,397928.83196711226,343463.50240646827,39397.82576599545,13132.608588665149,0.8631279636325889,19.815675866123463
greedy,,9000053,2160,8928,,,15.28117140661925,5889974.924214914,207955.75323625762,6097930.677451172,2032643.5591503908,387473.59864409367,355156.8410121059,15617.000242499369,5205.666747499789,0.9165962332786661,15.737667543775821
greedy,,9000054,2160,8928,,,15.295268626883626,6645346.074872091,241269.85789654352,6886615.9327686345,2295538.644256212,388748.58741330734,348124.8472458437,26371.861871966747,8790.620623988914,0.8955012532964561,17.714832042455665
greedy,,9000055,2160,8928,,,14.25388332316652,6446034.565792212,191501.6283732835,6637536.194165496,2212512.064721832,388204.6136448108,355056.88600649324,21752.775163449413,7250.9250544831375,0.9146127416490568,17.098035316598615
greedy,,9000056,2160,8928,,,14.247023370116949,5742646.111327329,197827.7187326863,5940473.830060015,1980157.9433533384,380720.2034525248,354938.69057294977,13247.599232283243,4415.866410761081,0.9322822570334386,15.603253455396892
greedy,,9000057,2160,8928,,,10.242664575576782,6127842.581692457,232639.5453274252,6360482.127019882,2120160.7090066276,395531.9613194659,355962.56306719023,17822.280226397677,5940.760075465892,0.8999590371400708,16.080829740792062
greedy,,9000058,2160,8928,,,12.268535335548222,7050282.578457558,234683.2349244134,7284965.813381971,2428321.9377939906,388711.882821524,337746.93513003824,32328.82236179025,10776.27412059675,0.8688876004470227,18.741299495407613
greedy,,9000059,2160,8928,,,12.340890835039318,7567939.768906627,302375.0660858345,7870314.834992461,2623438.27833082,402637.8378960648,342863.86129190074,38200.70466081862,12733.568220272875,0.8515440652162606,19.54688331359476
greedy,,9000060,2160,8928,,,11.037594703026116,6500057.421738889,281418.410989396,6781475.832728285,2260491.944242762,391470.3359329281,348154.1561202466,24740.984190286224,8246.994730095408,0.8893500328461593,17.3230899260019
greedy,,9000031,720,8928,,,1.446367986034602,1745663.0139871454,200638.90768339348,1946301.9216705388,1946301.9216705388,121839.28080369442,106153.68072168595,3245.3256166333003,3245.3256166333003,0.8712599091315971,15.974338561685952
greedy,,9000032,720,8928,,,0.6852572350762784,1818670.3813767182,186322.8641805181,2004993.2455572363,2004993.2455572363,133447.3440508756,113129.31301033222,3129.9942461969945,3129.9942461969945,0.8477449574957646,15.02460209918341
greedy,,9000033,720,8928,,,1.0699386289343238,2111744.21885327,164600.77439310896,2276344.9932463793,2276344.9932463793,128937.75836996875,105135.01450550056,8050.686063043152,8050.686063043152,0.8153935343270854,17.654603446065252
greedy,,9000034,720,8928,,,0.9003457189537585,1780424.2967490612,189495.9586568204,1969920.2554058817,1969920.2554058817,119085.63231910756,99659.11543656346,4151.709960509193,4151.709960509193,0.8368693476767384,16.542048079546564
greedy,,9000035,720,8928,,,0.876080404035747,2105771.4577831915,208404.26636603542,2314175.7241492267,2314175.7241492267,112151.45201469958,89356.05337797904,10896.340979977682,10896.340979977682,0.7967445072959665,20.63438040771786
greedy,,9000036,720,8928,,,1.0902055273763835,2420461.2447306644,214621.1902780507,2635082.435008715,2635082.435008715,122364.081108585,89128.92961393757,14173.206067979301,14173.206067979303,0.7283912795851031,21.53477075245931
greedy,,9000037,720,8928,,,0.34494507871568203,2145220.6564923897,206259.63621422253,2351480.2927066125,2351480.2927066125,120299.47887454001,99809.2065911877,8644.59251802283,8644.59251802283,0.8296728092669332,19.546886775452823
greedy,,9000038,720,8928,,,1.1200586217455566,2350806.6767928298,265452.12313509046,2616258.79992792,2616258.79992792,133790.67117978266,106280.33720703772,11800.135936961165,11800.135936961165,0.7943777863571846,19.55486714325765
greedy,,9000039,720,8928,,,1.4034846420399845,1607581.3472221922,205374.59215743947,1812955.9393796318,1812955.9393796318,127801.99857145117,114063.16052520809,476.8671425856604,476.86714258566036,0.8924990360102858,14.1856618804443
greedy,,9000040,720,8928,,,1.0403909226879478,1782108.3340762854,285985.19573311065,2068093.529809396,2068093.5298093962,124349.39446956229,96903.50248214693,5140.745674736179,5140.745674736179,0.779284072073761,16.631311625048685
greedy,,9000041,720,8928,,,1.290485271718353,2094946.8450705502,176025.8267446145,2270972.671815165,2270972.671815165,122563.14833151178,104817.91612655506,6816.034430733202,6816.034430733202,0.8552155974570841,18.529000786374898
greedy,,9000042,720,8928,,,1.090160982683301,2336409.658197472,280665.90269124584,2617075.560888718,2617075.560888718,138847.32357664805,107084.10356355275,10229.358634205104,10229.358634205104,0.7712363537525373,18.848584859066516
greedy,,9000043,720,8928,,,0.6389380949549377,2154528.687539433,343598.5243661068,2498127.21190554,2498127.21190554,132215.3273900092,94821.20501239783,9956.402481054334,9956.402481054334,0.7171725614889863,18.89438434423383
greedy,,9000044,720,8928,,,0.4785889517515898,2184749.5829631025,181908.95912535838,2366658.542088461,2366658.542088461,133798.29071006746,113565.69058731728,8369.907742809006,8369.907742809006,0.8487828206520742,17.688256924125156
greedy,,9000045,720,8928,,,0.8790514129213989,2678336.546459387,222116.19646286845,2900452.7429222553,2900452.7429222553,127713.52070975435,85669.20976679432,17780.830705881595,17780.830705881595,0.6707920139598124,22.710616125867464
greedy,,9000046,720,8928,,,0.7816246831789613,1915209.0116364723,250727.61109534444,2165936.622731817,2165936.622731817,127596.26918280081,111491.4946398321,5186.393572431581,5186.393572431581,0.8737833429918221,16.974921262225838
greedy,,9000047,720,8928,,,1.3717342531308532,1614716.7644087384,212447.36371229563,1827164.128121034,1827164.128121034,121866.25958169623,108542.59673840037,1818.2434343248592,1818.2434343248592,0.8906697974564158,14.993191178532454
greedy,,9000048,720,8928,,,1.1206326959654689,2315793.786362064,213489.6151892709,2529283.401551335,2529283.401551335,131662.38148080566,108907.28082094181,9423.811139779442,9423.811139779442,0.8271708258354632,19.2103725688728
greedy,,9000049,720,8928,,,1.136939391028136,1722426.451928633,159648.22911355778,1882074.6810421909,1882074.6810421906,125530.02864371562,101786.39507358226,3902.8752514281746,3902.875251428174,0.8108529582389924,14.993023592657428
greedy,,9000050,720,8928,,,1.453731539659202,1830312.5846943862,183958.00462015963,2014270.589314546,2014270.589314546,129284.98392580278,114050.36415324242,3253.13669239443,3253.13669239443,0.8821624962934321,15.580081523392884
greedy,,9000051,720,8928,,,1.630038307979703,1871140.1306044152,166006.23096673537,2037146.3615711506,2037146.3615711506,126255.53709801471,108778.04803204442,3829.8190662777224,3829.8190662777224,0.861570514310179,16.135105108219317
greedy,,9000052,720,8928,,,0.9700440871529281,1724952.530705908,232659.88178908834,1957612.4124949963,1957612.412494996,131114.0303947276,108704.93016440675,2474.939585481213,2474.939585481213,0.829086939339316,14.930609688387067
greedy,,9000053,720,8928,,,1.6133791822940111,1673419.3917874536,223302.727870676,1896722.1196581295,1896722.1196581295,127062.03528555942,108155.59891357561,2260.542151722353,2260.542151722353,0.851203104613479,14.927528237647328
greedy,,9000054,720,8928,,,1.5664929579943419,1885681.3985379697,221151.90710458378,2106833.3056425536,2106833.3056425536,125438.49962236239,99301.86094480359,5096.911900645405,5096.911900645405,0.7916378244618343,16.79574701535222
greedy,,9000055,720,8928,,,1.2939803558401763,1742965.7400219701,289299.0824730843,2032264.8224950545,2032264.8224950545,123383.04270529884,101150.41143192397,3323.5477666859415,3323.547766685942,0.819808048286849,16.471184191405715
greedy,,9000056,720,8928,,,1.3725800849497318,1849968.4153206698,219999.12509114126,2069967.540411811,2069967.540411811,126597.58637664591,110433.48058249622,3439.9614780106263,3439.9614780106267,0.8723190049922503,16.35076623225155
greedy,,9000057,720,8928,,,0.7519029658287764,1825651.085006713,212388.37621271165,2038039.4612194246,2038039.4612194246,138818.49036983738,123731.01879379805,2776.0077250962363,2776.0077250962363,0.8913151156172092,14.681325634573042
greedy,,9000058,720,8928,,,1.177320633083582,2071147.8849946104,257535.6135758866,2328683.498570497,2328683.498570497,131799.9311727588,108421.72432834779,7725.417095189112,7725.417095189112,0.8226235276726536,17.66832105183833
greedy,,9000059,720,8928,,,1.0354985878802836,2313933.8479428086,212126.55612156185,2526060.4040643703,2526060.4040643703,129570.19979024788,106749.14674811269,11322.703936947646,11322.703936947646,0.8238711287080008,19.495689658221046
greedy,,9000060,720,8928,,,0.8172561638057232,2217201.6209666017,254919.78842535717,2472121.4093919587,2472121.4093919587,132046.44942872762,98769.5869037513,9982.198722950723,9982.198722950723,0.7479912358950812,18.72160455723796
greedy,,9000031,8760,8928,,,280.3520091078244,26846009.806586284,320043.01057449507,27166052.817160778,2232826.2589447214,1569787.998901893,1444893.7658704077,100458.15715724346,8256.834834841928,0.9204387897481368,17.30555516806354
greedy,,9000032,8760,8928,,,219.36682564299554,27705241.448406134,223667.39593505132,27928908.844341185,2295526.7543294122,1587320.758303226,1457368.1720568072,112476.39169798064,9244.6349340806,0.9181308594582155,17.595000064256656
greedy,,9000033,8760,8928,,,242.61499635502696,31423268.37972203,226961.4272138264,31650229.806935854,2601388.751255002,1611713.8568818646,1430034.0505958493,160469.80448722496,13189.298998949997,0.8872753959952259,19.637623435321593
greedy,,9000034,8760,8928,,,251.91661888267845,26556652.47803103,190429.7150618591,26747082.19309289,2198390.3172405115,1591021.0156239818,1482669.3910521697,90572.39828374679,7444.306708253162,0.9318980557090142,16.81126894644001
greedy,,9000035,8760,8928,,,250.9516453286633,27769514.702645607,241681.173077223,28011195.87572283,2302290.0719772186,1588969.2418607417,1466285.7908282888,111288.00833906187,9146.959589511935,0.9227905438315558,17.628532471101003
greedy,,9000036,8760,8928,,,272.70404513087124,30971193.646678112,264100.6196331533,31235294.266311266,2567284.4602447613,1603817.1227270185,1428822.8753343415,156048.8538161397,12825.933190367645,0.8908889019122523,19.475595953983177
greedy,,9000037,8760,8928,,,193.01014004973695,29288188.106590804,156949.38649954268,29445137.493090346,2420148.2871033163,1622585.343824184,1487309.2065911763,126395.94768071218,10388.708028551686,0.9166292622154576,18.14705007977743
greedy,,9000038,8760,8928,,,264.29569351673126,29252931.346503295,206010.81099942065,29458942.157502715,2421282.917055018,1591884.2620774736,1447691.9468350224,132637.39893907378,10901.704022389627,0.9094203525485739,18.50570601097444
greedy,,9000039,8760,8928,,,266.07609992614016,30056404.94586779,230542.5828038769,30286947.528671667,2489338.153041507,1589645.7676406705,1425850.645080465,145592.10070481265,11966.474030532547,0.896961243885606,19.052639364820955
greedy,,9000040,8760,8928,,,257.5254940171726,27883599.011784382,170293.16549644637,28053892.17728083,2305799.3570367806,1570525.792653128,1440823.3716356847,112922.82198890758,9281.327834704733,0.9174146507977219,17.862738904713368
greedy,,9000041,8760,8928,,,268.2442552950233,27897501.25594201,185549.04061591678,28083050.296557926,2308195.914785583,1553082.0503525338,1422826.4226918786,117748.86195286583,9677.988653660204,0.9161308781908281,18.082142080119567
greedy,,9000042,8760,8928,,,247.8210723870434,30937734.16686063,206036.20311388324,31143770.369974513,2559761.9482170832,1611198.686804746,1437476.9841903592,153955.74535428477,12653.896878434363,0.8921785971915708,19.329565388200123
greedy,,9000043,8760,8928,,,213.60947652114555,29933820.850474425,241747.82663397017,30175568.677108396,2480183.7268856214,1582146.5991907665,1418842.058969682,142631.50780805526,11723.137628059338,0.8967829275083541,19.072549087766294
greedy,,9000044,8760,8928,,,201.17508111102507,28494876.343050666,153183.83080641617,28648060.17385708,2354635.0827827738,1586694.8664958721,1458231.2834245323,119364.09964078057,9810.747915680595,0.9190369958434135,18.055179214844717
greedy,,9000045,8760,8928,,,237.8994259708561,32221415.38594561,210945.80653182766,32432361.19247744,2665673.5226693787,1589822.8039933285,1393185.3902056066,176280.9782660657,14488.84752871773,0.8763148866063523,20.399984898325524
greedy,,9000046,8760,8928,,,217.9853990757838,29406750.104884088,187903.18959108004,29594653.294475168,2432437.257080151,1585781.4742947912,1438826.280034809,134144.9267387509,11025.610416883635,0.907329479728388,18.662504118126446
greedy,,9000047,8760,8928,,,263.83814491238445,30602451.823597465,213748.01269450533,30816199.83629197,2532838.342708929,1594467.8944917,1430326.7006885386,153445.20217588474,12611.934425415184,0.8970558175738698,19.32694909866207
greedy,,9000048,8760,8928,,,247.58215798903257,30223929.018967688,240121.16867855517,30464050.187646244,2503894.5359709244,1582400.7805992449,1413907.280820945,148442.3682666408,12200.74259725815,0.8935203383086727,19.251791683336826
greedy,,9000049,8760,8928,,,260.4067415059544,29776184.627269655,315938.9196984391,30092123.546968095,2473325.2230384736,1589194.9178221277,1421786.3950735806,142787.9481259316,11735.99573637794,0.894658282082875,18.935451661402926
greedy,,9000050,8760,8928,,,281.8149242848158,28917408.813868314,229983.67012931118,29147392.483997624,2395676.094575147,1591981.4895955909,1446863.5785992278,128644.72102527252,10573.53871440596,0.9088444734158139,18.30887650044342
greedy,,9000051,8760,8928,,,302.32229676516727,27340691.13005148,287987.18668739084,27628678.31673887,2270850.272608674,1565639.0249619347,1442221.5075568447,107877.52647398153,8866.646011560126,0.9211711541183061,17.646901920709727
greedy,,9000052,8760,8928,,,231.12476134998724,29484617.745555848,242310.30598408976,29726928.05153994,2443309.154921091,1608256.3061584474,1458704.930164403,133580.34572480863,10979.206497929477,0.9070102349847026,18.483949316851742
greedy,,9000053,8760,8928,,,303.85317775793374,29534568.000828065,244332.36157203445,29778900.3624001,2447580.8517041174,1606692.838436188,1455514.960996324,131630.14012076452,10818.915626364209,0.9059074181303957,18.53428337390502
greedy,,9000054,8760,8928,,,315.9346955129877,26185921.222258348,238727.57417126826,26424648.796429615,2171888.942172297,1576605.2179657847,1475805.2429423032,90124.13026964838,7407.462761888907,0.9360651773349205,16.760472752033653
greedy,,9000055,8760,8928,,,278.6291224840097,28451306.602926828,287197.39304687304,28738503.995973703,2362068.82158688,1595233.9319738874,1457556.8860064948,120186.9239283288,9878.377309177711,0.9136947608699397,18.01522862569358
greedy,,9000056,8760,8928,,,280.11488990997896,25420064.810970634,229733.95530135182,25649798.766271986,2108202.638323725,1553165.4781309646,1457765.3829020504,81743.58866708739,6718.651123322251,0.938576992231558,16.51453056833212
greedy,,9000057,8760,8928,,,220.59240778815,29135882.00772521,195744.0202996592,29331626.028024867,2410818.5776458797,1598955.6506583076,1457451.9200259314,127517.14790350225,10480.861471520733,0.9115024043511666,18.34423988929819
greedy,,9000058,8760,8928,,,257.7682230370119,27685779.482544653,165408.7710634469,27851188.2536081,2289138.760570529,1599025.7521571955,1476306.7222876025,108546.59174584148,8921.637677740397,0.9232538752399475,17.417598319498566
greedy,,9000059,8760,8928,,,246.38195221172646,31230238.005573507,187288.86004074186,31417526.86561425,2582262.4821052807,1605845.1208933052,1434249.1467481104,158536.01269322072,13030.357207661978,0.893142886625493,19.564481316938707
greedy,,9000060,8760,8928,,,237.47257329709828,27895242.688479252,258068.20502999102,28153310.893509243,2313970.758370623,1569635.3788395326,1436221.7375662073,114625.0960311381,9421.240769682585,0.9150034185824983,17.936210710492286
iterative_q_direct,0,9000031,2160,8928,1501,12,23.627243819180876,5574148.871199351,294683.85336598626,5868832.724565337,1956277.5748551125,372430.0660718813,336797.773697741,12096.898156679297,4032.299385559766,0.9043248770166074,15.758214116452717
iterative_q_direct,0,9000032,2160,8928,1371,12,18.555154328234494,6121113.016616179,232375.89437757444,6353488.910993753,2117829.6369979177,399245.3761569624,362035.28037814464,15682.976424118226,5227.6588080394085,0.9067989311811373,15.913744505073224
iterative_q_direct,0,9000033,2160,8928,1410,12,21.42391916923225,5776648.585980824,195069.3493514689,5971717.935332293,1990572.6451107643,392631.14943336044,365115.3523406859,11698.51736040698,3899.5057868023264,0.9299194749769983,15.209485910505546
iterative_q_direct,0,9000034,2160,8928,1387,11,20.38981103291735,6201018.00396439,251681.4219543209,6452699.42591871,2150899.80863957,386115.2785168188,350939.25870263204,18678.058239235263,6226.019413078421,0.9088976226237198,16.711846914489907
iterative_q_direct,0,9000035,2160,8928,1402,12,19.71478276187554,7038327.3496275665,229200.6932764223,7267528.042903989,2422509.347634663,374399.2913007368,331467.7828604948,31559.450268816316,10519.816756272106,0.8853322924541618,19.411169336499455
iterative_q_direct,0,9000036,2160,8928,1389,12,23.046793546061963,6348736.034672282,201757.6976086879,6550493.73228097,2183497.910760323,396325.8342308667,359107.4202226841,19493.880321991157,6497.960107330386,0.9060913753442017,16.528051331786745
iterative_q_direct,0,9000037,2160,8928,1323,11,15.45194531371817,5363791.30150138,232906.44100518728,5596697.742506567,1865565.9141688559,385282.2620700704,367429.477396313,6218.950881752109,2072.983627250703,0.9536631025320584,14.526227375317653
iterative_q_direct,0,9000038,2160,8928,1362,12,21.737801081035286,6892802.702253262,202966.32310925817,7095769.02536252,2365256.3417875064,393886.8201610175,350890.81209958036,26943.61313771513,8981.204379238376,0.8908417193450121,18.014740941222232
iterative_q_direct,0,9000039,2160,8928,1425,12,22.08431290090084,6506746.3921227995,228608.18360853728,6735354.575731337,2245118.1919104457,386774.6349545641,339111.50230741105,24172.663545522064,8057.554515174021,0.8767676875895644,17.414157928227546
iterative_q_direct,0,9000040,2160,8928,1300,12,20.752426200080663,6201216.439945431,282360.5319346141,6483576.971880046,2161192.323960015,387992.79601956235,349984.97733080655,17892.840045779227,5964.280015259742,0.902039885588908,16.710560191826726
iterative_q_direct,0,9000041,2160,8928,1499,12,22.910969183780253,6670673.574596273,298856.3262612868,6969529.900857559,2323176.6336191865,393672.31944489584,349112.182157358,24968.162106342235,8322.720702114078,0.8868090666105999,17.703886091572453
iterative_q_direct,0,9000042,2160,8928,1246,12,21.89881833922118,5668986.018861877,314332.6224183354,5983318.641280212,1994439.5470934042,411684.1250348045,386380.24496661255,8137.591534825958,2712.5305116086524,0.938535691493927,14.533760904126122
iterative_q_direct,0,9000043,2160,8928,1491,12,18.718714114278555,6078612.195804971,197050.58416290948,6275662.779967881,2091887.5933226268,388251.17855546664,357181.18999094976,16845.334535645357,5615.111511881786,0.9199745157758017,16.163924610138235
iterative_q_direct,0,9000044,2160,8928,1281,12,15.290910632815212,6688259.9504763335,270484.20148425095,6958744.151960584,2319581.3839868614,390195.6022661407,346672.56202585524,25510.94076443343,8503.64692147781,0.8884584039709404,17.833989187849006
iterative_q_direct,0,9000045,2160,8928,1388,12,20.037283790763468,6811815.966920407,302028.29737470247,7113844.264295109,2371281.421431703,390482.6775701306,338590.76017016446,27503.162763272587,9167.720921090862,0.8671082729639232,18.218078990245253
iterative_q_direct,0,9000046,2160,8928,1362,12,18.81067901989445,6706196.874254687,224313.303202261,6930510.177456948,2310170.0591523163,381721.6934856551,349904.86004298093,26697.528731382292,8899.176243794098,0.9166491347344139,18.155924317980613
iterative_q_direct,0,9000047,2160,8928,1388,12,22.63063215278089,5396313.714902832,214057.3060589108,5610371.020961743,1870123.6736539144,377318.0752541105,355994.26086145855,7707.521641755536,2569.1738805851787,0.94348583916026,14.869075692128861
iterative_q_direct,0,9000048,2160,8928,1264,10,20.599422866944224,6855165.259820683,223991.1337030217,7079156.393523704,2359718.7978412346,392705.3888261524,351645.5076932704,25595.348248078866,8531.782749359621,0.895443550556779,18.026634202001212
iterative_q_direct,0,9000049,2160,8928,1403,12,22.664820617996156,6452939.40338305,265704.36974559835,6718643.773128648,2239547.9243762163,391117.69548405823,346604.64965115814,23575.952976433364,7858.650992144455,0.8861901510802024,17.178061362867936
iterative_q_direct,0,9000050,2160,8928,1221,12,21.77030727500096,7171977.395078206,217109.37134111024,7389086.766419317,2463028.922139772,390501.10058907396,339844.19909391465,30422.410723614772,10140.803574538257,0.8702771863670986,18.922063869404777
iterative_q_direct,0,9000051,2160,8928,1323,12,25.50551513908431,5597601.362871243,179315.55119082125,5776916.914062064,1925638.9713540215,384109.6365932407,367354.565707796,8986.132202538593,2995.377400846198,0.9563794570892588,15.039760432200836
iterative_q_direct,0,9000052,2160,8928,1345,12,20.254825346171856,6060441.979106273,210251.03613977472,6270693.015246048,2090231.005082016,397928.83196711226,374339.446215363,15099.619519777212,5033.206506592404,0.9407195863764432,15.758327900613905
iterative_q_direct,0,9000053,2160,8928,1409,12,25.539459025952965,6660869.11422471,212160.48643652775,6873029.600661238,2291009.8668870796,387473.59864409367,347222.53711926565,25534.414501251835,8511.471500417278,0.8961192151783227,17.73805912122112
iterative_q_direct,0,9000054,2160,8928,1373,12,24.749572748783976,6213940.532075695,242814.98675904,6456755.518834734,2152251.839611578,388748.58741330734,354751.03140757995,17951.65666845744,5983.88555615248,0.9125461619502117,16.60907776359347
iterative_q_direct,0,9000055,2160,8928,1295,11,23.408767559099942,6790732.586105459,143168.00759557862,6933900.593701038,2311300.197900346,388204.6136448108,353916.0899857514,25694.60919578207,8564.869731927358,0.9116740954283664,17.861458493755137
iterative_q_direct,0,9000056,2160,8928,1373,12,22.471872710157186,6565930.170219455,214166.3745151978,6780096.544734653,2260032.1815782175,380720.2034525248,343295.40989646723,24736.365901934714,8245.455300644904,0.9017000064176411,17.808607169385798
iterative_q_direct,0,9000057,2160,8928,1278,12,18.825254554860294,6075996.409414596,213244.55786207307,6289240.967276669,2096413.6557588896,395531.9613194659,366195.6018336842,15364.1270984846,5121.375699494866,0.9258306221628266,15.900714941710952
iterative_q_direct,0,9000058,2160,8928,1460,12,22.924614245072007,6134114.036672243,206321.8385712306,6340435.875243474,2113478.6250811582,388711.882821524,354633.18912802753,18971.850628982244,6323.9502096607475,0.9123291692393577,16.311402237617386
iterative_q_direct,0,9000059,2160,8928,1351,12,21.99869189178571,7340231.876768224,224521.37594108054,7564753.252709305,2521584.4175697686,402637.8378960648,355912.84069794766,32469.102925152973,10823.034308384324,0.8839527913167006,18.787983991365554
iterative_q_direct,0,9000060,2160,8928,1289,12,19.167970187962055,6995189.99109608,280189.9426621363,7275379.933758217,2425126.6445860723,391470.3359329281,336703.1196483085,29972.884267114074,9990.961422371358,0.8600986811577901,18.58475410766432
iterative_q_direct,1,9000031,2160,8928,1458,12,23.662818806711584,6182145.4195412,212601.483423633,6394746.902964832,2131582.3009882774,372430.0660718812,335346.8639036924,20374.553852371886,6791.517950790629,0.9004290857628247,17.170329373275166
iterative_q_direct,1,9000032,2160,8928,1215,12,17.467666560783982,6449620.325109295,231684.42278461068,6681304.747893905,2227101.582631302,399245.3761569624,358075.74799035996,19826.050292828986,6608.683430942996,0.8968813901794151,16.734833129957565
iterative_q_direct,1,9000033,2160,8928,1387,12,20.50434797303751,7925608.500689964,201729.74034799024,8127338.241037954,2709112.7470126515,392631.14943336044,330938.96312035096,42893.894586036935,14297.964862012312,0.8428749568085906,20.6996776816287
iterative_q_direct,1,9000034,2160,8928,1322,12,20.82855005795136,5845229.544943032,240081.91969647046,6085311.464639503,2028437.154879834,386115.2785168188,356549.3172686207,13340.535638825215,4446.845212941738,0.9234271138874132,15.760348795351883
iterative_q_direct,1,9000035,2160,8928,1525,11,20.701554076746106,6528326.178446806,228547.703180249,6756873.881627055,2252291.293875685,374399.2913007368,333974.90919064573,25607.670452311777,8535.890150770592,0.8920286895585492,18.047240041914467
iterative_q_direct,1,9000036,2160,8928,1377,11,23.05213807011023,6910687.951996945,270720.3815550648,7181408.333552009,2393802.77785067,396325.8342308667,351143.25689061056,27730.593051310323,9243.531017103442,0.8859963862110072,18.119960177435
iterative_q_direct,1,9000037,2160,8928,1296,11,15.166970313992351,6282868.0561724445,182687.60181609454,6465555.657988539,2155185.219329513,385282.2620700704,357998.578435325,19128.526262258496,6376.175420752832,0.9291852070008263,16.781347844175247
iterative_q_direct,1,9000038,2160,8928,1321,12,22.2001120201312,6411930.466881434,225645.05109696582,6637575.5179784,2212525.172659467,393886.8201610175,356245.5724584257,20577.14218277308,6859.047394257694,0.9044363868605597,16.851479100684347
iterative_q_direct,1,9000039,2160,8928,1399,12,22.89887135801837,5840364.288414314,188849.4587035792,6029213.747117894,2009737.9157059647,386774.6349545641,362989.81790486985,13509.063414538703,4503.021138179568,0.9385047133391042,15.588441439098426
iterative_q_direct,1,9000040,2160,8928,1367,12,20.909706711769104,6923936.335355882,235030.84290277612,7158967.178258657,2386322.392752886,387992.79601956235,340068.6879934965,28411.287274172657,9470.429091390886,0.8764819643103643,18.451288920059504
iterative_q_direct,1,9000041,2160,8928,1366,12,23.28229267988354,6225682.78074536,273919.25528679293,6499602.036032153,2166534.0120107178,393672.31944489584,351968.56659334904,17459.671676248465,5819.890558749488,0.8940648077305718,16.510182999904654
iterative_q_direct,1,9000042,2160,8928,1311,12,21.524458410218358,7350090.579954708,201160.29348262819,7551250.873437336,2517083.6244791117,411684.1250348045,363718.5850169731,31646.95810843535,10548.986036145116,0.8834894592698314,18.34234165040719
iterative_q_direct,1,9000043,2160,8928,1510,12,19.967480630148202,6066325.705798032,194268.96735092867,6260594.673148961,2086864.8910496535,388251.17855546664,354605.0353123054,17341.49259096468,5780.497530321561,0.9133392373248019,16.12511440774559
iterative_q_direct,1,9000044,2160,8928,1359,11,17.21120249805972,6453456.031543849,354294.04993376246,6807750.081477611,2269250.027159204,390195.6022661407,339422.3733115524,24157.889708966428,8052.629902988809,0.8698774956465106,17.44701898724694
iterative_q_direct,1,9000045,2160,8928,1238,12,20.114192206878215,6490572.792457842,305433.1213841695,6796005.913842012,2265335.3046140037,390482.6775701306,345628.35458982596,22908.725521420845,7636.241840473615,0.8851310812059037,17.404116249488304
iterative_q_direct,1,9000046,2160,8928,1553,10,20.96268127206713,5921390.740005713,263454.0354606571,6184844.77546637,2061614.9251554569,381721.6934856551,355303.0577521776,16756.379934893645,5585.459978297881,0.9307908453086899,16.202497476604098
iterative_q_direct,1,9000047,2160,8928,1439,12,22.78740081889555,6147253.540716402,200109.23795667395,6347362.778673076,2115787.5928910254,377318.0752541105,348563.395256222,18905.55226012869,6301.85075337623,0.9237919360780072,16.822313042910412
iterative_q_direct,1,9000048,2160,8928,1335,12,20.918300517834723,7357016.773318952,291226.513056105,7648243.286375057,2549414.4287916855,392705.3888261524,338126.6460384736,34857.14824449764,11619.049414832547,0.8610186049373506,19.475778800073645
iterative_q_direct,1,9000049,2160,8928,1515,12,23.63439478399232,6229888.522728057,207955.11711210504,6437843.639840161,2145947.879946721,391117.69548405823,354830.50954253005,19306.978555725094,6435.659518575031,0.9072218251423829,16.46011856321792
iterative_q_direct,1,9000050,2160,8928,1178,12,21.756007047835737,7233768.575184747,225935.89069041063,7459704.465875157,2486568.155291719,390501.10058907396,336905.4113420755,32136.6366250797,10712.2122083599,0.8627515027072934,19.102902538871554
iterative_q_direct,1,9000051,2160,8928,1195,12,24.647293772082776,6744139.760142863,347405.0749138198,7091544.835056683,2363848.2783522275,384109.6365932407,332329.78876971663,26797.930046369,8932.643348789667,0.8651951346944279,18.462293469003466
iterative_q_direct,1,9000052,2160,8928,1359,12,20.21948314178735,7074403.996262781,428757.73145838577,7503161.727721167,2501053.909240389,397928.83196711226,334185.252248562,32361.977042444254,10787.32568081475,0.8398116080118103,18.85553678186677
iterative_q_direct,1,9000053,2160,8928,1292,12,25.406353009399027,5957142.341405597,194622.09487677866,6151764.436282375,2050588.1454274585,387473.59864409367,356174.1901979441,14793.053982396186,4931.017994132062,0.9192218294209537,15.876602839030998
iterative_q_direct,1,9000054,2160,8928,1240,12,25.464976496994495,6038465.397804309,214017.78443003754,6252483.182234346,2084161.0607447817,388748.58741330734,358669.7308411572,15375.119756272721,5125.039918757574,0.9226264543562931,16.083616467490515
iterative_q_direct,1,9000055,2160,8928,1238,11,22.67734829103574,7789062.322097785,198459.84731209476,7987522.1694098795,2662507.389803293,388204.6136448108,336502.42112301785,39333.99585127725,13111.33195042575,0.8668171610935617,20.575546731441197
iterative_q_direct,1,9000056,2160,8928,1497,12,23.634936057962477,6673185.152001211,205861.8523598071,6879047.004361019,2293015.6681203395,380720.2034525248,336552.6945997601,25861.529492051734,8620.509830683912,0.8839895848651166,18.06851052814912
iterative_q_direct,1,9000057,2160,8928,1472,12,19.24475298821926,6395542.693297893,264336.66419265367,6659879.357490546,2219959.785830182,395531.9613194659,358990.0848471841,21789.040170166136,7263.013390055379,0.9076133409032717,16.83777800224708
iterative_q_direct,1,9000058,2160,8928,1468,12,22.39075413811952,6782486.179992111,190935.89473370273,6973422.074725814,2324474.024908605,388711.882821524,343908.6900659997,27474.810991485836,9158.27033049528,0.8847393281874648,17.939822225418414
iterative_q_direct,1,9000059,2160,8928,1239,12,20.990493983961642,7019406.284721926,208627.5117032273,7228033.7964251535,2409344.5988083845,402637.8378960648,358004.27665616706,27368.215849245425,9122.738616415143,0.8891471266756125,17.95170030266993
iterative_q_direct,1,9000060,2160,8928,1290,12,19.66286547621712,6121042.955973936,168480.98655561314,6289523.94252955,2096507.9808431834,391470.3359329281,358965.6819908286,16016.45300975448,5338.8176699181595,0.9169677726292175,16.066412612186163
iterative_q_direct,2,9000031,2160,8928,1240,11,22.1381293120794,6176339.154190052,190550.47969427402,6366889.633884327,2122296.544628109,372430.0660718813,338732.1550756197,18561.925037153538,6187.308345717846,0.9095188222806971,17.09553071543767
iterative_q_direct,2,9000032,2160,8928,1317,12,17.87029666872695,6387816.19304317,287177.4760517305,6674993.6690949,2224997.8896983,399245.3761569624,359723.23115664924,20316.96420522339,6772.32140174113,0.9010078829697576,16.719025611133542
iterative_q_direct,2,9000033,2160,8928,1338,11,19.644443578086793,7615167.095477622,207045.28142176892,7822212.3768993905,2607404.1256331303,392631.14943336044,333094.50514155946,38320.42692074003,12773.475640246676,0.8483649491953876,19.92254661452178
iterative_q_direct,2,9000034,2160,8928,1348,10,19.54759107483551,6566722.616409824,263709.38957325293,6830432.005983077,2276810.668661026,386115.2785168188,343874.55536941136,23627.229577918126,7875.7431926393765,0.890600746726039,17.690136562895812
iterative_q_direct,2,9000035,2160,8928,1362,11,19.329846390988678,7008837.5920758955,297882.88418395974,7306720.476259856,2435573.4920866187,374399.2913007368,325684.93823668885,32899.12423362662,10966.374744542207,0.8698866312091439,19.515850179296205
iterative_q_direct,2,9000036,2160,8928,1340,12,23.01992848981172,6561311.590047269,207180.51000903329,6768492.100056303,2256164.0333521008,396325.8342308667,356847.0779604801,21995.525483076057,7331.841827692019,0.9003881330446163,17.078099673193492
iterative_q_direct,2,9000037,2160,8928,1519,11,16.166150147095323,6483987.590254098,282995.2802974898,6766982.870551588,2255660.956850529,385282.2620700704,355029.7731606666,23401.478140118565,7800.492713372854,0.9214796737673278,17.563702087382605
iterative_q_direct,2,9000038,2160,8928,1230,11,20.905112750828266,7800822.1535902545,217223.6945467443,8018045.848136999,2672681.9493789994,393886.8201610175,338938.8821710869,39637.116009728205,13212.372003242735,0.8604981553648626,20.35621766897225
iterative_q_direct,2,9000039,2160,8928,1428,12,23.629603483248502,5642321.206052513,232796.56471499454,5875117.770767507,1958372.5902558358,386774.6349545641,361040.4434415387,10821.755953603448,3607.2519845344823,0.9334646349907396,15.190028610479278
iterative_q_direct,2,9000040,2160,8928,1353,11,21.68647004570812,6172918.00002902,260915.93793879737,6433833.937967817,2144611.312655939,387992.79601956235,350309.35768375493,18113.859682627473,6037.953227542491,0.9028759329492617,16.58235411577958
iterative_q_direct,2,9000041,2160,8928,1305,11,22.89575414499268,5814963.764827792,280164.0989962096,6095127.8638240015,2031709.287941334,393672.31944489584,361122.68584061594,11066.573294410311,3688.857764803437,0.9173179520211707,15.482744309832444
iterative_q_direct,2,9000042,2160,8928,1325,12,21.537475985009223,7110514.919233439,166181.81015017608,7276696.729383615,2425565.576461205,411684.1250348045,364398.46379574144,28090.323071191237,9363.441023730413,0.8851409166310081,17.675436789719374
iterative_q_direct,2,9000043,2160,8928,1441,12,17.90375833073631,6682788.165037182,242987.92621976355,6925776.091256945,2308592.030418982,388251.17855546664,347351.46707446035,25604.50464325918,8534.834881086394,0.8946565683762291,17.83839038692708
iterative_q_direct,2,9000044,2160,8928,1476,11,17.03169025713578,5824629.865347957,157889.9172535654,5982519.782601522,1994173.260867174,390195.6022661407,360509.08212929714,13298.232457325856,4432.744152441952,0.923918875649974,15.332104585128116
iterative_q_direct,2,9000045,2160,8928,1371,12,20.431093270890415,6505813.520834033,237579.353390028,6743392.874224061,2247797.624741354,390482.6775701306,344932.0743731758,22319.753857230364,7439.917952410121,0.8833479541771121,17.269377776720834
iterative_q_direct,2,9000046,2160,8928,1397,12,20.10343738272786,5765306.753321582,270552.49700799363,6035859.250329576,2011953.0834431923,381721.6934856551,361578.6287535032,13590.361674477683,4530.120558159228,0.9472310191537258,15.812198660269226
iterative_q_direct,2,9000047,2160,8928,1537,12,23.14500055462122,6972352.736482934,202232.80375816554,7174585.5402411,2391528.5134137,377318.0752541105,332702.29319304426,31813.438117726677,10604.479372575559,0.8817555134854881,19.01468816570547
iterative_q_direct,2,9000048,2160,8928,1267,11,20.424451165366918,7279524.192224098,255155.3188814186,7534679.511105517,2511559.8370351726,392705.3888261524,341170.90576495073,32051.943102448477,10683.981034149492,0.8687706241688076,19.186595665589554
iterative_q_direct,2,9000049,2160,8928,1378,12,22.363220165017992,6388081.190206182,277271.00520453404,6665352.195410716,2221784.0651369053,391117.69548405823,343715.9833404032,23156.98522250912,7718.995074169707,0.8788044808737447,17.041806781872882
iterative_q_direct,2,9000050,2160,8928,1296,12,23.254374066833407,6344252.726095289,209803.23820494144,6554055.96430023,2184685.32143341,390501.10058907396,349253.5639188046,18991.890236031584,6330.630078677195,0.8943728030265544,16.783706766545308
iterative_q_direct,2,9000051,2160,8928,1288,12,23.696917175780982,7246154.9865908725,351848.1415620345,7598003.128152907,2532667.709384302,384109.6365932407,324001.63313426584,34387.44339298006,11462.481130993352,0.8435134197827292,19.780818819182446
iterative_q_direct,2,9000052,2160,8928,1315,12,19.831794075202197,6175434.675693253,248807.85946799273,6424242.535161246,2141414.178387082,397928.83196711226,363803.9234807758,16297.262211746121,5432.420737248707,0.9142436894616452,16.144199713812625
iterative_q_direct,2,9000053,2160,8928,1321,12,23.910440602339804,6737941.825911394,198813.87758403074,6936755.703495425,2312251.9011651417,387473.59864409367,346693.9815513699,26735.710334416588,8911.90344480553,0.8947551078694755,17.902524785610094
iterative_q_direct,2,9000054,2160,8928,1243,12,24.788742031902075,5802306.36732335,178454.54463794205,5980760.911961292,1993586.970653764,388748.58741330734,366048.0552196066,10636.447243714576,3545.482414571525,0.9416061358711354,15.384649888393557
iterative_q_direct,2,9000055,2160,8928,1341,12,22.143086720257998,7614856.1454160735,167617.81112239795,7782473.956538471,2594157.985512824,388204.6136448108,342615.5198973827,37395.033519908735,12465.011173302912,0.8825642659952001,20.047350502792
iterative_q_direct,2,9000056,2160,8928,1311,12,23.79291842598468,5505500.346589794,212800.70492513335,5718301.051514927,1906100.3505049758,380720.2034525248,352034.12723146233,9055.176409954916,3018.392136651639,0.9246531285681046,15.01969425225943
iterative_q_direct,2,9000057,2160,8928,1421,12,19.79795084008947,6250734.538479133,178939.05979042724,6429673.598269559,2143224.53275652,395531.9613194659,365297.93930369325,17687.2185813708,5895.739527123599,0.9235611152258995,16.25576243401579
iterative_q_direct,2,9000058,2160,8928,1376,12,22.851969817187637,5868932.619915759,218691.09591308417,6087623.715828843,2029207.9052762813,388711.882821524,355791.95045002806,13732.705453768718,4577.568484589573,0.915310198050696,15.661017799715578
iterative_q_direct,2,9000059,2160,8928,1263,12,21.378576461225748,7261158.997079743,232662.03817828753,7493821.0352580305,2497940.34508601,402637.8378960648,354575.6303168953,31549.405489351255,10516.468496450418,0.880631666834114,18.611815209459905
iterative_q_direct,2,9000060,2160,8928,1402,11,20.892083809245378,6331970.107650947,283604.8196717974,6615574.927322744,2205191.6424409146,391470.3359329281,349952.9860608674,20928.040821213548,6976.013607071182,0.8939450935072281,16.899300713442084
iterative_q_direct,0,9000031,720,8928,492,12,4.075581982731819,1588258.0301483576,129061.25914391472,1717319.2892922724,1717319.2892922722,121839.28080369442,110998.62566997677,0.0,0.0,0.9110249579428826,14.094955895703217
iterative_q_direct,0,9000032,720,8928,340,10,2.392800197005272,1818077.3283703108,228719.22149103144,2046796.5498613422,2046796.549861342,133447.3440508756,109571.7543922136,2288.8002851154633,2288.8002851154633,0.8210860633572471,15.337859021615442
iterative_q_direct,0,9000033,720,8928,444,11,3.362268169876188,1676826.9110644588,254834.56530671375,1931661.4763711726,1931661.4763711728,128937.75836996875,110788.8695229537,1541.9493310936623,1541.9493310936623,0.8592430248791872,14.981348371425396
iterative_q_direct,0,9000034,720,8928,385,9,3.0190761419944465,1534774.4266873992,188493.2867447995,1723267.7134321986,1723267.7134321989,119085.63231910756,104487.52628219857,0.0,0.0,0.877415052071175,14.470828091288526
iterative_q_direct,0,9000035,720,8928,471,10,3.408305989112705,1385563.2371208293,272619.5965100081,1658182.8336308375,1658182.8336308373,112151.45201469958,97616.76276203428,0.0,0.0,0.8704012387573881,14.785210568771781
iterative_q_direct,0,9000036,720,8928,450,11,6.319890359882265,1561197.5291098978,203253.32063138904,1764450.8497412868,1764450.8497412866,122364.081108585,108789.53504613882,0.0,0.0,0.8890642912571686,14.41967964582291
iterative_q_direct,0,9000037,720,8928,449,10,3.3674605786800385,1576776.934733045,188386.11075260176,1765163.045485647,1765163.045485647,120299.47887454001,113536.54094713574,225.09777964920366,225.09777964920366,0.9437824835928232,14.673073083936885
iterative_q_direct,0,9000038,720,8928,414,12,3.965060373302549,2158875.707033561,253166.82782031994,2412042.534853881,2412042.534853881,133790.67117978266,106384.74811619836,7591.816541887224,7591.816541887223,0.7951581913603132,18.028480712326147
iterative_q_direct,0,9000039,720,8928,418,10,4.222273177932948,1624309.8397145625,266803.2439746247,1891113.0836891872,1891113.0836891872,127801.99857145117,109738.53595843476,420.5202613675219,420.5202613675219,0.8586605623157173,14.797210566561752
iterative_q_direct,0,9000040,720,8928,390,11,3.7131144092418253,1551172.0709627836,229236.2842956428,1780408.3552584264,1780408.3552584264,124349.39446956229,105837.86266804695,0.0,0.0,0.8511329156005941,14.317788702173592
iterative_q_direct,0,9000041,720,8928,344,12,3.5861788280308247,1693767.6354460088,269796.33363190136,1963563.96907791,1963563.96907791,122563.14833151178,103892.18946326585,1296.0327749024184,1296.0327749024184,0.8476625386796995,16.020834939445376
iterative_q_direct,0,9000042,720,8928,367,11,3.644013497978449,2179767.0386180896,203205.62236071244,2382972.660978802,2382972.660978802,138847.32357664805,113203.0421867217,6571.06465681019,6571.064656810189,0.815305900543557,17.162539396471168
iterative_q_direct,0,9000043,720,8928,450,10,3.6752609368413687,1732074.4229028965,285400.398544585,2017474.8214474814,2017474.8214474814,132215.3273900092,110023.65747556424,2118.8894445657434,2118.8894445657434,0.8321550885777116,15.259008628374287
iterative_q_direct,0,9000044,720,8928,392,11,3.119950178079307,1963356.6301774974,202564.18453693902,2165920.8147144364,2165920.8147144364,133798.29071006746,109241.0551765403,3909.0572161697096,3909.0572161697096,0.816460767897692,16.18795578941925
iterative_q_direct,0,9000045,720,8928,391,12,3.8268392579630017,1549218.802385439,288740.9204919526,1837959.7228773916,1837959.7228773916,127713.52070975435,109826.49057159899,0.0,0.0,0.8599441152451981,14.391269715713147
iterative_q_direct,0,9000046,720,8928,430,12,3.65434116916731,1672085.4467113598,201473.6119310069,1873559.0586423667,1873559.0586423664,127596.26918280081,113023.97997713945,483.874792153688,483.874792153688,0.8857937673335544,14.68349404447094
iterative_q_direct,0,9000047,720,8928,500,11,5.164602166973054,1558683.121639362,197971.3172520211,1756654.4388913831,1756654.4388913831,121866.25958169623,111252.68740440652,53.42064401301056,53.42064401301056,0.9129080336614859,14.414608644928204
iterative_q_direct,0,9000048,720,8928,350,11,3.612130119930953,2029906.8217071053,217719.983872941,2247626.805580046,2247626.805580046,131662.38148080566,117941.18948625306,4633.440398422369,4633.440398422369,0.8957850234802798,17.071138925948375
iterative_q_direct,0,9000049,720,8928,450,11,4.450858522206545,1459531.0159219566,200792.17885829712,1660323.1947802538,1660323.1947802538,125530.02864371562,108998.85053137713,0.0,0.0,0.8683089752233074,13.226502158241754
iterative_q_direct,0,9000050,720,8928,425,12,4.473950809799135,1672499.053395181,178236.0394993173,1850735.0928944983,1850735.0928944983,129284.98392580278,118692.24155844872,0.0,0.0,0.9180667232519959,14.315158935678433
iterative_q_direct,0,9000051,720,8928,373,12,3.923817704897374,2035038.974020734,229614.4927046779,2264653.466725412,2264653.466725412,126255.53709801471,105914.28071262162,6116.711917933386,6116.711917933386,0.8388882036151669,17.93706255407488
iterative_q_direct,0,9000052,720,8928,428,12,3.8302690479904413,1623895.6884050225,170356.16510170407,1794251.8535067267,1794251.8535067267,131114.0303947276,123655.49821978233,0.0,0.0,0.9431141567954943,13.684667065035
iterative_q_direct,0,9000053,720,8928,497,12,4.956383900716901,1576820.1350633963,192672.6404631179,1769492.7755265143,1769492.7755265143,127062.03528555942,112391.16967345751,0.0,0.0,0.8845377725995763,13.926211488347038
iterative_q_direct,0,9000054,720,8928,399,11,4.2990488656796515,2073101.493681246,264489.8398768407,2337591.333558087,2337591.333558087,125438.49962236239,102773.6322434629,6554.965155001741,6554.96515500174,0.8193149037406141,18.63535788928837
iterative_q_direct,0,9000055,720,8928,357,11,3.729287246707827,1619381.5956523875,268195.0992389646,1887576.6948913522,1887576.6948913522,123383.04270529884,107306.04044608434,651.6504986002923,651.6504986002923,0.8696984455342497,15.298509856008664
iterative_q_direct,0,9000056,720,8928,412,12,5.221596478950232,1597478.359228808,274384.5355547942,1871862.894783602,1871862.894783602,126597.58637664591,111615.60714583287,0.0,0.0,0.8816566756159196,14.78592877130013
iterative_q_direct,0,9000057,720,8928,390,11,3.4071304760873318,1757870.3487199717,225285.2828317436,1983155.6315517153,1983155.6315517153,138818.49036983738,118064.86091010888,1061.2037896194436,1061.2037896194436,0.8504980899559049,14.285961663091369
iterative_q_direct,0,9000058,720,8928,430,12,4.321215149015188,1702375.5264803532,160640.61140011554,1863016.1378804687,1863016.1378804687,131799.9311727588,119388.12560360291,976.8380030092618,976.8380030092618,0.9058284366409347,14.135182934492518
iterative_q_direct,0,9000059,720,8928,403,9,4.0449185580946505,1607455.3375035147,152331.2560823232,1759786.5935858379,1759786.5935858379,129570.19979024788,114037.88283618346,0.0,0.0,0.8801243111517263,13.581723239098444
iterative_q_direct,0,9000060,720,8928,343,11,3.232149199116975,1737736.8532696124,346863.0886827187,2084599.941952331,2084599.9419523308,132046.44942872762,103777.19719042041,2580.8245925488372,2580.8245925488372,0.7859143327169459,15.786868567620962
iterative_q_direct,1,9000031,720,8928,509,11,4.6143788252957165,1564826.8979955127,172419.11130049286,1737246.0092960056,1737246.0092960056,121839.28080369442,113653.6807216859,0.0,0.0,0.9328164116858418,14.258505121144221
iterative_q_direct,1,9000032,720,8928,353,11,2.841818976216018,1847111.302013242,189744.46352696992,2036855.765540212,2036855.7655402122,133447.3440508756,115011.19728694718,2700.150830365071,2700.150830365071,0.8618470311638439,15.263366836013454
iterative_q_direct,1,9000033,720,8928,435,11,3.8299867981113493,1663835.0057194824,126949.68316790547,1790784.688887388,1790784.6888873877,128937.75836996875,115036.8079545401,0.0,0.0,0.8921886762173898,13.888753081537088
iterative_q_direct,1,9000034,720,8928,405,11,3.6174096134491265,1569914.4266335922,210915.64155464483,1780830.068188237,1780830.0681882373,119085.63231910756,98351.64288018183,73.27836699195565,73.27836699195565,0.8258900840080695,14.954197525829477
iterative_q_direct,1,9000035,720,8928,505,10,4.119371615350246,1404331.7346426235,207770.55899223324,1612102.2936348566,1612102.2936348568,112151.45201469958,104329.25425075894,0.0,0.0,0.9302532635697361,14.374332785486896
iterative_q_direct,1,9000036,720,8928,420,10,4.032185935880989,1573223.5128411213,172961.1769010423,1746184.6897421635,1746184.6897421635,122364.081108585,109553.16657763152,0.0,0.0,0.895304942309131,14.270402506374497
iterative_q_direct,1,9000037,720,8928,413,9,2.9808885417878628,1525890.4489970396,258833.11106245572,1784723.5600594953,1784723.560059495,120299.47887454001,98573.16568016836,0.0,0.0,0.8193981104687081,14.83567158192579
iterative_q_direct,1,9000038,720,8928,427,12,3.9019043170847,1741234.7869860989,217945.5115583506,1959180.2985444495,1959180.2985444495,133790.67117978266,114819.64906584857,1328.6377293737562,1328.6377293737562,0.8582037002531995,14.643624112713956
iterative_q_direct,1,9000039,720,8928,429,11,4.114899740088731,1577479.8690861182,270608.808207186,1848088.6772933041,1848088.6772933044,127801.99857145117,113269.39541392133,0.0,0.0,0.8862881385269965,14.460561634019205
iterative_q_direct,1,9000040,720,8928,358,12,3.386197181418538,1604792.3431782685,219203.61094889158,1823995.9541271601,1823995.9541271601,124349.39446956229,103821.46821153456,648.3650767199177,648.3650767199177,0.8349173605099262,14.668313922297628
iterative_q_direct,1,9000041,720,8928,383,11,3.833707631099969,1619757.1758658006,238000.30375624722,1857757.4796220479,1857757.4796220479,122563.14833151178,110362.97767281908,0.0,0.0,0.9004580836509406,15.157553513533614
iterative_q_direct,1,9000042,720,8928,407,11,3.660672436002642,2038656.801833535,201304.4059311157,2239961.2077646507,2239961.2077646507,138847.32357664805,118837.37491322192,4524.629543496149,4524.629543496149,0.8558852403634557,16.132548687754305
iterative_q_direct,1,9000043,720,8928,437,9,3.27889725798741,1805180.7644374436,279322.4855316513,2084503.249969095,2084503.249969095,132215.3273900092,109507.8642475223,3094.143001090837,3094.1430010908375,0.8282539279617382,15.765972759120588
iterative_q_direct,1,9000044,720,8928,405,12,3.147971184924245,2143467.799821863,178466.89802820652,2321934.6978500695,2321934.6978500695,133798.29071006746,115431.2834245358,6235.231607722474,6235.231607722474,0.8627261440481939,17.35399372837697
iterative_q_direct,1,9000045,720,8928,432,12,3.7808206640183926,1529411.737969793,288206.12490531296,1817617.8628751058,1817617.862875106,127713.52070975435,107684.98790931601,0.0,0.0,0.8431760968679597,14.231992452904652
iterative_q_direct,1,9000046,720,8928,487,11,3.9450258570723236,1575433.795886602,224819.08948144998,1800252.885368052,1800252.8853680517,127596.26918280081,117699.98844900313,0.0,0.0,0.9224406732486843,14.108977455985954
iterative_q_direct,1,9000047,720,8928,462,12,4.297689186874777,1573197.648622138,216573.51197782467,1789771.1605999626,1789771.1605999626,121866.25958169623,115349.63352065498,0.0,0.0,0.9465264127789804,14.686355080916739
iterative_q_direct,1,9000048,720,8928,414,10,3.81846041418612,1923677.1573495334,300380.4438064939,2224057.601156027,2224057.601156027,131662.38148080566,111254.27688248035,4484.227999934277,4484.227999934277,0.8449966925343781,16.892126483981762
iterative_q_direct,1,9000049,720,8928,508,10,4.382529521826655,1539374.1812882249,147102.8334933456,1686477.0147815705,1686477.0147815705,125530.02864371562,109259.02401424006,0.0,0.0,0.8703815747891162,13.43484927871878
iterative_q_direct,1,9000050,720,8928,473,11,4.507078921888024,1530126.8793661697,290302.9935305177,1820429.8728966874,1820429.8728966876,129284.98392580278,109911.47940338436,0.0,0.0,0.8501488422388098,14.080752594914195
iterative_q_direct,1,9000051,720,8928,417,11,4.307343463413417,1734559.8022270082,258784.7871334601,1993344.5893604683,1993344.5893604683,126255.53709801471,108831.30710492283,2449.023611734716,2449.023611734716,0.8619923498518318,15.788175593542443
iterative_q_direct,1,9000052,720,8928,485,12,4.20154931396246,1589278.183356172,212655.46897026803,1801933.65232644,1801933.6523264397,131114.0303947276,121736.6974833494,182.3847485999207,182.3847485999207,0.9284795617742273,13.743255751513379
iterative_q_direct,1,9000053,720,8928,413,10,4.404920115601271,1547798.654194651,322158.00133112306,1869956.655525774,1869956.655525774,127062.03528555942,103172.73614879904,0.0,0.0,0.8119871204402517,14.716879446509969
iterative_q_direct,1,9000054,720,8928,358,12,3.882734921295196,1635907.720316239,222872.3604531766,1858780.0807694155,1858780.0807694155,125438.49962236239,107683.4493507841,416.2163267430652,416.2163267430652,0.8584561332841943,14.818258241013302
iterative_q_direct,1,9000055,720,8928,402,12,3.9830508450977504,1655051.839233314,255415.60190184304,1910467.441135157,1910467.441135157,123383.04270529884,105322.18497685625,1694.522361059266,1694.522361059266,0.8536196114762621,15.484035725219714
iterative_q_direct,1,9000056,720,8928,426,11,4.107957753352821,1986169.610024572,266709.60145504744,2252879.211479619,2252879.211479619,126597.58637664591,103106.8586447795,5267.057970955783,5267.057970955783,0.814445690441695,17.79559370726849
iterative_q_direct,1,9000057,720,8928,413,11,3.1863334751687944,1695731.8483575522,237064.65370560187,1932796.502063154,1932796.5020631538,138818.49036983738,115962.56306719067,0.0,0.0,0.8353538693458312,13.923192053982413
iterative_q_direct,1,9000058,720,8928,386,12,3.7980461651459336,1782719.5562927758,151346.59117738795,1934066.1474701636,1934066.1474701636,131799.9311727588,117696.71993286,1516.0885372045072,1516.0885372045072,0.8929953064890997,14.674257643845477
iterative_q_direct,1,9000059,720,8928,402,11,3.820297968108207,1589003.3241302215,195691.66945354943,1784694.993583771,1784694.993583771,129570.19979024788,113565.93054133875,0.0,0.0,0.8764818663950714,13.773961886860471
iterative_q_direct,1,9000060,720,8928,369,8,3.0791031667031348,1765692.8282878916,256408.4901919131,2022101.3184798048,2022101.3184798048,132046.44942872762,108772.4495151563,2334.5024324649735,2334.5024324649735,0.8237438415477161,15.31356069949642
iterative_q_direct,2,9000031,720,8928,498,11,4.886485556140542,1538395.2302121636,247007.01908142047,1785402.2492935841,1785402.2492935844,121839.28080369442,106153.68072168593,0.0,0.0,0.871259909131597,14.653749082532725
iterative_q_direct,2,9000032,720,8928,330,10,2.935959958937019,1655692.1200815695,229467.80457299325,1885159.9246545627,1885159.9246545625,133447.3440508756,113686.86153776511,0.0,0.0,0.8519229988902816,14.126620039255801
iterative_q_direct,2,9000033,720,8928,431,10,3.8235496948473155,1657966.3191451046,213319.8344713518,1871286.1536164563,1871286.153616456,128937.75836996875,110747.21323176604,497.3764743555271,497.3764743555271,0.8589199520127572,14.513096685356233
iterative_q_direct,2,9000034,720,8928,424,11,3.683346733916551,1600215.0767974013,148765.31708544117,1748980.3938828425,1748980.3938828425,119085.63231910756,101549.31726862071,769.6057528252315,769.6057528252315,0.8527419747539677,14.686745662114728
iterative_q_direct,2,9000035,720,8928,497,10,4.197856297250837,1371519.2952192142,231034.77841361956,1602554.0736328338,1602554.0736328338,112151.45201469958,95784.53282806926,0.0,0.0,0.8540641347694267,14.289195947483485
iterative_q_direct,2,9000036,720,8928,442,11,4.178736260626465,1732982.6593155318,196672.36873371023,1929655.028049242,1929655.0280492418,122364.081108585,103906.86406997738,2460.1246888683077,2460.1246888683077,0.8491614788311219,15.769783179566232
iterative_q_direct,2,9000037,720,8928,450,9,3.288946023210883,1602390.300735963,147461.4993244519,1749851.800060415,1749851.800060415,120299.47887454001,113172.82567577958,0.0,0.0,0.9407590684063328,14.54579700952263
iterative_q_direct,2,9000038,720,8928,330,11,3.3467794242314994,1958926.728198288,269038.8780666057,2227965.606264894,2227965.606264894,133790.67117978266,106538.36135722602,4932.188021487861,4932.188021487861,0.7963063524366654,16.65262298647894
iterative_q_direct,2,9000039,720,8928,428,11,4.2307801162824035,1608375.3908655655,216880.58642971734,1825255.9772952828,1825255.9772952828,127801.99857145117,115584.97870043329,0.0,0.0,0.9044066602433637,14.281904803506057
iterative_q_direct,2,9000040,720,8928,422,10,3.8986340491101146,1583425.911218481,173596.51116612676,1757022.4223846076,1757022.4223846074,124349.39446956229,108761.80461082925,44.388143017582244,44.388143017582244,0.8746468374435993,14.129722383285783
iterative_q_direct,2,9000041,720,8928,428,11,4.142736971378326,1818939.3667249,261464.15651860292,2080403.523243503,2080403.5232435032,122563.14833151178,101966.99353959953,3423.265068317453,3423.265068317453,0.8319547508994851,16.974135795013822
iterative_q_direct,2,9000042,720,8928,406,11,3.9495019437745214,2075082.136583995,190044.95589492304,2265127.092478918,2265127.092478918,138847.32357664805,118595.59192076816,5020.305253696858,5020.305253696858,0.8541438816809436,16.313797300014194
iterative_q_direct,2,9000043,720,8928,461,10,3.6485199788585305,1573757.036366526,281811.0878460234,1855568.1242125495,1855568.1242125495,132215.3273900092,112976.19095281567,0.0,0.0,0.8544863381804301,14.034440339424407
iterative_q_direct,2,9000044,720,8928,429,12,3.4955940670333803,1657693.0538410207,240806.56030508035,1898499.614146101,1898499.614146101,133798.29071006746,121709.3224305801,226.11275009958342,226.11275009958342,0.9096478122752449,14.189266574862538
iterative_q_direct,2,9000045,720,8928,441,11,3.965072058606893,1713093.3016136356,219781.18300543394,1932874.4846190696,1932874.4846190698,127713.52070975435,106982.79195102442,2556.718258229188,2556.718258229188,0.837677885289505,15.134454628431858
iterative_q_direct,2,9000046,720,8928,460,11,3.85501681920141,1619265.026884229,176006.17848101474,1795271.2053652436,1795271.2053652436,127596.26918280081,120772.20295680156,0.0,0.0,0.9465182934445932,14.069934935113565
iterative_q_direct,2,9000047,720,8928,427,12,4.220966220833361,1563893.3781161532,203875.36248395857,1767768.7406001117,1767768.7406001117,121866.25958169623,111243.3427372613,0.0,0.0,0.912831353970345,14.505809455939211
iterative_q_direct,2,9000048,720,8928,380,10,3.6101502529345453,1978487.0192483957,209353.83730043194,2187840.8565488276,2187840.8565488276,131662.38148080566,113311.84100431924,4031.279175469742,4031.279175469742,0.8606242704248697,16.617053648446888
iterative_q_direct,2,9000049,720,8928,454,11,4.1843233103863895,1551459.81319643,138338.32158634096,1689798.1347827709,1689798.1347827709,125530.02864371562,112404.10735165753,0.0,0.0,0.8954360049633016,13.461306055930441
iterative_q_direct,2,9000050,720,8928,505,11,4.742934310808778,1575639.5554046188,240638.91749237783,1816278.4728969967,1816278.472896997,129284.98392580278,111385.00945786423,0.0,0.0,0.8615463766603287,14.04864213727533
iterative_q_direct,2,9000051,720,8928,453,12,5.11457096086815,1548347.4114165383,250283.82622114377,1798631.2376376821,1798631.2376376821,126255.53709801471,110530.07052812628,0.0,0.0,0.8754473116083579,14.245959258336278
iterative_q_direct,2,9000052,720,8928,498,12,4.1957606533542275,1610615.575449489,167445.81805575927,1778061.3935052482,1778061.393505248,131114.0303947276,121940.66981005305,0.0,0.0,0.9300352482716188,13.561183255157934
iterative_q_direct,2,9000053,720,8928,468,10,4.5698643531650305,2012085.052162067,206970.15356315218,2219055.205725219,2219055.205725219,127062.03528555942,104473.42191682883,5846.651083301742,5846.651083301743,0.8222237404118004,17.464344882703248
iterative_q_direct,2,9000054,720,8928,418,10,4.264205561950803,2018161.4682325816,239337.75081132413,2257499.219043906,2257499.219043906,125438.49962236239,105228.79617124166,6011.194056521346,6011.194056521345,0.8388875543635897,17.99686081896864
iterative_q_direct,2,9000055,720,8928,363,11,3.531289958860725,1942068.2474847212,310181.4371550596,2252249.684639781,2252249.684639781,123383.04270529884,94664.5966386771,5453.437859122952,5453.437859122952,0.7672415476475489,18.254126622726375
iterative_q_direct,2,9000056,720,8928,352,11,3.6292190751992166,1863386.38183801,251164.858439791,2114551.2402778007,2114551.2402778007,126597.58637664591,106482.39780640669,2863.3210428175976,2863.3210428175976,0.8411092253339361,16.702934872602615
iterative_q_direct,2,9000057,720,8928,415,11,3.249734323937446,1935216.1266942516,207664.3658271393,2142880.492521391,2142880.492521391,138818.49036983738,119619.07241401721,3560.7026802430496,3560.70268024305,0.8616940876919964,15.4365638670495
iterative_q_direct,2,9000058,720,8928,446,10,4.145314454101026,1592309.2792613194,200658.83109922052,1792968.11036054,1792968.11036054,131799.9311727588,116115.12624710529,0.0,0.0,0.8809953481303839,13.603710520989416
iterative_q_direct,2,9000059,720,8928,501,11,4.405430535785854,1601901.0869234481,171169.98666175408,1773071.0735852022,1773071.0735852022,129570.19979024788,120498.60232515141,0.0,0.0,0.9299870071993264,13.684250517908461
iterative_q_direct,2,9000060,720,8928,334,10,2.922657810151577,1901844.2432543025,321134.6464281383,2222978.889682441,2222978.889682441,132046.44942872762,102826.75510650949,4921.590811306629,4921.590811306629,0.7787165467255557,16.834825164172997
iterative_q_direct,0,9000031,8760,8928,5756,12,316.31216724589467,29955759.91376186,268049.65514073236,30223809.568902593,2484148.7316906243,1569787.9989018934,1404027.2540837887,144170.38069061478,11849.62033073546,0.8944056490850621,19.25343396053793
iterative_q_direct,0,9000032,8760,8928,5689,12,261.3244533939287,28550118.33566392,200912.56041777763,28751030.896081697,2363098.429814934,1587320.758303226,1443165.6463946877,122175.38117894894,10041.812151694434,0.9091833763563745,18.11293070142625
iterative_q_direct,0,9000033,8760,8928,5776,12,301.0546225961298,28276670.883146774,207045.1456910982,28483716.02883787,2341127.3448359896,1611713.8568818646,1479228.784448472,113782.0485223042,9351.949193614044,0.917798639089877,17.672936115312975
iterative_q_direct,0,9000034,8760,8928,6023,12,292.1252622259781,28394925.350483797,178450.43729362928,28573375.787777428,2348496.6400912954,1591021.0156239818,1453331.8345884192,119068.30869220164,9786.436330865889,0.9134586031966634,17.95914416414622
iterative_q_direct,0,9000035,8760,8928,5841,12,302.99106806423515,26602602.91539717,229105.05765063828,26831707.973047808,2205345.8607984497,1588969.2418607417,1475967.302787639,93004.55442332134,7644.209952601755,0.9288834949751618,16.886234966780655
iterative_q_direct,0,9000036,8760,8928,5651,12,324.98567896988243,29135818.6207498,230216.56339642845,29366035.18414623,2413646.727464074,1603817.1227270185,1457401.147031917,127387.97114856669,10470.244203991782,0.9087078111211669,18.310089578177266
iterative_q_direct,0,9000037,8760,8928,5742,11,227.87670581880957,30474606.351453833,271618.7741108432,30746225.125564676,2527086.996621754,1622585.343824184,1464105.4426104524,142148.99960065776,11683.479419232144,0.9023287731416217,18.948910910966664
iterative_q_direct,0,9000038,8760,8928,5514,12,307.0824793409556,29308488.901658043,193448.43770521175,29501937.339363255,2424816.767618898,1591884.2620774736,1447055.5390411348,129531.86722873036,10646.454840717563,0.9090205698451146,18.532714998301465
iterative_q_direct,0,9000039,8760,8928,5682,12,323.9160817679949,27094670.222577535,241838.9333117414,27336509.155889276,2246836.3689772007,1589645.7676406705,1472568.6388030685,99011.3763630985,8137.921344912205,0.926350177366014,17.196604245021035
iterative_q_direct,0,9000040,8760,8928,5582,12,295.0359996580519,28950885.135492172,222844.80182212463,29173729.937314298,2397840.816765559,1570525.792653128,1423766.8408867784,127641.91995415698,10491.116708560847,0.906554255617524,18.57577256851694
iterative_q_direct,0,9000041,8760,8928,5878,12,318.3834868678823,26081646.94681657,163216.40335693455,26244863.350173507,2157112.0561786443,1553082.0503525338,1450039.769526769,90493.87988460508,7437.853141200418,0.9336530347495966,16.89856845890157
iterative_q_direct,0,9000042,8760,8928,5869,12,293.4075233177282,30124237.810194213,219744.38167213442,30343982.191866346,2494025.933578056,1611198.686804746,1449215.7545381405,141140.98013865488,11600.628504546976,0.8994643344776785,18.83317212233031
iterative_q_direct,0,9000043,8760,8928,5947,12,260.58004200970754,30631415.753235497,244215.92364974428,30875631.67688524,2537723.1515248143,1582146.5991907665,1410614.3909521303,152017.76851581063,12494.611110888545,0.891582607878201,19.515025783753195
iterative_q_direct,0,9000044,8760,8928,5944,12,243.64288765890524,28576472.407861438,205308.19743916558,28781780.6053006,2365625.803175392,1586694.8664958721,1457837.2376133853,121472.01380552005,9984.001134700278,0.9187886520569253,18.139455299848276
iterative_q_direct,0,9000045,8760,8928,5716,12,288.3949887631461,29318522.154752642,258379.82969574397,29576901.984448384,2430978.2452971274,1589822.8039933285,1430789.675405164,133033.62785822706,10934.270782867978,0.8999680164426477,18.60389844085574
iterative_q_direct,0,9000046,8760,8928,5817,12,260.51844078302383,29069818.050973933,288518.87875200744,29358336.92972594,2413013.99422405,1585781.4742947912,1436596.0041669845,128290.59133505798,10544.432164525313,0.9059230590430811,18.51348209423484
iterative_q_direct,0,9000047,8760,8928,5819,12,321.0554981790483,27664878.68584232,242671.05916508913,27907549.74500741,2293771.2119184174,1594467.8944917,1475401.5995909323,107389.33395739122,8826.520599237636,0.9253253732407545,17.50273545263453
iterative_q_direct,0,9000048,8760,8928,5958,11,293.11311580985785,28186105.816836,221298.55388088382,28407404.370716885,2334855.153757552,1582400.7805992449,1450689.9611753542,116913.60237439885,9609.33718145744,0.9167651956200296,17.95209198516648
iterative_q_direct,0,9000049,8760,8928,5860,12,316.22302918415517,26408389.309372373,220583.4445929652,26628972.753965337,2188682.69210674,1589194.9178221277,1473257.011821135,92067.71790356796,7567.209690704215,0.9270461384561455,16.756265990617656
iterative_q_direct,0,9000050,8760,8928,5646,12,331.1187896099873,27618968.07799957,206979.46367630828,27825947.541675877,2287064.181507606,1591981.4895955909,1469696.557221263,105828.5863263276,8698.239972026926,0.9231869634329782,17.478813493456176
iterative_q_direct,0,9000051,8760,8928,5472,12,337.9801535047591,27027650.368974164,191219.13638480724,27218869.50535897,2237167.356604847,1565639.0249619347,1449997.9914571699,101537.39833960726,8345.53958955676,0.926138125288761,17.385150134476714
iterative_q_direct,0,9000052,8760,8928,5796,12,276.34176967991516,29405925.89955436,212907.2329832204,29618833.13253758,2434424.641030486,1608256.3061584474,1463037.8141065522,130666.14967256469,10739.683534731343,0.9097043851183332,18.416736821810726
iterative_q_direct,0,9000053,8760,8928,5386,12,353.885111046955,26546075.14080168,209682.274172301,26755757.41497398,2199103.3491759435,1606692.838436188,1499555.5920973113,88527.97829259616,7276.272188432561,0.9333181528068833,16.652689782955438
iterative_q_direct,0,9000054,8760,8928,5306,12,354.4174025626853,27017164.00347524,226223.25722939396,27243387.260704637,2239182.514578463,1576605.2179657847,1461694.8170293875,100412.75064798386,8253.102792984975,0.9271152983467476,17.27977742954284
iterative_q_direct,0,9000055,8760,8928,5758,12,329.0060211829841,27947046.28240543,205592.4165829848,28152638.69898841,2313915.509505897,1595233.9319738874,1469451.9747448012,110969.02801736798,9120.742028824765,0.9211514031215171,17.647968824329926
iterative_q_direct,0,9000056,8760,8928,5621,12,328.3577852821909,24402184.59367559,236080.9722155291,24638265.56589112,2025062.9232239278,1553165.4781309643,1474759.364950617,63642.92200869376,5230.925096604967,0.9495185063766038,15.863258559892868
iterative_q_direct,0,9000057,8760,8928,5587,12,256.8651894121431,30234642.901347026,231091.59972426243,30465734.50107129,2504032.972690791,1598955.6506583071,1444578.0696283719,142140.00367031404,11682.740027697044,0.9034509925485573,19.053520645508975
iterative_q_direct,0,9000058,8760,8928,5945,12,304.4085853630677,27611198.43133334,194884.17943102465,27806082.610764366,2285431.4474600847,1599025.7521571955,1475833.8957902507,107616.54155204786,8845.195196058728,0.9229581786279861,17.389390116608222
iterative_q_direct,0,9000059,8760,8928,5995,12,304.48695188527927,28494579.03926709,222057.76020097494,28716636.799468063,2360271.517764498,1605845.1208933052,1478292.0164444926,117531.0077929223,9660.082832294984,0.9205694853200682,17.882569387198107
iterative_q_direct,0,9000060,8760,8928,5494,11,263.2255502208136,30959345.548721798,191093.63764396615,31150439.186365765,2560310.0701122545,1569635.3788395326,1396092.3858479434,154116.71559686348,12667.127309331245,0.8894373844198813,19.845653077338252
iterative_q_direct,1,9000031,8760,8928,5707,12,311.5329620609991,29989876.289960057,283950.3504929449,30273826.640453,2488259.7238728493,1569787.9989018934,1405199.7521077702,144867.88179129345,11906.949188325489,0.8951525639708949,19.28529627034371
iterative_q_direct,1,9000032,8760,8928,5826,12,257.22178983176127,28418112.593430076,223666.07754400768,28641778.670974083,2354118.7948745824,1587320.758303226,1450394.3206728399,119453.45866985625,9818.092493412843,0.913737386149505,18.044102630895377
iterative_q_direct,1,9000033,8760,8928,5740,12,294.4750299002044,30164019.17343825,239994.11005094968,30404013.2834892,2498959.995903222,1611713.8568818646,1451382.859730422,139704.28744304657,11482.54417340109,0.9005214253964222,18.864399008339454
iterative_q_direct,1,9000034,8760,8928,5612,12,290.5828173281625,27991878.452959493,195641.7118436518,28187520.164803144,2316782.4792988887,1591021.0156239818,1463559.5440710965,111968.0485018798,9202.853301524368,0.9198869969024914,17.71662340597575
iterative_q_direct,1,9000035,8760,8928,5522,12,293.94868504535407,28287077.760205865,176607.5499761212,28463685.310181987,2339480.9843985196,1588969.2418607417,1461828.0782479995,113557.20506359922,9333.468909336923,0.9199851323340562,17.91330162996104
iterative_q_direct,1,9000036,8760,8928,5462,12,319.38734403206035,29634968.380355,209993.2355504838,29844961.615905486,2453010.5437730537,1603817.1227270185,1453013.9203600418,132173.64506737303,10863.58726581148,0.9059723205158444,18.608706187872095
iterative_q_direct,1,9000037,8760,8928,5554,12,234.77089256513864,30216895.362537116,162655.32521240873,30379550.687749524,2496949.371595851,1622585.343824184,1474698.578435314,138060.3236708542,11347.42386335788,0.9088573270110256,18.72292930746533
iterative_q_direct,1,9000038,8760,8928,5826,12,308.2411819277331,29182288.308380906,153927.52281319117,29336215.831194095,2411195.8217419805,1591884.2620774736,1450112.649211642,129241.28079327846,10622.571024105078,0.9109410047933926,18.42861100524302
iterative_q_direct,1,9000039,8760,8928,5807,12,327.50332156708464,26784674.24551536,211673.28169198727,26996347.52720735,2218877.8789485493,1589645.7676406705,1480287.1426577745,94302.46919485883,7750.887879029493,0.9312056640485354,16.982618440380552
iterative_q_direct,1,9000040,8760,8928,5615,12,299.28129396913573,28293561.95672054,203826.1841505889,28497388.140871126,2342251.0800715997,1570525.792653128,1436526.028536068,118268.04965699514,9720.661615643436,0.914678405955568,18.145125838863038
iterative_q_direct,1,9000041,8760,8928,5979,11,322.65790234832093,26294817.854412533,237122.74405898742,26531940.598471522,2180707.4464497142,1553082.0503525338,1446402.6020266318,94034.10810292196,7728.830802979886,0.9313111317578573,17.083412040238983
iterative_q_direct,1,9000042,8760,8928,5899,12,297.51274979067966,27892520.974953216,229169.40192674816,28121690.376879964,2311371.811798353,1611198.686804746,1480430.660951673,109154.79298928511,8971.626821037133,0.9188380508722943,17.453893555890108
iterative_q_direct,1,9000043,8760,8928,5831,12,265.1570817027241,28457289.98807861,297216.7854139062,28754506.773492515,2363384.1183692478,1582146.5991907665,1443289.9821852236,120348.21480744354,9891.634093762483,0.9122353029254274,18.17436310149756
iterative_q_direct,1,9000044,8760,8928,5962,12,245.5740206562914,27579596.97837062,144989.77646060236,27724586.754831225,2278733.1579313334,1586694.8664958721,1470407.1595859947,105490.27358381377,8670.433445244968,0.9267107309884398,17.47316849651089
iterative_q_direct,1,9000045,8760,8928,5819,12,291.11488477606326,29069337.353923507,142042.55703576267,29211379.91095927,2400935.335147337,1589822.8039933285,1447779.886781425,127583.18389707712,10486.289087430996,0.9106548749614617,18.37398472181045
iterative_q_direct,1,9000046,8760,8928,5939,12,268.2385116419755,27861049.27233486,165390.27676562592,28026439.549100485,2303542.976638396,1585781.4742947912,1463571.5437619034,110897.9392236197,9114.899114270112,0.922933939818388,17.673582396694382
iterative_q_direct,1,9000047,8760,8928,5933,12,311.6160785355605,28959962.61242324,164287.90791570593,29124250.52033895,2393774.0153703247,1594467.8944917,1456702.8909307371,125178.61486771623,10288.653276798594,0.9135981326203618,18.265811824090356
iterative_q_direct,1,9000048,8760,8928,5782,12,290.739895215258,27869228.1744266,221049.081376068,28090277.25580267,2308789.911435836,1582400.7805992449,1455330.9312335402,110615.46978546874,9091.682448120719,0.9196980620057681,17.75168313880954
iterative_q_direct,1,9000049,8760,8928,5927,12,305.45390753727406,29944966.95417657,275977.89486651856,30220944.84904309,2483913.2752638157,1589194.9178221277,1423036.303565694,144711.7579442979,11894.117091312155,0.8954447862920796,19.01651239261363
iterative_q_direct,1,9000050,8760,8928,5509,12,320.341624465771,28549379.0004882,133916.73278026297,28683295.733268462,2357531.1561590517,1591981.4895955909,1457224.1966213735,119822.34124246993,9848.411608970131,0.9153524749785568,18.01735505137993
iterative_q_direct,1,9000051,8760,8928,5331,12,326.7161515476182,30975226.62013211,260080.77090198983,31235307.3910341,2567285.538989104,1565639.0249619347,1393633.7599427307,157923.97192164065,12980.05248671019,0.8901373418285955,19.950516621667326
iterative_q_direct,1,9000052,8760,8928,5783,12,273.09613117482513,29869230.146347918,238614.29284504012,30107844.43919296,2474617.3511665445,1608256.3061584474,1456519.421010492,136686.6253126883,11234.517148988078,0.9056513041068678,18.720799864985388
iterative_q_direct,1,9000053,8760,8928,5431,12,349.74905587313697,28880477.144478817,243808.4918180323,29124285.63629685,2393776.90161344,1606692.838436188,1469437.16040714,122414.5285952219,10061.468103716868,0.9145725463227679,18.126853459211183
iterative_q_direct,1,9000054,8760,8928,5201,12,349.7433815728873,27089066.807542466,225442.974865838,27314509.782408305,2245028.2012938336,1576605.2179657847,1465630.8754610696,101746.13764784097,8362.696245028024,0.9296118386263496,17.324888609496586
iterative_q_direct,1,9000055,8760,8928,5748,12,314.4212928977795,30445799.119708598,246256.8536784426,30692055.97338704,2522634.737538661,1595233.9319738874,1439000.1743358176,146526.5947423,12043.281759641095,0.9020621649862026,19.239846494118733
iterative_q_direct,1,9000056,8760,8928,5858,12,307.8305608481169,29726619.678552084,158797.41019368696,29885417.08874577,2456335.651129789,1553165.4781309646,1398278.18007722,142691.89180752076,11728.100696508556,0.9002763709117901,19.241618172397853
iterative_q_direct,1,9000057,8760,8928,5629,12,265.45471520069987,29273183.502809532,173511.3355550664,29446694.838364597,2420276.2880847612,1598955.6506583076,1460133.2300464043,128120.27471456424,10530.433538183363,0.913179317666035,18.41620486862226
iterative_q_direct,1,9000058,8760,8928,5758,12,306.5628945790231,27266431.757227726,202890.17144275378,27469321.92867048,2257752.4872879847,1599025.7521571955,1485815.8859692279,100807.25509484991,8285.527816015061,0.9292007236060834,17.17878645269626
iterative_q_direct,1,9000059,8760,8928,6236,12,306.11162955407053,28841695.552064806,211248.71673793742,29052944.268802743,2387913.227572828,1605845.1208933052,1469135.627062606,123853.46753235867,10179.737057454136,0.9148675721886242,18.091996476373183
iterative_q_direct,1,9000060,8760,8928,5713,12,282.593408272136,27456894.574333243,338055.0426373655,27794949.61697061,2284516.4068742967,1569635.3788395326,1426145.423654941,107763.52078081557,8857.27568061498,0.9085838933557441,17.70790209731387
iterative_q_direct,2,9000031,8760,8928,5601,12,320.93859150027856,28429987.892567456,235470.13361477535,28665458.02618223,2356065.043247855,1569787.9989018934,1429731.9438509452,121020.3995136039,9946.88215180306,0.910780274056802,18.260719311292
iterative_q_direct,2,9000032,8760,8928,5786,12,261.1580350273289,27019067.8568006,184133.1364873537,27203200.993287954,2235879.5336949006,1587320.758303226,1471580.5909433644,98697.40970122672,8112.115865854251,0.9270845752161758,17.137809639916096
iterative_q_direct,2,9000033,8760,8928,5316,12,298.9220327339135,29432623.289759904,229869.9306873364,29662493.220447242,2438013.1414066227,1611713.8568818646,1466215.64145744,126555.81764888954,10401.848025936126,0.9097245365216903,18.404317300984427
iterative_q_direct,2,9000034,8760,8928,5685,11,289.35370183410123,29050425.167092636,148730.9759587389,29199156.143051375,2399930.6418946334,1591021.0156239818,1446135.244390863,125907.68809008528,10348.577103294681,0.9089353504382869,18.35246414491877
iterative_q_direct,2,9000035,8760,8928,5855,11,289.32601197995245,30090813.55918593,267531.7031107513,30358345.26229668,2495206.4599147956,1588969.2418607417,1430775.0490014737,142196.00917546422,11687.34321990117,0.9004422560917436,19.105684655510345
iterative_q_direct,2,9000036,8760,8928,5614,12,318.59517114423215,33260612.926668398,312683.00794582034,33573295.93461422,2759448.980927196,1603817.1227270185,1401454.1147173995,184797.26567133074,15188.816356547732,0.873824137963102,20.93336918459165
iterative_q_direct,2,9000037,8760,8928,5694,12,251.9593622200191,27349238.76155787,273734.62442992366,27622973.385987792,2270381.374190777,1622585.343824184,1510053.7786902352,98420.76289410434,8089.377772118165,0.930646751147937,17.024049607698718
iterative_q_direct,2,9000038,8760,8928,5781,11,312.4900474380702,28599444.510491315,297508.90539605246,28896953.415887367,2375092.0615797834,1591884.2620774736,1449522.2572437131,121199.41495499639,9961.595749725731,0.9105701286047189,18.15267234200536
iterative_q_direct,2,9000039,8760,8928,6005,12,317.423610961996,29944956.22286601,328595.0025021642,30273551.225368176,2488237.0870165625,1589645.7676406705,1421444.1497598626,143680.09358013843,11809.322760011379,0.8941892456138512,19.044212139349604
iterative_q_direct,2,9000040,8760,8928,5736,12,311.88476037606597,26633620.27580641,214549.10670196515,26848169.382508375,2206698.8533568527,1570525.792653128,1456539.3228507256,95726.61377818786,7867.940858481195,0.9274214595292687,17.095019711298786
iterative_q_direct,2,9000041,8760,8928,5819,12,314.177734979894,27519772.004270792,189823.99054414837,27709595.99481494,2277501.040669721,1553082.0503525338,1426879.4187405643,111307.83720291326,9148.589359143554,0.9187405252778996,17.841681956549007
iterative_q_direct,2,9000042,8760,8928,5925,12,290.64688079897314,30402499.03308034,227303.607332295,30629802.640412636,2517518.025239395,1611198.686804746,1447565.292758976,145427.8610447035,11952.974880386588,0.8984399656070475,19.010568275199027
iterative_q_direct,2,9000043,8760,8928,5878,12,253.9950051610358,29373590.441289507,262439.12395530054,29636029.56524481,2435838.046458477,1582146.5991907665,1429981.5249104602,132728.1184561998,10909.160421057517,0.9038236568228663,18.731531945524512
iterative_q_direct,2,9000044,8760,8928,5736,12,237.62341111013666,28788244.903896794,191634.61232723112,28979879.516224027,2381907.9054430705,1586694.8664958721,1453076.9857718693,123921.93603871998,10185.36460592219,0.9157885466541588,18.264305335672063
iterative_q_direct,2,9000045,8760,8928,5822,12,285.4601334990002,29905867.26763049,179530.94409918675,30085398.21172968,2472772.4557586038,1589822.8039933285,1431389.3654263068,140987.3363880802,11588.000251075086,0.9003452220152665,18.92374303360158
iterative_q_direct,2,9000046,8760,8928,5995,12,265.33140468085185,27378066.78604798,203840.34809889802,27581907.134146877,2267006.065820291,1585781.4742947912,1467331.1519313115,105063.54065896661,8635.359506216435,0.925304763434599,17.393258517169116
iterative_q_direct,2,9000047,8760,8928,6137,12,311.7057165210135,29027081.970167954,238226.9261795524,29265308.896347504,2405367.854494315,1594467.8944917,1452660.2136909699,130185.05933535387,10700.14186317977,0.9110626928954647,18.35427919085005
iterative_q_direct,2,9000048,8760,8928,5790,11,287.42758279899135,29899969.840653487,257654.7482117509,30157624.58886524,2478708.870317691,1582400.7805992449,1425780.7016051973,140504.59733595932,11548.323068708984,0.9010237602797841,19.058145672453943
iterative_q_direct,2,9000049,8760,8928,5845,12,301.8732477640733,29507071.941723492,187374.4175726743,29694446.359296165,2440639.4267914654,1589194.9178221277,1436207.3254200318,135013.38040920201,11096.990170619345,0.9037326443179456,18.685213516785073
iterative_q_direct,2,9000050,8760,8928,5553,12,321.7036652560346,28312779.704309624,205529.87779571064,28518309.582105335,2343970.650584,1591981.4895955909,1458227.8845702254,117394.20317654496,9648.83861725027,0.9159829395633596,17.913719329330775
iterative_q_direct,2,9000051,8760,8928,5608,12,345.16050946200266,26355831.305309955,217084.65613342894,26572915.961443383,2184075.2845021957,1565639.0249619347,1459389.8364551256,92129.950539673,7572.3247018909315,0.9321368547840123,16.972568732495315
iterative_q_direct,2,9000052,8760,8928,5803,12,275.09070640429854,30659345.87023855,226444.58140570828,30885790.451644257,2538558.1193132265,1608256.3061584474,1442209.5792900021,149248.89895424628,12267.032790759968,0.8967535670573107,19.20452003413525
iterative_q_direct,2,9000053,8760,8928,5351,12,332.1417228160426,32102790.197195165,207144.28501522978,32309934.482210394,2655611.053332361,1606692.838436188,1419718.9042207217,167134.48316034698,13737.080807699751,0.8836280776620314,20.10959015268781
iterative_q_direct,2,9000054,8760,8928,5338,12,364.8768860618584,26000102.754484046,215229.48469214386,26215332.23917619,2154684.8415761255,1576605.2179657847,1479132.092811791,84380.00938582206,6935.343237190855,0.9381753123462585,16.6277086619062
iterative_q_direct,2,9000055,8760,8928,5783,12,307.1318904669024,32325672.795409214,174750.33331266188,32500423.128721874,2671267.6544154966,1595233.9319738874,1413600.0388024456,171924.21240835314,14130.757184248203,0.8861396504105863,20.373452744016657
iterative_q_direct,2,9000056,8760,8928,5748,12,314.4889467889443,27032609.434486464,177840.45625014202,27210449.890736606,2236475.3334852005,1553165.4781309643,1440342.93105566,103310.44140264441,8491.269156381733,0.9273596093501435,17.51935017476753
iterative_q_direct,2,9000057,8760,8928,5885,12,255.45985552901402,30100045.823438756,233330.67321660716,30333376.496655364,2493154.2326018107,1598955.6506583076,1440569.0196063328,139813.73024960828,11491.539472570545,0.900943699728779,18.970742862171804
iterative_q_direct,2,9000058,8760,8928,5367,12,297.08088233089074,27991678.345197186,183014.41489022752,28174692.76008741,2315728.172061979,1599025.7521571955,1474993.7764107634,108299.19482367003,8901.303684137263,0.9224327841005034,17.619911825733773
iterative_q_direct,2,9000059,8760,8928,5780,12,299.6158428690396,30608042.673909627,225331.09343987686,30833373.767349504,2534249.8986862605,1605845.1208933052,1435442.3118998813,149255.15530700976,12267.547011535049,0.8938859004667701,19.200714543503054
iterative_q_direct,2,9000060,8760,8928,5775,12,275.4489922928624,28163274.107453533,191093.89847230064,28354368.005925834,2330496.000487055,1569635.3788395326,1434221.0950480623,115987.3702300738,9533.208512060859,0.91372882797049,18.06430231388443
iterative_q_receding,0,9000031,2160,8928,1193,36,22.452635931782424,5113189.921177782,236764.20637430254,5349954.127552085,1783318.0425173617,372430.0660718813,348030.90296683926,3465.795107327824,1155.2650357759412,0.9344865913689878,14.3649898730773
iterative_q_receding,0,9000032,2160,8928,1087,34,17.065203609876335,6231011.471290208,246866.09142936894,6477877.562719577,2159292.5209065257,399245.3761569624,362600.7514052286,16769.21421903638,5589.738073012127,0.9082152807767847,16.225303909776063
iterative_q_receding,0,9000033,2160,8928,1101,35,19.967888337094337,5791882.3986008,248600.45870076164,6040482.857301561,2013494.285767187,392631.14943336044,359815.58994174964,9942.310666098274,3314.1035553660913,0.9164214058437041,15.384624643304786
iterative_q_receding,0,9000034,2160,8928,1138,33,19.6726269479841,5524494.9521279605,223676.10046718016,5748171.05259514,1916057.0175317135,386115.2785168188,359075.2300477984,8100.625808268531,2700.208602756177,0.9299689756569874,14.887188807123973
iterative_q_receding,0,9000035,2160,8928,1236,34,20.17610795935616,5381314.728753006,274772.90267933864,5656087.631432345,1885362.5438107818,374399.2913007368,345844.0810119953,7547.557032804739,2515.8523442682463,0.9237305973803128,15.107100261279834
iterative_q_receding,0,9000036,2160,8928,1126,33,21.252992085646838,6182153.743043378,199314.5337970513,6381468.27684043,2127156.0922801434,396325.8342308667,359712.0752255043,15232.117802216264,5077.372600738754,0.9076170265902115,16.10157028805524
iterative_q_receding,0,9000037,2160,8928,1124,31,13.972394149750471,5380199.628479323,212861.53738621192,5593061.165865535,1864353.7219551783,385282.2620700704,367529.78493662406,5323.009487544784,1774.3364958482614,0.9539234507239843,14.516788641695468
iterative_q_receding,0,9000038,2160,8928,1201,35,21.908298925030977,5852769.847682112,188674.99385945252,6041444.841541564,2013814.9471805214,393886.8201610175,372128.5215136157,11250.82829255155,3750.276097517183,0.9447600236065091,15.338022325986623
iterative_q_receding,0,9000039,2160,8928,1177,35,21.827459902968258,5210500.6847016625,177654.15764875797,5388154.842350421,1796051.614116807,386774.6349545641,372131.11030244816,2514.1512764544823,838.0504254848274,0.9621393873105557,13.930993284974305
iterative_q_receding,0,9000040,2160,8928,1142,36,19.97488962067291,5788370.788557364,273766.6828431856,6062137.47140055,2020712.4904668499,387992.79601956235,355583.65328672,10898.433901508575,3632.8113005028586,0.9164697307132261,15.624355744725994
iterative_q_receding,0,9000041,2160,8928,1036,36,22.16588783217594,5906427.626434577,336569.76821368415,6242997.39464826,2080999.13154942,393672.31944489584,356583.18484370766,11826.07445606024,3942.024818686747,0.9057867856864147,15.858360078380167
iterative_q_receding,0,9000042,2160,8928,1106,36,21.839744651690125,5873973.202530599,312113.27701368823,6186086.479544288,2062028.8265147624,411684.1250348045,379584.9502935487,9952.125679680548,3317.375226560183,0.9220296028209927,15.026293469589833
iterative_q_receding,0,9000043,2160,8928,1066,31,17.16938939364627,5948308.376999204,279992.4598495156,6228300.83684872,2076100.2789495734,388251.17855546664,358059.60534684046,13556.546969811885,4518.848989937295,0.9222370082147402,16.04193671741534
iterative_q_receding,0,9000044,2160,8928,1304,34,17.407205551862717,5768966.555895109,161188.46896557955,5930155.0248606885,1976718.3416202297,390195.6022661407,362274.37683142436,10674.912247756476,3558.3040825854923,0.9284430032717998,15.197903283430417
iterative_q_receding,0,9000045,2160,8928,1217,31,20.821225694846362,5567748.490131237,296659.11929690954,5864407.609428146,1954802.5364760486,390482.6775701306,357765.8258489023,8348.461503960849,2782.8205013202833,0.916214332669463,15.018355349130434
iterative_q_receding,0,9000046,2160,8928,1089,35,17.95930809620768,5274287.771357945,250495.44182624322,5524783.213184188,1841594.4043947293,381721.6934856551,367148.0687106527,3308.1397601185035,1102.7132533728345,0.9618213346956398,14.473327839283009
iterative_q_receding,0,9000047,2160,8928,1217,32,21.826586723793298,5209566.052743836,165569.60333281427,5375135.65607665,1791711.8853588833,377318.0752541105,364740.40794214973,3900.282728221222,1300.0942427404075,0.9666656114910738,14.245635204347645
iterative_q_receding,0,9000048,2160,8928,1166,34,20.59976090537384,5934527.301093065,202158.27404829394,6136685.575141359,2045561.8583804532,392705.3888261524,365702.1300125912,11126.612080764726,3708.870693588242,0.9312378704700807,15.626690515973594
iterative_q_receding,0,9000049,2160,8928,1261,35,22.50811547692865,4941102.995876533,256763.17186696973,5197866.167743503,1732622.0559145012,391117.69548405823,365892.1010771115,1465.1921107037977,488.3973702345992,0.9355038273690818,13.289774990391264
iterative_q_receding,0,9000050,2160,8928,1114,35,22.201764899306,5898917.815026367,208567.59713442717,6107485.412160794,2035828.4707202646,390501.10058907396,361540.1037123485,11369.141720842117,3789.7139069473724,0.9258363245761982,15.6401234284554
iterative_q_receding,0,9000051,2160,8928,1104,36,23.767392233014107,5996823.131798252,187186.83855697783,6184009.97035523,2061336.6567850767,384109.6365932407,363828.53307667957,13100.057400037454,4366.685800012485,0.9471997013757867,16.099596003897947
iterative_q_receding,0,9000052,2160,8928,1101,32,18.987217782996595,5486504.650961959,224478.47385601592,5710983.124817975,1903661.0416059915,397928.83196711226,377848.576544253,6437.512343050297,2145.8374476834324,0.9495380736208658,14.351770130820709
iterative_q_receding,0,9000053,2160,8928,1050,34,22.583650605753064,6458037.870508221,270255.86094032903,6728293.73144855,2242764.5771495164,387473.59864409367,347123.7383591704,21292.968639723294,7097.656213241098,0.8958642332635781,17.36452175062563
iterative_q_receding,0,9000054,2160,8928,1159,34,24.09187075542286,5692884.064510024,234180.59466845004,5927064.659178474,1975688.219726158,388748.58741330734,361598.77817241824,9123.459913918374,3041.153304639458,0.9301610086314626,15.24652397740284
iterative_q_receding,0,9000055,2160,8928,1175,35,22.805989558808506,5705159.225391103,205210.60423797727,5910369.82962908,1970123.2765430268,388204.6136448108,364666.068967664,10338.618847696267,3446.2062825654225,0.939365623566021,15.224883017585139
iterative_q_receding,0,9000056,2160,8928,1111,35,23.23311323625967,5162612.967777232,287157.67458107107,5449770.642358303,1816590.2141194344,380720.2034525248,358022.2661026156,3029.491064456613,1009.830354818871,0.9403815790597003,14.31437205837142
iterative_q_receding,0,9000057,2160,8928,1148,35,18.942358509637415,5492946.333697455,226413.61085400492,5719359.9445514595,1906453.3148504863,395531.9613194659,371757.9586287881,6450.185355861602,2150.061785287201,0.9398935989613345,14.459918549874175
iterative_q_receding,0,9000058,2160,8928,1200,35,22.068518272601068,5349333.851313076,218003.93200382736,5567337.783316904,1855779.2611056345,388711.882821524,367601.5274815359,4977.770504762957,1659.2568349209855,0.9456915101572009,14.322530463708855
iterative_q_receding,0,9000059,2160,8928,1105,34,21.239568064920604,6059704.043059183,238628.61437216407,6298332.657431347,2099444.2191437823,402637.8378960648,370218.38716570375,13042.820776602468,4347.606925534156,0.9194823544161549,15.64267454430642
iterative_q_receding,0,9000060,2160,8928,1131,32,19.132997103966773,5810655.452632114,262808.37459972384,6073463.827231838,2024487.942410613,391470.3359329281,360141.8694359407,11422.977086625977,3807.6590288753255,0.9199723104885398,15.514493103948558
iterative_q_receding,1,9000031,2160,8928,1177,33,21.806213228963315,5015129.5150122475,219918.1715636865,5235047.686575934,1745015.8955253116,372430.0660718813,350487.7248859693,2083.3857849760398,694.4619283253467,0.941083324938441,14.056458281661767
iterative_q_receding,1,9000032,2160,8928,988,35,16.327887372113764,5299109.632828729,232894.71767902377,5532004.350507753,1844001.4501692508,399245.3761569624,371188.9900851461,2038.829068908044,679.6096896360147,0.9297264595976535,13.856151331688455
iterative_q_receding,1,9000033,2160,8928,1072,36,19.043893033638597,6121693.101734335,181566.2853776919,6303259.387112026,2101086.4623706755,392631.14943336044,359270.76108850515,14585.178673657601,4861.7262245525335,0.9150337705171877,16.053895357535435
iterative_q_receding,1,9000034,2160,8928,1053,35,18.466370694804937,6171903.933041383,177485.67866239083,6349389.611703773,2116463.203901258,386115.2785168188,354714.261450506,15083.780339293593,5027.926779764531,0.9186745026331689,16.44428481590686
iterative_q_receding,1,9000035,2160,8928,1212,34,18.578844776842743,6288813.014149139,205630.26570713214,6494443.279856271,2164814.426618757,374399.2913007368,337929.5069634969,20344.389065942512,6781.463021980838,0.9025912036036803,17.346302278760458
iterative_q_receding,1,9000036,2160,8928,1166,34,22.471300980076194,5495161.501784721,207367.13031519103,5702528.6320999125,1900842.8773666376,396325.8342308667,371292.0090580609,5428.351818474307,1809.4506061581023,0.9368352425942964,14.388485785102997
iterative_q_receding,1,9000037,2160,8928,1116,34,14.79668808216229,5242339.510952776,180534.25727423222,5422873.768227008,1807624.5894090028,385282.2620700704,374298.396507781,2631.2939117931687,877.0979705977229,0.971491380103318,14.075067300245351
iterative_q_receding,1,9000038,2160,8928,1114,35,21.7206988716498,5948385.170772082,287223.1967925516,6235608.3675646335,2078536.1225215443,393886.8201610175,363446.85094482836,13495.350434083362,4498.450144694454,0.9227189952592333,15.830964755346654
iterative_q_receding,1,9000039,2160,8928,1164,36,22.171625384129584,5516110.998382878,219729.62795378684,5735840.626336664,1911946.8754455547,386774.6349545641,365555.638779542,7681.128118016392,2560.3760393387975,0.9451386046101116,14.829929648852167
iterative_q_receding,1,9000040,2160,8928,1076,34,19.9155799113214,6225257.093110895,245718.53567857624,6470975.628789471,2156991.876263157,387992.79601956235,346982.48721258214,17682.37561851998,5894.125206173327,0.8943013653147506,16.678081900425823
iterative_q_receding,1,9000041,2160,8928,937,34,20.813174618873745,5692338.186872344,328162.7887850096,6020500.975657354,2006833.6585524515,393672.31944489584,361618.63420259795,8422.263648738095,2807.4212162460317,0.918577751954987,15.293178306634973
iterative_q_receding,1,9000042,2160,8928,1064,34,20.712577763944864,6481819.934682334,236474.8488616414,6718294.783543975,2239431.594514658,411684.1250348045,373939.2663412169,17061.29049103105,5687.096830343684,0.9083159723722731,16.319052338916393
iterative_q_receding,1,9000043,2160,8928,1154,33,18.207871838007122,5649219.191920197,145169.13484169648,5794388.326761893,1931462.7755872975,388251.17855546664,367805.1571202089,8292.85993929585,2764.2866464319495,0.9473381600248336,14.92432900866028
iterative_q_receding,1,9000044,2160,8928,1049,34,16.0506337499246,5711583.696038859,228668.22199475084,5940251.91803361,1980083.97267787,390195.6022661408,361350.83497372875,8586.860382202265,2862.286794067422,0.9260761343159939,15.22377977489849
iterative_q_receding,1,9000045,2160,8928,1221,36,20.829266298096627,5859263.066724199,307224.6595316124,6166487.726255812,2055495.908751937,390482.6775701306,353387.32761914056,12694.199892647659,4231.399964215887,0.9050012917811757,15.791962308362095
iterative_q_receding,1,9000046,2160,8928,1233,34,18.775312117300928,5157653.163343816,242808.6610572831,5400461.824401099,1800153.941467033,381721.6934856551,364136.0316621096,3334.3731830867628,1111.4577276955877,0.9539306722052819,14.147641898701902
iterative_q_receding,1,9000047,2160,8928,1209,36,21.57012668484822,5571771.513107078,231776.334731874,5803547.847838952,1934515.9492796508,377318.0752541105,356079.9245139574,9567.772933588572,3189.2576445295244,0.9437128721547465,15.381049116002371
iterative_q_receding,1,9000048,2160,8928,1002,36,19.9134818110615,5824726.099408958,182402.28549024768,6007128.3848992055,2002376.1282997353,392705.3888261524,372930.83815611346,9209.907816643017,3069.969272214339,0.9496453289598401,15.296781138795408
iterative_q_receding,1,9000049,2160,8928,1203,35,21.646289202850312,5657621.056033195,200775.8113198269,5858396.867353022,1952798.9557843406,391117.69548405823,363735.2765284931,9397.043847635186,3132.347949211729,0.9299893119852941,14.97860346129956
iterative_q_receding,1,9000050,2160,8928,1118,36,21.941424914170057,6024704.817488296,195839.68427728635,6220544.501765583,2073514.8339218607,390501.10058907396,358687.5678539118,13663.645400012692,4554.548466670898,0.9185315158211559,15.929646529502332
iterative_q_receding,1,9000051,2160,8928,969,34,23.91278815502301,5934992.103237268,211488.8980663264,6146481.001303594,2048827.0004345311,384109.6365932407,362268.5422422562,11360.966686102993,3786.988895367664,0.9431383847989383,16.001892209261367
iterative_q_receding,1,9000052,2160,8928,1066,36,19.14857909688726,6071356.072673248,191323.41277665112,6262679.485449899,2087559.8284832998,397928.83196711226,376239.21265886986,12649.017610312088,4216.339203437363,0.9454937225809388,15.73818980266173
iterative_q_receding,1,9000053,2160,8928,1072,35,23.631329391151667,5789175.5928653665,286813.10392949067,6075988.696794857,2025329.5655982855,387473.59864409367,356998.2891609634,11768.001468196831,3922.6671560656105,0.9213486813300981,15.681039219334885
iterative_q_receding,1,9000054,2160,8928,1034,35,24.147951567079872,5346100.08264527,274957.88767147803,5621057.970316748,1873685.9901055826,388748.58741330734,365499.7330079068,4242.4579071138905,1414.1526357046303,0.9401956556032885,14.45936564739356
iterative_q_receding,1,9000055,2160,8928,1101,32,22.488514109980315,5672207.888687841,210317.48452104765,5882525.373208888,1960841.7910696291,388204.6136448108,368683.6462270942,9110.881495240434,3036.960498413478,0.9497147464723916,15.15315677981902
iterative_q_receding,1,9000056,2160,8928,1188,36,21.74302315013483,5432639.116561902,207515.83480109164,5640154.951362994,1880051.6504543312,380720.2034525248,361617.0168784942,5869.705417135044,1956.568472378348,0.9498235544087359,14.81443564122888
iterative_q_receding,1,9000057,2160,8928,1047,35,16.5376843130216,5778705.31670254,229557.23154750792,6008262.5482500475,2002754.1827500158,395531.9613194659,362896.860044547,9651.146793699005,3217.0489312330014,0.9174906089357469,15.190333868865919
iterative_q_receding,1,9000058,2160,8928,1306,36,21.414250216912478,5094100.475081864,141679.67562745587,5235780.15070932,1745260.05023644,388711.882821524,372778.6779934909,1523.5384652630696,507.8461550876899,0.9590102450370708,13.469565459909838
iterative_q_receding,1,9000059,2160,8928,1124,35,20.47847208986059,5669953.602468749,244949.3765218285,5914902.978990577,1971634.3263301924,402637.8378960648,374959.9787572338,7238.444357160074,2412.8147857200247,0.9312586733441192,14.690380342538559
iterative_q_receding,1,9000060,2160,8928,1034,35,17.85661125695333,5534465.931327928,208819.94565830127,5743285.876986229,1914428.6256620763,391470.3359329281,362316.4603765219,6957.501155871677,2319.167051957226,0.9255272420912087,14.67106278512568
iterative_q_receding,2,9000031,2160,8928,1065,35,20.91572351101786,6434963.414941765,279114.78656639816,6714078.2015081635,2238026.067169388,372430.0660718813,331829.2426504947,21116.812085728932,7038.937361909644,0.8909840339970018,18.027755579250965
iterative_q_receding,2,9000032,2160,8928,1018,34,16.89853202085942,5724119.539750174,234199.39103928808,5958318.930789461,1986106.3102631539,399245.3761569624,369096.4896496331,8001.264724163605,2667.0882413878685,0.9244853207880952,14.923952252478841
iterative_q_receding,2,9000033,2160,8928,1198,36,20.545945468824357,6327742.5292337425,175304.50922307177,6503047.038456814,2167682.3461522716,392631.14943336044,358297.62003697,17469.686553676358,5823.228851225453,0.9125552584252674,16.562738457817005
iterative_q_receding,2,9000034,2160,8928,1151,33,19.293157980777323,5999781.598559834,186958.5418643698,6186740.140424204,2062246.7134747347,386115.2785168188,359179.1203136527,13637.6625077085,4545.8875025695,0.9302380410673315,16.02303893331876
iterative_q_receding,2,9000035,2160,8928,1087,35,18.87129437411204,6161523.63700851,266010.71146610536,6427534.348474615,2142511.4494915386,374399.2913007368,342123.80557355005,17390.883382594948,5796.961127531649,0.9137939454557851,17.167592187859377
iterative_q_receding,2,9000036,2160,8928,1207,36,22.567863632924855,6317193.766482063,284931.8323257621,6602125.598807825,2200708.5329359416,396325.8342308667,357799.7040925499,18303.452439921683,6101.1508133072275,0.9027917768391686,16.658327639984154
iterative_q_receding,2,9000037,2160,8928,1333,32,15.847831372637302,5158340.795136004,251502.72034557752,5409843.515481581,1803281.1718271938,385282.2620700704,371180.1744619378,2982.19330775479,994.0644359182634,0.9633980356833352,14.041247283005479
iterative_q_receding,2,9000038,2160,8928,1140,35,22.274281448684633,5474000.522762442,314440.03366538335,5788440.556427825,1929480.1854759417,393886.8201610175,365036.71877355967,6367.936476415727,2122.6454921385757,0.9267553522718426,14.695694956387628
iterative_q_receding,2,9000039,2160,8928,1190,34,22.305109173059464,5190666.644900378,251341.02059497286,5442007.665495351,1814002.555165117,386774.6349545641,368358.11476531596,3560.393944106816,1186.7979813689387,0.9523843641106103,14.070228949048442
iterative_q_receding,2,9000040,2160,8928,1140,36,20.480250054970384,5713668.470441739,238910.69334363515,5952579.163785374,1984193.0545951244,387992.79601956235,355985.8355260005,11095.806926550684,3698.602308850228,0.9175063021223,15.341983729732055
iterative_q_receding,2,9000041,2160,8928,1297,35,22.747475699987262,6226405.4130069185,263575.14812298445,6489980.561129903,2163326.853709968,393672.31944489584,355925.42580831086,16862.358859618882,5620.786286539627,0.9041159569212014,16.485742686407843
iterative_q_receding,2,9000042,2160,8928,1111,33,19.77892176574096,7502081.6432512505,231480.34965140812,7733561.992902659,2577853.9976342195,411684.1250348045,362638.48272172065,33564.09675657063,11188.03225219021,0.8808658402629991,18.7851838888586
iterative_q_receding,2,9000043,2160,8928,1165,35,17.283457950223237,6424448.421452668,145160.47906111984,6569608.900513788,2189869.633504596,388251.17855546664,356182.169056413,18675.109487664035,6225.036495888012,0.9174013853135743,16.921027580538908
iterative_q_receding,2,9000044,2160,8928,1213,34,16.574342754203826,5749153.664409002,157751.4390205071,5906905.103429509,1968968.3678098365,390195.6022661407,366002.6871230815,9945.439546940202,3315.1465156467343,0.9379979810060546,15.13831798493871
iterative_q_receding,2,9000045,2160,8928,1127,35,19.96168439788744,5893728.896745128,251694.04030741626,6145422.937052544,2048474.312350848,390482.6775701306,352306.1063587429,11705.737654621555,3901.9125515405185,0.9022323565056706,15.738016793200327
iterative_q_receding,2,9000046,2160,8928,1201,34,19.104622470680624,5320884.134623938,260972.45043623628,5581856.585060175,1860618.861686725,381721.6934856551,361360.36820276297,5076.634374485569,1692.2114581618566,0.9466592398850464,14.62284350174072
iterative_q_receding,2,9000047,2160,8928,1120,33,21.366299855988473,5317658.059115177,225623.94479541373,5543282.003910591,1847760.667970197,377318.0752541105,352884.3472219061,5515.683704472728,1838.5612348242428,0.9352436852760125,14.691270753931905
iterative_q_receding,2,9000048,2160,8928,1040,33,18.8852273770608,7281018.543938573,191303.48008586618,7472322.02402444,2490774.0080081467,392705.3888261524,345656.61920008605,29098.226905482617,9699.408968494206,0.8801932161748498,19.027806178978558
iterative_q_receding,2,9000049,2160,8928,1237,34,21.89008504943922,5547684.832811523,290469.0816233385,5838153.914434861,1946051.3048116204,391117.69548405823,358872.311114483,9629.992553187949,3209.9975177293163,0.9175558029158781,14.926846782550706
iterative_q_receding,2,9000050,2160,8928,997,36,20.150405519641936,6864556.463919502,291165.762335044,7155722.226254546,2385240.7420848487,390501.10058907396,340026.52495180676,25796.032563557455,8598.677521185818,0.8707440886565341,18.324461097446544
iterative_q_receding,2,9000051,2160,8928,1051,35,23.365056083071977,5824575.718346346,197979.08110719852,6022554.799453544,2007518.2664845148,384109.6365932407,365373.9861584239,11178.509379885008,3726.169793295003,0.9512231700277354,15.679259840677283
iterative_q_receding,2,9000052,2160,8928,1276,33,19.845903370995075,5585036.493728201,231480.5161086704,5816517.009836871,1938839.003278957,397928.83196711226,373149.741960417,8609.70737620583,2869.9024587352765,0.9377298450976702,14.616978068876373
iterative_q_receding,2,9000053,2160,8928,1208,34,23.36609906796366,6710302.140946124,213576.01046049074,6923878.151406614,2307959.383802205,387473.59864409367,344043.84162095457,24037.81206525995,8012.604021753317,0.8879155710863526,17.86929012876154
iterative_q_receding,2,9000054,2160,8928,1131,35,24.094852866139263,5673718.038766463,291251.0139869042,5964969.052753367,1988323.017584456,388748.58741330734,359629.16238477814,9432.055613256369,3144.018537752123,0.9250944544331676,15.344027594913337
iterative_q_receding,2,9000055,2160,8928,1028,33,21.68609342398122,5736550.1939459825,250430.374352542,5986980.568298524,1995660.1894328413,388204.6136448108,360420.18483329634,9276.536899317243,3092.1789664390813,0.928428391021298,15.422229303478431
iterative_q_receding,2,9000056,2160,8928,1216,35,22.796043408103287,5299750.642285128,206899.00856157375,5506649.650846702,1835549.8836155673,380720.2034525248,363907.95415216114,3944.257610189454,1314.752536729818,0.955840932138869,14.463770508920136
iterative_q_receding,2,9000057,2160,8928,1206,30,18.470994613599032,5507037.600854093,298850.59043598216,5805888.191290075,1935296.0637633584,395531.9613194659,372182.4060186775,7199.494706198285,2399.8315687327618,0.9409667041245012,14.67868278437488
iterative_q_receding,2,9000058,2160,8928,1234,35,21.8837416972965,5162016.206507789,229239.95409206033,5391256.160599849,1797085.3868666163,388711.882821524,366487.0244419287,3106.9791639390733,1035.6597213130244,0.9428243401815433,13.86954296705982
iterative_q_receding,2,9000059,2160,8928,1135,35,21.564851733855903,5795811.164118879,290010.65218903363,6085821.816307913,2028607.2721026377,402637.8378960648,372838.4498647497,9656.687509786654,3218.8958365955514,0.9259895985259899,15.114878045512654
iterative_q_receding,2,9000060,2160,8928,1177,30,19.54504760634154,5586023.220732914,269811.76670824393,5855834.987441158,1951944.9958137192,391470.3359329281,361422.5196327173,7942.315052228185,2647.4383507427283,0.9232436955188376,14.958566332965923
iterative_q_receding,0,9000031,720,8928,492,12,4.672840510029346,1588258.0301483576,129061.25914391472,1717319.2892922724,1717319.2892922722,121839.28080369442,110998.62566997677,0.0,0.0,0.9110249579428826,14.094955895703217
iterative_q_receding,0,9000032,720,8928,340,10,2.7685641697607934,1818077.3283703108,228719.22149103144,2046796.5498613422,2046796.549861342,133447.3440508756,109571.7543922136,2288.8002851154633,2288.8002851154633,0.8210860633572471,15.337859021615442
iterative_q_receding,0,9000033,720,8928,444,11,4.119416519999504,1676826.9110644588,254834.56530671375,1931661.4763711726,1931661.4763711728,128937.75836996875,110788.8695229537,1541.9493310936623,1541.9493310936623,0.8592430248791872,14.981348371425396
iterative_q_receding,0,9000034,720,8928,385,9,3.517883854918182,1534774.4266873992,188493.2867447995,1723267.7134321986,1723267.7134321989,119085.63231910756,104487.52628219857,0.0,0.0,0.877415052071175,14.470828091288526
iterative_q_receding,0,9000035,720,8928,471,10,4.181436053011566,1385563.2371208293,272619.5965100081,1658182.8336308375,1658182.8336308373,112151.45201469958,97616.76276203428,0.0,0.0,0.8704012387573881,14.785210568771781
iterative_q_receding,0,9000036,720,8928,450,11,5.742795688100159,1561197.5291098978,203253.32063138904,1764450.8497412868,1764450.8497412866,122364.081108585,108789.53504613882,0.0,0.0,0.8890642912571686,14.41967964582291
iterative_q_receding,0,9000037,720,8928,449,10,3.275102124083787,1576776.934733045,188386.11075260176,1765163.045485647,1765163.045485647,120299.47887454001,113536.54094713574,225.09777964920366,225.09777964920366,0.9437824835928232,14.673073083936885
iterative_q_receding,0,9000038,720,8928,414,12,3.894489266909659,2158875.707033561,253166.82782031994,2412042.534853881,2412042.534853881,133790.67117978266,106384.74811619836,7591.816541887224,7591.816541887223,0.7951581913603132,18.028480712326147
iterative_q_receding,0,9000039,720,8928,418,10,4.16664215689525,1624309.8397145625,266803.2439746247,1891113.0836891872,1891113.0836891872,127801.99857145117,109738.53595843476,420.5202613675219,420.5202613675219,0.8586605623157173,14.797210566561752
iterative_q_receding,0,9000040,720,8928,390,11,3.7103875260800123,1551172.0709627836,229236.2842956428,1780408.3552584264,1780408.3552584264,124349.39446956229,105837.86266804695,0.0,0.0,0.8511329156005941,14.317788702173592
iterative_q_receding,0,9000041,720,8928,344,12,3.226644157897681,1693767.6354460088,269796.33363190136,1963563.96907791,1963563.96907791,122563.14833151178,103892.18946326585,1296.0327749024184,1296.0327749024184,0.8476625386796995,16.020834939445376
iterative_q_receding,0,9000042,720,8928,367,11,3.27470131078735,2179767.0386180896,203205.62236071244,2382972.660978802,2382972.660978802,138847.32357664805,113203.0421867217,6571.06465681019,6571.064656810189,0.815305900543557,17.162539396471168
iterative_q_receding,0,9000043,720,8928,450,10,3.1980728250928223,1732074.4229028965,285400.398544585,2017474.8214474814,2017474.8214474814,132215.3273900092,110023.65747556424,2118.8894445657434,2118.8894445657434,0.8321550885777116,15.259008628374287
iterative_q_receding,0,9000044,720,8928,392,11,2.730403421446681,1963356.6301774974,202564.18453693902,2165920.8147144364,2165920.8147144364,133798.29071006746,109241.0551765403,3909.0572161697096,3909.0572161697096,0.816460767897692,16.18795578941925
iterative_q_receding,0,9000045,720,8928,391,12,3.399341289885342,1549218.802385439,288740.9204919526,1837959.7228773916,1837959.7228773916,127713.52070975435,109826.49057159899,0.0,0.0,0.8599441152451981,14.391269715713147
iterative_q_receding,0,9000046,720,8928,430,12,3.4066917011514306,1672085.4467113598,201473.6119310069,1873559.0586423667,1873559.0586423664,127596.26918280081,113023.97997713945,483.874792153688,483.874792153688,0.8857937673335544,14.68349404447094
iterative_q_receding,0,9000047,720,8928,500,11,4.516404587775469,1558683.121639362,197971.3172520211,1756654.4388913831,1756654.4388913831,121866.25958169623,111252.68740440652,53.42064401301056,53.42064401301056,0.9129080336614859,14.414608644928204
iterative_q_receding,0,9000048,720,8928,350,11,3.4419376528821886,2029906.8217071053,217719.983872941,2247626.805580046,2247626.805580046,131662.38148080566,117941.18948625306,4633.440398422369,4633.440398422369,0.8957850234802798,17.071138925948375
iterative_q_receding,0,9000049,720,8928,450,11,3.814893234986812,1459531.0159219566,200792.17885829712,1660323.1947802538,1660323.1947802538,125530.02864371562,108998.85053137713,0.0,0.0,0.8683089752233074,13.226502158241754
iterative_q_receding,0,9000050,720,8928,425,12,4.1842660889960825,1672499.053395181,178236.0394993173,1850735.0928944983,1850735.0928944983,129284.98392580278,118692.24155844872,0.0,0.0,0.9180667232519959,14.315158935678433
iterative_q_receding,0,9000051,720,8928,373,12,6.375407335814089,2035038.974020734,229614.4927046779,2264653.466725412,2264653.466725412,126255.53709801471,105914.28071262162,6116.711917933386,6116.711917933386,0.8388882036151669,17.93706255407488
iterative_q_receding,0,9000052,720,8928,428,12,3.827853864058852,1623895.6884050225,170356.16510170407,1794251.8535067267,1794251.8535067267,131114.0303947276,123655.49821978233,0.0,0.0,0.9431141567954943,13.684667065035
iterative_q_receding,0,9000053,720,8928,497,12,4.916622703894973,1576820.1350633963,192672.6404631179,1769492.7755265143,1769492.7755265143,127062.03528555942,112391.16967345751,0.0,0.0,0.8845377725995763,13.926211488347038
iterative_q_receding,0,9000054,720,8928,399,11,4.205638263374567,2073101.493681246,264489.8398768407,2337591.333558087,2337591.333558087,125438.49962236239,102773.6322434629,6554.965155001741,6554.96515500174,0.8193149037406141,18.63535788928837
iterative_q_receding,0,9000055,720,8928,357,11,3.635170899797231,1619381.5956523875,268195.0992389646,1887576.6948913522,1887576.6948913522,123383.04270529884,107306.04044608434,651.6504986002923,651.6504986002923,0.8696984455342497,15.298509856008664
iterative_q_receding,0,9000056,720,8928,412,12,4.163907914888114,1597478.359228808,274384.5355547942,1871862.894783602,1871862.894783602,126597.58637664591,111615.60714583287,0.0,0.0,0.8816566756159196,14.78592877130013
iterative_q_receding,0,9000057,720,8928,390,11,3.2837102408520877,1757870.3487199717,225285.2828317436,1983155.6315517153,1983155.6315517153,138818.49036983738,118064.86091010888,1061.2037896194436,1061.2037896194436,0.8504980899559049,14.285961663091369
iterative_q_receding,0,9000058,720,8928,430,12,4.090583635028452,1702375.5264803532,160640.61140011554,1863016.1378804687,1863016.1378804687,131799.9311727588,119388.12560360291,976.8380030092618,976.8380030092618,0.9058284366409347,14.135182934492518
iterative_q_receding,0,9000059,720,8928,403,9,3.9137146500870585,1607455.3375035147,152331.2560823232,1759786.5935858379,1759786.5935858379,129570.19979024788,114037.88283618346,0.0,0.0,0.8801243111517263,13.581723239098444
iterative_q_receding,0,9000060,720,8928,343,11,3.0632930919528008,1737736.8532696124,346863.0886827187,2084599.941952331,2084599.9419523308,132046.44942872762,103777.19719042041,2580.8245925488372,2580.8245925488372,0.7859143327169459,15.786868567620962
iterative_q_receding,1,9000031,720,8928,509,11,4.101759448181838,1564826.8979955127,172419.11130049286,1737246.0092960056,1737246.0092960056,121839.28080369442,113653.6807216859,0.0,0.0,0.9328164116858418,14.258505121144221
iterative_q_receding,1,9000032,720,8928,353,11,2.4653878821991384,1847111.302013242,189744.46352696992,2036855.765540212,2036855.7655402122,133447.3440508756,115011.19728694718,2700.150830365071,2700.150830365071,0.8618470311638439,15.263366836013454
iterative_q_receding,1,9000033,720,8928,435,11,3.400978760793805,1663835.0057194824,126949.68316790547,1790784.688887388,1790784.6888873877,128937.75836996875,115036.8079545401,0.0,0.0,0.8921886762173898,13.888753081537088
iterative_q_receding,1,9000034,720,8928,405,11,3.0889937840402126,1569914.4266335922,210915.64155464483,1780830.068188237,1780830.0681882373,119085.63231910756,98351.64288018183,73.27836699195565,73.27836699195565,0.8258900840080695,14.954197525829477
iterative_q_receding,1,9000035,720,8928,505,10,3.5925817182287574,1404331.7346426235,207770.55899223324,1612102.2936348566,1612102.2936348568,112151.45201469958,104329.25425075894,0.0,0.0,0.9302532635697361,14.374332785486896
iterative_q_receding,1,9000036,720,8928,420,10,3.703011878300458,1573223.5128411213,172961.1769010423,1746184.6897421635,1746184.6897421635,122364.081108585,109553.16657763152,0.0,0.0,0.895304942309131,14.270402506374497
iterative_q_receding,1,9000037,720,8928,413,9,2.9113220018334687,1525890.4489970396,258833.11106245572,1784723.5600594953,1784723.560059495,120299.47887454001,98573.16568016836,0.0,0.0,0.8193981104687081,14.83567158192579
iterative_q_receding,1,9000038,720,8928,427,12,3.867232303135097,1741234.7869860989,217945.5115583506,1959180.2985444495,1959180.2985444495,133790.67117978266,114819.64906584857,1328.6377293737562,1328.6377293737562,0.8582037002531995,14.643624112713956
iterative_q_receding,1,9000039,720,8928,429,11,4.180114599876106,1577479.8690861182,270608.808207186,1848088.6772933041,1848088.6772933044,127801.99857145117,113269.39541392133,0.0,0.0,0.8862881385269965,14.460561634019205
iterative_q_receding,1,9000040,720,8928,358,12,3.4151710509322584,1604792.3431782685,219203.61094889158,1823995.9541271601,1823995.9541271601,124349.39446956229,103821.46821153456,648.3650767199177,648.3650767199177,0.8349173605099262,14.668313922297628
iterative_q_receding,1,9000041,720,8928,383,11,3.8192212809808552,1619757.1758658006,238000.30375624722,1857757.4796220479,1857757.4796220479,122563.14833151178,110362.97767281908,0.0,0.0,0.9004580836509406,15.157553513533614
iterative_q_receding,1,9000042,720,8928,407,11,3.692423343192786,2038656.801833535,201304.4059311157,2239961.2077646507,2239961.2077646507,138847.32357664805,118837.37491322192,4524.629543496149,4524.629543496149,0.8558852403634557,16.132548687754305
iterative_q_receding,1,9000043,720,8928,437,9,3.262771336827427,1805180.7644374436,279322.4855316513,2084503.249969095,2084503.249969095,132215.3273900092,109507.8642475223,3094.143001090837,3094.1430010908375,0.8282539279617382,15.765972759120588
iterative_q_receding,1,9000044,720,8928,405,12,2.9508402296341956,2143467.799821863,178466.89802820652,2321934.6978500695,2321934.6978500695,133798.29071006746,115431.2834245358,6235.231607722474,6235.231607722474,0.8627261440481939,17.35399372837697
iterative_q_receding,1,9000045,720,8928,432,12,3.5282110278494656,1529411.737969793,288206.12490531296,1817617.8628751058,1817617.862875106,127713.52070975435,107684.98790931601,0.0,0.0,0.8431760968679597,14.231992452904652
iterative_q_receding,1,9000046,720,8928,487,11,3.408739273902029,1575433.795886602,224819.08948144998,1800252.885368052,1800252.8853680517,127596.26918280081,117699.98844900313,0.0,0.0,0.9224406732486843,14.108977455985954
iterative_q_receding,1,9000047,720,8928,462,12,3.9256594092585146,1573197.648622138,216573.51197782467,1789771.1605999626,1789771.1605999626,121866.25958169623,115349.63352065498,0.0,0.0,0.9465264127789804,14.686355080916739
iterative_q_receding,1,9000048,720,8928,414,10,3.3455734471790493,1923677.1573495334,300380.4438064939,2224057.601156027,2224057.601156027,131662.38148080566,111254.27688248035,4484.227999934277,4484.227999934277,0.8449966925343781,16.892126483981762
iterative_q_receding,1,9000049,720,8928,508,10,3.800401479937136,1539374.1812882249,147102.8334933456,1686477.0147815705,1686477.0147815705,125530.02864371562,109259.02401424006,0.0,0.0,0.8703815747891162,13.43484927871878
iterative_q_receding,1,9000050,720,8928,473,11,3.9925313480198383,1530126.8793661697,290302.9935305177,1820429.8728966874,1820429.8728966876,129284.98392580278,109911.47940338436,0.0,0.0,0.8501488422388098,14.080752594914195
iterative_q_receding,1,9000051,720,8928,417,11,4.0906053888611495,1734559.8022270082,258784.7871334601,1993344.5893604683,1993344.5893604683,126255.53709801471,108831.30710492283,2449.023611734716,2449.023611734716,0.8619923498518318,15.788175593542443
iterative_q_receding,1,9000052,720,8928,485,12,4.0579367452301085,1589278.183356172,212655.46897026803,1801933.65232644,1801933.6523264397,131114.0303947276,121736.6974833494,182.3847485999207,182.3847485999207,0.9284795617742273,13.743255751513379
iterative_q_receding,1,9000053,720,8928,413,10,4.303755042143166,1547798.654194651,322158.00133112306,1869956.655525774,1869956.655525774,127062.03528555942,103172.73614879904,0.0,0.0,0.8119871204402517,14.716879446509969
iterative_q_receding,1,9000054,720,8928,358,12,3.937007712200284,1635907.720316239,222872.3604531766,1858780.0807694155,1858780.0807694155,125438.49962236239,107683.4493507841,416.2163267430652,416.2163267430652,0.8584561332841943,14.818258241013302
iterative_q_receding,1,9000055,720,8928,402,12,3.864450621884316,1655051.839233314,255415.60190184304,1910467.441135157,1910467.441135157,123383.04270529884,105322.18497685625,1694.522361059266,1694.522361059266,0.8536196114762621,15.484035725219714
iterative_q_receding,1,9000056,720,8928,426,11,4.05104815075174,1986169.610024572,266709.60145504744,2252879.211479619,2252879.211479619,126597.58637664591,103106.8586447795,5267.057970955783,5267.057970955783,0.814445690441695,17.79559370726849
iterative_q_receding,1,9000057,720,8928,413,11,3.232779859099537,1695731.8483575522,237064.65370560187,1932796.502063154,1932796.5020631538,138818.49036983738,115962.56306719067,0.0,0.0,0.8353538693458312,13.923192053982413
iterative_q_receding,1,9000058,720,8928,386,12,3.737253811676055,1782719.5562927758,151346.59117738795,1934066.1474701636,1934066.1474701636,131799.9311727588,117696.71993286,1516.0885372045072,1516.0885372045072,0.8929953064890997,14.674257643845477
iterative_q_receding,1,9000059,720,8928,402,11,3.7548513459041715,1589003.3241302215,195691.66945354943,1784694.993583771,1784694.993583771,129570.19979024788,113565.93054133875,0.0,0.0,0.8764818663950714,13.773961886860471
iterative_q_receding,1,9000060,720,8928,369,8,2.9931230009533465,1765692.8282878916,256408.4901919131,2022101.3184798048,2022101.3184798048,132046.44942872762,108772.4495151563,2334.5024324649735,2334.5024324649735,0.8237438415477161,15.31356069949642
iterative_q_receding,2,9000031,720,8928,498,11,4.5375590324401855,1538395.2302121636,247007.01908142047,1785402.2492935841,1785402.2492935844,121839.28080369442,106153.68072168593,0.0,0.0,0.871259909131597,14.653749082532725
iterative_q_receding,2,9000032,720,8928,330,10,2.536007669288665,1655692.1200815695,229467.80457299325,1885159.9246545627,1885159.9246545625,133447.3440508756,113686.86153776511,0.0,0.0,0.8519229988902816,14.126620039255801
iterative_q_receding,2,9000033,720,8928,431,10,3.317860576324165,1657966.3191451046,213319.8344713518,1871286.1536164563,1871286.153616456,128937.75836996875,110747.21323176604,497.3764743555271,497.3764743555271,0.8589199520127572,14.513096685356233
iterative_q_receding,2,9000034,720,8928,424,11,3.2119313278235495,1600215.0767974013,148765.31708544117,1748980.3938828425,1748980.3938828425,119085.63231910756,101549.31726862071,769.6057528252315,769.6057528252315,0.8527419747539677,14.686745662114728
iterative_q_receding,2,9000035,720,8928,497,10,3.6335828858427703,1371519.2952192142,231034.77841361956,1602554.0736328338,1602554.0736328338,112151.45201469958,95784.53282806926,0.0,0.0,0.8540641347694267,14.289195947483485
iterative_q_receding,2,9000036,720,8928,442,11,4.029040548019111,1732982.6593155318,196672.36873371023,1929655.028049242,1929655.0280492418,122364.081108585,103906.86406997738,2460.1246888683077,2460.1246888683077,0.8491614788311219,15.769783179566232
iterative_q_receding,2,9000037,720,8928,450,9,3.1548217376694083,1602390.300735963,147461.4993244519,1749851.800060415,1749851.800060415,120299.47887454001,113172.82567577958,0.0,0.0,0.9407590684063328,14.54579700952263
iterative_q_receding,2,9000038,720,8928,330,11,3.209815857000649,1958926.728198288,269038.8780666057,2227965.606264894,2227965.606264894,133790.67117978266,106538.36135722602,4932.188021487861,4932.188021487861,0.7963063524366654,16.65262298647894
iterative_q_receding,2,9000039,720,8928,428,11,4.098549489863217,1608375.3908655655,216880.58642971734,1825255.9772952828,1825255.9772952828,127801.99857145117,115584.97870043329,0.0,0.0,0.9044066602433637,14.281904803506057
iterative_q_receding,2,9000040,720,8928,422,10,3.708118285983801,1583425.911218481,173596.51116612676,1757022.4223846076,1757022.4223846074,124349.39446956229,108761.80461082925,44.388143017582244,44.388143017582244,0.8746468374435993,14.129722383285783
iterative_q_receding,2,9000041,720,8928,428,11,3.779944287147373,1818939.3667249,261464.15651860292,2080403.523243503,2080403.5232435032,122563.14833151178,101966.99353959953,3423.265068317453,3423.265068317453,0.8319547508994851,16.974135795013822
iterative_q_receding,2,9000042,720,8928,406,11,3.4849081388674676,2075082.136583995,190044.95589492304,2265127.092478918,2265127.092478918,138847.32357664805,118595.59192076816,5020.305253696858,5020.305253696858,0.8541438816809436,16.313797300014194
iterative_q_receding,2,9000043,720,8928,461,10,3.1058004070073366,1573757.036366526,281811.0878460234,1855568.1242125495,1855568.1242125495,132215.3273900092,112976.19095281567,0.0,0.0,0.8544863381804301,14.034440339424407
iterative_q_receding,2,9000044,720,8928,429,12,2.9985704137943685,1657693.0538410207,240806.56030508035,1898499.614146101,1898499.614146101,133798.29071006746,121709.3224305801,226.11275009958342,226.11275009958342,0.9096478122752449,14.189266574862538
iterative_q_receding,2,9000045,720,8928,441,11,3.6338405129499733,1713093.3016136356,219781.18300543394,1932874.4846190696,1932874.4846190698,127713.52070975435,106982.79195102442,2556.718258229188,2556.718258229188,0.837677885289505,15.134454628431858
iterative_q_receding,2,9000046,720,8928,460,11,4.867787246126682,1619265.026884229,176006.17848101474,1795271.2053652436,1795271.2053652436,127596.26918280081,120772.20295680156,0.0,0.0,0.9465182934445932,14.069934935113565
iterative_q_receding,2,9000047,720,8928,427,12,4.165391844231635,1563893.3781161532,203875.36248395857,1767768.7406001117,1767768.7406001117,121866.25958169623,111243.3427372613,0.0,0.0,0.912831353970345,14.505809455939211
iterative_q_receding,2,9000048,720,8928,380,10,3.6051443689502776,1978487.0192483957,209353.83730043194,2187840.8565488276,2187840.8565488276,131662.38148080566,113311.84100431924,4031.279175469742,4031.279175469742,0.8606242704248697,16.617053648446888
iterative_q_receding,2,9000049,720,8928,454,11,4.16985092824325,1551459.81319643,138338.32158634096,1689798.1347827709,1689798.1347827709,125530.02864371562,112404.10735165753,0.0,0.0,0.8954360049633016,13.461306055930441
iterative_q_receding,2,9000050,720,8928,505,11,4.783374167978764,1575639.5554046188,240638.91749237783,1816278.4728969967,1816278.472896997,129284.98392580278,111385.00945786423,0.0,0.0,0.8615463766603287,14.04864213727533
iterative_q_receding,2,9000051,720,8928,453,12,4.403212246950716,1548347.4114165383,250283.82622114377,1798631.2376376821,1798631.2376376821,126255.53709801471,110530.07052812628,0.0,0.0,0.8754473116083579,14.245959258336278
iterative_q_receding,2,9000052,720,8928,498,12,4.120786930900067,1610615.575449489,167445.81805575927,1778061.3935052482,1778061.393505248,131114.0303947276,121940.66981005305,0.0,0.0,0.9300352482716188,13.561183255157934
iterative_q_receding,2,9000053,720,8928,468,10,4.528128988109529,2012085.052162067,206970.15356315218,2219055.205725219,2219055.205725219,127062.03528555942,104473.42191682883,5846.651083301742,5846.651083301743,0.8222237404118004,17.464344882703248
iterative_q_receding,2,9000054,720,8928,418,10,4.229242975823581,2018161.4682325816,239337.75081132413,2257499.219043906,2257499.219043906,125438.49962236239,105228.79617124166,6011.194056521346,6011.194056521345,0.8388875543635897,17.99686081896864
iterative_q_receding,2,9000055,720,8928,363,11,3.7240423769690096,1942068.2474847212,310181.4371550596,2252249.684639781,2252249.684639781,123383.04270529884,94664.5966386771,5453.437859122952,5453.437859122952,0.7672415476475489,18.254126622726375
iterative_q_receding,2,9000056,720,8928,352,11,3.5580696468241513,1863386.38183801,251164.858439791,2114551.2402778007,2114551.2402778007,126597.58637664591,106482.39780640669,2863.3210428175976,2863.3210428175976,0.8411092253339361,16.702934872602615
iterative_q_receding,2,9000057,720,8928,415,11,3.287662650924176,1935216.1266942516,207664.3658271393,2142880.492521391,2142880.492521391,138818.49036983738,119619.07241401721,3560.7026802430496,3560.70268024305,0.8616940876919964,15.4365638670495
iterative_q_receding,2,9000058,720,8928,446,10,4.161845113150775,1592309.2792613194,200658.83109922052,1792968.11036054,1792968.11036054,131799.9311727588,116115.12624710529,0.0,0.0,0.8809953481303839,13.603710520989416
iterative_q_receding,2,9000059,720,8928,501,11,4.475397781003267,1601901.0869234481,171169.98666175408,1773071.0735852022,1773071.0735852022,129570.19979024788,120498.60232515141,0.0,0.0,0.9299870071993264,13.684250517908461
iterative_q_receding,2,9000060,720,8928,334,10,2.8847640459425747,1901844.2432543025,321134.6464281383,2222978.889682441,2222978.889682441,132046.44942872762,102826.75510650949,4921.590811306629,4921.590811306629,0.7787165467255557,16.834825164172997
iterative_q_receding,0,9000031,8760,8928,4341,140,327.72048999229446,24023583.237994153,325112.2037403932,24348695.441734545,2001262.639046675,1569787.998901893,1496905.2433264907,48896.194871826425,4018.865331930939,0.9535715933448431,15.510817676506052
iterative_q_receding,0,9000032,8760,8928,4715,138,267.8253189739771,24460643.69132888,182908.5339346113,24643552.22526349,2025497.4431723417,1587320.758303226,1513917.5015799163,53172.31850936868,4370.327548715234,0.953756506780788,15.525250392117554
iterative_q_receding,0,9000033,8760,8928,4133,138,309.3520916928537,24715654.279948663,227906.65217811262,24943560.932126775,2050155.6930515158,1611713.8568818646,1542468.4847917398,49315.33667242067,4053.3153429386857,0.9570361874135079,15.476420225352129
iterative_q_receding,0,9000034,8760,8928,4544,136,304.2687313631177,23868637.339441057,180567.2557443609,24049204.595185418,1976646.9530289385,1591021.0156239818,1532176.08922593,43698.59357865135,3591.665225642577,0.9630143625884329,15.11557946690828
iterative_q_receding,0,9000035,8760,8928,4372,137,305.0108641060069,23918175.10211801,234291.2271056448,24152466.329223655,1985134.2188403003,1588969.2418607417,1533127.6620216316,44358.61129034831,3645.9132567409565,0.9648567270101984,15.20008423884922
iterative_q_receding,0,9000036,8760,8928,4346,142,330.3626302839257,25058498.913888503,261769.7774991714,25320268.691387676,2081117.9746346034,1603817.1227270185,1527470.5520034663,58359.74785483811,4796.691604507241,0.9523969599515574,15.787503657733033
iterative_q_receding,0,9000037,8760,8928,4331,136,240.9161528609693,24976755.293942235,251419.7194364233,25228175.013378657,2073548.6312366019,1622585.343824184,1560816.4248182653,53718.29838153021,4415.202606701113,0.9619317903732947,15.548134407475745
iterative_q_receding,0,9000038,8760,8928,4551,137,319.8037510449067,23938152.879105363,243537.0750489817,24181689.954154346,1987536.1606154258,1591884.2620774736,1525449.7502183148,46713.669706540284,3839.479701907421,0.9582667449878177,15.190608092699064
iterative_q_receding,0,9000039,8760,8928,4365,137,321.9317583478987,24742370.50018153,323032.49847185763,25065402.998653386,2060170.1094783605,1589645.7676406705,1514092.9268512109,56479.603171135066,4642.159164750828,0.95247190139625,15.767917298867847
iterative_q_receding,0,9000040,8760,8928,4149,141,304.0390477683395,23529526.169192072,260689.6034260998,23790215.77261817,1955360.2004891648,1570525.792653128,1512180.0769024005,39854.25042762245,3275.6918159689685,0.9628495653979915,15.147930638202872
iterative_q_receding,0,9000041,8760,8928,4588,141,328.5736512118019,22804552.65789648,238017.86372154957,23042570.52161803,1893909.9058864133,1553082.0503525338,1499128.3178163373,33430.739947958646,2747.732050517149,0.9652602175629101,14.836672998949155
iterative_q_receding,0,9000042,8760,8928,4699,140,314.11556471092626,23693698.787038416,235409.6918116049,23929108.478850022,1966776.039357536,1611198.686804746,1553220.138884479,40776.974348348034,3351.532138220386,0.9640152711176501,14.851742789280143
iterative_q_receding,0,9000043,8760,8928,4518,133,274.7100254651159,23853264.472031925,299905.64990005764,24153170.12193198,1985192.0648163273,1582146.5991907665,1514526.799269669,44313.44297552619,3642.200792509002,0.9572607241606539,15.266075933978433
iterative_q_receding,0,9000044,8760,8928,4801,133,258.3274570200592,24167274.593848113,235393.89083790258,24402668.484686017,2005698.779563234,1586694.8664958721,1525395.2604700928,48970.413647977264,4024.9655053131996,0.9613664811551599,15.379559737643799
iterative_q_receding,0,9000045,8760,8928,4293,134,301.1120132668875,25014321.064661786,264870.4984879866,25279191.563149773,2077741.7723136798,1589822.8039933285,1510224.9038728848,59895.689549166724,4922.933387602744,0.9499328479120384,15.900634649127761
iterative_q_receding,0,9000046,8760,8928,4494,133,279.4103004280478,23405678.141755786,281240.20496741036,23686918.346723195,1946870.0011005367,1585781.4742947912,1539680.1250394054,37941.117761592606,3118.4480351993925,0.9709283088479216,14.937063353736646
iterative_q_receding,0,9000047,8760,8928,4520,138,325.7079828721471,23981345.093766928,200577.76445267923,24181922.85821961,1987555.30341531,1594467.8944917,1536226.7682642862,45615.95243686455,3749.256364673799,0.9634730016022176,15.166139714546311
iterative_q_receding,0,9000048,8760,8928,4715,134,305.31115268496796,23668731.932878323,227166.42734488368,23895898.360223208,1964046.440566291,1582400.7805992449,1519640.2450462368,42519.421027521945,3494.7469337689267,0.9603384071074326,15.101040553818475
iterative_q_receding,0,9000049,8760,8928,4448,140,318.36773742409423,24045021.074400704,262288.8891203464,24307309.963521052,1997861.0928921413,1589194.9178221277,1518460.3231036654,47684.650651271615,3919.2863548990363,0.9554902964229216,15.295360997524705
iterative_q_receding,0,9000050,8760,8928,4342,137,335.3923401492648,24646099.673600845,218276.31040577352,24864375.984006617,2043647.3411512289,1591981.4895955909,1519333.1340737909,55630.64398204931,4572.381697154738,0.9543660802612379,15.618508221677178
iterative_q_receding,0,9000051,8760,8928,4218,137,341.15607621194795,26140212.970524494,281197.00642869185,26421409.976953186,2171622.737831769,1565639.0249619347,1471871.868893889,78722.36160562364,6470.3310908731755,0.9401093390155336,16.875799309866824
iterative_q_receding,0,9000052,8760,8928,4587,142,293.92611105786636,23573237.583774395,212808.92450444595,23786046.508278843,1955017.5212283982,1608256.3061584474,1555755.8428621816,37684.26715637282,3097.337026551191,0.9673556614730952,14.789960043803747
iterative_q_receding,0,9000053,8760,8928,4127,139,354.58026991505176,25885679.71831781,242858.6351424549,26128538.353460267,2147551.09754468,1606692.838436188,1517970.181311708,71271.0687783431,5857.896063973406,0.9447793286918271,16.262310834030643
iterative_q_receding,0,9000054,8760,8928,4076,144,354.38046205602586,25942245.47658,180570.8560481512,26122816.332628153,2147080.794462588,1576605.2179657847,1487791.7520970465,74099.1682000551,6090.34259178535,0.9436679107384093,16.569028210076027
iterative_q_receding,0,9000055,8760,8928,4381,143,331.35586762428284,24575767.86658956,257160.63392791635,24832928.500517476,2041062.6164808883,1595233.9319738874,1519414.4451046744,54202.07691196486,4454.965225640947,0.9524712423992909,15.566951030053673
iterative_q_receding,0,9000056,8760,8928,4278,136,332.67521251086146,22549817.589193013,186936.14468133065,22736753.733874343,1868774.2794965212,1553165.4781309643,1515336.0841549828,27758.860785976176,2281.550201587083,0.9756436809157616,14.638977014371394
iterative_q_receding,0,9000057,8760,8928,4262,137,271.55384925566614,26019619.621736333,195540.37652543987,26215159.998261772,2154670.6847886387,1598955.6506583076,1515389.3341456628,70666.71501104435,5808.223151592686,0.9477369391213324,16.395176431234162
iterative_q_receding,0,9000058,8760,8928,4084,137,308.11178546771407,24919864.505531024,187187.65539733195,25107052.160928357,2063593.3282954812,1599025.7521571955,1531063.159283045,55730.54977784563,4580.593132425668,0.9574974994727481,15.701468301593781
iterative_q_receding,0,9000059,8760,8928,4220,137,309.2177880811505,24719078.382828113,227571.6155521364,24946649.998380248,2050409.5889079655,1605845.1208933052,1535728.583412331,52597.54131364075,4323.085587422527,0.9563366749578133,15.534904128551847
iterative_q_receding,0,9000060,8760,8928,4328,135,289.66912662424147,24428028.834598873,214086.3968520396,24642115.23145091,2025379.334091856,1569635.3788395326,1498808.3255731135,52160.06004805003,4287.1282231274,0.9548767476693962,15.699260837041907
iterative_q_receding,1,9000031,8760,8928,4222,143,337.4830801752396,24569154.404167432,311670.97666243947,24880825.38082987,2044999.3463695783,1569787.9989018934,1494398.9903009126,56079.526925821214,4609.276185683935,0.9519750382512051,15.849799717053921
iterative_q_receding,1,9000032,8760,8928,4299,143,274.911926779896,24653749.50149079,237985.39553556126,24891734.897026353,2045896.018933673,1587320.758303226,1518940.874556924,52592.40417178728,4322.663356585256,0.9569211935340675,15.681603586936323
iterative_q_receding,1,9000033,8760,8928,4097,142,314.37718222104013,25529303.07998836,254898.43743001492,25784201.517418377,2119249.439787812,1611713.8568818646,1529002.7363970582,61096.18111779074,5021.60392748965,0.9486812624141452,15.998002007193953
iterative_q_receding,1,9000034,8760,8928,4140,142,299.63795829284936,26358625.899244122,222277.15122008102,26580903.0504642,2184731.7575724,1591021.0156239818,1498929.2680518017,76450.73560944617,6283.622104885987,0.9421178308345206,16.706820833563565
iterative_q_receding,1,9000035,8760,8928,4241,141,316.3237492032349,23943533.679751966,279741.633281378,24223275.313033342,1990954.135317809,1588969.2418607417,1528832.827721801,45230.27631694257,3717.5569575569234,0.962153821134688,15.24464707993151
iterative_q_receding,1,9000036,8760,8928,4332,142,321.76085757883266,27646790.149121914,284105.77873001096,27930895.927851927,2295690.076261802,1603817.1227270185,1489114.52176738,93920.39679006956,7719.484667676949,0.9284814962165971,17.415262333875187
iterative_q_receding,1,9000037,8760,8928,4268,140,244.00599440233782,26904930.12304222,205275.79820756768,27110205.921249785,2228236.103116421,1622585.343824184,1529285.5668882998,82296.77188968514,6764.118237508368,0.9424993099493978,16.708030812946454
iterative_q_receding,1,9000038,8760,8928,4316,143,319.8246290930547,25018553.79695861,192905.87623532646,25211459.673193935,2072174.7676597757,1591884.2620774736,1519505.05737413,58254.71917162745,4788.059109996776,0.9545323699545306,15.837495396990706
iterative_q_receding,1,9000039,8760,8928,4274,141,327.2465565339662,24167792.068818156,320397.0073040841,24488189.07612224,2012727.8692703212,1589645.7676406705,1519766.164209119,49078.5989376179,4033.857446927498,0.9560407703061634,15.404808778541435
iterative_q_receding,1,9000040,8760,8928,4457,143,308.2909853127785,24419623.969171677,166353.64994382486,24585977.6191155,2020765.2837629179,1570525.792653128,1501065.378548253,52531.8181022093,4317.683679633641,0.9557725097990695,15.654615628809127
iterative_q_receding,1,9000041,8760,8928,4200,142,315.7517518750392,25550050.39718525,194041.62540919275,25744092.022594444,2115952.7689803652,1553082.0503525338,1469724.5583215351,69830.52966702786,5739.495589070783,0.9463276959436384,16.576131323358478
iterative_q_receding,1,9000042,8760,8928,4264,140,302.0735971471295,24667010.89022087,170966.64768067613,24837977.537901547,2041477.6058549215,1611198.686804746,1543290.057777583,51176.22073327532,4206.26471780345,0.9578521075126766,15.415837749445453
iterative_q_receding,1,9000043,8760,8928,4310,140,272.7144250581041,23968622.297035627,260059.27085931285,24228681.56789494,1991398.485032461,1582146.5991907665,1521077.0584131065,44231.77961216533,3635.4887352464657,0.9614008330145287,15.31380314585727
iterative_q_receding,1,9000044,8760,8928,4095,142,248.74503883207217,25610944.444593683,247010.53017896693,25857954.97477265,2125311.367789533,1586694.8664958721,1505993.104601412,65982.26656299112,5423.199991478722,0.9491384489869275,16.296740804284894
iterative_q_receding,1,9000045,8760,8928,4151,144,293.4381289500743,26732006.86632185,197078.00713638394,26929084.873458233,2213349.441654101,1589822.8039933285,1492674.8422051896,81740.2454981623,6718.376342314709,0.9388938430470856,16.938419052624962
iterative_q_receding,1,9000046,8760,8928,4090,145,257.09138277871534,28726965.298749253,241554.8392982304,28968520.138047483,2380974.257921711,1585781.4742947912,1466599.9954133516,109064.53556825283,8964.208402870096,0.9248436932746735,18.26766210075067
iterative_q_receding,1,9000047,8760,8928,4224,141,311.6506014536135,26933755.40778744,211910.6741733846,27145666.081960823,2231150.636873492,1594467.8944917,1497920.7937141412,84213.6050833178,6921.666171231601,0.9394487019079573,17.024906036514825
iterative_q_receding,1,9000048,8760,8928,4433,142,290.0270825987682,26108350.630146723,239544.05354625554,26347894.68369298,2165580.384961067,1582400.7805992449,1493007.4345465417,76215.27466185352,6264.26915028933,0.9435077717676236,16.650582460983877
iterative_q_receding,1,9000049,8760,8928,4298,141,312.96819775458425,24440284.303502657,226698.99238100133,24666983.29588366,2027423.2845931775,1589194.9178221277,1515402.92576955,52046.20541341606,4277.770307952005,0.9535664308858324,15.521685237760455
iterative_q_receding,1,9000050,8760,8928,3771,143,318.2856511580758,26564165.023053024,215044.3517698036,26779209.37482283,2201030.9075196846,1591981.4895955909,1493715.4383311905,78414.1823104766,6445.001285792597,0.9382743757345051,16.821307000011362
iterative_q_receding,1,9000051,8760,8928,3788,141,328.7154146572575,28616140.03047106,284889.8179544829,28901029.848425545,2375427.110829497,1565639.0249619347,1431765.759569978,111240.33922866402,9143.041580438137,0.914492891875117,18.459574261779924
iterative_q_receding,1,9000052,8760,8928,4185,142,289.82976668095216,23655297.32605042,221207.61305615236,23876504.939106572,1962452.4607484853,1608256.3061584474,1552869.6541635483,36433.20534087514,2994.5100280171346,0.9655610540541276,14.846206321515416
iterative_q_receding,1,9000053,8760,8928,3764,141,347.2802628981881,27314096.126845226,239352.88485864803,27553449.011703875,2264667.0420578527,1606692.838436188,1498788.5815807534,87436.70860773916,7186.578789677191,0.9328407681455412,17.14917024122791
iterative_q_receding,1,9000054,8760,8928,4025,142,362.0178087176755,24447793.774696715,261172.4759904377,24708966.250687152,2030873.9384126428,1576605.2179657847,1510244.717204235,53855.83982975635,4426.507383267645,0.9579092470294045,15.672259592396822
iterative_q_receding,1,9000055,8760,8928,4010,145,372.03125104587525,25397437.55941572,215066.48582421857,25612504.04523994,2105137.3187868446,1595233.9319738874,1522722.1058338555,62607.24676485629,5145.801103960791,0.9545447067751949,16.055641452879524
iterative_q_receding,1,9000056,8760,8928,3980,138,323.0740532306954,24676321.07341485,247689.89570074872,24924010.9691156,2048548.846776625,1553165.4781309643,1484253.146039347,55875.56804836475,4592.512442331349,0.9556310431425861,16.047234708762943
iterative_q_receding,1,9000057,8760,8928,4114,144,275.13856443110853,24821145.477139585,215005.96680200275,25036151.443941586,2057765.872104788,1598955.6506583076,1534513.5444780218,53941.46085071584,4433.544727456097,0.959697377376443,15.657814795322139
iterative_q_receding,1,9000058,8760,8928,4173,142,307.44881089171395,26636370.565923795,200272.81228476227,26836643.37820856,2205751.5105376896,1599025.7521571955,1505014.7984096908,78507.04751319566,6452.634042180465,0.9412073547779469,16.78312143628962
iterative_q_receding,1,9000059,8760,8928,3982,142,310.3854294088669,25671140.773752306,158999.71295383558,25830140.48670614,2123025.2454826967,1605845.1208933052,1533214.8124916388,61496.60828265047,5054.515749258942,0.954771286809239,16.085075796311703
iterative_q_receding,1,9000060,8760,8928,3911,141,273.67179355211556,28196095.256330468,201895.68548063276,28397990.9418111,2334081.447272145,1569635.3788395326,1447509.3893585277,103066.26004625398,8471.199455856493,0.9221946758289206,18.09209407780193
iterative_q_receding,2,9000031,8760,8928,4491,142,325.7507876176387,23936719.680483207,302626.60560583463,24239346.28608904,1992275.0372127977,1569787.9989018934,1502487.5602092543,48523.35025991434,3988.220569308028,0.9571276893824405,15.441159126611415
iterative_q_receding,2,9000032,8760,8928,4594,137,262.74315469292924,24575375.097878873,256207.50066022263,24831582.598539095,2040951.9944004733,1587320.758303226,1514070.6521154484,54792.91333434479,4503.5271233708045,0.9538529904528694,15.643708096580891
iterative_q_receding,2,9000033,8760,8928,4105,142,298.42379692196846,25732266.731264707,310559.0021885368,26042825.733453244,2140506.22466739,1611713.8568818646,1525904.974770542,64042.79037694765,5263.790989886108,0.9467592328843443,16.158467349680503
iterative_q_receding,2,9000034,8760,8928,4432,136,285.5862006735988,25993290.48576469,296145.8360568289,26289436.32182152,2160775.5880949195,1591021.0156239818,1494768.2956958457,72687.19634912688,5974.290110887141,0.9395025464887484,16.52362606380223
iterative_q_receding,2,9000035,8760,8928,4343,140,297.65013157203794,24622446.643321786,231688.15071742694,24854134.794039212,2042805.5995100723,1588969.2418607417,1516121.3567447024,53518.32349942754,4398.766315021441,0.9541539992110032,15.641671430300375
iterative_q_receding,2,9000036,8760,8928,3958,140,350.59024967905134,25375428.241947174,291763.9900904322,25667192.232037608,2109632.2382496665,1603817.1227270185,1522109.5257492245,61101.983805187556,5022.080860700346,0.9490542931485454,16.003814816738526
iterative_q_receding,2,9000037,8760,8928,4355,139,242.09785903105512,26677184.81596967,239407.1976682763,26916592.013637945,2212322.6312579135,1622585.343824184,1536409.34609069,77072.66879500305,6334.7399009591545,0.9468896979370032,16.588706483814082
iterative_q_receding,2,9000038,8760,8928,4357,139,317.9155187900178,25290400.54833531,327647.9001914696,25618048.44852678,2105593.023166585,1591884.2620774736,1505255.4208110757,64289.42746584158,5284.062531439034,0.9455809424528491,16.092908924857507
iterative_q_receding,2,9000039,8760,8928,4067,141,324.20835654297844,25097717.75940565,262490.03213352396,25360207.791539174,2084400.6404004798,1589645.7676406705,1510595.8793096314,58743.966725297505,4828.271237695685,0.9502720103181453,15.953370434960759
iterative_q_receding,2,9000040,8760,8928,4223,143,338.1311456267722,25862034.84047145,214664.25756322386,26076699.098034672,2143290.3368247678,1570525.792653128,1483004.4080938764,71380.92381237813,5866.925244852997,0.9442725582931054,16.603801873245686
iterative_q_receding,2,9000041,8760,8928,4612,144,324.477333154995,24254874.84757067,218552.2199358388,24473427.067506507,2011514.5534936858,1553082.0503525338,1484969.4818270083,54762.24551164975,4501.006480409569,0.9561436123029916,15.757974320771583
iterative_q_receding,2,9000042,8760,8928,4472,140,296.06752391997725,26854650.36436022,306365.33829550946,27161015.70265573,2232412.249533348,1611198.686804746,1503616.6600978049,84011.57538218882,6905.06099031689,0.93322857845652,16.857645134083487
iterative_q_receding,2,9000043,8760,8928,4390,140,271.36926489695907,24849657.766358834,245620.16746744755,25095277.933826283,2062625.5836021602,1582146.5991907665,1506685.2688234854,57544.00975817321,4729.644637658072,0.952304463817779,15.861537702424018
iterative_q_receding,2,9000044,8760,8928,4359,137,248.9299603831023,25686224.226229146,256867.96147483273,25943092.18770398,2132308.946934574,1586694.8664958721,1504278.9761458626,69085.76414492998,5678.281984514793,0.9480581351271272,16.35039775794943
iterative_q_receding,2,9000045,8760,8928,4520,139,309.90365492366254,25739596.326338742,221633.98611574966,25961230.31245449,2133799.7517085886,1589822.8039933285,1504366.6307742407,69117.43591851574,5680.885143987594,0.9462479887667743,16.32963764719243
iterative_q_receding,2,9000046,8760,8928,4501,139,269.31938494509086,27320938.733162284,163411.81908982093,27484350.552252106,2258987.716623461,1585781.4742947912,1484456.4167025923,89629.45716037886,7366.804698113332,0.9361040223797172,17.331738955062896
iterative_q_receding,2,9000047,8760,8928,4542,140,320.2450003018603,25682781.99263087,253487.42043587263,25936269.41306674,2131748.1709369924,1594467.8944917,1507084.927399448,69241.33329723276,5691.068490183515,0.9451961576685689,16.266410570364577
iterative_q_receding,2,9000048,8760,8928,4377,141,296.0645129419863,25872427.292035103,211363.21334560023,26083790.5053807,2143873.192223071,1582400.7805992449,1496703.6021071724,72352.80675075504,5946.806034308634,0.9458435691243658,16.48368152062143
iterative_q_receding,2,9000049,8760,8928,4332,142,314.90094339987263,25462507.30384525,281735.7707595865,25744243.074604835,2115965.184214096,1589194.9178221277,1498119.9404094056,67647.79738654302,5560.092935880249,0.9426911221579204,16.199550342059606
iterative_q_receding,2,9000050,8760,8928,3991,138,380.2149994452484,26834362.65437997,217197.570104736,27051560.22448471,2223415.908861757,1591981.4895955909,1485817.9765245237,84985.22971336608,6985.087373701322,0.9333136008396455,16.992383643453408
iterative_q_receding,2,9000051,8760,8928,3960,137,328.78166288184,28361625.32125564,315130.7182707427,28676756.03952638,2356993.6470843605,1565639.0249619347,1434166.1461120811,109235.89419221356,8978.292673332622,0.9160260591658093,18.316326804784136
iterative_q_receding,2,9000052,8760,8928,4178,144,284.52844422357157,25136394.8675574,353206.59581925534,25489601.463376656,2095035.7367158893,1608256.3061584474,1528439.6265106862,58413.01489422473,4801.06971733354,0.9503706720489007,15.849215927691434
iterative_q_receding,2,9000053,8760,8928,3808,143,339.72665809001774,28289759.538789388,287826.78690742014,28577586.325696807,2348842.7117011077,1606692.838436188,1483645.8137844738,102974.83451797665,8463.685028874792,0.9234159624614514,17.786589721475135
iterative_q_receding,2,9000054,8760,8928,3996,142,361.99915273394436,23886938.165025637,218763.6805488201,24105701.845574457,1981290.5626499555,1576605.2179657847,1512479.3960158185,45721.04375324904,3757.8940071163593,0.959326646125969,15.289624549560253
iterative_q_receding,2,9000055,8760,8928,4254,143,425.33944791927934,26462588.704442095,244170.88289075845,26706759.587332852,2195076.130465714,1595233.9319738874,1502340.251812889,78990.03722677752,6492.331826858426,0.9417679888202636,16.74159447842664
iterative_q_receding,2,9000056,8760,8928,4446,139,323.85208396427333,24075348.952937637,188996.8563914308,24264345.809329066,1994329.7925475943,1553165.4781309643,1485115.37100331,51151.4444934997,4204.228314534222,0.9561861835806807,15.62251167115052
iterative_q_receding,2,9000057,8760,8928,4431,136,269.1130126360804,26211561.536629997,274963.4438068907,26486524.980436888,2176974.6559263193,1598955.6506583076,1506817.7771833187,74034.14546674099,6084.998257540356,0.9423762169782166,16.56489032046142
iterative_q_receding,2,9000058,8760,8928,4210,143,305.40506652230397,24645416.833784148,255293.4181293912,24900710.25191354,2046633.7193353595,1599025.7521571955,1529798.5610328862,50919.45340824642,4185.1605541024455,0.9567066440106314,15.572426033990242
iterative_q_receding,2,9000059,8760,8928,4074,140,295.0762185170315,27808739.004507735,260018.36655833994,28068757.371066075,2307021.1537862527,1605845.1208933052,1493239.3189813115,94405.16104152142,7759.328304782583,0.9298775451960443,17.479118630974753
iterative_q_receding,2,9000060,8760,8928,4084,137,319.86196638131514,25002164.13688858,275439.6280478722,25277603.76493645,2077611.2683509414,1569635.3788395326,1491495.2019546332,59951.104729159866,4927.488059930948,0.9502176251005057,16.104124630285003
