algorithm,algorithm_display_name,method_class,model_seed,test_seed,episode_hours,decision_count,mean_decision_interval_h,episode_vessel_fuel_eur,episode_conditioning_eur,episode_reconditioning_eur,episode_loading_eur,episode_unloading_eur,episode_operating_cost_eur,episode_vent_penalty_eur,episode_storage_shortfall_penalty_eur,episode_total_cost_eur,terminal_cleanup_operating_cost_eur,operating_cost_eur,total_cost_eur,captured_t,stored_t,vented_t,storage_rate,loss_rate,unit_total_cost_eur_per_t,greedy_total_cost_eur,delta_total_cost_vs_greedy_eur,paired_outcome_vs_greedy,hard_violations,override_events,proposed_override_events,selected_interventions,effective_intervention_rate,solver_replan_count,solver_failure_count,solver_timeout_count,fallback_used,wall_clock_seconds,source_file
fixed_assignment,Fixed-Assignment Heuristic,heuristic,,9000031,720,720,1,459975.1200000063,879046.7151458119,41032.20741193757,3431.317260847294,3019.681777066625,1386505.0415956695,1452991.4675429284,0,2839496.509138598,248621.21417665802,1635126.2557723275,3088117.723315256,134043.80710806392,100078.55466326229,18162.393344286593,0.7466108045005063,0.1354959526749667,30.856937669673098,2293017.35099732,795100.3723179363,loss,,,,,,,,,,1.8723104999999123,formal_fixed_assignment_seeds_9000031-9000060_run01/seed_9000031/per_controller.csv
fixed_assignment,Fixed-Assignment Heuristic,heuristic,,9000032,720,720,1,479486.7000000068,797192.0279517364,35957.121113878355,3111.8013623052098,2747.4145443624016,1318495.0649722891,683888.104591084,0,2002383.169563373,244538.9140093341,1563033.9789816232,2246922.083572707,118765.80374023803,87700.29539970335,8548.60130738855,0.7384305299825151,0.07197864232103261,25.620461976007295,1766211.2553052178,480710.8282674893,loss,,,,,,,,,,0.5816963999996005,formal_fixed_assignment_seeds_9000031-9000060_run01/seed_9000032/per_controller.csv
fixed_assignment,Fixed-Assignment Heuristic,heuristic,,9000033,720,720,1,459144.8400000073,836766.46640011,36485.95472548253,3266.278310340583,2712.3025065985116,1338375.841942539,1229036.2485423828,0,2567412.090484922,241531.2547378595,1579907.0966803986,2808943.3452227814,127077.96740974124,88990.13347678664,15362.953106779782,0.7002797990138852,0.12089391591576658,31.564660434580688,2107598.694435474,701344.6507873074,loss,,,,,,,,,,1.2635651999999027,formal_fixed_assignment_seeds_9000031-9000060_run01/seed_9000033/per_controller.csv
fixed_assignment,Fixed-Assignment Heuristic,heuristic,,9000034,720,720,1,461635.6800000064,845017.144627291,37143.79971360513,3298.4844424230214,3015.844647793694,1350110.9534311194,583067.6885024135,0,1933178.641933533,271051.40494777146,1621162.358378891,2204230.046881304,123422.09958543938,90594.63344781741,7288.346106280168,0.7340227864548922,0.05905219673592398,24.330691156788472,1935952.9860899067,268277.06079139747,loss,,,,,,,,,,1.3920325999997658,formal_fixed_assignment_seeds_9000031-9000060_run01/seed_9000034/per_controller.csv
fixed_assignment,Fixed-Assignment Heuristic,heuristic,,9000035,720,720,1,498583.1400000036,811375.2868496476,42062.19095852063,3167.1650423382944,3121.5661348579247,1358309.348985368,187433.60822643925,0,1545742.9572118071,289375.6959073701,1647685.044892738,1835118.653119177,116933.45658342756,102590.70965492842,2342.9201028304915,0.8773426584010527,0.02003635376295327,17.88776643900541,1885009.4324528396,-49890.779333662475,win,,,,,,,,,,1.508543899999495,formal_fixed_assignment_seeds_9000031-9000060_run01/seed_9000035/per_controller.csv
fixed_assignment,Fixed-Assignment Heuristic,heuristic,,9000036,720,720,1,503149.6800000059,803943.7942386947,35460.22280684711,3138.1565625493845,2502.5984695300695,1348194.4520776272,1270560.398284329,0,2618754.8503619563,237682.59486170983,1585877.046939337,2856437.4452236663,124518.99931170137,86488.34830938328,15882.004978554121,0.6945795323401363,0.12754684077405407,33.02684698065585,3533761.529562704,-677324.0843390375,win,,,,,,,,,,1.6579960999997638,formal_fixed_assignment_seeds_9000031-9000060_run01/seed_9000036/per_controller.csv
fixed_assignment,Fixed-Assignment Heuristic,heuristic,,9000037,720,720,1,471183.9000000066,847703.6059508157,41070.82374800184,3308.970917090617,2987.2843832131584,1366254.5849991278,922041.0613591636,0,2288295.6463582916,240680.8657030752,1606935.450702203,2528976.512061367,121647.55872136065,100172.74084878479,11525.51326698954,0.8234669228195124,0.09474512590416434,25.24615469870161,2000485.9131946776,528490.5988666893,loss,,,,,,,,,,0.5177434000006542,formal_fixed_assignment_seeds_9000031-9000060_run01/seed_9000037/per_controller.csv
fixed_assignment,Fixed-Assignment Heuristic,heuristic,,9000038,720,720,1,496507.44000000623,794929.1500239924,38926.09782676716,3102.9683253813814,2995.5017965811167,1336461.1579727284,1325196.5702358342,0,2661657.7282085624,281641.2901936705,1618102.4481663988,2943299.018402233,128369.72617542402,94941.70201650522,16564.957127947913,0.7395957352652008,0.12904099448892664,31.00111916985175,1920295.9707264367,1023003.0476757961,loss,,,,,,,,,,1.504507999999987,formal_fixed_assignment_seeds_9000031-9000060_run01/seed_9000038/per_controller.csv
fixed_assignment,Fixed-Assignment Heuristic,heuristic,,9000039,720,720,1,488619.7800000068,813109.8286096256,39020.12967403593,3173.935744029264,3095.440066825517,1347019.114094523,1000545.3158464533,0,2347564.429940976,296189.05512502376,1643208.1692195467,2643753.485066,125712.08383662622,95171.04798545351,12506.816448080672,0.757055686938867,0.09948778245004965,27.77896787970735,2437563.728051424,206189.75701457588,loss,,,,,,,,,,1.6597770000007586,formal_fixed_assignment_seeds_9000031-9000060_run01/seed_9000039/per_controller.csv
fixed_assignment,Fixed-Assignment Heuristic,heuristic,,9000040,720,720,1,434236.44000000687,810350.3859584086,38787.98084230854,3163.1643902020983,2821.200067147813,1289359.171258074,1091068.4931737867,0,2380427.6644318607,274291.21182529704,1563650.383083371,2654718.876257158,128417.59580770151,94604.83132270379,13638.35616467234,0.7366967955417065,0.1062031731624617,28.061134290295637,2617199.479188901,37519.39706825698,loss,,,,,,,,,,1.4332663000004686,formal_fixed_assignment_seeds_9000031-9000060_run01/seed_9000040/per_controller.csv
fixed_assignment,Fixed-Assignment Heuristic,heuristic,,9000041,720,720,1,498583.1400000075,813274.2165727669,37112.72221338872,3174.577424665433,2739.323445359954,1354883.9796561885,1340565.4494576016,0,2695449.4291137904,255815.7700190592,1610699.7496752478,2951265.1991328495,125444.62651394652,90518.83466680175,16757.068118220024,0.7215839943270759,0.13358139430832477,32.603879733940516,2085510.1991784673,865754.9999543822,loss,,,,,,,,,,1.5855994000003193,formal_fixed_assignment_seeds_9000031-9000060_run01/seed_9000041/per_controller.csv
fixed_assignment,Fixed-Assignment Heuristic,heuristic,,9000042,720,720,1,467447.6400000053,816335.2905753113,38688.55988525967,3186.526182200947,2957.5886822009516,1328615.6053249782,428083.4644064504,0,1756699.0697314288,303535.7942291116,1632151.3995540899,2060234.8639605404,122590.33961068436,94362.34118356016,5351.0433050806305,0.7697371708344302,0.043649795914377745,21.833231754528313,2713194.122553258,-652959.2585927178,win,,,,,,,,,,1.3371562000002086,formal_fixed_assignment_seeds_9000031-9000060_run01/seed_9000042/per_controller.csv
fixed_assignment,Fixed-Assignment Heuristic,heuristic,,9000043,720,720,1,479486.70000000496,773475.8374980036,33889.82071132445,3019.226334990607,2561.3513349906125,1292432.9358793143,1008127.6178226701,0,2300560.5537019847,312087.32760283083,1604520.263482145,2612647.8813048154,122999.51700733569,82658.09929591329,12601.595222783373,0.672019706313022,0.10245239598812257,31.607887231372473,2311477.9959102147,301169.8853946007,loss,,,,,,,,,,0.8922400999999809,formal_fixed_assignment_seeds_9000031-9000060_run01/seed_9000043/per_controller.csv
fixed_assignment,Fixed-Assignment Heuristic,heuristic,,9000044,720,720,1,483222.96000000485,827630.0395757259,41232.80420419069,3230.61470051778,2971.197630375608,1358287.616110815,1245575.9812795906,0,2603863.597390406,241857.91687385365,1600145.5329846686,2845721.5142642595,129859.10158151455,100567.81513217227,15569.69976599487,0.7744379401011358,0.1198968695792303,28.296543089101032,1749991.6922290896,1095729.82203517,loss,,,,,,,,,,0.5270052000005307,formal_fixed_assignment_seeds_9000031-9000060_run01/seed_9000044/per_controller.csv
fixed_assignment,Fixed-Assignment Heuristic,heuristic,,9000045,720,720,1,442954.3800000058,820727.5861372908,39380.15223424319,3203.671300107518,3072.413800107524,1309338.203471755,770403.7160667949,0,2079741.9195385498,291277.1862131698,1600615.3896849249,2371019.10575172,125440.6630420947,96049.15179083704,9630.046450834938,0.765693910264213,0.07676973492720889,24.6854767745894,2356429.90438643,14589.201365289744,loss,,,,,,,,,,1.4093591999999262,formal_fixed_assignment_seeds_9000031-9000060_run01/seed_9000045/per_controller.csv
fixed_assignment,Fixed-Assignment Heuristic,heuristic,,9000046,720,720,1,456238.86000000715,927662.1421104099,44558.65109502343,3621.0852797852026,3181.1939163863044,1435261.9324016117,949203.0415727674,0,2384464.9739743792,254603.16005621836,1689865.09245783,2639068.1340305978,132406.07380064274,108679.63681713025,11865.038019659594,0.8208055242296799,0.08961097991262994,24.283004722137825,1951286.679850844,687781.4541797538,loss,,,,,,,,,,0.9731910000000425,formal_fixed_assignment_seeds_9000031-9000060_run01/seed_9000046/per_controller.csv
fixed_assignment,Fixed-Assignment Heuristic,heuristic,,9000047,720,720,1,454993.4400000074,850924.6514995429,41104.57682879316,3321.544115987671,3092.606615987675,1353436.8190603186,914090.2434933741,0,2267527.0625536926,295954.38504963706,1649391.2041099556,2563481.4476033296,128277.74695956499,100255.06543608087,11426.128043667177,0.7815468217389469,0.08907334525659277,25.56959527633759,1831302.291207332,732179.1563959976,loss,,,,,,,,,,1.7189776999994137,formal_fixed_assignment_seeds_9000031-9000060_run01/seed_9000047/per_controller.csv
fixed_assignment,Fixed-Assignment Heuristic,heuristic,,9000048,720,720,1,479486.7000000057,830309.7013201807,37498.60694215676,3241.0746333501943,2672.5472697927885,1353208.6301654861,1499132.8866915859,0,2852341.516857072,249858.5151957627,1603067.1453612489,3102200.0320528345,131010.22127700872,91460.01693208975,18739.161083644805,0.6981135978597136,0.1430358707968489,33.91864703410517,2588329.1383681437,513870.8936846908,loss,,,,,,,,,,1.330895999999484,formal_fixed_assignment_seeds_9000031-9000060_run01/seed_9000048/per_controller.csv
fixed_assignment,Fixed-Assignment Heuristic,heuristic,,9000049,720,720,1,437972.70000000607,826787.1999891542,40759.615486421986,3227.324716070198,2903.760870191176,1311650.6010618438,493182.69585658854,0,1804833.2969184322,249841.0383441723,1561491.639406016,2054674.3352626045,124881.76991963951,99413.69630834635,6164.783698207362,0.7960625187512823,0.04936496097208067,20.667920131344143,1840479.7749794757,214194.56028312887,loss,,,,,,,,,,1.5583691000001636,formal_fixed_assignment_seeds_9000031-9000060_run01/seed_9000049/per_controller.csv
fixed_assignment,Fixed-Assignment Heuristic,heuristic,,9000050,720,720,1,470353.62000000617,845747.339158091,41220.51692025567,3301.3347222251573,3021.592887858384,1363644.4036884364,1298092.5445224338,0,2661736.94821087,263989.48963300075,1627633.893321437,2925726.437843871,132171.66508378548,100537.84614696493,16226.156806530416,0.7606611150977978,0.12276577431512592,29.100747131255243,2332346.0574296084,593380.3804142624,loss,,,,,,,,,,1.9435412000002543,formal_fixed_assignment_seeds_9000031-9000060_run01/seed_9000050/per_controller.csv
fixed_assignment,Fixed-Assignment Heuristic,heuristic,,9000051,720,720,1,508131.36000000674,856353.2377227873,42484.135582396775,3342.734345458832,3098.3445207801597,1413409.8121714299,1082822.55410051,0,2496232.36627194,275671.3948490918,1689081.2070205216,2771903.761121032,128981.17360926494,103619.84288389466,13535.281926256393,0.8033718408998216,0.10493998114221013,26.750704150622305,1932977.2340705122,838926.5270505196,loss,,,,,,,,,,2.121595399999933,formal_fixed_assignment_seeds_9000031-9000060_run01/seed_9000051/per_controller.csv
fixed_assignment,Fixed-Assignment Heuristic,heuristic,,9000052,720,720,1,445445.22000000766,862036.1403449958,41494.02136740677,3364.9172869604818,2976.1875000000036,1355316.4864993705,936273.4249930049,0,2291589.9114923757,264100.2174007699,1619416.7039001405,2555690.1288931454,130292.35070980627,101204.9301644068,11703.417812412557,0.7767526613271071,0.08982428936660299,25.252624795466406,2247524.9646282806,308165.16426486475,loss,,,,,,,,,,1.0875505000003614,formal_fixed_assignment_seeds_9000031-9000060_run01/seed_9000052/per_controller.csv
fixed_assignment,Fixed-Assignment Heuristic,heuristic,,9000053,720,720,1,461220.54000000743,820951.0721109475,39808.137744437474,3204.543667031545,2945.3858342351486,1328129.679356659,422190.12784455804,0,1750319.8072012172,253987.17728271146,1582116.8566393706,2004306.9844839287,119353.23535741051,97093.01888887188,5277.376598056978,0.8134929782013948,0.044216451965072866,20.643162684826645,1896455.7981864524,107851.18629747629,loss,,,,,,,,,,2.054980899999464,formal_fixed_assignment_seeds_9000031-9000060_run01/seed_9000053/per_controller.csv
fixed_assignment,Fixed-Assignment Heuristic,heuristic,,9000054,720,720,1,489034.9200000062,881725.7472476391,38988.50302896415,3441.7747358995034,2872.345807742837,1416063.2908202517,1438009.4791104037,0,2854072.769930655,245532.43048974688,1661595.7213099985,3099605.200420402,132093.2010707144,95093.90982674174,17975.118488880053,0.7199001088317516,0.13607905890067198,32.595202006814,3352607.0985221015,-253001.89810169954,win,,,,,,,,,,2.093372199999976,formal_fixed_assignment_seeds_9000031-9000060_run01/seed_9000054/per_controller.csv
fixed_assignment,Fixed-Assignment Heuristic,heuristic,,9000055,720,720,1,482392.68000000546,805542.0156453592,37835.46618480138,3144.3951441911195,2821.7071157460155,1331736.2640901033,1450208.9872965203,0,2781945.251386624,260122.68949882395,1591858.9535889272,3042067.940885448,124998.78160566899,92281.62484097907,18127.612341206514,0.7382601946641205,0.14502231228455736,32.96504527447994,2379682.1687872596,662385.7720981883,loss,,,,,,,,,,1.6497621999997136,formal_fixed_assignment_seeds_9000031-9000060_run01/seed_9000055/per_controller.csv
fixed_assignment,Fixed-Assignment Heuristic,heuristic,,9000056,720,720,1,497752.860000008,818041.4015619858,35286.48082907635,3193.1859057135066,2542.708216933316,1356816.6365137172,1286781.7071517867,0,2643598.343665504,275048.46655516076,1631865.103068878,2918646.810220665,126854.31280836993,86064.58738799115,16084.771339397339,0.6784521982946138,0.12679719737787312,33.912284933906655,2271381.0938170906,647265.7164035742,loss,,,,,,,,,,1.6674796999996033,formal_fixed_assignment_seeds_9000031-9000060_run01/seed_9000056/per_controller.csv
fixed_assignment,Fixed-Assignment Heuristic,heuristic,,9000057,720,720,1,471183.9000000081,849978.2817060094,40866.90266720842,3317.850006275692,2936.896003633858,1368283.8303831355,490444.39267873607,0,1858728.2230618715,269387.2184068376,1637671.0487899731,2128115.441468709,122972.65226763315,99675.37235904484,6130.554908484201,0.8105490978767785,0.049852994104265455,21.350463922050228,2380858.3660164326,-252742.9245477235,win,,,,,,,,,,0.9298622000005707,formal_fixed_assignment_seeds_9000031-9000060_run01/seed_9000057/per_controller.csv
fixed_assignment,Fixed-Assignment Heuristic,heuristic,,9000058,720,720,1,457484.2800000045,881575.5624608368,40394.90245662675,3441.188496690165,3011.1972636833493,1385907.1306778418,415691.5853059895,0,1801598.7159838313,251161.16272643194,1637068.2934042737,2052759.8787102632,126103.88537882672,98524.152333236,5196.144816324869,0.7812935504505759,0.04120527135793803,20.83509302132598,2172908.6218546,-120148.74314433686,win,,,,,,,,,,1.4618082000006325,formal_fixed_assignment_seeds_9000031-9000060_run01/seed_9000058/per_controller.csv
fixed_assignment,Fixed-Assignment Heuristic,heuristic,,9000059,720,720,1,474505.020000007,857320.253029784,40481.372259745905,3346.5090439557725,3039.533317706314,1378692.6876511988,724372.3870073735,0,2103065.074658572,265452.36929112545,1644145.0569423242,2368517.4439496975,125978.9416694392,98735.05429206329,9054.654837592172,0.7837425285817835,0.07187435231319068,23.988617426020785,2212831.2094909954,155686.23445870215,loss,,,,,,,,,,1.5564911000001302,formal_fixed_assignment_seeds_9000031-9000060_run01/seed_9000059/per_controller.csv
fixed_assignment,Fixed-Assignment Heuristic,heuristic,,9000060,720,720,1,462050.8200000049,826454.4282723662,36585.72046038614,3226.0257574186653,2610.245465799473,1330927.2399559754,1150107.8475147344,0,2481035.08747071,249050.5017204458,1579977.7416764214,2730085.5891911555,126857.6135473692,89233.46453752724,14376.348093934177,0.7034143402375063,0.11332664782130704,30.594862626262984,2521676.157625502,208409.43156565353,loss,,,,,,,,,,1.171220600000197,formal_fixed_assignment_seeds_9000031-9000060_run01/seed_9000060/per_controller.csv
greedy,Greedy,heuristic,,9000031,720,720,1,509791.9200000052,991296.1028016104,46932.58187229298,3869.4774345292985,3507.322500000005,1555397.4046084378,499268.9184761926,0,2054666.3230846303,238351.0279126895,1793748.4325211272,2293017.35099732,134043.80710806392,114469.71188364139,6240.861480952415,0.8539724016593903,0.04655837233809045,20.03165128368782,2293017.35099732,0,tie,,,,,,,,,,1.5100473589263856,formal_greedy_seeds_9000031-9000060_run01/seed_9000031/per_controller.csv
greedy,Greedy,heuristic,,9000032,720,720,1,523906.68000000407,872609.8901637925,41249.47812830116,3406.191419085648,3205.125000000004,1444377.3647111836,147597.08007642228,0,1591974.444787606,174236.81051761188,1618614.1752287955,1766211.2553052178,118765.80374023803,100608.4832397591,1844.963500955279,0.847116594771739,0.015534467353839855,17.555291546302083,1766211.2553052178,0,tie,,,,,,,,,,0.5683065592311323,formal_greedy_seeds_9000031-9000060_run01/seed_9000032/per_controller.csv
greedy,Greedy,heuristic,,9000033,720,720,1,533870.0400000046,932749.1859035201,43105.35594725522,3640.942314540279,3205.125000000006,1516570.64916532,383151.50941582996,0,1899722.15858115,207876.53585432417,1724447.1850196442,2107598.694435474,127077.96740974124,105135.0145055005,4789.393867697877,0.8273268501888339,0.03768862506476275,20.04659155989566,2107598.694435474,0,tie,,,,,,,,,,1.0298470268025994,formal_greedy_seeds_9000031-9000060_run01/seed_9000033/per_controller.csv
greedy,Greedy,heuristic,,9000034,720,720,1,508546.50000000285,916455.4202540746,42937.94541789649,3577.340371260317,3205.125000000005,1474722.3310432343,262004.67944717887,0,1736727.0104904133,199225.9755994933,1673948.3066427277,1935952.9860899067,123422.0995854394,104726.69614121088,3275.0584930897367,0.8485246685397168,0.02653543007362766,18.485763968716398,1935952.9860899067,0,tie,,,,,,,,,,1.051309647038579,formal_greedy_seeds_9000031-9000060_run01/seed_9000034/per_controller.csv
greedy,Greedy,heuristic,,9000035,720,720,1,484053.24000000494,884710.3299529921,44725.083455352586,3453.4249132755917,3205.125000000004,1420147.2033216252,282922.74237956875,0,1703069.945701194,181939.4867516455,1602086.6900732708,1885009.4324528396,116933.45658342756,109085.56940329901,3536.5342797446087,0.9328858702254357,0.030243989898831276,17.280098942178068,1885009.4324528396,0,tie,,,,,,,,,,1.0866180039010942,formal_greedy_seeds_9000031-9000060_run01/seed_9000035/per_controller.csv
greedy,Greedy,heuristic,,9000036,720,720,1,508131.36000000505,717852.1628473271,33266.2698997174,2802.1019528023844,2435.8950000000013,1264487.7896998518,2055838.1571652698,0,3320325.946865122,213435.5826975821,1477923.372397434,3533761.529562704,124518.9993117014,81137.24365784733,25697.976964565867,0.6516053301612313,0.20637795924008007,43.552891006064264,3533761.529562704,0,tie,,,,,,,,,,0.9837726186960936,formal_greedy_seeds_9000031-9000060_run01/seed_9000036/per_controller.csv
greedy,Greedy,heuristic,,9000037,720,720,1,495677.16000000644,985460.3769294086,46558.290197615104,3846.6979547020733,3434.0625000000045,1534976.587581732,341708.7052254426,0,1876685.2928071746,123800.62038750286,1658777.207969235,2000485.9131946776,121647.55872136065,113556.80536003655,4271.358815318033,0.9334902118351891,0.03511257324203092,17.6166096505802,2000485.9131946776,0,tie,,,,,,,,,,0.38356243213638663,formal_greedy_seeds_9000031-9000060_run01/seed_9000037/per_controller.csv
greedy,Greedy,heuristic,,9000038,720,720,1,532209.4800000057,934722.6242499,47193.94968274025,3648.6455377529687,3434.062500000004,1521208.761970399,192712.67507384662,0,1713921.4370442457,206374.53368219113,1727583.29565259,1920295.9707264367,128369.72617542402,115107.19434814701,2408.9084384230837,0.8966848943094803,0.018765393603248658,16.68267549740126,1920295.9707264367,0,tie,,,,,,,,,,1.3666203496977687,formal_greedy_seeds_9000031-9000060_run01/seed_9000038/per_controller.csv
greedy,Greedy,heuristic,,9000039,720,720,1,500658.8400000053,812662.8487139633,36832.2939580883,3172.190979155211,2747.2500000000027,1356073.4236512124,751527.0306649255,0,2107600.454316138,329963.2737352864,1686036.6973864988,2437563.728051424,125712.08383662622,89834.86331241042,9394.08788331157,0.7146080199351292,0.0747270079105522,27.13382798362517,2437563.728051424,0,tie,,,,,,,,,,1.1793479439802468,formal_greedy_seeds_9000031-9000060_run01/seed_9000039/per_controller.csv
greedy,Greedy,heuristic,,9000040,720,720,1,419291.40000000526,869010.670625592,40082.84435868473,3392.142035913834,2976.1875000000036,1334753.2445201958,1093209.2613003359,0,2427962.5058205314,189236.97336836957,1523990.2178885653,2617199.479188901,128417.59580770151,97763.03502118237,13665.115766254208,0.7612900273228701,0.1064115527183439,26.770849315611272,2617199.479188901,0,tie,,,,,,,,,,0.936006756965071,formal_greedy_seeds_9000031-9000060_run01/seed_9000040/per_controller.csv
greedy,Greedy,heuristic,,9000041,720,720,1,548399.9400000061,930839.2864190845,43369.18863115846,3633.487112268872,3205.1250000000036,1529447.0271625181,320060.7342543004,0,1849507.7614168185,236002.43776164885,1765449.464924167,2085510.1991784673,125444.62651394652,105778.5088564841,4000.7591781787564,0.8432286961667823,0.03189263095086791,19.71582150026336,2085510.1991784673,0,tie,,,,,,,,,,1.3982615871354938,formal_greedy_seeds_9000031-9000060_run01/seed_9000041/per_controller.csv
greedy,Greedy,heuristic,,9000042,720,720,1,435481.8600000025,762450,34679.482461056614,2976.187500000002,2518.312500000003,1238105.842461059,1225546.1170821812,0,2463651.9595432403,249542.1630100177,1487648.0054710768,2713194.122553258,122590.33961068436,84584.10356355288,15319.326463527254,0.6899736458204653,0.12496356982269179,32.076879794732115,2713194.122553258,0,tie,,,,,,,,,,0.7459054477512836,formal_greedy_seeds_9000031-9000060_run01/seed_9000042/per_controller.csv
greedy,Greedy,heuristic,,9000043,720,720,1,539266.8600000045,832152.5362256246,39695.59529147315,3248.26805221064,2976.187500000004,1417339.447069313,648052.9935200483,0,2065392.4405893614,246085.5553208533,1663425.0023901663,2311477.9959102147,122999.51700733569,96818.52510115394,8100.662419000601,0.7871455714365097,0.06585930267122495,23.874335965097917,2311477.9959102147,0,tie,,,,,,,,,,0.6833653273060918,formal_greedy_seeds_9000031-9000060_run01/seed_9000043/per_controller.csv
greedy,Greedy,heuristic,,9000044,720,720,1,521830.9800000049,978002.1587654875,47449.82620405974,3817.5851529816537,3434.062500000005,1554534.6126225337,0,0,1554534.6126225337,195457.0796065558,1749991.6922290896,1749991.6922290896,129859.10158151455,115731.28342453578,0,0.8912065616893975,0,15.121163789479587,1749991.6922290896,0,tie,,,,,,,,,,0.6290528941899538,formal_greedy_seeds_9000031-9000060_run01/seed_9000044/per_controller.csv
greedy,Greedy,heuristic,,9000045,720,720,1,469523.34000000684,888826.8168529716,40812.22145707662,3469.493425119818,3147.1275000000046,1405778.9992351749,682804.3172731792,0,2088583.3165083542,267846.58787807595,1673625.5871132507,2356429.90438643,125440.6630420947,99542.0035538456,8535.053965914734,0.7935385634915038,0.06804056801780924,23.67271925676841,2356429.90438643,0,tie,,,,,,,,,,0.9614300518296659,formal_greedy_seeds_9000031-9000060_run01/seed_9000045/per_controller.csv
greedy,Greedy,heuristic,,9000046,720,720,1,510207.06000000477,1023650.0659546552,51030.084159122234,3995.7695988831024,3663.000000000005,1592545.9797126653,166616.12689277253,0,1759162.1066054378,192124.57324540615,1784670.5529580715,1951286.679850844,132406.07380064274,124463.61990029803,2082.7015861596574,0.9400144293055372,0.015729652925858054,15.677566516335682,1951286.679850844,0,tie,,,,,,,,,,0.8664640090428293,formal_greedy_seeds_9000031-9000060_run01/seed_9000046/per_controller.csv
greedy,Greedy,heuristic,,9000047,720,720,1,550475.6400000058,1004909.5154191663,47577.4646627442,3922.616746569061,3434.062500000005,1610319.2993284855,35195.30344107398,0,1645514.6027695595,185787.68843777254,1796106.987766258,1831302.291207332,128277.74695956499,116042.59673840055,439.94129301342485,0.9046198540965867,0.0034295994702191078,15.781293616995745,1831302.291207332,0,tie,,,,,,,,,,1.4904041648842394,formal_greedy_seeds_9000031-9000060_run01/seed_9000047/per_controller.csv
greedy,Greedy,heuristic,,9000048,720,720,1,496092.3000000053,879750.0000000005,41576.985136586154,3434.0625000000036,2976.1875000000036,1423829.535136592,920290.1356173938,0,2344119.6707539856,244209.46761415785,1668039.00275075,2588329.1383681437,131010.22127700872,101407.28082094183,11503.626695217417,0.7740409857527507,0.08780709308851625,25.524095680451598,2588329.1383681437,0,tie,,,,,,,,,,1.004115004092455,formal_greedy_seeds_9000031-9000060_run01/seed_9000048/per_controller.csv
greedy,Greedy,heuristic,,9000049,720,720,1,476995.8600000061,935846.9986671886,42195.961850622494,3653.0344800915527,3073.867500000004,1461765.7224979086,225508.1695586931,0,1687273.8920566018,153205.8829228738,1614971.6054207825,1840479.7749794757,124881.7699196395,102916.98012346955,2818.852119483664,0.824115322754441,0.022572166628464462,17.88314982397901,1840479.7749794757,0,tie,,,,,,,,,,1.1398657551035285,formal_greedy_seeds_9000031-9000060_run01/seed_9000049/per_controller.csv
greedy,Greedy,heuristic,,9000050,720,720,1,485713.8000000049,924220.7960372785,44019.99307139512,3607.652148214576,3278.385000000004,1460840.6262568932,580528.3571607744,0,2041368.9834176674,290977.074011941,1751817.7002688341,2332346.0574296084,132171.66508378548,107365.83675950028,7256.604464509676,0.8123211332129285,0.0549028754378604,21.723353795063034,2332346.0574296084,0,tie,,,,,,,,,,1.467560533899814,formal_greedy_seeds_9000031-9000060_run01/seed_9000050/per_controller.csv
greedy,Greedy,heuristic,,9000051,720,720,1,547154.5200000071,988413.1763783398,46856.61048309065,3858.224067640521,3652.5106264958554,1589935.041555574,111700.07407355397,0,1701635.115629128,231342.11844138431,1821277.1599969582,1932977.2340705122,128981.17360926494,114284.41581241634,1396.2509259194253,0.8860550157391892,0.01082523043362299,16.913742965998566,1932977.2340705122,0,tie,,,,,,,,,,1.6774545097723603,formal_greedy_seeds_9000031-9000060_run01/seed_9000051/per_controller.csv
greedy,Greedy,heuristic,,9000052,720,720,1,455408.58000000555,912620.7272930671,41728.03963224693,3562.3718287238994,3025.027500000004,1416344.7462540437,605908.9678186643,0,2022253.714072708,225271.25055557245,1641615.9968096162,2247524.9646282806,130292.35070980627,101775.7064201145,7573.8620977333,0.7811333962865903,0.05812975248717547,22.08311829692287,2247524.9646282806,0,tie,,,,,,,,,,0.8387119029648602,formal_greedy_seeds_9000031-9000060_run01/seed_9000052/per_controller.csv
greedy,Greedy,heuristic,,9000053,720,720,1,474089.8800000057,875513.9049443998,41922.10754536975,3417.527103379516,3171.547500000004,1398114.967093155,276859.5979195419,0,1674974.565012697,221481.23317375555,1619596.2002669105,1896455.7981864524,119353.23535741051,102249.04279358484,3460.7449739942754,0.8566926777258603,0.02899582037831538,18.547418600435417,1896455.7981864524,0,tie,,,,,,,,,,1.5039415652863681,formal_greedy_seeds_9000031-9000060_run01/seed_9000053/per_controller.csv
greedy,Greedy,heuristic,,9000054,720,720,1,462881.1000000046,821100.0000000002,36620.17153686314,3205.1250000000014,2959.20892760699,1326765.6054644748,1756851.6410554764,0,3083617.246519951,268989.85200215015,1595755.457466625,3352607.0985221015,132093.20107071442,89317.49155332484,21960.645513193453,0.6761702406281294,0.166251141884563,37.535840295296566,3352607.0985221015,0,tie,,,,,,,,,,1.4021019763313234,formal_greedy_seeds_9000031-9000060_run01/seed_9000054/per_controller.csv
greedy,Greedy,heuristic,,9000055,720,720,1,562929.8400000044,879750.0000000008,41233.92884237136,3434.0625000000045,3122.707500000005,1490470.5388423766,661681.750916707,0,2152152.2897590837,227529.87902817575,1718000.4178705523,2379682.1687872596,124998.78160566899,100570.55815212545,8271.021886458835,0.8045723075077105,0.06616882004939258,23.661817260551494,2379682.1687872596,0,tie,,,,,,,,,,1.2794460491277277,formal_greedy_seeds_9000031-9000060_run01/seed_9000055/per_controller.csv
greedy,Greedy,heuristic,,9000056,720,720,1,592404.780000005,905083.4829726038,41108.806989840996,3532.950552140504,2976.187500000004,1545106.2080145902,493355.19468449784,0,2038461.402699088,232919.69111800278,1778025.899132593,2271381.0938170906,126854.31280836993,100265.38290205119,6166.939933556223,0.790397903566079,0.048614349776756854,22.653691913150052,2271381.0938170906,0,tie,,,,,,,,,,1.2688334877602756,formal_greedy_seeds_9000031-9000060_run01/seed_9000056/per_controller.csv
greedy,Greedy,heuristic,,9000057,720,720,1,479486.70000000624,865849.2582666061,41097.21092431297,3379.801612351435,2976.187500000004,1392789.1583032766,793250.9177187805,0,2186040.076022057,194818.28999437566,1587607.4482976524,2380858.3660164326,122972.65226763315,100237.09981539742,9915.636471484773,0.8151170033906815,0.08063285851479195,23.752267078767865,2380858.3660164326,0,tie,,,,,,,,,,0.6499815019778907,formal_greedy_seeds_9000031-9000060_run01/seed_9000057/per_controller.csv
greedy,Greedy,heuristic,,9000058,720,720,1,491940.90000000584,931088.7144920056,41729.52508841792,3634.460742949934,3205.1250000000045,1471598.7253233793,521017.4205287178,0,1992616.145852097,180292.47600250278,1651891.201325882,2172908.6218546,126103.88537882672,101779.32948394625,6512.717756608974,0.8071070068792294,0.051645654985524196,21.3492133704549,2172908.6218546,0,tie,,,,,,,,,,1.0266805663704872,formal_greedy_seeds_9000031-9000060_run01/seed_9000058/per_controller.csv
greedy,Greedy,heuristic,,9000059,720,720,1,467032.50000000355,876366.8025780882,40692.1501667262,3420.856348938123,2976.1875000000036,1390488.4965937561,562264.048265009,0,1952752.544858765,260078.66463223027,1650567.1612259864,2212831.2094909954,125978.9416694392,99249.14674811273,7028.300603312616,0.7878233094586256,0.05578948759352522,22.295720235328606,2212831.2094909954,0,tie,,,,,,,,,,1.098954875022173,formal_greedy_seeds_9000031-9000060_run01/seed_9000059/per_controller.csv
greedy,Greedy,heuristic,,9000060,720,720,1,517679.5800000042,834920.2828160737,38425.91240214591,3259.071820071696,2747.2500000000036,1397032.0970382954,914823.1065520641,0,2311855.2035903595,209820.95403514264,1606853.051073438,2521676.157625502,126857.6135473692,93721.73756620959,11435.288831900807,0.7387947395937216,0.09014270812867546,26.905990254865554,2521676.157625502,0,tie,,,,,,,,,,0.7364270742982626,formal_greedy_seeds_9000031-9000060_run01/seed_9000060/per_controller.csv
ppo_hourly,Hourly Centralized Maskable PPO,reinforcement_learning,0,9000031,720,720,1,819486.3600000096,380834,16870.369964697984,1486.5675000000006,1462.1475000000005,1220139.4449647076,5349796.7375767995,0,6569936.182541507,402606.23913119326,1622745.684095901,6972542.421672701,134043.80710806392,41147.24381633658,66872.45921971012,0.3069686299133861,0.4988851082526971,169.45344997577726,2293017.35099732,4679525.0706753805,loss,,,,,,,,,,,formal_ppo_hourly_seeds_9000031-9000060_run02/ppo_hourly/model_seed_0/results.csv
ppo_hourly,Hourly Centralized Maskable PPO,reinforcement_learning,0,9000032,720,720,1,817410.6600000095,422280,15209.84709066963,1648.3500000000013,1092.7949999999994,1257641.6520906792,3463476.231102436,0,4721117.883193115,418761.40520260186,1676403.057293281,5139879.288395717,118765.80374023803,37097.18802602362,43293.452888780404,0.3123558032509238,0.36452793249705867,138.5517221626097,1766211.2553052178,3373668.033090499,loss,,,,,,,,,,,formal_ppo_hourly_seeds_9000031-9000060_run02/ppo_hourly/model_seed_0/results.csv
ppo_hourly,Hourly Centralized Maskable PPO,reinforcement_learning,0,9000033,720,720,1,823637.7600000096,382398,12899.401609355682,1492.6725000000006,1034.7974999999992,1221462.6316093653,4536127.847665288,0,5757590.479274653,420465.1925357825,1641927.8241451478,6178055.671810435,127077.96740974122,31461.955144770032,56701.59809581609,0.2475799368377236,0.4461953496076268,196.36591697440718,2107598.694435474,4070456.977374961,loss,,,,,,,,,,,formal_ppo_hourly_seeds_9000031-9000060_run02/ppo_hourly/model_seed_0/results.csv
ppo_hourly,Hourly Centralized Maskable PPO,reinforcement_learning,0,9000034,720,720,1,815750.1000000103,504390,17250.353980151787,1968.862500000002,1282.05,1340641.3664801621,2950000.535236984,0,4290641.901717146,419636.14966200216,1760277.5161421644,4710278.051379148,123422.09958543938,42074.03409793127,36875.00669046229,0.34089546555481637,0.29877150700175403,111.95213752062693,1935952.9860899067,2774325.0652892413,loss,,,,,,,,,,,formal_ppo_hourly_seeds_9000031-9000060_run02/ppo_hourly/model_seed_0/results.csv
ppo_hourly,Hourly Centralized Maskable PPO,reinforcement_learning,0,9000035,720,720,1,818240.9400000093,433444.0122568421,17975.00523868888,1691.9281936240557,1213.5490547227805,1272565.434743887,3749144.1599300946,0,5021709.594673982,397882.76678806206,1670448.201531949,5419592.361462044,116933.45658342756,43841.47619192415,46864.30199912623,0.374926710223818,0.4007775308146334,123.61792604192382,1885009.4324528396,3534582.929009204,loss,,,,,,,,,,,formal_ppo_hourly_seeds_9000031-9000060_run02/ppo_hourly/model_seed_0/results.csv
ppo_hourly,Hourly Centralized Maskable PPO,reinforcement_learning,0,9000036,720,720,1,825298.3200000095,399599.2830371645,13695.14514011372,1559.8168944641243,882.1618944641228,1241034.726966216,3970576.592594625,0,5211611.319560841,437398.28413115104,1678433.011097367,5649009.603691991,124518.99931170137,33402.79302466765,49632.20740743282,0.26825458933421337,0.39859144132046326,169.11788183461937,3533761.529562704,2115248.0741292876,loss,,,,,,,,,,,formal_ppo_hourly_seeds_9000031-9000060_run02/ppo_hourly/model_seed_0/results.csv
ppo_hourly,Hourly Centralized Maskable PPO,reinforcement_learning,0,9000037,720,720,1,819901.5000000097,401166,14640.774702387005,1565.9325000000008,1019.5349999999993,1238293.7422023967,4401051.123173373,0,5639344.865375769,426129.60883806844,1664423.3510404653,6065474.474213838,121647.55872136065,35709.20659118793,55013.13903966712,0.2935464300848118,0.4522338106733178,169.8574416299306,2000485.9131946776,4064988.56101916,loss,,,,,,,,,,,formal_ppo_hourly_seeds_9000031-9000060_run02/ppo_hourly/model_seed_0/results.csv
ppo_hourly,Hourly Centralized Maskable PPO,reinforcement_learning,0,9000038,720,720,1,806617.02000001,417985.5046991302,15957.087617050187,1631.5866407852889,1207.2891407852874,1243398.488097761,4526363.890736713,0,5769762.378834474,414491.28116726235,1657889.7692650235,6184253.660001736,128369.72617542402,38919.72589524438,56579.5486342088,0.30318461412045483,0.44075461029565377,158.89766738458437,1920295.9707264367,4263957.689275299,loss,,,,,,,,,,,formal_ppo_hourly_seeds_9000031-9000060_run02/ppo_hourly/model_seed_0/results.csv
ppo_hourly,Hourly Centralized Maskable PPO,reinforcement_learning,0,9000039,720,720,1,827789.1600000095,290904,8395.810145089856,1135.5299999999995,677.6549999999997,1128902.1551450994,5407839.877923361,0,6536742.03306846,414147.52933789964,1543049.6844829991,6950889.56240636,125712.08383662622,20477.585719731378,67597.99847404205,0.16289273946284893,0.5377207696428891,339.4389190962469,2437563.728051424,4513325.834354936,loss,,,,,,,,,,,formal_ppo_hourly_seeds_9000031-9000060_run02/ppo_hourly/model_seed_0/results.csv
ppo_hourly,Hourly Centralized Maskable PPO,reinforcement_learning,0,9000040,720,720,1,823222.6200000093,401166,16351.71212713733,1565.932500000001,1150.7924999999996,1243457.0571271467,4546285.486480129,0,5789742.543607276,410867.4552983998,1654324.5124255465,6200609.9989056755,128417.59580770151,39882.22470033502,56828.56858100152,0.3105666668924134,0.44252945418865547,155.47302201658746,2617199.479188901,3583410.5197167746,loss,,,,,,,,,,,formal_ppo_hourly_seeds_9000031-9000060_run02/ppo_hourly/model_seed_0/results.csv
ppo_hourly,Hourly Centralized Maskable PPO,reinforcement_learning,0,9000041,720,720,1,818656.0800000093,416024,16682.862308460415,1623.930000000001,1312.575,1254299.4473084698,4098393.623738836,0,5352693.071047306,413489.8013226981,1667789.248631168,5766182.872370005,125444.62651394652,40689.90806941569,51229.92029673541,0.32436549256967906,0.4083867258438514,141.71039321428498,2085510.1991784673,3680672.673191537,loss,,,,,,,,,,,formal_ppo_hourly_seeds_9000031-9000060_run02/ppo_hourly/model_seed_0/results.csv
ppo_hourly,Hourly Centralized Maskable PPO,reinforcement_learning,0,9000042,720,720,1,821977.2000000098,358904.7367228541,10446.738478495272,1400.967658371499,714.1551583714985,1193443.798018102,4336537.82947608,0,5529981.627494182,452518.97950486396,1645962.777522966,5982500.606999046,122590.33961068436,25479.8499475495,54206.7228684509,0.20784549605186675,0.44217776898732497,234.79340024819916,2713194.122553258,3269306.484445788,loss,,,,,,,,,,,formal_ppo_hourly_seeds_9000031-9000060_run02/ppo_hourly/model_seed_0/results.csv
ppo_hourly,Hourly Centralized Maskable PPO,reinforcement_learning,0,9000043,720,720,1,825298.3200000098,434792,14968.639260562602,1697.190000000001,1019.5349999999993,1277775.6842605723,3513122.4178231116,0,4790898.102083684,458193.4950000001,1735969.1792605724,5249091.597083684,122999.51700733569,36508.87624527475,43914.03022278897,0.29682129762426107,0.3570260379166362,143.77576460636914,2311477.9959102147,2937613.6011734693,loss,,,,,,,,,,,formal_ppo_hourly_seeds_9000031-9000060_run02/ppo_hourly/model_seed_0/results.csv
ppo_hourly,Hourly Centralized Maskable PPO,reinforcement_learning,0,9000044,720,720,1,825298.32000001,387090,12394.826204059738,1510.9875000000006,824.1749999999996,1227118.3087040698,4552379.455200059,0,5779497.763904129,476591.8125000001,1703710.1212040698,6256089.576404129,129859.10158151455,30231.28342453604,56904.743190000736,0.23280065129327418,0.43820373386982625,206.9409190655339,1749991.6922290896,4506097.88417504,loss,,,,,,,,,,,formal_ppo_hourly_seeds_9000031-9000060_run02/ppo_hourly/model_seed_0/results.csv
ppo_hourly,Hourly Centralized Maskable PPO,reinforcement_learning,0,9000045,720,720,1,816165.2400000097,462162,15488.048224868558,1804.0275000000015,1150.7924999999996,1296770.108224878,4070613.0067824605,0,5367383.115007339,414320.3784684999,1711090.486693378,5781703.493475839,125440.6630420947,37775.727377728246,50882.66258478075,0.3011441940884167,0.40563132680274355,153.05339949283427,2356429.90438643,3425273.5890894085,loss,,,,,,,,,,,formal_ppo_hourly_seeds_9000031-9000060_run02/ppo_hourly/model_seed_0/results.csv
ppo_hourly,Hourly Centralized Maskable PPO,reinforcement_learning,0,9000046,720,720,1,812428.9800000099,473605.55482258106,17436.065933707694,1848.6968748029792,1161.8843748029783,1306481.1820059044,4163665.6533311815,0,5470146.835337086,445041.1725000001,1751522.3545059045,5915188.007837086,132406.07380064274,42526.99008221402,52045.820666639884,0.32118609714418994,0.3930772899814452,139.09256207414933,1951286.679850844,3963901.3279862422,loss,,,,,,,,,,,formal_ppo_hourly_seeds_9000031-9000060_run02/ppo_hourly/model_seed_0/results.csv
ppo_hourly,Hourly Centralized Maskable PPO,reinforcement_learning,0,9000047,720,720,1,824883.1800000097,384744,15597.464662744183,1501.8300000000008,1053.1124999999995,1227779.587162754,5048015.846332442,0,6275795.433495196,403752.7785787022,1631532.3657414562,6679548.212073898,128277.74695956499,38042.5967384005,63100.19807915548,0.2965642727603571,0.4919029182750269,175.580764320736,1831302.291207332,4848245.920866566,loss,,,,,,,,,,,formal_ppo_hourly_seeds_9000031-9000060_run02/ppo_hourly/model_seed_0/results.csv
ppo_hourly,Hourly Centralized Maskable PPO,reinforcement_learning,0,9000048,720,720,1,824052.9000000097,417724.74437481794,14278.154598692992,1630.5687751971004,943.7562751970986,1258630.1240239146,4632929.695069328,0,5891559.819093242,405736.3959839899,1664366.5200079044,6297296.215077233,131010.22127700872,34824.76731388538,57911.62118836664,0.2658171780372136,0.4420389540898339,180.82809163713682,2588329.1383681437,3708967.076709089,loss,,,,,,,,,,,formal_ppo_hourly_seeds_9000031-9000060_run02/ppo_hourly/model_seed_0/results.csv
ppo_hourly,Hourly Centralized Maskable PPO,reinforcement_learning,0,9000049,720,720,1,817825.80000001,428536,17091.421980168736,1672.7700000000011,1141.6349999999995,1266267.6269801788,3516136.116539238,0,4782403.743519417,449378.42795411544,1715646.0549342942,5231782.171473533,124881.76991963951,41686.395073582375,43951.70145674047,0.3338068887108764,0.3519464969548643,125.50334856824867,1840479.7749794757,3391302.396494057,loss,,,,,,,,,,,formal_ppo_hourly_seeds_9000031-9000060_run02/ppo_hourly/model_seed_0/results.csv
ppo_hourly,Hourly Centralized Maskable PPO,reinforcement_learning,0,9000050,720,720,1,811598.7000000101,483276,16748.6493028294,1886.4450000000015,1199.6324999999997,1314709.4268028394,4200120.977824174,0,5514830.404627013,416925.1809934336,1731634.607796273,5931755.585620446,132171.66508378548,40850.36415324245,52501.51222280221,0.3090705116512441,0.39722214431906233,145.20692063768593,2332346.0574296084,3599409.5281908377,loss,,,,,,,,,,,formal_ppo_hourly_seeds_9000031-9000060_run02/ppo_hourly/model_seed_0/results.csv
ppo_hourly,Hourly Centralized Maskable PPO,reinforcement_learning,0,9000051,720,720,1,823637.7600000103,437138,15242.999693138217,1706.3474999999999,1019.5349999999992,1278744.6421931484,4422713.533648981,0,5701458.175842129,450691.86599734204,1729436.5081904903,6152150.041839471,128981.17360926494,37178.04803204444,55283.91917061224,0.2882439893489532,0.42862006619732834,165.47802715561667,1932977.2340705122,4219172.807768959,loss,,,,,,,,,,,formal_ppo_hourly_seeds_9000031-9000060_run02/ppo_hourly/model_seed_0/results.csv
ppo_hourly,Hourly Centralized Maskable PPO,reinforcement_learning,0,9000052,720,720,1,821977.200000009,374578,14147.021367406765,1462.1475000000007,940.1699999999995,1213104.5388674156,5142132.411028194,0,6355236.94989561,429984.80570166407,1643089.3445690796,6785221.755597274,130292.35070980627,34504.9301644068,64276.65513785247,0.264826983137774,0.49332639090235386,196.64499314351602,2247524.9646282806,4537696.790968994,loss,,,,,,,,,,,formal_ppo_hourly_seeds_9000031-9000060_run02/ppo_hourly/model_seed_0/results.csv
ppo_hourly,Hourly Centralized Maskable PPO,reinforcement_learning,0,9000053,720,720,1,804126.1800000094,488132.7154090625,19115.967682410603,1905.4029588058372,1334.5854588058355,1314614.851509094,3513952.5103963106,0,4828567.361905404,362632.6888577085,1677247.5403668024,5191200.0507631125,119353.23535741051,46624.31142051368,43924.406379953885,0.39064137039012264,0.36802024049385496,111.34105561243952,1896455.7981864524,3294744.2525766604,loss,,,,,,,,,,,formal_ppo_hourly_seeds_9000031-9000060_run02/ppo_hourly/model_seed_0/results.csv
ppo_hourly,Hourly Centralized Maskable PPO,reinforcement_learning,0,9000054,720,720,1,826543.7400000104,332350,14338.062542284477,1297.3125,1068.3749999999993,1175597.4900422948,5758159.5445488235,0,6933757.034591118,412307.11875841126,1587904.608800706,7346064.153349529,132093.2010707144,34970.88424947431,71976.99430686032,0.2647440138175855,0.5448955262150726,210.06229356239277,3352607.0985221015,3993457.0548274275,loss,,,,,,,,,,,formal_ppo_hourly_seeds_9000031-9000060_run02/ppo_hourly/model_seed_0/results.csv
ppo_hourly,Hourly Centralized Maskable PPO,reinforcement_learning,0,9000055,720,720,1,829449.7200000103,365976,13553.323262662294,1428.5700000000006,931.0124999999995,1211338.6257626729,4985136.5962452395,0,6196475.222007913,379490.2584142409,1590828.8841769136,6575965.480422153,124998.78160566899,33056.8860064934,62314.20745306551,0.26445766576171326,0.49851851876162134,198.92876416521597,2379682.1687872596,4196283.3116348935,loss,,,,,,,,,,,formal_ppo_hourly_seeds_9000031-9000060_run02/ppo_hourly/model_seed_0/results.csv
ppo_hourly,Hourly Centralized Maskable PPO,reinforcement_learning,0,9000056,720,720,1,810353.2800000103,417688.11573454423,16942.395954929816,1630.4257970328608,1303.80829703286,1247918.0257835502,4207415.465656093,0,5455333.491439643,436202.7707341474,1684120.7965176976,5891536.2621737905,126854.31280836991,41322.91696324353,52592.69332070119,0.32575098196044167,0.41459129103595677,142.57309733033304,2271381.0938170906,3620155.1683567,loss,,,,,,,,,,,formal_ppo_hourly_seeds_9000031-9000060_run02/ppo_hourly/model_seed_0/results.csv
ppo_hourly,Hourly Centralized Maskable PPO,reinforcement_learning,0,9000057,720,720,1,814504.6800000096,461387.2340952331,21018.03013875597,1801.0032379484658,1459.1232379484647,1300170.0707098956,3683626.432044671,0,4983796.502754566,401363.71873290645,1701533.789442802,5385160.221487473,122972.65226763315,51263.48814330746,46045.330400558436,0.41686901272763877,0.3744355314086182,105.0486499559534,2380858.3660164326,3004301.85547104,loss,,,,,,,,,,,formal_ppo_hourly_seeds_9000031-9000060_run02/ppo_hourly/model_seed_0/results.csv
ppo_hourly,Hourly Centralized Maskable PPO,reinforcement_learning,0,9000058,720,720,1,811183.5600000094,451996,14574.24340331571,1764.3450000000014,1077.5324999999993,1280595.680903325,3933591.4098954843,0,5214187.090798809,407439.2107494572,1688034.8916527822,5621626.301548267,126103.88537882672,35546.935130038364,49169.892623693544,0.2818861212979471,0.38991576251582605,158.14658228573415,2172908.6218546,3448717.6796936668,loss,,,,,,,,,,,formal_ppo_hourly_seeds_9000031-9000060_run02/ppo_hourly/model_seed_0/results.csv
ppo_hourly,Hourly Centralized Maskable PPO,reinforcement_learning,0,9000059,720,720,1,814919.8200000101,428536,14083.150166726195,1672.7700000000011,995.1149999999992,1260206.8551667363,4022629.3942156527,0,5282836.249382389,439817.1497889113,1700024.0049556475,5722653.3991713,125978.9416694392,34349.14674811274,50282.867427695724,0.2726578449773196,0.39913708403452697,166.60249062768125,2212831.2094909954,3509822.189680305,loss,,,,,,,,,,,formal_ppo_hourly_seeds_9000031-9000060_run02/ppo_hourly/model_seed_0/results.csv
ppo_hourly,Hourly Centralized Maskable PPO,reinforcement_learning,0,9000060,720,720,1,821146.9200000097,456452.8874859908,16355.585531206823,1781.7422494258162,1104.087249425814,1296841.2225160587,3480540.4860140565,0,4777381.708530115,455924.5700673302,1752765.792583389,5233306.278597445,126857.6135473692,39891.672027333785,43506.75607517566,0.3144602118219578,0.34295739024705874,131.18794005454527,2521676.157625502,2711630.1209719433,loss,,,,,,,,,,,formal_ppo_hourly_seeds_9000031-9000060_run02/ppo_hourly/model_seed_0/results.csv
ppo_hourly,Hourly Centralized Maskable PPO,reinforcement_learning,1,9000031,720,720,1,803295.9000000095,471172.55228746193,19026.429356487035,1839.19976452363,1381.3247645236288,1296715.4061730057,4874407.737812406,0,6171123.143985412,367826.18250535347,1664541.588678359,6538949.326490765,134043.80710806392,46405.9252597245,60930.09672265518,0.34619969591219385,0.45455361226449154,140.9076381926144,2293017.35099732,4245931.975493446,loss,,,,,,,,,,,formal_ppo_hourly_seeds_9000031-9000060_run02/ppo_hourly/model_seed_1/results.csv
ppo_hourly,Hourly Centralized Maskable PPO,reinforcement_learning,1,9000032,720,720,1,806617.0200000096,510646,18553.874487929905,1993.282500000002,1388.8875000000005,1339199.0644879395,2664392.444535112,0,4003591.5090230517,373938.9981590472,1713138.0626469867,4377530.507182099,118765.80374023803,45253.35240958531,33304.905556688864,0.3810301533306882,0.2804250424603081,96.73383902172239,1766211.2553052178,2611319.2518768813,loss,,,,,,,,,,,formal_ppo_hourly_seeds_9000031-9000060_run02/ppo_hourly/model_seed_1/results.csv
ppo_hourly,Hourly Centralized Maskable PPO,reinforcement_learning,1,9000033,720,720,1,795823.3800000098,520812,18710.355947255222,2032.9650000000013,1388.8875000000005,1338767.5884472649,3160602.685895387,0,4499370.274342652,417902.7043625191,1756670.292809784,4917272.9787051715,127077.96740974122,45635.01450550061,39507.53357369231,0.3591103590629388,0.3108920797128192,107.7521949316455,2107598.694435474,2809674.2842696975,loss,,,,,,,,,,,formal_ppo_hourly_seeds_9000031-9000060_run02/ppo_hourly/model_seed_1/results.csv
ppo_hourly,Hourly Centralized Maskable PPO,reinforcement_learning,1,9000034,720,720,1,785444.8800000091,488998.3700924299,20392.884935205624,1908.7820009042755,1516.015261958583,1298260.9322905072,3625209.900109983,0,4923470.8324004905,381660.65128285834,1679921.5835733656,5305131.483683349,123422.0995854394,49738.74374440407,45315.123751374806,0.40299706382787825,0.3671556706909304,106.65994121092393,1935952.9860899067,3369178.497593442,loss,,,,,,,,,,,formal_ppo_hourly_seeds_9000031-9000060_run02/ppo_hourly/model_seed_1/results.csv
ppo_hourly,Hourly Centralized Maskable PPO,reinforcement_learning,1,9000035,720,720,1,796238.5200000089,456856.2216176353,19908.101720192768,1783.3166451251059,1388.8875000000005,1276175.047482962,3470898.7009692574,0,4747073.748452219,399862.151695625,1676037.199178587,5146935.900147844,116933.45658342756,48556.345659006816,43386.23376211569,0.41524767228927095,0.3710335350530006,105.9992433593101,1885009.4324528396,3261926.4676950043,loss,,,,,,,,,,,formal_ppo_hourly_seeds_9000031-9000060_run02/ppo_hourly/model_seed_1/results.csv
ppo_hourly,Hourly Centralized Maskable PPO,reinforcement_learning,1,9000036,720,720,1,777142.0800000104,544820.5560963831,24362.71037800555,2126.681262767534,1864.1662627675335,1350316.1939999345,3149663.9591559027,0,4499980.153155837,323109.2832023469,1673425.4772022814,4823089.436358184,124518.99931170137,59421.244824403875,39370.79948944881,0.47720625087628626,0.3161830701104023,81.16776164166416,3533761.529562704,1289327.9067954798,loss,,,,,,,,,,,formal_ppo_hourly_seeds_9000031-9000060_run02/ppo_hourly/model_seed_1/results.csv
ppo_hourly,Hourly Centralized Maskable PPO,reinforcement_learning,1,9000037,720,720,1,800805.0600000109,475456,16649.774702387003,1855.920000000002,1169.1074999999998,1295935.8622023975,3875342.7955635106,0,5171278.657765908,407195.59420858935,1703131.4564109868,5578474.251974498,121647.55872136065,40609.206591187976,48441.784944543826,0.33382672877312103,0.39821419725735696,137.3696932356468,2000485.9131946776,3577988.33877982,loss,,,,,,,,,,,formal_ppo_hourly_seeds_9000031-9000060_run02/ppo_hourly/model_seed_1/results.csv
ppo_hourly,Hourly Centralized Maskable PPO,reinforcement_learning,1,9000038,720,720,1,801220.2000000096,470764,19079.08356531759,1837.6050000000014,1388.8875000000003,1294289.776065327,3675343.376570239,0,4969633.152635566,418171.8236174227,1712461.5996827497,5387804.976252989,128369.72617542402,46534.35015931124,45941.792207127924,0.3625025272369872,0.35788650155992413,115.78124456036745,1920295.9707264367,3467509.005526552,loss,,,,,,,,,,,formal_ppo_hourly_seeds_9000031-9000060_run02/ppo_hourly/model_seed_1/results.csv
ppo_hourly,Hourly Centralized Maskable PPO,reinforcement_learning,1,9000039,720,720,1,794993.1000000098,543214.7665179445,22137.32792084059,2120.413139125355,1622.1851193668488,1364087.792697287,3310843.1308271736,0,4674930.923524461,395875.5627847568,1759963.3554820437,5070806.486309217,125712.08383662622,53993.48273375758,41385.53913533969,0.4295011353397562,0.32920891828604,93.91515845187125,2437563.728051424,2633242.7582577933,loss,,,,,,,,,,,formal_ppo_hourly_seeds_9000031-9000060_run02/ppo_hourly/model_seed_1/results.csv
ppo_hourly,Hourly Centralized Maskable PPO,reinforcement_learning,1,9000040,720,720,1,768424.1400000112,418910.61632384226,16052.056461251817,1635.1977702410861,1128.4827702410846,1206150.4933255876,4332836.47094609,0,5538986.964271678,405948.77486301813,1612099.2681886058,5944935.739134695,128417.59580770151,39151.35722256547,54160.45588682612,0.3048753325143428,0.4217526075470881,151.84494640477604,2617199.479188901,3327736.2599457945,loss,,,,,,,,,,,formal_ppo_hourly_seeds_9000031-9000060_run02/ppo_hourly/model_seed_1/results.csv
ppo_hourly,Hourly Centralized Maskable PPO,reinforcement_learning,1,9000041,720,720,1,788350.8600000095,538532.5728642436,19329.27237468015,2102.1364177341493,1415.3239177341484,1349730.1655744016,3410391.196223166,0,4760121.361797567,383965.54464198655,1733695.710216388,5144086.906439554,125444.62651394652,47144.5667675126,42629.889952789534,0.37581973877750136,0.33983033899064685,109.11303802635328,2085510.1991784673,3058576.7072610864,loss,,,,,,,,,,,formal_ppo_hourly_seeds_9000031-9000060_run02/ppo_hourly/model_seed_1/results.csv
ppo_hourly,Hourly Centralized Maskable PPO,reinforcement_learning,1,9000042,720,720,1,780048.0600000082,527482.1532829346,22811.19637998286,2059.0016277444483,1634.7041277444478,1334035.1154184146,3151304.827379603,0,4485339.9427980175,313957.2481155313,1647992.3635339458,4799297.190913549,122590.33961068436,55637.064341421676,39391.310342245015,0.4538454214101274,0.3213247509334077,86.26079121396926,2713194.122553258,2086103.0683602905,loss,,,,,,,,,,,formal_ppo_hourly_seeds_9000031-9000060_run02/ppo_hourly/model_seed_1/results.csv
ppo_hourly,Hourly Centralized Maskable PPO,reinforcement_learning,1,9000043,720,720,1,812013.8400000094,331809.0190193479,10599.330602133361,1295.2008063383114,788.485806338311,1156505.8762341673,4566656.7501059985,0,5723162.626340166,423366.1602054796,1579872.036439647,6146528.786545645,122999.51700733569,25852.025858861918,57083.20937632497,0.21017989735130507,0.46409295552697605,237.75810917497796,2311477.9959102147,3835050.7906354307,loss,,,,,,,,,,,formal_ppo_hourly_seeds_9000031-9000060_run02/ppo_hourly/model_seed_1/results.csv
ppo_hourly,Hourly Centralized Maskable PPO,reinforcement_learning,1,9000044,720,720,1,792917.4000000106,419676.4341918638,15858.459100676218,1638.187104054559,1180.3121040545577,1231270.7925006596,4640437.472741196,0,5871708.265241856,370321.8008746926,1601592.5933753522,6242030.066116548,129859.10158151455,38679.16853823482,58005.46840926495,0.2978548909331189,0.44668003784743593,161.37963410320535,1749991.6922290896,4492038.373887459,loss,,,,,,,,,,,formal_ppo_hourly_seeds_9000031-9000060_run02/ppo_hourly/model_seed_1/results.csv
ppo_hourly,Hourly Centralized Maskable PPO,reinforcement_learning,1,9000045,720,720,1,763857.60000001,594433.6319606706,21972.005910786072,2320.3435569820317,1633.5310569820303,1384217.1124854307,2486580.0598789086,0,3870797.172364339,427938.29877256585,1812155.4112579965,4298735.471136905,125440.6630420947,53590.25831899048,31082.250748486334,0.4272160001339195,0.24778449024983165,80.21486751470997,2356429.90438643,1942305.5667504752,loss,,,,,,,,,,,formal_ppo_hourly_seeds_9000031-9000060_run02/ppo_hourly/model_seed_1/results.csv
ppo_hourly,Hourly Centralized Maskable PPO,reinforcement_learning,1,9000046,720,720,1,768839.2800000098,537610.8090322521,25440.004514963093,2098.538356228838,1829.9183562288374,1335818.5502596826,4082514.199136839,0,5418332.749396522,375957.9487950299,1711776.4990547125,5794290.6981915515,132406.07380064274,62048.79149991019,51031.42748921051,0.4686249634841826,0.38541606154749364,93.38281307541563,1951286.679850844,3843004.0183407078,loss,,,,,,,,,,,formal_ppo_hourly_seeds_9000031-9000060_run02/ppo_hourly/model_seed_1/results.csv
ppo_hourly,Hourly Centralized Maskable PPO,reinforcement_learning,1,9000047,720,720,1,775896.6600000096,523710.8068866542,22702.438425623495,2044.280355526232,1582.086461248516,1325936.272129062,3905181.105867092,0,5231117.377996154,397053.24330707913,1722989.5154361413,5628170.621303233,128277.74695956499,55371.80103810617,48814.76382333863,0.4316555470494829,0.3805396101844988,101.64326454597347,1831302.291207332,3796868.330095901,loss,,,,,,,,,,,formal_ppo_hourly_seeds_9000031-9000060_run02/ppo_hourly/model_seed_1/results.csv
ppo_hourly,Hourly Centralized Maskable PPO,reinforcement_learning,1,9000048,720,720,1,805786.7400000097,464349.5074777027,17313.71195601821,1812.5663319382206,1232.591331938219,1290495.1170976069,3900875.583135589,0,5191370.700233196,440607.0384703197,1731102.1555679266,5631977.738703515,131010.22127700872,42228.56574638596,48760.94478919488,0.3223303138851865,0.37219191230960885,133.36890891648423,2588329.1383681437,3043648.6003353717,loss,,,,,,,,,,,formal_ppo_hourly_seeds_9000031-9000060_run02/ppo_hourly/model_seed_1/results.csv
ppo_hourly,Hourly Centralized Maskable PPO,reinforcement_learning,1,9000049,720,720,1,777557.2200000106,468769.5817002997,17911.882689081558,1829.8198825321806,1249.8448825321798,1267318.3491544563,4030524.7203573533,0,5297843.069511809,329010.17535095953,1596328.524505416,5626853.244862769,124881.76991963951,43687.518753857534,50381.55900446702,0.34983103444137703,0.40343405636296775,128.79773000076656,1840479.7749794757,3786373.469883293,loss,,,,,,,,,,,formal_ppo_hourly_seeds_9000031-9000060_run02/ppo_hourly/model_seed_1/results.csv
ppo_hourly,Hourly Centralized Maskable PPO,reinforcement_learning,1,9000050,720,720,1,775481.5200000096,504085.16906370607,17839.667118189944,1967.6726068631258,1280.860106863124,1300654.8888956318,4178982.5874301097,0,5479637.476325741,427773.6420460475,1728428.5309416791,5907411.118371788,132171.66508378548,43511.383215097456,52237.2823428764,0.32920356407339635,0.3952230026743058,135.7670265081817,2332346.0574296084,3575065.06094218,loss,,,,,,,,,,,formal_ppo_hourly_seeds_9000031-9000060_run02/ppo_hourly/model_seed_1/results.csv
ppo_hourly,Hourly Centralized Maskable PPO,reinforcement_learning,1,9000051,720,720,1,787105.4400000095,590161.2638961794,23494.916790305695,2303.6665703875815,1633.9002911976527,1404699.1875480798,3341213.4646783764,0,4745912.652226456,405686.45999168983,1810385.6475397695,5151599.112218146,128981.17360926494,57304.675098306565,41765.168308479704,0.44428712729739245,0.32380825154377135,89.89840887118795,1932977.2340705122,3218621.8781476337,loss,,,,,,,,,,,formal_ppo_hourly_seeds_9000031-9000060_run02/ppo_hourly/model_seed_1/results.csv
ppo_hourly,Hourly Centralized Maskable PPO,reinforcement_learning,1,9000052,720,720,1,787520.5800000101,414307.5505382498,16356.21114121555,1617.2299207391409,1159.3549207391395,1220960.9265209537,4809329.181961998,0,6030290.108482952,383139.7407061745,1604100.667227128,6413429.849189127,130292.35070980627,39893.19790540385,60116.61477452496,0.3061821947955794,0.4613978828919875,160.76499719067087,2247524.9646282806,4165904.8845608463,loss,,,,,,,,,,,formal_ppo_hourly_seeds_9000031-9000060_run02/ppo_hourly/model_seed_1/results.csv
ppo_hourly,Hourly Centralized Maskable PPO,reinforcement_learning,1,9000053,720,720,1,783369.1800000082,531919.6241993373,20709.296898057888,2076.323085509563,1453.210761995185,1339527.634944908,3500547.66249495,0,4840075.297439858,266044.51872281666,1605572.1536677247,5106119.816162675,119353.23535741051,50510.48023916557,43756.84578118693,0.42320160059263473,0.3666163355367318,101.09030426923987,1896455.7981864524,3209664.0179762226,loss,,,,,,,,,,,formal_ppo_hourly_seeds_9000031-9000060_run02/ppo_hourly/model_seed_1/results.csv
ppo_hourly,Hourly Centralized Maskable PPO,reinforcement_learning,1,9000054,720,720,1,797068.8000000096,542417.6293024434,22559.721157866767,2117.3015517208564,1633.0875000000008,1365796.5395120406,4238324.71139259,0,5604121.250904631,369242.40170797077,1735038.9412200113,5973363.652612601,132093.20107071442,55023.71014113851,52979.05889240735,0.4165521744883922,0.4010733214349593,108.55981243886738,3352607.0985221015,2620756.5540905,loss,,,,,,,,,,,formal_ppo_hourly_seeds_9000031-9000060_run02/ppo_hourly/model_seed_1/results.csv
ppo_hourly,Hourly Centralized Maskable PPO,reinforcement_learning,1,9000055,720,720,1,802050.4800000093,451968.00809900044,16971.53330359866,1764.235734938874,1185.502406096542,1273939.7595436438,4300674.620153434,0,5574614.379697077,381183.2404714123,1655123.0000150562,5955797.620168489,124998.78160566899,41393.9836673138,53758.43275191793,0.33115509715845487,0.4300716539902646,143.88075494341476,2379682.1687872596,3576115.45138123,loss,,,,,,,,,,,formal_ppo_hourly_seeds_9000031-9000060_run02/ppo_hourly/model_seed_1/results.csv
ppo_hourly,Hourly Centralized Maskable PPO,reinforcement_learning,1,9000056,720,720,1,794577.9600000099,448650.3172750339,21581.39395694636,1751.2852857826622,1522.347785782662,1268083.3043035557,4327692.942211641,0,5595776.246515197,340886.0200571036,1608969.3243606593,5936662.2665723,126854.31280836993,52637.546236454575,54096.16177764554,0.41494486920575174,0.4264432212041926,112.78379580811111,2271381.0938170906,3665281.1727552097,loss,,,,,,,,,,,formal_ppo_hourly_seeds_9000031-9000060_run02/ppo_hourly/model_seed_1/results.csv
ppo_hourly,Hourly Centralized Maskable PPO,reinforcement_learning,1,9000057,720,720,1,780463.2000000098,471488.2156125224,22145.524907344916,1840.431941377527,1543.0665984635327,1277480.4390597183,3844483.867177556,0,5121964.306237274,360471.5674168138,1637952.0064765322,5482435.873654088,122972.65226763315,54013.47538376833,48056.04833971936,0.4392316046515399,0.39078646718241017,101.50126120752495,2380858.3660164326,3101577.5076376554,loss,,,,,,,,,,,formal_ppo_hourly_seeds_9000031-9000060_run02/ppo_hourly/model_seed_1/results.csv
ppo_hourly,Hourly Centralized Maskable PPO,reinforcement_learning,1,9000058,720,720,1,781708.620000009,550981.253883804,20215.00735374534,2150.7292550899147,1497.4942550899136,1356553.1047477382,3035152.1767620207,0,4391705.281509759,373947.2644455133,1730500.3691932515,4765652.545955272,126103.88537882672,49304.89598474477,37939.40220952525,0.39098633508895225,0.3008583129342295,96.65678125413334,2172908.6218546,2592743.9241006724,loss,,,,,,,,,,,formal_ppo_hourly_seeds_9000031-9000060_run02/ppo_hourly/model_seed_1/results.csv
ppo_hourly,Hourly Centralized Maskable PPO,reinforcement_learning,1,9000059,720,720,1,786690.3000000089,517903.58602435666,18645.66298897507,2021.6121436564586,1334.7996436564565,1326595.9608006538,3506656.0465624603,0,4833252.0073631145,394521.6344560059,1721117.5952566597,5227773.64181912,125978.9416694392,45477.22680237829,43833.20058203067,0.36099070368210956,0.3479406954937455,114.95365943346675,2212831.2094909954,3014942.432328125,loss,,,,,,,,,,,formal_ppo_hourly_seeds_9000031-9000060_run02/ppo_hourly/model_seed_1/results.csv
ppo_hourly,Hourly Centralized Maskable PPO,reinforcement_learning,1,9000060,720,720,1,819901.500000009,423973.1766450289,15705.422342579586,1654.959234921932,1055.6818071505786,1262290.74002969,3953560.7669484518,0,5215851.506978142,453491.17755077954,1715781.9175804695,5669342.684528922,126857.6135473692,38305.90815263321,49419.50958685566,0.30195986729901403,0.38956676075576807,148.00178243885864,2521676.157625502,3147666.5269034198,loss,,,,,,,,,,,formal_ppo_hourly_seeds_9000031-9000060_run02/ppo_hourly/model_seed_1/results.csv
ppo_hourly,Hourly Centralized Maskable PPO,reinforcement_learning,2,9000031,720,720,1,758045.6400000082,520945.80183091084,21800.06567197315,2033.4872891161851,1609.1897891161846,1304434.1845811247,4372383.642033841,0,5676817.826614967,380170.4600755187,1684604.6446566433,6056988.286690486,134043.80710806395,53170.89188286137,54654.79552542309,0.39666802241744636,0.40773831111318165,113.91549158201805,2293017.35099732,3763970.9356931658,loss,,,,,,,,,,,formal_ppo_hourly_seeds_9000031-9000060_run02/ppo_hourly/model_seed_2/results.csv
ppo_hourly,Hourly Centralized Maskable PPO,reinforcement_learning,2,9000032,720,720,1,813674.4000000089,411302.5401548072,17053.302520781006,1605.5000048881707,1230.0425048881698,1244865.7851853736,3577950.7868033536,0,4822816.571988727,369441.4038010408,1614307.1889864143,5192257.975789768,118765.80374023803,41593.42078239283,44724.38483504191,0.35021377764061656,0.37657628228460527,124.83363662138929,1766211.2553052178,3426046.72048455,loss,,,,,,,,,,,formal_ppo_hourly_seeds_9000031-9000060_run02/ppo_hourly/model_seed_2/results.csv
ppo_hourly,Hourly Centralized Maskable PPO,reinforcement_learning,2,9000033,720,720,1,791256.8400000096,547162.6943350633,22592.914090142178,2135.823688564939,1677.948688564938,1364826.220802345,3438074.2979090856,0,4802900.518711431,301231.574396305,1666057.79519865,5104132.093107736,127077.96740974122,55104.66851254193,42975.92872386363,0.43362881572433665,0.33818552184813505,92.62612825528612,2107598.694435474,2996533.3986722617,loss,,,,,,,,,,,formal_ppo_hourly_seeds_9000031-9000060_run02/ppo_hourly/model_seed_2/results.csv
ppo_hourly,Hourly Centralized Maskable PPO,reinforcement_learning,2,9000034,720,720,1,771330.1200000091,549619.0398630741,22293.35398015178,2145.4119171125767,1657.5075000000013,1347045.4332603475,3320219.3049049373,0,4667264.7381652845,321725.38375085115,1668770.8170111985,4988990.121916136,123422.09958543938,54374.0340979313,41502.74131131169,0.44055346879179186,0.33626669332894693,91.7531723493355,1935952.9860899067,3053037.135826229,loss,,,,,,,,,,,formal_ppo_hourly_seeds_9000031-9000060_run02/ppo_hourly/model_seed_2/results.csv
ppo_hourly,Hourly Centralized Maskable PPO,reinforcement_learning,2,9000035,720,720,1,809938.1400000086,412114,17911.083455352597,1608.667500000001,1208.79,1242780.680955361,3820673.2541721216,0,5063453.935127483,395345.9793580705,1638126.6603134316,5458799.914485553,116933.45658342756,43685.56940329905,47758.41567715158,0.3735934152611923,0.40842387690025883,124.95659296759253,1885009.4324528396,3573790.4820327135,loss,,,,,,,,,,,formal_ppo_hourly_seeds_9000031-9000060_run02/ppo_hourly/model_seed_2/results.csv
ppo_hourly,Hourly Centralized Maskable PPO,reinforcement_learning,2,9000036,720,720,1,779632.9200000082,479026.4929146783,19950.487345968035,1869.8572501560825,1347.8797501560814,1281827.6372609667,4032030.751267786,0,5313858.388528753,357855.46004563075,1639683.0973065975,5671713.848574384,124518.99931170137,48659.72523406843,50400.38439084733,0.39078153135700433,0.4047605961294541,116.55869040138789,3533761.529562704,2137952.3190116803,loss,,,,,,,,,,,formal_ppo_hourly_seeds_9000031-9000060_run02/ppo_hourly/model_seed_2/results.csv
ppo_hourly,Hourly Centralized Maskable PPO,reinforcement_learning,2,9000037,720,720,1,784614.6000000102,483276,19265.91168868837,1886.445000000002,1584.247500000001,1290627.204188699,3985998.4264061847,0,5276625.630594883,351634.4501206189,1642261.654309318,5628260.080715502,121647.55872136065,46990.02850899623,49824.98033007731,0.3862800783090852,0.40958471221114867,119.77562600622753,2000485.9131946776,3627774.167520824,loss,,,,,,,,,,,formal_ppo_hourly_seeds_9000031-9000060_run02/ppo_hourly/model_seed_2/results.csv
ppo_hourly,Hourly Centralized Maskable PPO,reinforcement_learning,2,9000038,720,720,1,809523.0000000107,365705.750124661,14092.78057162914,1427.5150923983733,969.6400923983723,1191718.6858810973,4750108.081177284,0,5941826.767058382,425131.6350000001,1616850.3208810976,6366958.402058382,128369.72617542402,34372.635540558935,59376.35101471606,0.2677627861695904,0.4625416972033978,185.23334920144586,1920295.9707264367,4446662.431331945,loss,,,,,,,,,,,formal_ppo_hourly_seeds_9000031-9000060_run02/ppo_hourly/model_seed_2/results.csv
ppo_hourly,Hourly Centralized Maskable PPO,reinforcement_learning,2,9000039,720,720,1,799559.6400000085,495788,18176.06370076852,1935.285000000002,1452.9900000000005,1316911.978700777,4079482.8890265957,0,5396394.867727373,345124.83344331145,1662036.8121440886,5741519.701170684,125712.08383662622,44331.86268480135,50993.53611283254,0.35264599338289915,0.40563750561245226,129.51225943274193,2437563.728051424,3303955.97311926,loss,,,,,,,,,,,formal_ppo_hourly_seeds_9000031-9000060_run02/ppo_hourly/model_seed_2/results.csv
ppo_hourly,Hourly Centralized Maskable PPO,reinforcement_learning,2,9000040,720,720,1,796238.5200000097,472328,20940.695791484606,1843.7100000000016,1541.5125000000007,1292892.4382914943,3487341.2103941203,0,4780233.648685615,437967.8733916342,1730860.3116831286,5218201.522077248,128417.59580770151,51074.86778410884,43591.76512992655,0.39772484029829314,0.3394532100974923,102.16769515947355,2617199.479188901,2601002.0428883475,loss,,,,,,,,,,,formal_ppo_hourly_seeds_9000031-9000060_run02/ppo_hourly/model_seed_2/results.csv
ppo_hourly,Hourly Centralized Maskable PPO,reinforcement_learning,2,9000041,720,720,1,790011.4200000083,397256,13685.188631158424,1550.6700000000008,995.1149999999999,1203498.3936311665,4371971.792203056,0,5575470.1858342225,427634.9265826637,1631133.3202138303,6003105.112416886,125444.62651394652,33378.50885648397,54649.64740253819,0.2660816153234994,0.4356475755178116,179.84940963744543,2085510.1991784673,3917594.9132384183,loss,,,,,,,,,,,formal_ppo_hourly_seeds_9000031-9000060_run02/ppo_hourly/model_seed_2/results.csv
ppo_hourly,Hourly Centralized Maskable PPO,reinforcement_learning,2,9000042,720,720,1,812428.9800000091,416024,16263.555520417358,1623.930000000001,1272.8925,1247613.3580204265,3717734.239222245,0,4965347.597242671,392737.5433256065,1640350.901346033,5358085.140568278,122590.33961068436,39667.20858638387,46471.677990278025,0.3235753217778563,0.3790810771701932,135.07593126700345,2713194.122553258,2644891.0180150196,loss,,,,,,,,,,,formal_ppo_hourly_seeds_9000031-9000060_run02/ppo_hourly/model_seed_2/results.csv
ppo_hourly,Hourly Centralized Maskable PPO,reinforcement_learning,2,9000043,720,720,1,778387.5000000083,514015.01901934796,21090.275807612805,2006.4333063383135,1475.2983063383135,1316974.5264396456,3373166.693001912,0,4690141.219441557,363340.74172398937,1680315.268163635,5053481.961165546,122999.51700733569,51439.69709173874,42164.583662523866,0.4182105616615623,0.3428028392990289,98.24089656191114,2311477.9959102147,2742003.9652553317,loss,,,,,,,,,,,formal_ppo_hourly_seeds_9000031-9000060_run02/ppo_hourly/model_seed_2/results.csv
ppo_hourly,Hourly Centralized Maskable PPO,reinforcement_learning,2,9000044,720,720,1,801635.3400000089,403512,13378.826204059738,1575.090000000001,897.4349999999995,1220998.6912040687,4859338.442750928,0,6080337.133954996,419763.27608273656,1640761.9672868052,6500100.410037733,129859.10158151455,32631.283424536054,60741.73053438672,0.25128222070790235,0.46775104551495916,199.19842947857177,1749991.6922290896,4750108.717808643,loss,,,,,,,,,,,formal_ppo_hourly_seeds_9000031-9000060_run02/ppo_hourly/model_seed_2/results.csv
ppo_hourly,Hourly Centralized Maskable PPO,reinforcement_learning,2,9000045,720,720,1,791256.8400000093,497352,21852.334765236057,1941.390000000002,1843.7100000000016,1314246.2747652452,3524908.5465227826,0,4839154.821288028,367466.0189736423,1681712.2937388874,5206620.84026167,125440.6630420947,53298.377476185604,44061.35683153476,0.42488915622440565,0.35125258240024515,97.688167760605,2356429.90438643,2850190.93587524,loss,,,,,,,,,,,formal_ppo_hourly_seeds_9000031-9000060_run02/ppo_hourly/model_seed_2/results.csv
ppo_hourly,Hourly Centralized Maskable PPO,reinforcement_learning,2,9000046,720,720,1,780463.20000001,519377.0906325736,25538.971059529096,2027.363899176384,1920.5263991763843,1329327.1519904656,3936493.279982671,0,5265820.431973137,380146.8013412246,1709473.9533316903,5645967.233314361,132406.07380064274,62290.17331592486,49206.16599978339,0.4704480053514168,0.371630731033311,90.63977402469251,1951286.679850844,3694680.5534635177,loss,,,,,,,,,,,formal_ppo_hourly_seeds_9000031-9000060_run02/ppo_hourly/model_seed_2/results.csv
ppo_hourly,Hourly Centralized Maskable PPO,reinforcement_learning,2,9000047,720,720,1,787520.5800000096,482494,20868.492060004475,1883.3925000000013,1492.6725000000006,1294259.1370600143,4395721.687114059,0,5689980.8241740735,294448.5322915843,1588707.6693515987,5984429.356465658,128277.74695956499,50898.76112196217,54946.52108892577,0.3967855869654945,0.4283402413221813,117.57514769614801,1831302.291207332,4153127.065258326,loss,,,,,,,,,,,formal_ppo_hourly_seeds_9000031-9000060_run02/ppo_hourly/model_seed_2/results.csv
ppo_hourly,Hourly Centralized Maskable PPO,reinforcement_learning,2,9000048,720,720,1,817410.66000001,409768,18370.985136586165,1599.5100000000007,1248.4724999999999,1248397.627636596,4896884.323454838,0,6145281.951091435,381555.7496022513,1629953.3772388473,6526837.7006936865,131010.22127700872,44807.280820941916,61211.05404318554,0.34201362599183127,0.46722349940742836,145.6646683554872,2588329.1383681437,3938508.562325543,loss,,,,,,,,,,,formal_ppo_hourly_seeds_9000031-9000060_run02/ppo_hourly/model_seed_2/results.csv
ppo_hourly,Hourly Centralized Maskable PPO,reinforcement_learning,2,9000049,720,720,1,804126.1800000097,449650,19182.42198016875,1755.187500000001,1297.3125,1276011.1019801784,3289471.7875219514,0,4565482.8895021295,410818.3790083037,1686829.480988482,4976301.268510433,124881.7699196395,46786.39507358237,41118.39734402443,0.3746455155439346,0.32925860492275066,106.36214353946387,1840479.7749794757,3135821.493530957,loss,,,,,,,,,,,formal_ppo_hourly_seeds_9000031-9000060_run02/ppo_hourly/model_seed_2/results.csv
ppo_hourly,Hourly Centralized Maskable PPO,reinforcement_learning,2,9000050,720,720,1,771745.2600000093,558156.6884796909,22041.573187463488,2178.7382245323,1625.1141927907533,1355747.3740844869,3687758.796247522,0,5043506.170332009,383737.229532566,1739484.6036170528,5427243.399864575,132171.66508378548,53759.934603569454,46096.98495309402,0.40674326505223546,0.34876601519601413,100.95331104633127,2332346.0574296084,3094897.3424349665,loss,,,,,,,,,,,formal_ppo_hourly_seeds_9000031-9000060_run02/ppo_hourly/model_seed_2/results.csv
ppo_hourly,Hourly Centralized Maskable PPO,reinforcement_learning,2,9000051,720,720,1,780048.0600000094,581416.488761748,24242.472889086654,2269.531754405674,1689.5567544056735,1389666.1101596553,3130514.175289072,0,4520180.285448727,421383.87664966687,1811049.9868093221,4941564.162098394,128981.17360926495,59127.98265630891,39131.427191113406,0.4584233574694473,0.3033886736808427,83.5740361855747,1932977.2340705122,3008586.9280278813,loss,,,,,,,,,,,formal_ppo_hourly_seeds_9000031-9000060_run02/ppo_hourly/model_seed_2/results.csv
ppo_hourly,Hourly Centralized Maskable PPO,reinforcement_learning,2,9000052,720,720,1,791256.8400000097,483276,20425.076161927314,1886.4450000000018,1501.8300000000006,1298346.191161937,4057207.0461939634,0,5355553.237355901,373324.503987764,1671670.695149701,5728877.741343665,130292.35070980628,49817.2589315302,50715.08807742459,0.3823498360428366,0.38924071751825096,114.99785143172058,2247524.9646282806,3481352.7767153843,loss,,,,,,,,,,,formal_ppo_hourly_seeds_9000031-9000060_run02/ppo_hourly/model_seed_2/results.csv
ppo_hourly,Hourly Centralized Maskable PPO,reinforcement_learning,2,9000053,720,720,1,814089.5400000097,431630.0498893058,18449.18054811388,1684.847477349241,1284.9699773492403,1267138.5878921277,3403001.1350875027,0,4670139.72297963,416210.92497817834,1683349.5128703061,5086350.647957808,119353.23535741051,44998.001336863126,42537.51418859379,0.37701534610363835,0.3564001768465901,113.03503482033508,1896455.7981864524,3189894.849771356,loss,,,,,,,,,,,formal_ppo_hourly_seeds_9000031-9000060_run02/ppo_hourly/model_seed_2/results.csv
ppo_hourly,Hourly Centralized Maskable PPO,reinforcement_learning,2,9000054,720,720,1,820316.6400000096,313582,13013.567872028218,1224.0525,946.2749999999993,1149082.5353720377,5989268.659047888,0,7138351.194419925,409058.3981325278,1558140.9335045654,7547409.592552453,132093.20107071442,31740.40944397126,74865.85823809862,0.24028798747165978,0.5667654173814755,237.7855145780421,3352607.0985221015,4194802.494030352,loss,,,,,,,,,,,formal_ppo_hourly_seeds_9000031-9000060_run02/ppo_hourly/model_seed_2/results.csv
ppo_hourly,Hourly Centralized Maskable PPO,reinforcement_learning,2,9000055,720,720,1,789596.280000009,566716.0060608146,24734.055038229286,2212.1491157297164,1763.4316157297155,1385021.9218305124,3144281.5986624183,0,4529303.520492931,374587.3027059375,1759609.2245364499,4903890.823198868,124998.78160566899,60326.963507876324,39303.51998328026,0.482620412238805,0.3144312246760152,81.28854061349554,2379682.1687872596,2524208.6544116084,loss,,,,,,,,,,,formal_ppo_hourly_seeds_9000031-9000060_run02/ppo_hourly/model_seed_2/results.csv
ppo_hourly,Hourly Centralized Maskable PPO,reinforcement_learning,2,9000056,720,720,1,798729.36000001,508755.257170415,21001.675971921588,1985.9020748244156,1479.1870748244146,1331951.3822919955,3516900.0141289528,0,4848851.396420948,429960.2408860212,1761911.6231780166,5278811.63730697,126854.31280836991,51223.59993151607,43961.2501766119,0.40379864742080973,0.3465491176718693,103.05428834296168,2271381.0938170906,3007430.543489879,loss,,,,,,,,,,,formal_ppo_hourly_seeds_9000031-9000060_run02/ppo_hourly/model_seed_2/results.csv
ppo_hourly,Hourly Centralized Maskable PPO,reinforcement_learning,2,9000057,720,720,1,817825.8000000101,441048,17204.650857548102,1721.6100000000008,1175.2124999999996,1278975.273357558,3732565.251305285,0,5011540.524662843,399220.42860712373,1678195.7019646817,5410760.953269967,122972.65226763315,41962.56306719065,46657.06564131608,0.3412349192555827,0.37941009469140635,128.94257542386606,2380858.3660164326,3029902.5872535342,loss,,,,,,,,,,,formal_ppo_hourly_seeds_9000031-9000060_run02/ppo_hourly/model_seed_2/results.csv
ppo_hourly,Hourly Centralized Maskable PPO,reinforcement_learning,2,9000058,720,720,1,783784.3200000088,515172.08798853704,18571.562956557453,2010.9498703133127,1406.5548703133115,1320945.4756857299,3072031.1049457416,0,4392976.580631471,420677.87054092693,1741623.3462266568,4813654.451172398,126103.88537882672,45296.49501599386,38400.388811821766,0.359199836546823,0.30451392275871403,106.26991005535268,2172908.6218546,2640745.8293177984,loss,,,,,,,,,,,formal_ppo_hourly_seeds_9000031-9000060_run02/ppo_hourly/model_seed_2/results.csv
ppo_hourly,Hourly Centralized Maskable PPO,reinforcement_learning,2,9000059,720,720,1,779217.78000001,504156.2439640583,22678.449679655805,1967.9500443737716,1739.0125443737709,1309759.4362324716,3360632.331643361,0,4670391.7678758325,388298.9030449476,1698058.3392774193,5058690.67092078,125978.9416694392,55313.291901599594,42007.90414554192,0.43906776139410814,0.3334517943147039,91.45524515011714,2212831.2094909954,2845859.4614297845,loss,,,,,,,,,,,formal_ppo_hourly_seeds_9000031-9000060_run02/ppo_hourly/model_seed_2/results.csv
ppo_hourly,Hourly Centralized Maskable PPO,reinforcement_learning,2,9000060,720,720,1,815750.1000000086,390734.115430671,15205.97216257752,1525.212132163841,1018.4971321638399,1224233.8968575848,4391435.239239424,0,5615669.136097008,412126.0514282695,1636359.9482858544,6027795.187525278,126857.6135473692,37087.73698189651,54892.940490492714,0.29235720225848155,0.4327130154470031,162.52798574546628,2521676.157625502,3506119.029899776,loss,,,,,,,,,,,formal_ppo_hourly_seeds_9000031-9000060_run02/ppo_hourly/model_seed_2/results.csv
ppo_high_level,High-level Centralized Maskable PPO,reinforcement_learning,0,9000031,720,211,3.4123222748815167,665054.2800000097,950912,44370.243371159464,3711.8400000000024,3434.0625000000045,1667482.4258711692,814383.1339100415,0,2481865.5597812105,261739.8602092912,1929222.2860804603,2743605.419990502,134043.80710806392,108220.10578331583,10179.789173875512,0.8073487922949738,0.07594374849163105,25.352085919079563,2293017.35099732,450588.0689931819,loss,0,,,,,,,,,1.858461800031364,formal_ppo_high_level_seeds_9000031-9000060_run01/ppo_high_level/model_seed_0/results.csv
ppo_high_level,High-level Centralized Maskable PPO,reinforcement_learning,0,9000032,720,215,3.3488372093023258,668375.4000000065,879750,41559.23759805146,3434.0625000000027,3195.9675000000043,1596314.667598058,108413.1668383668,0,1704727.8344364248,190755.89492914916,1787070.5625272072,1895483.729365574,118765.80374023803,101363.9941415889,1355.1645854795847,0.8534779452449968,0.01141039375646858,18.69977347891297,1766211.2553052178,129272.47406035615,loss,0,,,,,,,,,0.8255774960853159,formal_ppo_high_level_seeds_9000031-9000060_run01/ppo_high_level/model_seed_0/results.csv
ppo_high_level,High-level Centralized Maskable PPO,reinforcement_learning,0,9000033,720,224,3.2142857142857144,696189.7800000081,963424,46180.355947255215,3760.6800000000035,3434.0625000000045,1712988.8784472633,0,0,1712988.8784472633,228847.33059704176,1941836.2090443051,1941836.2090443051,127077.96740974124,112635.01450550061,0,0.8863457356248721,0,17.240075988532627,2107598.694435474,-165762.48539116886,win,0,,,,,,,,,1.4943796009756625,formal_ppo_high_level_seeds_9000031-9000060_run01/ppo_high_level/model_seed_0/results.csv
ppo_high_level,High-level Centralized Maskable PPO,reinforcement_learning,0,9000034,720,194,3.711340206185567,648033.5400000069,971032.3103650659,44740.179624883385,3790.378679526044,3434.062500000005,1671030.4711694825,0,0,1671030.4711694825,175370.5091934454,1846400.9803629278,1846400.9803629278,123422.09958543938,109122.38932898371,0,0.884139790973523,0,16.920459602441184,1935952.9860899067,-89552.00572697888,win,0,,,,,,,,,1.3370293430052698,formal_ppo_high_level_seeds_9000031-9000060_run01/ppo_high_level/model_seed_0/results.csv
ppo_high_level,High-level Centralized Maskable PPO,reinforcement_learning,0,9000035,720,185,3.891891891891892,669205.6800000074,931480.3603135503,45466.29905591104,3635.989513883776,3434.0625000000055,1653222.3913833527,0,0,1653222.3913833527,165414.02123051698,1818636.4126138696,1818636.4126138696,116933.45658342756,110893.41233149038,0,0.948346312266688,0,16.39985977866272,1885009.4324528396,-66373.01983896992,win,0,,,,,,,,,1.5185060109943151,formal_ppo_high_level_seeds_9000031-9000060_run01/ppo_high_level/model_seed_0/results.csv
ppo_high_level,High-level Centralized Maskable PPO,reinforcement_learning,0,9000036,720,211,3.4123222748815167,680414.460000008,879750.0000000002,41510.13793200314,3434.062500000004,3205.1250000000045,1608313.7854320116,728753.8233408881,0,2337067.6087729,198940.7990385291,1807254.5844705408,2536008.407811429,124518.99931170137,101244.2388585443,9109.422791761102,0.8130826574112222,0.07315689045137602,25.04842187963575,3533761.529562704,-997753.1217512749,win,0,,,,,,,,,1.600806208793074,formal_ppo_high_level_seeds_9000031-9000060_run01/ppo_high_level/model_seed_0/results.csv
ppo_high_level,High-level Centralized Maskable PPO,reinforcement_learning,0,9000037,720,214,3.364485981308411,660902.8800000078,997050.0000000006,44113.78383480707,3891.9375000000036,3229.5450000000055,1709188.1463348153,149243.59614800234,0,1858431.7424828177,196202.22466720582,1905390.3710020212,2054633.9671500237,121647.55872136065,107594.59471904169,1865.544951850029,0.8844780433735796,0.015335654668772646,19.096070509073652,2000485.9131946776,54148.05395534611,loss,0,,,,,,,,,0.8090768358670175,formal_ppo_high_level_seeds_9000031-9000060_run01/ppo_high_level/model_seed_0/results.csv
ppo_high_level,High-level Centralized Maskable PPO,reinforcement_learning,0,9000038,720,155,4.645161290322581,657581.7600000091,938399.9999999995,41043.94968274026,3663.0000000000023,2976.1875000000023,1643664.897182749,880231.7029429831,0,2523896.600125732,185778.59552002524,1829443.4927027742,2709675.195645757,128369.72617542402,100107.19434814698,11002.896286787281,0.7798349138125075,0.08571254776808702,27.067736872359106,1920295.9707264367,789379.2249193203,loss,0,,,,,,,,,1.4447046937420964,formal_ppo_high_level_seeds_9000031-9000060_run01/ppo_high_level/model_seed_0/results.csv
ppo_high_level,High-level Centralized Maskable PPO,reinforcement_learning,0,9000039,720,212,3.3962264150943398,678338.7600000069,997049.9999999998,45784.727851016454,3891.937500000004,3434.0625000000045,1728499.4878510232,10204.22930829586,0,1738703.717159319,189628.87468888867,1918128.3625399119,1928332.5918482076,125712.08383662622,111670.0679293083,127.55286635369825,0.88830018977677,0.0010146428446724683,17.268124105278783,2437563.728051424,-509231.1362032164,win,0,,,,,,,,,1.7789313369430602,formal_ppo_high_level_seeds_9000031-9000060_run01/ppo_high_level/model_seed_0/results.csv
ppo_high_level,High-level Centralized Maskable PPO,reinforcement_learning,0,9000040,720,213,3.380281690140845,673772.2200000075,879749.9999999999,44682.088830718654,3434.0625000000023,3376.0650000000046,1605014.436330726,568823.4916387007,0,2173837.927969427,245238.8395009117,1850253.2758316377,2419076.7674703384,128417.59580770151,108980.70446516748,7110.293645483758,0.8486430833696674,0.0553685310861219,22.19729427647007,2617199.479188901,-198122.71171856252,win,0,,,,,,,,,1.5248317806981504,formal_ppo_high_level_seeds_9000031-9000060_run01/ppo_high_level/model_seed_0/results.csv
ppo_high_level,High-level Centralized Maskable PPO,reinforcement_learning,0,9000041,720,208,3.4615384615384617,670035.9600000064,929694.0014834248,42079.23959071806,3629.016546711194,3376.065000000005,1648814.28262086,663437.5704618992,0,2312251.8530827593,193551.1908296618,1842365.473450522,2505803.043912421,125444.62651394652,102632.29168467814,8292.96963077374,0.8181481705258042,0.066108607927114,24.41534728281342,2085510.1991784673,420292.8447339537,loss,0,,,,,,,,,1.5687767900526524,formal_ppo_high_level_seeds_9000031-9000060_run01/ppo_high_level/model_seed_0/results.csv
ppo_high_level,High-level Centralized Maskable PPO,reinforcement_learning,0,9000042,720,185,3.891891891891892,659657.4600000057,964567.4231330879,46224.39663453513,3765.1432980994286,3434.062500000005,1677648.4855657283,0,0,1677648.4855657283,161188.42158408873,1838836.907149817,1838836.907149817,122590.33961068436,112742.43081593922,0,0.9196681498230646,0,16.310069721237973,2713194.122553258,-874357.2154034411,win,0,,,,,,,,,1.4607174769043922,formal_ppo_high_level_seeds_9000031-9000060_run01/ppo_high_level/model_seed_0/results.csv
ppo_high_level,High-level Centralized Maskable PPO,reinforcement_learning,0,9000043,720,148,4.864864864864865,667545.1200000067,857155.3605874171,38993.70318750323,3345.8653941088173,2918.1900000000037,1569958.2391690358,484821.50677131786,0,2054779.7459403537,256928.188449756,1826886.4276187918,2311707.93439011,122999.51700733569,95106.59314025177,6060.268834641471,0.7732273707593471,0.049270671804996086,24.306495039529814,2311477.9959102147,229.93847989523783,loss,0,,,,,,,,,0.928070595022291,formal_ppo_high_level_seeds_9000031-9000060_run01/ppo_high_level/model_seed_0/results.csv
ppo_high_level,High-level Centralized Maskable PPO,reinforcement_learning,0,9000044,720,194,3.711340206185567,658827.1800000054,972876.364899222,46129.56123930787,3797.5768591494607,3556.1625000000054,1685186.845497685,406657.0765536971,0,2091843.9220513823,166298.10980109285,1851484.955298778,2258142.031852475,129859.10158151455,112511.12497392141,5083.213456921216,0.8664092358847597,0.03914406764727542,20.07038888266278,1749991.6922290896,508150.33962338534,loss,0,,,,,,,,,0.7579816798679531,formal_ppo_high_level_seeds_9000031-9000060_run01/ppo_high_level/model_seed_0/results.csv
ppo_high_level,High-level Centralized Maskable PPO,reinforcement_learning,0,9000045,720,173,4.161849710982659,670035.960000008,949073.2784332129,46090.64386525924,3704.6626373623867,3434.0625000000045,1672338.6074358425,331647.7259897878,0,2003986.3334256303,197509.09039364196,1869847.6978294845,2201495.4238192723,125440.6630420947,112416.20454941283,4145.5965748723465,0.8961703631276948,0.033048267398596176,19.583434902853348,2356429.90438643,-154934.48056715773,win,0,,,,,,,,,1.4285815078765154,formal_ppo_high_level_seeds_9000031-9000060_run01/ppo_high_level/model_seed_0/results.csv
ppo_high_level,High-level Centralized Maskable PPO,reinforcement_learning,0,9000046,720,193,3.7305699481865284,607764.9600000062,938400,42156.11155638254,3663.0000000000027,3049.4475000000043,1595033.5190563889,864805.1847353636,0,2459838.7037917525,231441.52905325594,1826475.0481096448,2691280.2328450084,132406.07380064274,102819.78428385982,10810.064809192048,0.7765488495540656,0.08164326982059922,26.174731367020318,1951286.679850844,739993.5529941644,loss,0,,,,,,,,,1.0641072229482234,formal_ppo_high_level_seeds_9000031-9000060_run01/ppo_high_level/model_seed_0/results.csv
ppo_high_level,High-level Centralized Maskable PPO,reinforcement_learning,0,9000047,720,171,4.2105263157894735,689132.4000000079,938399.9999999999,45822.671880347174,3663.000000000005,3434.062500000006,1680452.134380355,237455.9096591057,0,1917908.0440394608,275278.8433947327,1955730.9777750876,2193186.8874341934,128277.74695956499,111762.61434231022,2968.1988707388205,0.8712548901996183,0.023138844741905546,19.623618330158493,1831302.291207332,361884.59622686147,loss,0,,,,,,,,,1.8202470759861171,formal_ppo_high_level_seeds_9000031-9000060_run01/ppo_high_level/model_seed_0/results.csv
ppo_high_level,High-level Centralized Maskable PPO,reinforcement_learning,0,9000048,720,191,3.769633507853403,678338.7600000079,991952.8188454924,47374.95470615812,3872.04089453436,3663.000000000005,1725201.574446193,0,0,1725201.574446193,260314.47241740444,1985516.0468635974,1985516.0468635974,131010.22127700872,115548.67001501992,0,0.8819820994783544,0,17.183374301110558,2588329.1383681437,-602813.0915045463,win,0,,,,,,,,,1.577952593099326,formal_ppo_high_level_seeds_9000031-9000060_run01/ppo_high_level/model_seed_0/results.csv
ppo_high_level,High-level Centralized Maskable PPO,reinforcement_learning,0,9000049,720,230,3.130434782608696,670451.1000000068,936053.9999999998,44807.42198016876,3653.842500000003,3205.125000000004,1658171.4894801753,0,0,1658171.4894801753,192723.03980674417,1850894.5292869194,1850894.5292869194,124881.76991963951,109286.39507358239,0,0.8751188835961196,0,16.936184307668988,1840479.7749794757,10414.754307443742,loss,0,,,,,,,,,1.6144952881149948,formal_ppo_high_level_seeds_9000031-9000060_run01/ppo_high_level/model_seed_0/results.csv
ppo_high_level,High-level Centralized Maskable PPO,reinforcement_learning,0,9000050,720,193,3.7305699481865284,675432.7800000082,1002464.0452357568,49887.082018303765,3913.0709694145153,3891.9375000000055,1735588.915723483,0,0,1735588.915723483,233316.57498849268,1968905.4907119758,1968905.4907119758,132171.66508378548,121675.80980074077,0,0.920589217996223,0,16.181568825687727,2332346.0574296084,-363440.5667176326,win,0,,,,,,,,,1.9275169717147946,formal_ppo_high_level_seeds_9000031-9000060_run01/ppo_high_level/model_seed_0/results.csv
ppo_high_level,High-level Centralized Maskable PPO,reinforcement_learning,0,9000051,720,160,4.5,621464.5800000078,938400,41523.99969313824,3663.000000000005,2976.1875000000055,1608027.767193146,855661.3841283998,0,2463689.1513215457,219589.777554873,1827617.544748019,2683278.9288764186,128981.17360926494,101278.0480320445,10695.767301604994,0.7852157427164977,0.08292502698112136,26.494180930772142,1932977.2340705122,750301.6948059064,loss,0,,,,,,,,,1.7543040551245213,formal_ppo_high_level_seeds_9000031-9000060_run01/ppo_high_level/model_seed_0/results.csv
ppo_high_level,High-level Centralized Maskable PPO,reinforcement_learning,0,9000052,720,173,4.161849710982659,653845.5000000073,997050.0000000006,48814.95190279674,3891.9375000000064,3663.0000000000055,1707265.3894028047,0,0,1707265.3894028047,202225.0367549675,1909490.426157772,1909490.426157772,130292.35070980627,119060.85829950406,0,0.9137977605813747,0,16.037936005419557,2247524.9646282806,-338034.53847050853,win,0,,,,,,,,,1.3893044260330498,formal_ppo_high_level_seeds_9000031-9000060_run01/ppo_high_level/model_seed_0/results.csv
ppo_high_level,High-level Centralized Maskable PPO,reinforcement_learning,0,9000053,720,234,3.076923076923077,643467.0000000068,870805.9094306189,42361.827001321035,3399.1496656482927,3205.1250000000045,1563239.011097595,0,0,1563239.011097595,251936.67878457397,1815175.689882169,1815175.689882169,119353.23535741051,103321.52927151477,0,0.8656784959545686,0,17.56822322201733,1896455.7981864524,-81280.10830428335,win,0,,,,,,,,,1.9736645901575685,formal_ppo_high_level_seeds_9000031-9000060_run01/ppo_high_level/model_seed_0/results.csv
ppo_high_level,High-level Centralized Maskable PPO,reinforcement_learning,0,9000054,720,193,3.7305699481865284,682490.1600000081,938399.9999999998,42829.14293451596,3663.0000000000023,3421.474420078579,1670803.7773546025,561920.0755917967,0,2232723.8529463992,272967.7470609643,1943771.5244155668,2505691.6000073636,132093.2010707144,104461.32423052668,7024.000944897458,0.7908152984694848,0.05317458346048597,23.98678763135119,3352607.0985221015,-846915.4985147379,win,0,,,,,,,,,1.990845745895058,formal_ppo_high_level_seeds_9000031-9000060_run01/ppo_high_level/model_seed_0/results.csv
ppo_high_level,High-level Centralized Maskable PPO,reinforcement_learning,0,9000055,720,205,3.5121951219512195,678753.900000009,866069.4845102417,38065.33239508237,3380.6612550735485,2771.6700000000023,1589041.0481604065,614715.3372923791,0,2203756.3854527855,285768.1207601019,1874809.1689205084,2489524.5062128874,124998.78160566899,92842.27413434723,7683.941716154738,0.7427454327293748,0.0614721329076239,26.814557586239495,2379682.1687872596,109842.33742562775,loss,0,,,,,,,,,1.5933555881492794,formal_ppo_high_level_seeds_9000031-9000060_run01/ppo_high_level/model_seed_0/results.csv
ppo_high_level,High-level Centralized Maskable PPO,reinforcement_learning,0,9000056,720,221,3.257918552036199,687886.9800000093,878119.6762936069,41108.80698984104,3427.698608550176,2976.187500000004,1613519.3493920073,602141.0591084851,0,2215660.4085004926,306003.70672363346,1919523.0561156408,2521664.115224126,126854.31280836993,100265.38290205115,7526.76323885606,0.7903979035660786,0.059333916776059654,25.149897624063627,2271381.0938170906,250283.02140703518,loss,0,,,,,,,,,1.750547151081264,formal_ppo_high_level_seeds_9000031-9000060_run01/ppo_high_level/model_seed_0/results.csv
ppo_high_level,High-level Centralized Maskable PPO,reinforcement_learning,0,9000057,720,207,3.4782608695652173,689962.6800000069,886612.0289542841,44469.650857548084,3460.848105349046,3205.125000000004,1627710.332917188,280786.9188033806,0,1908497.2517205686,246316.60335620464,1874026.9362733928,2154813.855076773,122972.65226763315,108462.56306719047,3509.8364850422586,0.8820055603187003,0.02854160189538386,19.866890419525745,2380858.3660164326,-226044.51093965955,win,0,,,,,,,,,1.0530134229920805,formal_ppo_high_level_seeds_9000031-9000060_run01/ppo_high_level/model_seed_0/results.csv
ppo_high_level,High-level Centralized Maskable PPO,reinforcement_learning,0,9000058,719.9999999999999,175,4.114285714285714,656336.3400000079,993828.3482337145,46576.74362383408,3879.3619347614026,3663.000000000005,1704283.793792318,56423.486528221554,0,1760707.2803205396,176758.0917413297,1881041.8855336478,1937465.3720618694,126103.88537882672,113601.81371666842,705.2935816027692,0.9008589495509911,0.005592956787049089,17.05488062799821,2172908.6218546,-235443.24979273067,win,0,,,,,,,,,1.419263919815421,formal_ppo_high_level_seeds_9000031-9000060_run01/ppo_high_level/model_seed_0/results.csv
ppo_high_level,High-level Centralized Maskable PPO,reinforcement_learning,0,9000059,720,185,3.891891891891892,665054.2800000072,938400.0000000001,45290.15030109335,3663.000000000003,3434.0625000000055,1655841.4928011005,0,0,1655841.4928011005,252680.00014314728,1908521.4929442478,1908521.4929442478,125978.9416694392,110463.78122217879,0,0.8768432228302789,0,17.277350746355378,2212831.2094909954,-304309.7165467476,win,0,,,,,,,,,1.5399314258247614,formal_ppo_high_level_seeds_9000031-9000060_run01/ppo_high_level/model_seed_0/results.csv
ppo_high_level,High-level Centralized Maskable PPO,reinforcement_learning,0,9000060,720,168,4.285714285714286,711134.8200000081,938400,44926.9397994062,3663.0000000000055,3278.3850000000043,1701403.1447994143,0,0,1701403.1447994143,201188.21774300304,1902591.3625424174,1902591.3625424174,126857.6135473692,109577.90194977127,0,0.8637865626319259,0,17.36291103122721,2521676.157625502,-619084.7950830846,win,0,,,,,,,,,1.318129498977214,formal_ppo_high_level_seeds_9000031-9000060_run01/ppo_high_level/model_seed_0/results.csv
ppo_high_level,High-level Centralized Maskable PPO,reinforcement_learning,1,9000031,720,173,4.161849710982659,675432.7800000074,938400,40679.93594234579,3663.000000000003,3025.0275000000047,1661200.743442353,1187511.7391841705,0,2848712.482626524,216896.9936001467,1878097.7370424997,3065609.4762266707,134043.80710806392,99219.35595694103,14843.896739802149,0.7402009693514002,0.11073914610493898,30.897292636701618,2293017.35099732,772592.1252293508,loss,0,,,,,,,,,1.4641146529465914,formal_ppo_high_level_seeds_9000031-9000060_run01/ppo_high_level/model_seed_1/results.csv
ppo_high_level,High-level Centralized Maskable PPO,reinforcement_learning,1,9000032,720,250,2.88,682075.0200000072,852532.711114255,41091.89275277008,3327.821100609035,3098.287500000004,1582125.7324676416,0,0,1582125.7324676416,254788.58740467587,1836914.3198723174,1836914.3198723174,118765.80374023803,100224.12866529285,0,0.8438803553630714,0,18.328064751820907,1766211.2553052178,70703.06456709956,loss,0,,,,,,,,,0.7758620758540928,formal_ppo_high_level_seeds_9000031-9000060_run01/ppo_high_level/model_seed_1/results.csv
ppo_high_level,High-level Centralized Maskable PPO,reinforcement_learning,1,9000033,720,194,3.711340206185567,690377.8200000084,966899.5158568359,46180.35594725525,3774.246511704595,3434.0625000000036,1710666.000815804,163210.67207201858,0,1873876.6728878224,182289.5801934045,1892955.5810092085,2056166.253081227,127077.96740974124,112635.01450550061,2040.1334009002321,0.8863457356248721,0.016054186594928528,18.255124857118144,2107598.694435474,-51432.44135424704,win,0,,,,,,,,,1.2392484648153186,formal_ppo_high_level_seeds_9000031-9000060_run01/ppo_high_level/model_seed_1/results.csv
ppo_high_level,High-level Centralized Maskable PPO,reinforcement_learning,1,9000034,720,261,2.7586206896551726,671281.380000007,852308.5001038177,41888.2979510199,3326.945903538239,3205.125000000004,1572010.2489583828,443187.1005594818,0,2015197.3495178646,255443.7512772612,1827454.000235644,2270641.100795126,123422.09958543938,102166.58036834125,5539.838756993525,0.8277819021999061,0.044885306404616396,22.224890885148373,1935952.9860899067,334688.1147052194,loss,0,,,,,,,,,1.1364062069915235,formal_ppo_high_level_seeds_9000031-9000060_run01/ppo_high_level/model_seed_1/results.csv
ppo_high_level,High-level Centralized Maskable PPO,reinforcement_learning,1,9000035,720,219,3.287671232876712,666714.8400000078,943504.9524856406,44647.26328231645,3682.9269404890288,3205.125000000003,1661755.107708454,0,0,1661755.107708454,163108.40490307315,1824863.512611527,1824863.512611527,116933.45658342756,108895.76410321072,0,0.9312626795182245,0,16.75789253732526,1885009.4324528396,-60145.91984131257,win,0,,,,,,,,,1.3767158179543912,formal_ppo_high_level_seeds_9000031-9000060_run01/ppo_high_level/model_seed_1/results.csv
ppo_high_level,High-level Centralized Maskable PPO,reinforcement_learning,1,9000036,720,174,4.137931034482759,687886.9800000079,938400,44382.17419398016,3663.000000000005,3229.545000000004,1677561.699193988,88158.25842897235,0,1765719.9576229604,192761.88850851735,1870323.5877025053,1958481.8461314777,124518.99931170137,108249.20535117111,1101.9782303621541,0.8693388635432011,0.008849880230756066,18.09234386319945,3533761.529562704,-1575279.683431226,win,0,,,,,,,,,1.4942719913087785,formal_ppo_high_level_seeds_9000031-9000060_run01/ppo_high_level/model_seed_1/results.csv
ppo_high_level,High-level Centralized Maskable PPO,reinforcement_learning,1,9000037,720,210,3.4285714285714284,684981.0000000081,1004634.3268999065,47071.77470238698,3921.542561204563,3434.0625000000073,1744042.706663506,0,0,1744042.706663506,161454.81081115638,1905497.5174746625,1905497.5174746625,121647.55872136065,114809.20659118792,0,0.9437855374817978,0,16.597079398516787,2000485.9131946776,-94988.39572001505,win,0,,,,,,,,,0.7075869059190154,formal_ppo_high_level_seeds_9000031-9000060_run01/ppo_high_level/model_seed_1/results.csv
ppo_high_level,High-level Centralized Maskable PPO,reinforcement_learning,1,9000038,720,196,3.673469387755102,684565.8600000092,994273.9200621349,49699.44263457928,3881.1012033116,3663.000000000005,1736083.3239000351,0,0,1736083.3239000351,192888.53206099302,1928971.855961028,1928971.855961028,128369.72617542402,121218.15276726666,0,0.944289252448943,0,15.91322596430393,1920295.9707264367,8675.885234591318,loss,0,,,,,,,,,1.5477874707430601,formal_ppo_high_level_seeds_9000031-9000060_run01/ppo_high_level/model_seed_1/results.csv
ppo_high_level,High-level Centralized Maskable PPO,reinforcement_learning,1,9000039,720,216,3.3333333333333335,675432.7800000082,1010865.0017526482,46473.76448298939,3945.863705690488,3434.0625000000036,1740151.4724413361,0,0,1740151.4724413361,173637.61728843307,1913789.0897297692,1913789.0897297692,125712.08383662622,113350.64508046194,0,0.9016686512632386,0,16.883795309424716,2437563.728051424,-523774.6383216549,win,0,,,,,,,,,1.5630633342079818,formal_ppo_high_level_seeds_9000031-9000060_run01/ppo_high_level/model_seed_1/results.csv
ppo_high_level,High-level Centralized Maskable PPO,reinforcement_learning,1,9000040,720,227,3.171806167400881,667545.1200000071,912684.9854672325,43944.712127137354,3562.6226574664083,3205.125000000004,1630942.5652518435,410429.3956330089,0,2041371.9608848523,231574.97768990984,1862517.5429417533,2272946.938574762,128417.59580770151,107182.22470033498,5130.36744541261,0.8346381508405953,0.039950657954187695,21.206379555281412,2617199.479188901,-344252.5406141388,win,0,,,,,,,,,1.428788324818015,formal_ppo_high_level_seeds_9000031-9000060_run01/ppo_high_level/model_seed_1/results.csv
ppo_high_level,High-level Centralized Maskable PPO,reinforcement_learning,1,9000041,720,178,4.044943820224719,666299.7000000074,938400.0000000002,43369.18863115845,3663.0000000000027,3205.1250000000027,1654937.0136311662,224142.2761561424,0,1879079.2897873085,213859.7604438789,1868796.774075045,2092939.0502311874,125444.62651394652,105778.50885648395,2801.7784519517795,0.8432286961667812,0.022334782523668217,19.786051749612042,2085510.1991784673,7428.8510527201,loss,0,,,,,,,,,1.458526457194239,formal_ppo_high_level_seeds_9000031-9000060_run01/ppo_high_level/model_seed_1/results.csv
ppo_high_level,High-level Centralized Maskable PPO,reinforcement_learning,1,9000042,720,228,3.1578947368421053,678338.7600000072,879749.9999999998,42005.682096929544,3434.062500000004,3205.1250000000036,1606733.6295969365,222001.15248144677,0,1828734.7820783833,247288.3743598534,1854022.0039567898,2076023.1564382366,122590.33961068436,102452.8831632428,2775.0144060180846,0.8357337412442695,0.02263648518171026,20.26319896854845,2713194.122553258,-637170.9661150216,win,0,,,,,,,,,1.2469804449938238,formal_ppo_high_level_seeds_9000031-9000060_run01/ppo_high_level/model_seed_1/results.csv
ppo_high_level,High-level Centralized Maskable PPO,reinforcement_learning,1,9000043,720,187,3.8502673796791442,687056.7000000082,938399.9999999999,43797.64728940555,3663.0000000000055,3424.905000000005,1676342.2522894137,0,0,1676342.2522894137,244795.00725247333,1921137.259541887,1921137.259541887,122999.51700733569,106823.52997415984,0,0.8684873938796759,0,17.984214339355777,2311477.9959102147,-390340.73636832763,win,0,,,,,,,,,0.9653797526843846,formal_ppo_high_level_seeds_9000031-9000060_run01/ppo_high_level/model_seed_1/results.csv
ppo_high_level,High-level Centralized Maskable PPO,reinforcement_learning,1,9000044,720,252,2.857142857142857,677923.6200000078,995766.518888958,44374.82620405971,3886.9274922104178,3205.125000000004,1725157.0175852359,324303.9831271204,0,2049461.0007123563,195473.29790356438,1920630.3154888002,2244934.298615921,129859.10158151455,108231.28342453604,4053.7997890890047,0.8334516572686868,0.031216909247938792,20.742009404158964,1749991.6922290896,494942.60638683126,loss,0,,,,,,,,,0.7331164991483092,formal_ppo_high_level_seeds_9000031-9000060_run01/ppo_high_level/model_seed_1/results.csv
ppo_high_level,High-level Centralized Maskable PPO,reinforcement_learning,1,9000045,720,191,3.769633507853403,676678.2000000083,970348.4200232176,45188.80033994559,3787.709145934622,3434.0625000000036,1699437.192009106,84368.98454033729,0,1783806.1765494433,228418.9309369351,1927856.1229460412,2012225.1074863784,125440.6630420947,110216.58619498927,1054.612306754216,0.8786352329627226,0.008407260302827919,18.257008105172645,2356429.90438643,-344204.79690005165,win,0,,,,,,,,,1.2612968548201025,formal_ppo_high_level_seeds_9000031-9000060_run01/ppo_high_level/model_seed_1/results.csv
ppo_high_level,High-level Centralized Maskable PPO,reinforcement_learning,1,9000046,720,218,3.302752293577982,688302.1200000078,1055699.9999999995,48072.093291542325,4120.875000000005,3458.4825000000046,1799653.5707915495,0,0,1799653.5707915495,208609.3451540672,2008262.9159456168,2008262.9159456168,132406.07380064274,117249.00802815215,0,0.8855259027217147,0,17.12818683688498,1951286.679850844,56976.236094772816,loss,0,,,,,,,,,1.1046707378700376,formal_ppo_high_level_seeds_9000031-9000060_run01/ppo_high_level/model_seed_1/results.csv
ppo_high_level,High-level Centralized Maskable PPO,reinforcement_learning,1,9000047,720,203,3.5467980295566504,691208.1000000086,982957.4594386916,48102.311388723545,3836.9279347015467,3580.5825000000045,1729685.3812621254,132010.3337493513,0,1861695.7150114768,220783.3182936364,1950468.6995557619,2082479.0333051132,128277.74695956499,117322.71070420364,1650.129171866891,0.9145990905280357,0.012863721190761448,17.750007827175942,1831302.291207332,251176.74209778127,loss,0,,,,,,,,,1.5862557510845363,formal_ppo_high_level_seeds_9000031-9000060_run01/ppo_high_level/model_seed_1/results.csv
ppo_high_level,High-level Centralized Maskable PPO,reinforcement_learning,1,9000048,720,208,3.4615384615384617,720683.0400000073,787474,37670.384378437484,3073.867500000003,2747.250000000003,1551648.5418784446,1753053.7076938557,0,3304702.2495723004,236408.9856943342,1788057.5275727788,3541111.2352666347,131010.22127700872,91878.98628887202,21913.17134617321,0.7013115877012572,0.1672630664430364,38.54103509733127,2588329.1383681437,952782.096898491,loss,0,,,,,,,,,1.0703128832392395,formal_ppo_high_level_seeds_9000031-9000060_run01/ppo_high_level/model_seed_1/results.csv
ppo_high_level,High-level Centralized Maskable PPO,reinforcement_learning,1,9000049,720,245,2.938775510204082,675432.7800000071,912934.5445340486,44807.42198016881,3563.5967994759435,3205.125000000004,1639943.4683137005,0,0,1639943.4683137005,227141.5209733533,1867084.9892870537,1867084.9892870537,124881.76991963951,109286.39507358232,0,0.8751188835961189,0,17.084331384798162,1840479.7749794757,26605.214307578048,loss,0,,,,,,,,,1.3974250108003616,formal_ppo_high_level_seeds_9000031-9000060_run01/ppo_high_level/model_seed_1/results.csv
ppo_high_level,High-level Centralized Maskable PPO,reinforcement_learning,1,9000050,720,189,3.8095238095238093,689962.6800000077,997050.0000000001,48013.58767389833,3891.937500000006,3663.0000000000055,1742581.2051739062,166452.6328274184,0,1909033.8380013246,205337.18677235334,1947918.3919462594,2114371.024773678,132171.66508378548,117106.31139975214,2080.65791034273,0.8860167670999438,0.015742087451374478,18.055141516293656,2332346.0574296084,-217975.0326559306,win,0,,,,,,,,,1.7532032220624387,formal_ppo_high_level_seeds_9000031-9000060_run01/ppo_high_level/model_seed_1/results.csv
ppo_high_level,High-level Centralized Maskable PPO,reinforcement_learning,1,9000051,720,208,3.4615384615384617,686226.4200000083,997049.9999999998,48193.00140476658,3891.937500000003,3663.000000000006,1739024.3589047748,45355.29250748492,0,1784379.6514122598,217406.9098565853,1956431.26876136,2001786.561268845,128981.17360926494,117543.90586528451,566.9411563435615,0.9113260685731668,0.004395534173545752,17.030117780525906,1932977.2340705122,68809.32719833287,loss,0,,,,,,,,,1.937878361903131,formal_ppo_high_level_seeds_9000031-9000060_run01/ppo_high_level/model_seed_1/results.csv
ppo_high_level,High-level Centralized Maskable PPO,reinforcement_learning,1,9000052,720,216,3.3333333333333335,647618.4000000072,983712.052742649,47058.49559601811,3839.873453960283,3434.062500000005,1685662.8842926347,472723.0133034993,0,2158385.897596134,156569.25511933814,1842232.1394119728,2314955.152715472,130292.35070980627,114776.81852687357,5909.037666293739,0.8809175511961582,0.04535214564863172,20.169187318721978,2247524.9646282806,67430.18808719143,loss,0,,,,,,,,,1.0266620642505586,formal_ppo_high_level_seeds_9000031-9000060_run01/ppo_high_level/model_seed_1/results.csv
ppo_high_level,High-level Centralized Maskable PPO,reinforcement_learning,1,9000053,720,202,3.5643564356435644,649278.9600000071,928724.0338422692,43330.93116615676,3625.2303239175553,3416.722770614006,1628375.8781029645,0,0,1628375.8781029645,189705.7917795195,1818081.669882484,1818081.669882484,119353.23535741051,105685.19796623576,0,0.885482472676631,0,17.202803276796846,1896455.7981864524,-78374.12830396835,win,0,,,,,,,,,1.776513742748648,formal_ppo_high_level_seeds_9000031-9000060_run01/ppo_high_level/model_seed_1/results.csv
ppo_high_level,High-level Centralized Maskable PPO,reinforcement_learning,1,9000054,720.0000000000001,169,4.260355029585799,690792.9600000085,957167.9999999998,44365.52567461567,3736.260000000007,3434.062500000003,1699496.808174624,605521.5306614095,0,2305018.338836034,273797.42318990163,1973294.2313645259,2578815.7620259356,132093.2010707144,108208.59920637972,7569.01913326762,0.8191837152046276,0.05730059588165816,23.83189303751651,3352607.0985221015,-773791.336496166,win,0,,,,,,,,,1.796074289828539,formal_ppo_high_level_seeds_9000031-9000060_run01/ppo_high_level/model_seed_1/results.csv
ppo_high_level,High-level Centralized Maskable PPO,reinforcement_learning,1,9000055,720,193,3.7305699481865284,717361.9200000083,938400,44098.32326266228,3663.0000000000055,3205.1250000000045,1706728.3682626705,72090.62003162547,0,1778818.988294296,240923.00892773303,1947651.3771904034,2019741.997222029,124998.78160566899,107556.88600649338,901.1327503953185,0.8604634751225081,0.007209132271689678,18.778360663027133,2379682.1687872596,-359940.1715652307,win,0,,,,,,,,,1.5623034951277077,formal_ppo_high_level_seeds_9000031-9000060_run01/ppo_high_level/model_seed_1/results.csv
ppo_high_level,High-level Centralized Maskable PPO,reinforcement_learning,1,9000056,720,177,4.067796610169491,680829.6000000072,842501.4730447129,41692.28452116759,3288.664637428373,3205.125000000003,1571517.1472033162,572863.9484466488,0,2144381.095649965,338170.7937656344,1909687.9409689507,2482551.8894155994,126854.31280836993,101688.49883211595,7160.799355583105,0.8016164100445663,0.056449001985454224,24.413300598666552,2271381.0938170906,211170.7955985088,loss,0,,,,,,,,,1.4701183470897377,formal_ppo_high_level_seeds_9000031-9000060_run01/ppo_high_level/model_seed_1/results.csv
ppo_high_level,High-level Centralized Maskable PPO,reinforcement_learning,1,9000057,720,216,3.3333333333333335,632673.3600000062,942818.6341185519,44937.68738722848,3680.247929215962,3302.805000000005,1627412.7344350023,74420.02397415783,0,1701832.7584091602,200333.85988190712,1827746.5943169096,1902166.6182910674,122972.65226763315,109604.11557860603,930.2502996769728,0.8912885390165259,0.007564692494819176,17.354883146945966,2380858.3660164326,-478691.7477253652,win,0,,,,,,,,,0.9023744272999465,formal_ppo_high_level_seeds_9000031-9000060_run01/ppo_high_level/model_seed_1/results.csv
ppo_high_level,High-level Centralized Maskable PPO,reinforcement_learning,1,9000058,720,187,3.8502673796791442,656751.4800000063,995113.4371603953,45870.22011711572,3884.3782185832615,3663.000000000004,1705282.5154961005,0,0,1705282.5154961005,141753.55438700994,1847036.0698831105,1847036.0698831105,126103.88537882672,111878.58565150174,0,0.8871938030728318,0,16.509290487784405,2172908.6218546,-325872.55197148956,win,0,,,,,,,,,1.2397999232634902,formal_ppo_high_level_seeds_9000031-9000060_run01/ppo_high_level/model_seed_1/results.csv
ppo_high_level,High-level Centralized Maskable PPO,reinforcement_learning,1,9000059,720,209,3.444976076555024,656751.4800000073,879750.0000000002,42986.07746056574,3434.062500000002,3426.276934498667,1586347.896895072,427175.78388535517,0,2013523.680780427,262126.5787587967,1848474.4756538686,2275650.2595392237,125978.9416694392,104844.09136723343,5339.697298566938,0.8322350543500969,0.04238563388298631,21.70508828741135,2212831.2094909954,62819.05004822835,loss,0,,,,,,,,,1.326314089819789,formal_ppo_high_level_seeds_9000031-9000060_run01/ppo_high_level/model_seed_1/results.csv
ppo_high_level,High-level Centralized Maskable PPO,reinforcement_learning,1,9000060,720,190,3.789473684210526,703247.1600000086,869360.4865104688,40410.95384124242,3393.5075256690643,2976.1875000000036,1619388.295377389,811418.3717676633,0,2430806.6671450525,213223.94852366432,1832612.2439010534,2644030.615668717,126857.6135473692,98563.30205181081,10142.729647095788,0.7769600837951034,0.07995365326109062,26.825710590325546,2521676.157625502,122354.45804321487,loss,0,,,,,,,,,1.0425377720966935,formal_ppo_high_level_seeds_9000031-9000060_run01/ppo_high_level/model_seed_1/results.csv
ppo_high_level,High-level Centralized Maskable PPO,reinforcement_learning,2,9000031,720,208,3.4615384615384617,684981.0000000075,1023683.0488592385,46598.00909589118,3995.8983460905747,3434.062500000005,1762692.018801228,191504.91200568754,0,1954196.9308069155,251841.19831202264,2014533.2171132506,2206038.129118938,134043.80710806392,113653.68072168586,2393.811400071094,0.8478846070826691,0.017858425925945557,19.41017761247051,2293017.35099732,-86979.22187838191,win,0,,,,,,,,,1.9005266036838293,formal_ppo_high_level_seeds_9000031-9000060_run01/ppo_high_level/model_seed_2/results.csv
ppo_high_level,High-level Centralized Maskable PPO,reinforcement_learning,2,9000032,720,181,3.977900552486188,699926.0400000078,879750.0000000005,40806.969447898024,3434.0625000000045,3147.1275000000046,1627064.1994479063,0,0,1627064.1994479063,211510.6804131337,1838574.87986104,1838574.87986104,118765.80374023803,99529.19377536101,0,0.8380290507952027,0,18.47271951193268,1766211.2553052178,72363.62455582223,loss,0,,,,,,,,,0.8026458397507668,formal_ppo_high_level_seeds_9000031-9000060_run01/ppo_high_level/model_seed_2/results.csv
ppo_high_level,High-level Centralized Maskable PPO,reinforcement_learning,2,9000033,720,162,4.444444444444445,693283.8000000087,1002584.7743065645,46180.35594725525,3913.5422296301685,3434.0625000000036,1749396.5349834585,0,0,1749396.5349834585,184136.87406055565,1933533.409044014,1933533.409044014,127077.96740974124,112635.01450550064,0,0.8863457356248723,0,17.16636178840806,2107598.694435474,-174065.28539145994,win,0,,,,,,,,,1.3686279701068997,formal_ppo_high_level_seeds_9000031-9000060_run01/ppo_high_level/model_seed_2/results.csv
ppo_high_level,High-level Centralized Maskable PPO,reinforcement_learning,2,9000034,719.9999999999999,161,4.472049689440993,681659.8800000086,967665.6773015099,43548.39050983214,3777.2371866532794,3302.8050000000044,1699953.989998004,0,0,1699953.989998004,181318.75036471026,1881272.7403627143,1881272.7403627143,123422.09958543938,106215.58660934669,0,0.8605880710676015,0,17.7118330785283,1935952.9860899067,-54680.24572719238,win,0,,,,,,,,,1.220788572449237,formal_ppo_high_level_seeds_9000031-9000060_run01/ppo_high_level/model_seed_2/results.csv
ppo_high_level,High-level Centralized Maskable PPO,reinforcement_learning,2,9000035,720,199,3.6180904522613067,691208.1000000063,880323.1033975347,41884.101720192775,3436.2995819961357,3025.0275000000042,1619876.6321997298,82538.86139470292,0,1702415.4935944327,230474.1875794017,1850350.8197791316,1932889.6811738345,116933.45658342756,102156.34565900681,1031.7357674337866,0.8736280329327488,0.008823272633676766,18.920896873364395,1885009.4324528396,47880.24872099492,loss,0,,,,,,,,,1.3599961106665432,formal_ppo_high_level_seeds_9000031-9000060_run01/ppo_high_level/model_seed_2/results.csv
ppo_high_level,High-level Centralized Maskable PPO,reinforcement_learning,2,9000036,720,148,4.864864864864865,701171.4600000066,958436.0537389576,46346.575011486544,3741.2097877725982,3434.0625000000045,1713129.3610382234,0,0,1713129.3610382234,186672.64327171163,1899802.004309935,1899802.004309935,124518.99931170137,113040.42685728424,0,0.9078166985129437,0,16.80639446548156,3533761.529562704,-1633959.5252527688,win,0,,,,,,,,,1.6028530430048704,formal_ppo_high_level_seeds_9000031-9000060_run01/ppo_high_level/model_seed_2/results.csv
ppo_high_level,High-level Centralized Maskable PPO,reinforcement_learning,2,9000037,720,155,4.645161290322581,557117.8800000022,645150.0000000007,33035.35917727283,2518.3125000000036,2518.3125000000055,1240339.8641772757,1910414.2308470614,0,3150754.095024337,368777.7244380574,1609117.5886153332,3519531.8194623943,121647.55872136065,80574.04677383623,23880.17788558827,0.6623564633828354,0.19630626489009056,43.680713087942436,2000485.9131946776,1519045.9062677168,loss,0,,,,,,,,,0.47808957705274224,formal_ppo_high_level_seeds_9000031-9000060_run01/ppo_high_level/model_seed_2/results.csv
ppo_high_level,High-level Centralized Maskable PPO,reinforcement_learning,2,9000038,720,176,4.090909090909091,687056.7000000068,895745.2219419931,41735.34827658752,3496.499092043396,3122.7075000000045,1631156.4768106306,896672.0011725696,0,2527828.4779832,244324.2742082293,1875480.75101886,2772152.7521914295,128369.72617542402,101793.53238192074,11208.400014657118,0.7929714849030253,0.08731342154099672,27.233093177182873,1920295.9707264367,851856.7814649928,loss,0,,,,,,,,,1.4202611120417714,formal_ppo_high_level_seeds_9000031-9000060_run01/ppo_high_level/model_seed_2/results.csv
ppo_high_level,High-level Centralized Maskable PPO,reinforcement_learning,2,9000039,720,153,4.705882352941177,654260.640000007,938400.0000000002,44721.14074405715,3663.000000000005,3434.062500000004,1644478.8432440644,150339.25100806315,0,1794818.0942521275,219272.74839764595,1863751.5916417104,2014090.8426497735,125712.08383662622,109075.95303428562,1879.2406376007893,0.8676648235028805,0.014948766898518888,18.465030894726066,2437563.728051424,-423472.88540165056,win,0,,,,,,,,,1.5929754050448537,formal_ppo_high_level_seeds_9000031-9000060_run01/ppo_high_level/model_seed_2/results.csv
ppo_high_level,High-level Centralized Maskable PPO,reinforcement_learning,2,9000040,720,193,3.7305699481865284,687471.8400000083,911029.9999999999,40869.71212713732,3556.162500000003,2976.187500000004,1645903.9021271456,460782.04654881795,0,2106685.9486759636,267854.2264973146,1913758.1286244602,2374540.175173278,128417.59580770151,99682.22470033483,5759.775581860223,0.7762349394050613,0.04485191881714698,23.821099321485168,2617199.479188901,-242659.30401562294,win,0,,,,,,,,,1.2603479488752782,formal_ppo_high_level_seeds_9000031-9000060_run01/ppo_high_level/model_seed_2/results.csv
ppo_high_level,High-level Centralized Maskable PPO,reinforcement_learning,2,9000041,720,142,5.070422535211268,664224.0000000058,931397.4039889793,43153.905098384275,3635.6656977958596,3434.0625000000045,1645845.0372851652,368172.8513083289,0,2014017.888593494,213421.49803702117,1859266.5353221863,2227439.386630515,125444.62651394652,105253.4270692301,4602.160641354115,0.8390429306872572,0.03668678977526759,21.162630506704772,2085510.1991784673,141929.18745204783,loss,0,,,,,,,,,1.4513323539867997,formal_ppo_high_level_seeds_9000031-9000060_run01/ppo_high_level/model_seed_2/results.csv
ppo_high_level,High-level Centralized Maskable PPO,reinforcement_learning,2,9000042,720,209,3.444976076555024,672111.6600000057,891160.191298133,42200.884748047625,3478.6016418638746,3205.1250000000045,1612156.4626880502,333694.36356327496,0,1945850.8262513252,229044.44629744938,1841200.9089854995,2174895.2725487747,122590.33961068436,102928.98719036025,4171.179544540938,0.8396174406338742,0.03402535271366031,21.130056089315755,2713194.122553258,-538298.8500044835,win,0,,,,,,,,,1.197204845957458,formal_ppo_high_level_seeds_9000031-9000060_run01/ppo_high_level/model_seed_2/results.csv
ppo_high_level,High-level Centralized Maskable PPO,reinforcement_learning,2,9000043,720,189,3.8095238095238093,706568.2800000076,947437.7001352789,44324.63926056262,3698.2782348630985,3205.1250000000045,1705234.0226307123,248634.86638906732,0,1953868.8890197796,167302.48554741958,1872536.508178132,2121171.374567199,122999.51700733569,108108.87624527465,3107.9358298633424,0.8789374045983208,0.025267870195603982,19.620695804429044,2311477.9959102147,-190306.6213430157,win,0,,,,,,,,,0.9586319257505238,formal_ppo_high_level_seeds_9000031-9000060_run01/ppo_high_level/model_seed_2/results.csv
ppo_high_level,High-level Centralized Maskable PPO,reinforcement_learning,2,9000044,720,192,3.75,683320.4400000086,938399.9999999999,44374.82620405977,3663.0000000000036,3205.125000000005,1672963.3912040682,365004.044555922,0,2037967.4357599902,219370.72622925448,1892334.1174333226,2257338.1619892446,129859.10158151455,108231.28342453578,4562.550556949024,0.8334516572686848,0.03513462284416808,20.856614562490822,1749991.6922290896,507346.4697601551,loss,0,,,,,,,,,0.7803196487948298,formal_ppo_high_level_seeds_9000031-9000060_run01/ppo_high_level/model_seed_2/results.csv
ppo_high_level,High-level Centralized Maskable PPO,reinforcement_learning,2,9000045,720,199,3.6180904522613067,679999.3200000081,950912.0000000002,44655.62408284572,3711.8400000000047,3531.742500000005,1682810.5265828539,0,0,1682810.5265828539,240920.0997287341,1923730.6263115879,1923730.6263115879,125440.6630420947,108916.15629962356,0,0.86826834025163,0,17.66249096249311,2356429.90438643,-432699.2780748422,win,0,,,,,,,,,1.3824403821490705,formal_ppo_high_level_seeds_9000031-9000060_run01/ppo_high_level/model_seed_2/results.csv
ppo_high_level,High-level Centralized Maskable PPO,reinforcement_learning,2,9000046,720,183,3.9344262295081966,674602.5000000072,1053943.7864288976,50853.83153624232,4114.019703419709,3663.0000000000055,1787177.1376685668,0,0,1787177.1376685668,194101.67827459137,1981278.8159431582,1981278.8159431582,132406.07380064274,124033.73545424963,0,0.9367677168722719,0,15.973709158134332,1951286.679850844,29992.136092314264,loss,0,,,,,,,,,1.0179817504249513,formal_ppo_high_level_seeds_9000031-9000060_run01/ppo_high_level/model_seed_2/results.csv
ppo_high_level,High-level Centralized Maskable PPO,reinforcement_learning,2,9000047,720,178,4.044943820224719,652184.9400000073,938399.9999999999,43921.241149274945,3663.000000000004,3434.0625000000036,1641603.243649282,419143.50868263806,0,2060746.75233192,269144.1520311553,1910747.3956804373,2329890.9043630753,128277.74695956499,107124.97841286559,5239.2938585329775,0.8351018080059742,0.040843357345405194,21.749277702381857,1831302.291207332,498588.61315574334,loss,0,,,,,,,,,1.4927256060764194,formal_ppo_high_level_seeds_9000031-9000060_run01/ppo_high_level/model_seed_2/results.csv
ppo_high_level,High-level Centralized Maskable PPO,reinforcement_learning,2,9000048,720,180,4,679169.0400000084,928955.3182768548,44651.98513658617,3626.133131764836,3205.125000000004,1659607.6015452142,395354.4298491595,0,2054962.0313943736,256705.1334971161,1916312.7350423303,2311667.16489149,131010.22127700872,108907.2808209419,4941.9303731144955,0.8312884274171842,0.03772171609927481,21.226011222263267,2588329.1383681437,-276661.9734766539,win,0,,,,,,,,,1.3571469616144896,formal_ppo_high_level_seeds_9000031-9000060_run01/ppo_high_level/model_seed_2/results.csv
ppo_high_level,High-level Centralized Maskable PPO,reinforcement_learning,2,9000049,720,216,3.3333333333333335,684981.0000000079,872900.0371309001,43582.08639388599,3407.323994043572,3205.125000000004,1608075.5725188376,26956.71423051141,0,1635032.286749349,257045.9534485867,1865121.5259674243,1892078.2401979356,124881.76991963951,106297.77169240497,336.95892788139264,0.8511872610454416,0.0026982235125128607,17.79979213179617,1840479.7749794757,51598.465218459954,loss,0,,,,,,,,,1.4710191986523569,formal_ppo_high_level_seeds_9000031-9000060_run01/ppo_high_level/model_seed_2/results.csv
ppo_high_level,High-level Centralized Maskable PPO,reinforcement_learning,2,9000050,720,179,4.022346368715084,654675.7800000091,992753.1592,46075.34891523188,3875.1649852404116,3434.0625000000055,1700813.5156004815,161525.7978568129,0,1862339.3134572944,230179.60428217676,1930993.1198826584,2092518.9177394712,132171.66508378548,112378.89979324843,2019.0724732101617,0.8502495578156624,0.01527613707469179,18.620211815467396,2332346.0574296084,-239827.13969013724,win,0,,,,,,,,,1.7021469711326063,formal_ppo_high_level_seeds_9000031-9000060_run01/ppo_high_level/model_seed_2/results.csv
ppo_high_level,High-level Centralized Maskable PPO,reinforcement_learning,2,9000051,720,154,4.675324675324675,649694.1000000073,1001196.007511762,50271.82020466327,3908.1212441555713,3663.0000000000055,1708733.0489605882,0,0,1708733.0489605882,242435.39727386102,1951168.4462344493,1951168.4462344493,128981.17360926494,122614.19562112987,0,0.9506363773102021,0,15.913071372775113,1932977.2340705122,18191.212163937045,loss,0,,,,,,,,,2.010510054882616,formal_ppo_high_level_seeds_9000031-9000060_run01/ppo_high_level/model_seed_2/results.csv
ppo_high_level,High-level Centralized Maskable PPO,reinforcement_learning,2,9000052,720,182,3.956043956043956,668375.4000000092,951933.4500046278,45267.15818038841,3715.8271817635928,3351.6450000000045,1672643.480366789,559045.2625110988,0,2231688.7428778876,230385.90299134958,1903029.3833581386,2462074.6458692374,130292.35070980627,110407.70287899612,6988.065781388737,0.8473843804146396,0.053633737846613204,22.299844862886108,2247524.9646282806,214549.68124095676,loss,0,,,,,,,,,1.1209881049580872,formal_ppo_high_level_seeds_9000031-9000060_run01/ppo_high_level/model_seed_2/results.csv
ppo_high_level,High-level Centralized Maskable PPO,reinforcement_learning,2,9000053,720,212,3.3962264150943398,694529.2200000082,852379.9999999998,40832.63897428402,3327.2250000000017,3205.125000000004,1594274.2089742923,185251.76154725446,0,1779525.9705215467,251519.13568895037,1845793.3446632426,2031045.106210497,119353.23535741051,99591.80237630247,2315.6470193406803,0.8344290129887872,0.01940162755040812,20.393697651301643,1896455.7981864524,134589.3080240446,loss,0,,,,,,,,,1.699242799077183,formal_ppo_high_level_seeds_9000031-9000060_run01/ppo_high_level/model_seed_2/results.csv
ppo_high_level,High-level Centralized Maskable PPO,reinforcement_learning,2,9000054,720,173,4.161849710982659,666714.8400000075,969680.0000000008,42861.366589272744,3785.100000000003,3205.125000000004,1686246.4315892812,715906.2422514294,0,2402152.6738407104,253190.17523723256,1939436.6068265138,2655342.849077943,132093.2010707144,104539.91851042147,8948.82802814287,0.7914102895762014,0.06774631817236551,25.400276630340347,3352607.0985221015,-697264.2494441587,win,0,,,,,,,,,1.842578589450568,formal_ppo_high_level_seeds_9000031-9000060_run01/ppo_high_level/model_seed_2/results.csv
ppo_high_level,High-level Centralized Maskable PPO,reinforcement_learning,2,9000055,720,196,3.673469387755102,677923.6200000079,821100.0000000005,37262.604598849044,3205.1250000000027,2967.0300000000034,1542458.3795988576,1164425.8906628247,0,2706884.2702616826,240923.19827143915,1783381.5778702968,2947807.4685331215,124998.78160566899,90884.40146060749,14555.323633285303,0.727082298668467,0.11644372406126864,32.43469089479348,2379682.1687872596,568125.2997458619,loss,0,,,,,,,,,1.4761921293102205,formal_ppo_high_level_seeds_9000031-9000060_run01/ppo_high_level/model_seed_2/results.csv
ppo_high_level,High-level Centralized Maskable PPO,reinforcement_learning,2,9000056,720,173,4.161849710982659,687471.8400000078,903135.1112198917,44070.816512008634,3525.3451751901844,3205.1250000000045,1641408.2379070984,413677.05466452165,0,2055085.29257162,231224.47425918048,1872632.7121662789,2286309.7668308006,126854.31280836993,107489.79637075293,5170.963183306518,0.847348379342296,0.04076300654529528,21.270016727400613,2271381.0938170906,14928.673013709951,loss,0,,,,,,,,,1.5112919323146343,formal_ppo_high_level_seeds_9000031-9000060_run01/ppo_high_level/model_seed_2/results.csv
ppo_high_level,High-level Centralized Maskable PPO,reinforcement_learning,2,9000057,720,187,3.8502673796791442,662978.5800000067,928244.5676464761,44469.65085754811,3623.3587503080166,3205.125000000005,1642521.2822543387,0,0,1642521.2822543387,253548.50381317604,1896069.7860675147,1896069.7860675147,122972.65226763315,108462.5630671906,0,0.8820055603187014,0,17.481329340271387,2380858.3660164326,-484788.57994891796,win,0,,,,,,,,,0.9590256959199905,formal_ppo_high_level_seeds_9000031-9000060_run01/ppo_high_level/model_seed_2/results.csv
ppo_high_level,High-level Centralized Maskable PPO,reinforcement_learning,2,9000058,720,209,3.444976076555024,689962.6800000079,938399.9999999998,40076.24340331567,3663.0000000000027,2976.187500000003,1675078.1109033234,133004.19322969095,0,1808082.3041330143,267355.4737763936,1942433.584679717,2075437.7779094079,126103.88537882672,97746.93513003839,1662.5524153711372,0.7751302415179226,0.01318399040899247,21.232765765477282,2172908.6218546,-97470.84394519217,win,0,,,,,,,,,1.2053317748941481,formal_ppo_high_level_seeds_9000031-9000060_run01/ppo_high_level/model_seed_2/results.csv
ppo_high_level,High-level Centralized Maskable PPO,reinforcement_learning,2,9000059,720,191,3.769633507853403,692868.6600000085,980605.9771425719,43767.150166726184,3827.749034818034,3205.125000000004,1724274.6613441247,0,0,1724274.6613441247,216627.75159731114,1940902.4129414358,1940902.4129414358,125978.9416694392,106749.14674811265,0,0.8473570688362796,0,18.181900952531514,2212831.2094909954,-271928.79654955957,win,0,,,,,,,,,1.4100613282062113,formal_ppo_high_level_seeds_9000031-9000060_run01/ppo_high_level/model_seed_2/results.csv
ppo_high_level,High-level Centralized Maskable PPO,reinforcement_learning,2,9000060,720,199,3.6180904522613067,687056.7000000075,898517.9999999999,41500.912402145965,3507.3225000000034,2976.187500000004,1633559.1224021534,702033.0557748431,0,2335592.1781769963,178838.97055043126,1812398.0929525846,2514431.1487274277,126857.6135473692,101221.73756620956,8775.413197185533,0.7979161418515327,0.06917529781457504,24.840821835158952,2521676.157625502,-7245.008898074273,win,0,,,,,,,,,1.088404049165547,formal_ppo_high_level_seeds_9000031-9000060_run01/ppo_high_level/model_seed_2/results.csv
ppo_event_residual,Event-Residual PPO,reinforcement_learning,0,9000031,720,133,5.413533834586466,616067.7600000068,939114.8171013702,44985.68589981874,3665.7902547339318,3477.556777066626,1607311.6100329962,752959.8889154772,0,2360271.4989484735,260608.6459899324,1867920.2560229285,2620880.144938406,134043.80710806392,109721.18512150914,9411.99861144346,0.8185472159340694,0.07021584073522816,23.886728365501614,2293017.35099732,327862.79394108616,loss,0,,,11,0.08270676691729323,,,,,2.971496695186943,formal_ppo_event_residual_seeds_9000031-9000060_run01/ppo_event_residual/model_seed_0/results.csv
ppo_event_residual,Event-Residual PPO,reinforcement_learning,0,9000032,720,106,6.7924528301886795,585762.5400000062,848629.9986080591,39052.90530511742,3312.587046996293,2867.9397609659068,1479625.970721145,205641.90578934943,0,1685267.8765104944,239663.52760253244,1719289.4983236773,1924931.4041130268,118765.80374023803,95250.98854906714,2570.5238223668675,0.8020068533986267,0.021643635974451545,20.20904384757568,1766211.2553052178,158720.148807809,loss,0,,,12,0.11320754716981132,,,,,1.0703719579614699,formal_ppo_event_residual_seeds_9000031-9000060_run01/ppo_event_residual/model_seed_0/results.csv
ppo_event_residual,Event-Residual PPO,reinforcement_learning,0,9000033,720,110,6.545454545454546,567496.3800000069,914732.4623702185,41898.31302358523,3570.614886681708,3115.259182329205,1530813.0294628215,202751.68291593154,0,1733564.712378753,282489.11532890203,1813302.1447917237,2016053.8277076553,127077.96740974122,102191.00737459814,2534.3960364491445,0.8041599142446202,0.019943630576631878,19.728289988545416,2107598.694435474,-91544.86672781873,win,0,,,12,0.10909090909090909,,,,,2.110860989894718,formal_ppo_event_residual_seeds_9000031-9000060_run01/ppo_event_residual/model_seed_0/results.csv
ppo_event_residual,Event-Residual PPO,reinforcement_learning,0,9000034,720,118,6.101694915254237,549645.3600000055,915425.6578666627,41484.584759380836,3573.320742503819,3171.1592296992985,1513300.0825982522,104925.66978444497,0,1618225.752382697,235047.19808307127,1748347.2806813235,1853272.9504657683,123422.09958543938,101181.91404727027,1311.570872305562,0.8198038632232693,0.010626710100630094,18.316247205997254,1935952.9860899067,-82680.03562413831,win,0,,,9,0.07627118644067797,,,,,2.1526726968586445,formal_ppo_event_residual_seeds_9000031-9000060_run01/ppo_event_residual/model_seed_0/results.csv
ppo_event_residual,Event-Residual PPO,reinforcement_learning,0,9000035,720,95,7.578947368421052,569987.2200000061,891694.0587389459,43602.75307997985,3480.685568159381,3121.566134857925,1511886.2835219493,0,0,1511886.2835219493,224967.5490891797,1736853.832611129,1736853.832611129,116933.45658342756,106348.17824385338,0,0.9094760503207909,0,16.331768548292118,1885009.4324528396,-148155.59984171065,win,0,,,9,0.09473684210526316,,,,,2.347954693250358,formal_ppo_event_residual_seeds_9000031-9000060_run01/ppo_event_residual/model_seed_0/results.csv
ppo_event_residual,Event-Residual PPO,reinforcement_learning,0,9000036,720,108,6.666666666666667,610670.9400000053,859713.44788757,38007.23166802606,3355.8507668501406,2692.2263853532095,1514439.6967078045,623595.9281255909,0,2138035.6248333952,231063.75485391723,1745503.4515617217,2369099.3796873125,124518.99931170137,92700.5650439661,7794.949101569888,0.7444692420946463,0.06260047980354574,25.5564718355675,3533761.529562704,-1164662.1498753913,win,0,,,9,0.08333333333333333,,,,,2.5359553969465196,formal_ppo_event_residual_seeds_9000031-9000060_run01/ppo_event_residual/model_seed_0/results.csv
ppo_event_residual,Event-Residual PPO,reinforcement_learning,0,9000037,720,111,6.486486486486487,578290.0200000054,968140.4087829292,47193.70907736363,3779.0902785292783,3566.032080395043,1600969.2602192226,104573.97555689405,0,1705543.2357761166,168318.1265050247,1769287.3867242474,1873861.3622811413,121647.55872136065,115106.60750576475,1307.1746944611755,0.9462303125163551,0.010745589210345926,16.27935531144287,2000485.9131946776,-126624.55091353622,win,0,,,10,0.09009009009009009,,,,,1.055459959898144,formal_ppo_event_residual_seeds_9000031-9000060_run01/ppo_event_residual/model_seed_0/results.csv
ppo_event_residual,Event-Residual PPO,reinforcement_learning,0,9000038,720,121,5.950413223140496,643467.0000000071,878167.3519159199,44035.97196989208,3427.884708086119,3198.947208086123,1572297.1558019912,520881.05080393545,0,2093178.2066059266,286916.244714326,1859213.4005163172,2380094.4513202524,128369.72617542402,107404.80968266347,6511.013135049195,0.8366833277800182,0.050720783856402024,22.160036020290352,1920295.9707264367,459798.4805938157,loss,0,,,16,0.1322314049586777,,,,,2.5434333961457014,formal_ppo_event_residual_seeds_9000031-9000060_run01/ppo_event_residual/model_seed_0/results.csv
ppo_event_residual,Event-Residual PPO,reinforcement_learning,0,9000039,720,97,7.422680412371134,564590.4000000057,847461.0620242084,40331.2978677116,3308.024158348974,3210.3441583489744,1458901.1282086237,677248.3030698124,0,2136149.431278436,307483.1772333821,1766384.3054420059,2443632.608511818,125712.08383662622,98369.01918954044,8465.603788372653,0.7824945398039821,0.06734120961175412,24.841485954061937,2437563.728051424,6068.880460394081,loss,0,,,9,0.09278350515463918,,,,,2.4977830117568374,formal_ppo_event_residual_seeds_9000031-9000060_run01/ppo_event_residual/model_seed_0/results.csv
ppo_event_residual,Event-Residual PPO,reinforcement_learning,0,9000040,720,107,6.728971962616822,559193.580000003,911802.2979683067,42386.222062949564,3559.1771285783348,3357.470581660551,1520298.747741498,299472.57109701575,0,1819771.318838514,245781.7524628389,1766080.5002043368,2065553.0713013527,128417.59580770151,103381.02942182832,3743.407138712696,0.8050378826328122,0.02915026648153613,19.980001000698323,2617199.479188901,-551646.4078875482,win,0,,,10,0.09345794392523364,,,,,2.340527876280248,formal_ppo_event_residual_seeds_9000031-9000060_run01/ppo_event_residual/model_seed_0/results.csv
ppo_event_residual,Event-Residual PPO,reinforcement_learning,0,9000041,720,107,6.728971962616822,604028.7000000064,867694.2174614745,37812.277320957844,3387.0033232751334,2887.5057954265435,1515809.7039011403,740319.291212419,0,2256128.995113559,268355.9521658943,1784165.6560670347,2524484.9472794533,125444.62651394652,92225.0666364824,9253.991140155247,0.7351854694726929,0.07376953000953308,27.373088893825937,2085510.1991784673,438974.748100986,loss,0,,,12,0.11214953271028037,,,,,2.5657207830809057,formal_ppo_event_residual_seeds_9000031-9000060_run01/ppo_event_residual/model_seed_0/results.csv
ppo_event_residual,Event-Residual PPO,reinforcement_learning,0,9000042,720,99,7.2727272727272725,543833.4000000044,885588.0473889725,41379.514326464334,3456.851041758112,3017.1380431501757,1477274.9508003495,128472.69055118464,0,1605747.641351534,261067.88758534082,1738342.8383856902,1866815.5289368748,122590.33961068436,100925.64469869348,1605.9086318898082,0.8232756758746862,0.013099797561453573,18.496939350847086,2713194.122553258,-846378.5936163834,win,0,,,5,0.050505050505050504,,,,,2.110330304130912,formal_ppo_event_residual_seeds_9000031-9000060_run01/ppo_event_residual/model_seed_0/results.csv
ppo_event_residual,Event-Residual PPO,reinforcement_learning,0,9000043,720,120,6,684565.8600000083,878589.6818166525,38815.858958513796,3429.533252871273,2889.240752871273,1608290.1747809171,811474.5185890858,0,2419764.693370003,201348.14716814415,1809638.3219490612,2621112.840538147,122999.51700733569,94672.82672808242,10143.431482363567,0.7697008007148202,0.08246724645072072,27.686010137486015,2311477.9959102147,309634.8446279322,loss,0,,,17,0.14166666666666666,,,,,1.3732035011053085,formal_ppo_event_residual_seeds_9000031-9000060_run01/ppo_event_residual/model_seed_0/results.csv
ppo_event_residual,Event-Residual PPO,reinforcement_learning,0,9000044,720,103,6.990291262135922,525567.2400000038,876125.6779537175,44307.80420419068,3419.9151303756057,3200.135130375609,1452620.7724186631,536353.154187368,0,1988973.9266060311,300319.0245713619,1752939.796990025,2289292.951177393,129859.10158151455,108067.8151321722,6704.4144273421,0.8321928445218479,0.05162837525973207,21.183855233655613,1749991.6922290896,539301.2589483035,loss,0,,,9,0.08737864077669903,,,,,1.1250348431058228,formal_ppo_event_residual_seeds_9000031-9000060_run01/ppo_event_residual/model_seed_0/results.csv
ppo_event_residual,Event-Residual PPO,reinforcement_learning,0,9000045,720,98,7.346938775510204,503564.8200000052,907279.9676630422,43081.04822486859,3541.524426203885,3205.125000000004,1460672.4853141198,170403.71606679427,0,1631076.201380914,262736.2193704684,1723408.7046845881,1893812.4207513826,125440.6630420947,105075.72737772821,2130.0464508349282,0.8376528378398914,0.01698051014064027,18.02331012131346,2356429.90438643,-462617.48363504745,win,0,,,7,0.07142857142857142,,,,,2.2237938418984413,formal_ppo_event_residual_seeds_9000031-9000060_run01/ppo_event_residual/model_seed_0/results.csv
ppo_event_residual,Event-Residual PPO,reinforcement_learning,0,9000046,720,112,6.428571428571429,562099.560000007,932269.252289626,46481.89302839011,3639.068916386304,3410.1314163863062,1547899.9056507957,491379.7801893402,0,2039279.685840136,283649.91121153365,1831549.8168623294,2322929.5970516694,132406.07380064274,113370.47080095152,6142.247252366754,0.856233158696691,0.04638946746215609,20.48972347596684,1951286.679850844,371642.9172008254,loss,0,,,9,0.08035714285714286,,,,,1.7016993346624076,formal_ppo_event_residual_seeds_9000031-9000060_run01/ppo_event_residual/model_seed_0/results.csv
ppo_event_residual,Event-Residual PPO,reinforcement_learning,0,9000047,720,105,6.857142857142857,550060.500000005,891423.5349780729,44484.093103697596,3479.62959145853,3321.544115987676,1492769.3017892214,417173.67229658697,0,1909942.9740858083,286582.8640412513,1779352.1658304727,2196525.8381270594,128277.74695956499,108497.78805779899,5214.670903707337,0.845803661425384,0.04065140702347288,20.244890494513356,1831302.291207332,365223.54691972747,loss,0,,,10,0.09523809523809523,,,,,2.688538550864905,formal_ppo_event_residual_seeds_9000031-9000060_run01/ppo_event_residual/model_seed_0/results.csv
ppo_event_residual,Event-Residual PPO,reinforcement_learning,0,9000048,720,112,6.428571428571429,579535.4400000079,859505.0103658416,41644.450453513724,3355.037140846206,3122.8210050677962,1487162.758965277,1025590.088674893,0,2512752.8476401703,268351.33408673975,1755514.0930520168,2781104.18172691,131010.22127700872,101571.83037442378,12819.876108436163,0.7752969912145996,0.09785401462172748,27.380664220334893,2588329.1383681437,192775.04335876647,loss,0,,,9,0.08035714285714286,,,,,2.18031858606264,formal_ppo_event_residual_seeds_9000031-9000060_run01/ppo_event_residual/model_seed_0/results.csv
ppo_event_residual,Event-Residual PPO,reinforcement_learning,0,9000049,720,106,6.7924528301886795,528473.220000003,881544.7028407397,43834.61548642199,3441.0680376232194,3132.698370191177,1460426.3047349795,39820.94269478988,0,1500247.2474297695,238551.41671549148,1698977.721450471,1738798.664145261,124881.76991963951,106913.69630834638,497.7617836848734,0.8561193229175447,0.003985864261894906,16.26357262151378,1840479.7749794757,-101681.1108342146,win,0,,,5,0.04716981132075472,,,,,2.4377486133016646,formal_ppo_event_residual_seeds_9000031-9000060_run01/ppo_event_residual/model_seed_0/results.csv
ppo_event_residual,Event-Residual PPO,reinforcement_learning,0,9000050,720,119,6.050420168067227,604443.840000006,925081.7669461666,45530.406502604776,3611.012907420942,3403.1261331255787,1582070.1524893239,289031.84610347345,0,1871101.9985927972,301666.99962933204,1883737.1521186559,2172768.9982221294,132171.66508378548,111049.77195757283,3612.8980762934175,0.8401934853977727,0.027334891135729813,19.56572228759054,2332346.0574296084,-159577.059207479,win,0,,,13,0.1092436974789916,,,,,3.1109777679666877,formal_ppo_event_residual_seeds_9000031-9000060_run01/ppo_event_residual/model_seed_0/results.csv
ppo_event_residual,Event-Residual PPO,reinforcement_learning,0,9000051,720,120,6,660902.880000007,832584.6466080573,39051.135896373904,3249.9547746433404,2792.079774643345,1538580.697053725,814075.6530830777,0,2352656.3501368025,329879.0348941516,1868459.7319478765,2682535.385030954,128981.17360926494,95246.67291798517,10175.945663538458,0.7384540724255236,0.07889481370642065,28.164084926523646,1932977.2340705122,749558.1509604419,loss,0,,,15,0.125,,,,,3.127695052884519,formal_ppo_event_residual_seeds_9000031-9000060_run01/ppo_event_residual/model_seed_0/results.csv
ppo_event_residual,Event-Residual PPO,reinforcement_learning,0,9000052,720,109,6.605504587155964,532209.4800000067,938400.0000000005,44376.05559893795,3663.0000000000005,3434.0625000000045,1522082.598098945,122988.69995657944,0,1645071.2980555245,290803.2297945434,1812885.8278934886,1935874.527850068,130292.35070980627,108234.28194862914,1537.3587494572423,0.8307032712127055,0.011799301655715197,17.88596452987867,2247524.9646282806,-311650.43677821266,win,0,,,11,0.10091743119266056,,,,,1.858495560940355,formal_ppo_event_residual_seeds_9000031-9000060_run01/ppo_event_residual/model_seed_0/results.csv
ppo_event_residual,Event-Residual PPO,reinforcement_learning,0,9000053,720,89,8.089887640449438,502319.40000000567,838741.4541212403,42748.42109036802,3273.987581464312,3174.32333423515,1390257.5861273133,0,0,1390257.5861273133,278373.6837557945,1668631.2698831079,1668631.2698831079,119353.23535741051,104264.4416838243,0,0.8735786790496136,0,16.003838345417247,1896455.7981864524,-227824.5283033445,win,0,,,4,0.0449438202247191,,,,,3.144007593858987,formal_ppo_event_residual_seeds_9000031-9000060_run01/ppo_event_residual/model_seed_0/results.csv
ppo_event_residual,Event-Residual PPO,reinforcement_learning,0,9000054,720,94,7.659574468085107,564175.260000006,841201.8552861862,35918.12548720539,3283.591640998822,2643.4083077428368,1447222.2407221391,1616614.3406318512,0,3063836.5813539904,285118.30762688216,1732340.5483490212,3348954.8889808725,132093.20107071442,87605.18411513502,20207.67925789816,0.6632073672606109,0.15298046450611968,38.227816342232806,3352607.0985221015,-3652.2095412290655,win,0,,,6,0.06382978723404255,,,,,3.106398830190301,formal_ppo_event_residual_seeds_9000031-9000060_run01/ppo_event_residual/model_seed_0/results.csv
ppo_event_residual,Event-Residual PPO,reinforcement_learning,0,9000055,720,109,6.605504587155964,619388.8800000073,907889.6737870713,42857.587427186685,3543.904385211046,3179.883690122771,1576859.9292895992,392817.9083131718,0,1969677.837602771,254523.87311800363,1831383.8024076028,2224201.7107207747,124998.78160566899,104530.70104191874,4910.223853914651,0.8362537594300682,0.039282173720739375,21.277975643048915,2379682.1687872596,-155480.4580664849,win,0,,,10,0.09174311926605505,,,,,2.7461612769402564,formal_ppo_event_residual_seeds_9000031-9000060_run01/ppo_event_residual/model_seed_0/results.csv
ppo_event_residual,Event-Residual PPO,reinforcement_learning,0,9000056,720,112,6.428571428571429,584101.9800000046,953037.3027966279,42983.23590884585,3720.136018908836,3115.741018908838,1586958.395743296,56723.91144001419,0,1643682.3071833102,270775.77089844155,1857734.1666417376,1914458.0780817517,126854.31280836993,104837.16075328244,709.0488930001774,0.8264374969391283,0.005589474077016906,18.261254543006213,2271381.0938170906,-356923.0157353389,win,0,,,13,0.11607142857142858,,,,,2.748901595827192,formal_ppo_event_residual_seeds_9000031-9000060_run01/ppo_event_residual/model_seed_0/results.csv
ppo_event_residual,Event-Residual PPO,reinforcement_learning,0,9000057,720,96,7.5,581196.0000000064,908628.2817060094,43941.90266720839,3546.7875062756934,3165.8335036338585,1540478.8053831337,301706.9701363842,0,1842185.775519518,226764.73599701584,1767243.5413801495,2068950.5115165338,122972.65226763315,107175.37235904485,3771.3371267048024,0.8715382679214914,0.03066809617553831,19.304346380858913,2380858.3660164326,-311907.85449989885,win,0,,,5,0.052083333333333336,,,,,1.5967985899187624,formal_ppo_event_residual_seeds_9000031-9000060_run01/ppo_event_residual/model_seed_0/results.csv
ppo_event_residual,Event-Residual PPO,reinforcement_learning,0,9000058,720,93,7.741935483870968,552551.3400000032,868697.3069017418,41314.92534548049,3390.918835444464,3084.225618218336,1469038.716700888,475120.7016671173,0,1944159.4183680052,249464.99451347144,1718503.7112143594,2193624.412881477,126103.88537882672,100768.11059873305,5939.008770838967,0.7990880716800846,0.04709616006673929,21.76903387239908,2172908.6218546,20715.791026876774,loss,0,,,6,0.06451612903225806,,,,,2.219317100942135,formal_ppo_event_residual_seeds_9000031-9000060_run01/ppo_event_residual/model_seed_0/results.csv
ppo_event_residual,Event-Residual PPO,reinforcement_learning,0,9000059,720,109,6.605504587155964,577874.8800000076,884246.5489335844,42237.25503566734,3451.6145660099287,3370.526191766902,1511180.8247270363,414961.84240089817,0,1926142.6671279345,275873.3409238563,1787054.1656508925,2202016.0080517908,125978.9416694392,103017.69520894473,5187.023030011227,0.8177374237613193,0.041173730794005624,21.375123988025273,2212831.2094909954,-10815.201439204626,win,0,,,9,0.08256880733944955,,,,,2.478281980380416,formal_ppo_event_residual_seeds_9000031-9000060_run01/ppo_event_residual/model_seed_0/results.csv
ppo_event_residual,Event-Residual PPO,reinforcement_learning,0,9000060,720,104,6.923076923076923,577459.7400000038,801790.5656069956,41161.85268848217,3129.75153646465,2976.187500000003,1426518.0973319463,762728.4467778304,0,2189246.5441097766,264180.7191007257,1690698.816432672,2453427.2632105025,126857.6135473692,100394.76265483469,9534.105584722864,0.7913972196658645,0.07515595885904622,24.43780131883556,2521676.157625502,-68248.89441499952,win,0,,,13,0.125,,,,,1.8889210429042578,formal_ppo_event_residual_seeds_9000031-9000060_run01/ppo_event_residual/model_seed_0/results.csv
ppo_event_residual,Event-Residual PPO,reinforcement_learning,1,9000031,720,131,5.4961832061068705,630597.6600000075,947075.6771164398,44720.37890917409,3696.8650951380237,3395.1392770666257,1629485.720397826,879038.9376193265,0,2508524.6580171525,233670.73941255242,1863156.4598103785,2742195.3974297047,134043.80710806392,109074.09490042455,10987.98672024159,0.8137197626182819,0.08197310235588322,25.14066607596513,2293017.35099732,449178.04643238476,loss,0,,,14,0.10687022900763359,,,,,2.9992917771451175,formal_ppo_event_residual_seeds_9000031-9000060_run01/ppo_event_residual/model_seed_1/results.csv
ppo_event_residual,Event-Residual PPO,reinforcement_learning,1,9000032,720,95,7.578947368421052,550890.7800000058,803465.3445642844,39176.89829973663,3136.288956882965,2940.9289568829695,1399610.2407777929,497271.22185273864,0,1896881.4626305315,278661.70203535905,1678271.942813152,2175543.1646658904,118765.80374023803,95553.41048716256,6215.890273159236,0.8045532255745509,0.052337373868613694,22.767823289344246,1766211.2553052178,409331.9093606726,loss,0,,,6,0.06315789473684211,,,,,1.1177509920671582,formal_ppo_event_residual_seeds_9000031-9000060_run01/ppo_event_residual/model_seed_1/results.csv
ppo_event_residual,Event-Residual PPO,reinforcement_learning,1,9000033,720,111,6.486486486486487,585347.4000000067,888007.8642363427,40309.84994869284,3466.2966823292086,3115.2591823292078,1520246.6700497007,487236.8719812479,0,2007483.5420309487,312973.6231500403,1833220.2931997408,2320457.165180989,127077.96740974124,98316.70719193386,6090.4608997656,0.7736723304278893,0.047926961879457414,23.60186006485137,2107598.694435474,212858.47074551508,loss,0,,,13,0.11711711711711711,,,,,2.070458175148815,formal_ppo_event_residual_seeds_9000031-9000060_run01/ppo_event_residual/model_seed_1/results.csv
ppo_event_residual,Event-Residual PPO,reinforcement_learning,1,9000034,720,117,6.153846153846154,575384.0400000062,891864.9706343476,41236.32460490563,3481.352714656455,3067.8347641966184,1515034.5227181125,319690.7185428443,0,1834725.2412609567,244266.11099143614,1759300.6337095485,2078991.3522523928,123422.09958543938,100576.40147537962,3996.1339817855537,0.8148978328290004,0.03237778319448549,20.670766917041817,1935952.9860899067,143038.36616248614,loss,0,,,9,0.07692307692307693,,,,,2.1803988669998944,formal_ppo_event_residual_seeds_9000031-9000060_run01/ppo_event_residual/model_seed_1/results.csv
ppo_event_residual,Event-Residual PPO,reinforcement_learning,1,9000035,720,95,7.578947368421052,573723.4800000048,868738.8150103663,44040.7688858991,3391.0808603825376,3345.481952902165,1493239.626709555,0,0,1493239.626709555,257728.9659027268,1750968.592612282,1750968.592612282,116933.45658342756,107416.50947780263,0,0.9186122827145288,0,16.300739999135008,1885009.4324528396,-134040.83984055766,win,0,,,7,0.07368421052631578,,,,,2.4409907711669803,formal_ppo_event_residual_seeds_9000031-9000060_run01/ppo_event_residual/model_seed_1/results.csv
ppo_event_residual,Event-Residual PPO,reinforcement_learning,1,9000036,720,98,7.346938775510204,588668.5200000075,818987.2868119124,39236.96048598098,3196.8781240324374,2813.026210886479,1452902.6716328198,1061788.8650719959,0,2514691.536704816,207333.84555325127,1660236.517186071,2722025.3822580674,124518.99931170137,95699.90362434387,13272.360813399955,0.7685566391742654,0.10658904172668465,28.443345073188205,3533761.529562704,-811736.1473046364,win,0,,,7,0.07142857142857142,,,,,2.537839717697352,formal_ppo_event_residual_seeds_9000031-9000060_run01/ppo_event_residual/model_seed_1/results.csv
ppo_event_residual,Event-Residual PPO,reinforcement_learning,1,9000037,720,96,7.5,563344.9800000052,913558.4232166819,41491.48520970679,3566.0320803950403,3108.157080395042,1525069.077587184,270029.20826705405,0,1795098.285854238,287266.1390459635,1812335.2166331476,2082364.4249002016,121647.55872136065,101198.74441391896,3375.365103338174,0.8319011534437725,0.027747084600929835,20.576978864312782,2000485.9131946776,81878.51170552406,loss,0,,,8,0.08333333333333333,,,,,1.0202079811133444,formal_ppo_event_residual_seeds_9000031-9000060_run01/ppo_event_residual/model_seed_1/results.csv
ppo_event_residual,Event-Residual PPO,reinforcement_learning,1,9000038,720,123,5.853658536585366,601122.7200000059,961447.944254228,44195.95060863336,3752.9665598926267,3210.857812836309,1613730.4392355962,427455.4009677471,0,2041185.8402033434,236899.26044816093,1850629.699683757,2278085.1006515045,128369.72617542402,107795.00148447152,5343.19251209684,0.8397229214087748,0.04162346272200569,21.133494775077075,1920295.9707264367,357789.12992506777,loss,0,,,14,0.11382113821138211,,,,,2.4831609637476504,formal_ppo_event_residual_seeds_9000031-9000060_run01/ppo_event_residual/model_seed_1/results.csv
ppo_event_residual,Event-Residual PPO,reinforcement_learning,1,9000039,720,100,7.2,576629.4600000079,813109.8286096259,39307.4936875333,3173.9357440292624,2981.406658348975,1435202.124699545,1000545.3158464533,0,2435747.4405459985,310130.4845200029,1745332.609219548,2745877.9250660012,125712.08383662622,95871.93582325192,12506.816448080672,0.7626310287549273,0.09948778245004965,28.64110233601897,2437563.728051424,308314.1970145772,loss,0,,,5,0.05,,,,,2.455336078070104,formal_ppo_event_residual_seeds_9000031-9000060_run01/ppo_event_residual/model_seed_1/results.csv
ppo_event_residual,Event-Residual PPO,reinforcement_learning,1,9000040,720,103,6.990291262135922,515188.74000000564,810350.3859584089,41583.99482230933,3163.164390202102,3050.1375671478136,1373336.4227380739,876950.8948115074,0,2250287.317549581,270209.16677030135,1643545.5895083752,2520496.4843198825,128417.59580770151,101424.37761538857,10961.886185143845,0.7898012494118497,0.08536124754709382,24.85099286364722,2617199.479188901,-96702.99486901844,win,0,,,5,0.04854368932038835,,,,,2.2286570258438587,formal_ppo_event_residual_seeds_9000031-9000060_run01/ppo_event_residual/model_seed_1/results.csv
ppo_event_residual,Event-Residual PPO,reinforcement_learning,1,9000041,720,97,7.422680412371134,581196.0000000079,833216.9089963206,37854.474141195686,3252.422780960706,2794.547780960705,1458314.3536994457,1282639.8506598952,0,2740954.204359341,258437.43643500036,1716751.790134446,2999391.6407943415,125444.62651394652,92327.98571023344,16032.998133248697,0.7360059037679761,0.1278093656045618,32.486267492153196,2085510.1991784673,913881.4416158742,loss,0,,,10,0.10309278350515463,,,,,2.4384160642512143,formal_ppo_event_residual_seeds_9000031-9000060_run01/ppo_event_residual/model_seed_1/results.csv
ppo_event_residual,Event-Residual PPO,reinforcement_learning,1,9000042,720,94,7.659574468085107,565420.680000004,835666.8300493074,39667.54448579931,3261.9859318740605,3033.048431874062,1447050.0888988588,498348.17453669035,0,1945398.263435549,239259.92784482264,1686310.0167436814,2184658.1912803715,122590.33961068436,96750.10850194952,6229.352181708629,0.7892147848615412,0.05081438065586132,22.580421098301407,2713194.122553258,-528535.9312728867,win,0,,,8,0.0851063829787234,,,,,2.0481062196195126,formal_ppo_event_residual_seeds_9000031-9000060_run01/ppo_event_residual/model_seed_1/results.csv
ppo_event_residual,Event-Residual PPO,reinforcement_learning,1,9000043,720,105,6.857142857142857,623540.2800000058,795291.8771843073,40388.96715380248,3104.3842136893854,3006.7042136893906,1465332.2127654944,647843.6144384551,0,2113175.8272039494,313108.26928003895,1778440.4820455334,2426284.096483988,122999.51700733569,98509.67598488416,8098.045180480686,0.8008948196033082,0.06583802422571887,24.62990637443869,2311477.9959102147,114806.1005737735,loss,0,,,13,0.12380952380952381,,,,,1.527574815787375,formal_ppo_event_residual_seeds_9000031-9000060_run01/ppo_event_residual/model_seed_1/results.csv
ppo_event_residual,Event-Residual PPO,reinforcement_learning,1,9000044,720,113,6.371681415929204,574553.7600000041,883303.1900475092,44986.389401429355,3447.932209232769,3250.6566258529483,1509541.9282840283,424373.3166429698,0,1933915.2449269982,322671.0691084873,1832212.9973925157,2256586.3140354855,129859.10158151455,109722.90097909575,5304.66645803712,0.8449380878414672,0.04084940056902595,20.566229054273794,1749991.6922290896,506594.62180639594,loss,0,,,12,0.10619469026548672,,,,,1.166084191761911,formal_ppo_event_residual_seeds_9000031-9000060_run01/ppo_event_residual/model_seed_1/results.csv
ppo_event_residual,Event-Residual PPO,reinforcement_learning,1,9000045,720,101,7.128712871287129,520585.5600000036,879750.0000000003,40415.679183485125,3434.062500000002,3285.9887744189564,1447471.2904579083,197770.7255595802,0,1645242.0160174884,304651.7886755549,1752123.079133463,1949893.8046930432,125440.6630420947,98574.82727679293,2472.1340694947517,0.7858283341799119,0.019707597277807486,19.780849315797877,2356429.90438643,-406536.0996933868,win,0,,,8,0.07920792079207921,,,,,2.2150104460306466,formal_ppo_event_residual_seeds_9000031-9000060_run01/ppo_event_residual/model_seed_1/results.csv
ppo_event_residual,Event-Residual PPO,reinforcement_learning,1,9000046,720,122,5.901639344262295,595725.9000000044,952995.3969626434,47431.3433664444,3719.9724414686334,3442.1949414686355,1603314.8077120292,233388.40413268094,0,1836703.2118447102,271163.21162949665,1874478.0193415259,2107866.4234742066,132406.07380064274,115686.20333279116,2917.355051658512,0.8737227833443211,0.022033392939745565,18.22055148106614,1951286.679850844,156579.74362336262,loss,0,,,15,0.12295081967213115,,,,,1.6777461948804557,formal_ppo_event_residual_seeds_9000031-9000060_run01/ppo_event_residual/model_seed_1/results.csv
ppo_event_residual,Event-Residual PPO,reinforcement_learning,1,9000047,720,98,7.346938775510204,502319.4000000052,893294.7342247413,43663.07334532494,3486.9337291828956,3421.9350427701947,1446186.0763420246,314090.24349337426,0,1760276.3198353988,300674.9027660815,1746860.979108106,2060951.2226014803,128277.74695956499,106495.30084225598,3926.1280436671777,0.8301931033745459,0.030606462435801514,19.3525085736339,1831302.291207332,229648.93139414839,loss,0,,,5,0.05102040816326531,,,,,2.6755597251467407,formal_ppo_event_residual_seeds_9000031-9000060_run01/ppo_event_residual/model_seed_1/results.csv
ppo_event_residual,Event-Residual PPO,reinforcement_learning,1,9000048,720,97,7.422680412371134,585762.5400000046,827385.0781205613,39182.537090039565,3229.6585050677945,2845.043505067796,1458404.857220741,1037840.7281829432,0,2496245.585403684,275912.8825249988,1734317.7397457398,2772158.467928683,131010.22127700872,95567.16363424274,12973.009102286793,0.7294634166915497,0.09902287757270932,29.007436890544994,2588329.1383681437,183829.32956053922,loss,0,,,8,0.08247422680412371,,,,,2.05725294072181,formal_ppo_event_residual_seeds_9000031-9000060_run01/ppo_event_residual/model_seed_1/results.csv
ppo_event_residual,Event-Residual PPO,reinforcement_learning,1,9000049,720,94,7.659574468085107,483638.1000000049,826787.1999891549,40759.615486421986,3227.324716070199,2903.7608701911763,1357316.0010618435,493182.69585658854,0,1850498.6969184321,249841.0383441723,1607157.0394060158,2100339.7352626044,124881.76991963951,99413.69630834636,6164.783698207362,0.7960625187512824,0.04936496097208067,21.127267300755907,1840479.7749794757,259859.96028312878,loss,0,,,2,0.02127659574468085,,,,,2.3456903542391956,formal_ppo_event_residual_seeds_9000031-9000060_run01/ppo_event_residual/model_seed_1/results.csv
ppo_event_residual,Event-Residual PPO,reinforcement_learning,1,9000050,720,104,6.923076923076923,589913.9400000058,842059.4639678529,41562.52960384915,3286.9392759103253,3058.0017759103266,1479880.8746235287,1088723.2407862328,0,2568604.1154097617,293993.66076847573,1773874.5353920045,2862597.7761782375,132171.66508378548,101372.02342402237,13609.04050982791,0.7669724321000361,0.10296488662075148,28.23853840032832,2332346.0574296084,530251.7187486291,loss,0,,,7,0.0673076923076923,,,,,2.8823215630836785,formal_ppo_event_residual_seeds_9000031-9000060_run01/ppo_event_residual/model_seed_1/results.csv
ppo_event_residual,Event-Residual PPO,reinforcement_learning,1,9000051,720,104,6.923076923076923,596141.0400000071,885977.1809246145,43788.53722909583,3458.3700061027967,3229.432506102798,1532594.5606659232,815144.9750973171,0,2347739.5357632404,259368.58874835432,1791963.1494142774,2607108.124511595,128981.17360926494,106801.31031486811,10189.312188716465,0.8280379789256034,0.07899844530476927,24.410825268205084,1932977.2340705122,674130.8904410827,loss,0,,,9,0.08653846153846154,,,,,3.199476665817201,formal_ppo_event_residual_seeds_9000031-9000060_run01/ppo_event_residual/model_seed_1/results.csv
ppo_event_residual,Event-Residual PPO,reinforcement_learning,1,9000052,720,101,7.128712871287129,543003.1200000056,879750.0000000005,44686.030499826855,3434.0625000000005,3229.545000000004,1474102.757999833,620840.927938465,0,2094943.685938298,285110.8984600586,1759213.6564598917,2380054.5843983567,130292.35070980627,108990.31829226068,7760.511599230812,0.836505886174465,0.05956229630483387,21.83730281451396,2247524.9646282806,132529.61977007613,loss,0,,,7,0.06930693069306931,,,,,1.7935282648541033,formal_ppo_event_residual_seeds_9000031-9000060_run01/ppo_event_residual/model_seed_1/results.csv
ppo_event_residual,Event-Residual PPO,reinforcement_learning,1,9000053,720,85,8.470588235294118,540097.140000004,871859.1228081516,40751.6156406749,3403.2608342351496,2945.3858342351486,1459056.5251173011,162135.34425449747,0,1621191.8693717986,231794.50169100822,1690851.0268083094,1852986.3710628068,119353.23535741051,99394.18448945088,2026.6918031812181,0.8327732733160434,0.016980618892417674,18.642804713181906,1896455.7981864524,-43469.42712364555,win,0,,,7,0.08235294117647059,,,,,3.0715352189727128,formal_ppo_event_residual_seeds_9000031-9000060_run01/ppo_event_residual/model_seed_1/results.csv
ppo_event_residual,Event-Residual PPO,reinforcement_learning,1,9000054,720,99,7.2727272727272725,551305.9200000068,878853.1067123269,38876.959689383955,3430.5615194876923,2847.925807742837,1475314.4737289483,1459030.3977123634,0,2934344.8714413117,232258.9189835982,1707573.3927125465,3166603.79042491,132093.20107071442,94821.8529009365,18237.87997140454,0.7178405257222499,0.13806827167161406,33.39529542555095,3352607.0985221015,-186003.30809719162,win,0,,,11,0.1111111111111111,,,,,3.063539450056851,formal_ppo_event_residual_seeds_9000031-9000060_run01/ppo_event_residual/model_seed_1/results.csv
ppo_event_residual,Event-Residual PPO,reinforcement_learning,1,9000055,720,121,5.950413223140496,613576.9200000039,834250.7618884889,41088.10873677212,3256.45837680897,3256.4583768089688,1495428.707378883,337273.48502495844,0,1832702.1924038413,320124.3349020399,1815553.0422809229,2152826.527305881,124998.78160566899,100214.89935798077,4215.918562811979,0.8017270094209925,0.03372767725138193,21.48210037726728,2379682.1687872596,-226855.64148137858,win,0,,,11,0.09090909090909091,,,,,2.733366494998336,formal_ppo_event_residual_seeds_9000031-9000060_run01/ppo_event_residual/model_seed_1/results.csv
ppo_event_residual,Event-Residual PPO,reinforcement_learning,1,9000056,720,110,6.545454545454546,596556.1800000066,915501.3027966282,43509.311716795106,3573.6160189088364,3237.841018908838,1562378.2515512477,89165.3070924534,0,1651543.558643701,297390.56967622077,1859768.8212274686,1948934.128319922,126854.31280836993,106120.27247998804,1114.5663386556678,0.8365523420579056,0.00878619192348128,18.365332869715804,2271381.0938170906,-322446.9654971687,win,0,,,11,0.1,,,,,2.7764693191275,formal_ppo_event_residual_seeds_9000031-9000060_run01/ppo_event_residual/model_seed_1/results.csv
ppo_event_residual,Event-Residual PPO,reinforcement_learning,1,9000057,720,96,7.5,587838.2400000066,875002.2817060094,43941.90266720839,3415.5300062756924,3165.8335036338585,1513363.787883134,306066.2491708379,0,1819430.037053972,231010.40599153112,1744374.1938746653,2050440.4430455032,122972.65226763315,107175.37235904485,3825.828114635474,0.8715382679214914,0.031111210859379387,19.131638154485593,2380858.3660164326,-330417.9229709294,win,0,,,7,0.07291666666666667,,,,,1.5552303669974208,formal_ppo_event_residual_seeds_9000031-9000060_run01/ppo_event_residual/model_seed_1/results.csv
ppo_event_residual,Event-Residual PPO,reinforcement_learning,1,9000058,720,89,8.089887640449438,480732.1200000053,881575.562460837,40394.90245662675,3441.1884966901653,3011.1972636833493,1409154.9706778426,415691.5853059895,0,1824846.555983832,251161.16272643194,1660316.1334042745,2076007.718710264,126103.88537882672,98524.152333236,5196.144816324869,0.7812935504505759,0.04120527135793803,21.071053843616237,2172908.6218546,-96900.90314433607,win,0,,,1,0.011235955056179775,,,,,2.2117252540774643,formal_ppo_event_residual_seeds_9000031-9000060_run01/ppo_event_residual/model_seed_1/results.csv
ppo_event_residual,Event-Residual PPO,reinforcement_learning,1,9000059,720,100,7.2,545909.1000000053,924424.4963698527,40856.00579075455,3608.4472828247735,2988.3867510328487,1517786.43619447,139256.51978710853,0,1657042.9559815784,276254.03214182594,1794040.4683362958,1933296.9881234043,125978.9416694392,99648.79461159653,1740.7064973388567,0.790995648090684,0.013817440234625568,19.401107616593475,2212831.2094909954,-279534.22136759106,win,0,,,5,0.05,,,,,2.4743937379680574,formal_ppo_event_residual_seeds_9000031-9000060_run01/ppo_event_residual/model_seed_1/results.csv
ppo_event_residual,Event-Residual PPO,reinforcement_learning,1,9000060,720,97,7.422680412371134,562929.8400000044,836726.5603234041,38425.912402145936,3266.1225388583002,2747.250000000003,1444095.685264413,947314.2030126834,0,2391409.8882770967,215849.08948911724,1659944.7747535303,2607258.977766214,126857.6135473692,93721.73756620967,11841.427537658528,0.7387947395937222,0.09334424010141801,27.81914895596464,2521676.157625502,85582.82014071196,loss,0,,,10,0.10309278350515463,,,,,1.8472323399037123,formal_ppo_event_residual_seeds_9000031-9000060_run01/ppo_event_residual/model_seed_1/results.csv
ppo_event_residual,Event-Residual PPO,reinforcement_learning,2,9000031,720,125,5.76,568326.6600000049,972220.5142231282,44095.08728880631,3795.0167770666235,3477.5567770666244,1591914.8350660724,717075.5616963427,0,2308990.396762415,253570.58534413247,1845485.420410205,2562560.9821065473,134043.80710806392,107548.9933873325,8963.444521204277,0.8023421276048082,0.06686951612750074,23.826917401984485,2293017.35099732,269543.6311092274,loss,0,,,11,0.088,,,,,3.030171051155776,formal_ppo_event_residual_seeds_9000031-9000060_run01/ppo_event_residual/model_seed_2/results.csv
ppo_event_residual,Event-Residual PPO,reinforcement_learning,2,9000032,720,102,7.0588235294117645,584517.1200000067,852018.7200902003,39052.90530511742,3325.8147609659013,2867.9397609659068,1481782.4999172564,205641.90578934943,0,1687424.4057066059,253282.31840773404,1735064.8183249906,1940706.7241143398,118765.80374023803,95250.98854906714,2570.5238223668675,0.8020068533986267,0.021643635974451545,20.37466228620413,1766211.2553052178,174495.468809122,loss,0,,,10,0.09803921568627451,,,,,1.086555396206677,formal_ppo_event_residual_seeds_9000031-9000060_run01/ppo_event_residual/model_seed_2/results.csv
ppo_event_residual,Event-Residual PPO,reinforcement_learning,2,9000033,720,114,6.315789473684211,557533.0200000056,879878.5724787746,40590.21674889905,3434.5643765875443,3205.6268765875466,1484642.0004808542,313543.89010215516,0,1798185.8905830095,310120.46768804686,1794762.468168901,2108306.3582710563,127077.96740974124,99000.52865585132,3919.2986262769377,0.7790534478462423,0.030841684881847596,21.295910101652243,2107598.694435474,707.6638355823234,loss,0,,,7,0.06140350877192982,,,,,2.1776166642084718,formal_ppo_event_residual_seeds_9000031-9000060_run01/ppo_event_residual/model_seed_2/results.csv
ppo_event_residual,Event-Residual PPO,reinforcement_learning,2,9000034,720,117,6.153846153846154,551305.920000005,872044.812782972,41236.32460490562,3403.9856662660163,3067.8347641966184,1471058.8778183453,335334.61220697523,0,1806393.4900253206,263372.61208509776,1734431.489903443,2069766.1021104183,123422.09958543938,100576.4014753796,4191.682652587189,0.8148978328290002,0.03396217263088676,20.579043112981953,1935952.9860899067,133813.1160205116,loss,0,,,10,0.08547008547008547,,,,,2.1581655531190336,formal_ppo_event_residual_seeds_9000031-9000060_run01/ppo_event_residual/model_seed_2/results.csv
ppo_event_residual,Event-Residual PPO,reinforcement_learning,2,9000035,720,95,7.578947368421052,569987.2200000061,891694.0587389459,43602.75307997985,3480.685568159381,3121.566134857925,1511886.2835219493,0,0,1511886.2835219493,224967.5490891797,1736853.832611129,1736853.832611129,116933.45658342756,106348.17824385338,0,0.9094760503207909,0,16.331768548292118,1885009.4324528396,-148155.59984171065,win,0,,,9,0.09473684210526316,,,,,2.3984494660981,formal_ppo_event_residual_seeds_9000031-9000060_run01/ppo_event_residual/model_seed_2/results.csv
ppo_event_residual,Event-Residual PPO,reinforcement_learning,2,9000036,720,112,6.428571428571429,615652.620000005,869783.9130231321,39339.39340633275,3395.160351027,2791.4074513576275,1530962.4942318546,577791.5033166244,0,2108753.997548479,256235.50203454413,1787197.9962663986,2364989.499583023,124518.99931170137,95949.74001544576,7222.393791457813,0.7705630509867831,0.05800234366948616,24.648211649164583,3533761.529562704,-1168772.0299796807,win,0,,,9,0.08035714285714286,,,,,2.6542392652481794,formal_ppo_event_residual_seeds_9000031-9000060_run01/ppo_event_residual/model_seed_2/results.csv
ppo_event_residual,Event-Residual PPO,reinforcement_learning,2,9000037,720,115,6.260869565217392,570402.3600000051,930352.4268412718,43669.63830939351,3631.5866789424363,3315.7343993345453,1551371.7462289475,0,0,1551371.7462289475,269022.07124736445,1820393.817476312,1820393.817476312,121647.55872136065,106511.31294974004,0,0.8755729590407081,0,17.091084196242225,2000485.9131946776,-180092.09571836563,win,0,,,9,0.0782608695652174,,,,,1.0501977279782295,formal_ppo_event_residual_seeds_9000031-9000060_run01/ppo_event_residual/model_seed_2/results.csv
ppo_event_residual,Event-Residual PPO,reinforcement_learning,2,9000038,720,118,6.101694915254237,622294.860000007,958202.6624603573,44139.608958548735,3740.298755959392,3222.371635675442,1631599.8018105477,425649.1653942024,0,2057248.96720475,203441.77274299352,1835041.5745535411,2260690.7399477437,128369.72617542402,107657.58282572856,5320.614567427531,0.8386524302358391,0.04144758056238766,20.9988992935802,1920295.9707264367,340394.769221307,loss,0,,,13,0.11016949152542373,,,,,2.5061589586548507,formal_ppo_event_residual_seeds_9000031-9000060_run01/ppo_event_residual/model_seed_2/results.csv
ppo_event_residual,Event-Residual PPO,reinforcement_learning,2,9000039,720,104,6.923076923076923,574553.760000007,871759.828609626,42303.29573648293,3402.8732440292642,3210.3441583489753,1495230.101748494,400545.3158464543,0,1895775.4175949483,287792.1224710533,1783022.2242195474,2183567.5400660015,125712.08383662622,103178.77008898286,5006.816448080679,0.8207545920810019,0.039827646597501896,21.16295375669686,2437563.728051424,-253996.18798542256,win,0,,,6,0.057692307692307696,,,,,2.5607638750225306,formal_ppo_event_residual_seeds_9000031-9000060_run01/ppo_event_residual/model_seed_2/results.csv
ppo_event_residual,Event-Residual PPO,reinforcement_learning,2,9000040,720,105,6.857142857142857,501489.1200000065,882846.695796821,41811.070858172745,3446.1503055240432,3046.272805524044,1432639.3097660483,384119.6692070121,0,1816758.9789730604,304741.8039034907,1737381.113669539,2121500.782876551,128417.59580770151,101978.22160529933,4801.49586508765,0.7941140850978574,0.03738970376207349,20.80346910821503,2617199.479188901,-495698.69631234976,win,0,,,6,0.05714285714285714,,,,,2.3345429450273514,formal_ppo_event_residual_seeds_9000031-9000060_run01/ppo_event_residual/model_seed_2/results.csv
ppo_event_residual,Event-Residual PPO,reinforcement_learning,2,9000041,720,102,7.0588235294117645,618143.4600000045,899140.206846173,40607.14753343603,3509.7512549845846,3065.9409453599533,1564466.5065799581,795586.1624016621,0,2360052.66898162,235558.67458099782,1800025.181160956,2595611.343562618,125444.62651394652,99041.82325228323,9944.827030020784,0.7895262316498832,0.079276628313092,26.207224971525157,2085510.1991784673,510101.1443841506,loss,0,,,10,0.09803921568627451,,,,,2.589754152111709,formal_ppo_event_residual_seeds_9000031-9000060_run01/ppo_event_residual/model_seed_2/results.csv
ppo_event_residual,Event-Residual PPO,reinforcement_learning,2,9000042,720,96,7.5,511452.48000000423,868349.053220737,41635.32883531731,3389.559443678137,3160.6219436781416,1427987.043443415,128472.69055118464,0,1556459.7339945997,283786.8349435705,1711773.8783869855,1840246.56893817,122590.33961068436,101549.58252516417,1605.9086318898082,0.8283652924664352,0.013099797561453573,18.12165567969867,2713194.122553258,-872947.5536150881,win,0,,,2,0.020833333333333332,,,,,2.1768013830296695,formal_ppo_event_residual_seeds_9000031-9000060_run01/ppo_event_residual/model_seed_2/results.csv
ppo_event_residual,Event-Residual PPO,reinforcement_learning,2,9000043,720,109,6.605504587155964,598631.8800000091,815990.3543511726,37906.74223805374,3185.1797399705342,2727.3047399705333,1458441.4610691764,467254.43340071256,0,1925695.8944698889,312976.2650933245,1771417.726162501,2238672.1595632136,122999.51700733569,92455.46887330183,5840.6804175089055,0.7516734302931269,0.04748539311061333,24.213517997848477,2311477.9959102147,-72805.83634700114,win,0,,,10,0.09174311926605505,,,,,1.5282438839785755,formal_ppo_event_residual_seeds_9000031-9000060_run01/ppo_event_residual/model_seed_2/results.csv
ppo_event_residual,Event-Residual PPO,reinforcement_learning,2,9000044,720,116,6.206896551724138,568326.6600000043,932629.2676150725,44986.38940142931,3640.474219175208,3250.6566258529483,1552833.4478615343,124587.01744734636,0,1677420.4653088807,270180.2594807155,1823013.7073422498,1947600.7247895962,129859.10158151455,109722.90097909585,1557.3377180918296,0.844938087841468,0.0119925188078886,17.75017528164561,1749991.6922290896,197609.0325605066,loss,0,,,7,0.0603448275862069,,,,,1.1838039821013808,formal_ppo_event_residual_seeds_9000031-9000060_run01/ppo_event_residual/model_seed_2/results.csv
ppo_event_residual,Event-Residual PPO,reinforcement_learning,2,9000045,720,100,7.2,498168.0000000048,879749.9999999995,40415.679183485125,3434.062500000001,3285.9887744189564,1425053.7304579085,213413.84968739745,0,1638467.580145306,304691.12462032825,1729744.8550782367,1943158.7047656341,125440.6630420947,98574.82727679293,2667.6731210924668,0.7858283341799119,0.021266414385877914,19.712524570896246,2356429.90438643,-413271.1996207959,win,0,,,5,0.05,,,,,2.2395762209780514,formal_ppo_event_residual_seeds_9000031-9000060_run01/ppo_event_residual/model_seed_2/results.csv
ppo_event_residual,Event-Residual PPO,reinforcement_learning,2,9000046,720,101,7.128712871287129,502734.5400000061,937842.4437753245,46758.53502822797,3660.8236056575215,3410.131416386305,1494406.4738256026,652370.2095934268,0,2146776.683419029,238260.87678914474,1732667.3506147473,2385037.560208174,132406.07380064274,114045.2073859217,8154.627619917835,0.8613291226929205,0.06158801772338521,20.913088895856525,1951286.679850844,433750.88035732997,loss,0,,,5,0.04950495049504951,,,,,1.6151943015865982,formal_ppo_event_residual_seeds_9000031-9000060_run01/ppo_event_residual/model_seed_2/results.csv
ppo_event_residual,Event-Residual PPO,reinforcement_learning,2,9000047,720,89,8.089887640449438,490280.34000000695,909574.6514995435,44051.59487585562,3550.4816159876705,3321.544115987674,1450778.6121073812,481670.26007064397,0,1932448.872178025,279129.82829725766,1729908.4404046389,2211578.700475283,128277.74695956499,107442.91433135512,6020.878250883049,0.8375803042847539,0.04693626442301733,20.583755701699882,1831302.291207332,380276.40926795104,loss,0,,,2,0.02247191011235955,,,,,2.750681472942233,formal_ppo_event_residual_seeds_9000031-9000060_run01/ppo_event_residual/model_seed_2/results.csv
ppo_event_residual,Event-Residual PPO,reinforcement_learning,2,9000048,720,101,7.128712871287129,583686.8400000044,871177.0781205612,41906.509692779284,3400.598505067795,3000.7210050677963,1503171.7473234804,891936.88800019,0,2395108.6353236707,264533.35284902964,1767705.1001725101,2659641.9881727,131010.22127700872,102210.99925068112,11149.211100002378,0.7801757622755681,0.08510184160691116,26.021093695109105,2588329.1383681437,71312.84980455646,loss,0,,,11,0.10891089108910891,,,,,2.1215067030861974,formal_ppo_event_residual_seeds_9000031-9000060_run01/ppo_event_residual/model_seed_2/results.csv
ppo_event_residual,Event-Residual PPO,reinforcement_learning,2,9000049,720,99,7.2727272727272725,473674.7400000063,860416.3353146215,41944.33034147303,3358.5944546648116,3173.753232940957,1382567.7533437065,23636.97939101047,0,1406204.732734717,272006.70371800225,1654574.4570617087,1678211.4364527192,124881.76991963951,102303.2447353,295.46224238763085,0.8192007912854805,0.0023659357372798175,16.404283566908685,1840479.7749794757,-162268.3385267565,win,0,,,6,0.06060606060606061,,,,,2.4589772280305624,formal_ppo_event_residual_seeds_9000031-9000060_run01/ppo_event_residual/model_seed_2/results.csv
ppo_event_residual,Event-Residual PPO,reinforcement_learning,2,9000050,720,117,6.153846153846154,553796.7600000054,950032.1091909097,46017.94689613916,3708.4053878583845,3479.467887858385,1557034.6893627709,142270.82311308617,0,1699305.512475857,292095.7000017609,1849130.3893645317,1991401.212477618,132171.66508378548,112238.89486863208,1778.385288913577,0.8491902920151778,0.013455117538136736,17.742523345480336,2332346.0574296084,-340944.8449519905,win,0,,,7,0.05982905982905983,,,,,3.110256761778146,formal_ppo_event_residual_seeds_9000031-9000060_run01/ppo_event_residual/model_seed_2/results.csv
ppo_event_residual,Event-Residual PPO,reinforcement_learning,2,9000051,720,122,5.901639344262295,610255.800000008,938731.2370541494,44896.22782750082,3664.292968168537,3327.282020780161,1600874.839870607,486210.4875194136,0,2087085.3273900207,261710.7830815955,1862585.6229522026,2348796.110471616,128981.17360926494,109502.99470122164,6077.631093992669,0.8489843256733699,0.04712029611704589,21.449606167213,1932977.2340705122,415818.8764011038,loss,0,,,8,0.06557377049180328,,,,,3.3294988311827183,formal_ppo_event_residual_seeds_9000031-9000060_run01/ppo_event_residual/model_seed_2/results.csv
ppo_event_residual,Event-Residual PPO,reinforcement_learning,2,9000052,720,99,7.2727272727272725,497337.72000000585,879750.0000000003,44686.030499826855,3434.062499999999,3229.545000000004,1428437.357999833,620840.927938465,0,2049278.285938298,285110.8984600586,1713548.2564598918,2334389.184398357,130292.35070980627,108990.31829226068,7760.511599230812,0.836505886174465,0.05956229630483387,21.418316975078696,2247524.9646282806,86864.21977007622,loss,0,,,5,0.050505050505050504,,,,,1.807997233234346,formal_ppo_event_residual_seeds_9000031-9000060_run01/ppo_event_residual/model_seed_2/results.csv
ppo_event_residual,Event-Residual PPO,reinforcement_learning,2,9000053,720,88,8.181818181818182,525152.1000000047,838741.4541212408,42748.42109036802,3273.987581464311,3174.32333423515,1413090.286127313,0,0,1413090.286127313,278373.6837557945,1691463.9698831076,1691463.9698831076,119353.23535741051,104264.4416838243,0,0.8735786790496136,0,16.22282671413876,1896455.7981864524,-204991.82830334478,win,0,,,5,0.056818181818181816,,,,,3.19320230698213,formal_ppo_event_residual_seeds_9000031-9000060_run01/ppo_event_residual/model_seed_2/results.csv
ppo_event_residual,Event-Residual PPO,reinforcement_learning,2,9000054,720,95,7.578947368421052,519755.28000000695,899851.8552861864,38988.50302896415,3512.5291409988217,2872.345807742837,1464980.5132638991,1438009.4791104037,0,2902989.992374303,219032.7680408792,1684013.2813047783,3122022.760415182,132093.2010707144,95093.90982674174,17975.118488880053,0.7199001088317516,0.13607905890067198,32.830943286519755,3352607.0985221015,-230584.33810691955,win,0,,,3,0.031578947368421054,,,,,3.1422073086723685,formal_ppo_event_residual_seeds_9000031-9000060_run01/ppo_event_residual/model_seed_2/results.csv
ppo_event_residual,Event-Residual PPO,reinforcement_learning,2,9000055,720,112,6.428571428571429,592404.7800000056,845877.6542596102,38034.58220834239,3301.843401058135,2753.6720836997238,1482372.531952716,956670.5597722708,0,2439043.0917249867,284762.6788713869,1767135.2108241029,2723805.770596374,124998.78160566899,92767.27367888397,11958.381997153381,0.7421454232372834,0.09566798846790552,29.361709820479252,2379682.1687872596,344123.6018091142,loss,0,,,10,0.08928571428571429,,,,,2.704501365777105,formal_ppo_event_residual_seeds_9000031-9000060_run01/ppo_event_residual/model_seed_2/results.csv
ppo_event_residual,Event-Residual PPO,reinforcement_learning,2,9000056,720,106,6.7924528301886795,569987.2200000061,915501.3027966281,43509.311716795106,3573.6160189088364,3237.841018908838,1535809.291551247,89165.30709245348,0,1624974.5986437006,297390.56967622077,1833199.8612274677,1922365.1683199215,126854.31280836993,106120.27247998804,1114.5663386556687,0.8365523420579056,0.008786191923481287,18.114966381022416,2271381.0938170906,-349015.92549716914,win,0,,,10,0.09433962264150944,,,,,2.812727919779718,formal_ppo_event_residual_seeds_9000031-9000060_run01/ppo_event_residual/model_seed_2/results.csv
ppo_event_residual,Event-Residual PPO,reinforcement_learning,2,9000057,720,95,7.578947368421052,514773.6000000078,849978.2817060094,43941.90266720839,3317.850006275692,3165.8335036338585,1415177.467883135,306066.24917083804,0,1721243.717053973,286852.4459915312,1702029.9138746662,2008096.1630455044,122972.65226763315,107175.37235904485,3825.8281146354757,0.8715382679214914,0.031111210859379405,18.73654477558748,2380858.3660164326,-372762.2029709283,win,0,,,4,0.042105263157894736,,,,,1.6181987808085978,formal_ppo_event_residual_seeds_9000031-9000060_run01/ppo_event_residual/model_seed_2/results.csv
ppo_event_residual,Event-Residual PPO,reinforcement_learning,2,9000058,720,90,8,501904.2600000043,883614.6506375779,40394.90245662675,3449.147980909478,3240.13476368335,1432603.095838802,307707.00410176115,0,1740310.099940563,270039.85708729713,1702642.952926099,2010349.9570278602,126103.88537882672,98524.152333236,3846.337551272014,0.7812935504505759,0.03050134053932828,20.40464098821474,2172908.6218546,-162558.6648267398,win,0,,,2,0.022222222222222223,,,,,2.318860369268805,formal_ppo_event_residual_seeds_9000031-9000060_run01/ppo_event_residual/model_seed_2/results.csv
ppo_event_residual,Event-Residual PPO,reinforcement_learning,2,9000059,720,110,6.545454545454546,568326.6600000069,886888.496369852,42637.784144002835,3461.927282824772,3313.6753048789337,1504628.5431015657,343568.0219655113,0,1848196.565067077,272804.00423843856,1777432.5473400042,2121000.569305516,125978.9416694392,103994.59547317763,4294.600274568891,0.8254918964635605,0.034089826582585935,20.395296117600324,2212831.2094909954,-91830.64018547954,win,0,,,8,0.07272727272727272,,,,,2.525089451111853,formal_ppo_event_residual_seeds_9000031-9000060_run01/ppo_event_residual/model_seed_2/results.csv
ppo_event_residual,Event-Residual PPO,reinforcement_learning,2,9000060,720,97,7.422680412371134,566250.9600000035,888376.828659462,41500.912402145936,3467.7369174974556,2976.1875000000036,1502572.625479109,676120.6292414976,0,2178693.2547206064,167211.98277141206,1669784.608250521,2345905.2374920184,126857.6135473692,101221.73756620966,8451.507865518714,0.7979161418515335,0.06662199949365186,23.175903653674684,2521676.157625502,-175770.9201334836,win,0,,,11,0.1134020618556701,,,,,1.9095623618923128,formal_ppo_event_residual_seeds_9000031-9000060_run01/ppo_event_residual/model_seed_2/results.csv
iterative_action_q_g60_p4,Iterative Action-Q G60-P4,reinforcement_learning,0,9000031,720,450,1.6,593235.060000005,1051328.1632761615,49673.00909589116,4103.809742200108,3663.000000000005,1702003.0421142578,0,0,1702003.0421142578,230252.94499386405,1932255.9871081219,1932255.9871081219,,121153.68072168595,0,,,15.948801353769,2293017.35099732,-360761.36388919805,win,,11,393,,,,,,,,formal_iterative_action_q_g60_p4_seeds_9000031-9000060_run01/model_seed_0/evaluation.csv
iterative_action_q_g60_p4,Iterative Action-Q G60-P4,reinforcement_learning,0,9000032,720,389,1.8508997429305913,551721.0600000052,879750,43102.92808707032,3434.0625000000023,3434.0625000000064,1481442.1130870755,0,0,1481442.1130870755,206852.0867739615,1688294.199861037,1688294.199861037,,105129.09289529342,0,,,16.05924823818794,1766211.2553052178,-77917.05544418073,win,,10,331,,,,,,,,formal_iterative_action_q_g60_p4_seeds_9000031-9000060_run01/model_seed_0/evaluation.csv
iterative_action_q_g60_p4,Iterative Action-Q G60-P4,reinforcement_learning,0,9000033,720,447,1.610738255033557,569987.2200000065,982546.7334811056,46055.82073218089,3835.3246853594383,3523.9696853594373,1605949.0685840119,0,0,1605949.0685840119,199306.08046388527,1805255.1490478972,1805255.1490478972,,112331.27007849004,0,,,16.07081579142209,2107598.694435474,-302343.5453875768,win,,12,358,,,,,,,,formal_iterative_action_q_g60_p4_seeds_9000031-9000060_run01/model_seed_0/evaluation.csv
iterative_action_q_g60_p4,Iterative Action-Q G60-P4,reinforcement_learning,0,9000034,720,475,1.5157894736842106,524736.9600000049,970338.5569953156,42779.71112961452,3787.6706460718697,3324.9333514425416,1544967.8321224495,97415.25893946779,0,1642383.0910619174,157662.1334561369,1702629.9655785863,1800045.2245180542,,104340.75885271835,1217.6907367433473,,,17.25160181227835,1935952.9860899067,-135907.7615718525,win,,10,424,,,,,,,,formal_iterative_action_q_g60_p4_seeds_9000031-9000060_run01/model_seed_0/evaluation.csv
iterative_action_q_g60_p4,Iterative Action-Q G60-P4,reinforcement_learning,0,9000035,720,451,1.5964523281596452,557533.0200000062,931419.0736300104,42169.72610341315,3635.750284214336,3014.8755288586567,1537772.4455465027,0,0,1537772.4455465027,235613.70706700493,1773386.1526135076,1773386.1526135076,,102852.99049612954,0,,,17.241950322098237,1885009.4324528396,-111623.27983933198,win,,12,405,,,,,,,,formal_iterative_action_q_g60_p4_seeds_9000031-9000060_run01/model_seed_0/evaluation.csv
iterative_action_q_g60_p4,Iterative Action-Q G60-P4,reinforcement_learning,0,9000036,720,338,2.1301775147928996,631012.8000000061,879750.0000000005,41821.287589571824,3434.0625000000045,2976.187500000004,1558994.3375895785,365976.1635795947,0,1924970.501169173,265515.9833287685,1824510.320918347,2190486.4844979416,,102003.14046237031,4574.702044744931,,,21.47469651001606,3533761.529562704,-1343275.0450647622,win,,12,310,,,,,,,,formal_iterative_action_q_g60_p4_seeds_9000031-9000060_run01/model_seed_0/evaluation.csv
iterative_action_q_g60_p4,Iterative Action-Q G60-P4,reinforcement_learning,0,9000037,720,456,1.5789473684210527,541757.7000000062,973769.2045134528,43712.24339480598,3801.0620163392828,3309.609516339281,1566349.819440944,0,0,1566349.819440944,251968.29803247386,1818318.1174734177,1818318.1174734177,,106615.22779220963,0,,,17.054956924326735,2000485.9131946776,-182167.7957212599,win,,11,397,,,,,,,,formal_iterative_action_q_g60_p4_seeds_9000031-9000060_run01/model_seed_0/evaluation.csv
iterative_action_q_g60_p4,Iterative Action-Q G60-P4,reinforcement_learning,0,9000038,720,390,1.8461538461538463,606104.4000000056,1018761.902063779,46639.54633865979,3976.688882416482,3424.291067363035,1678906.8283522238,75017.58819164748,0,1753924.4165438714,171301.40542599597,1850208.23377822,1925225.8219698675,,113754.99106990197,937.7198523955935,,,16.924319573695225,1920295.9707264367,4929.851243430749,loss,,12,331,,,,,,,,formal_iterative_action_q_g60_p4_seeds_9000031-9000060_run01/model_seed_0/evaluation.csv
iterative_action_q_g60_p4,Iterative Action-Q G60-P4,reinforcement_learning,0,9000039,720,404,1.7821782178217822,592819.9200000062,971189.0985158716,46321.30969974055,3790.9906946543483,3422.7120554666653,1617544.0309657394,0,0,1617544.0309657394,232728.6387641137,1850272.669729853,1850272.669729853,,112978.80414570885,0,,,16.377166351872116,2437563.728051424,-587291.058321571,win,,12,365,,,,,,,,formal_iterative_action_q_g60_p4_seeds_9000031-9000060_run01/model_seed_0/evaluation.csv
iterative_action_q_g60_p4,Iterative Action-Q G60-P4,reinforcement_learning,0,9000040,720,465,1.5483870967741935,543003.1200000042,957571.4525881999,45825.027756560215,3737.8348580888564,3345.116791678384,1553482.5519945312,45906.37713139894,0,1599388.9291259302,201929.61311722474,1755412.165111756,1801318.542243155,,111768.36038185432,573.8297141424868,,,16.11653366023253,2617199.479188901,-815880.936945746,win,,11,405,,,,,,,,formal_iterative_action_q_g60_p4_seeds_9000031-9000060_run01/model_seed_0/evaluation.csv
iterative_action_q_g60_p4,Iterative Action-Q G60-P4,reinforcement_learning,0,9000041,720,375,1.92,630597.6600000056,974205.555837278,45440.61147897614,3802.765293086056,3394.071113124862,1657440.6637224706,228342.8517511985,0,1885783.5154736692,176049.01057016873,1833489.6742926394,2061832.526043838,,110830.75970481994,2854.285646889981,,,18.603432219856654,2085510.1991784673,-23677.673134629382,win,,11,349,,,,,,,,formal_iterative_action_q_g60_p4_seeds_9000031-9000060_run01/model_seed_0/evaluation.csv
iterative_action_q_g60_p4,Iterative Action-Q G60-P4,reinforcement_learning,0,9000042,720,512,1.40625,526397.5200000051,962825.7167766982,43443.44570551205,3758.3446297453647,3249.909018493448,1539674.9361304545,0,0,1539674.9361304545,142239.0510169817,1681913.9871474362,1681913.9871474362,,105959.62367198066,0,,,15.873159311646287,2713194.122553258,-1031280.135405822,win,,12,423,,,,,,,,formal_iterative_action_q_g60_p4_seeds_9000031-9000060_run01/model_seed_0/evaluation.csv
iterative_action_q_g60_p4,Iterative Action-Q G60-P4,reinforcement_learning,0,9000043,720,487,1.4784394250513346,573723.4800000057,904507.6848737837,44120.07109849906,3530.7029515054055,3189.8946508610074,1529071.8335746548,1280.3954258181188,0,1530352.229000473,254936.52818573636,1784008.3617603912,1785288.7571862093,,107609.92950853422,16.004942822726484,,,16.590371960466932,2311477.9959102147,-526189.2387240054,win,,11,429,,,,,,,,formal_iterative_action_q_g60_p4_seeds_9000031-9000060_run01/model_seed_0/evaluation.csv
iterative_action_q_g60_p4,Iterative Action-Q G60-P4,reinforcement_learning,0,9000044,720,480,1.5,555457.3200000047,1005768.6540057409,45962.60119601473,3925.9703533919787,3323.336784462023,1614437.8823396144,0,0,1614437.8823396144,258435.2498899678,1872873.1322295822,1872873.1322295822,,112103.90535613355,0,,,16.70658240031699,1749991.6922290896,122881.44000049261,loss,,12,430,,,,,,,,formal_iterative_action_q_g60_p4_seeds_9000031-9000060_run01/model_seed_0/evaluation.csv
iterative_action_q_g60_p4,Iterative Action-Q G60-P4,reinforcement_learning,0,9000045,720,435,1.6551724137931034,543003.1200000058,987740.4221600314,47273.959747618486,3855.598003380437,3517.2923761754732,1585390.3922872117,0,0,1585390.3922872117,166472.27402407664,1751862.6663112883,1751862.6663112883,,115302.34084784993,0,,,15.193643541226992,2356429.90438643,-604567.2380751418,win,,12,358,,,,,,,,formal_iterative_action_q_g60_p4_seeds_9000031-9000060_run01/model_seed_0/evaluation.csv
iterative_action_q_g60_p4,Iterative Action-Q G60-P4,reinforcement_learning,0,9000046,720,427,1.6861826697892273,543833.4000000041,1031470.500431111,50914.98898564203,4026.296294841392,3654.4310239744364,1633899.6167355732,0,0,1633899.6167355732,193777.39921066954,1827677.0159462427,1827677.0159462427,,124182.89996498059,0,,,14.71762228504605,1951286.679850844,-123609.66390460124,win,,11,351,,,,,,,,formal_iterative_action_q_g60_p4_seeds_9000031-9000060_run01/model_seed_0/evaluation.csv
iterative_action_q_g60_p4,Iterative Action-Q G60-P4,reinforcement_learning,0,9000047,720,436,1.651376146788991,581196.0000000059,1017751.6553855092,46622.2968632531,3972.7454323072516,3443.4498335010144,1652986.1475145766,0,0,1652986.1475145766,184961.29550893596,1837947.4430235126,1837947.4430235126,,113712.91917866594,0,,,16.163048634216544,1831302.291207332,6645.151816180674,loss,,11,407,,,,,,,,formal_iterative_action_q_g60_p4_seeds_9000031-9000060_run01/model_seed_0/evaluation.csv
iterative_action_q_g60_p4,Iterative Action-Q G60-P4,reinforcement_learning,0,9000048,720,383,1.8798955613577024,585762.5400000062,975935.9999999999,46914.12944750646,3809.520000000002,3434.0625000000055,1615856.2519475126,82901.47607325552,0,1698757.7280207681,222411.2813760505,1838267.5333235632,1921169.0093968187,,114424.70596952784,1036.2684509156943,,,16.78980944821864,2588329.1383681437,-667160.128971325,win,,11,355,,,,,,,,formal_iterative_action_q_g60_p4_seeds_9000031-9000060_run01/model_seed_0/evaluation.csv
iterative_action_q_g60_p4,Iterative Action-Q G60-P4,reinforcement_learning,0,9000049,720,535,1.3457943925233644,496092.3000000058,895669.1588261203,43709.60899909749,3496.202183269486,3273.8929835655645,1442241.1629920586,0,0,1442241.1629920586,230143.16629301588,1672384.3292850745,1672384.3292850745,,106608.80243682316,0,,,15.687112987467772,1840479.7749794757,-168095.44569440116,win,,12,509,,,,,,,,formal_iterative_action_q_g60_p4_seeds_9000031-9000060_run01/model_seed_0/evaluation.csv
iterative_action_q_g60_p4,Iterative Action-Q G60-P4,reinforcement_learning,0,9000050,720,490,1.469387755102041,529718.6400000042,1032058.0972654626,47691.336187270404,4028.589951282393,3590.034722601006,1617086.6981266206,0,0,1617086.6981266206,231013.05258627885,1848099.7507128995,1848099.7507128995,,116320.33216407389,0,,,15.888019887237688,2332346.0574296084,-484246.30671670893,win,,12,455,,,,,,,,formal_iterative_action_q_g60_p4_seeds_9000031-9000060_run01/model_seed_0/evaluation.csv
iterative_action_q_g60_p4,Iterative Action-Q G60-P4,reinforcement_learning,0,9000051,720,466,1.5450643776824033,585347.4000000076,1036752.5126592552,49641.34425788222,4046.914379657778,3589.0393796577773,1679377.2106764605,0,0,1679377.2106764605,194575.19555975928,1873952.4062362197,1873952.4062362197,,121076.44940946878,0,,,15.477431122040048,1932977.2340705122,-59024.82783429255,win,,10,382,,,,,,,,formal_iterative_action_q_g60_p4_seeds_9000031-9000060_run01/model_seed_0/evaluation.csv
iterative_action_q_g60_p4,Iterative Action-Q G60-P4,reinforcement_learning,0,9000052,720,436,1.651376146788991,586177.680000005,1008790.720805573,46990.166267025044,3937.766848157306,3385.38219039232,1649281.716111153,0,0,1649281.716111153,218279.57004255717,1867561.28615371,1867561.28615371,,114610.16162689039,0,,,16.294901426223394,2247524.9646282806,-379963.6784745706,win,,12,343,,,,,,,,formal_iterative_action_q_g60_p4_seeds_9000031-9000060_run01/model_seed_0/evaluation.csv
iterative_action_q_g60_p4,Iterative Action-Q G60-P4,reinforcement_learning,0,9000053,720,423,1.702127659574468,564590.400000004,890027.4630879234,43498.331623527585,3474.1800908898826,3151.620635507713,1504741.9954378526,0,0,1504741.9954378526,220763.45444424992,1725505.4498821024,1725505.4498821024,,106093.49176470123,0,,,16.2640084813968,1896455.7981864524,-170950.34830434993,win,,12,328,,,,,,,,formal_iterative_action_q_g60_p4_seeds_9000031-9000060_run01/model_seed_0/evaluation.csv
iterative_action_q_g60_p4,Iterative Action-Q G60-P4,reinforcement_learning,0,9000054,720,366,1.9672131147540983,619804.0200000065,966426.1670685407,43427.914998685104,3772.398817105786,3314.523817105786,1636745.0247014435,346417.85576082004,0,1983162.8804622635,301131.2257114866,1937876.25041293,2284294.10617375,,105921.74389923204,4330.223197010251,,,21.565865723914992,3352607.0985221015,-1068312.9923483515,win,,11,288,,,,,,,,formal_iterative_action_q_g60_p4_seeds_9000031-9000060_run01/model_seed_0/evaluation.csv
iterative_action_q_g60_p4,Iterative Action-Q G60-P4,reinforcement_learning,0,9000055,720,439,1.6400911161731206,579535.4400000038,884375.066152422,43763.66557997215,3452.1162268929343,3268.8004182358673,1514395.0883775267,153031.7658654364,0,1667426.8542429633,284550.3802235296,1798945.4686010564,1951977.234466493,,106740.64775602958,1912.8970733179551,,,18.287103137391533,2379682.1687872596,-427704.9343207667,win,,11,387,,,,,,,,formal_iterative_action_q_g60_p4_seeds_9000031-9000060_run01/model_seed_0/evaluation.csv
iterative_action_q_g60_p4,Iterative Action-Q G60-P4,reinforcement_learning,0,9000056,720,343,2.0991253644314867,628521.9600000051,923873.237611574,43422.17366768563,3606.295470344414,3148.4204703444143,1602572.0872199535,0,0,1602572.0872199535,296742.87924843293,1899314.9664683864,1899314.9664683864,,105907.74065289191,0,,,17.9336746753319,2271381.0938170906,-372066.12734870426,win,,12,287,,,,,,,,formal_iterative_action_q_g60_p4_seeds_9000031-9000060_run01/model_seed_0/evaluation.csv
iterative_action_q_g60_p4,Iterative Action-Q G60-P4,reinforcement_learning,0,9000057,720,424,1.6981132075471699,541342.5600000048,923303.4018955263,43678.14123825979,3604.071143588356,3146.196143588357,1515074.3704209675,274222.9957706339,0,1789297.3661916014,207276.45853052655,1722350.828951494,1996573.824722128,,106532.05180063368,3427.7874471329233,,,18.741531689059723,2380858.3660164326,-384284.54129430465,win,,12,390,,,,,,,,formal_iterative_action_q_g60_p4_seeds_9000031-9000060_run01/model_seed_0/evaluation.csv
iterative_action_q_g60_p4,Iterative Action-Q G60-P4,reinforcement_learning,0,9000058,720,397,1.81360201511335,553796.7600000054,950255.0066386978,45625.929339594986,3709.2754574995247,3389.3683858656796,1556776.3398216632,158130.25528626476,0,1714906.595107928,190428.26689816086,1747204.606719824,1905334.8620060887,,111282.75448681721,1976.6281910783096,,,17.12156452985533,2172908.6218546,-267573.7598485113,win,,12,365,,,,,,,,formal_iterative_action_q_g60_p4_seeds_9000031-9000060_run01/model_seed_0/evaluation.csv
iterative_action_q_g60_p4,Iterative Action-Q G60-P4,reinforcement_learning,0,9000059,720,488,1.4754098360655739,535530.6000000043,961306.0821498844,45944.166459299435,3752.412807880464,3367.206517880001,1549900.4679349486,24844.316561364456,0,1574744.7844963132,192896.18662312656,1742796.6545580751,1767640.9711194397,,112058.9425836571,310.55395701705567,,,15.774207130321752,2212831.2094909954,-445190.2383715557,win,,12,453,,,,,,,,formal_iterative_action_q_g60_p4_seeds_9000031-9000060_run01/model_seed_0/evaluation.csv
iterative_action_q_g60_p4,Iterative Action-Q G60-P4,reinforcement_learning,0,9000060,720,393,1.83206106870229,565835.8200000038,857302.8939525245,42347.075459365915,3346.4412836190345,3117.5037836190354,1471949.7344791323,221744.1794500411,0,1693693.9139291735,289345.5770730952,1761295.3115522275,1983039.4910022686,,103285.54990089253,2771.802243125514,,,19.199583028846636,2521676.157625502,-538636.6666232334,win,,11,356,,,,,,,,formal_iterative_action_q_g60_p4_seeds_9000031-9000060_run01/model_seed_0/evaluation.csv
iterative_action_q_g60_p4,Iterative Action-Q G60-P4,reinforcement_learning,1,9000031,720,415,1.7349397590361446,627691.6800000072,1019975.8214269691,49685.385711813906,3981.427359214611,3724.7610301063933,1705059.0755281108,195929.50892419062,0,1900988.5844523015,221005.90464616494,1926064.9801742758,2121994.4890984665,,121183.86758979005,2449.118861552384,,,17.510536107672866,2293017.35099732,-171022.86189885344,win,,12,370,,,,,,,,formal_iterative_action_q_g60_p4_seeds_9000031-9000060_run01/model_seed_1/evaluation.csv
iterative_action_q_g60_p4,Iterative Action-Q G60-P4,reinforcement_learning,1,9000032,720,418,1.722488038277512,575799.1800000055,900159.0257639213,41395.73109123648,3513.7281664250313,3055.85316642503,1523923.5181880135,0,0,1523923.5181880135,210451.22167430382,1734374.7398623172,1734374.7398623172,,100965.19778350354,0,,,17.177946242241628,1766211.2553052178,-31836.515442900592,win,,10,336,,,,,,,,formal_iterative_action_q_g60_p4_seeds_9000031-9000060_run01/model_seed_1/evaluation.csv
iterative_action_q_g60_p4,Iterative Action-Q G60-P4,reinforcement_learning,1,9000033,720,440,1.6363636363636365,561684.4200000066,986703.4779998071,42562.89123880518,3851.55034091357,3164.7378409135727,1597967.0774204459,0,0,1597967.0774204459,224723.95162432318,1822691.029044769,1822691.029044769,,103811.92985074448,0,,,17.55762590740141,2107598.694435474,-284907.665390705,win,,12,379,,,,,,,,formal_iterative_action_q_g60_p4_seeds_9000031-9000060_run01/model_seed_1/evaluation.csv
iterative_action_q_g60_p4,Iterative Action-Q G60-P4,reinforcement_learning,1,9000034,720,380,1.894736842105263,564175.260000004,912698.7431312358,44168.190919880064,3562.676359856905,3333.7388598569078,1527938.6092708337,3643.0032547877468,0,1531581.6125256214,216375.517065969,1744314.1263368027,1747957.1295915905,,107727.29492653682,45.53754068484683,,,16.225759040766654,1935952.9860899067,-187995.85649831616,win,,11,343,,,,,,,,formal_iterative_action_q_g60_p4_seeds_9000031-9000060_run01/model_seed_1/evaluation.csv
iterative_action_q_g60_p4,Iterative Action-Q G60-P4,reinforcement_learning,1,9000035,720,450,1.6,541342.5600000041,894266.1048867531,44095.340297611714,3490.725428602066,3315.5659111355385,1486510.2965241065,0,0,1486510.2965241065,222944.29608876084,1709454.5926128672,1709454.5926128672,,107549.61048197979,0,,,15.894567957540772,1885009.4324528396,-175554.83983997232,win,,11,411,,,,,,,,formal_iterative_action_q_g60_p4_seeds_9000031-9000060_run01/model_seed_1/evaluation.csv
iterative_action_q_g60_p4,Iterative Action-Q G60-P4,reinforcement_learning,1,9000036,720,287,2.508710801393728,653015.220000006,897058.0079583293,43379.82614314719,3501.623490144252,3124.0699702211678,1600078.747561848,484839.25575119886,0,2084918.0033130469,183468.16535251497,1783546.912914363,2268386.168665562,,105804.45400767607,6060.490696889987,,,21.43942039057251,3533761.529562704,-1265375.360897142,win,,10,263,,,,,,,,formal_iterative_action_q_g60_p4_seeds_9000031-9000060_run01/model_seed_1/evaluation.csv
iterative_action_q_g60_p4,Iterative Action-Q G60-P4,reinforcement_learning,1,9000037,720,434,1.6589861751152073,577459.7400000067,1019307.0268902286,47071.77470238701,3978.816751384175,3434.062500000006,1651251.4208440064,34761.82692541957,0,1686013.2477694259,173012.26606467264,1824263.686908679,1859025.5138340986,,114809.20659118779,434.52283656774466,,,16.19230346616461,2000485.9131946776,-141460.39936057897,win,,12,371,,,,,,,,formal_iterative_action_q_g60_p4_seeds_9000031-9000060_run01/model_seed_1/evaluation.csv
iterative_action_q_g60_p4,Iterative Action-Q G60-P4,reinforcement_learning,1,9000038,720,403,1.7866004962779156,590329.0800000071,983940.777263525,45247.41144095695,3840.766269305513,3434.062500000004,1626792.0974737944,32735.48253553531,0,1659527.5800093296,193756.694457844,1820548.7919316383,1853284.2744671735,,110359.54009989504,409.1935316941914,,,16.793149670518936,1920295.9707264367,-67011.6962592632,win,,12,365,,,,,,,,formal_iterative_action_q_g60_p4_seeds_9000031-9000060_run01/model_seed_1/evaluation.csv
iterative_action_q_g60_p4,Iterative Action-Q G60-P4,reinforcement_learning,1,9000039,720,536,1.3432835820895523,526397.5200000053,928733.5660166207,43621.368765499945,3625.267532309127,3343.7940484630612,1505721.516362898,64032.06990274102,0,1569753.5862656392,298476.689703777,1804198.206066675,1868230.2759694161,,106393.58235487786,800.4008737842628,,,17.559614354725813,2437563.728051424,-569333.4520820079,win,,11,507,,,,,,,,formal_iterative_action_q_g60_p4_seeds_9000031-9000060_run01/model_seed_1/evaluation.csv
iterative_action_q_g60_p4,Iterative Action-Q G60-P4,reinforcement_learning,1,9000040,720,493,1.460446247464503,525982.3800000056,981289.2640971899,43975.62087123426,3830.4162131159524,3207.4261936916128,1558285.1073752372,0,0,1558285.1073752372,203545.26858825228,1761830.3759634895,1761830.3759634895,,107257.61188105914,0,,,16.426157035057155,2617199.479188901,-855369.1032254114,win,,10,422,,,,,,,,formal_iterative_action_q_g60_p4_seeds_9000031-9000060_run01/model_seed_1/evaluation.csv
iterative_action_q_g60_p4,Iterative Action-Q G60-P4,reinforcement_learning,1,9000041,720,403,1.7866004962779156,592404.7800000048,988378.8400056668,43241.49257574778,3858.0900372344,3195.617872947785,1631078.8204916017,84322.15446269253,0,1715400.9749542943,162538.40883270974,1793617.2293243115,1877939.383787004,,105467.0550627995,1054.0269307836563,,,17.80593364125698,2085510.1991784673,-207570.81539146323,win,,11,374,,,,,,,,formal_iterative_action_q_g60_p4_seeds_9000031-9000060_run01/model_seed_1/evaluation.csv
iterative_action_q_g60_p4,Iterative Action-Q G60-P4,reinforcement_learning,1,9000042,720,504,1.4285714285714286,497752.8600000042,938399.9999999994,43302.820824495495,3663.0000000000023,3434.062500000005,1486552.743324499,0,0,1486552.743324499,201173.2038249512,1687725.9471494504,1687725.9471494504,,105616.63615730622,0,,,15.979735849906625,2713194.122553258,-1025468.1754038078,win,,12,468,,,,,,,,formal_iterative_action_q_g60_p4_seeds_9000031-9000060_run01/model_seed_1/evaluation.csv
iterative_action_q_g60_p4,Iterative Action-Q G60-P4,reinforcement_learning,1,9000043,720,456,1.5789473684210527,563344.9800000049,951431.4098143884,45763.68033216556,3713.867491634816,3387.2499916348165,1567641.1876298285,0,0,1567641.1876298285,184534.09190846427,1752175.2795382927,1752175.2795382927,,111618.73251747694,0,,,15.697860386149271,2311477.9959102147,-559302.716371922,win,,12,383,,,,,,,,formal_iterative_action_q_g60_p4_seeds_9000031-9000060_run01/model_seed_1/evaluation.csv
iterative_action_q_g60_p4,Iterative Action-Q G60-P4,reinforcement_learning,1,9000044,720,426,1.6901408450704225,577459.7400000052,972646.5231158116,50251.55701298159,3796.6796826227874,3729.1070278253105,1607883.6068392463,0,0,1607883.6068392463,233854.02539094776,1841737.632230194,1841737.632230194,,122564.77320239416,0,,,15.026647413518143,1749991.6922290896,91745.94000110449,loss,,12,374,,,,,,,,formal_iterative_action_q_g60_p4_seeds_9000031-9000060_run01/model_seed_1/evaluation.csv
iterative_action_q_g60_p4,Iterative Action-Q G60-P4,reinforcement_learning,1,9000045,720,386,1.8652849740932642,558778.4400000059,905923.6925396592,44132.07872337643,3536.2302704313415,3536.230270431343,1515906.6718039042,0,0,1515906.6718039042,283697.09450757096,1799603.766311475,1799603.766311475,,107639.21639847917,0,,,16.718848636442708,2356429.90438643,-556826.138074955,win,,11,361,,,,,,,,formal_iterative_action_q_g60_p4_seeds_9000031-9000060_run01/model_seed_1/evaluation.csv
iterative_action_q_g60_p4,Iterative Action-Q G60-P4,reinforcement_learning,1,9000046,720,480,1.5,522246.12000000535,1019265.6403431701,50191.353688648654,3978.655200955921,3600.555493631208,1599282.3247264111,10033.890173901807,0,1609316.214900313,207428.07765364027,1806710.4023800513,1816744.2925539531,,122417.93582597234,125.42362717377262,,,14.840507481980517,1951286.679850844,-134542.38729689084,win,,12,440,,,,,,,,formal_iterative_action_q_g60_p4_seeds_9000031-9000060_run01/model_seed_1/evaluation.csv
iterative_action_q_g60_p4,Iterative Action-Q G60-P4,reinforcement_learning,1,9000047,720,480,1.5,538851.7200000058,1011487.5119209323,45520.69303665484,3948.293644678576,3280.9333441795725,1603089.1519464508,330032.5919427522,0,1933121.743889203,164537.15206030922,1767626.30400676,2097658.8959495123,,111026.0805772069,4125.407399284402,,,18.89338869789979,1831302.291207332,266356.6047421803,loss,,11,446,,,,,,,,formal_iterative_action_q_g60_p4_seeds_9000031-9000060_run01/model_seed_1/evaluation.csv
iterative_action_q_g60_p4,Iterative Action-Q G60-P4,reinforcement_learning,1,9000048,720,473,1.522198731501057,579535.4400000056,988448.2644817589,44200.99900327686,3858.361032392038,3171.5485323920366,1619214.613049826,31230.42148092259,0,1650445.0345307484,237277.35148598006,1856491.9645358059,1887722.3860167284,,107807.31464213872,390.38026851153234,,,17.510151257203034,2588329.1383681437,-700606.7523514153,win,,12,416,,,,,,,,formal_iterative_action_q_g60_p4_seeds_9000031-9000060_run01/model_seed_1/evaluation.csv
iterative_action_q_g60_p4,Iterative Action-Q G60-P4,reinforcement_learning,1,9000049,720,476,1.5126050420168067,516019.0200000067,867523.8426576231,42903.905297502424,3386.33827328951,3342.7096116136913,1433175.8158400357,0,0,1433175.8158400357,267022.89344534266,1700198.7092853785,1700198.7092853785,,104643.67145732306,0,,,16.247506281149285,1840479.7749794757,-140281.0656940972,win,,10,399,,,,,,,,formal_iterative_action_q_g60_p4_seeds_9000031-9000060_run01/model_seed_1/evaluation.csv
iterative_action_q_g60_p4,Iterative Action-Q G60-P4,reinforcement_learning,1,9000050,720,419,1.7183770883054892,553381.6200000055,1008475.5071589487,48272.281215458876,3936.5364266019087,3595.8918061627173,1617661.8366071777,0,0,1617661.8366071777,254931.17410010053,1872593.0107072783,1872593.0107072783,,117737.27125721671,0,,,15.904844665681834,2332346.0574296084,-459753.04672233015,win,,12,372,,,,,,,,formal_iterative_action_q_g60_p4_seeds_9000031-9000060_run01/model_seed_1/evaluation.csv
iterative_action_q_g60_p4,Iterative Action-Q G60-P4,reinforcement_learning,1,9000051,720,397,1.81360201511335,606519.5400000053,1011844.0984056155,48577.60553885797,3949.6855631498006,3601.8426200585423,1674492.772127687,0,0,1674492.772127687,215650.09410901833,1890142.8662367053,1890142.8662367053,,118481.9647289218,0,,,15.953000699821413,1932977.2340705122,-42834.3678338069,win,,12,350,,,,,,,,formal_iterative_action_q_g60_p4_seeds_9000031-9000060_run01/model_seed_1/evaluation.csv
iterative_action_q_g60_p4,Iterative Action-Q G60-P4,reinforcement_learning,1,9000052,720,443,1.6252821670428894,542172.8400000043,1026067.7651926529,47644.02136740675,4005.2069734662077,3434.0625000000045,1623323.8960335301,60900.736470380616,0,1684224.6325039107,152822.0519812799,1776145.94801481,1837046.6844851905,,116204.9301644068,761.2592058797577,,,15.80868111091445,2247524.9646282806,-410478.28014309006,win,,12,399,,,,,,,,formal_iterative_action_q_g60_p4_seeds_9000031-9000060_run01/model_seed_1/evaluation.csv
iterative_action_q_g60_p4,Iterative Action-Q G60-P4,reinforcement_learning,1,9000053,720,496,1.4516129032258065,544248.5400000043,923591.4799953932,44461.20182816788,3605.1956428208946,3489.740439418925,1519396.157905805,0,0,1519396.157905805,181200.89197548348,1700597.0498812883,1700597.0498812883,,108441.95567845822,0,,,15.682094990279749,1896455.7981864524,-195858.74830516404,win,,11,450,,,,,,,,formal_iterative_action_q_g60_p4_seeds_9000031-9000060_run01/model_seed_1/evaluation.csv
iterative_action_q_g60_p4,Iterative Action-Q G60-P4,reinforcement_learning,1,9000054,720,434,1.6589861751152073,584101.9800000055,977795.038171485,42676.92257477439,3816.776667542789,3130.8376786612384,1611521.5550924689,562076.6532826512,0,2173598.20837512,233015.28190441843,1844536.8369968873,2406613.4902795386,,104090.05506042542,7025.958166033142,,,23.120493969212266,3352607.0985221015,-945993.608242563,win,,11,380,,,,,,,,formal_iterative_action_q_g60_p4_seeds_9000031-9000060_run01/model_seed_1/evaluation.csv
iterative_action_q_g60_p4,Iterative Action-Q G60-P4,reinforcement_learning,1,9000055,720,339,2.1238938053097347,591989.6400000043,898702.8369910399,42796.014204647814,3508.0440024490435,3108.1665024490444,1540104.7017005903,21977.896311309138,0,1562082.5980118995,328881.98421474546,1868986.6859153358,1890964.582226645,,104380.52245036041,274.7237038913642,,,18.116067421734922,2379682.1687872596,-488717.58656061464,win,,9,316,,,,,,,,formal_iterative_action_q_g60_p4_seeds_9000031-9000060_run01/model_seed_1/evaluation.csv
iterative_action_q_g60_p4,Iterative Action-Q G60-P4,reinforcement_learning,1,9000056,720,383,1.8798955613577024,591159.3600000063,900568.0189318716,43177.57129306283,3515.3246519047825,3409.5132752581694,1541829.7881521038,0,0,1541829.7881521038,310159.2183165187,1851989.0064686225,1851989.0064686225,,105311.14949527534,0,,,17.585877804436173,2271381.0938170906,-419392.08734846814,win,,12,331,,,,,,,,formal_iterative_action_q_g60_p4_seeds_9000031-9000060_run01/model_seed_1/evaluation.csv
iterative_action_q_g60_p4,Iterative Action-Q G60-P4,reinforcement_learning,1,9000057,720,432,1.6666666666666667,547984.8000000058,955380.0351852357,47221.72022821431,3729.28076394237,3410.019920828265,1557725.8560982263,138211.09047370058,0,1695936.9465719268,167927.3516958724,1725653.2077940986,1863864.2982677992,,115174.92738588866,1727.6386309212573,,,16.182899703708966,2380858.3660164326,-516994.06774863345,win,,12,407,,,,,,,,formal_iterative_action_q_g60_p4_seeds_9000031-9000060_run01/model_seed_1/evaluation.csv
iterative_action_q_g60_p4,Iterative Action-Q G60-P4,reinforcement_learning,1,9000058,720,364,1.978021978021978,579950.580000004,936360.9118232597,41645.31098425119,3655.040515780696,3302.805000000005,1564914.6483232954,0,0,1564914.6483232954,252231.34154311824,1817145.9898664136,1817145.9898664136,,101573.92922988096,0,,,17.889885757534,2172908.6218546,-355762.6319881864,win,,11,323,,,,,,,,formal_iterative_action_q_g60_p4_seeds_9000031-9000060_run01/model_seed_1/evaluation.csv
iterative_action_q_g60_p4,Iterative Action-Q G60-P4,reinforcement_learning,1,9000059,720,443,1.6252821670428894,568326.660000005,958326.6234893441,47170.150166726184,3740.7826319708806,3458.4825000000046,1581022.6987880464,190024.84467193784,0,1771047.5434599842,180772.1355488451,1761794.8343368915,1951819.6790088294,,115049.14674811272,2375.3105583992215,,,16.96509478059947,2212831.2094909954,-261011.53048216598,win,,10,377,,,,,,,,formal_iterative_action_q_g60_p4_seeds_9000031-9000060_run01/model_seed_1/evaluation.csv
iterative_action_q_g60_p4,Iterative Action-Q G60-P4,reinforcement_learning,1,9000060,720,376,1.9148936170212767,594895.6200000037,948671.5248663089,44887.47065297548,3703.094411322776,3228.320891723352,1595386.030822334,0,0,1595386.030822334,172284.83171789427,1767670.8625402283,1767670.8625402283,,109481.6357389648,0,,,16.14582071786775,2521676.157625502,-754005.2950852737,win,,12,345,,,,,,,,formal_iterative_action_q_g60_p4_seeds_9000031-9000060_run01/model_seed_1/evaluation.csv
iterative_action_q_g60_p4,Iterative Action-Q G60-P4,reinforcement_learning,2,9000031,720,474,1.518987341772152,578705.1600000059,957168.0000000005,44452.45173271492,3736.2600000000025,3434.0625000000055,1587495.934232721,826047.9888551784,0,2413543.9230878996,265377.0881499801,1852873.0223827013,2678921.0112378797,,108420.61398223153,10325.599860689726,,,24.70859472975235,2293017.35099732,385903.66024055984,loss,,12,404,,,,,,,,formal_iterative_action_q_g60_p4_seeds_9000031-9000060_run01/model_seed_2/evaluation.csv
iterative_action_q_g60_p4,Iterative Action-Q G60-P4,reinforcement_learning,2,9000032,720,414,1.7391304347826086,572893.2000000046,914426.4512373678,43581.84709066957,3569.420386703412,3205.1250000000055,1537676.0437147454,68064.44708231288,0,1605740.4907970582,137752.12447430412,1675428.1681890495,1743492.6152713622,,106297.18802602366,850.8055885289108,,,16.402057736885013,1766211.2553052178,-22718.64003385557,win,,10,374,,,,,,,,formal_iterative_action_q_g60_p4_seeds_9000031-9000060_run01/model_seed_2/evaluation.csv
iterative_action_q_g60_p4,Iterative Action-Q G60-P4,reinforcement_learning,2,9000033,720,470,1.5319148936170213,543418.2600000065,1001771.5899953017,46539.932956622564,3910.368003146622,3541.2376240792933,1599181.3885791565,0,0,1599181.3885791565,154181.26046505134,1753362.6490442078,1753362.6490442078,,113512.03160151847,0,,,15.446491656491089,2107598.694435474,-354236.04539126623,win,,12,428,,,,,,,,formal_iterative_action_q_g60_p4_seeds_9000031-9000060_run01/model_seed_2/evaluation.csv
iterative_action_q_g60_p4,Iterative Action-Q G60-P4,reinforcement_learning,2,9000034,720,466,1.5450643776824033,537191.160000004,984975.819529514,44594.796332022095,3844.8065078182167,3412.2260203969286,1574018.8083897552,0,0,1574018.8083897552,148670.45197218886,1722689.260361944,1722689.260361944,,108767.79593176114,0,,,15.8382290052354,1935952.9860899067,-213263.72572796256,win,,12,398,,,,,,,,formal_iterative_action_q_g60_p4_seeds_9000031-9000060_run01/model_seed_2/evaluation.csv
iterative_action_q_g60_p4,Iterative Action-Q G60-P4,reinforcement_learning,2,9000035,720,466,1.5450643776824033,536360.8800000045,913468.1803067902,45004.28084417222,3565.679821466087,3336.742321466087,1501735.7632938991,0,0,1501735.7632938991,188207.249316092,1689943.0126099912,1689943.0126099912,,109766.53864432243,0,,,15.395793959449973,1885009.4324528396,-195066.41984284832,win,,12,414,,,,,,,,formal_iterative_action_q_g60_p4_seeds_9000031-9000060_run01/model_seed_2/evaluation.csv
iterative_action_q_g60_p4,Iterative Action-Q G60-P4,reinforcement_learning,2,9000036,720,401,1.7955112219451372,594895.6200000049,863445.2909956633,42141.86450282336,3370.4178398520035,3141.480339852003,1506994.6736781956,279986.76237240055,0,1786981.4360505962,281177.1675555151,1788171.8412337108,2068158.6036061114,,102785.03537273989,3499.834529655007,,,20.12120340384314,3533761.529562704,-1465602.9259565924,win,,11,329,,,,,,,,formal_iterative_action_q_g60_p4_seeds_9000031-9000060_run01/model_seed_2/evaluation.csv
iterative_action_q_g60_p4,Iterative Action-Q G60-P4,reinforcement_learning,2,9000037,720,412,1.7475728155339805,567911.520000006,1025934.2921874318,48709.90255626827,4004.685967905546,3663.000000000005,1650223.4007116116,0,0,1650223.4007116116,122844.45676253979,1773067.8574741513,1773067.8574741513,,118804.6403811421,0,,,14.924230667976424,2000485.9131946776,-227418.05572052626,win,,10,377,,,,,,,,formal_iterative_action_q_g60_p4_seeds_9000031-9000060_run01/model_seed_2/evaluation.csv
iterative_action_q_g60_p4,Iterative Action-Q G60-P4,reinforcement_learning,2,9000038,720,411,1.7518248175182483,576214.3200000059,1017756.2079237361,48462.64226502887,3972.763202924816,3528.518209937469,1649934.4516016329,0,0,1649934.4516016329,167364.7443590615,1817299.1959606945,1817299.1959606945,,118201.56650007043,0,,,15.37457793302267,1920295.9707264367,-102996.77476574224,win,,12,355,,,,,,,,formal_iterative_action_q_g60_p4_seeds_9000031-9000060_run01/model_seed_2/evaluation.csv
iterative_action_q_g60_p4,Iterative Action-Q G60-P4,reinforcement_learning,2,9000039,720,355,2.028169014084507,635164.2000000053,991177.9397680594,44474.63198604411,3869.0161907186757,3434.062500000004,1678119.8504448275,178923.75462759467,0,1857043.6050724222,175611.9168392932,1853731.7672841207,2032655.5219117154,,108474.71216108315,2236.546932844934,,,18.738519618224526,2437563.728051424,-404908.20613970864,win,,12,321,,,,,,,,formal_iterative_action_q_g60_p4_seeds_9000031-9000060_run01/model_seed_2/evaluation.csv
iterative_action_q_g60_p4,Iterative Action-Q G60-P4,reinforcement_learning,2,9000040,720,416,1.7307692307692308,545078.8200000043,942627.3120683321,46301.18246876536,3679.501112645246,3380.5670906785303,1541067.3827404256,0,0,1541067.3827404256,251068.21322503473,1792135.5959654604,1792135.5959654604,,112929.71333845197,0,,,15.869477952134744,2617199.479188901,-825063.8832234405,win,,12,376,,,,,,,,formal_iterative_action_q_g60_p4_seeds_9000031-9000060_run01/model_seed_2/evaluation.csv
iterative_action_q_g60_p4,Iterative Action-Q G60-P4,reinforcement_learning,2,9000041,720,424,1.6981132075471699,615237.4800000055,959549.5224104106,46122.48764273866,3745.5561600483115,3429.0731857169703,1628084.11939892,36154.67879172251,0,1664238.7981906426,211208.81678841577,1839292.9361873358,1875447.6149790585,,112493.87229936266,451.9334848965314,,,16.671553540162773,2085510.1991784673,-210062.58419940877,win,,11,359,,,,,,,,formal_iterative_action_q_g60_p4_seeds_9000031-9000060_run01/model_seed_2/evaluation.csv
iterative_action_q_g60_p4,Iterative Action-Q G60-P4,reinforcement_learning,2,9000042,720,470,1.5319148936170213,538021.4400000038,944455.6760289542,43237.9795418586,3686.638044857269,3155.503044857274,1532557.236660531,0,0,1532557.236660531,197928.13049086972,1730485.3671514008,1730485.3671514008,,105458.48668745992,0,,,16.40916176125229,2713194.122553258,-982708.7554018574,win,,12,419,,,,,,,,formal_iterative_action_q_g60_p4_seeds_9000031-9000060_run01/model_seed_2/evaluation.csv
iterative_action_q_g60_p4,Iterative Action-Q G60-P4,reinforcement_learning,2,9000043,720,387,1.8604651162790697,618143.4600000046,929926.6420322056,41990.126324889156,3629.924648086077,3172.6944115474653,1596862.847416733,0,0,1596862.847416733,194335.5921214184,1791198.4395381513,1791198.4395381513,,102414.9422558271,0,,,17.48962016757118,2311477.9959102147,-520279.55637206347,win,,10,348,,,,,,,,formal_iterative_action_q_g60_p4_seeds_9000031-9000060_run01/model_seed_2/evaluation.csv
iterative_action_q_g60_p4,Iterative Action-Q G60-P4,reinforcement_learning,2,9000044,720,437,1.6475972540045767,569572.0800000046,988352.9873608133,45940.40990158367,3857.9891226584236,3321.6846155290727,1611045.1510005891,0,0,1611045.1510005891,201632.68123064435,1812677.8322312334,1812677.8322312334,,112049.78024776507,0,,,16.177433174996242,1749991.6922290896,62686.1400021438,loss,,12,402,,,,,,,,formal_iterative_action_q_g60_p4_seeds_9000031-9000060_run01/model_seed_2/evaluation.csv
iterative_action_q_g60_p4,Iterative Action-Q G60-P4,reinforcement_learning,2,9000045,720,380,1.894736842105263,554627.0400000035,934136.6781261883,44495.13028982942,3646.358324782853,3417.4208247828547,1540322.627565587,0,0,1540322.627565587,222748.8187479717,1763071.4463135586,1763071.4463135586,,108524.70802397412,0,,,16.245806862010443,2356429.90438643,-593358.4580728714,win,,12,339,,,,,,,,formal_iterative_action_q_g60_p4_seeds_9000031-9000060_run01/model_seed_2/evaluation.csv
iterative_action_q_g60_p4,Iterative Action-Q G60-P4,reinforcement_learning,2,9000046,720,457,1.575492341356674,528058.0800000054,1073547.7303252944,51030.08415912225,4190.542770866964,3663.0000000000055,1660489.4372552892,0,0,1660489.4372552892,147675.99868867514,1808165.4359439644,1808165.4359439644,,124463.61990029825,0,,,14.527662279085229,1951286.679850844,-143121.24390687956,win,,12,393,,,,,,,,formal_iterative_action_q_g60_p4_seeds_9000031-9000060_run01/model_seed_2/evaluation.csv
iterative_action_q_g60_p4,Iterative Action-Q G60-P4,reinforcement_learning,2,9000047,720,411,1.7518248175182483,586177.6800000058,995851.790088851,47577.46466274417,3887.2603443046296,3434.0625000000055,1636928.2575959056,0,0,1636928.2575959056,185243.86543116413,1822172.1230270697,1822172.1230270697,,116042.59673840045,0,,,15.702614162753239,1831302.291207332,-9130.168180262204,win,,12,379,,,,,,,,formal_iterative_action_q_g60_p4_seeds_9000031-9000060_run01/model_seed_2/evaluation.csv
iterative_action_q_g60_p4,Iterative Action-Q G60-P4,reinforcement_learning,2,9000048,720,406,1.7733990147783252,604443.8400000049,976565.0302199525,43577.964981877805,3811.9753897012897,3125.16288970129,1631523.9734812377,152043.2806383938,0,1783567.2541196314,234034.45285545485,1865558.4263366924,2017601.7069750861,,106287.71946799474,1900.5410079799224,,,18.982453636919217,2588329.1383681437,-570727.4313930576,win,,12,341,,,,,,,,formal_iterative_action_q_g60_p4_seeds_9000031-9000060_run01/model_seed_2/evaluation.csv
iterative_action_q_g60_p4,Iterative Action-Q G60-P4,reinforcement_learning,2,9000049,720,429,1.6783216783216783,526812.6600000057,952077.2264660172,44249.9221597736,3716.388406377901,3163.6184584937573,1530019.8154906684,57021.68856115458,0,1587041.504051823,137285.17291032252,1667304.9884009908,1724326.6769621454,,107926.63941408214,712.7711070144322,,,15.976840253002052,1840479.7749794757,-116153.09801733028,win,,12,392,,,,,,,,formal_iterative_action_q_g60_p4_seeds_9000031-9000060_run01/model_seed_2/evaluation.csv
iterative_action_q_g60_p4,Iterative Action-Q G60-P4,reinforcement_learning,2,9000050,720,394,1.8274111675126903,565835.820000005,1065112.0991784201,48591.20175797645,4157.614683813471,3570.349362666746,1687267.0849828818,0,0,1687267.0849828818,140490.8057289367,1827757.8907118186,1827757.8907118186,,118515.12623896691,0,,,15.422148621150985,2332346.0574296084,-504588.16671778983,win,,12,365,,,,,,,,formal_iterative_action_q_g60_p4_seeds_9000031-9000060_run01/model_seed_2/evaluation.csv
iterative_action_q_g60_p4,Iterative Action-Q G60-P4,reinforcement_learning,2,9000051,720,401,1.7955112219451372,591574.5000000057,978884.0991716816,47673.99969313824,3821.027765628593,3434.062500000004,1625387.6891304543,0,0,1625387.6891304543,249394.99710437085,1874782.6862348253,1874782.6862348253,,116278.04803204446,0,,,16.123272775598743,1932977.2340705122,-58194.54783568694,win,,12,372,,,,,,,,formal_iterative_action_q_g60_p4_seeds_9000031-9000060_run01/model_seed_2/evaluation.csv
iterative_action_q_g60_p4,Iterative Action-Q G60-P4,reinforcement_learning,2,9000052,720,491,1.4663951120162932,530964.0600000054,1025002.2621139908,50719.02136740678,4001.0478326124744,3663.000000000005,1614349.3913140155,49873.65692295984,0,1664223.0482369754,166260.50254977553,1780609.8938637911,1830483.5507867509,,123704.93016440675,623.420711536998,,,14.797175410503005,2247524.9646282806,-417041.41384152975,win,,11,417,,,,,,,,formal_iterative_action_q_g60_p4_seeds_9000031-9000060_run01/model_seed_2/evaluation.csv
iterative_action_q_g60_p4,Iterative Action-Q G60-P4,reinforcement_learning,2,9000053,720,401,1.7955112219451372,556702.740000004,830662.8220098985,39922.77591491636,3242.453023254751,3162.9814558722755,1433693.7724039457,0,0,1433693.7724039457,306756.71747427667,1740450.4898782223,1740450.4898782223,,97372.62418272284,0,,,17.87412534566401,1896455.7981864524,-156005.30830823,win,,12,372,,,,,,,,formal_iterative_action_q_g60_p4_seeds_9000031-9000060_run01/model_seed_2/evaluation.csv
iterative_action_q_g60_p4,Iterative Action-Q G60-P4,reinforcement_learning,2,9000054,720,450,1.6,565835.8200000041,892761.8240226578,41810.620875931185,3484.8535394234814,3255.9160394234877,1507149.0344774402,977440.4685202804,0,2484589.5029977206,298491.67551657656,1805640.7099940167,2783081.178514297,,101977.124087637,12218.005856503516,,,27.291230297126006,3352607.0985221015,-569525.9200078044,win,,12,406,,,,,,,,formal_iterative_action_q_g60_p4_seeds_9000031-9000060_run01/model_seed_2/evaluation.csv
iterative_action_q_g60_p4,Iterative Action-Q G60-P4,reinforcement_learning,2,9000055,720,499,1.4428857715430863,529303.5000000059,898064.5317927821,39687.54807532736,3505.5524083087903,2876.7374083087875,1473437.869684733,409872.3420088391,0,1883310.211693572,306361.6431825988,1779799.5128673317,2189671.854876171,,96798.8977447009,5123.404275110493,,,22.620834595154687,2379682.1687872596,-190010.31391108874,win,,11,430,,,,,,,,formal_iterative_action_q_g60_p4_seeds_9000031-9000060_run01/model_seed_2/evaluation.csv
iterative_action_q_g60_p4,Iterative Action-Q G60-P4,reinforcement_learning,2,9000056,720,377,1.909814323607427,593235.0600000061,905408.7340876143,42582.445275742255,3534.2201544788277,3334.6977138337015,1548095.1572316755,293490.82054399204,0,1841585.9777756676,276798.13088922936,1824893.288120905,2118384.108664897,,103859.62262376166,3668.6352567998993,,,20.396608953018085,2271381.0938170906,-152996.9851521938,win,,11,338,,,,,,,,formal_iterative_action_q_g60_p4_seeds_9000031-9000060_run01/model_seed_2/evaluation.csv
iterative_action_q_g60_p4,Iterative Action-Q G60-P4,reinforcement_learning,2,9000057,720,497,1.448692152917505,520170.42000000476,932791.2046988854,45295.96439626453,3641.106332919885,3412.1688329198864,1505310.8642609944,288617.91088549024,0,1793928.7751464846,178600.64267860472,1683911.506939599,1972529.4178250893,,110477.96194210861,3607.7238860686293,,,17.854505850304438,2380858.3660164326,-408328.94819134334,win,,12,463,,,,,,,,formal_iterative_action_q_g60_p4_seeds_9000031-9000060_run01/model_seed_2/evaluation.csv
iterative_action_q_g60_p4,Iterative Action-Q G60-P4,reinforcement_learning,2,9000058,720,366,1.9672131147540983,557117.8800000047,949519.9657300999,45500.74037220869,3706.406260090965,3380.047914574292,1559225.0402769784,0,0,1559225.0402769784,235918.52960489178,1795143.5698818702,1795143.5698818702,,110977.41554197237,0,,,16.17575577080307,2172908.6218546,-377765.05197272985,win,,12,325,,,,,,,,formal_iterative_action_q_g60_p4_seeds_9000031-9000060_run01/model_seed_2/evaluation.csv
iterative_action_q_g60_p4,Iterative Action-Q G60-P4,reinforcement_learning,2,9000059,720,528,1.3636363636363635,525982.3800000063,971153.4320247731,48537.93157121334,3790.8514721938895,3579.169713527696,1553043.7647817142,0,0,1553043.7647817142,200630.5081630671,1753674.2729447812,1753674.2729447812,,118385.19895417894,0,,,14.813289908171223,2212831.2094909954,-459156.93654621416,win,,12,445,,,,,,,,formal_iterative_action_q_g60_p4_seeds_9000031-9000060_run01/model_seed_2/evaluation.csv
iterative_action_q_g60_p4,Iterative Action-Q G60-P4,reinforcement_learning,2,9000060,720,338,2.1301775147928996,605689.2600000043,886299.994752743,43495.26895577473,3459.6300946070996,3352.792594607099,1542296.9463977362,76268.31791509343,0,1618565.2643128296,270607.53067694267,1812904.477074679,1889172.7949897721,,106086.02184335294,953.3539739386681,,,17.807933242885973,2521676.157625502,-632503.3626357298,win,,12,314,,,,,,,,formal_iterative_action_q_g60_p4_seeds_9000031-9000060_run01/model_seed_2/evaluation.csv
rolling_milp,Rolling MILP H168-R24-T300s CPLEX 22.2,optimization,,9000031,720,720,1,510207.0600000053,991296.1028016103,46932.58187229298,3869.477434529299,3507.322500000005,1555812.5446084377,499268.9184761928,0,2055081.4630846304,238351.0279126895,1794163.5725211273,2293432.49099732,134043.80710806392,114469.71188364139,6240.861480952419,0.8539724016593903,0.04655837233809047,20.03527791987978,2293017.35099732,415.1400000001304,loss,,,,,,30,0,17,false,5962.379583961796,formal_rolling_milp_h168_r24_t300s_cplex222_seeds_9000031-9000060_run02/seed_9000031/per_controller.csv
rolling_milp,Rolling MILP H168-R24-T300s CPLEX 22.2,optimization,,9000032,720,720,1,516019.02000000665,868808.1638129952,37794.243316696324,3391.3515601523895,2899.8990601523915,1428912.677750003,495479.4692793641,0,1924392.1470293673,194746.47894067873,1623659.1566906818,2119138.625970046,118765.80374023803,92181.08126023502,6193.493365992055,0.7761584425585286,0.05214879343163735,22.988867097225057,1766211.2553052178,352927.3706648282,loss,,,,,,30,0,24,false,7475.791796146892,formal_rolling_milp_h168_r24_t300s_cplex222_seeds_9000031-9000060_run02/seed_9000032/per_controller.csv
rolling_milp,Rolling MILP H168-R24-T300s CPLEX 22.2,optimization,,9000033,720,720,1,533870.0400000045,932749.1859035201,43105.35594725522,3640.942314540279,3205.125000000006,1516570.64916532,383151.50941582996,0,1899722.15858115,220330.73585371373,1736901.3850190337,2120052.8944348637,127077.96740974124,105135.0145055005,4789.393867697877,0.8273268501888339,0.03768862506476275,20.165050667529474,2107598.694435474,12454.199999389704,loss,,,,,,30,0,20,false,6560.727924305946,formal_rolling_milp_h168_r24_t300s_cplex222_seeds_9000031-9000060_run02/seed_9000033/per_controller.csv
rolling_milp,Rolling MILP H168-R24-T300s CPLEX 22.2,optimization,,9000034,720,720,1,508546.50000000285,916455.4202540746,42937.94541789649,3577.340371260317,3205.125000000005,1474722.3310432343,262004.67944717887,0,1736727.0104904133,199225.9755994933,1673948.3066427277,1935952.9860899067,123422.0995854394,104726.69614121088,3275.0584930897367,0.8485246685397168,0.02653543007362766,18.485763968716398,1935952.9860899067,0,tie,,,,,,30,0,20,false,6412.772568174172,formal_rolling_milp_h168_r24_t300s_cplex222_seeds_9000031-9000060_run02/seed_9000034/per_controller.csv
rolling_milp,Rolling MILP H168-R24-T300s CPLEX 22.2,optimization,,9000035,720,720,1,459144.84000000596,846030.7268008332,42493.624111520636,3302.440912480233,3205.1250000000036,1354176.75682484,489429.7986227033,0,1843606.5554475435,186654.48913984216,1540831.2459646822,2030261.0445873856,116933.45658342756,103642.9856378551,6117.872482783793,0.8863415883366946,0.05231926483263517,19.588986481742594,1885009.4324528396,145251.61213454604,loss,,,,,,30,0,21,false,6708.2900260319,formal_rolling_milp_h168_r24_t300s_cplex222_seeds_9000031-9000060_run02/seed_9000035/per_controller.csv
rolling_milp,Rolling MILP H168-R24-T300s CPLEX 22.2,optimization,,9000036,720,720,1,507716.2200000051,717852.1628473271,33266.22384886777,2802.1019528023844,2435.895000000002,1264072.6036490023,2055838.1571652698,0,3319910.760814272,213435.6287484317,1477508.232397434,3533346.3895627037,124518.9993117014,81137.13133870196,25697.976964565867,0.6516044281370745,0.20637795924008007,43.547834773859165,3533761.529562704,-415.1400000001304,win,,,,,,30,0,20,false,6689.465946829878,formal_rolling_milp_h168_r24_t300s_cplex222_seeds_9000031-9000060_run02/seed_9000036/per_controller.csv
rolling_milp,Rolling MILP H168-R24-T300s CPLEX 22.2,optimization,,9000037,720,720,1,495677.16000000644,985460.3769294086,46558.290197615104,3846.6979547020733,3434.0625000000045,1534976.587581732,341708.70522544254,0,1876685.2928071746,123800.62038750286,1658777.207969235,2000485.9131946776,121647.55872136065,113556.80536003655,4271.358815318032,0.9334902118351891,0.03511257324203091,17.6166096505802,2000485.9131946776,0,tie,,,,,,30,0,25,false,8231.327367382124,formal_rolling_milp_h168_r24_t300s_cplex222_seeds_9000031-9000060_run02/seed_9000037/per_controller.csv
rolling_milp,Rolling MILP H168-R24-T300s CPLEX 22.2,optimization,,9000038,720,720,1,532209.4800000057,934722.6242499,47193.94968274025,3648.6455377529687,3434.062500000004,1521208.761970399,192712.67507384662,0,1713921.4370442457,206374.53368219113,1727583.29565259,1920295.9707264367,128369.72617542402,115107.19434814701,2408.9084384230837,0.8966848943094803,0.018765393603248658,16.68267549740126,1920295.9707264367,0,tie,,,,,,30,0,20,false,6407.327745250892,formal_rolling_milp_h168_r24_t300s_cplex222_seeds_9000031-9000060_run02/seed_9000038/per_controller.csv
rolling_milp,Rolling MILP H168-R24-T300s CPLEX 22.2,optimization,,9000039,720,720,1,500658.8400000052,812662.8487139635,36832.10119998648,3172.190979155212,2747.2500000000027,1356073.2308931104,751527.0306649255,0,2107600.261558036,329963.46649338823,1686036.6973864986,2437563.728051424,125712.08383662622,89834.39317069865,9394.087883311568,0.71460428010601,0.07472700791055219,27.133969986525006,2437563.728051424,0,tie,,,,,,30,0,18,false,6074.552704548929,formal_rolling_milp_h168_r24_t300s_cplex222_seeds_9000031-9000060_run02/seed_9000039/per_controller.csv
rolling_milp,Rolling MILP H168-R24-T300s CPLEX 22.2,optimization,,9000040,720,720,1,407252.34000000486,875952.8112970844,39776.62772805803,3419.2403535605463,2976.1875000000036,1329377.2068787077,1093209.2613003359,0,2422586.4681790434,192122.17100936433,1521499.377888072,2614708.639188408,128417.59580770151,97016.1651903855,13665.115766254208,0.7554740811038233,0.1064115527183439,26.951267699122898,2617199.479188901,-2490.8400004929863,win,,,,,,30,0,22,false,6946.147263800725,formal_rolling_milp_h168_r24_t300s_cplex222_seeds_9000031-9000060_run02/seed_9000040/per_controller.csv
rolling_milp,Rolling MILP H168-R24-T300s CPLEX 22.2,optimization,,9000041,720,720,1,556287.6000000057,934231.8681789098,43369.18863115847,3646.729894649776,3205.125000000003,1540740.5117047236,276562.24510136555,0,1817302.756806089,233368.4550740662,1774108.9667787899,2050671.2118801554,125444.62651394652,105778.50885648398,3457.02806376707,0.8432286961667814,0.0275581996601722,19.38646360256811,2085510.1991784673,-34838.9872983119,win,,,,,,30,0,17,false,5595.3032639035955,formal_rolling_milp_h168_r24_t300s_cplex222_seeds_9000031-9000060_run02/seed_9000041/per_controller.csv
rolling_milp,Rolling MILP H168-R24-T300s CPLEX 22.2,optimization,,9000042,720,720,1,491940.90000000614,912372.0255086006,42732.44509727301,3561.4010330754577,3324.3034945156323,1453931.0751334708,73816.16588230929,0,1527747.24101578,248147.12298951598,1702078.1981229868,1775894.364005296,122590.33961068436,104225.47584700742,922.702073528866,0.8501932222229006,0.007526711129597425,17.038966237123557,2713194.122553258,-937299.7585479622,win,,,,,,30,0,22,false,7467.242474399041,formal_rolling_milp_h168_r24_t300s_cplex222_seeds_9000031-9000060_run02/seed_9000042/per_controller.csv
rolling_milp,Rolling MILP H168-R24-T300s CPLEX 22.2,optimization,,9000043,720,720,1,528058.0800000043,879749.9999999995,39227.721452343416,3434.0625000000014,2967.030000000005,1453436.8939523473,597202.7865693641,0,2050639.6805217115,226882.04854202888,1680318.942494376,2277521.7290637405,122999.51700733569,95677.36939595955,7465.034832117044,0.7778678463449036,0.0606915784203594,23.804184243802172,2311477.9959102147,-33956.26684647426,win,,,,,,30,0,23,false,7172.367617816199,formal_rolling_milp_h168_r24_t300s_cplex222_seeds_9000031-9000060_run02/seed_9000043/per_controller.csv
rolling_milp,Rolling MILP H168-R24-T300s CPLEX 22.2,optimization,,9000044,720,720,1,521830.9800000049,978002.1587654875,47449.82620405974,3817.5851529816537,3434.062500000005,1554534.6126225337,0,0,1554534.6126225337,195457.0796065558,1749991.6922290896,1749991.6922290896,129859.10158151455,115731.28342453578,0,0.8912065616893975,0,15.121163789479587,1749991.6922290896,0,tie,,,,,,30,0,20,false,6284.599635777995,formal_rolling_milp_h168_r24_t300s_cplex222_seeds_9000031-9000060_run02/seed_9000044/per_controller.csv
rolling_milp,Rolling MILP H168-R24-T300s CPLEX 22.2,optimization,,9000045,720,720,1,469108.2000000069,888826.8168529716,40812.221457076615,3469.493425119818,3147.1275000000046,1405363.859235175,682804.3172731792,0,2088168.176508354,267846.58787807595,1673210.4471132508,2356014.76438643,125440.6630420947,99542.0035538456,8535.053965914734,0.7935385634915038,0.06804056801780924,23.668548756023206,2356429.90438643,-415.1400000001304,win,,,,,,30,0,21,false,6863.906349077821,formal_rolling_milp_h168_r24_t300s_cplex222_seeds_9000031-9000060_run02/seed_9000045/per_controller.csv
rolling_milp,Rolling MILP H168-R24-T300s CPLEX 22.2,optimization,,9000046,720,720,1,510207.06000000477,1023650.0659546552,51030.084159122234,3995.7695988831024,3663.000000000005,1592545.9797126653,166616.12689277253,0,1759162.1066054378,192124.57324540615,1784670.5529580715,1951286.679850844,132406.07380064274,124463.61990029803,2082.7015861596574,0.9400144293055372,0.015729652925858054,15.677566516335682,1951286.679850844,0,tie,,,,,,30,0,24,false,7696.508245612029,formal_rolling_milp_h168_r24_t300s_cplex222_seeds_9000031-9000060_run02/seed_9000046/per_controller.csv
rolling_milp,Rolling MILP H168-R24-T300s CPLEX 22.2,optimization,,9000047,720,720,1,500243.70000000385,923494.960036117,44790.3648279643,3604.8188817266573,3433.8788817266595,1475567.7226275383,602246.4013958575,0,2077814.1240233956,221502.57256935857,1697070.295196897,2299316.696592754,128277.74695956499,109244.79226332756,7528.0800174482165,0.8516269957388877,0.05868578296609136,21.04738037352297,1831302.291207332,468014.4053854223,loss,,,,,,30,0,22,false,7062.17263771221,formal_rolling_milp_h168_r24_t300s_cplex222_seeds_9000031-9000060_run02/seed_9000047/per_controller.csv
rolling_milp,Rolling MILP H168-R24-T300s CPLEX 22.2,optimization,,9000048,720,720,1,496092.3000000053,879750.0000000005,41576.985136586154,3434.0625000000036,2976.1875000000036,1423829.535136592,920290.1356173938,0,2344119.6707539856,244209.46761415785,1668039.00275075,2588329.1383681437,131010.22127700872,101407.28082094183,11503.626695217417,0.7740409857527507,0.08780709308851625,25.524095680451598,2588329.1383681437,0,tie,,,,,,30,0,20,false,6609.906241397839,formal_rolling_milp_h168_r24_t300s_cplex222_seeds_9000031-9000060_run02/seed_9000048/per_controller.csv
rolling_milp,Rolling MILP H168-R24-T300s CPLEX 22.2,optimization,,9000049,720,720,1,468277.9200000053,901725.5980566386,42052.73966378942,3519.843207247945,3095.776230195355,1418671.8771578767,326549.46754472854,0,1745221.3447026052,157183.33759307663,1575855.2147509535,1902404.682295682,124881.7699196395,102567.65771655962,4081.868344309106,0.8213180977700841,0.03268586237155158,18.54780273478486,1840479.7749794757,61924.907316206256,loss,,,,,,30,0,21,false,6872.52531029284,formal_rolling_milp_h168_r24_t300s_cplex222_seeds_9000031-9000060_run02/seed_9000049/per_controller.csv
rolling_milp,Rolling MILP H168-R24-T300s CPLEX 22.2,optimization,,9000050,720,720,1,503979.96000000485,958084.0635213645,45049.22037200675,3739.8358106124947,3355.220810612492,1514208.300514601,580528.3571607744,0,2094736.6576753752,214361.55975455305,1728569.860269154,2309098.2174299285,132171.66508378548,109876.14724879694,7256.604464509676,0.8313139369103424,0.0549028754378604,21.015464004224185,2332346.0574296084,-23247.83999967994,win,,,,,,30,0,19,false,6477.286629127804,formal_rolling_milp_h168_r24_t300s_cplex222_seeds_9000031-9000060_run02/seed_9000050/per_controller.csv
rolling_milp,Rolling MILP H168-R24-T300s CPLEX 22.2,optimization,,9000051,720,720,1,550890.7800000064,976596.1872399043,47263.26600937039,3812.097009654493,3525.1620096544925,1582087.49226859,62863.204816040234,0,1644950.6970846304,265838.3092865142,1847925.801555104,1910789.0063711447,128981.17360926494,115276.25855944015,785.7900602005031,0.8937448414654497,0.00609228492974465,16.575737539103773,1932977.2340705122,-22188.227699367562,win,,,,,,30,0,14,false,4964.736201570369,formal_rolling_milp_h168_r24_t300s_cplex222_seeds_9000031-9000060_run02/seed_9000051/per_controller.csv
rolling_milp,Rolling MILP H168-R24-T300s CPLEX 22.2,optimization,,9000052,720,720,1,454993.4400000055,912620.727293067,41494.02136740678,3562.3718287238994,2976.187500000004,1415646.747989203,605908.9678186643,0,2021555.7158078672,226384.38882041263,1642031.1368096157,2247940.10462828,130292.35070980627,101204.93016440666,7573.8620977333,0.776752661327106,0.05812975248717547,22.211764792253874,2247524.9646282806,415.13999999919906,loss,,,,,,30,0,25,false,7877.320583503228,formal_rolling_milp_h168_r24_t300s_cplex222_seeds_9000031-9000060_run02/seed_9000052/per_controller.csv
rolling_milp,Rolling MILP H168-R24-T300s CPLEX 22.2,optimization,,9000053,720,720,1,479071.5600000058,875513.9049443998,41922.10754536975,3417.527103379516,3171.547500000004,1403096.6470931552,276859.59791954193,0,1679956.245012697,221481.23317375555,1624577.8802669107,1901437.4781864525,119353.23535741051,102249.04279358484,3460.7449739942763,0.8566926777258603,0.028995820378315388,18.59613964333121,1896455.7981864524,4981.680000000168,loss,,,,,,30,0,20,false,6726.029871770181,formal_rolling_milp_h168_r24_t300s_cplex222_seeds_9000031-9000060_run02/seed_9000053/per_controller.csv
rolling_milp,Rolling MILP H168-R24-T300s CPLEX 22.2,optimization,,9000054,720,720,1,569572.0800000032,871148.0000000001,39449.81913661881,3400.4850000000038,3169.8796421985544,1486740.2637788209,910183.8931582307,0,2396924.1569370516,347042.9315763592,1833783.1953551802,2743967.0885134107,132093.2010707144,96219.07106492396,11377.298664477883,0.7284180433587518,0.0861308422557433,28.517912905872006,3352607.0985221015,-608640.0100086909,win,,,,,,30,0,15,false,5233.15809170017,formal_rolling_milp_h168_r24_t300s_cplex222_seeds_9000031-9000060_run02/seed_9000054/per_controller.csv
rolling_milp,Rolling MILP H168-R24-T300s CPLEX 22.2,optimization,,9000055,720,720,1,565835.8200000047,879750.0000000005,41883.468912276476,3434.062500000003,3205.125000000005,1494108.4764122816,235185.96226586928,0,1729294.438678151,293831.8453151072,1787940.3217273888,2023126.2839932581,124998.78160566899,102154.80222506462,2939.824528323365,0.8172463836274038,0.0235188254682159,19.8045147161654,2379682.1687872596,-356555.88479400147,win,,,,,,30,0,10,false,3820.8682733168826,formal_rolling_milp_h168_r24_t300s_cplex222_seeds_9000031-9000060_run02/seed_9000055/per_controller.csv
rolling_milp,Rolling MILP H168-R24-T300s CPLEX 22.2,optimization,,9000056,720,720,1,584101.9800000062,933018.3219779017,42867.04054084692,3641.992874472566,3386.393882059652,1567015.7292752871,126886.13430233634,0,1693901.8635776234,281786.3961439042,1848802.1254191913,1975688.2597215276,126854.31280836993,104553.75741669988,1586.0766787792047,0.8242034117881514,0.012503135633828875,18.896386973902864,2271381.0938170906,-295692.83409556304,win,,,,,,30,0,20,false,6486.752743711229,formal_rolling_milp_h168_r24_t300s_cplex222_seeds_9000031-9000060_run02/seed_9000056/per_controller.csv
rolling_milp,Rolling MILP H168-R24-T300s CPLEX 22.2,optimization,,9000057,720,720,1,479486.70000000624,865849.2582666061,41097.21092431297,3379.801612351435,2976.187500000004,1392789.1583032766,793250.9177187805,0,2186040.076022057,194818.28999437566,1587607.4482976524,2380858.3660164326,122972.65226763315,100237.09981539742,9915.636471484773,0.8151170033906815,0.08063285851479195,23.752267078767865,2380858.3660164326,0,tie,,,,,,30,0,22,false,6904.250364139676,formal_rolling_milp_h168_r24_t300s_cplex222_seeds_9000031-9000060_run02/seed_9000057/per_controller.csv
rolling_milp,Rolling MILP H168-R24-T300s CPLEX 22.2,optimization,,9000058,720,720,1,491940.9000000059,931317.0573503603,41729.52508841792,3635.352068493575,3205.1250000000045,1471827.9595072777,521017.4205287178,0,1992845.3800359955,180063.2418202531,1651891.201327531,2172908.6218562485,126103.88537882672,101779.32948394625,6512.717756608974,0.8071070068792294,0.051645654985524196,21.349213370471098,2172908.6218546,0.000001648440957069397,loss,,,,,,30,0,21,false,6651.0237685078755,formal_rolling_milp_h168_r24_t300s_cplex222_seeds_9000031-9000060_run02/seed_9000058/per_controller.csv
rolling_milp,Rolling MILP H168-R24-T300s CPLEX 22.2,optimization,,9000059,720,720,1,526397.5200000061,960165.5952981361,47185.176544598384,3747.9609714163234,3507.322500000005,1541003.575314157,80961.71859375716,0,1621965.293907914,212167.63691792986,1753171.2122320868,1834132.930825844,125978.9416694392,115085.79645024004,1012.0214824219643,0.9135320151539129,0.00803325912260356,15.937092042621202,2212831.2094909954,-378698.27866515145,win,,,,,,30,0,19,false,6194.333374348003,formal_rolling_milp_h168_r24_t300s_cplex222_seeds_9000031-9000060_run02/seed_9000059/per_controller.csv
rolling_milp,Rolling MILP H168-R24-T300s CPLEX 22.2,optimization,,9000060,720,720,1,498168.0000000051,803556.165268722,35350.912402145936,3136.643471205592,2518.3125000000027,1342730.0336420787,1369154.1635503927,0,2711884.1971924715,250663.33855273604,1593393.3721948147,2962547.5357452077,126857.6135473692,86221.73756620957,17114.427044379878,0.6796733373359101,0.13491052342703322,34.35963620508426,2521676.157625502,440871.3781197057,loss,,,,,,30,0,21,false,6572.863320844714,formal_rolling_milp_h168_r24_t300s_cplex222_seeds_9000031-9000060_run02/seed_9000060/per_controller.csv
