Using cuda device
Wrapping the env with a `Monitor` wrapper
Wrapping the env in a DummyVecEnv.
[17:34:01] policy device = cuda:0
[17:34:01] === BC pretrain (greedy, 30 eps) ===
[bc] collected 21600 (obs, action) pairs from 30 episodes
[bc] epoch 1/15  nll=1.1411
[bc] epoch 2/15  nll=0.3026
[bc] epoch 3/15  nll=0.2790
[bc] epoch 4/15  nll=0.2712
[bc] epoch 5/15  nll=0.2672
[bc] epoch 6/15  nll=0.2649
[bc] epoch 7/15  nll=0.2636
[bc] epoch 8/15  nll=0.2628
[bc] epoch 9/15  nll=0.2619
[bc] epoch 10/15  nll=0.2614
[bc] epoch 11/15  nll=0.2611
[bc] epoch 12/15  nll=0.2606
[bc] epoch 13/15  nll=0.2604
[bc] epoch 14/15  nll=0.2602
[bc] epoch 15/15  nll=0.2596
[17:34:25] === eval AFTER BC (before PPO) ===
idle                 storage=  2.2%  loss= 56.3%
greedy_shuttle       storage= 82.0%  loss=  0.7%
ppo_stochastic       storage= 45.7%  loss= 26.5%
ppo_deterministic    storage=  2.2%  loss= 56.3%
[17:35:31] === PPO fine-tune (150000 steps) ===
----------------------------
| time/              |     |
|    fps             | 128 |
|    iterations      | 1   |
|    time_elapsed    | 3   |
|    total_timesteps | 512 |
----------------------------
----------------------------------------
| rollout/                |            |
|    ep_len_mean          | 720        |
|    ep_rew_mean          | 2.72e+03   |
| time/                   |            |
|    fps                  | 113        |
|    iterations           | 2          |
|    time_elapsed         | 9          |
|    total_timesteps      | 1024       |
| train/                  |            |
|    approx_kl            | 0.00167682 |
|    clip_fraction        | 0.0133     |
|    clip_range           | 0.2        |
|    entropy_loss         | -0.274     |
|    explained_variance   | 0.000841   |
|    learning_rate        | 0.0003     |
|    loss                 | 9.07e+03   |
|    n_updates            | 10         |
|    policy_gradient_loss | -0.00378   |
|    value_loss           | 2.02e+04   |
----------------------------------------
------------------------------------------
| rollout/                |              |
|    ep_len_mean          | 720          |
|    ep_rew_mean          | 2.92e+03     |
| time/                   |              |
|    fps                  | 111          |
|    iterations           | 3            |
|    time_elapsed         | 13           |
|    total_timesteps      | 1536         |
| train/                  |              |
|    approx_kl            | 0.0005939909 |
|    clip_fraction        | 0.00703      |
|    clip_range           | 0.2          |
|    entropy_loss         | -0.266       |
|    explained_variance   | 0.00353      |
|    learning_rate        | 0.0003       |
|    loss                 | 7.27e+03     |
|    n_updates            | 20           |
|    policy_gradient_loss | -0.00201     |
|    value_loss           | 1.8e+04      |
------------------------------------------
------------------------------------------
| rollout/                |              |
|    ep_len_mean          | 720          |
|    ep_rew_mean          | 2.92e+03     |
| time/                   |              |
|    fps                  | 104          |
|    iterations           | 4            |
|    time_elapsed         | 19           |
|    total_timesteps      | 2048         |
| train/                  |              |
|    approx_kl            | 0.0011009004 |
|    clip_fraction        | 0.0084       |
|    clip_range           | 0.2          |
|    entropy_loss         | -0.239       |
|    explained_variance   | 0.00194      |
|    learning_rate        | 0.0003       |
|    loss                 | 6.07e+03     |
|    n_updates            | 30           |
|    policy_gradient_loss | -0.00289     |
|    value_loss           | 1.26e+04     |
------------------------------------------
------------------------------------------
| rollout/                |              |
|    ep_len_mean          | 720          |
|    ep_rew_mean          | 2.81e+03     |
| time/                   |              |
|    fps                  | 105          |
|    iterations           | 5            |
|    time_elapsed         | 24           |
|    total_timesteps      | 2560         |
| train/                  |              |
|    approx_kl            | 0.0025295783 |
|    clip_fraction        | 0.0207       |
|    clip_range           | 0.2          |
|    entropy_loss         | -0.26        |
|    explained_variance   | 0.00072      |
|    learning_rate        | 0.0003       |
|    loss                 | 6.08e+03     |
|    n_updates            | 40           |
|    policy_gradient_loss | -0.00448     |
|    value_loss           | 1e+04        |
------------------------------------------
------------------------------------------
| rollout/                |              |
|    ep_len_mean          | 720          |
|    ep_rew_mean          | 2.58e+03     |
| time/                   |              |
|    fps                  | 101          |
|    iterations           | 6            |
|    time_elapsed         | 30           |
|    total_timesteps      | 3072         |
| train/                  |              |
|    approx_kl            | 0.0004957613 |
|    clip_fraction        | 0.00293      |
|    clip_range           | 0.2          |
|    entropy_loss         | -0.289       |
|    explained_variance   | 0.000372     |
|    learning_rate        | 0.0003       |
|    loss                 | 1.3e+04      |
|    n_updates            | 50           |
|    policy_gradient_loss | -0.00213     |
|    value_loss           | 2.35e+04     |
------------------------------------------
------------------------------------------
| rollout/                |              |
|    ep_len_mean          | 720          |
|    ep_rew_mean          | 2.58e+03     |
| time/                   |              |
|    fps                  | 99           |
|    iterations           | 7            |
|    time_elapsed         | 35           |
|    total_timesteps      | 3584         |
| train/                  |              |
|    approx_kl            | 0.0024549803 |
|    clip_fraction        | 0.0131       |
|    clip_range           | 0.2          |
|    entropy_loss         | -0.312       |
|    explained_variance   | 0.000265     |
|    learning_rate        | 0.0003       |
|    loss                 | 1.05e+04     |
|    n_updates            | 60           |
|    policy_gradient_loss | -0.00387     |
|    value_loss           | 2.4e+04      |
------------------------------------------
------------------------------------------
| rollout/                |              |
|    ep_len_mean          | 720          |
|    ep_rew_mean          | 2.31e+03     |
| time/                   |              |
|    fps                  | 100          |
|    iterations           | 8            |
|    time_elapsed         | 40           |
|    total_timesteps      | 4096         |
| train/                  |              |
|    approx_kl            | 0.0017888171 |
|    clip_fraction        | 0.026        |
|    clip_range           | 0.2          |
|    entropy_loss         | -0.275       |
|    explained_variance   | 0.00117      |
|    learning_rate        | 0.0003       |
|    loss                 | 5.97e+03     |
|    n_updates            | 70           |
|    policy_gradient_loss | -0.00317     |
|    value_loss           | 1.5e+04      |
------------------------------------------
------------------------------------------
| rollout/                |              |
|    ep_len_mean          | 720          |
|    ep_rew_mean          | 2.22e+03     |
| time/                   |              |
|    fps                  | 99           |
|    iterations           | 9            |
|    time_elapsed         | 46           |
|    total_timesteps      | 4608         |
| train/                  |              |
|    approx_kl            | 0.0009539388 |
|    clip_fraction        | 0.00527      |
|    clip_range           | 0.2          |
|    entropy_loss         | -0.284       |
|    explained_variance   | 0.035        |
|    learning_rate        | 0.0003       |
|    loss                 | 7.75e+03     |
|    n_updates            | 80           |
|    policy_gradient_loss | -0.00204     |
|    value_loss           | 1.57e+04     |
------------------------------------------
------------------------------------------
| rollout/                |              |
|    ep_len_mean          | 720          |
|    ep_rew_mean          | 2.01e+03     |
| time/                   |              |
|    fps                  | 100          |
|    iterations           | 10           |
|    time_elapsed         | 51           |
|    total_timesteps      | 5120         |
| train/                  |              |
|    approx_kl            | 0.0013395019 |
|    clip_fraction        | 0.0111       |
|    clip_range           | 0.2          |
|    entropy_loss         | -0.313       |
|    explained_variance   | 0.0596       |
|    learning_rate        | 0.0003       |
|    loss                 | 5.32e+03     |
|    n_updates            | 90           |
|    policy_gradient_loss | -0.00353     |
|    value_loss           | 1.08e+04     |
------------------------------------------
------------------------------------------
| rollout/                |              |
|    ep_len_mean          | 720          |
|    ep_rew_mean          | 2.01e+03     |
| time/                   |              |
|    fps                  | 99           |
|    iterations           | 11           |
|    time_elapsed         | 56           |
|    total_timesteps      | 5632         |
| train/                  |              |
|    approx_kl            | 0.0014525128 |
|    clip_fraction        | 0.0154       |
|    clip_range           | 0.2          |
|    entropy_loss         | -0.265       |
|    explained_variance   | 0.0542       |
|    learning_rate        | 0.0003       |
|    loss                 | 3.21e+03     |
|    n_updates            | 100          |
|    policy_gradient_loss | -0.00384     |
|    value_loss           | 6.4e+03      |
------------------------------------------
-----------------------------------------
| rollout/                |             |
|    ep_len_mean          | 720         |
|    ep_rew_mean          | 2.13e+03    |
| time/                   |             |
|    fps                  | 99          |
|    iterations           | 12          |
|    time_elapsed         | 61          |
|    total_timesteps      | 6144        |
| train/                  |             |
|    approx_kl            | 0.001093937 |
|    clip_fraction        | 0.00781     |
|    clip_range           | 0.2         |
|    entropy_loss         | -0.264      |
|    explained_variance   | 0.0677      |
|    learning_rate        | 0.0003      |
|    loss                 | 8.32e+03    |
|    n_updates            | 110         |
|    policy_gradient_loss | -0.00387    |
|    value_loss           | 2.12e+04    |
-----------------------------------------
------------------------------------------
| rollout/                |              |
|    ep_len_mean          | 720          |
|    ep_rew_mean          | 2.25e+03     |
| time/                   |              |
|    fps                  | 97           |
|    iterations           | 13           |
|    time_elapsed         | 68           |
|    total_timesteps      | 6656         |
| train/                  |              |
|    approx_kl            | 0.0014606125 |
|    clip_fraction        | 0.0139       |
|    clip_range           | 0.2          |
|    entropy_loss         | -0.294       |
|    explained_variance   | 0.0374       |
|    learning_rate        | 0.0003       |
|    loss                 | 6.02e+03     |
|    n_updates            | 120          |
|    policy_gradient_loss | -0.00264     |
|    value_loss           | 1.17e+04     |
------------------------------------------
-------------------------------------------
| rollout/                |               |
|    ep_len_mean          | 720           |
|    ep_rew_mean          | 2.25e+03      |
| time/                   |               |
|    fps                  | 97            |
|    iterations           | 14            |
|    time_elapsed         | 73            |
|    total_timesteps      | 7168          |
| train/                  |               |
|    approx_kl            | 0.00044175927 |
|    clip_fraction        | 0.00273       |
|    clip_range           | 0.2           |
|    entropy_loss         | -0.236        |
|    explained_variance   | 0.0403        |
|    learning_rate        | 0.0003        |
|    loss                 | 1.17e+04      |
|    n_updates            | 130           |
|    policy_gradient_loss | -0.00205      |
|    value_loss           | 2.3e+04       |
-------------------------------------------
------------------------------------------
| rollout/                |              |
|    ep_len_mean          | 720          |
|    ep_rew_mean          | 2.24e+03     |
| time/                   |              |
|    fps                  | 96           |
|    iterations           | 15           |
|    time_elapsed         | 79           |
|    total_timesteps      | 7680         |
| train/                  |              |
|    approx_kl            | 0.0005051587 |
|    clip_fraction        | 0.00371      |
|    clip_range           | 0.2          |
|    entropy_loss         | -0.298       |
|    explained_variance   | 0.0717       |
|    learning_rate        | 0.0003       |
|    loss                 | 7.84e+03     |
|    n_updates            | 140          |
|    policy_gradient_loss | -0.00216     |
|    value_loss           | 1.64e+04     |
------------------------------------------
------------------------------------------
| rollout/                |              |
|    ep_len_mean          | 720          |
|    ep_rew_mean          | 2.2e+03      |
| time/                   |              |
|    fps                  | 96           |
|    iterations           | 16           |
|    time_elapsed         | 84           |
|    total_timesteps      | 8192         |
| train/                  |              |
|    approx_kl            | 0.0008618433 |
|    clip_fraction        | 0.00703      |
|    clip_range           | 0.2          |
|    entropy_loss         | -0.26        |
|    explained_variance   | 0.182        |
|    learning_rate        | 0.0003       |
|    loss                 | 3.19e+03     |
|    n_updates            | 150          |
|    policy_gradient_loss | -0.00222     |
|    value_loss           | 6.47e+03     |
------------------------------------------
-------------------------------------------
| rollout/                |               |
|    ep_len_mean          | 720           |
|    ep_rew_mean          | 2.27e+03      |
| time/                   |               |
|    fps                  | 96            |
|    iterations           | 17            |
|    time_elapsed         | 89            |
|    total_timesteps      | 8704          |
| train/                  |               |
|    approx_kl            | 0.00081089314 |
|    clip_fraction        | 0.00723       |
|    clip_range           | 0.2           |
|    entropy_loss         | -0.262        |
|    explained_variance   | 0.0371        |
|    learning_rate        | 0.0003        |
|    loss                 | 4.64e+03      |
|    n_updates            | 160           |
|    policy_gradient_loss | -0.00254      |
|    value_loss           | 8.73e+03      |
-------------------------------------------
------------------------------------------
| rollout/                |              |
|    ep_len_mean          | 720          |
|    ep_rew_mean          | 2.27e+03     |
| time/                   |              |
|    fps                  | 96           |
|    iterations           | 18           |
|    time_elapsed         | 95           |
|    total_timesteps      | 9216         |
| train/                  |              |
|    approx_kl            | 0.0014685163 |
|    clip_fraction        | 0.0121       |
|    clip_range           | 0.2          |
|    entropy_loss         | -0.237       |
|    explained_variance   | 0.00921      |
|    learning_rate        | 0.0003       |
|    loss                 | 7.38e+03     |
|    n_updates            | 170          |
|    policy_gradient_loss | -0.00412     |
|    value_loss           | 1.49e+04     |
------------------------------------------
-------------------------------------------
| rollout/                |               |
|    ep_len_mean          | 720           |
|    ep_rew_mean          | 2.1e+03       |
| time/                   |               |
|    fps                  | 96            |
|    iterations           | 19            |
|    time_elapsed         | 100           |
|    total_timesteps      | 9728          |
| train/                  |               |
|    approx_kl            | 0.00038365624 |
|    clip_fraction        | 0.00254       |
|    clip_range           | 0.2           |
|    entropy_loss         | -0.245        |
|    explained_variance   | 0.172         |
|    learning_rate        | 0.0003        |
|    loss                 | 4.64e+03      |
|    n_updates            | 180           |
|    policy_gradient_loss | -0.00111      |
|    value_loss           | 8.83e+03      |
-------------------------------------------
------------------------------------------
| rollout/                |              |
|    ep_len_mean          | 720          |
|    ep_rew_mean          | 2.13e+03     |
| time/                   |              |
|    fps                  | 96           |
|    iterations           | 20           |
|    time_elapsed         | 106          |
|    total_timesteps      | 10240        |
| train/                  |              |
|    approx_kl            | 0.0010581489 |
|    clip_fraction        | 0.00996      |
|    clip_range           | 0.2          |
|    entropy_loss         | -0.284       |
|    explained_variance   | 0.11         |
|    learning_rate        | 0.0003       |
|    loss                 | 8.82e+03     |
|    n_updates            | 190          |
|    policy_gradient_loss | -0.00337     |
|    value_loss           | 1.53e+04     |
------------------------------------------
-----------------------------------------
| rollout/                |             |
|    ep_len_mean          | 720         |
|    ep_rew_mean          | 2.13e+03    |
| time/                   |             |
|    fps                  | 96          |
|    iterations           | 21          |
|    time_elapsed         | 111         |
|    total_timesteps      | 10752       |
| train/                  |             |
|    approx_kl            | 0.001016394 |
|    clip_fraction        | 0.0082      |
|    clip_range           | 0.2         |
|    entropy_loss         | -0.244      |
|    explained_variance   | 0.201       |
|    learning_rate        | 0.0003      |
|    loss                 | 3.03e+03    |
|    n_updates            | 200         |
|    policy_gradient_loss | -0.00294    |
|    value_loss           | 8.13e+03    |
-----------------------------------------
------------------------------------------
| rollout/                |              |
|    ep_len_mean          | 720          |
|    ep_rew_mean          | 2.14e+03     |
| time/                   |              |
|    fps                  | 96           |
|    iterations           | 22           |
|    time_elapsed         | 117          |
|    total_timesteps      | 11264        |
| train/                  |              |
|    approx_kl            | 0.0023925025 |
|    clip_fraction        | 0.015        |
|    clip_range           | 0.2          |
|    entropy_loss         | -0.277       |
|    explained_variance   | 0.0456       |
|    learning_rate        | 0.0003       |
|    loss                 | 3.62e+03     |
|    n_updates            | 210          |
|    policy_gradient_loss | -0.00384     |
|    value_loss           | 9.13e+03     |
------------------------------------------
-----------------------------------------
| rollout/                |             |
|    ep_len_mean          | 720         |
|    ep_rew_mean          | 2.03e+03    |
| time/                   |             |
|    fps                  | 95          |
|    iterations           | 23          |
|    time_elapsed         | 123         |
|    total_timesteps      | 11776       |
| train/                  |             |
|    approx_kl            | 0.000940464 |
|    clip_fraction        | 0.00605     |
|    clip_range           | 0.2         |
|    entropy_loss         | -0.281      |
|    explained_variance   | 0.195       |
|    learning_rate        | 0.0003      |
|    loss                 | 5.67e+03    |
|    n_updates            | 220         |
|    policy_gradient_loss | -0.0025     |
|    value_loss           | 1.39e+04    |
-----------------------------------------
-------------------------------------------
| rollout/                |               |
|    ep_len_mean          | 720           |
|    ep_rew_mean          | 1.91e+03      |
| time/                   |               |
|    fps                  | 95            |
|    iterations           | 24            |
|    time_elapsed         | 128           |
|    total_timesteps      | 12288         |
| train/                  |               |
|    approx_kl            | 0.00077417796 |
|    clip_fraction        | 0.0043        |
|    clip_range           | 0.2           |
|    entropy_loss         | -0.273        |
|    explained_variance   | 0.258         |
|    learning_rate        | 0.0003        |
|    loss                 | 2.73e+03      |
|    n_updates            | 230           |
|    policy_gradient_loss | -0.00219      |
|    value_loss           | 7.02e+03      |
-------------------------------------------
-------------------------------------------
| rollout/                |               |
|    ep_len_mean          | 720           |
|    ep_rew_mean          | 1.91e+03      |
| time/                   |               |
|    fps                  | 96            |
|    iterations           | 25            |
|    time_elapsed         | 133           |
|    total_timesteps      | 12800         |
| train/                  |               |
|    approx_kl            | 0.00026327648 |
|    clip_fraction        | 0.000586      |
|    clip_range           | 0.2           |
|    entropy_loss         | -0.274        |
|    explained_variance   | 0.328         |
|    learning_rate        | 0.0003        |
|    loss                 | 6.52e+03      |
|    n_updates            | 240           |
|    policy_gradient_loss | -0.00112      |
|    value_loss           | 1.01e+04      |
-------------------------------------------
------------------------------------------
| rollout/                |              |
|    ep_len_mean          | 720          |
|    ep_rew_mean          | 1.9e+03      |
| time/                   |              |
|    fps                  | 96           |
|    iterations           | 26           |
|    time_elapsed         | 137          |
|    total_timesteps      | 13312        |
| train/                  |              |
|    approx_kl            | 0.0005464287 |
|    clip_fraction        | 0.00313      |
|    clip_range           | 0.2          |
|    entropy_loss         | -0.266       |
|    explained_variance   | 0.318        |
|    learning_rate        | 0.0003       |
|    loss                 | 7.01e+03     |
|    n_updates            | 250          |
|    policy_gradient_loss | -0.00257     |
|    value_loss           | 1.04e+04     |
------------------------------------------
-------------------------------------------
| rollout/                |               |
|    ep_len_mean          | 720           |
|    ep_rew_mean          | 1.85e+03      |
| time/                   |               |
|    fps                  | 96            |
|    iterations           | 27            |
|    time_elapsed         | 143           |
|    total_timesteps      | 13824         |
| train/                  |               |
|    approx_kl            | 0.00042508217 |
|    clip_fraction        | 0.000781      |
|    clip_range           | 0.2           |
|    entropy_loss         | -0.263        |
|    explained_variance   | 0.315         |
|    learning_rate        | 0.0003        |
|    loss                 | 6.54e+03      |
|    n_updates            | 260           |
|    policy_gradient_loss | -0.00138      |
|    value_loss           | 1.61e+04      |
-------------------------------------------
------------------------------------------
| rollout/                |              |
|    ep_len_mean          | 720          |
|    ep_rew_mean          | 1.85e+03     |
| time/                   |              |
|    fps                  | 96           |
|    iterations           | 28           |
|    time_elapsed         | 148          |
|    total_timesteps      | 14336        |
| train/                  |              |
|    approx_kl            | 0.0005707337 |
|    clip_fraction        | 0.00508      |
|    clip_range           | 0.2          |
|    entropy_loss         | -0.245       |
|    explained_variance   | 0.263        |
|    learning_rate        | 0.0003       |
|    loss                 | 3.03e+03     |
|    n_updates            | 270          |
|    policy_gradient_loss | -0.00258     |
|    value_loss           | 6.78e+03     |
------------------------------------------
-------------------------------------------
| rollout/                |               |
|    ep_len_mean          | 720           |
|    ep_rew_mean          | 1.8e+03       |
| time/                   |               |
|    fps                  | 96            |
|    iterations           | 29            |
|    time_elapsed         | 154           |
|    total_timesteps      | 14848         |
| train/                  |               |
|    approx_kl            | 0.00084362645 |
|    clip_fraction        | 0.00449       |
|    clip_range           | 0.2           |
|    entropy_loss         | -0.22         |
|    explained_variance   | 0.317         |
|    learning_rate        | 0.0003        |
|    loss                 | 4.85e+03      |
|    n_updates            | 280           |
|    policy_gradient_loss | -0.00229      |
|    value_loss           | 1.02e+04      |
-------------------------------------------
-------------------------------------------
| rollout/                |               |
|    ep_len_mean          | 720           |
|    ep_rew_mean          | 1.73e+03      |
| time/                   |               |
|    fps                  | 96            |
|    iterations           | 30            |
|    time_elapsed         | 159           |
|    total_timesteps      | 15360         |
| train/                  |               |
|    approx_kl            | 0.00060780055 |
|    clip_fraction        | 0.00352       |
|    clip_range           | 0.2           |
|    entropy_loss         | -0.245        |
|    explained_variance   | 0.393         |
|    learning_rate        | 0.0003        |
|    loss                 | 5.42e+03      |
|    n_updates            | 290           |
|    policy_gradient_loss | -0.00181      |
|    value_loss           | 1.18e+04      |
-------------------------------------------
------------------------------------------
| rollout/                |              |
|    ep_len_mean          | 720          |
|    ep_rew_mean          | 1.71e+03     |
| time/                   |              |
|    fps                  | 96           |
|    iterations           | 31           |
|    time_elapsed         | 164          |
|    total_timesteps      | 15872        |
| train/                  |              |
|    approx_kl            | 0.0004686866 |
|    clip_fraction        | 0.00234      |
|    clip_range           | 0.2          |
|    entropy_loss         | -0.254       |
|    explained_variance   | 0.382        |
|    learning_rate        | 0.0003       |
|    loss                 | 7.89e+03     |
|    n_updates            | 300          |
|    policy_gradient_loss | -0.00212     |
|    value_loss           | 1.67e+04     |
------------------------------------------
-------------------------------------------
| rollout/                |               |
|    ep_len_mean          | 720           |
|    ep_rew_mean          | 1.71e+03      |
| time/                   |               |
|    fps                  | 96            |
|    iterations           | 32            |
|    time_elapsed         | 169           |
|    total_timesteps      | 16384         |
| train/                  |               |
|    approx_kl            | 0.00072642416 |
|    clip_fraction        | 0.00273       |
|    clip_range           | 0.2           |
|    entropy_loss         | -0.221        |
|    explained_variance   | 0.399         |
|    learning_rate        | 0.0003        |
|    loss                 | 3.86e+03      |
|    n_updates            | 310           |
|    policy_gradient_loss | -0.00176      |
|    value_loss           | 8e+03         |
-------------------------------------------
------------------------------------------
| rollout/                |              |
|    ep_len_mean          | 720          |
|    ep_rew_mean          | 1.66e+03     |
| time/                   |              |
|    fps                  | 96           |
|    iterations           | 33           |
|    time_elapsed         | 174          |
|    total_timesteps      | 16896        |
| train/                  |              |
|    approx_kl            | 0.0008207423 |
|    clip_fraction        | 0.00586      |
|    clip_range           | 0.2          |
|    entropy_loss         | -0.265       |
|    explained_variance   | 0.361        |
|    learning_rate        | 0.0003       |
|    loss                 | 6.61e+03     |
|    n_updates            | 320          |
|    policy_gradient_loss | -0.00198     |
|    value_loss           | 1.41e+04     |
------------------------------------------
------------------------------------------
| rollout/                |              |
|    ep_len_mean          | 720          |
|    ep_rew_mean          | 1.7e+03      |
| time/                   |              |
|    fps                  | 96           |
|    iterations           | 34           |
|    time_elapsed         | 180          |
|    total_timesteps      | 17408        |
| train/                  |              |
|    approx_kl            | 0.0015844341 |
|    clip_fraction        | 0.0145       |
|    clip_range           | 0.2          |
|    entropy_loss         | -0.248       |
|    explained_variance   | 0.365        |
|    learning_rate        | 0.0003       |
|    loss                 | 8.03e+03     |
|    n_updates            | 330          |
|    policy_gradient_loss | -0.00435     |
|    value_loss           | 1.49e+04     |
------------------------------------------
------------------------------------------
| rollout/                |              |
|    ep_len_mean          | 720          |
|    ep_rew_mean          | 1.7e+03      |
| time/                   |              |
|    fps                  | 96           |
|    iterations           | 35           |
|    time_elapsed         | 185          |
|    total_timesteps      | 17920        |
| train/                  |              |
|    approx_kl            | 0.0006482354 |
|    clip_fraction        | 0.00625      |
|    clip_range           | 0.2          |
|    entropy_loss         | -0.216       |
|    explained_variance   | 0.404        |
|    learning_rate        | 0.0003       |
|    loss                 | 3.85e+03     |
|    n_updates            | 340          |
|    policy_gradient_loss | -0.00299     |
|    value_loss           | 1.03e+04     |
------------------------------------------
----------------------------------------
| rollout/                |            |
|    ep_len_mean          | 720        |
|    ep_rew_mean          | 1.59e+03   |
| time/                   |            |
|    fps                  | 96         |
|    iterations           | 36         |
|    time_elapsed         | 190        |
|    total_timesteps      | 18432      |
| train/                  |            |
|    approx_kl            | 0.00222004 |
|    clip_fraction        | 0.0127     |
|    clip_range           | 0.2        |
|    entropy_loss         | -0.213     |
|    explained_variance   | 0.39       |
|    learning_rate        | 0.0003     |
|    loss                 | 6.06e+03   |
|    n_updates            | 350        |
|    policy_gradient_loss | -0.0056    |
|    value_loss           | 1.44e+04   |
----------------------------------------
-------------------------------------------
| rollout/                |               |
|    ep_len_mean          | 720           |
|    ep_rew_mean          | 1.55e+03      |
| time/                   |               |
|    fps                  | 96            |
|    iterations           | 37            |
|    time_elapsed         | 195           |
|    total_timesteps      | 18944         |
| train/                  |               |
|    approx_kl            | 0.00031399232 |
|    clip_fraction        | 0             |
|    clip_range           | 0.2           |
|    entropy_loss         | -0.219        |
|    explained_variance   | 0.405         |
|    learning_rate        | 0.0003        |
|    loss                 | 5.55e+03      |
|    n_updates            | 360           |
|    policy_gradient_loss | -0.00107      |
|    value_loss           | 1.13e+04      |
-------------------------------------------
-------------------------------------------
| rollout/                |               |
|    ep_len_mean          | 720           |
|    ep_rew_mean          | 1.45e+03      |
| time/                   |               |
|    fps                  | 96            |
|    iterations           | 38            |
|    time_elapsed         | 201           |
|    total_timesteps      | 19456         |
| train/                  |               |
|    approx_kl            | 0.00040152358 |
|    clip_fraction        | 0.00137       |
|    clip_range           | 0.2           |
|    entropy_loss         | -0.221        |
|    explained_variance   | 0.326         |
|    learning_rate        | 0.0003        |
|    loss                 | 3.6e+03       |
|    n_updates            | 370           |
|    policy_gradient_loss | -0.00114      |
|    value_loss           | 7.7e+03       |
-------------------------------------------
------------------------------------------
| rollout/                |              |
|    ep_len_mean          | 720          |
|    ep_rew_mean          | 1.45e+03     |
| time/                   |              |
|    fps                  | 97           |
|    iterations           | 39           |
|    time_elapsed         | 205          |
|    total_timesteps      | 19968        |
| train/                  |              |
|    approx_kl            | 0.0004945224 |
|    clip_fraction        | 0.00332      |
|    clip_range           | 0.2          |
|    entropy_loss         | -0.22        |
|    explained_variance   | 0.372        |
|    learning_rate        | 0.0003       |
|    loss                 | 5.64e+03     |
|    n_updates            | 380          |
|    policy_gradient_loss | -0.00157     |
|    value_loss           | 1.12e+04     |
------------------------------------------
------------------------------------------
| rollout/                |              |
|    ep_len_mean          | 720          |
|    ep_rew_mean          | 1.35e+03     |
| time/                   |              |
|    fps                  | 97           |
|    iterations           | 40           |
|    time_elapsed         | 210          |
|    total_timesteps      | 20480        |
| train/                  |              |
|    approx_kl            | 0.0002692278 |
|    clip_fraction        | 0.00156      |
|    clip_range           | 0.2          |
|    entropy_loss         | -0.232       |
|    explained_variance   | 0.478        |
|    learning_rate        | 0.0003       |
|    loss                 | 4.34e+03     |
|    n_updates            | 390          |
|    policy_gradient_loss | -0.00112     |
|    value_loss           | 9.4e+03      |
------------------------------------------
-------------------------------------------
| rollout/                |               |
|    ep_len_mean          | 720           |
|    ep_rew_mean          | 1.32e+03      |
| time/                   |               |
|    fps                  | 96            |
|    iterations           | 41            |
|    time_elapsed         | 216           |
|    total_timesteps      | 20992         |
| train/                  |               |
|    approx_kl            | 0.00035429714 |
|    clip_fraction        | 0.00215       |
|    clip_range           | 0.2           |
|    entropy_loss         | -0.224        |
|    explained_variance   | 0.455         |
|    learning_rate        | 0.0003        |
|    loss                 | 7.12e+03      |
|    n_updates            | 400           |
|    policy_gradient_loss | -0.000951     |
|    value_loss           | 1.5e+04       |
-------------------------------------------
-------------------------------------------
| rollout/                |               |
|    ep_len_mean          | 720           |
|    ep_rew_mean          | 1.32e+03      |
| time/                   |               |
|    fps                  | 96            |
|    iterations           | 42            |
|    time_elapsed         | 223           |
|    total_timesteps      | 21504         |
| train/                  |               |
|    approx_kl            | 0.00034275098 |
|    clip_fraction        | 0.00293       |
|    clip_range           | 0.2           |
|    entropy_loss         | -0.218        |
|    explained_variance   | 0.448         |
|    learning_rate        | 0.0003        |
|    loss                 | 6.47e+03      |
|    n_updates            | 410           |
|    policy_gradient_loss | -0.00135      |
|    value_loss           | 1.45e+04      |
-------------------------------------------
-------------------------------------------
| rollout/                |               |
|    ep_len_mean          | 720           |
|    ep_rew_mean          | 1.24e+03      |
| time/                   |               |
|    fps                  | 96            |
|    iterations           | 43            |
|    time_elapsed         | 228           |
|    total_timesteps      | 22016         |
| train/                  |               |
|    approx_kl            | 0.00011846099 |
|    clip_fraction        | 0.000391      |
|    clip_range           | 0.2           |
|    entropy_loss         | -0.252        |
|    explained_variance   | 0.462         |
|    learning_rate        | 0.0003        |
|    loss                 | 5.46e+03      |
|    n_updates            | 420           |
|    policy_gradient_loss | -0.000735     |
|    value_loss           | 1.23e+04      |
-------------------------------------------
------------------------------------------
| rollout/                |              |
|    ep_len_mean          | 720          |
|    ep_rew_mean          | 1.16e+03     |
| time/                   |              |
|    fps                  | 96           |
|    iterations           | 44           |
|    time_elapsed         | 233          |
|    total_timesteps      | 22528        |
| train/                  |              |
|    approx_kl            | 0.0008065339 |
|    clip_fraction        | 0.00352      |
|    clip_range           | 0.2          |
|    entropy_loss         | -0.26        |
|    explained_variance   | 0.517        |
|    learning_rate        | 0.0003       |
|    loss                 | 4.36e+03     |
|    n_updates            | 430          |
|    policy_gradient_loss | -0.00163     |
|    value_loss           | 1.07e+04     |
------------------------------------------
------------------------------------------
| rollout/                |              |
|    ep_len_mean          | 720          |
|    ep_rew_mean          | 1.11e+03     |
| time/                   |              |
|    fps                  | 96           |
|    iterations           | 45           |
|    time_elapsed         | 238          |
|    total_timesteps      | 23040        |
| train/                  |              |
|    approx_kl            | 7.967851e-05 |
|    clip_fraction        | 0            |
|    clip_range           | 0.2          |
|    entropy_loss         | -0.217       |
|    explained_variance   | 0.448        |
|    learning_rate        | 0.0003       |
|    loss                 | 7.77e+03     |
|    n_updates            | 440          |
|    policy_gradient_loss | -0.000399    |
|    value_loss           | 1.44e+04     |
------------------------------------------
-------------------------------------------
| rollout/                |               |
|    ep_len_mean          | 720           |
|    ep_rew_mean          | 1.11e+03      |
| time/                   |               |
|    fps                  | 96            |
|    iterations           | 46            |
|    time_elapsed         | 243           |
|    total_timesteps      | 23552         |
| train/                  |               |
|    approx_kl            | 0.00078887393 |
|    clip_fraction        | 0.00781       |
|    clip_range           | 0.2           |
|    entropy_loss         | -0.242        |
|    explained_variance   | 0.523         |
|    learning_rate        | 0.0003        |
|    loss                 | 4.3e+03       |
|    n_updates            | 450           |
|    policy_gradient_loss | -0.00191      |
|    value_loss           | 1.05e+04      |
-------------------------------------------
------------------------------------------
| rollout/                |              |
|    ep_len_mean          | 720          |
|    ep_rew_mean          | 1.06e+03     |
| time/                   |              |
|    fps                  | 96           |
|    iterations           | 47           |
|    time_elapsed         | 249          |
|    total_timesteps      | 24064        |
| train/                  |              |
|    approx_kl            | 0.0010747737 |
|    clip_fraction        | 0.00742      |
|    clip_range           | 0.2          |
|    entropy_loss         | -0.197       |
|    explained_variance   | 0.463        |
|    learning_rate        | 0.0003       |
|    loss                 | 8.62e+03     |
|    n_updates            | 460          |
|    policy_gradient_loss | -0.00254     |
|    value_loss           | 1.75e+04     |
------------------------------------------
------------------------------------------
| rollout/                |              |
|    ep_len_mean          | 720          |
|    ep_rew_mean          | 987          |
| time/                   |              |
|    fps                  | 96           |
|    iterations           | 48           |
|    time_elapsed         | 253          |
|    total_timesteps      | 24576        |
| train/                  |              |
|    approx_kl            | 0.0008735543 |
|    clip_fraction        | 0.00684      |
|    clip_range           | 0.2          |
|    entropy_loss         | -0.216       |
|    explained_variance   | 0.533        |
|    learning_rate        | 0.0003       |
|    loss                 | 4.8e+03      |
|    n_updates            | 470          |
|    policy_gradient_loss | -0.00174     |
|    value_loss           | 1.09e+04     |
------------------------------------------
-------------------------------------------
| rollout/                |               |
|    ep_len_mean          | 720           |
|    ep_rew_mean          | 987           |
| time/                   |               |
|    fps                  | 96            |
|    iterations           | 49            |
|    time_elapsed         | 260           |
|    total_timesteps      | 25088         |
| train/                  |               |
|    approx_kl            | 0.00031030673 |
|    clip_fraction        | 0.00488       |
|    clip_range           | 0.2           |
|    entropy_loss         | -0.241        |
|    explained_variance   | 0.434         |
|    learning_rate        | 0.0003        |
|    loss                 | 1.01e+04      |
|    n_updates            | 480           |
|    policy_gradient_loss | -0.00175      |
|    value_loss           | 2.08e+04      |
-------------------------------------------
-------------------------------------------
| rollout/                |               |
|    ep_len_mean          | 720           |
|    ep_rew_mean          | 993           |
| time/                   |               |
|    fps                  | 96            |
|    iterations           | 50            |
|    time_elapsed         | 264           |
|    total_timesteps      | 25600         |
| train/                  |               |
|    approx_kl            | 0.00079935597 |
|    clip_fraction        | 0.000781      |
|    clip_range           | 0.2           |
|    entropy_loss         | -0.195        |
|    explained_variance   | 0.461         |
|    learning_rate        | 0.0003        |
|    loss                 | 6.77e+03      |
|    n_updates            | 490           |
|    policy_gradient_loss | -0.00204      |
|    value_loss           | 1.53e+04      |
-------------------------------------------
-------------------------------------------
| rollout/                |               |
|    ep_len_mean          | 720           |
|    ep_rew_mean          | 933           |
| time/                   |               |
|    fps                  | 96            |
|    iterations           | 51            |
|    time_elapsed         | 270           |
|    total_timesteps      | 26112         |
| train/                  |               |
|    approx_kl            | 0.00057845353 |
|    clip_fraction        | 0.00859       |
|    clip_range           | 0.2           |
|    entropy_loss         | -0.211        |
|    explained_variance   | 0.529         |
|    learning_rate        | 0.0003        |
|    loss                 | 7.67e+03      |
|    n_updates            | 500           |
|    policy_gradient_loss | -0.00155      |
|    value_loss           | 1.4e+04       |
-------------------------------------------
-------------------------------------------
| rollout/                |               |
|    ep_len_mean          | 720           |
|    ep_rew_mean          | 933           |
| time/                   |               |
|    fps                  | 96            |
|    iterations           | 52            |
|    time_elapsed         | 276           |
|    total_timesteps      | 26624         |
| train/                  |               |
|    approx_kl            | 0.00081129326 |
|    clip_fraction        | 0.00566       |
|    clip_range           | 0.2           |
|    entropy_loss         | -0.268        |
|    explained_variance   | 0.443         |
|    learning_rate        | 0.0003        |
|    loss                 | 1.06e+04      |
|    n_updates            | 510           |
|    policy_gradient_loss | -0.00206      |
|    value_loss           | 2.1e+04       |
-------------------------------------------
------------------------------------------
| rollout/                |              |
|    ep_len_mean          | 720          |
|    ep_rew_mean          | 876          |
| time/                   |              |
|    fps                  | 95           |
|    iterations           | 53           |
|    time_elapsed         | 283          |
|    total_timesteps      | 27136        |
| train/                  |              |
|    approx_kl            | 0.0006965326 |
|    clip_fraction        | 0.00332      |
|    clip_range           | 0.2          |
|    entropy_loss         | -0.225       |
|    explained_variance   | 0.356        |
|    learning_rate        | 0.0003       |
|    loss                 | 6.23e+03     |
|    n_updates            | 520          |
|    policy_gradient_loss | -0.00169     |
|    value_loss           | 1.23e+04     |
------------------------------------------
-------------------------------------------
| rollout/                |               |
|    ep_len_mean          | 720           |
|    ep_rew_mean          | 859           |
| time/                   |               |
|    fps                  | 95            |
|    iterations           | 54            |
|    time_elapsed         | 289           |
|    total_timesteps      | 27648         |
| train/                  |               |
|    approx_kl            | 0.00061891566 |
|    clip_fraction        | 0.00645       |
|    clip_range           | 0.2           |
|    entropy_loss         | -0.228        |
|    explained_variance   | 0.541         |
|    learning_rate        | 0.0003        |
|    loss                 | 4.74e+03      |
|    n_updates            | 530           |
|    policy_gradient_loss | -0.00149      |
|    value_loss           | 7.86e+03      |
-------------------------------------------
-----------------------------------------
| rollout/                |             |
|    ep_len_mean          | 720         |
|    ep_rew_mean          | 838         |
| time/                   |             |
|    fps                  | 95          |
|    iterations           | 55          |
|    time_elapsed         | 294         |
|    total_timesteps      | 28160       |
| train/                  |             |
|    approx_kl            | 0.000510531 |
|    clip_fraction        | 0.00488     |
|    clip_range           | 0.2         |
|    entropy_loss         | -0.272      |
|    explained_variance   | 0.552       |
|    learning_rate        | 0.0003      |
|    loss                 | 5.8e+03     |
|    n_updates            | 540         |
|    policy_gradient_loss | -0.00228    |
|    value_loss           | 1.21e+04    |
-----------------------------------------
------------------------------------------
| rollout/                |              |
|    ep_len_mean          | 720          |
|    ep_rew_mean          | 838          |
| time/                   |              |
|    fps                  | 95           |
|    iterations           | 56           |
|    time_elapsed         | 300          |
|    total_timesteps      | 28672        |
| train/                  |              |
|    approx_kl            | 0.0023400735 |
|    clip_fraction        | 0.0133       |
|    clip_range           | 0.2          |
|    entropy_loss         | -0.244       |
|    explained_variance   | 0.56         |
|    learning_rate        | 0.0003       |
|    loss                 | 2.27e+03     |
|    n_updates            | 550          |
|    policy_gradient_loss | -0.00255     |
|    value_loss           | 6.82e+03     |
------------------------------------------
------------------------------------------
| rollout/                |              |
|    ep_len_mean          | 720          |
|    ep_rew_mean          | 823          |
| time/                   |              |
|    fps                  | 95           |
|    iterations           | 57           |
|    time_elapsed         | 305          |
|    total_timesteps      | 29184        |
| train/                  |              |
|    approx_kl            | 0.0008642188 |
|    clip_fraction        | 0.00234      |
|    clip_range           | 0.2          |
|    entropy_loss         | -0.205       |
|    explained_variance   | 0.604        |
|    learning_rate        | 0.0003       |
|    loss                 | 3.87e+03     |
|    n_updates            | 560          |
|    policy_gradient_loss | -0.0023      |
|    value_loss           | 8.35e+03     |
------------------------------------------
------------------------------------------
| rollout/                |              |
|    ep_len_mean          | 720          |
|    ep_rew_mean          | 765          |
| time/                   |              |
|    fps                  | 95           |
|    iterations           | 58           |
|    time_elapsed         | 310          |
|    total_timesteps      | 29696        |
| train/                  |              |
|    approx_kl            | 0.0006818358 |
|    clip_fraction        | 0.00547      |
|    clip_range           | 0.2          |
|    entropy_loss         | -0.236       |
|    explained_variance   | 0.574        |
|    learning_rate        | 0.0003       |
|    loss                 | 7.31e+03     |
|    n_updates            | 570          |
|    policy_gradient_loss | -0.00185     |
|    value_loss           | 1.36e+04     |
------------------------------------------
------------------------------------------
| rollout/                |              |
|    ep_len_mean          | 720          |
|    ep_rew_mean          | 765          |
| time/                   |              |
|    fps                  | 95           |
|    iterations           | 59           |
|    time_elapsed         | 315          |
|    total_timesteps      | 30208        |
| train/                  |              |
|    approx_kl            | 0.0011634376 |
|    clip_fraction        | 0.00508      |
|    clip_range           | 0.2          |
|    entropy_loss         | -0.227       |
|    explained_variance   | 0.629        |
|    learning_rate        | 0.0003       |
|    loss                 | 5.32e+03     |
|    n_updates            | 580          |
|    policy_gradient_loss | -0.00159     |
|    value_loss           | 1.07e+04     |
------------------------------------------
-------------------------------------------
| rollout/                |               |
|    ep_len_mean          | 720           |
|    ep_rew_mean          | 704           |
| time/                   |               |
|    fps                  | 95            |
|    iterations           | 60            |
|    time_elapsed         | 320           |
|    total_timesteps      | 30720         |
| train/                  |               |
|    approx_kl            | 0.00047800664 |
|    clip_fraction        | 0.00254       |
|    clip_range           | 0.2           |
|    entropy_loss         | -0.256        |
|    explained_variance   | 0.481         |
|    learning_rate        | 0.0003        |
|    loss                 | 1.11e+04      |
|    n_updates            | 590           |
|    policy_gradient_loss | -0.00138      |
|    value_loss           | 2.23e+04      |
-------------------------------------------
------------------------------------------
| rollout/                |              |
|    ep_len_mean          | 720          |
|    ep_rew_mean          | 625          |
| time/                   |              |
|    fps                  | 96           |
|    iterations           | 61           |
|    time_elapsed         | 325          |
|    total_timesteps      | 31232        |
| train/                  |              |
|    approx_kl            | 0.0003713888 |
|    clip_fraction        | 0.00215      |
|    clip_range           | 0.2          |
|    entropy_loss         | -0.259       |
|    explained_variance   | 0.649        |
|    learning_rate        | 0.0003       |
|    loss                 | 4.29e+03     |
|    n_updates            | 600          |
|    policy_gradient_loss | -0.00152     |
|    value_loss           | 9.59e+03     |
------------------------------------------
-------------------------------------------
| rollout/                |               |
|    ep_len_mean          | 720           |
|    ep_rew_mean          | 583           |
| time/                   |               |
|    fps                  | 95            |
|    iterations           | 62            |
|    time_elapsed         | 330           |
|    total_timesteps      | 31744         |
| train/                  |               |
|    approx_kl            | 0.00020429213 |
|    clip_fraction        | 0.000195      |
|    clip_range           | 0.2           |
|    entropy_loss         | -0.23         |
|    explained_variance   | 0.508         |
|    learning_rate        | 0.0003        |
|    loss                 | 1.29e+04      |
|    n_updates            | 610           |
|    policy_gradient_loss | -0.000943     |
|    value_loss           | 2.44e+04      |
-------------------------------------------
------------------------------------------
| rollout/                |              |
|    ep_len_mean          | 720          |
|    ep_rew_mean          | 583          |
| time/                   |              |
|    fps                  | 96           |
|    iterations           | 63           |
|    time_elapsed         | 335          |
|    total_timesteps      | 32256        |
| train/                  |              |
|    approx_kl            | 0.0004844098 |
|    clip_fraction        | 0.00547      |
|    clip_range           | 0.2          |
|    entropy_loss         | -0.214       |
|    explained_variance   | 0.581        |
|    learning_rate        | 0.0003       |
|    loss                 | 7.11e+03     |
|    n_updates            | 620          |
|    policy_gradient_loss | -0.00203     |
|    value_loss           | 1.55e+04     |
------------------------------------------
-----------------------------------------
| rollout/                |             |
|    ep_len_mean          | 720         |
|    ep_rew_mean          | 538         |
| time/                   |             |
|    fps                  | 96          |
|    iterations           | 64          |
|    time_elapsed         | 340         |
|    total_timesteps      | 32768       |
| train/                  |             |
|    approx_kl            | 0.000797447 |
|    clip_fraction        | 0.00195     |
|    clip_range           | 0.2         |
|    entropy_loss         | -0.205      |
|    explained_variance   | 0.504       |
|    learning_rate        | 0.0003      |
|    loss                 | 8.59e+03    |
|    n_updates            | 630         |
|    policy_gradient_loss | -0.00213    |
|    value_loss           | 1.86e+04    |
-----------------------------------------
------------------------------------------
| rollout/                |              |
|    ep_len_mean          | 720          |
|    ep_rew_mean          | 531          |
| time/                   |              |
|    fps                  | 95           |
|    iterations           | 65           |
|    time_elapsed         | 346          |
|    total_timesteps      | 33280        |
| train/                  |              |
|    approx_kl            | 0.0022132867 |
|    clip_fraction        | 0.0182       |
|    clip_range           | 0.2          |
|    entropy_loss         | -0.187       |
|    explained_variance   | 0.669        |
|    learning_rate        | 0.0003       |
|    loss                 | 3.48e+03     |
|    n_updates            | 640          |
|    policy_gradient_loss | -0.00588     |
|    value_loss           | 8.88e+03     |
------------------------------------------
-------------------------------------------
| rollout/                |               |
|    ep_len_mean          | 720           |
|    ep_rew_mean          | 531           |
| time/                   |               |
|    fps                  | 95            |
|    iterations           | 66            |
|    time_elapsed         | 352           |
|    total_timesteps      | 33792         |
| train/                  |               |
|    approx_kl            | 0.00030018948 |
|    clip_fraction        | 0.00156       |
|    clip_range           | 0.2           |
|    entropy_loss         | -0.219        |
|    explained_variance   | 0.545         |
|    learning_rate        | 0.0003        |
|    loss                 | 4.18e+03      |
|    n_updates            | 650           |
|    policy_gradient_loss | -0.000659     |
|    value_loss           | 8.17e+03      |
-------------------------------------------
-------------------------------------------
| rollout/                |               |
|    ep_len_mean          | 720           |
|    ep_rew_mean          | 494           |
| time/                   |               |
|    fps                  | 95            |
|    iterations           | 67            |
|    time_elapsed         | 357           |
|    total_timesteps      | 34304         |
| train/                  |               |
|    approx_kl            | 0.00012798265 |
|    clip_fraction        | 0             |
|    clip_range           | 0.2           |
|    entropy_loss         | -0.19         |
|    explained_variance   | 0.566         |
|    learning_rate        | 0.0003        |
|    loss                 | 4.68e+03      |
|    n_updates            | 660           |
|    policy_gradient_loss | -0.000592     |
|    value_loss           | 9.87e+03      |
-------------------------------------------
------------------------------------------
| rollout/                |              |
|    ep_len_mean          | 720          |
|    ep_rew_mean          | 433          |
| time/                   |              |
|    fps                  | 96           |
|    iterations           | 68           |
|    time_elapsed         | 361          |
|    total_timesteps      | 34816        |
| train/                  |              |
|    approx_kl            | 0.0002126212 |
|    clip_fraction        | 0.000391     |
|    clip_range           | 0.2          |
|    entropy_loss         | -0.17        |
|    explained_variance   | 0.701        |
|    learning_rate        | 0.0003       |
|    loss                 | 3.13e+03     |
|    n_updates            | 670          |
|    policy_gradient_loss | -0.00103     |
|    value_loss           | 6.81e+03     |
------------------------------------------
------------------------------------------
| rollout/                |              |
|    ep_len_mean          | 720          |
|    ep_rew_mean          | 354          |
| time/                   |              |
|    fps                  | 95           |
|    iterations           | 69           |
|    time_elapsed         | 368          |
|    total_timesteps      | 35328        |
| train/                  |              |
|    approx_kl            | 0.0004975117 |
|    clip_fraction        | 0.00215      |
|    clip_range           | 0.2          |
|    entropy_loss         | -0.188       |
|    explained_variance   | 0.648        |
|    learning_rate        | 0.0003       |
|    loss                 | 5.36e+03     |
|    n_updates            | 680          |
|    policy_gradient_loss | -0.00189     |
|    value_loss           | 1.37e+04     |
------------------------------------------
-------------------------------------------
| rollout/                |               |
|    ep_len_mean          | 720           |
|    ep_rew_mean          | 354           |
| time/                   |               |
|    fps                  | 95            |
|    iterations           | 70            |
|    time_elapsed         | 374           |
|    total_timesteps      | 35840         |
| train/                  |               |
|    approx_kl            | 0.00033343543 |
|    clip_fraction        | 0.00254       |
|    clip_range           | 0.2           |
|    entropy_loss         | -0.193        |
|    explained_variance   | 0.575         |
|    learning_rate        | 0.0003        |
|    loss                 | 1.42e+04      |
|    n_updates            | 690           |
|    policy_gradient_loss | -0.00159      |
|    value_loss           | 2.52e+04      |
-------------------------------------------
------------------------------------------
| rollout/                |              |
|    ep_len_mean          | 720          |
|    ep_rew_mean          | 333          |
| time/                   |              |
|    fps                  | 95           |
|    iterations           | 71           |
|    time_elapsed         | 379          |
|    total_timesteps      | 36352        |
| train/                  |              |
|    approx_kl            | 0.0002556933 |
|    clip_fraction        | 0.00156      |
|    clip_range           | 0.2          |
|    entropy_loss         | -0.172       |
|    explained_variance   | 0.63         |
|    learning_rate        | 0.0003       |
|    loss                 | 4.2e+03      |
|    n_updates            | 700          |
|    policy_gradient_loss | -0.00121     |
|    value_loss           | 6.66e+03     |
------------------------------------------
-------------------------------------------
| rollout/                |               |
|    ep_len_mean          | 720           |
|    ep_rew_mean          | 288           |
| time/                   |               |
|    fps                  | 95            |
|    iterations           | 72            |
|    time_elapsed         | 385           |
|    total_timesteps      | 36864         |
| train/                  |               |
|    approx_kl            | 0.00048178586 |
|    clip_fraction        | 0.00313       |
|    clip_range           | 0.2           |
|    entropy_loss         | -0.193        |
|    explained_variance   | 0.613         |
|    learning_rate        | 0.0003        |
|    loss                 | 7.32e+03      |
|    n_updates            | 710           |
|    policy_gradient_loss | -0.00198      |
|    value_loss           | 1.5e+04       |
-------------------------------------------
-------------------------------------------
| rollout/                |               |
|    ep_len_mean          | 720           |
|    ep_rew_mean          | 288           |
| time/                   |               |
|    fps                  | 95            |
|    iterations           | 73            |
|    time_elapsed         | 392           |
|    total_timesteps      | 37376         |
| train/                  |               |
|    approx_kl            | 0.00025694666 |
|    clip_fraction        | 0.00273       |
|    clip_range           | 0.2           |
|    entropy_loss         | -0.187        |
|    explained_variance   | 0.538         |
|    learning_rate        | 0.0003        |
|    loss                 | 7.44e+03      |
|    n_updates            | 720           |
|    policy_gradient_loss | -0.00113      |
|    value_loss           | 1.6e+04       |
-------------------------------------------
-------------------------------------------
| rollout/                |               |
|    ep_len_mean          | 720           |
|    ep_rew_mean          | 234           |
| time/                   |               |
|    fps                  | 95            |
|    iterations           | 74            |
|    time_elapsed         | 397           |
|    total_timesteps      | 37888         |
| train/                  |               |
|    approx_kl            | 0.00028142796 |
|    clip_fraction        | 0.00215       |
|    clip_range           | 0.2           |
|    entropy_loss         | -0.18         |
|    explained_variance   | 0.186         |
|    learning_rate        | 0.0003        |
|    loss                 | 1e+04         |
|    n_updates            | 730           |
|    policy_gradient_loss | -0.000863     |
|    value_loss           | 1.85e+04      |
-------------------------------------------
-------------------------------------------
| rollout/                |               |
|    ep_len_mean          | 720           |
|    ep_rew_mean          | 240           |
| time/                   |               |
|    fps                  | 95            |
|    iterations           | 75            |
|    time_elapsed         | 401           |
|    total_timesteps      | 38400         |
| train/                  |               |
|    approx_kl            | 0.00039250852 |
|    clip_fraction        | 0.000781      |
|    clip_range           | 0.2           |
|    entropy_loss         | -0.166        |
|    explained_variance   | 0.659         |
|    learning_rate        | 0.0003        |
|    loss                 | 2.68e+03      |
|    n_updates            | 740           |
|    policy_gradient_loss | -0.00143      |
|    value_loss           | 5.75e+03      |
-------------------------------------------
-------------------------------------------
| rollout/                |               |
|    ep_len_mean          | 720           |
|    ep_rew_mean          | 218           |
| time/                   |               |
|    fps                  | 95            |
|    iterations           | 76            |
|    time_elapsed         | 408           |
|    total_timesteps      | 38912         |
| train/                  |               |
|    approx_kl            | 0.00026960715 |
|    clip_fraction        | 0.000781      |
|    clip_range           | 0.2           |
|    entropy_loss         | -0.173        |
|    explained_variance   | 0.622         |
|    learning_rate        | 0.0003        |
|    loss                 | 3.39e+03      |
|    n_updates            | 750           |
|    policy_gradient_loss | -0.00147      |
|    value_loss           | 7.3e+03       |
-------------------------------------------
-------------------------------------------
| rollout/                |               |
|    ep_len_mean          | 720           |
|    ep_rew_mean          | 218           |
| time/                   |               |
|    fps                  | 95            |
|    iterations           | 77            |
|    time_elapsed         | 414           |
|    total_timesteps      | 39424         |
| train/                  |               |
|    approx_kl            | 0.00013682556 |
|    clip_fraction        | 0             |
|    clip_range           | 0.2           |
|    entropy_loss         | -0.181        |
|    explained_variance   | 0.616         |
|    learning_rate        | 0.0003        |
|    loss                 | 6.1e+03       |
|    n_updates            | 760           |
|    policy_gradient_loss | -0.000562     |
|    value_loss           | 1.15e+04      |
-------------------------------------------
------------------------------------------
| rollout/                |              |
|    ep_len_mean          | 720          |
|    ep_rew_mean          | 183          |
| time/                   |              |
|    fps                  | 95           |
|    iterations           | 78           |
|    time_elapsed         | 418          |
|    total_timesteps      | 39936        |
| train/                  |              |
|    approx_kl            | 6.755464e-05 |
|    clip_fraction        | 0            |
|    clip_range           | 0.2          |
|    entropy_loss         | -0.18        |
|    explained_variance   | 0.671        |
|    learning_rate        | 0.0003       |
|    loss                 | 4.9e+03      |
|    n_updates            | 770          |
|    policy_gradient_loss | -0.000353    |
|    value_loss           | 7.35e+03     |
------------------------------------------
-------------------------------------------
| rollout/                |               |
|    ep_len_mean          | 720           |
|    ep_rew_mean          | 190           |
| time/                   |               |
|    fps                  | 95            |
|    iterations           | 79            |
|    time_elapsed         | 424           |
|    total_timesteps      | 40448         |
| train/                  |               |
|    approx_kl            | 0.00028579208 |
|    clip_fraction        | 0.000391      |
|    clip_range           | 0.2           |
|    entropy_loss         | -0.183        |
|    explained_variance   | 0.573         |
|    learning_rate        | 0.0003        |
|    loss                 | 5.93e+03      |
|    n_updates            | 780           |
|    policy_gradient_loss | -0.000951     |
|    value_loss           | 1e+04         |
-------------------------------------------
-------------------------------------------
| rollout/                |               |
|    ep_len_mean          | 720           |
|    ep_rew_mean          | 190           |
| time/                   |               |
|    fps                  | 95            |
|    iterations           | 80            |
|    time_elapsed         | 429           |
|    total_timesteps      | 40960         |
| train/                  |               |
|    approx_kl            | 0.00021914823 |
|    clip_fraction        | 0             |
|    clip_range           | 0.2           |
|    entropy_loss         | -0.251        |
|    explained_variance   | 0.606         |
|    learning_rate        | 0.0003        |
|    loss                 | 1.94e+03      |
|    n_updates            | 790           |
|    policy_gradient_loss | -0.000938     |
|    value_loss           | 5.14e+03      |
-------------------------------------------
-------------------------------------------
| rollout/                |               |
|    ep_len_mean          | 720           |
|    ep_rew_mean          | 170           |
| time/                   |               |
|    fps                  | 95            |
|    iterations           | 81            |
|    time_elapsed         | 434           |
|    total_timesteps      | 41472         |
| train/                  |               |
|    approx_kl            | 0.00084277365 |
|    clip_fraction        | 0.00723       |
|    clip_range           | 0.2           |
|    entropy_loss         | -0.165        |
|    explained_variance   | 0.727         |
|    learning_rate        | 0.0003        |
|    loss                 | 2.33e+03      |
|    n_updates            | 800           |
|    policy_gradient_loss | -0.00271      |
|    value_loss           | 5.02e+03      |
-------------------------------------------
-------------------------------------------
| rollout/                |               |
|    ep_len_mean          | 720           |
|    ep_rew_mean          | 145           |
| time/                   |               |
|    fps                  | 95            |
|    iterations           | 82            |
|    time_elapsed         | 439           |
|    total_timesteps      | 41984         |
| train/                  |               |
|    approx_kl            | 0.00058339845 |
|    clip_fraction        | 0.00469       |
|    clip_range           | 0.2           |
|    entropy_loss         | -0.213        |
|    explained_variance   | 0.609         |
|    learning_rate        | 0.0003        |
|    loss                 | 1.07e+04      |
|    n_updates            | 810           |
|    policy_gradient_loss | -0.00189      |
|    value_loss           | 2.05e+04      |
-------------------------------------------
-------------------------------------------
| rollout/                |               |
|    ep_len_mean          | 720           |
|    ep_rew_mean          | 138           |
| time/                   |               |
|    fps                  | 95            |
|    iterations           | 83            |
|    time_elapsed         | 444           |
|    total_timesteps      | 42496         |
| train/                  |               |
|    approx_kl            | 0.00018843841 |
|    clip_fraction        | 0             |
|    clip_range           | 0.2           |
|    entropy_loss         | -0.209        |
|    explained_variance   | 0.656         |
|    learning_rate        | 0.0003        |
|    loss                 | 8.17e+03      |
|    n_updates            | 820           |
|    policy_gradient_loss | -0.00111      |
|    value_loss           | 1.44e+04      |
-------------------------------------------
------------------------------------------
| rollout/                |              |
|    ep_len_mean          | 720          |
|    ep_rew_mean          | 138          |
| time/                   |              |
|    fps                  | 95           |
|    iterations           | 84           |
|    time_elapsed         | 449          |
|    total_timesteps      | 43008        |
| train/                  |              |
|    approx_kl            | 0.0004034834 |
|    clip_fraction        | 0.00293      |
|    clip_range           | 0.2          |
|    entropy_loss         | -0.217       |
|    explained_variance   | 0.557        |
|    learning_rate        | 0.0003       |
|    loss                 | 4.55e+03     |
|    n_updates            | 830          |
|    policy_gradient_loss | -0.00125     |
|    value_loss           | 1.24e+04     |
------------------------------------------
------------------------------------------
| rollout/                |              |
|    ep_len_mean          | 720          |
|    ep_rew_mean          | 147          |
| time/                   |              |
|    fps                  | 95           |
|    iterations           | 85           |
|    time_elapsed         | 454          |
|    total_timesteps      | 43520        |
| train/                  |              |
|    approx_kl            | 0.0006454832 |
|    clip_fraction        | 0.0041       |
|    clip_range           | 0.2          |
|    entropy_loss         | -0.196       |
|    explained_variance   | 0.604        |
|    learning_rate        | 0.0003       |
|    loss                 | 2.84e+03     |
|    n_updates            | 840          |
|    policy_gradient_loss | -0.00215     |
|    value_loss           | 7.28e+03     |
------------------------------------------
-------------------------------------------
| rollout/                |               |
|    ep_len_mean          | 720           |
|    ep_rew_mean          | 120           |
| time/                   |               |
|    fps                  | 95            |
|    iterations           | 86            |
|    time_elapsed         | 460           |
|    total_timesteps      | 44032         |
| train/                  |               |
|    approx_kl            | 0.00031367896 |
|    clip_fraction        | 0.000195      |
|    clip_range           | 0.2           |
|    entropy_loss         | -0.23         |
|    explained_variance   | 0.689         |
|    learning_rate        | 0.0003        |
|    loss                 | 4.36e+03      |
|    n_updates            | 850           |
|    policy_gradient_loss | -0.00121      |
|    value_loss           | 1.2e+04       |
-------------------------------------------
------------------------------------------
| rollout/                |              |
|    ep_len_mean          | 720          |
|    ep_rew_mean          | 120          |
| time/                   |              |
|    fps                  | 95           |
|    iterations           | 87           |
|    time_elapsed         | 464          |
|    total_timesteps      | 44544        |
| train/                  |              |
|    approx_kl            | 0.0005197769 |
|    clip_fraction        | 0.00313      |
|    clip_range           | 0.2          |
|    entropy_loss         | -0.258       |
|    explained_variance   | 0.613        |
|    learning_rate        | 0.0003       |
|    loss                 | 1.28e+04     |
|    n_updates            | 860          |
|    policy_gradient_loss | -0.00157     |
|    value_loss           | 2.09e+04     |
------------------------------------------
------------------------------------------
| rollout/                |              |
|    ep_len_mean          | 720          |
|    ep_rew_mean          | 110          |
| time/                   |              |
|    fps                  | 95           |
|    iterations           | 88           |
|    time_elapsed         | 470          |
|    total_timesteps      | 45056        |
| train/                  |              |
|    approx_kl            | 0.0006983615 |
|    clip_fraction        | 0.00176      |
|    clip_range           | 0.2          |
|    entropy_loss         | -0.196       |
|    explained_variance   | 0.711        |
|    learning_rate        | 0.0003       |
|    loss                 | 4.29e+03     |
|    n_updates            | 870          |
|    policy_gradient_loss | -0.00152     |
|    value_loss           | 7.61e+03     |
------------------------------------------
-------------------------------------------
| rollout/                |               |
|    ep_len_mean          | 720           |
|    ep_rew_mean          | 105           |
| time/                   |               |
|    fps                  | 95            |
|    iterations           | 89            |
|    time_elapsed         | 476           |
|    total_timesteps      | 45568         |
| train/                  |               |
|    approx_kl            | 0.00035219928 |
|    clip_fraction        | 0.000586      |
|    clip_range           | 0.2           |
|    entropy_loss         | -0.263        |
|    explained_variance   | 0.653         |
|    learning_rate        | 0.0003        |
|    loss                 | 3.46e+03      |
|    n_updates            | 880           |
|    policy_gradient_loss | -0.00133      |
|    value_loss           | 7.31e+03      |
-------------------------------------------
------------------------------------------
| rollout/                |              |
|    ep_len_mean          | 720          |
|    ep_rew_mean          | 91           |
| time/                   |              |
|    fps                  | 95           |
|    iterations           | 90           |
|    time_elapsed         | 482          |
|    total_timesteps      | 46080        |
| train/                  |              |
|    approx_kl            | 0.0006458912 |
|    clip_fraction        | 0.00215      |
|    clip_range           | 0.2          |
|    entropy_loss         | -0.216       |
|    explained_variance   | 0.657        |
|    learning_rate        | 0.0003       |
|    loss                 | 6.39e+03     |
|    n_updates            | 890          |
|    policy_gradient_loss | -0.00238     |
|    value_loss           | 1.37e+04     |
------------------------------------------
-------------------------------------------
| rollout/                |               |
|    ep_len_mean          | 720           |
|    ep_rew_mean          | 91            |
| time/                   |               |
|    fps                  | 95            |
|    iterations           | 91            |
|    time_elapsed         | 487           |
|    total_timesteps      | 46592         |
| train/                  |               |
|    approx_kl            | 0.00022505535 |
|    clip_fraction        | 0.000391      |
|    clip_range           | 0.2           |
|    entropy_loss         | -0.246        |
|    explained_variance   | 0.184         |
|    learning_rate        | 0.0003        |
|    loss                 | 6.04e+03      |
|    n_updates            | 900           |
|    policy_gradient_loss | -0.00121      |
|    value_loss           | 1.36e+04      |
-------------------------------------------
-------------------------------------------
| rollout/                |               |
|    ep_len_mean          | 720           |
|    ep_rew_mean          | 82.2          |
| time/                   |               |
|    fps                  | 95            |
|    iterations           | 92            |
|    time_elapsed         | 493           |
|    total_timesteps      | 47104         |
| train/                  |               |
|    approx_kl            | 0.00037497262 |
|    clip_fraction        | 0.00156       |
|    clip_range           | 0.2           |
|    entropy_loss         | -0.229        |
|    explained_variance   | 0.655         |
|    learning_rate        | 0.0003        |
|    loss                 | 5.61e+03      |
|    n_updates            | 910           |
|    policy_gradient_loss | -0.00122      |
|    value_loss           | 1.13e+04      |
-------------------------------------------
------------------------------------------
| rollout/                |              |
|    ep_len_mean          | 720          |
|    ep_rew_mean          | 74           |
| time/                   |              |
|    fps                  | 95           |
|    iterations           | 93           |
|    time_elapsed         | 498          |
|    total_timesteps      | 47616        |
| train/                  |              |
|    approx_kl            | 0.0011225517 |
|    clip_fraction        | 0.00547      |
|    clip_range           | 0.2          |
|    entropy_loss         | -0.208       |
|    explained_variance   | 0.656        |
|    learning_rate        | 0.0003       |
|    loss                 | 6.52e+03     |
|    n_updates            | 920          |
|    policy_gradient_loss | -0.00264     |
|    value_loss           | 1.41e+04     |
------------------------------------------
-------------------------------------------
| rollout/                |               |
|    ep_len_mean          | 720           |
|    ep_rew_mean          | 74            |
| time/                   |               |
|    fps                  | 95            |
|    iterations           | 94            |
|    time_elapsed         | 503           |
|    total_timesteps      | 48128         |
| train/                  |               |
|    approx_kl            | 0.00016070165 |
|    clip_fraction        | 0             |
|    clip_range           | 0.2           |
|    entropy_loss         | -0.276        |
|    explained_variance   | 0.639         |
|    learning_rate        | 0.0003        |
|    loss                 | 1.24e+04      |
|    n_updates            | 930           |
|    policy_gradient_loss | -0.000632     |
|    value_loss           | 2.03e+04      |
-------------------------------------------
-------------------------------------------
| rollout/                |               |
|    ep_len_mean          | 720           |
|    ep_rew_mean          | 64.2          |
| time/                   |               |
|    fps                  | 95            |
|    iterations           | 95            |
|    time_elapsed         | 509           |
|    total_timesteps      | 48640         |
| train/                  |               |
|    approx_kl            | 0.00019350002 |
|    clip_fraction        | 0             |
|    clip_range           | 0.2           |
|    entropy_loss         | -0.246        |
|    explained_variance   | 0.673         |
|    learning_rate        | 0.0003        |
|    loss                 | 6.81e+03      |
|    n_updates            | 940           |
|    policy_gradient_loss | -0.000877     |
|    value_loss           | 1.34e+04      |
-------------------------------------------
-----------------------------------------
| rollout/                |             |
|    ep_len_mean          | 720         |
|    ep_rew_mean          | 65.1        |
| time/                   |             |
|    fps                  | 95          |
|    iterations           | 96          |
|    time_elapsed         | 513         |
|    total_timesteps      | 49152       |
| train/                  |             |
|    approx_kl            | 0.000388896 |
|    clip_fraction        | 0.00254     |
|    clip_range           | 0.2         |
|    entropy_loss         | -0.21       |
|    explained_variance   | 0.708       |
|    learning_rate        | 0.0003      |
|    loss                 | 5.55e+03    |
|    n_updates            | 950         |
|    policy_gradient_loss | -0.00128    |
|    value_loss           | 1.26e+04    |
-----------------------------------------
-------------------------------------------
| rollout/                |               |
|    ep_len_mean          | 720           |
|    ep_rew_mean          | 65.1          |
| time/                   |               |
|    fps                  | 95            |
|    iterations           | 97            |
|    time_elapsed         | 519           |
|    total_timesteps      | 49664         |
| train/                  |               |
|    approx_kl            | 0.00075645803 |
|    clip_fraction        | 0.00352       |
|    clip_range           | 0.2           |
|    entropy_loss         | -0.241        |
|    explained_variance   | 0.755         |
|    learning_rate        | 0.0003        |
|    loss                 | 4.11e+03      |
|    n_updates            | 960           |
|    policy_gradient_loss | -0.00218      |
|    value_loss           | 6.49e+03      |
-------------------------------------------
------------------------------------------
| rollout/                |              |
|    ep_len_mean          | 720          |
|    ep_rew_mean          | 20.2         |
| time/                   |              |
|    fps                  | 95           |
|    iterations           | 98           |
|    time_elapsed         | 524          |
|    total_timesteps      | 50176        |
| train/                  |              |
|    approx_kl            | 0.0005525271 |
|    clip_fraction        | 0.00352      |
|    clip_range           | 0.2          |
|    entropy_loss         | -0.265       |
|    explained_variance   | 0.325        |
|    learning_rate        | 0.0003       |
|    loss                 | 1.3e+04      |
|    n_updates            | 970          |
|    policy_gradient_loss | -0.00249     |
|    value_loss           | 2.88e+04     |
------------------------------------------
------------------------------------------
| rollout/                |              |
|    ep_len_mean          | 720          |
|    ep_rew_mean          | 22.9         |
| time/                   |              |
|    fps                  | 95           |
|    iterations           | 99           |
|    time_elapsed         | 530          |
|    total_timesteps      | 50688        |
| train/                  |              |
|    approx_kl            | 0.0005406705 |
|    clip_fraction        | 0.000977     |
|    clip_range           | 0.2          |
|    entropy_loss         | -0.245       |
|    explained_variance   | 0.676        |
|    learning_rate        | 0.0003       |
|    loss                 | 6.56e+03     |
|    n_updates            | 980          |
|    policy_gradient_loss | -0.00134     |
|    value_loss           | 1.36e+04     |
------------------------------------------
------------------------------------------
| rollout/                |              |
|    ep_len_mean          | 720          |
|    ep_rew_mean          | 25           |
| time/                   |              |
|    fps                  | 95           |
|    iterations           | 100          |
|    time_elapsed         | 536          |
|    total_timesteps      | 51200        |
| train/                  |              |
|    approx_kl            | 0.0007405626 |
|    clip_fraction        | 0.00449      |
|    clip_range           | 0.2          |
|    entropy_loss         | -0.216       |
|    explained_variance   | 0.759        |
|    learning_rate        | 0.0003       |
|    loss                 | 2.7e+03      |
|    n_updates            | 990          |
|    policy_gradient_loss | -0.00252     |
|    value_loss           | 5.62e+03     |
------------------------------------------
-------------------------------------------
| rollout/                |               |
|    ep_len_mean          | 720           |
|    ep_rew_mean          | 25            |
| time/                   |               |
|    fps                  | 95            |
|    iterations           | 101           |
|    time_elapsed         | 541           |
|    total_timesteps      | 51712         |
| train/                  |               |
|    approx_kl            | 0.00015626485 |
|    clip_fraction        | 0.000195      |
|    clip_range           | 0.2           |
|    entropy_loss         | -0.221        |
|    explained_variance   | 0.701         |
|    learning_rate        | 0.0003        |
|    loss                 | 2.95e+03      |
|    n_updates            | 1000          |
|    policy_gradient_loss | -0.000852     |
|    value_loss           | 7.12e+03      |
-------------------------------------------
-------------------------------------------
| rollout/                |               |
|    ep_len_mean          | 720           |
|    ep_rew_mean          | 41            |
| time/                   |               |
|    fps                  | 95            |
|    iterations           | 102           |
|    time_elapsed         | 547           |
|    total_timesteps      | 52224         |
| train/                  |               |
|    approx_kl            | 0.00023173631 |
|    clip_fraction        | 0.000391      |
|    clip_range           | 0.2           |
|    entropy_loss         | -0.245        |
|    explained_variance   | 0.684         |
|    learning_rate        | 0.0003        |
|    loss                 | 5.54e+03      |
|    n_updates            | 1010          |
|    policy_gradient_loss | -0.0011       |
|    value_loss           | 1.07e+04      |
-------------------------------------------
-------------------------------------------
| rollout/                |               |
|    ep_len_mean          | 720           |
|    ep_rew_mean          | 26.5          |
| time/                   |               |
|    fps                  | 95            |
|    iterations           | 103           |
|    time_elapsed         | 552           |
|    total_timesteps      | 52736         |
| train/                  |               |
|    approx_kl            | 0.00040074112 |
|    clip_fraction        | 0.00176       |
|    clip_range           | 0.2           |
|    entropy_loss         | -0.257        |
|    explained_variance   | 0.732         |
|    learning_rate        | 0.0003        |
|    loss                 | 3.98e+03      |
|    n_updates            | 1020          |
|    policy_gradient_loss | -0.00136      |
|    value_loss           | 8.44e+03      |
-------------------------------------------
------------------------------------------
| rollout/                |              |
|    ep_len_mean          | 720          |
|    ep_rew_mean          | 26.5         |
| time/                   |              |
|    fps                  | 95           |
|    iterations           | 104          |
|    time_elapsed         | 559          |
|    total_timesteps      | 53248        |
| train/                  |              |
|    approx_kl            | 0.0007309505 |
|    clip_fraction        | 0.00254      |
|    clip_range           | 0.2          |
|    entropy_loss         | -0.241       |
|    explained_variance   | 0.75         |
|    learning_rate        | 0.0003       |
|    loss                 | 4.52e+03     |
|    n_updates            | 1030         |
|    policy_gradient_loss | -0.00146     |
|    value_loss           | 7.45e+03     |
------------------------------------------
-------------------------------------------
| rollout/                |               |
|    ep_len_mean          | 720           |
|    ep_rew_mean          | 9             |
| time/                   |               |
|    fps                  | 95            |
|    iterations           | 105           |
|    time_elapsed         | 563           |
|    total_timesteps      | 53760         |
| train/                  |               |
|    approx_kl            | 0.00044713367 |
|    clip_fraction        | 0.00195       |
|    clip_range           | 0.2           |
|    entropy_loss         | -0.256        |
|    explained_variance   | 0.626         |
|    learning_rate        | 0.0003        |
|    loss                 | 5.82e+03      |
|    n_updates            | 1040          |
|    policy_gradient_loss | -0.00187      |
|    value_loss           | 1.42e+04      |
-------------------------------------------
-------------------------------------------
| rollout/                |               |
|    ep_len_mean          | 720           |
|    ep_rew_mean          | 15.8          |
| time/                   |               |
|    fps                  | 95            |
|    iterations           | 106           |
|    time_elapsed         | 569           |
|    total_timesteps      | 54272         |
| train/                  |               |
|    approx_kl            | 0.00037633147 |
|    clip_fraction        | 0.000195      |
|    clip_range           | 0.2           |
|    entropy_loss         | -0.216        |
|    explained_variance   | 0.667         |
|    learning_rate        | 0.0003        |
|    loss                 | 1.11e+04      |
|    n_updates            | 1050          |
|    policy_gradient_loss | -0.00114      |
|    value_loss           | 2.22e+04      |
-------------------------------------------
------------------------------------------
| rollout/                |              |
|    ep_len_mean          | 720          |
|    ep_rew_mean          | -11.4        |
| time/                   |              |
|    fps                  | 95           |
|    iterations           | 107          |
|    time_elapsed         | 574          |
|    total_timesteps      | 54784        |
| train/                  |              |
|    approx_kl            | 0.0007089955 |
|    clip_fraction        | 0.0041       |
|    clip_range           | 0.2          |
|    entropy_loss         | -0.246       |
|    explained_variance   | 0.717        |
|    learning_rate        | 0.0003       |
|    loss                 | 3.67e+03     |
|    n_updates            | 1060         |
|    policy_gradient_loss | -0.00279     |
|    value_loss           | 6.91e+03     |
------------------------------------------
-------------------------------------------
| rollout/                |               |
|    ep_len_mean          | 720           |
|    ep_rew_mean          | -11.4         |
| time/                   |               |
|    fps                  | 95            |
|    iterations           | 108           |
|    time_elapsed         | 579           |
|    total_timesteps      | 55296         |
| train/                  |               |
|    approx_kl            | 0.00023232875 |
|    clip_fraction        | 0.000586      |
|    clip_range           | 0.2           |
|    entropy_loss         | -0.29         |
|    explained_variance   | 0.702         |
|    learning_rate        | 0.0003        |
|    loss                 | 6.73e+03      |
|    n_updates            | 1070          |
|    policy_gradient_loss | -0.00115      |
|    value_loss           | 1.84e+04      |
-------------------------------------------
-------------------------------------------
| rollout/                |               |
|    ep_len_mean          | 720           |
|    ep_rew_mean          | -23.3         |
| time/                   |               |
|    fps                  | 95            |
|    iterations           | 109           |
|    time_elapsed         | 585           |
|    total_timesteps      | 55808         |
| train/                  |               |
|    approx_kl            | 0.00048779364 |
|    clip_fraction        | 0.00234       |
|    clip_range           | 0.2           |
|    entropy_loss         | -0.25         |
|    explained_variance   | 0.745         |
|    learning_rate        | 0.0003        |
|    loss                 | 4.94e+03      |
|    n_updates            | 1080          |
|    policy_gradient_loss | -0.00193      |
|    value_loss           | 1.18e+04      |
-------------------------------------------
------------------------------------------
| rollout/                |              |
|    ep_len_mean          | 720          |
|    ep_rew_mean          | -0.0087      |
| time/                   |              |
|    fps                  | 95           |
|    iterations           | 110          |
|    time_elapsed         | 591          |
|    total_timesteps      | 56320        |
| train/                  |              |
|    approx_kl            | 7.625786e-05 |
|    clip_fraction        | 0            |
|    clip_range           | 0.2          |
|    entropy_loss         | -0.222       |
|    explained_variance   | 0.734        |
|    learning_rate        | 0.0003       |
|    loss                 | 4.6e+03      |
|    n_updates            | 1090         |
|    policy_gradient_loss | -0.000194    |
|    value_loss           | 8.92e+03     |
------------------------------------------
------------------------------------------
| rollout/                |              |
|    ep_len_mean          | 720          |
|    ep_rew_mean          | -0.0087      |
| time/                   |              |
|    fps                  | 95           |
|    iterations           | 111          |
|    time_elapsed         | 597          |
|    total_timesteps      | 56832        |
| train/                  |              |
|    approx_kl            | 0.0004988923 |
|    clip_fraction        | 0.00117      |
|    clip_range           | 0.2          |
|    entropy_loss         | -0.25        |
|    explained_variance   | 0.71         |
|    learning_rate        | 0.0003       |
|    loss                 | 8.01e+03     |
|    n_updates            | 1100         |
|    policy_gradient_loss | -0.00125     |
|    value_loss           | 1.36e+04     |
------------------------------------------
------------------------------------------
| rollout/                |              |
|    ep_len_mean          | 720          |
|    ep_rew_mean          | 10.3         |
| time/                   |              |
|    fps                  | 95           |
|    iterations           | 112          |
|    time_elapsed         | 602          |
|    total_timesteps      | 57344        |
| train/                  |              |
|    approx_kl            | 0.0005439109 |
|    clip_fraction        | 0.00137      |
|    clip_range           | 0.2          |
|    entropy_loss         | -0.258       |
|    explained_variance   | 0.687        |
|    learning_rate        | 0.0003       |
|    loss                 | 3.56e+03     |
|    n_updates            | 1110         |
|    policy_gradient_loss | -0.00164     |
|    value_loss           | 7.88e+03     |
------------------------------------------
-------------------------------------------
| rollout/                |               |
|    ep_len_mean          | 720           |
|    ep_rew_mean          | 4.97          |
| time/                   |               |
|    fps                  | 95            |
|    iterations           | 113           |
|    time_elapsed         | 608           |
|    total_timesteps      | 57856         |
| train/                  |               |
|    approx_kl            | 0.00041477935 |
|    clip_fraction        | 0.000781      |
|    clip_range           | 0.2           |
|    entropy_loss         | -0.256        |
|    explained_variance   | 0.687         |
|    learning_rate        | 0.0003        |
|    loss                 | 4.46e+03      |
|    n_updates            | 1120          |
|    policy_gradient_loss | -0.00151      |
|    value_loss           | 1.11e+04      |
-------------------------------------------
------------------------------------------
| rollout/                |              |
|    ep_len_mean          | 720          |
|    ep_rew_mean          | 23.9         |
| time/                   |              |
|    fps                  | 95           |
|    iterations           | 114          |
|    time_elapsed         | 614          |
|    total_timesteps      | 58368        |
| train/                  |              |
|    approx_kl            | 0.0003284737 |
|    clip_fraction        | 0.000781     |
|    clip_range           | 0.2          |
|    entropy_loss         | -0.231       |
|    explained_variance   | 0.805        |
|    learning_rate        | 0.0003       |
|    loss                 | 2.83e+03     |
|    n_updates            | 1130         |
|    policy_gradient_loss | -0.00124     |
|    value_loss           | 5.29e+03     |
------------------------------------------
------------------------------------------
| rollout/                |              |
|    ep_len_mean          | 720          |
|    ep_rew_mean          | 23.9         |
| time/                   |              |
|    fps                  | 94           |
|    iterations           | 115          |
|    time_elapsed         | 620          |
|    total_timesteps      | 58880        |
| train/                  |              |
|    approx_kl            | 0.0002482694 |
|    clip_fraction        | 0.000586     |
|    clip_range           | 0.2          |
|    entropy_loss         | -0.254       |
|    explained_variance   | 0.492        |
|    learning_rate        | 0.0003       |
|    loss                 | 3.79e+03     |
|    n_updates            | 1140         |
|    policy_gradient_loss | -0.00109     |
|    value_loss           | 9.08e+03     |
------------------------------------------
------------------------------------------
| rollout/                |              |
|    ep_len_mean          | 720          |
|    ep_rew_mean          | 5.29         |
| time/                   |              |
|    fps                  | 94           |
|    iterations           | 116          |
|    time_elapsed         | 625          |
|    total_timesteps      | 59392        |
| train/                  |              |
|    approx_kl            | 0.0005107351 |
|    clip_fraction        | 0.00371      |
|    clip_range           | 0.2          |
|    entropy_loss         | -0.285       |
|    explained_variance   | 0.751        |
|    learning_rate        | 0.0003       |
|    loss                 | 7.47e+03     |
|    n_updates            | 1150         |
|    policy_gradient_loss | -0.0014      |
|    value_loss           | 1.17e+04     |
------------------------------------------
------------------------------------------
| rollout/                |              |
|    ep_len_mean          | 720          |
|    ep_rew_mean          | -8.74        |
| time/                   |              |
|    fps                  | 94           |
|    iterations           | 117          |
|    time_elapsed         | 630          |
|    total_timesteps      | 59904        |
| train/                  |              |
|    approx_kl            | 0.0003207983 |
|    clip_fraction        | 0            |
|    clip_range           | 0.2          |
|    entropy_loss         | -0.24        |
|    explained_variance   | 0.707        |
|    learning_rate        | 0.0003       |
|    loss                 | 4.63e+03     |
|    n_updates            | 1160         |
|    policy_gradient_loss | -0.00108     |
|    value_loss           | 9.41e+03     |
------------------------------------------
------------------------------------------
| rollout/                |              |
|    ep_len_mean          | 720          |
|    ep_rew_mean          | -8.74        |
| time/                   |              |
|    fps                  | 94           |
|    iterations           | 118          |
|    time_elapsed         | 637          |
|    total_timesteps      | 60416        |
| train/                  |              |
|    approx_kl            | 0.0010545331 |
|    clip_fraction        | 0.00547      |
|    clip_range           | 0.2          |
|    entropy_loss         | -0.266       |
|    explained_variance   | 0.723        |
|    learning_rate        | 0.0003       |
|    loss                 | 5.95e+03     |
|    n_updates            | 1170         |
|    policy_gradient_loss | -0.00254     |
|    value_loss           | 1.36e+04     |
------------------------------------------
-------------------------------------------
| rollout/                |               |
|    ep_len_mean          | 720           |
|    ep_rew_mean          | 2.74          |
| time/                   |               |
|    fps                  | 94            |
|    iterations           | 119           |
|    time_elapsed         | 642           |
|    total_timesteps      | 60928         |
| train/                  |               |
|    approx_kl            | 0.00032382802 |
|    clip_fraction        | 0.000391      |
|    clip_range           | 0.2           |
|    entropy_loss         | -0.24         |
|    explained_variance   | 0.633         |
|    learning_rate        | 0.0003        |
|    loss                 | 3.91e+03      |
|    n_updates            | 1180          |
|    policy_gradient_loss | -0.00117      |
|    value_loss           | 1.08e+04      |
-------------------------------------------
------------------------------------------
| rollout/                |              |
|    ep_len_mean          | 720          |
|    ep_rew_mean          | -2.1         |
| time/                   |              |
|    fps                  | 94           |
|    iterations           | 120          |
|    time_elapsed         | 649          |
|    total_timesteps      | 61440        |
| train/                  |              |
|    approx_kl            | 0.0016146803 |
|    clip_fraction        | 0.00703      |
|    clip_range           | 0.2          |
|    entropy_loss         | -0.321       |
|    explained_variance   | 0.744        |
|    learning_rate        | 0.0003       |
|    loss                 | 7.59e+03     |
|    n_updates            | 1190         |
|    policy_gradient_loss | -0.0026      |
|    value_loss           | 1.2e+04      |
------------------------------------------
------------------------------------------
| rollout/                |              |
|    ep_len_mean          | 720          |
|    ep_rew_mean          | 35.4         |
| time/                   |              |
|    fps                  | 94           |
|    iterations           | 121          |
|    time_elapsed         | 654          |
|    total_timesteps      | 61952        |
| train/                  |              |
|    approx_kl            | 0.0010680367 |
|    clip_fraction        | 0.00918      |
|    clip_range           | 0.2          |
|    entropy_loss         | -0.304       |
|    explained_variance   | 0.714        |
|    learning_rate        | 0.0003       |
|    loss                 | 8.56e+03     |
|    n_updates            | 1200         |
|    policy_gradient_loss | -0.00273     |
|    value_loss           | 1.89e+04     |
------------------------------------------
------------------------------------------
| rollout/                |              |
|    ep_len_mean          | 720          |
|    ep_rew_mean          | 35.4         |
| time/                   |              |
|    fps                  | 94           |
|    iterations           | 122          |
|    time_elapsed         | 659          |
|    total_timesteps      | 62464        |
| train/                  |              |
|    approx_kl            | 0.0018493353 |
|    clip_fraction        | 0.00469      |
|    clip_range           | 0.2          |
|    entropy_loss         | -0.37        |
|    explained_variance   | 0.536        |
|    learning_rate        | 0.0003       |
|    loss                 | 3.91e+03     |
|    n_updates            | 1210         |
|    policy_gradient_loss | -0.00554     |
|    value_loss           | 1.13e+04     |
------------------------------------------
-----------------------------------------
| rollout/                |             |
|    ep_len_mean          | 720         |
|    ep_rew_mean          | 29.9        |
| time/                   |             |
|    fps                  | 94          |
|    iterations           | 123         |
|    time_elapsed         | 664         |
|    total_timesteps      | 62976       |
| train/                  |             |
|    approx_kl            | 0.001364247 |
|    clip_fraction        | 0.0129      |
|    clip_range           | 0.2         |
|    entropy_loss         | -0.349      |
|    explained_variance   | 0.679       |
|    learning_rate        | 0.0003      |
|    loss                 | 6.88e+03    |
|    n_updates            | 1220        |
|    policy_gradient_loss | -0.00303    |
|    value_loss           | 1.2e+04     |
-----------------------------------------
------------------------------------------
| rollout/                |              |
|    ep_len_mean          | 720          |
|    ep_rew_mean          | 20.9         |
| time/                   |              |
|    fps                  | 94           |
|    iterations           | 124          |
|    time_elapsed         | 670          |
|    total_timesteps      | 63488        |
| train/                  |              |
|    approx_kl            | 0.0005289712 |
|    clip_fraction        | 0.00313      |
|    clip_range           | 0.2          |
|    entropy_loss         | -0.36        |
|    explained_variance   | 0.73         |
|    learning_rate        | 0.0003       |
|    loss                 | 5.41e+03     |
|    n_updates            | 1230         |
|    policy_gradient_loss | -0.00173     |
|    value_loss           | 1.22e+04     |
------------------------------------------
-------------------------------------------
| rollout/                |               |
|    ep_len_mean          | 720           |
|    ep_rew_mean          | 20.9          |
| time/                   |               |
|    fps                  | 94            |
|    iterations           | 125           |
|    time_elapsed         | 676           |
|    total_timesteps      | 64000         |
| train/                  |               |
|    approx_kl            | 0.00059198955 |
|    clip_fraction        | 0.00195       |
|    clip_range           | 0.2           |
|    entropy_loss         | -0.34         |
|    explained_variance   | 0.579         |
|    learning_rate        | 0.0003        |
|    loss                 | 2.41e+03      |
|    n_updates            | 1240          |
|    policy_gradient_loss | -0.00201      |
|    value_loss           | 7.96e+03      |
-------------------------------------------
------------------------------------------
| rollout/                |              |
|    ep_len_mean          | 720          |
|    ep_rew_mean          | 45.5         |
| time/                   |              |
|    fps                  | 94           |
|    iterations           | 126          |
|    time_elapsed         | 681          |
|    total_timesteps      | 64512        |
| train/                  |              |
|    approx_kl            | 0.0011879154 |
|    clip_fraction        | 0.00762      |
|    clip_range           | 0.2          |
|    entropy_loss         | -0.316       |
|    explained_variance   | 0.738        |
|    learning_rate        | 0.0003       |
|    loss                 | 4.01e+03     |
|    n_updates            | 1250         |
|    policy_gradient_loss | -0.00398     |
|    value_loss           | 1.11e+04     |
------------------------------------------
------------------------------------------
| rollout/                |              |
|    ep_len_mean          | 720          |
|    ep_rew_mean          | 43.4         |
| time/                   |              |
|    fps                  | 94           |
|    iterations           | 127          |
|    time_elapsed         | 686          |
|    total_timesteps      | 65024        |
| train/                  |              |
|    approx_kl            | 0.0008059139 |
|    clip_fraction        | 0.00156      |
|    clip_range           | 0.2          |
|    entropy_loss         | -0.365       |
|    explained_variance   | 0.774        |
|    learning_rate        | 0.0003       |
|    loss                 | 2.29e+03     |
|    n_updates            | 1260         |
|    policy_gradient_loss | -0.00183     |
|    value_loss           | 7.09e+03     |
------------------------------------------
------------------------------------------
| rollout/                |              |
|    ep_len_mean          | 720          |
|    ep_rew_mean          | 69.8         |
| time/                   |              |
|    fps                  | 94           |
|    iterations           | 128          |
|    time_elapsed         | 691          |
|    total_timesteps      | 65536        |
| train/                  |              |
|    approx_kl            | 0.0017062715 |
|    clip_fraction        | 0.0119       |
|    clip_range           | 0.2          |
|    entropy_loss         | -0.317       |
|    explained_variance   | 0.732        |
|    learning_rate        | 0.0003       |
|    loss                 | 4.7e+03      |
|    n_updates            | 1270         |
|    policy_gradient_loss | -0.00341     |
|    value_loss           | 1.14e+04     |
------------------------------------------
------------------------------------------
| rollout/                |              |
|    ep_len_mean          | 720          |
|    ep_rew_mean          | 69.8         |
| time/                   |              |
|    fps                  | 94           |
|    iterations           | 129          |
|    time_elapsed         | 696          |
|    total_timesteps      | 66048        |
| train/                  |              |
|    approx_kl            | 0.0016640218 |
|    clip_fraction        | 0.00742      |
|    clip_range           | 0.2          |
|    entropy_loss         | -0.333       |
|    explained_variance   | 0.735        |
|    learning_rate        | 0.0003       |
|    loss                 | 3.72e+03     |
|    n_updates            | 1280         |
|    policy_gradient_loss | -0.00319     |
|    value_loss           | 7.76e+03     |
------------------------------------------
------------------------------------------
| rollout/                |              |
|    ep_len_mean          | 720          |
|    ep_rew_mean          | 68.8         |
| time/                   |              |
|    fps                  | 94           |
|    iterations           | 130          |
|    time_elapsed         | 701          |
|    total_timesteps      | 66560        |
| train/                  |              |
|    approx_kl            | 0.0011067778 |
|    clip_fraction        | 0.00449      |
|    clip_range           | 0.2          |
|    entropy_loss         | -0.36        |
|    explained_variance   | 0.754        |
|    learning_rate        | 0.0003       |
|    loss                 | 4.53e+03     |
|    n_updates            | 1290         |
|    policy_gradient_loss | -0.00246     |
|    value_loss           | 1.08e+04     |
------------------------------------------
------------------------------------------
| rollout/                |              |
|    ep_len_mean          | 720          |
|    ep_rew_mean          | 98.1         |
| time/                   |              |
|    fps                  | 94           |
|    iterations           | 131          |
|    time_elapsed         | 708          |
|    total_timesteps      | 67072        |
| train/                  |              |
|    approx_kl            | 0.0009437952 |
|    clip_fraction        | 0.00859      |
|    clip_range           | 0.2          |
|    entropy_loss         | -0.315       |
|    explained_variance   | 0.609        |
|    learning_rate        | 0.0003       |
|    loss                 | 5.13e+03     |
|    n_updates            | 1300         |
|    policy_gradient_loss | -0.00248     |
|    value_loss           | 1.02e+04     |
------------------------------------------
------------------------------------------
| rollout/                |              |
|    ep_len_mean          | 720          |
|    ep_rew_mean          | 98.1         |
| time/                   |              |
|    fps                  | 94           |
|    iterations           | 132          |
|    time_elapsed         | 713          |
|    total_timesteps      | 67584        |
| train/                  |              |
|    approx_kl            | 0.0012408975 |
|    clip_fraction        | 0.00742      |
|    clip_range           | 0.2          |
|    entropy_loss         | -0.28        |
|    explained_variance   | 0.693        |
|    learning_rate        | 0.0003       |
|    loss                 | 4.71e+03     |
|    n_updates            | 1310         |
|    policy_gradient_loss | -0.00268     |
|    value_loss           | 1.04e+04     |
------------------------------------------
------------------------------------------
| rollout/                |              |
|    ep_len_mean          | 720          |
|    ep_rew_mean          | 114          |
| time/                   |              |
|    fps                  | 94           |
|    iterations           | 133          |
|    time_elapsed         | 719          |
|    total_timesteps      | 68096        |
| train/                  |              |
|    approx_kl            | 0.0004144497 |
|    clip_fraction        | 0.00117      |
|    clip_range           | 0.2          |
|    entropy_loss         | -0.321       |
|    explained_variance   | 0.7          |
|    learning_rate        | 0.0003       |
|    loss                 | 5.42e+03     |
|    n_updates            | 1320         |
|    policy_gradient_loss | -0.00141     |
|    value_loss           | 1.2e+04      |
------------------------------------------
------------------------------------------
| rollout/                |              |
|    ep_len_mean          | 720          |
|    ep_rew_mean          | 82.3         |
| time/                   |              |
|    fps                  | 94           |
|    iterations           | 134          |
|    time_elapsed         | 723          |
|    total_timesteps      | 68608        |
| train/                  |              |
|    approx_kl            | 0.0005650219 |
|    clip_fraction        | 0.000391     |
|    clip_range           | 0.2          |
|    entropy_loss         | -0.344       |
|    explained_variance   | 0.692        |
|    learning_rate        | 0.0003       |
|    loss                 | 2.34e+03     |
|    n_updates            | 1330         |
|    policy_gradient_loss | -0.0015      |
|    value_loss           | 6.02e+03     |
------------------------------------------
------------------------------------------
| rollout/                |              |
|    ep_len_mean          | 720          |
|    ep_rew_mean          | 86.2         |
| time/                   |              |
|    fps                  | 94           |
|    iterations           | 135          |
|    time_elapsed         | 729          |
|    total_timesteps      | 69120        |
| train/                  |              |
|    approx_kl            | 0.0035708165 |
|    clip_fraction        | 0.0287       |
|    clip_range           | 0.2          |
|    entropy_loss         | -0.402       |
|    explained_variance   | 0.791        |
|    learning_rate        | 0.0003       |
|    loss                 | 9.33e+03     |
|    n_updates            | 1340         |
|    policy_gradient_loss | -0.0088      |
|    value_loss           | 1.66e+04     |
------------------------------------------
-------------------------------------------
| rollout/                |               |
|    ep_len_mean          | 720           |
|    ep_rew_mean          | 86.2          |
| time/                   |               |
|    fps                  | 94            |
|    iterations           | 136           |
|    time_elapsed         | 734           |
|    total_timesteps      | 69632         |
| train/                  |               |
|    approx_kl            | 0.00075128546 |
|    clip_fraction        | 0.00215       |
|    clip_range           | 0.2           |
|    entropy_loss         | -0.361        |
|    explained_variance   | 0.776         |
|    learning_rate        | 0.0003        |
|    loss                 | 3.26e+03      |
|    n_updates            | 1350          |
|    policy_gradient_loss | -0.00149      |
|    value_loss           | 5.44e+03      |
-------------------------------------------
------------------------------------------
| rollout/                |              |
|    ep_len_mean          | 720          |
|    ep_rew_mean          | 95.8         |
| time/                   |              |
|    fps                  | 94           |
|    iterations           | 137          |
|    time_elapsed         | 740          |
|    total_timesteps      | 70144        |
| train/                  |              |
|    approx_kl            | 0.0011115612 |
|    clip_fraction        | 0.00488      |
|    clip_range           | 0.2          |
|    entropy_loss         | -0.361       |
|    explained_variance   | 0.754        |
|    learning_rate        | 0.0003       |
|    loss                 | 6.13e+03     |
|    n_updates            | 1360         |
|    policy_gradient_loss | -0.00236     |
|    value_loss           | 1.43e+04     |
------------------------------------------
------------------------------------------
| rollout/                |              |
|    ep_len_mean          | 720          |
|    ep_rew_mean          | 84.6         |
| time/                   |              |
|    fps                  | 94           |
|    iterations           | 138          |
|    time_elapsed         | 745          |
|    total_timesteps      | 70656        |
| train/                  |              |
|    approx_kl            | 0.0012163909 |
|    clip_fraction        | 0.0107       |
|    clip_range           | 0.2          |
|    entropy_loss         | -0.356       |
|    explained_variance   | 0.653        |
|    learning_rate        | 0.0003       |
|    loss                 | 1.92e+03     |
|    n_updates            | 1370         |
|    policy_gradient_loss | -0.00413     |
|    value_loss           | 3.85e+03     |
------------------------------------------
------------------------------------------
| rollout/                |              |
|    ep_len_mean          | 720          |
|    ep_rew_mean          | 84.6         |
| time/                   |              |
|    fps                  | 94           |
|    iterations           | 139          |
|    time_elapsed         | 750          |
|    total_timesteps      | 71168        |
| train/                  |              |
|    approx_kl            | 0.0014001188 |
|    clip_fraction        | 0.016        |
|    clip_range           | 0.2          |
|    entropy_loss         | -0.365       |
|    explained_variance   | 0.766        |
|    learning_rate        | 0.0003       |
|    loss                 | 5.06e+03     |
|    n_updates            | 1380         |
|    policy_gradient_loss | -0.00425     |
|    value_loss           | 1.22e+04     |
------------------------------------------
------------------------------------------
| rollout/                |              |
|    ep_len_mean          | 720          |
|    ep_rew_mean          | 113          |
| time/                   |              |
|    fps                  | 94           |
|    iterations           | 140          |
|    time_elapsed         | 755          |
|    total_timesteps      | 71680        |
| train/                  |              |
|    approx_kl            | 0.0020781518 |
|    clip_fraction        | 0.0143       |
|    clip_range           | 0.2          |
|    entropy_loss         | -0.218       |
|    explained_variance   | 0.297        |
|    learning_rate        | 0.0003       |
|    loss                 | 4e+03        |
|    n_updates            | 1390         |
|    policy_gradient_loss | -0.00388     |
|    value_loss           | 1.2e+04      |
------------------------------------------
-------------------------------------------
| rollout/                |               |
|    ep_len_mean          | 720           |
|    ep_rew_mean          | 142           |
| time/                   |               |
|    fps                  | 94            |
|    iterations           | 141           |
|    time_elapsed         | 761           |
|    total_timesteps      | 72192         |
| train/                  |               |
|    approx_kl            | 0.00040866385 |
|    clip_fraction        | 0.000195      |
|    clip_range           | 0.2           |
|    entropy_loss         | -0.324        |
|    explained_variance   | 0.159         |
|    learning_rate        | 0.0003        |
|    loss                 | 8.59e+03      |
|    n_updates            | 1400          |
|    policy_gradient_loss | -0.001        |
|    value_loss           | 2.18e+04      |
-------------------------------------------
------------------------------------------
| rollout/                |              |
|    ep_len_mean          | 720          |
|    ep_rew_mean          | 142          |
| time/                   |              |
|    fps                  | 94           |
|    iterations           | 142          |
|    time_elapsed         | 766          |
|    total_timesteps      | 72704        |
| train/                  |              |
|    approx_kl            | 0.0011199065 |
|    clip_fraction        | 0.00645      |
|    clip_range           | 0.2          |
|    entropy_loss         | -0.292       |
|    explained_variance   | 0.611        |
|    learning_rate        | 0.0003       |
|    loss                 | 6.2e+03      |
|    n_updates            | 1410         |
|    policy_gradient_loss | -0.00299     |
|    value_loss           | 1e+04        |
------------------------------------------
-------------------------------------------
| rollout/                |               |
|    ep_len_mean          | 720           |
|    ep_rew_mean          | 125           |
| time/                   |               |
|    fps                  | 94            |
|    iterations           | 143           |
|    time_elapsed         | 772           |
|    total_timesteps      | 73216         |
| train/                  |               |
|    approx_kl            | 0.00036818348 |
|    clip_fraction        | 0.000195      |
|    clip_range           | 0.2           |
|    entropy_loss         | -0.275        |
|    explained_variance   | 0.74          |
|    learning_rate        | 0.0003        |
|    loss                 | 3.81e+03      |
|    n_updates            | 1420          |
|    policy_gradient_loss | -0.00118      |
|    value_loss           | 7.32e+03      |
-------------------------------------------
-----------------------------------------
| rollout/                |             |
|    ep_len_mean          | 720         |
|    ep_rew_mean          | 114         |
| time/                   |             |
|    fps                  | 94          |
|    iterations           | 144         |
|    time_elapsed         | 777         |
|    total_timesteps      | 73728       |
| train/                  |             |
|    approx_kl            | 0.005091213 |
|    clip_fraction        | 0.0141      |
|    clip_range           | 0.2         |
|    entropy_loss         | -0.389      |
|    explained_variance   | 0.608       |
|    learning_rate        | 0.0003      |
|    loss                 | 1.19e+04    |
|    n_updates            | 1430        |
|    policy_gradient_loss | -0.00846    |
|    value_loss           | 2.04e+04    |
-----------------------------------------
-------------------------------------------
| rollout/                |               |
|    ep_len_mean          | 720           |
|    ep_rew_mean          | 94.4          |
| time/                   |               |
|    fps                  | 94            |
|    iterations           | 145           |
|    time_elapsed         | 783           |
|    total_timesteps      | 74240         |
| train/                  |               |
|    approx_kl            | 0.00036493858 |
|    clip_fraction        | 0.000391      |
|    clip_range           | 0.2           |
|    entropy_loss         | -0.3          |
|    explained_variance   | 0.352         |
|    learning_rate        | 0.0003        |
|    loss                 | 3.88e+03      |
|    n_updates            | 1440          |
|    policy_gradient_loss | -0.000946     |
|    value_loss           | 9.51e+03      |
-------------------------------------------
------------------------------------------
| rollout/                |              |
|    ep_len_mean          | 720          |
|    ep_rew_mean          | 94.4         |
| time/                   |              |
|    fps                  | 94           |
|    iterations           | 146          |
|    time_elapsed         | 788          |
|    total_timesteps      | 74752        |
| train/                  |              |
|    approx_kl            | 0.0008779465 |
|    clip_fraction        | 0.000977     |
|    clip_range           | 0.2          |
|    entropy_loss         | -0.27        |
|    explained_variance   | 0.707        |
|    learning_rate        | 0.0003       |
|    loss                 | 4.96e+03     |
|    n_updates            | 1450         |
|    policy_gradient_loss | -0.00235     |
|    value_loss           | 9.02e+03     |
------------------------------------------
------------------------------------------
| rollout/                |              |
|    ep_len_mean          | 720          |
|    ep_rew_mean          | 88.2         |
| time/                   |              |
|    fps                  | 94           |
|    iterations           | 147          |
|    time_elapsed         | 794          |
|    total_timesteps      | 75264        |
| train/                  |              |
|    approx_kl            | 0.0012410362 |
|    clip_fraction        | 0.00605      |
|    clip_range           | 0.2          |
|    entropy_loss         | -0.253       |
|    explained_variance   | 0.738        |
|    learning_rate        | 0.0003       |
|    loss                 | 2.25e+03     |
|    n_updates            | 1460         |
|    policy_gradient_loss | -0.00296     |
|    value_loss           | 5.38e+03     |
------------------------------------------
-------------------------------------------
| rollout/                |               |
|    ep_len_mean          | 720           |
|    ep_rew_mean          | 76.4          |
| time/                   |               |
|    fps                  | 94            |
|    iterations           | 148           |
|    time_elapsed         | 799           |
|    total_timesteps      | 75776         |
| train/                  |               |
|    approx_kl            | 0.00066287885 |
|    clip_fraction        | 0.00352       |
|    clip_range           | 0.2           |
|    entropy_loss         | -0.283        |
|    explained_variance   | 0.841         |
|    learning_rate        | 0.0003        |
|    loss                 | 3.66e+03      |
|    n_updates            | 1470          |
|    policy_gradient_loss | -0.00202      |
|    value_loss           | 5.35e+03      |
-------------------------------------------
------------------------------------------
| rollout/                |              |
|    ep_len_mean          | 720          |
|    ep_rew_mean          | 76.4         |
| time/                   |              |
|    fps                  | 94           |
|    iterations           | 149          |
|    time_elapsed         | 805          |
|    total_timesteps      | 76288        |
| train/                  |              |
|    approx_kl            | 0.0009577626 |
|    clip_fraction        | 0.00391      |
|    clip_range           | 0.2          |
|    entropy_loss         | -0.323       |
|    explained_variance   | 0.732        |
|    learning_rate        | 0.0003       |
|    loss                 | 1.01e+04     |
|    n_updates            | 1480         |
|    policy_gradient_loss | -0.00221     |
|    value_loss           | 1.88e+04     |
------------------------------------------
------------------------------------------
| rollout/                |              |
|    ep_len_mean          | 720          |
|    ep_rew_mean          | 64.9         |
| time/                   |              |
|    fps                  | 94           |
|    iterations           | 150          |
|    time_elapsed         | 810          |
|    total_timesteps      | 76800        |
| train/                  |              |
|    approx_kl            | 0.0008472132 |
|    clip_fraction        | 0.00254      |
|    clip_range           | 0.2          |
|    entropy_loss         | -0.262       |
|    explained_variance   | 0.842        |
|    learning_rate        | 0.0003       |
|    loss                 | 3.86e+03     |
|    n_updates            | 1490         |
|    policy_gradient_loss | -0.002       |
|    value_loss           | 7.29e+03     |
------------------------------------------
------------------------------------------
| rollout/                |              |
|    ep_len_mean          | 720          |
|    ep_rew_mean          | 65.8         |
| time/                   |              |
|    fps                  | 94           |
|    iterations           | 151          |
|    time_elapsed         | 815          |
|    total_timesteps      | 77312        |
| train/                  |              |
|    approx_kl            | 0.0009980181 |
|    clip_fraction        | 0.00488      |
|    clip_range           | 0.2          |
|    entropy_loss         | -0.266       |
|    explained_variance   | 0.857        |
|    learning_rate        | 0.0003       |
|    loss                 | 1.74e+03     |
|    n_updates            | 1500         |
|    policy_gradient_loss | -0.00241     |
|    value_loss           | 5.59e+03     |
------------------------------------------
-------------------------------------------
| rollout/                |               |
|    ep_len_mean          | 720           |
|    ep_rew_mean          | 66.5          |
| time/                   |               |
|    fps                  | 94            |
|    iterations           | 152           |
|    time_elapsed         | 822           |
|    total_timesteps      | 77824         |
| train/                  |               |
|    approx_kl            | 0.00093711255 |
|    clip_fraction        | 0.00703       |
|    clip_range           | 0.2           |
|    entropy_loss         | -0.28         |
|    explained_variance   | 0.731         |
|    learning_rate        | 0.0003        |
|    loss                 | 2.68e+03      |
|    n_updates            | 1510          |
|    policy_gradient_loss | -0.00249      |
|    value_loss           | 6.79e+03      |
-------------------------------------------
-------------------------------------------
| rollout/                |               |
|    ep_len_mean          | 720           |
|    ep_rew_mean          | 66.5          |
| time/                   |               |
|    fps                  | 94            |
|    iterations           | 153           |
|    time_elapsed         | 827           |
|    total_timesteps      | 78336         |
| train/                  |               |
|    approx_kl            | 0.00093594356 |
|    clip_fraction        | 0.0043        |
|    clip_range           | 0.2           |
|    entropy_loss         | -0.21         |
|    explained_variance   | 0.425         |
|    learning_rate        | 0.0003        |
|    loss                 | 5.68e+03      |
|    n_updates            | 1520          |
|    policy_gradient_loss | -0.00199      |
|    value_loss           | 1.15e+04      |
-------------------------------------------
------------------------------------------
| rollout/                |              |
|    ep_len_mean          | 720          |
|    ep_rew_mean          | 29           |
| time/                   |              |
|    fps                  | 94           |
|    iterations           | 154          |
|    time_elapsed         | 833          |
|    total_timesteps      | 78848        |
| train/                  |              |
|    approx_kl            | 0.0008106077 |
|    clip_fraction        | 0.00371      |
|    clip_range           | 0.2          |
|    entropy_loss         | -0.313       |
|    explained_variance   | 0.74         |
|    learning_rate        | 0.0003       |
|    loss                 | 5.45e+03     |
|    n_updates            | 1530         |
|    policy_gradient_loss | -0.00293     |
|    value_loss           | 1.12e+04     |
------------------------------------------
-------------------------------------------
| rollout/                |               |
|    ep_len_mean          | 720           |
|    ep_rew_mean          | 22.6          |
| time/                   |               |
|    fps                  | 94            |
|    iterations           | 155           |
|    time_elapsed         | 838           |
|    total_timesteps      | 79360         |
| train/                  |               |
|    approx_kl            | 0.00061096204 |
|    clip_fraction        | 0.00176       |
|    clip_range           | 0.2           |
|    entropy_loss         | -0.392        |
|    explained_variance   | 0.81          |
|    learning_rate        | 0.0003        |
|    loss                 | 3.38e+03      |
|    n_updates            | 1540          |
|    policy_gradient_loss | -0.00189      |
|    value_loss           | 6.4e+03       |
-------------------------------------------
------------------------------------------
| rollout/                |              |
|    ep_len_mean          | 720          |
|    ep_rew_mean          | 22.6         |
| time/                   |              |
|    fps                  | 94           |
|    iterations           | 156          |
|    time_elapsed         | 844          |
|    total_timesteps      | 79872        |
| train/                  |              |
|    approx_kl            | 0.0009012343 |
|    clip_fraction        | 0.00488      |
|    clip_range           | 0.2          |
|    entropy_loss         | -0.32        |
|    explained_variance   | 0.5          |
|    learning_rate        | 0.0003       |
|    loss                 | 4.39e+03     |
|    n_updates            | 1550         |
|    policy_gradient_loss | -0.00331     |
|    value_loss           | 7.72e+03     |
------------------------------------------
-------------------------------------------
| rollout/                |               |
|    ep_len_mean          | 720           |
|    ep_rew_mean          | 8.95          |
| time/                   |               |
|    fps                  | 94            |
|    iterations           | 157           |
|    time_elapsed         | 850           |
|    total_timesteps      | 80384         |
| train/                  |               |
|    approx_kl            | 0.00057929865 |
|    clip_fraction        | 0.00137       |
|    clip_range           | 0.2           |
|    entropy_loss         | -0.272        |
|    explained_variance   | 0.819         |
|    learning_rate        | 0.0003        |
|    loss                 | 3.01e+03      |
|    n_updates            | 1560          |
|    policy_gradient_loss | -0.00221      |
|    value_loss           | 7.99e+03      |
-------------------------------------------
------------------------------------------
| rollout/                |              |
|    ep_len_mean          | 720          |
|    ep_rew_mean          | 2.47         |
| time/                   |              |
|    fps                  | 94           |
|    iterations           | 158          |
|    time_elapsed         | 855          |
|    total_timesteps      | 80896        |
| train/                  |              |
|    approx_kl            | 0.0004591228 |
|    clip_fraction        | 0.00391      |
|    clip_range           | 0.2          |
|    entropy_loss         | -0.289       |
|    explained_variance   | 0.725        |
|    learning_rate        | 0.0003       |
|    loss                 | 9.58e+03     |
|    n_updates            | 1570         |
|    policy_gradient_loss | -0.00148     |
|    value_loss           | 1.55e+04     |
------------------------------------------
-------------------------------------------
| rollout/                |               |
|    ep_len_mean          | 720           |
|    ep_rew_mean          | 14.9          |
| time/                   |               |
|    fps                  | 94            |
|    iterations           | 159           |
|    time_elapsed         | 860           |
|    total_timesteps      | 81408         |
| train/                  |               |
|    approx_kl            | 0.00061085855 |
|    clip_fraction        | 0.00352       |
|    clip_range           | 0.2           |
|    entropy_loss         | -0.253        |
|    explained_variance   | 0.701         |
|    learning_rate        | 0.0003        |
|    loss                 | 5.85e+03      |
|    n_updates            | 1580          |
|    policy_gradient_loss | -0.00153      |
|    value_loss           | 1.18e+04      |
-------------------------------------------
------------------------------------------
| rollout/                |              |
|    ep_len_mean          | 720          |
|    ep_rew_mean          | 14.9         |
| time/                   |              |
|    fps                  | 94           |
|    iterations           | 160          |
|    time_elapsed         | 866          |
|    total_timesteps      | 81920        |
| train/                  |              |
|    approx_kl            | 0.0007679048 |
|    clip_fraction        | 0.00215      |
|    clip_range           | 0.2          |
|    entropy_loss         | -0.271       |
|    explained_variance   | 0.84         |
|    learning_rate        | 0.0003       |
|    loss                 | 2.95e+03     |
|    n_updates            | 1590         |
|    policy_gradient_loss | -0.00237     |
|    value_loss           | 7.3e+03      |
------------------------------------------
-------------------------------------------
| rollout/                |               |
|    ep_len_mean          | 720           |
|    ep_rew_mean          | 4.96          |
| time/                   |               |
|    fps                  | 94            |
|    iterations           | 161           |
|    time_elapsed         | 871           |
|    total_timesteps      | 82432         |
| train/                  |               |
|    approx_kl            | 0.00035118786 |
|    clip_fraction        | 0.00195       |
|    clip_range           | 0.2           |
|    entropy_loss         | -0.311        |
|    explained_variance   | 0.74          |
|    learning_rate        | 0.0003        |
|    loss                 | 5.17e+03      |
|    n_updates            | 1600          |
|    policy_gradient_loss | -0.00123      |
|    value_loss           | 1.15e+04      |
-------------------------------------------
-------------------------------------------
| rollout/                |               |
|    ep_len_mean          | 720           |
|    ep_rew_mean          | 2.97          |
| time/                   |               |
|    fps                  | 94            |
|    iterations           | 162           |
|    time_elapsed         | 876           |
|    total_timesteps      | 82944         |
| train/                  |               |
|    approx_kl            | 0.00017076307 |
|    clip_fraction        | 0.000391      |
|    clip_range           | 0.2           |
|    entropy_loss         | -0.291        |
|    explained_variance   | 0.666         |
|    learning_rate        | 0.0003        |
|    loss                 | 4.15e+03      |
|    n_updates            | 1610          |
|    policy_gradient_loss | -0.000743     |
|    value_loss           | 9.04e+03      |
-------------------------------------------
-----------------------------------------
| rollout/                |             |
|    ep_len_mean          | 720         |
|    ep_rew_mean          | 2.97        |
| time/                   |             |
|    fps                  | 94          |
|    iterations           | 163         |
|    time_elapsed         | 882         |
|    total_timesteps      | 83456       |
| train/                  |             |
|    approx_kl            | 0.000572036 |
|    clip_fraction        | 0.00215     |
|    clip_range           | 0.2         |
|    entropy_loss         | -0.242      |
|    explained_variance   | 0.497       |
|    learning_rate        | 0.0003      |
|    loss                 | 5.15e+03    |
|    n_updates            | 1620        |
|    policy_gradient_loss | -0.000968   |
|    value_loss           | 1.32e+04    |
-----------------------------------------
-------------------------------------------
| rollout/                |               |
|    ep_len_mean          | 720           |
|    ep_rew_mean          | 9.47          |
| time/                   |               |
|    fps                  | 94            |
|    iterations           | 164           |
|    time_elapsed         | 887           |
|    total_timesteps      | 83968         |
| train/                  |               |
|    approx_kl            | 0.00015993344 |
|    clip_fraction        | 0             |
|    clip_range           | 0.2           |
|    entropy_loss         | -0.244        |
|    explained_variance   | 0.729         |
|    learning_rate        | 0.0003        |
|    loss                 | 3.39e+03      |
|    n_updates            | 1630          |
|    policy_gradient_loss | -0.000711     |
|    value_loss           | 6.25e+03      |
-------------------------------------------
------------------------------------------
| rollout/                |              |
|    ep_len_mean          | 720          |
|    ep_rew_mean          | 44           |
| time/                   |              |
|    fps                  | 94           |
|    iterations           | 165          |
|    time_elapsed         | 891          |
|    total_timesteps      | 84480        |
| train/                  |              |
|    approx_kl            | 0.0006285525 |
|    clip_fraction        | 0.00508      |
|    clip_range           | 0.2          |
|    entropy_loss         | -0.252       |
|    explained_variance   | 0.676        |
|    learning_rate        | 0.0003       |
|    loss                 | 7.56e+03     |
|    n_updates            | 1640         |
|    policy_gradient_loss | -0.00206     |
|    value_loss           | 1.35e+04     |
------------------------------------------
------------------------------------------
| rollout/                |              |
|    ep_len_mean          | 720          |
|    ep_rew_mean          | 41.6         |
| time/                   |              |
|    fps                  | 94           |
|    iterations           | 166          |
|    time_elapsed         | 897          |
|    total_timesteps      | 84992        |
| train/                  |              |
|    approx_kl            | 0.0008592737 |
|    clip_fraction        | 0.00801      |
|    clip_range           | 0.2          |
|    entropy_loss         | -0.258       |
|    explained_variance   | 0.443        |
|    learning_rate        | 0.0003       |
|    loss                 | 5.5e+03      |
|    n_updates            | 1650         |
|    policy_gradient_loss | -0.00252     |
|    value_loss           | 1.19e+04     |
------------------------------------------
------------------------------------------
| rollout/                |              |
|    ep_len_mean          | 720          |
|    ep_rew_mean          | 41.6         |
| time/                   |              |
|    fps                  | 94           |
|    iterations           | 167          |
|    time_elapsed         | 903          |
|    total_timesteps      | 85504        |
| train/                  |              |
|    approx_kl            | 0.0009386637 |
|    clip_fraction        | 0.00566      |
|    clip_range           | 0.2          |
|    entropy_loss         | -0.289       |
|    explained_variance   | 0.707        |
|    learning_rate        | 0.0003       |
|    loss                 | 2.85e+03     |
|    n_updates            | 1660         |
|    policy_gradient_loss | -0.00322     |
|    value_loss           | 4.75e+03     |
------------------------------------------
-------------------------------------------
| rollout/                |               |
|    ep_len_mean          | 720           |
|    ep_rew_mean          | 77            |
| time/                   |               |
|    fps                  | 94            |
|    iterations           | 168           |
|    time_elapsed         | 909           |
|    total_timesteps      | 86016         |
| train/                  |               |
|    approx_kl            | 0.00034738012 |
|    clip_fraction        | 0.000586      |
|    clip_range           | 0.2           |
|    entropy_loss         | -0.301        |
|    explained_variance   | 0.127         |
|    learning_rate        | 0.0003        |
|    loss                 | 9.88e+03      |
|    n_updates            | 1670          |
|    policy_gradient_loss | -0.000669     |
|    value_loss           | 1.91e+04      |
-------------------------------------------
------------------------------------------
| rollout/                |              |
|    ep_len_mean          | 720          |
|    ep_rew_mean          | 113          |
| time/                   |              |
|    fps                  | 94           |
|    iterations           | 169          |
|    time_elapsed         | 913          |
|    total_timesteps      | 86528        |
| train/                  |              |
|    approx_kl            | 0.0008898679 |
|    clip_fraction        | 0.00645      |
|    clip_range           | 0.2          |
|    entropy_loss         | -0.31        |
|    explained_variance   | 0.216        |
|    learning_rate        | 0.0003       |
|    loss                 | 1.55e+04     |
|    n_updates            | 1680         |
|    policy_gradient_loss | -0.00343     |
|    value_loss           | 2.76e+04     |
------------------------------------------
------------------------------------------
| rollout/                |              |
|    ep_len_mean          | 720          |
|    ep_rew_mean          | 113          |
| time/                   |              |
|    fps                  | 94           |
|    iterations           | 170          |
|    time_elapsed         | 919          |
|    total_timesteps      | 87040        |
| train/                  |              |
|    approx_kl            | 0.0010969782 |
|    clip_fraction        | 0.00781      |
|    clip_range           | 0.2          |
|    entropy_loss         | -0.217       |
|    explained_variance   | 0.39         |
|    learning_rate        | 0.0003       |
|    loss                 | 9.18e+03     |
|    n_updates            | 1690         |
|    policy_gradient_loss | -0.00268     |
|    value_loss           | 1.68e+04     |
------------------------------------------
-------------------------------------------
| rollout/                |               |
|    ep_len_mean          | 720           |
|    ep_rew_mean          | 125           |
| time/                   |               |
|    fps                  | 94            |
|    iterations           | 171           |
|    time_elapsed         | 924           |
|    total_timesteps      | 87552         |
| train/                  |               |
|    approx_kl            | 0.00039662255 |
|    clip_fraction        | 0.000391      |
|    clip_range           | 0.2           |
|    entropy_loss         | -0.29         |
|    explained_variance   | 0.623         |
|    learning_rate        | 0.0003        |
|    loss                 | 4.46e+03      |
|    n_updates            | 1700          |
|    policy_gradient_loss | -0.00156      |
|    value_loss           | 1.48e+04      |
-------------------------------------------
------------------------------------------
| rollout/                |              |
|    ep_len_mean          | 720          |
|    ep_rew_mean          | 111          |
| time/                   |              |
|    fps                  | 94           |
|    iterations           | 172          |
|    time_elapsed         | 930          |
|    total_timesteps      | 88064        |
| train/                  |              |
|    approx_kl            | 0.0006197627 |
|    clip_fraction        | 0.00137      |
|    clip_range           | 0.2          |
|    entropy_loss         | -0.224       |
|    explained_variance   | 0.705        |
|    learning_rate        | 0.0003       |
|    loss                 | 2.4e+03      |
|    n_updates            | 1710         |
|    policy_gradient_loss | -0.00178     |
|    value_loss           | 5.92e+03     |
------------------------------------------
-------------------------------------------
| rollout/                |               |
|    ep_len_mean          | 720           |
|    ep_rew_mean          | 123           |
| time/                   |               |
|    fps                  | 94            |
|    iterations           | 173           |
|    time_elapsed         | 935           |
|    total_timesteps      | 88576         |
| train/                  |               |
|    approx_kl            | 0.00038325146 |
|    clip_fraction        | 0.000586      |
|    clip_range           | 0.2           |
|    entropy_loss         | -0.31         |
|    explained_variance   | 0.782         |
|    learning_rate        | 0.0003        |
|    loss                 | 9.37e+03      |
|    n_updates            | 1720          |
|    policy_gradient_loss | -0.00192      |
|    value_loss           | 1.86e+04      |
-------------------------------------------
------------------------------------------
| rollout/                |              |
|    ep_len_mean          | 720          |
|    ep_rew_mean          | 123          |
| time/                   |              |
|    fps                  | 94           |
|    iterations           | 174          |
|    time_elapsed         | 940          |
|    total_timesteps      | 89088        |
| train/                  |              |
|    approx_kl            | 0.0001516719 |
|    clip_fraction        | 0.000195     |
|    clip_range           | 0.2          |
|    entropy_loss         | -0.353       |
|    explained_variance   | 0.801        |
|    learning_rate        | 0.0003       |
|    loss                 | 5.12e+03     |
|    n_updates            | 1730         |
|    policy_gradient_loss | -0.00138     |
|    value_loss           | 1.31e+04     |
------------------------------------------
----------------------------------------
| rollout/                |            |
|    ep_len_mean          | 720        |
|    ep_rew_mean          | 116        |
| time/                   |            |
|    fps                  | 94         |
|    iterations           | 175        |
|    time_elapsed         | 946        |
|    total_timesteps      | 89600      |
| train/                  |            |
|    approx_kl            | 0.00175927 |
|    clip_fraction        | 0.00488    |
|    clip_range           | 0.2        |
|    entropy_loss         | -0.32      |
|    explained_variance   | 0.478      |
|    learning_rate        | 0.0003     |
|    loss                 | 7.6e+03    |
|    n_updates            | 1740       |
|    policy_gradient_loss | -0.0031    |
|    value_loss           | 1.72e+04   |
----------------------------------------
-------------------------------------------
| rollout/                |               |
|    ep_len_mean          | 720           |
|    ep_rew_mean          | 141           |
| time/                   |               |
|    fps                  | 94            |
|    iterations           | 176           |
|    time_elapsed         | 951           |
|    total_timesteps      | 90112         |
| train/                  |               |
|    approx_kl            | 0.00030727492 |
|    clip_fraction        | 0.000781      |
|    clip_range           | 0.2           |
|    entropy_loss         | -0.283        |
|    explained_variance   | 0.81          |
|    learning_rate        | 0.0003        |
|    loss                 | 4.82e+03      |
|    n_updates            | 1750          |
|    policy_gradient_loss | -0.000575     |
|    value_loss           | 7.83e+03      |
-------------------------------------------
------------------------------------------
| rollout/                |              |
|    ep_len_mean          | 720          |
|    ep_rew_mean          | 141          |
| time/                   |              |
|    fps                  | 94           |
|    iterations           | 177          |
|    time_elapsed         | 956          |
|    total_timesteps      | 90624        |
| train/                  |              |
|    approx_kl            | 0.0005553493 |
|    clip_fraction        | 0.00117      |
|    clip_range           | 0.2          |
|    entropy_loss         | -0.304       |
|    explained_variance   | 0.629        |
|    learning_rate        | 0.0003       |
|    loss                 | 4.09e+03     |
|    n_updates            | 1760         |
|    policy_gradient_loss | -0.0018      |
|    value_loss           | 1.1e+04      |
------------------------------------------
-------------------------------------------
| rollout/                |               |
|    ep_len_mean          | 720           |
|    ep_rew_mean          | 151           |
| time/                   |               |
|    fps                  | 94            |
|    iterations           | 178           |
|    time_elapsed         | 962           |
|    total_timesteps      | 91136         |
| train/                  |               |
|    approx_kl            | 0.00034874858 |
|    clip_fraction        | 0.000391      |
|    clip_range           | 0.2           |
|    entropy_loss         | -0.276        |
|    explained_variance   | 0.823         |
|    learning_rate        | 0.0003        |
|    loss                 | 3.79e+03      |
|    n_updates            | 1770          |
|    policy_gradient_loss | -0.00102      |
|    value_loss           | 1.07e+04      |
-------------------------------------------
-------------------------------------------
| rollout/                |               |
|    ep_len_mean          | 720           |
|    ep_rew_mean          | 191           |
| time/                   |               |
|    fps                  | 94            |
|    iterations           | 179           |
|    time_elapsed         | 967           |
|    total_timesteps      | 91648         |
| train/                  |               |
|    approx_kl            | 0.00057087943 |
|    clip_fraction        | 0.00117       |
|    clip_range           | 0.2           |
|    entropy_loss         | -0.318        |
|    explained_variance   | 0.73          |
|    learning_rate        | 0.0003        |
|    loss                 | 6.48e+03      |
|    n_updates            | 1780          |
|    policy_gradient_loss | -0.00177      |
|    value_loss           | 1.35e+04      |
-------------------------------------------
-----------------------------------------
| rollout/                |             |
|    ep_len_mean          | 720         |
|    ep_rew_mean          | 215         |
| time/                   |             |
|    fps                  | 94          |
|    iterations           | 180         |
|    time_elapsed         | 973         |
|    total_timesteps      | 92160       |
| train/                  |             |
|    approx_kl            | 0.001435935 |
|    clip_fraction        | 0.00937     |
|    clip_range           | 0.2         |
|    entropy_loss         | -0.329      |
|    explained_variance   | 0.47        |
|    learning_rate        | 0.0003      |
|    loss                 | 4.4e+03     |
|    n_updates            | 1790        |
|    policy_gradient_loss | -0.0024     |
|    value_loss           | 8.52e+03    |
-----------------------------------------
------------------------------------------
| rollout/                |              |
|    ep_len_mean          | 720          |
|    ep_rew_mean          | 215          |
| time/                   |              |
|    fps                  | 94           |
|    iterations           | 181          |
|    time_elapsed         | 978          |
|    total_timesteps      | 92672        |
| train/                  |              |
|    approx_kl            | 0.0007206269 |
|    clip_fraction        | 0.00215      |
|    clip_range           | 0.2          |
|    entropy_loss         | -0.343       |
|    explained_variance   | 0.706        |
|    learning_rate        | 0.0003       |
|    loss                 | 1.75e+03     |
|    n_updates            | 1800         |
|    policy_gradient_loss | -0.00195     |
|    value_loss           | 4.65e+03     |
------------------------------------------
-------------------------------------------
| rollout/                |               |
|    ep_len_mean          | 720           |
|    ep_rew_mean          | 239           |
| time/                   |               |
|    fps                  | 94            |
|    iterations           | 182           |
|    time_elapsed         | 983           |
|    total_timesteps      | 93184         |
| train/                  |               |
|    approx_kl            | 0.00092671847 |
|    clip_fraction        | 0.00469       |
|    clip_range           | 0.2           |
|    entropy_loss         | -0.303        |
|    explained_variance   | 0.481         |
|    learning_rate        | 0.0003        |
|    loss                 | 1.27e+04      |
|    n_updates            | 1810          |
|    policy_gradient_loss | -0.00167      |
|    value_loss           | 2.76e+04      |
-------------------------------------------
-------------------------------------------
| rollout/                |               |
|    ep_len_mean          | 720           |
|    ep_rew_mean          | 266           |
| time/                   |               |
|    fps                  | 94            |
|    iterations           | 183           |
|    time_elapsed         | 989           |
|    total_timesteps      | 93696         |
| train/                  |               |
|    approx_kl            | 0.00024077883 |
|    clip_fraction        | 0.000391      |
|    clip_range           | 0.2           |
|    entropy_loss         | -0.299        |
|    explained_variance   | 0.875         |
|    learning_rate        | 0.0003        |
|    loss                 | 1.58e+03      |
|    n_updates            | 1820          |
|    policy_gradient_loss | -0.00134      |
|    value_loss           | 4.23e+03      |
-------------------------------------------
-----------------------------------------
| rollout/                |             |
|    ep_len_mean          | 720         |
|    ep_rew_mean          | 266         |
| time/                   |             |
|    fps                  | 94          |
|    iterations           | 184         |
|    time_elapsed         | 994         |
|    total_timesteps      | 94208       |
| train/                  |             |
|    approx_kl            | 0.000455946 |
|    clip_fraction        | 0           |
|    clip_range           | 0.2         |
|    entropy_loss         | -0.282      |
|    explained_variance   | 0.65        |
|    learning_rate        | 0.0003      |
|    loss                 | 7.4e+03     |
|    n_updates            | 1830        |
|    policy_gradient_loss | -0.000966   |
|    value_loss           | 1.66e+04    |
-----------------------------------------
------------------------------------------
| rollout/                |              |
|    ep_len_mean          | 720          |
|    ep_rew_mean          | 308          |
| time/                   |              |
|    fps                  | 94           |
|    iterations           | 185          |
|    time_elapsed         | 999          |
|    total_timesteps      | 94720        |
| train/                  |              |
|    approx_kl            | 0.0019286464 |
|    clip_fraction        | 0.0113       |
|    clip_range           | 0.2          |
|    entropy_loss         | -0.305       |
|    explained_variance   | 0.679        |
|    learning_rate        | 0.0003       |
|    loss                 | 8.13e+03     |
|    n_updates            | 1840         |
|    policy_gradient_loss | -0.00559     |
|    value_loss           | 1.61e+04     |
------------------------------------------
------------------------------------------
| rollout/                |              |
|    ep_len_mean          | 720          |
|    ep_rew_mean          | 327          |
| time/                   |              |
|    fps                  | 94           |
|    iterations           | 186          |
|    time_elapsed         | 1004         |
|    total_timesteps      | 95232        |
| train/                  |              |
|    approx_kl            | 0.0008599958 |
|    clip_fraction        | 0.00469      |
|    clip_range           | 0.2          |
|    entropy_loss         | -0.28        |
|    explained_variance   | 0.565        |
|    learning_rate        | 0.0003       |
|    loss                 | 3.73e+03     |
|    n_updates            | 1850         |
|    policy_gradient_loss | -0.0027      |
|    value_loss           | 8.07e+03     |
------------------------------------------
-------------------------------------------
| rollout/                |               |
|    ep_len_mean          | 720           |
|    ep_rew_mean          | 327           |
| time/                   |               |
|    fps                  | 94            |
|    iterations           | 187           |
|    time_elapsed         | 1010          |
|    total_timesteps      | 95744         |
| train/                  |               |
|    approx_kl            | 0.00025363517 |
|    clip_fraction        | 0             |
|    clip_range           | 0.2           |
|    entropy_loss         | -0.287        |
|    explained_variance   | 0.744         |
|    learning_rate        | 0.0003        |
|    loss                 | 1.35e+03      |
|    n_updates            | 1860          |
|    policy_gradient_loss | -0.000916     |
|    value_loss           | 5.16e+03      |
-------------------------------------------
------------------------------------------
| rollout/                |              |
|    ep_len_mean          | 720          |
|    ep_rew_mean          | 358          |
| time/                   |              |
|    fps                  | 94           |
|    iterations           | 188          |
|    time_elapsed         | 1015         |
|    total_timesteps      | 96256        |
| train/                  |              |
|    approx_kl            | 0.0006346599 |
|    clip_fraction        | 0.000977     |
|    clip_range           | 0.2          |
|    entropy_loss         | -0.297       |
|    explained_variance   | 0.513        |
|    learning_rate        | 0.0003       |
|    loss                 | 5.34e+03     |
|    n_updates            | 1870         |
|    policy_gradient_loss | -0.00199     |
|    value_loss           | 1.37e+04     |
------------------------------------------
------------------------------------------
| rollout/                |              |
|    ep_len_mean          | 720          |
|    ep_rew_mean          | 419          |
| time/                   |              |
|    fps                  | 94           |
|    iterations           | 189          |
|    time_elapsed         | 1020         |
|    total_timesteps      | 96768        |
| train/                  |              |
|    approx_kl            | 0.0012368361 |
|    clip_fraction        | 0.00547      |
|    clip_range           | 0.2          |
|    entropy_loss         | -0.269       |
|    explained_variance   | 0.235        |
|    learning_rate        | 0.0003       |
|    loss                 | 7.13e+03     |
|    n_updates            | 1880         |
|    policy_gradient_loss | -0.00241     |
|    value_loss           | 1.67e+04     |
------------------------------------------
-------------------------------------------
| rollout/                |               |
|    ep_len_mean          | 720           |
|    ep_rew_mean          | 432           |
| time/                   |               |
|    fps                  | 94            |
|    iterations           | 190           |
|    time_elapsed         | 1026          |
|    total_timesteps      | 97280         |
| train/                  |               |
|    approx_kl            | 8.9743255e-05 |
|    clip_fraction        | 0             |
|    clip_range           | 0.2           |
|    entropy_loss         | -0.28         |
|    explained_variance   | 0.665         |
|    learning_rate        | 0.0003        |
|    loss                 | 6.45e+03      |
|    n_updates            | 1890          |
|    policy_gradient_loss | -0.000475     |
|    value_loss           | 1.86e+04      |
-------------------------------------------
------------------------------------------
| rollout/                |              |
|    ep_len_mean          | 720          |
|    ep_rew_mean          | 432          |
| time/                   |              |
|    fps                  | 94           |
|    iterations           | 191          |
|    time_elapsed         | 1031         |
|    total_timesteps      | 97792        |
| train/                  |              |
|    approx_kl            | 0.0002772204 |
|    clip_fraction        | 0            |
|    clip_range           | 0.2          |
|    entropy_loss         | -0.28        |
|    explained_variance   | 0.747        |
|    learning_rate        | 0.0003       |
|    loss                 | 7.35e+03     |
|    n_updates            | 1900         |
|    policy_gradient_loss | -0.00081     |
|    value_loss           | 1.54e+04     |
------------------------------------------
------------------------------------------
| rollout/                |              |
|    ep_len_mean          | 720          |
|    ep_rew_mean          | 482          |
| time/                   |              |
|    fps                  | 94           |
|    iterations           | 192          |
|    time_elapsed         | 1037         |
|    total_timesteps      | 98304        |
| train/                  |              |
|    approx_kl            | 0.0015836586 |
|    clip_fraction        | 0.00957      |
|    clip_range           | 0.2          |
|    entropy_loss         | -0.292       |
|    explained_variance   | 0.0856       |
|    learning_rate        | 0.0003       |
|    loss                 | 6.55e+03     |
|    n_updates            | 1910         |
|    policy_gradient_loss | -0.00343     |
|    value_loss           | 1.37e+04     |
------------------------------------------
------------------------------------------
| rollout/                |              |
|    ep_len_mean          | 720          |
|    ep_rew_mean          | 523          |
| time/                   |              |
|    fps                  | 94           |
|    iterations           | 193          |
|    time_elapsed         | 1042         |
|    total_timesteps      | 98816        |
| train/                  |              |
|    approx_kl            | 0.0019598082 |
|    clip_fraction        | 0.00977      |
|    clip_range           | 0.2          |
|    entropy_loss         | -0.382       |
|    explained_variance   | 0.654        |
|    learning_rate        | 0.0003       |
|    loss                 | 5.61e+03     |
|    n_updates            | 1920         |
|    policy_gradient_loss | -0.00384     |
|    value_loss           | 1.41e+04     |
------------------------------------------
------------------------------------------
| rollout/                |              |
|    ep_len_mean          | 720          |
|    ep_rew_mean          | 523          |
| time/                   |              |
|    fps                  | 94           |
|    iterations           | 194          |
|    time_elapsed         | 1048         |
|    total_timesteps      | 99328        |
| train/                  |              |
|    approx_kl            | 0.0021558315 |
|    clip_fraction        | 0.00937      |
|    clip_range           | 0.2          |
|    entropy_loss         | -0.367       |
|    explained_variance   | 0.258        |
|    learning_rate        | 0.0003       |
|    loss                 | 8.85e+03     |
|    n_updates            | 1930         |
|    policy_gradient_loss | -0.00384     |
|    value_loss           | 1.72e+04     |
------------------------------------------
-----------------------------------------
| rollout/                |             |
|    ep_len_mean          | 720         |
|    ep_rew_mean          | 557         |
| time/                   |             |
|    fps                  | 94          |
|    iterations           | 195         |
|    time_elapsed         | 1053        |
|    total_timesteps      | 99840       |
| train/                  |             |
|    approx_kl            | 0.001386767 |
|    clip_fraction        | 0.00762     |
|    clip_range           | 0.2         |
|    entropy_loss         | -0.338      |
|    explained_variance   | 0.47        |
|    learning_rate        | 0.0003      |
|    loss                 | 9.18e+03    |
|    n_updates            | 1940        |
|    policy_gradient_loss | -0.0041     |
|    value_loss           | 2e+04       |
-----------------------------------------
-------------------------------------------
| rollout/                |               |
|    ep_len_mean          | 720           |
|    ep_rew_mean          | 566           |
| time/                   |               |
|    fps                  | 94            |
|    iterations           | 196           |
|    time_elapsed         | 1059          |
|    total_timesteps      | 100352        |
| train/                  |               |
|    approx_kl            | 0.00024312604 |
|    clip_fraction        | 0.000195      |
|    clip_range           | 0.2           |
|    entropy_loss         | -0.31         |
|    explained_variance   | 0.641         |
|    learning_rate        | 0.0003        |
|    loss                 | 5.34e+03      |
|    n_updates            | 1950          |
|    policy_gradient_loss | -0.000863     |
|    value_loss           | 1.14e+04      |
-------------------------------------------
-------------------------------------------
| rollout/                |               |
|    ep_len_mean          | 720           |
|    ep_rew_mean          | 569           |
| time/                   |               |
|    fps                  | 94            |
|    iterations           | 197           |
|    time_elapsed         | 1064          |
|    total_timesteps      | 100864        |
| train/                  |               |
|    approx_kl            | 0.00085520674 |
|    clip_fraction        | 0.00332       |
|    clip_range           | 0.2           |
|    entropy_loss         | -0.368        |
|    explained_variance   | 0.596         |
|    learning_rate        | 0.0003        |
|    loss                 | 2.4e+03       |
|    n_updates            | 1960          |
|    policy_gradient_loss | -0.00214      |
|    value_loss           | 4.38e+03      |
-------------------------------------------
------------------------------------------
| rollout/                |              |
|    ep_len_mean          | 720          |
|    ep_rew_mean          | 569          |
| time/                   |              |
|    fps                  | 94           |
|    iterations           | 198          |
|    time_elapsed         | 1070         |
|    total_timesteps      | 101376       |
| train/                  |              |
|    approx_kl            | 0.0010027842 |
|    clip_fraction        | 0.00234      |
|    clip_range           | 0.2          |
|    entropy_loss         | -0.286       |
|    explained_variance   | 0.535        |
|    learning_rate        | 0.0003       |
|    loss                 | 3.31e+03     |
|    n_updates            | 1970         |
|    policy_gradient_loss | -0.00242     |
|    value_loss           | 7.57e+03     |
------------------------------------------
-------------------------------------------
| rollout/                |               |
|    ep_len_mean          | 720           |
|    ep_rew_mean          | 594           |
| time/                   |               |
|    fps                  | 94            |
|    iterations           | 199           |
|    time_elapsed         | 1075          |
|    total_timesteps      | 101888        |
| train/                  |               |
|    approx_kl            | 0.00017210434 |
|    clip_fraction        | 0             |
|    clip_range           | 0.2           |
|    entropy_loss         | -0.37         |
|    explained_variance   | 0.735         |
|    learning_rate        | 0.0003        |
|    loss                 | 3.73e+03      |
|    n_updates            | 1980          |
|    policy_gradient_loss | -0.000626     |
|    value_loss           | 9.12e+03      |
-------------------------------------------
------------------------------------------
| rollout/                |              |
|    ep_len_mean          | 720          |
|    ep_rew_mean          | 638          |
| time/                   |              |
|    fps                  | 94           |
|    iterations           | 200          |
|    time_elapsed         | 1081         |
|    total_timesteps      | 102400       |
| train/                  |              |
|    approx_kl            | 0.0002917218 |
|    clip_fraction        | 0            |
|    clip_range           | 0.2          |
|    entropy_loss         | -0.381       |
|    explained_variance   | 0.786        |
|    learning_rate        | 0.0003       |
|    loss                 | 3.51e+03     |
|    n_updates            | 1990         |
|    policy_gradient_loss | -0.00103     |
|    value_loss           | 8.83e+03     |
------------------------------------------
-------------------------------------------
| rollout/                |               |
|    ep_len_mean          | 720           |
|    ep_rew_mean          | 638           |
| time/                   |               |
|    fps                  | 94            |
|    iterations           | 201           |
|    time_elapsed         | 1086          |
|    total_timesteps      | 102912        |
| train/                  |               |
|    approx_kl            | 0.00028574647 |
|    clip_fraction        | 0             |
|    clip_range           | 0.2           |
|    entropy_loss         | -0.362        |
|    explained_variance   | 0.655         |
|    learning_rate        | 0.0003        |
|    loss                 | 2.94e+03      |
|    n_updates            | 2000          |
|    policy_gradient_loss | -0.00108      |
|    value_loss           | 5.99e+03      |
-------------------------------------------
-------------------------------------------
| rollout/                |               |
|    ep_len_mean          | 720           |
|    ep_rew_mean          | 670           |
| time/                   |               |
|    fps                  | 94            |
|    iterations           | 202           |
|    time_elapsed         | 1091          |
|    total_timesteps      | 103424        |
| train/                  |               |
|    approx_kl            | 7.3317395e-05 |
|    clip_fraction        | 0             |
|    clip_range           | 0.2           |
|    entropy_loss         | -0.287        |
|    explained_variance   | 0.724         |
|    learning_rate        | 0.0003        |
|    loss                 | 6.63e+03      |
|    n_updates            | 2010          |
|    policy_gradient_loss | -0.000386     |
|    value_loss           | 1.64e+04      |
-------------------------------------------
------------------------------------------
| rollout/                |              |
|    ep_len_mean          | 720          |
|    ep_rew_mean          | 691          |
| time/                   |              |
|    fps                  | 94           |
|    iterations           | 203          |
|    time_elapsed         | 1098         |
|    total_timesteps      | 103936       |
| train/                  |              |
|    approx_kl            | 0.0014480103 |
|    clip_fraction        | 0.00879      |
|    clip_range           | 0.2          |
|    entropy_loss         | -0.298       |
|    explained_variance   | 0.5          |
|    learning_rate        | 0.0003       |
|    loss                 | 4.65e+03     |
|    n_updates            | 2020         |
|    policy_gradient_loss | -0.00253     |
|    value_loss           | 1.11e+04     |
------------------------------------------
-------------------------------------------
| rollout/                |               |
|    ep_len_mean          | 720           |
|    ep_rew_mean          | 697           |
| time/                   |               |
|    fps                  | 94            |
|    iterations           | 204           |
|    time_elapsed         | 1102          |
|    total_timesteps      | 104448        |
| train/                  |               |
|    approx_kl            | 0.00022464005 |
|    clip_fraction        | 0             |
|    clip_range           | 0.2           |
|    entropy_loss         | -0.299        |
|    explained_variance   | 0.787         |
|    learning_rate        | 0.0003        |
|    loss                 | 2.13e+03      |
|    n_updates            | 2030          |
|    policy_gradient_loss | -0.000837     |
|    value_loss           | 6.36e+03      |
-------------------------------------------
-------------------------------------------
| rollout/                |               |
|    ep_len_mean          | 720           |
|    ep_rew_mean          | 697           |
| time/                   |               |
|    fps                  | 94            |
|    iterations           | 205           |
|    time_elapsed         | 1108          |
|    total_timesteps      | 104960        |
| train/                  |               |
|    approx_kl            | 0.00033105112 |
|    clip_fraction        | 0             |
|    clip_range           | 0.2           |
|    entropy_loss         | -0.383        |
|    explained_variance   | 0.8           |
|    learning_rate        | 0.0003        |
|    loss                 | 5.43e+03      |
|    n_updates            | 2040          |
|    policy_gradient_loss | -0.00105      |
|    value_loss           | 1.26e+04      |
-------------------------------------------
-------------------------------------------
| rollout/                |               |
|    ep_len_mean          | 720           |
|    ep_rew_mean          | 694           |
| time/                   |               |
|    fps                  | 94            |
|    iterations           | 206           |
|    time_elapsed         | 1114          |
|    total_timesteps      | 105472        |
| train/                  |               |
|    approx_kl            | 0.00032315322 |
|    clip_fraction        | 0.000195      |
|    clip_range           | 0.2           |
|    entropy_loss         | -0.352        |
|    explained_variance   | 0.811         |
|    learning_rate        | 0.0003        |
|    loss                 | 4.32e+03      |
|    n_updates            | 2050          |
|    policy_gradient_loss | -0.00156      |
|    value_loss           | 1.03e+04      |
-------------------------------------------
-------------------------------------------
| rollout/                |               |
|    ep_len_mean          | 720           |
|    ep_rew_mean          | 708           |
| time/                   |               |
|    fps                  | 94            |
|    iterations           | 207           |
|    time_elapsed         | 1119          |
|    total_timesteps      | 105984        |
| train/                  |               |
|    approx_kl            | 0.00036783592 |
|    clip_fraction        | 0             |
|    clip_range           | 0.2           |
|    entropy_loss         | -0.286        |
|    explained_variance   | 0.814         |
|    learning_rate        | 0.0003        |
|    loss                 | 1.77e+03      |
|    n_updates            | 2060          |
|    policy_gradient_loss | -0.00144      |
|    value_loss           | 7.23e+03      |
-------------------------------------------
-------------------------------------------
| rollout/                |               |
|    ep_len_mean          | 720           |
|    ep_rew_mean          | 708           |
| time/                   |               |
|    fps                  | 94            |
|    iterations           | 208           |
|    time_elapsed         | 1124          |
|    total_timesteps      | 106496        |
| train/                  |               |
|    approx_kl            | 0.00043510908 |
|    clip_fraction        | 0             |
|    clip_range           | 0.2           |
|    entropy_loss         | -0.306        |
|    explained_variance   | 0.708         |
|    learning_rate        | 0.0003        |
|    loss                 | 1.76e+03      |
|    n_updates            | 2070          |
|    policy_gradient_loss | -0.00202      |
|    value_loss           | 6.16e+03      |
-------------------------------------------
------------------------------------------
| rollout/                |              |
|    ep_len_mean          | 720          |
|    ep_rew_mean          | 748          |
| time/                   |              |
|    fps                  | 94           |
|    iterations           | 209          |
|    time_elapsed         | 1129         |
|    total_timesteps      | 107008       |
| train/                  |              |
|    approx_kl            | 0.0005763831 |
|    clip_fraction        | 0.00156      |
|    clip_range           | 0.2          |
|    entropy_loss         | -0.285       |
|    explained_variance   | 0.781        |
|    learning_rate        | 0.0003       |
|    loss                 | 3.6e+03      |
|    n_updates            | 2080         |
|    policy_gradient_loss | -0.00147     |
|    value_loss           | 8.09e+03     |
------------------------------------------
------------------------------------------
| rollout/                |              |
|    ep_len_mean          | 720          |
|    ep_rew_mean          | 791          |
| time/                   |              |
|    fps                  | 94           |
|    iterations           | 210          |
|    time_elapsed         | 1134         |
|    total_timesteps      | 107520       |
| train/                  |              |
|    approx_kl            | 0.0008292798 |
|    clip_fraction        | 0.00254      |
|    clip_range           | 0.2          |
|    entropy_loss         | -0.326       |
|    explained_variance   | 0.763        |
|    learning_rate        | 0.0003       |
|    loss                 | 2.36e+03     |
|    n_updates            | 2090         |
|    policy_gradient_loss | -0.00213     |
|    value_loss           | 6.21e+03     |
------------------------------------------
------------------------------------------
| rollout/                |              |
|    ep_len_mean          | 720          |
|    ep_rew_mean          | 820          |
| time/                   |              |
|    fps                  | 94           |
|    iterations           | 211          |
|    time_elapsed         | 1140         |
|    total_timesteps      | 108032       |
| train/                  |              |
|    approx_kl            | 0.0011447497 |
|    clip_fraction        | 0.00391      |
|    clip_range           | 0.2          |
|    entropy_loss         | -0.356       |
|    explained_variance   | 0.841        |
|    learning_rate        | 0.0003       |
|    loss                 | 3.66e+03     |
|    n_updates            | 2100         |
|    policy_gradient_loss | -0.00275     |
|    value_loss           | 8.47e+03     |
------------------------------------------
-------------------------------------------
| rollout/                |               |
|    ep_len_mean          | 720           |
|    ep_rew_mean          | 820           |
| time/                   |               |
|    fps                  | 94            |
|    iterations           | 212           |
|    time_elapsed         | 1145          |
|    total_timesteps      | 108544        |
| train/                  |               |
|    approx_kl            | 0.00060257886 |
|    clip_fraction        | 0.000781      |
|    clip_range           | 0.2           |
|    entropy_loss         | -0.39         |
|    explained_variance   | 0.723         |
|    learning_rate        | 0.0003        |
|    loss                 | 3.14e+03      |
|    n_updates            | 2110          |
|    policy_gradient_loss | -0.00119      |
|    value_loss           | 6.45e+03      |
-------------------------------------------
-------------------------------------------
| rollout/                |               |
|    ep_len_mean          | 720           |
|    ep_rew_mean          | 831           |
| time/                   |               |
|    fps                  | 94            |
|    iterations           | 213           |
|    time_elapsed         | 1150          |
|    total_timesteps      | 109056        |
| train/                  |               |
|    approx_kl            | 0.00034818717 |
|    clip_fraction        | 0.000781      |
|    clip_range           | 0.2           |
|    entropy_loss         | -0.357        |
|    explained_variance   | 0.755         |
|    learning_rate        | 0.0003        |
|    loss                 | 2.47e+03      |
|    n_updates            | 2120          |
|    policy_gradient_loss | -0.00117      |
|    value_loss           | 7.11e+03      |
-------------------------------------------
-------------------------------------------
| rollout/                |               |
|    ep_len_mean          | 720           |
|    ep_rew_mean          | 866           |
| time/                   |               |
|    fps                  | 94            |
|    iterations           | 214           |
|    time_elapsed         | 1155          |
|    total_timesteps      | 109568        |
| train/                  |               |
|    approx_kl            | 0.00016850366 |
|    clip_fraction        | 0             |
|    clip_range           | 0.2           |
|    entropy_loss         | -0.326        |
|    explained_variance   | 0.788         |
|    learning_rate        | 0.0003        |
|    loss                 | 2.17e+03      |
|    n_updates            | 2130          |
|    policy_gradient_loss | -0.000879     |
|    value_loss           | 5.33e+03      |
-------------------------------------------
------------------------------------------
| rollout/                |              |
|    ep_len_mean          | 720          |
|    ep_rew_mean          | 866          |
| time/                   |              |
|    fps                  | 94           |
|    iterations           | 215          |
|    time_elapsed         | 1161         |
|    total_timesteps      | 110080       |
| train/                  |              |
|    approx_kl            | 0.0004143568 |
|    clip_fraction        | 0            |
|    clip_range           | 0.2          |
|    entropy_loss         | -0.334       |
|    explained_variance   | 0.786        |
|    learning_rate        | 0.0003       |
|    loss                 | 5.1e+03      |
|    n_updates            | 2140         |
|    policy_gradient_loss | -0.00162     |
|    value_loss           | 1.04e+04     |
------------------------------------------
-------------------------------------------
| rollout/                |               |
|    ep_len_mean          | 720           |
|    ep_rew_mean          | 876           |
| time/                   |               |
|    fps                  | 94            |
|    iterations           | 216           |
|    time_elapsed         | 1166          |
|    total_timesteps      | 110592        |
| train/                  |               |
|    approx_kl            | 0.00019396187 |
|    clip_fraction        | 0             |
|    clip_range           | 0.2           |
|    entropy_loss         | -0.314        |
|    explained_variance   | 0.812         |
|    learning_rate        | 0.0003        |
|    loss                 | 3.96e+03      |
|    n_updates            | 2150          |
|    policy_gradient_loss | -0.00102      |
|    value_loss           | 8.78e+03      |
-------------------------------------------
-------------------------------------------
| rollout/                |               |
|    ep_len_mean          | 720           |
|    ep_rew_mean          | 910           |
| time/                   |               |
|    fps                  | 94            |
|    iterations           | 217           |
|    time_elapsed         | 1171          |
|    total_timesteps      | 111104        |
| train/                  |               |
|    approx_kl            | 0.00039782305 |
|    clip_fraction        | 0.000977      |
|    clip_range           | 0.2           |
|    entropy_loss         | -0.37         |
|    explained_variance   | 0.739         |
|    learning_rate        | 0.0003        |
|    loss                 | 2.95e+03      |
|    n_updates            | 2160          |
|    policy_gradient_loss | -0.00175      |
|    value_loss           | 6.47e+03      |
-------------------------------------------
-------------------------------------------
| rollout/                |               |
|    ep_len_mean          | 720           |
|    ep_rew_mean          | 940           |
| time/                   |               |
|    fps                  | 94            |
|    iterations           | 218           |
|    time_elapsed         | 1176          |
|    total_timesteps      | 111616        |
| train/                  |               |
|    approx_kl            | 0.00044176605 |
|    clip_fraction        | 0.000586      |
|    clip_range           | 0.2           |
|    entropy_loss         | -0.352        |
|    explained_variance   | 0.786         |
|    learning_rate        | 0.0003        |
|    loss                 | 5.46e+03      |
|    n_updates            | 2170          |
|    policy_gradient_loss | -0.00126      |
|    value_loss           | 1.63e+04      |
-------------------------------------------
-------------------------------------------
| rollout/                |               |
|    ep_len_mean          | 720           |
|    ep_rew_mean          | 940           |
| time/                   |               |
|    fps                  | 94            |
|    iterations           | 219           |
|    time_elapsed         | 1182          |
|    total_timesteps      | 112128        |
| train/                  |               |
|    approx_kl            | 0.00041308667 |
|    clip_fraction        | 0             |
|    clip_range           | 0.2           |
|    entropy_loss         | -0.323        |
|    explained_variance   | 0.802         |
|    learning_rate        | 0.0003        |
|    loss                 | 6.47e+03      |
|    n_updates            | 2180          |
|    policy_gradient_loss | -0.00117      |
|    value_loss           | 1.61e+04      |
-------------------------------------------
-------------------------------------------
| rollout/                |               |
|    ep_len_mean          | 720           |
|    ep_rew_mean          | 949           |
| time/                   |               |
|    fps                  | 94            |
|    iterations           | 220           |
|    time_elapsed         | 1187          |
|    total_timesteps      | 112640        |
| train/                  |               |
|    approx_kl            | 7.5615775e-05 |
|    clip_fraction        | 0             |
|    clip_range           | 0.2           |
|    entropy_loss         | -0.304        |
|    explained_variance   | 0.645         |
|    learning_rate        | 0.0003        |
|    loss                 | 6.61e+03      |
|    n_updates            | 2190          |
|    policy_gradient_loss | -0.000508     |
|    value_loss           | 1.43e+04      |
-------------------------------------------
-------------------------------------------
| rollout/                |               |
|    ep_len_mean          | 720           |
|    ep_rew_mean          | 1e+03         |
| time/                   |               |
|    fps                  | 94            |
|    iterations           | 221           |
|    time_elapsed         | 1192          |
|    total_timesteps      | 113152        |
| train/                  |               |
|    approx_kl            | 0.00023452991 |
|    clip_fraction        | 0             |
|    clip_range           | 0.2           |
|    entropy_loss         | -0.342        |
|    explained_variance   | 0.715         |
|    learning_rate        | 0.0003        |
|    loss                 | 5.81e+03      |
|    n_updates            | 2200          |
|    policy_gradient_loss | -0.000798     |
|    value_loss           | 1.03e+04      |
-------------------------------------------
-----------------------------------------
| rollout/                |             |
|    ep_len_mean          | 720         |
|    ep_rew_mean          | 1e+03       |
| time/                   |             |
|    fps                  | 94          |
|    iterations           | 222         |
|    time_elapsed         | 1197        |
|    total_timesteps      | 113664      |
| train/                  |             |
|    approx_kl            | 0.011510802 |
|    clip_fraction        | 0.032       |
|    clip_range           | 0.2         |
|    entropy_loss         | -0.351      |
|    explained_variance   | 0.00377     |
|    learning_rate        | 0.0003      |
|    loss                 | 1.05e+04    |
|    n_updates            | 2210        |
|    policy_gradient_loss | -0.0106     |
|    value_loss           | 1.92e+04    |
-----------------------------------------
-------------------------------------------
| rollout/                |               |
|    ep_len_mean          | 720           |
|    ep_rew_mean          | 1.05e+03      |
| time/                   |               |
|    fps                  | 94            |
|    iterations           | 223           |
|    time_elapsed         | 1202          |
|    total_timesteps      | 114176        |
| train/                  |               |
|    approx_kl            | 4.9646136e-05 |
|    clip_fraction        | 0             |
|    clip_range           | 0.2           |
|    entropy_loss         | -0.318        |
|    explained_variance   | 0.511         |
|    learning_rate        | 0.0003        |
|    loss                 | 5.77e+03      |
|    n_updates            | 2220          |
|    policy_gradient_loss | -0.000244     |
|    value_loss           | 1.54e+04      |
-------------------------------------------
-----------------------------------------
| rollout/                |             |
|    ep_len_mean          | 720         |
|    ep_rew_mean          | 1.07e+03    |
| time/                   |             |
|    fps                  | 94          |
|    iterations           | 224         |
|    time_elapsed         | 1208        |
|    total_timesteps      | 114688      |
| train/                  |             |
|    approx_kl            | 0.001842314 |
|    clip_fraction        | 0.0174      |
|    clip_range           | 0.2         |
|    entropy_loss         | -0.332      |
|    explained_variance   | 0.377       |
|    learning_rate        | 0.0003      |
|    loss                 | 5.39e+03    |
|    n_updates            | 2230        |
|    policy_gradient_loss | -0.0036     |
|    value_loss           | 1.06e+04    |
-----------------------------------------
------------------------------------------
| rollout/                |              |
|    ep_len_mean          | 720          |
|    ep_rew_mean          | 1.06e+03     |
| time/                   |              |
|    fps                  | 94           |
|    iterations           | 225          |
|    time_elapsed         | 1213         |
|    total_timesteps      | 115200       |
| train/                  |              |
|    approx_kl            | 0.0013742876 |
|    clip_fraction        | 0.0084       |
|    clip_range           | 0.2          |
|    entropy_loss         | -0.313       |
|    explained_variance   | 0.608        |
|    learning_rate        | 0.0003       |
|    loss                 | 3.61e+03     |
|    n_updates            | 2240         |
|    policy_gradient_loss | -0.00398     |
|    value_loss           | 7.33e+03     |
------------------------------------------
-------------------------------------------
| rollout/                |               |
|    ep_len_mean          | 720           |
|    ep_rew_mean          | 1.06e+03      |
| time/                   |               |
|    fps                  | 94            |
|    iterations           | 226           |
|    time_elapsed         | 1219          |
|    total_timesteps      | 115712        |
| train/                  |               |
|    approx_kl            | 0.00055561954 |
|    clip_fraction        | 0             |
|    clip_range           | 0.2           |
|    entropy_loss         | -0.375        |
|    explained_variance   | 0.8           |
|    learning_rate        | 0.0003        |
|    loss                 | 2.1e+03       |
|    n_updates            | 2250          |
|    policy_gradient_loss | -0.0018       |
|    value_loss           | 7.92e+03      |
-------------------------------------------
-------------------------------------------
| rollout/                |               |
|    ep_len_mean          | 720           |
|    ep_rew_mean          | 1.09e+03      |
| time/                   |               |
|    fps                  | 94            |
|    iterations           | 227           |
|    time_elapsed         | 1224          |
|    total_timesteps      | 116224        |
| train/                  |               |
|    approx_kl            | 0.00038892275 |
|    clip_fraction        | 0.00117       |
|    clip_range           | 0.2           |
|    entropy_loss         | -0.37         |
|    explained_variance   | 0.743         |
|    learning_rate        | 0.0003        |
|    loss                 | 2.1e+03       |
|    n_updates            | 2260          |
|    policy_gradient_loss | -0.00131      |
|    value_loss           | 7.5e+03       |
-------------------------------------------
------------------------------------------
| rollout/                |              |
|    ep_len_mean          | 720          |
|    ep_rew_mean          | 1.1e+03      |
| time/                   |              |
|    fps                  | 94           |
|    iterations           | 228          |
|    time_elapsed         | 1230         |
|    total_timesteps      | 116736       |
| train/                  |              |
|    approx_kl            | 0.0008594451 |
|    clip_fraction        | 0.00195      |
|    clip_range           | 0.2          |
|    entropy_loss         | -0.416       |
|    explained_variance   | 0.762        |
|    learning_rate        | 0.0003       |
|    loss                 | 2.16e+03     |
|    n_updates            | 2270         |
|    policy_gradient_loss | -0.00263     |
|    value_loss           | 6.06e+03     |
------------------------------------------
-----------------------------------------
| rollout/                |             |
|    ep_len_mean          | 720         |
|    ep_rew_mean          | 1.1e+03     |
| time/                   |             |
|    fps                  | 94          |
|    iterations           | 229         |
|    time_elapsed         | 1235        |
|    total_timesteps      | 117248      |
| train/                  |             |
|    approx_kl            | 0.000329513 |
|    clip_fraction        | 0.000586    |
|    clip_range           | 0.2         |
|    entropy_loss         | -0.447      |
|    explained_variance   | 0.768       |
|    learning_rate        | 0.0003      |
|    loss                 | 1.62e+03    |
|    n_updates            | 2280        |
|    policy_gradient_loss | -0.00103    |
|    value_loss           | 4.33e+03    |
-----------------------------------------
-------------------------------------------
| rollout/                |               |
|    ep_len_mean          | 720           |
|    ep_rew_mean          | 1.12e+03      |
| time/                   |               |
|    fps                  | 94            |
|    iterations           | 230           |
|    time_elapsed         | 1240          |
|    total_timesteps      | 117760        |
| train/                  |               |
|    approx_kl            | 0.00048913644 |
|    clip_fraction        | 0.000586      |
|    clip_range           | 0.2           |
|    entropy_loss         | -0.408        |
|    explained_variance   | 0.833         |
|    learning_rate        | 0.0003        |
|    loss                 | 1.23e+03      |
|    n_updates            | 2290          |
|    policy_gradient_loss | -0.00145      |
|    value_loss           | 4.89e+03      |
-------------------------------------------
------------------------------------------
| rollout/                |              |
|    ep_len_mean          | 720          |
|    ep_rew_mean          | 1.15e+03     |
| time/                   |              |
|    fps                  | 94           |
|    iterations           | 231          |
|    time_elapsed         | 1245         |
|    total_timesteps      | 118272       |
| train/                  |              |
|    approx_kl            | 0.0014479527 |
|    clip_fraction        | 0.00703      |
|    clip_range           | 0.2          |
|    entropy_loss         | -0.391       |
|    explained_variance   | 0.399        |
|    learning_rate        | 0.0003       |
|    loss                 | 7.65e+03     |
|    n_updates            | 2300         |
|    policy_gradient_loss | -0.00311     |
|    value_loss           | 1.26e+04     |
------------------------------------------
-----------------------------------------
| rollout/                |             |
|    ep_len_mean          | 720         |
|    ep_rew_mean          | 1.15e+03    |
| time/                   |             |
|    fps                  | 94          |
|    iterations           | 232         |
|    time_elapsed         | 1250        |
|    total_timesteps      | 118784      |
| train/                  |             |
|    approx_kl            | 0.002719878 |
|    clip_fraction        | 0.00996     |
|    clip_range           | 0.2         |
|    entropy_loss         | -0.438      |
|    explained_variance   | 0.543       |
|    learning_rate        | 0.0003      |
|    loss                 | 1.7e+03     |
|    n_updates            | 2310        |
|    policy_gradient_loss | -0.00622    |
|    value_loss           | 3.95e+03    |
-----------------------------------------
------------------------------------------
| rollout/                |              |
|    ep_len_mean          | 720          |
|    ep_rew_mean          | 1.15e+03     |
| time/                   |              |
|    fps                  | 94           |
|    iterations           | 233          |
|    time_elapsed         | 1255         |
|    total_timesteps      | 119296       |
| train/                  |              |
|    approx_kl            | 0.0004945395 |
|    clip_fraction        | 0            |
|    clip_range           | 0.2          |
|    entropy_loss         | -0.4         |
|    explained_variance   | 0.756        |
|    learning_rate        | 0.0003       |
|    loss                 | 2.11e+03     |
|    n_updates            | 2320         |
|    policy_gradient_loss | -0.00118     |
|    value_loss           | 5.7e+03      |
------------------------------------------
------------------------------------------
| rollout/                |              |
|    ep_len_mean          | 720          |
|    ep_rew_mean          | 1.16e+03     |
| time/                   |              |
|    fps                  | 94           |
|    iterations           | 234          |
|    time_elapsed         | 1262         |
|    total_timesteps      | 119808       |
| train/                  |              |
|    approx_kl            | 0.0017864095 |
|    clip_fraction        | 0.00566      |
|    clip_range           | 0.2          |
|    entropy_loss         | -0.408       |
|    explained_variance   | 0.833        |
|    learning_rate        | 0.0003       |
|    loss                 | 1.47e+03     |
|    n_updates            | 2330         |
|    policy_gradient_loss | -0.00417     |
|    value_loss           | 3.87e+03     |
------------------------------------------
-------------------------------------------
| rollout/                |               |
|    ep_len_mean          | 720           |
|    ep_rew_mean          | 1.17e+03      |
| time/                   |               |
|    fps                  | 94            |
|    iterations           | 235           |
|    time_elapsed         | 1268          |
|    total_timesteps      | 120320        |
| train/                  |               |
|    approx_kl            | 0.00030091906 |
|    clip_fraction        | 0             |
|    clip_range           | 0.2           |
|    entropy_loss         | -0.375        |
|    explained_variance   | 0.825         |
|    learning_rate        | 0.0003        |
|    loss                 | 1.47e+03      |
|    n_updates            | 2340          |
|    policy_gradient_loss | -0.00132      |
|    value_loss           | 4.82e+03      |
-------------------------------------------
------------------------------------------
| rollout/                |              |
|    ep_len_mean          | 720          |
|    ep_rew_mean          | 1.17e+03     |
| time/                   |              |
|    fps                  | 94           |
|    iterations           | 236          |
|    time_elapsed         | 1274         |
|    total_timesteps      | 120832       |
| train/                  |              |
|    approx_kl            | 0.0007590008 |
|    clip_fraction        | 0.000977     |
|    clip_range           | 0.2          |
|    entropy_loss         | -0.416       |
|    explained_variance   | 0.819        |
|    learning_rate        | 0.0003       |
|    loss                 | 4.49e+03     |
|    n_updates            | 2350         |
|    policy_gradient_loss | -0.00233     |
|    value_loss           | 1.13e+04     |
------------------------------------------
-------------------------------------------
| rollout/                |               |
|    ep_len_mean          | 720           |
|    ep_rew_mean          | 1.17e+03      |
| time/                   |               |
|    fps                  | 94            |
|    iterations           | 237           |
|    time_elapsed         | 1279          |
|    total_timesteps      | 121344        |
| train/                  |               |
|    approx_kl            | 0.00040010526 |
|    clip_fraction        | 0             |
|    clip_range           | 0.2           |
|    entropy_loss         | -0.448        |
|    explained_variance   | 0.612         |
|    learning_rate        | 0.0003        |
|    loss                 | 1.04e+03      |
|    n_updates            | 2360          |
|    policy_gradient_loss | -0.00139      |
|    value_loss           | 3.26e+03      |
-------------------------------------------
------------------------------------------
| rollout/                |              |
|    ep_len_mean          | 720          |
|    ep_rew_mean          | 1.21e+03     |
| time/                   |              |
|    fps                  | 94           |
|    iterations           | 238          |
|    time_elapsed         | 1285         |
|    total_timesteps      | 121856       |
| train/                  |              |
|    approx_kl            | 0.0011580928 |
|    clip_fraction        | 0.00332      |
|    clip_range           | 0.2          |
|    entropy_loss         | -0.485       |
|    explained_variance   | 0.844        |
|    learning_rate        | 0.0003       |
|    loss                 | 4.11e+03     |
|    n_updates            | 2370         |
|    policy_gradient_loss | -0.00419     |
|    value_loss           | 6.72e+03     |
------------------------------------------
-------------------------------------------
| rollout/                |               |
|    ep_len_mean          | 720           |
|    ep_rew_mean          | 1.21e+03      |
| time/                   |               |
|    fps                  | 94            |
|    iterations           | 239           |
|    time_elapsed         | 1290          |
|    total_timesteps      | 122368        |
| train/                  |               |
|    approx_kl            | 0.00064416754 |
|    clip_fraction        | 0.000977      |
|    clip_range           | 0.2           |
|    entropy_loss         | -0.44         |
|    explained_variance   | 0.706         |
|    learning_rate        | 0.0003        |
|    loss                 | 1.48e+03      |
|    n_updates            | 2380          |
|    policy_gradient_loss | -0.00151      |
|    value_loss           | 4.42e+03      |
-------------------------------------------
-------------------------------------------
| rollout/                |               |
|    ep_len_mean          | 720           |
|    ep_rew_mean          | 1.22e+03      |
| time/                   |               |
|    fps                  | 94            |
|    iterations           | 240           |
|    time_elapsed         | 1296          |
|    total_timesteps      | 122880        |
| train/                  |               |
|    approx_kl            | 0.00063325214 |
|    clip_fraction        | 0.000586      |
|    clip_range           | 0.2           |
|    entropy_loss         | -0.372        |
|    explained_variance   | 0.413         |
|    learning_rate        | 0.0003        |
|    loss                 | 4.98e+03      |
|    n_updates            | 2390          |
|    policy_gradient_loss | -0.00161      |
|    value_loss           | 8.92e+03      |
-------------------------------------------
------------------------------------------
| rollout/                |              |
|    ep_len_mean          | 720          |
|    ep_rew_mean          | 1.23e+03     |
| time/                   |              |
|    fps                  | 94           |
|    iterations           | 241          |
|    time_elapsed         | 1302         |
|    total_timesteps      | 123392       |
| train/                  |              |
|    approx_kl            | 0.0012552566 |
|    clip_fraction        | 0.00215      |
|    clip_range           | 0.2          |
|    entropy_loss         | -0.366       |
|    explained_variance   | 0.69         |
|    learning_rate        | 0.0003       |
|    loss                 | 2.06e+03     |
|    n_updates            | 2400         |
|    policy_gradient_loss | -0.0022      |
|    value_loss           | 4.53e+03     |
------------------------------------------
------------------------------------------
| rollout/                |              |
|    ep_len_mean          | 720          |
|    ep_rew_mean          | 1.25e+03     |
| time/                   |              |
|    fps                  | 94           |
|    iterations           | 242          |
|    time_elapsed         | 1308         |
|    total_timesteps      | 123904       |
| train/                  |              |
|    approx_kl            | 0.0010894279 |
|    clip_fraction        | 0.00313      |
|    clip_range           | 0.2          |
|    entropy_loss         | -0.382       |
|    explained_variance   | 0.58         |
|    learning_rate        | 0.0003       |
|    loss                 | 4.35e+03     |
|    n_updates            | 2410         |
|    policy_gradient_loss | -0.00184     |
|    value_loss           | 9.94e+03     |
------------------------------------------
-------------------------------------------
| rollout/                |               |
|    ep_len_mean          | 720           |
|    ep_rew_mean          | 1.25e+03      |
| time/                   |               |
|    fps                  | 94            |
|    iterations           | 243           |
|    time_elapsed         | 1314          |
|    total_timesteps      | 124416        |
| train/                  |               |
|    approx_kl            | 0.00035906106 |
|    clip_fraction        | 0             |
|    clip_range           | 0.2           |
|    entropy_loss         | -0.36         |
|    explained_variance   | 0.308         |
|    learning_rate        | 0.0003        |
|    loss                 | 4.76e+03      |
|    n_updates            | 2420          |
|    policy_gradient_loss | -0.00107      |
|    value_loss           | 1.27e+04      |
-------------------------------------------
-------------------------------------------
| rollout/                |               |
|    ep_len_mean          | 720           |
|    ep_rew_mean          | 1.27e+03      |
| time/                   |               |
|    fps                  | 94            |
|    iterations           | 244           |
|    time_elapsed         | 1319          |
|    total_timesteps      | 124928        |
| train/                  |               |
|    approx_kl            | 0.00074559636 |
|    clip_fraction        | 0.000977      |
|    clip_range           | 0.2           |
|    entropy_loss         | -0.457        |
|    explained_variance   | 0.755         |
|    learning_rate        | 0.0003        |
|    loss                 | 2.32e+03      |
|    n_updates            | 2430          |
|    policy_gradient_loss | -0.0018       |
|    value_loss           | 6.29e+03      |
-------------------------------------------
------------------------------------------
| rollout/                |              |
|    ep_len_mean          | 720          |
|    ep_rew_mean          | 1.29e+03     |
| time/                   |              |
|    fps                  | 94           |
|    iterations           | 245          |
|    time_elapsed         | 1324         |
|    total_timesteps      | 125440       |
| train/                  |              |
|    approx_kl            | 0.0005833715 |
|    clip_fraction        | 0.000781     |
|    clip_range           | 0.2          |
|    entropy_loss         | -0.409       |
|    explained_variance   | 0.816        |
|    learning_rate        | 0.0003       |
|    loss                 | 1.21e+03     |
|    n_updates            | 2440         |
|    policy_gradient_loss | -0.00185     |
|    value_loss           | 3.98e+03     |
------------------------------------------
------------------------------------------
| rollout/                |              |
|    ep_len_mean          | 720          |
|    ep_rew_mean          | 1.29e+03     |
| time/                   |              |
|    fps                  | 94           |
|    iterations           | 246          |
|    time_elapsed         | 1330         |
|    total_timesteps      | 125952       |
| train/                  |              |
|    approx_kl            | 0.0012957955 |
|    clip_fraction        | 0.00684      |
|    clip_range           | 0.2          |
|    entropy_loss         | -0.395       |
|    explained_variance   | 0.835        |
|    learning_rate        | 0.0003       |
|    loss                 | 3.06e+03     |
|    n_updates            | 2450         |
|    policy_gradient_loss | -0.00358     |
|    value_loss           | 6.61e+03     |
------------------------------------------
-------------------------------------------
| rollout/                |               |
|    ep_len_mean          | 720           |
|    ep_rew_mean          | 1.3e+03       |
| time/                   |               |
|    fps                  | 94            |
|    iterations           | 247           |
|    time_elapsed         | 1336          |
|    total_timesteps      | 126464        |
| train/                  |               |
|    approx_kl            | 0.00071206037 |
|    clip_fraction        | 0.000195      |
|    clip_range           | 0.2           |
|    entropy_loss         | -0.392        |
|    explained_variance   | 0.429         |
|    learning_rate        | 0.0003        |
|    loss                 | 1.15e+03      |
|    n_updates            | 2460          |
|    policy_gradient_loss | -0.00172      |
|    value_loss           | 5.56e+03      |
-------------------------------------------
-----------------------------------------
| rollout/                |             |
|    ep_len_mean          | 720         |
|    ep_rew_mean          | 1.35e+03    |
| time/                   |             |
|    fps                  | 94          |
|    iterations           | 248         |
|    time_elapsed         | 1341        |
|    total_timesteps      | 126976      |
| train/                  |             |
|    approx_kl            | 0.000869822 |
|    clip_fraction        | 0.00723     |
|    clip_range           | 0.2         |
|    entropy_loss         | -0.336      |
|    explained_variance   | 0.661       |
|    learning_rate        | 0.0003      |
|    loss                 | 5.78e+03    |
|    n_updates            | 2470        |
|    policy_gradient_loss | -0.00265    |
|    value_loss           | 9.67e+03    |
-----------------------------------------
------------------------------------------
| rollout/                |              |
|    ep_len_mean          | 720          |
|    ep_rew_mean          | 1.36e+03     |
| time/                   |              |
|    fps                  | 94           |
|    iterations           | 249          |
|    time_elapsed         | 1346         |
|    total_timesteps      | 127488       |
| train/                  |              |
|    approx_kl            | 0.0017054351 |
|    clip_fraction        | 0.00996      |
|    clip_range           | 0.2          |
|    entropy_loss         | -0.345       |
|    explained_variance   | 0.802        |
|    learning_rate        | 0.0003       |
|    loss                 | 5.1e+03      |
|    n_updates            | 2480         |
|    policy_gradient_loss | -0.00404     |
|    value_loss           | 9.58e+03     |
------------------------------------------
------------------------------------------
| rollout/                |              |
|    ep_len_mean          | 720          |
|    ep_rew_mean          | 1.36e+03     |
| time/                   |              |
|    fps                  | 94           |
|    iterations           | 250          |
|    time_elapsed         | 1351         |
|    total_timesteps      | 128000       |
| train/                  |              |
|    approx_kl            | 0.0009322937 |
|    clip_fraction        | 0.00137      |
|    clip_range           | 0.2          |
|    entropy_loss         | -0.31        |
|    explained_variance   | 0.724        |
|    learning_rate        | 0.0003       |
|    loss                 | 1.5e+03      |
|    n_updates            | 2490         |
|    policy_gradient_loss | -0.00211     |
|    value_loss           | 4.09e+03     |
------------------------------------------
-------------------------------------------
| rollout/                |               |
|    ep_len_mean          | 720           |
|    ep_rew_mean          | 1.39e+03      |
| time/                   |               |
|    fps                  | 94            |
|    iterations           | 251           |
|    time_elapsed         | 1357          |
|    total_timesteps      | 128512        |
| train/                  |               |
|    approx_kl            | 0.00092925184 |
|    clip_fraction        | 0.0041        |
|    clip_range           | 0.2           |
|    entropy_loss         | -0.309        |
|    explained_variance   | 0.511         |
|    learning_rate        | 0.0003        |
|    loss                 | 9.69e+03      |
|    n_updates            | 2500          |
|    policy_gradient_loss | -0.00189      |
|    value_loss           | 1.82e+04      |
-------------------------------------------
------------------------------------------
| rollout/                |              |
|    ep_len_mean          | 720          |
|    ep_rew_mean          | 1.39e+03     |
| time/                   |              |
|    fps                  | 94           |
|    iterations           | 252          |
|    time_elapsed         | 1362         |
|    total_timesteps      | 129024       |
| train/                  |              |
|    approx_kl            | 0.0012323051 |
|    clip_fraction        | 0.00605      |
|    clip_range           | 0.2          |
|    entropy_loss         | -0.299       |
|    explained_variance   | 0.355        |
|    learning_rate        | 0.0003       |
|    loss                 | 6.36e+03     |
|    n_updates            | 2510         |
|    policy_gradient_loss | -0.00259     |
|    value_loss           | 1.08e+04     |
------------------------------------------
-----------------------------------------
| rollout/                |             |
|    ep_len_mean          | 720         |
|    ep_rew_mean          | 1.39e+03    |
| time/                   |             |
|    fps                  | 94          |
|    iterations           | 253         |
|    time_elapsed         | 1368        |
|    total_timesteps      | 129536      |
| train/                  |             |
|    approx_kl            | 9.23376e-05 |
|    clip_fraction        | 0           |
|    clip_range           | 0.2         |
|    entropy_loss         | -0.384      |
|    explained_variance   | 0.791       |
|    learning_rate        | 0.0003      |
|    loss                 | 2.73e+03    |
|    n_updates            | 2520        |
|    policy_gradient_loss | -0.000461   |
|    value_loss           | 6.7e+03     |
-----------------------------------------
------------------------------------------
| rollout/                |              |
|    ep_len_mean          | 720          |
|    ep_rew_mean          | 1.4e+03      |
| time/                   |              |
|    fps                  | 94           |
|    iterations           | 254          |
|    time_elapsed         | 1373         |
|    total_timesteps      | 130048       |
| train/                  |              |
|    approx_kl            | 8.991033e-05 |
|    clip_fraction        | 0            |
|    clip_range           | 0.2          |
|    entropy_loss         | -0.304       |
|    explained_variance   | 0.655        |
|    learning_rate        | 0.0003       |
|    loss                 | 1.24e+03     |
|    n_updates            | 2530         |
|    policy_gradient_loss | -0.000559    |
|    value_loss           | 4.2e+03      |
------------------------------------------
------------------------------------------
| rollout/                |              |
|    ep_len_mean          | 720          |
|    ep_rew_mean          | 1.42e+03     |
| time/                   |              |
|    fps                  | 94           |
|    iterations           | 255          |
|    time_elapsed         | 1378         |
|    total_timesteps      | 130560       |
| train/                  |              |
|    approx_kl            | 0.0005584633 |
|    clip_fraction        | 0.000781     |
|    clip_range           | 0.2          |
|    entropy_loss         | -0.352       |
|    explained_variance   | 0.634        |
|    learning_rate        | 0.0003       |
|    loss                 | 4.46e+03     |
|    n_updates            | 2540         |
|    policy_gradient_loss | -0.00172     |
|    value_loss           | 9.91e+03     |
------------------------------------------
-------------------------------------------
| rollout/                |               |
|    ep_len_mean          | 720           |
|    ep_rew_mean          | 1.44e+03      |
| time/                   |               |
|    fps                  | 94            |
|    iterations           | 256           |
|    time_elapsed         | 1384          |
|    total_timesteps      | 131072        |
| train/                  |               |
|    approx_kl            | 0.00060660596 |
|    clip_fraction        | 0.000391      |
|    clip_range           | 0.2           |
|    entropy_loss         | -0.325        |
|    explained_variance   | 0.584         |
|    learning_rate        | 0.0003        |
|    loss                 | 9.32e+03      |
|    n_updates            | 2550          |
|    policy_gradient_loss | -0.00116      |
|    value_loss           | 1.93e+04      |
-------------------------------------------
-------------------------------------------
| rollout/                |               |
|    ep_len_mean          | 720           |
|    ep_rew_mean          | 1.44e+03      |
| time/                   |               |
|    fps                  | 94            |
|    iterations           | 257           |
|    time_elapsed         | 1389          |
|    total_timesteps      | 131584        |
| train/                  |               |
|    approx_kl            | 0.00010090124 |
|    clip_fraction        | 0             |
|    clip_range           | 0.2           |
|    entropy_loss         | -0.357        |
|    explained_variance   | 0.752         |
|    learning_rate        | 0.0003        |
|    loss                 | 7.4e+03       |
|    n_updates            | 2560          |
|    policy_gradient_loss | -0.000405     |
|    value_loss           | 1.84e+04      |
-------------------------------------------
-------------------------------------------
| rollout/                |               |
|    ep_len_mean          | 720           |
|    ep_rew_mean          | 1.47e+03      |
| time/                   |               |
|    fps                  | 94            |
|    iterations           | 258           |
|    time_elapsed         | 1394          |
|    total_timesteps      | 132096        |
| train/                  |               |
|    approx_kl            | 0.00020897269 |
|    clip_fraction        | 0             |
|    clip_range           | 0.2           |
|    entropy_loss         | -0.334        |
|    explained_variance   | 0.787         |
|    learning_rate        | 0.0003        |
|    loss                 | 5.67e+03      |
|    n_updates            | 2570          |
|    policy_gradient_loss | -0.00109      |
|    value_loss           | 1.2e+04       |
-------------------------------------------
-------------------------------------------
| rollout/                |               |
|    ep_len_mean          | 720           |
|    ep_rew_mean          | 1.49e+03      |
| time/                   |               |
|    fps                  | 94            |
|    iterations           | 259           |
|    time_elapsed         | 1400          |
|    total_timesteps      | 132608        |
| train/                  |               |
|    approx_kl            | 0.00069110317 |
|    clip_fraction        | 0.00156       |
|    clip_range           | 0.2           |
|    entropy_loss         | -0.338        |
|    explained_variance   | 0.698         |
|    learning_rate        | 0.0003        |
|    loss                 | 5.2e+03       |
|    n_updates            | 2580          |
|    policy_gradient_loss | -0.00167      |
|    value_loss           | 1.15e+04      |
-------------------------------------------
------------------------------------------
| rollout/                |              |
|    ep_len_mean          | 720          |
|    ep_rew_mean          | 1.49e+03     |
| time/                   |              |
|    fps                  | 94           |
|    iterations           | 260          |
|    time_elapsed         | 1405         |
|    total_timesteps      | 133120       |
| train/                  |              |
|    approx_kl            | 0.0011077799 |
|    clip_fraction        | 0.00508      |
|    clip_range           | 0.2          |
|    entropy_loss         | -0.263       |
|    explained_variance   | 0.633        |
|    learning_rate        | 0.0003       |
|    loss                 | 3.51e+03     |
|    n_updates            | 2590         |
|    policy_gradient_loss | -0.00149     |
|    value_loss           | 1.21e+04     |
------------------------------------------
-------------------------------------------
| rollout/                |               |
|    ep_len_mean          | 720           |
|    ep_rew_mean          | 1.51e+03      |
| time/                   |               |
|    fps                  | 94            |
|    iterations           | 261           |
|    time_elapsed         | 1411          |
|    total_timesteps      | 133632        |
| train/                  |               |
|    approx_kl            | 9.0081936e-05 |
|    clip_fraction        | 0             |
|    clip_range           | 0.2           |
|    entropy_loss         | -0.336        |
|    explained_variance   | 0.787         |
|    learning_rate        | 0.0003        |
|    loss                 | 4.76e+03      |
|    n_updates            | 2600          |
|    policy_gradient_loss | -0.000642     |
|    value_loss           | 1.16e+04      |
-------------------------------------------
-----------------------------------------
| rollout/                |             |
|    ep_len_mean          | 720         |
|    ep_rew_mean          | 1.52e+03    |
| time/                   |             |
|    fps                  | 94          |
|    iterations           | 262         |
|    time_elapsed         | 1416        |
|    total_timesteps      | 134144      |
| train/                  |             |
|    approx_kl            | 0.001289405 |
|    clip_fraction        | 0.00527     |
|    clip_range           | 0.2         |
|    entropy_loss         | -0.34       |
|    explained_variance   | 0.516       |
|    learning_rate        | 0.0003      |
|    loss                 | 5.47e+03    |
|    n_updates            | 2610        |
|    policy_gradient_loss | -0.00346    |
|    value_loss           | 1.06e+04    |
-----------------------------------------
------------------------------------------
| rollout/                |              |
|    ep_len_mean          | 720          |
|    ep_rew_mean          | 1.53e+03     |
| time/                   |              |
|    fps                  | 94           |
|    iterations           | 263          |
|    time_elapsed         | 1422         |
|    total_timesteps      | 134656       |
| train/                  |              |
|    approx_kl            | 0.0011802949 |
|    clip_fraction        | 0.00723      |
|    clip_range           | 0.2          |
|    entropy_loss         | -0.322       |
|    explained_variance   | 0.619        |
|    learning_rate        | 0.0003       |
|    loss                 | 6.75e+03     |
|    n_updates            | 2620         |
|    policy_gradient_loss | -0.00259     |
|    value_loss           | 1.5e+04      |
------------------------------------------
-------------------------------------------
| rollout/                |               |
|    ep_len_mean          | 720           |
|    ep_rew_mean          | 1.53e+03      |
| time/                   |               |
|    fps                  | 94            |
|    iterations           | 264           |
|    time_elapsed         | 1427          |
|    total_timesteps      | 135168        |
| train/                  |               |
|    approx_kl            | 0.00020326316 |
|    clip_fraction        | 0             |
|    clip_range           | 0.2           |
|    entropy_loss         | -0.338        |
|    explained_variance   | 0.743         |
|    learning_rate        | 0.0003        |
|    loss                 | 7.09e+03      |
|    n_updates            | 2630          |
|    policy_gradient_loss | -0.00113      |
|    value_loss           | 1.14e+04      |
-------------------------------------------
-------------------------------------------
| rollout/                |               |
|    ep_len_mean          | 720           |
|    ep_rew_mean          | 1.57e+03      |
| time/                   |               |
|    fps                  | 94            |
|    iterations           | 265           |
|    time_elapsed         | 1432          |
|    total_timesteps      | 135680        |
| train/                  |               |
|    approx_kl            | 0.00061215623 |
|    clip_fraction        | 0             |
|    clip_range           | 0.2           |
|    entropy_loss         | -0.261        |
|    explained_variance   | 0.605         |
|    learning_rate        | 0.0003        |
|    loss                 | 6.19e+03      |
|    n_updates            | 2640          |
|    policy_gradient_loss | -0.00143      |
|    value_loss           | 1.28e+04      |
-------------------------------------------
-------------------------------------------
| rollout/                |               |
|    ep_len_mean          | 720           |
|    ep_rew_mean          | 1.58e+03      |
| time/                   |               |
|    fps                  | 94            |
|    iterations           | 266           |
|    time_elapsed         | 1437          |
|    total_timesteps      | 136192        |
| train/                  |               |
|    approx_kl            | 0.00061524543 |
|    clip_fraction        | 0.00234       |
|    clip_range           | 0.2           |
|    entropy_loss         | -0.306        |
|    explained_variance   | 0.66          |
|    learning_rate        | 0.0003        |
|    loss                 | 5.34e+03      |
|    n_updates            | 2650          |
|    policy_gradient_loss | -0.00113      |
|    value_loss           | 1.03e+04      |
-------------------------------------------
-------------------------------------------
| rollout/                |               |
|    ep_len_mean          | 720           |
|    ep_rew_mean          | 1.58e+03      |
| time/                   |               |
|    fps                  | 94            |
|    iterations           | 267           |
|    time_elapsed         | 1443          |
|    total_timesteps      | 136704        |
| train/                  |               |
|    approx_kl            | 0.00072401506 |
|    clip_fraction        | 0.000977      |
|    clip_range           | 0.2           |
|    entropy_loss         | -0.271        |
|    explained_variance   | 0.642         |
|    learning_rate        | 0.0003        |
|    loss                 | 1.06e+04      |
|    n_updates            | 2660          |
|    policy_gradient_loss | -0.00151      |
|    value_loss           | 1.91e+04      |
-------------------------------------------
-------------------------------------------
| rollout/                |               |
|    ep_len_mean          | 720           |
|    ep_rew_mean          | 1.61e+03      |
| time/                   |               |
|    fps                  | 94            |
|    iterations           | 268           |
|    time_elapsed         | 1449          |
|    total_timesteps      | 137216        |
| train/                  |               |
|    approx_kl            | 0.00012326882 |
|    clip_fraction        | 0             |
|    clip_range           | 0.2           |
|    entropy_loss         | -0.322        |
|    explained_variance   | 0.545         |
|    learning_rate        | 0.0003        |
|    loss                 | 7.87e+03      |
|    n_updates            | 2670          |
|    policy_gradient_loss | -0.000371     |
|    value_loss           | 1.52e+04      |
-------------------------------------------
------------------------------------------
| rollout/                |              |
|    ep_len_mean          | 720          |
|    ep_rew_mean          | 1.62e+03     |
| time/                   |              |
|    fps                  | 94           |
|    iterations           | 269          |
|    time_elapsed         | 1455         |
|    total_timesteps      | 137728       |
| train/                  |              |
|    approx_kl            | 0.0010501465 |
|    clip_fraction        | 0.00449      |
|    clip_range           | 0.2          |
|    entropy_loss         | -0.298       |
|    explained_variance   | 0.527        |
|    learning_rate        | 0.0003       |
|    loss                 | 4.18e+03     |
|    n_updates            | 2680         |
|    policy_gradient_loss | -0.00212     |
|    value_loss           | 8.81e+03     |
------------------------------------------
------------------------------------------
| rollout/                |              |
|    ep_len_mean          | 720          |
|    ep_rew_mean          | 1.63e+03     |
| time/                   |              |
|    fps                  | 94           |
|    iterations           | 270          |
|    time_elapsed         | 1461         |
|    total_timesteps      | 138240       |
| train/                  |              |
|    approx_kl            | 0.0053630434 |
|    clip_fraction        | 0.0121       |
|    clip_range           | 0.2          |
|    entropy_loss         | -0.361       |
|    explained_variance   | 0.422        |
|    learning_rate        | 0.0003       |
|    loss                 | 2.74e+03     |
|    n_updates            | 2690         |
|    policy_gradient_loss | -0.00639     |
|    value_loss           | 6.09e+03     |
------------------------------------------
-------------------------------------------
| rollout/                |               |
|    ep_len_mean          | 720           |
|    ep_rew_mean          | 1.63e+03      |
| time/                   |               |
|    fps                  | 94            |
|    iterations           | 271           |
|    time_elapsed         | 1466          |
|    total_timesteps      | 138752        |
| train/                  |               |
|    approx_kl            | 0.00017338493 |
|    clip_fraction        | 0             |
|    clip_range           | 0.2           |
|    entropy_loss         | -0.263        |
|    explained_variance   | 0.613         |
|    learning_rate        | 0.0003        |
|    loss                 | 3.13e+03      |
|    n_updates            | 2700          |
|    policy_gradient_loss | 1.7e-05       |
|    value_loss           | 7.21e+03      |
-------------------------------------------
-------------------------------------------
| rollout/                |               |
|    ep_len_mean          | 720           |
|    ep_rew_mean          | 1.61e+03      |
| time/                   |               |
|    fps                  | 94            |
|    iterations           | 272           |
|    time_elapsed         | 1472          |
|    total_timesteps      | 139264        |
| train/                  |               |
|    approx_kl            | 0.00033762172 |
|    clip_fraction        | 0             |
|    clip_range           | 0.2           |
|    entropy_loss         | -0.346        |
|    explained_variance   | 0.694         |
|    learning_rate        | 0.0003        |
|    loss                 | 3.18e+03      |
|    n_updates            | 2710          |
|    policy_gradient_loss | -0.00121      |
|    value_loss           | 6.65e+03      |
-------------------------------------------
------------------------------------------
| rollout/                |              |
|    ep_len_mean          | 720          |
|    ep_rew_mean          | 1.61e+03     |
| time/                   |              |
|    fps                  | 94           |
|    iterations           | 273          |
|    time_elapsed         | 1478         |
|    total_timesteps      | 139776       |
| train/                  |              |
|    approx_kl            | 0.0019089123 |
|    clip_fraction        | 0.00645      |
|    clip_range           | 0.2          |
|    entropy_loss         | -0.308       |
|    explained_variance   | 0.339        |
|    learning_rate        | 0.0003       |
|    loss                 | 8.98e+03     |
|    n_updates            | 2720         |
|    policy_gradient_loss | -0.00474     |
|    value_loss           | 1.65e+04     |
------------------------------------------
------------------------------------------
| rollout/                |              |
|    ep_len_mean          | 720          |
|    ep_rew_mean          | 1.61e+03     |
| time/                   |              |
|    fps                  | 94           |
|    iterations           | 274          |
|    time_elapsed         | 1483         |
|    total_timesteps      | 140288       |
| train/                  |              |
|    approx_kl            | 7.793779e-05 |
|    clip_fraction        | 0            |
|    clip_range           | 0.2          |
|    entropy_loss         | -0.301       |
|    explained_variance   | 0.644        |
|    learning_rate        | 0.0003       |
|    loss                 | 4.1e+03      |
|    n_updates            | 2730         |
|    policy_gradient_loss | -0.000423    |
|    value_loss           | 1.17e+04     |
------------------------------------------
------------------------------------------
| rollout/                |              |
|    ep_len_mean          | 720          |
|    ep_rew_mean          | 1.66e+03     |
| time/                   |              |
|    fps                  | 94           |
|    iterations           | 275          |
|    time_elapsed         | 1489         |
|    total_timesteps      | 140800       |
| train/                  |              |
|    approx_kl            | 0.0008893523 |
|    clip_fraction        | 0.000391     |
|    clip_range           | 0.2          |
|    entropy_loss         | -0.33        |
|    explained_variance   | 0.662        |
|    learning_rate        | 0.0003       |
|    loss                 | 2.49e+03     |
|    n_updates            | 2740         |
|    policy_gradient_loss | -0.00235     |
|    value_loss           | 7.71e+03     |
------------------------------------------
------------------------------------------
| rollout/                |              |
|    ep_len_mean          | 720          |
|    ep_rew_mean          | 1.68e+03     |
| time/                   |              |
|    fps                  | 94           |
|    iterations           | 276          |
|    time_elapsed         | 1495         |
|    total_timesteps      | 141312       |
| train/                  |              |
|    approx_kl            | 0.0022287928 |
|    clip_fraction        | 0.0123       |
|    clip_range           | 0.2          |
|    entropy_loss         | -0.327       |
|    explained_variance   | 0.87         |
|    learning_rate        | 0.0003       |
|    loss                 | 2.26e+03     |
|    n_updates            | 2750         |
|    policy_gradient_loss | -0.00443     |
|    value_loss           | 4.59e+03     |
------------------------------------------
-------------------------------------------
| rollout/                |               |
|    ep_len_mean          | 720           |
|    ep_rew_mean          | 1.68e+03      |
| time/                   |               |
|    fps                  | 94            |
|    iterations           | 277           |
|    time_elapsed         | 1501          |
|    total_timesteps      | 141824        |
| train/                  |               |
|    approx_kl            | 0.00075482123 |
|    clip_fraction        | 0.000781      |
|    clip_range           | 0.2           |
|    entropy_loss         | -0.264        |
|    explained_variance   | 0.423         |
|    learning_rate        | 0.0003        |
|    loss                 | 7.39e+03      |
|    n_updates            | 2760          |
|    policy_gradient_loss | -0.00157      |
|    value_loss           | 1.41e+04      |
-------------------------------------------
-----------------------------------------
| rollout/                |             |
|    ep_len_mean          | 720         |
|    ep_rew_mean          | 1.7e+03     |
| time/                   |             |
|    fps                  | 94          |
|    iterations           | 278         |
|    time_elapsed         | 1507        |
|    total_timesteps      | 142336      |
| train/                  |             |
|    approx_kl            | 0.001215691 |
|    clip_fraction        | 0.0084      |
|    clip_range           | 0.2         |
|    entropy_loss         | -0.287      |
|    explained_variance   | 0.243       |
|    learning_rate        | 0.0003      |
|    loss                 | 4.6e+03     |
|    n_updates            | 2770        |
|    policy_gradient_loss | -0.00216    |
|    value_loss           | 1.04e+04    |
-----------------------------------------
----------------------------------------
| rollout/                |            |
|    ep_len_mean          | 720        |
|    ep_rew_mean          | 1.72e+03   |
| time/                   |            |
|    fps                  | 94         |
|    iterations           | 279        |
|    time_elapsed         | 1512       |
|    total_timesteps      | 142848     |
| train/                  |            |
|    approx_kl            | 0.00060719 |
|    clip_fraction        | 0.000977   |
|    clip_range           | 0.2        |
|    entropy_loss         | -0.297     |
|    explained_variance   | 0.639      |
|    learning_rate        | 0.0003     |
|    loss                 | 4.48e+03   |
|    n_updates            | 2780       |
|    policy_gradient_loss | -0.00198   |
|    value_loss           | 7.24e+03   |
----------------------------------------
-------------------------------------------
| rollout/                |               |
|    ep_len_mean          | 720           |
|    ep_rew_mean          | 1.71e+03      |
| time/                   |               |
|    fps                  | 94            |
|    iterations           | 280           |
|    time_elapsed         | 1517          |
|    total_timesteps      | 143360        |
| train/                  |               |
|    approx_kl            | 0.00023307299 |
|    clip_fraction        | 0             |
|    clip_range           | 0.2           |
|    entropy_loss         | -0.285        |
|    explained_variance   | 0.746         |
|    learning_rate        | 0.0003        |
|    loss                 | 2.61e+03      |
|    n_updates            | 2790          |
|    policy_gradient_loss | -0.000916     |
|    value_loss           | 6.28e+03      |
-------------------------------------------
-------------------------------------------
| rollout/                |               |
|    ep_len_mean          | 720           |
|    ep_rew_mean          | 1.71e+03      |
| time/                   |               |
|    fps                  | 94            |
|    iterations           | 281           |
|    time_elapsed         | 1523          |
|    total_timesteps      | 143872        |
| train/                  |               |
|    approx_kl            | 0.00068128755 |
|    clip_fraction        | 0.00313       |
|    clip_range           | 0.2           |
|    entropy_loss         | -0.287        |
|    explained_variance   | 0.678         |
|    learning_rate        | 0.0003        |
|    loss                 | 4.07e+03      |
|    n_updates            | 2800          |
|    policy_gradient_loss | -0.00214      |
|    value_loss           | 7.96e+03      |
-------------------------------------------
------------------------------------------
| rollout/                |              |
|    ep_len_mean          | 720          |
|    ep_rew_mean          | 1.72e+03     |
| time/                   |              |
|    fps                  | 94           |
|    iterations           | 282          |
|    time_elapsed         | 1528         |
|    total_timesteps      | 144384       |
| train/                  |              |
|    approx_kl            | 0.0013988048 |
|    clip_fraction        | 0.0084       |
|    clip_range           | 0.2          |
|    entropy_loss         | -0.309       |
|    explained_variance   | 0.208        |
|    learning_rate        | 0.0003       |
|    loss                 | 1.19e+04     |
|    n_updates            | 2810         |
|    policy_gradient_loss | -0.00301     |
|    value_loss           | 2.38e+04     |
------------------------------------------
-------------------------------------------
| rollout/                |               |
|    ep_len_mean          | 720           |
|    ep_rew_mean          | 1.73e+03      |
| time/                   |               |
|    fps                  | 94            |
|    iterations           | 283           |
|    time_elapsed         | 1534          |
|    total_timesteps      | 144896        |
| train/                  |               |
|    approx_kl            | 0.00019967517 |
|    clip_fraction        | 0             |
|    clip_range           | 0.2           |
|    entropy_loss         | -0.279        |
|    explained_variance   | 0.464         |
|    learning_rate        | 0.0003        |
|    loss                 | 3.36e+03      |
|    n_updates            | 2820          |
|    policy_gradient_loss | -0.001        |
|    value_loss           | 8.61e+03      |
-------------------------------------------
------------------------------------------
| rollout/                |              |
|    ep_len_mean          | 720          |
|    ep_rew_mean          | 1.73e+03     |
| time/                   |              |
|    fps                  | 94           |
|    iterations           | 284          |
|    time_elapsed         | 1540         |
|    total_timesteps      | 145408       |
| train/                  |              |
|    approx_kl            | 0.0017051299 |
|    clip_fraction        | 0.0174       |
|    clip_range           | 0.2          |
|    entropy_loss         | -0.294       |
|    explained_variance   | 0.163        |
|    learning_rate        | 0.0003       |
|    loss                 | 8.16e+03     |
|    n_updates            | 2830         |
|    policy_gradient_loss | -0.00361     |
|    value_loss           | 1.68e+04     |
------------------------------------------
-------------------------------------------
| rollout/                |               |
|    ep_len_mean          | 720           |
|    ep_rew_mean          | 1.74e+03      |
| time/                   |               |
|    fps                  | 94            |
|    iterations           | 285           |
|    time_elapsed         | 1545          |
|    total_timesteps      | 145920        |
| train/                  |               |
|    approx_kl            | 0.00038994517 |
|    clip_fraction        | 0.000195      |
|    clip_range           | 0.2           |
|    entropy_loss         | -0.378        |
|    explained_variance   | 0.653         |
|    learning_rate        | 0.0003        |
|    loss                 | 3.98e+03      |
|    n_updates            | 2840          |
|    policy_gradient_loss | -0.000926     |
|    value_loss           | 1.1e+04       |
-------------------------------------------
------------------------------------------
| rollout/                |              |
|    ep_len_mean          | 720          |
|    ep_rew_mean          | 1.76e+03     |
| time/                   |              |
|    fps                  | 94           |
|    iterations           | 286          |
|    time_elapsed         | 1551         |
|    total_timesteps      | 146432       |
| train/                  |              |
|    approx_kl            | 0.0023652355 |
|    clip_fraction        | 0.0109       |
|    clip_range           | 0.2          |
|    entropy_loss         | -0.327       |
|    explained_variance   | 0.52         |
|    learning_rate        | 0.0003       |
|    loss                 | 9.32e+03     |
|    n_updates            | 2850         |
|    policy_gradient_loss | -0.00448     |
|    value_loss           | 1.59e+04     |
------------------------------------------
------------------------------------------
| rollout/                |              |
|    ep_len_mean          | 720          |
|    ep_rew_mean          | 1.75e+03     |
| time/                   |              |
|    fps                  | 94           |
|    iterations           | 287          |
|    time_elapsed         | 1556         |
|    total_timesteps      | 146944       |
| train/                  |              |
|    approx_kl            | 0.0014328265 |
|    clip_fraction        | 0.00937      |
|    clip_range           | 0.2          |
|    entropy_loss         | -0.333       |
|    explained_variance   | 0.752        |
|    learning_rate        | 0.0003       |
|    loss                 | 3.48e+03     |
|    n_updates            | 2860         |
|    policy_gradient_loss | -0.00268     |
|    value_loss           | 7.14e+03     |
------------------------------------------
------------------------------------------
| rollout/                |              |
|    ep_len_mean          | 720          |
|    ep_rew_mean          | 1.75e+03     |
| time/                   |              |
|    fps                  | 94           |
|    iterations           | 288          |
|    time_elapsed         | 1562         |
|    total_timesteps      | 147456       |
| train/                  |              |
|    approx_kl            | 0.0011220804 |
|    clip_fraction        | 0.00293      |
|    clip_range           | 0.2          |
|    entropy_loss         | -0.291       |
|    explained_variance   | 0.718        |
|    learning_rate        | 0.0003       |
|    loss                 | 1.43e+03     |
|    n_updates            | 2870         |
|    policy_gradient_loss | -0.00215     |
|    value_loss           | 5.02e+03     |
------------------------------------------
-----------------------------------------
| rollout/                |             |
|    ep_len_mean          | 720         |
|    ep_rew_mean          | 1.77e+03    |
| time/                   |             |
|    fps                  | 94          |
|    iterations           | 289         |
|    time_elapsed         | 1568        |
|    total_timesteps      | 147968      |
| train/                  |             |
|    approx_kl            | 0.001231047 |
|    clip_fraction        | 0.0082      |
|    clip_range           | 0.2         |
|    entropy_loss         | -0.292      |
|    explained_variance   | 0.673       |
|    learning_rate        | 0.0003      |
|    loss                 | 6.34e+03    |
|    n_updates            | 2880        |
|    policy_gradient_loss | -0.0025     |
|    value_loss           | 1.33e+04    |
-----------------------------------------
-------------------------------------------
| rollout/                |               |
|    ep_len_mean          | 720           |
|    ep_rew_mean          | 1.77e+03      |
| time/                   |               |
|    fps                  | 94            |
|    iterations           | 290           |
|    time_elapsed         | 1573          |
|    total_timesteps      | 148480        |
| train/                  |               |
|    approx_kl            | 0.00036403717 |
|    clip_fraction        | 0.000195      |
|    clip_range           | 0.2           |
|    entropy_loss         | -0.337        |
|    explained_variance   | 0.772         |
|    learning_rate        | 0.0003        |
|    loss                 | 4.47e+03      |
|    n_updates            | 2890          |
|    policy_gradient_loss | -0.00139      |
|    value_loss           | 1.24e+04      |
-------------------------------------------
-------------------------------------------
| rollout/                |               |
|    ep_len_mean          | 720           |
|    ep_rew_mean          | 1.77e+03      |
| time/                   |               |
|    fps                  | 94            |
|    iterations           | 291           |
|    time_elapsed         | 1580          |
|    total_timesteps      | 148992        |
| train/                  |               |
|    approx_kl            | 0.00014181373 |
|    clip_fraction        | 0             |
|    clip_range           | 0.2           |
|    entropy_loss         | -0.301        |
|    explained_variance   | 0.805         |
|    learning_rate        | 0.0003        |
|    loss                 | 2.34e+03      |
|    n_updates            | 2900          |
|    policy_gradient_loss | -0.000977     |
|    value_loss           | 5.19e+03      |
-------------------------------------------
-------------------------------------------
| rollout/                |               |
|    ep_len_mean          | 720           |
|    ep_rew_mean          | 1.77e+03      |
| time/                   |               |
|    fps                  | 94            |
|    iterations           | 292           |
|    time_elapsed         | 1585          |
|    total_timesteps      | 149504        |
| train/                  |               |
|    approx_kl            | 8.1965634e-05 |
|    clip_fraction        | 0             |
|    clip_range           | 0.2           |
|    entropy_loss         | -0.279        |
|    explained_variance   | 0.801         |
|    learning_rate        | 0.0003        |
|    loss                 | 4.44e+03      |
|    n_updates            | 2910          |
|    policy_gradient_loss | -0.000447     |
|    value_loss           | 1.24e+04      |
-------------------------------------------
-------------------------------------------
| rollout/                |               |
|    ep_len_mean          | 720           |
|    ep_rew_mean          | 1.77e+03      |
| time/                   |               |
|    fps                  | 94            |
|    iterations           | 293           |
|    time_elapsed         | 1591          |
|    total_timesteps      | 150016        |
| train/                  |               |
|    approx_kl            | 0.00029052276 |
|    clip_fraction        | 0.000391      |
|    clip_range           | 0.2           |
|    entropy_loss         | -0.309        |
|    explained_variance   | 0.577         |
|    learning_rate        | 0.0003        |
|    loss                 | 7.62e+03      |
|    n_updates            | 2920          |
|    policy_gradient_loss | -0.00137      |
|    value_loss           | 1.51e+04      |
-------------------------------------------
[18:02:03] === eval AFTER PPO fine-tune ===
idle                 storage=  2.2%  loss= 56.3%
greedy_shuttle       storage= 82.0%  loss=  0.7%
ppo_stochastic       storage= 55.1%  loss= 29.5%
ppo_deterministic    storage=  2.2%  loss= 56.3%
[18:03:13] DONE. model -> output\rl_ppo\ppo_bc_phase1_720h_inj80_ts150000.zip
