Using cuda device
Wrapping the env with a `Monitor` wrapper
Wrapping the env in a DummyVecEnv.
[18:20:46] policy device = cuda:0
[18:20:46] === BC pretrain (greedy, 30 eps) ===
[bc] collected 21600 pairs from 30 episodes; 915 dispatch steps up-weighted x10
[bc] epoch 1/20  weighted_nll=1.3256
[bc] epoch 2/20  weighted_nll=0.7151
[bc] epoch 3/20  weighted_nll=0.6892
[bc] epoch 4/20  weighted_nll=0.6642
[bc] epoch 5/20  weighted_nll=0.6096
[bc] epoch 6/20  weighted_nll=0.5368
[bc] epoch 7/20  weighted_nll=0.4516
[bc] epoch 8/20  weighted_nll=0.3868
[bc] epoch 9/20  weighted_nll=0.3462
[bc] epoch 10/20  weighted_nll=0.3133
[bc] epoch 11/20  weighted_nll=0.2884
[bc] epoch 12/20  weighted_nll=0.2652
[bc] epoch 13/20  weighted_nll=0.2464
[bc] epoch 14/20  weighted_nll=0.2286
[bc] epoch 15/20  weighted_nll=0.2142
[bc] epoch 16/20  weighted_nll=0.1951
[bc] epoch 17/20  weighted_nll=0.1801
[bc] epoch 18/20  weighted_nll=0.1628
[bc] epoch 19/20  weighted_nll=0.1499
[bc] epoch 20/20  weighted_nll=0.1368
[18:21:16] === eval AFTER BC (before PPO) ===
idle                 storage=  2.2%  loss= 56.3%
greedy_shuttle       storage= 82.0%  loss=  0.7%
ppo_stochastic       storage= 79.2%  loss=  0.4%
ppo_deterministic    storage= 81.2%  loss=  2.2%
[18:22:46] === PPO fine-tune (150000 steps) ===
----------------------------
| time/              |     |
|    fps             | 102 |
|    iterations      | 1   |
|    time_elapsed    | 4   |
|    total_timesteps | 512 |
----------------------------
-------------------------------------------
| rollout/                |               |
|    ep_len_mean          | 720           |
|    ep_rew_mean          | 6.88e+03      |
| time/                   |               |
|    fps                  | 93            |
|    iterations           | 2             |
|    time_elapsed         | 10            |
|    total_timesteps      | 1024          |
| train/                  |               |
|    approx_kl            | 0.00042387907 |
|    clip_fraction        | 0.00488       |
|    clip_range           | 0.2           |
|    entropy_loss         | -0.0837       |
|    explained_variance   | 0.00263       |
|    learning_rate        | 0.0003        |
|    loss                 | 1.53e+04      |
|    n_updates            | 10            |
|    policy_gradient_loss | -0.00183      |
|    value_loss           | 3.06e+04      |
-------------------------------------------
-------------------------------------------
| rollout/                |               |
|    ep_len_mean          | 720           |
|    ep_rew_mean          | 6.84e+03      |
| time/                   |               |
|    fps                  | 93            |
|    iterations           | 3             |
|    time_elapsed         | 16            |
|    total_timesteps      | 1536          |
| train/                  |               |
|    approx_kl            | 0.00016409604 |
|    clip_fraction        | 0.000781      |
|    clip_range           | 0.2           |
|    entropy_loss         | -0.0887       |
|    explained_variance   | 0.00432       |
|    learning_rate        | 0.0003        |
|    loss                 | 1.79e+04      |
|    n_updates            | 20            |
|    policy_gradient_loss | -0.00127      |
|    value_loss           | 3.75e+04      |
-------------------------------------------
-----------------------------------------
| rollout/                |             |
|    ep_len_mean          | 720         |
|    ep_rew_mean          | 6.84e+03    |
| time/                   |             |
|    fps                  | 89          |
|    iterations           | 4           |
|    time_elapsed         | 22          |
|    total_timesteps      | 2048        |
| train/                  |             |
|    approx_kl            | 0.000296199 |
|    clip_fraction        | 0.00195     |
|    clip_range           | 0.2         |
|    entropy_loss         | -0.0954     |
|    explained_variance   | 0.000809    |
|    learning_rate        | 0.0003      |
|    loss                 | 1.63e+04    |
|    n_updates            | 30          |
|    policy_gradient_loss | -0.00145    |
|    value_loss           | 3.1e+04     |
-----------------------------------------
------------------------------------------
| rollout/                |              |
|    ep_len_mean          | 720          |
|    ep_rew_mean          | 6.53e+03     |
| time/                   |              |
|    fps                  | 89           |
|    iterations           | 5            |
|    time_elapsed         | 28           |
|    total_timesteps      | 2560         |
| train/                  |              |
|    approx_kl            | 0.0006866049 |
|    clip_fraction        | 0.00508      |
|    clip_range           | 0.2          |
|    entropy_loss         | -0.118       |
|    explained_variance   | 0.000287     |
|    learning_rate        | 0.0003       |
|    loss                 | 1.8e+04      |
|    n_updates            | 40           |
|    policy_gradient_loss | -0.0032      |
|    value_loss           | 3.64e+04     |
------------------------------------------
------------------------------------------
| rollout/                |              |
|    ep_len_mean          | 720          |
|    ep_rew_mean          | 6.4e+03      |
| time/                   |              |
|    fps                  | 90           |
|    iterations           | 6            |
|    time_elapsed         | 33           |
|    total_timesteps      | 3072         |
| train/                  |              |
|    approx_kl            | 0.0013850211 |
|    clip_fraction        | 0.00879      |
|    clip_range           | 0.2          |
|    entropy_loss         | -0.106       |
|    explained_variance   | 0.000501     |
|    learning_rate        | 0.0003       |
|    loss                 | 1.38e+04     |
|    n_updates            | 50           |
|    policy_gradient_loss | -0.0049      |
|    value_loss           | 2.98e+04     |
------------------------------------------
-------------------------------------------
| rollout/                |               |
|    ep_len_mean          | 720           |
|    ep_rew_mean          | 6.4e+03       |
| time/                   |               |
|    fps                  | 91            |
|    iterations           | 7             |
|    time_elapsed         | 39            |
|    total_timesteps      | 3584          |
| train/                  |               |
|    approx_kl            | 0.00032659876 |
|    clip_fraction        | 0.0041        |
|    clip_range           | 0.2           |
|    entropy_loss         | -0.0986       |
|    explained_variance   | 0.000318      |
|    learning_rate        | 0.0003        |
|    loss                 | 1.67e+04      |
|    n_updates            | 60            |
|    policy_gradient_loss | -0.00129      |
|    value_loss           | 3.07e+04      |
-------------------------------------------
------------------------------------------
| rollout/                |              |
|    ep_len_mean          | 720          |
|    ep_rew_mean          | 6.41e+03     |
| time/                   |              |
|    fps                  | 91           |
|    iterations           | 8            |
|    time_elapsed         | 44           |
|    total_timesteps      | 4096         |
| train/                  |              |
|    approx_kl            | 0.0010819772 |
|    clip_fraction        | 0.0084       |
|    clip_range           | 0.2          |
|    entropy_loss         | -0.107       |
|    explained_variance   | 0.00031      |
|    learning_rate        | 0.0003       |
|    loss                 | 1.68e+04     |
|    n_updates            | 70           |
|    policy_gradient_loss | -0.00656     |
|    value_loss           | 4.06e+04     |
------------------------------------------
-------------------------------------------
| rollout/                |               |
|    ep_len_mean          | 720           |
|    ep_rew_mean          | 6.25e+03      |
| time/                   |               |
|    fps                  | 90            |
|    iterations           | 9             |
|    time_elapsed         | 50            |
|    total_timesteps      | 4608          |
| train/                  |               |
|    approx_kl            | 0.00018061558 |
|    clip_fraction        | 0.000781      |
|    clip_range           | 0.2           |
|    entropy_loss         | -0.0951       |
|    explained_variance   | 0.000187      |
|    learning_rate        | 0.0003        |
|    loss                 | 1.4e+04       |
|    n_updates            | 80            |
|    policy_gradient_loss | -0.00144      |
|    value_loss           | 2.95e+04      |
-------------------------------------------
-------------------------------------------
| rollout/                |               |
|    ep_len_mean          | 720           |
|    ep_rew_mean          | 6.31e+03      |
| time/                   |               |
|    fps                  | 90            |
|    iterations           | 10            |
|    time_elapsed         | 56            |
|    total_timesteps      | 5120          |
| train/                  |               |
|    approx_kl            | 0.00028470415 |
|    clip_fraction        | 0.00371       |
|    clip_range           | 0.2           |
|    entropy_loss         | -0.0992       |
|    explained_variance   | 0.000176      |
|    learning_rate        | 0.0003        |
|    loss                 | 1.58e+04      |
|    n_updates            | 90            |
|    policy_gradient_loss | -0.00148      |
|    value_loss           | 2.67e+04      |
-------------------------------------------
-------------------------------------------
| rollout/                |               |
|    ep_len_mean          | 720           |
|    ep_rew_mean          | 6.31e+03      |
| time/                   |               |
|    fps                  | 90            |
|    iterations           | 11            |
|    time_elapsed         | 61            |
|    total_timesteps      | 5632          |
| train/                  |               |
|    approx_kl            | 0.00021290591 |
|    clip_fraction        | 0.00137       |
|    clip_range           | 0.2           |
|    entropy_loss         | -0.119        |
|    explained_variance   | 5.91e-05      |
|    learning_rate        | 0.0003        |
|    loss                 | 1.77e+04      |
|    n_updates            | 100           |
|    policy_gradient_loss | -0.00129      |
|    value_loss           | 3.48e+04      |
-------------------------------------------
-------------------------------------------
| rollout/                |               |
|    ep_len_mean          | 720           |
|    ep_rew_mean          | 6.23e+03      |
| time/                   |               |
|    fps                  | 91            |
|    iterations           | 12            |
|    time_elapsed         | 67            |
|    total_timesteps      | 6144          |
| train/                  |               |
|    approx_kl            | 0.00018913418 |
|    clip_fraction        | 0.00254       |
|    clip_range           | 0.2           |
|    entropy_loss         | -0.0984       |
|    explained_variance   | 2.57e-05      |
|    learning_rate        | 0.0003        |
|    loss                 | 1.57e+04      |
|    n_updates            | 110           |
|    policy_gradient_loss | -0.00167      |
|    value_loss           | 3.1e+04       |
-------------------------------------------
-------------------------------------------
| rollout/                |               |
|    ep_len_mean          | 720           |
|    ep_rew_mean          | 6.25e+03      |
| time/                   |               |
|    fps                  | 90            |
|    iterations           | 13            |
|    time_elapsed         | 73            |
|    total_timesteps      | 6656          |
| train/                  |               |
|    approx_kl            | 0.00053338485 |
|    clip_fraction        | 0.00293       |
|    clip_range           | 0.2           |
|    entropy_loss         | -0.12         |
|    explained_variance   | 3.98e-05      |
|    learning_rate        | 0.0003        |
|    loss                 | 1.35e+04      |
|    n_updates            | 120           |
|    policy_gradient_loss | -0.00328      |
|    value_loss           | 3.11e+04      |
-------------------------------------------
------------------------------------------
| rollout/                |              |
|    ep_len_mean          | 720          |
|    ep_rew_mean          | 6.25e+03     |
| time/                   |              |
|    fps                  | 90           |
|    iterations           | 14           |
|    time_elapsed         | 79           |
|    total_timesteps      | 7168         |
| train/                  |              |
|    approx_kl            | 0.0019304301 |
|    clip_fraction        | 0.0139       |
|    clip_range           | 0.2          |
|    entropy_loss         | -0.111       |
|    explained_variance   | 0.00011      |
|    learning_rate        | 0.0003       |
|    loss                 | 1.75e+04     |
|    n_updates            | 130          |
|    policy_gradient_loss | -0.00282     |
|    value_loss           | 3.25e+04     |
------------------------------------------
-------------------------------------------
| rollout/                |               |
|    ep_len_mean          | 720           |
|    ep_rew_mean          | 6.19e+03      |
| time/                   |               |
|    fps                  | 91            |
|    iterations           | 15            |
|    time_elapsed         | 84            |
|    total_timesteps      | 7680          |
| train/                  |               |
|    approx_kl            | 0.00030405202 |
|    clip_fraction        | 0.00254       |
|    clip_range           | 0.2           |
|    entropy_loss         | -0.121        |
|    explained_variance   | -5.78e-05     |
|    learning_rate        | 0.0003        |
|    loss                 | 1.72e+04      |
|    n_updates            | 140           |
|    policy_gradient_loss | -0.00142      |
|    value_loss           | 3.48e+04      |
-------------------------------------------
------------------------------------------
| rollout/                |              |
|    ep_len_mean          | 720          |
|    ep_rew_mean          | 6.14e+03     |
| time/                   |              |
|    fps                  | 90           |
|    iterations           | 16           |
|    time_elapsed         | 90           |
|    total_timesteps      | 8192         |
| train/                  |              |
|    approx_kl            | 0.0008445204 |
|    clip_fraction        | 0.00742      |
|    clip_range           | 0.2          |
|    entropy_loss         | -0.131       |
|    explained_variance   | 2.09e-05     |
|    learning_rate        | 0.0003       |
|    loss                 | 1.37e+04     |
|    n_updates            | 150          |
|    policy_gradient_loss | -0.00312     |
|    value_loss           | 2.81e+04     |
------------------------------------------
------------------------------------------
| rollout/                |              |
|    ep_len_mean          | 720          |
|    ep_rew_mean          | 6.17e+03     |
| time/                   |              |
|    fps                  | 90           |
|    iterations           | 17           |
|    time_elapsed         | 95           |
|    total_timesteps      | 8704         |
| train/                  |              |
|    approx_kl            | 0.0029361132 |
|    clip_fraction        | 0.0187       |
|    clip_range           | 0.2          |
|    entropy_loss         | -0.136       |
|    explained_variance   | 6.03e-05     |
|    learning_rate        | 0.0003       |
|    loss                 | 1.5e+04      |
|    n_updates            | 160          |
|    policy_gradient_loss | -0.00537     |
|    value_loss           | 2.97e+04     |
------------------------------------------
------------------------------------------
| rollout/                |              |
|    ep_len_mean          | 720          |
|    ep_rew_mean          | 6.17e+03     |
| time/                   |              |
|    fps                  | 90           |
|    iterations           | 18           |
|    time_elapsed         | 101          |
|    total_timesteps      | 9216         |
| train/                  |              |
|    approx_kl            | 0.0016959206 |
|    clip_fraction        | 0.00859      |
|    clip_range           | 0.2          |
|    entropy_loss         | -0.117       |
|    explained_variance   | 4.72e-05     |
|    learning_rate        | 0.0003       |
|    loss                 | 1.81e+04     |
|    n_updates            | 170          |
|    policy_gradient_loss | -0.00302     |
|    value_loss           | 3.85e+04     |
------------------------------------------
-------------------------------------------
| rollout/                |               |
|    ep_len_mean          | 720           |
|    ep_rew_mean          | 6.17e+03      |
| time/                   |               |
|    fps                  | 90            |
|    iterations           | 19            |
|    time_elapsed         | 107           |
|    total_timesteps      | 9728          |
| train/                  |               |
|    approx_kl            | 0.00043816608 |
|    clip_fraction        | 0.0041        |
|    clip_range           | 0.2           |
|    entropy_loss         | -0.119        |
|    explained_variance   | 5.48e-05      |
|    learning_rate        | 0.0003        |
|    loss                 | 1.79e+04      |
|    n_updates            | 180           |
|    policy_gradient_loss | -0.00188      |
|    value_loss           | 3.21e+04      |
-------------------------------------------
-------------------------------------------
| rollout/                |               |
|    ep_len_mean          | 720           |
|    ep_rew_mean          | 6.17e+03      |
| time/                   |               |
|    fps                  | 90            |
|    iterations           | 20            |
|    time_elapsed         | 113           |
|    total_timesteps      | 10240         |
| train/                  |               |
|    approx_kl            | 0.00035081359 |
|    clip_fraction        | 0.00332       |
|    clip_range           | 0.2           |
|    entropy_loss         | -0.121        |
|    explained_variance   | 5.18e-05      |
|    learning_rate        | 0.0003        |
|    loss                 | 1.57e+04      |
|    n_updates            | 190           |
|    policy_gradient_loss | -0.002        |
|    value_loss           | 2.98e+04      |
-------------------------------------------
------------------------------------------
| rollout/                |              |
|    ep_len_mean          | 720          |
|    ep_rew_mean          | 6.17e+03     |
| time/                   |              |
|    fps                  | 89           |
|    iterations           | 21           |
|    time_elapsed         | 119          |
|    total_timesteps      | 10752        |
| train/                  |              |
|    approx_kl            | 0.0006554964 |
|    clip_fraction        | 0.00508      |
|    clip_range           | 0.2          |
|    entropy_loss         | -0.19        |
|    explained_variance   | 4.39e-05     |
|    learning_rate        | 0.0003       |
|    loss                 | 1.46e+04     |
|    n_updates            | 200          |
|    policy_gradient_loss | -0.00372     |
|    value_loss           | 2.98e+04     |
------------------------------------------
-------------------------------------------
| rollout/                |               |
|    ep_len_mean          | 720           |
|    ep_rew_mean          | 6.16e+03      |
| time/                   |               |
|    fps                  | 90            |
|    iterations           | 22            |
|    time_elapsed         | 124           |
|    total_timesteps      | 11264         |
| train/                  |               |
|    approx_kl            | 0.00046950864 |
|    clip_fraction        | 0.00176       |
|    clip_range           | 0.2           |
|    entropy_loss         | -0.175        |
|    explained_variance   | 7.09e-06      |
|    learning_rate        | 0.0003        |
|    loss                 | 2.18e+04      |
|    n_updates            | 210           |
|    policy_gradient_loss | -0.00298      |
|    value_loss           | 4.51e+04      |
-------------------------------------------
------------------------------------------
| rollout/                |              |
|    ep_len_mean          | 720          |
|    ep_rew_mean          | 6.17e+03     |
| time/                   |              |
|    fps                  | 90           |
|    iterations           | 23           |
|    time_elapsed         | 130          |
|    total_timesteps      | 11776        |
| train/                  |              |
|    approx_kl            | 0.0005897798 |
|    clip_fraction        | 0.00371      |
|    clip_range           | 0.2          |
|    entropy_loss         | -0.133       |
|    explained_variance   | 2.37e-05     |
|    learning_rate        | 0.0003       |
|    loss                 | 1.64e+04     |
|    n_updates            | 220          |
|    policy_gradient_loss | -0.00202     |
|    value_loss           | 3.07e+04     |
------------------------------------------
------------------------------------------
| rollout/                |              |
|    ep_len_mean          | 720          |
|    ep_rew_mean          | 6.15e+03     |
| time/                   |              |
|    fps                  | 90           |
|    iterations           | 24           |
|    time_elapsed         | 136          |
|    total_timesteps      | 12288        |
| train/                  |              |
|    approx_kl            | 0.0015252884 |
|    clip_fraction        | 0.00723      |
|    clip_range           | 0.2          |
|    entropy_loss         | -0.15        |
|    explained_variance   | 2.3e-05      |
|    learning_rate        | 0.0003       |
|    loss                 | 1.59e+04     |
|    n_updates            | 230          |
|    policy_gradient_loss | -0.00259     |
|    value_loss           | 3.06e+04     |
------------------------------------------
-----------------------------------------
| rollout/                |             |
|    ep_len_mean          | 720         |
|    ep_rew_mean          | 6.15e+03    |
| time/                   |             |
|    fps                  | 90          |
|    iterations           | 25          |
|    time_elapsed         | 141         |
|    total_timesteps      | 12800       |
| train/                  |             |
|    approx_kl            | 0.036236253 |
|    clip_fraction        | 0.0814      |
|    clip_range           | 0.2         |
|    entropy_loss         | -0.189      |
|    explained_variance   | 2.45e-05    |
|    learning_rate        | 0.0003      |
|    loss                 | 1.65e+04    |
|    n_updates            | 240         |
|    policy_gradient_loss | -0.0323     |
|    value_loss           | 3.14e+04    |
-----------------------------------------
------------------------------------------
| rollout/                |              |
|    ep_len_mean          | 720          |
|    ep_rew_mean          | 6.14e+03     |
| time/                   |              |
|    fps                  | 90           |
|    iterations           | 26           |
|    time_elapsed         | 147          |
|    total_timesteps      | 13312        |
| train/                  |              |
|    approx_kl            | 0.0016950194 |
|    clip_fraction        | 0.0178       |
|    clip_range           | 0.2          |
|    entropy_loss         | -0.176       |
|    explained_variance   | 2.69e-05     |
|    learning_rate        | 0.0003       |
|    loss                 | 1.64e+04     |
|    n_updates            | 250          |
|    policy_gradient_loss | -0.00642     |
|    value_loss           | 3.42e+04     |
------------------------------------------
------------------------------------------
| rollout/                |              |
|    ep_len_mean          | 720          |
|    ep_rew_mean          | 6.12e+03     |
| time/                   |              |
|    fps                  | 90           |
|    iterations           | 27           |
|    time_elapsed         | 153          |
|    total_timesteps      | 13824        |
| train/                  |              |
|    approx_kl            | 0.0010267425 |
|    clip_fraction        | 0.0082       |
|    clip_range           | 0.2          |
|    entropy_loss         | -0.146       |
|    explained_variance   | 1.45e-05     |
|    learning_rate        | 0.0003       |
|    loss                 | 1.58e+04     |
|    n_updates            | 260          |
|    policy_gradient_loss | -0.00334     |
|    value_loss           | 2.89e+04     |
------------------------------------------
------------------------------------------
| rollout/                |              |
|    ep_len_mean          | 720          |
|    ep_rew_mean          | 6.12e+03     |
| time/                   |              |
|    fps                  | 90           |
|    iterations           | 28           |
|    time_elapsed         | 158          |
|    total_timesteps      | 14336        |
| train/                  |              |
|    approx_kl            | 0.0040959003 |
|    clip_fraction        | 0.023        |
|    clip_range           | 0.2          |
|    entropy_loss         | -0.179       |
|    explained_variance   | 5.09e-05     |
|    learning_rate        | 0.0003       |
|    loss                 | 1.14e+04     |
|    n_updates            | 270          |
|    policy_gradient_loss | -0.00998     |
|    value_loss           | 2.65e+04     |
------------------------------------------
------------------------------------------
| rollout/                |              |
|    ep_len_mean          | 720          |
|    ep_rew_mean          | 6.07e+03     |
| time/                   |              |
|    fps                  | 90           |
|    iterations           | 29           |
|    time_elapsed         | 164          |
|    total_timesteps      | 14848        |
| train/                  |              |
|    approx_kl            | 0.0006695386 |
|    clip_fraction        | 0.00508      |
|    clip_range           | 0.2          |
|    entropy_loss         | -0.153       |
|    explained_variance   | 1.44e-05     |
|    learning_rate        | 0.0003       |
|    loss                 | 1.74e+04     |
|    n_updates            | 280          |
|    policy_gradient_loss | -0.002       |
|    value_loss           | 3.61e+04     |
------------------------------------------
------------------------------------------
| rollout/                |              |
|    ep_len_mean          | 720          |
|    ep_rew_mean          | 6.07e+03     |
| time/                   |              |
|    fps                  | 90           |
|    iterations           | 30           |
|    time_elapsed         | 170          |
|    total_timesteps      | 15360        |
| train/                  |              |
|    approx_kl            | 0.0012584628 |
|    clip_fraction        | 0.0111       |
|    clip_range           | 0.2          |
|    entropy_loss         | -0.209       |
|    explained_variance   | 2.63e-05     |
|    learning_rate        | 0.0003       |
|    loss                 | 1.34e+04     |
|    n_updates            | 290          |
|    policy_gradient_loss | -0.00421     |
|    value_loss           | 2.89e+04     |
------------------------------------------
------------------------------------------
| rollout/                |              |
|    ep_len_mean          | 720          |
|    ep_rew_mean          | 6.03e+03     |
| time/                   |              |
|    fps                  | 89           |
|    iterations           | 31           |
|    time_elapsed         | 176          |
|    total_timesteps      | 15872        |
| train/                  |              |
|    approx_kl            | 0.0028648966 |
|    clip_fraction        | 0.0174       |
|    clip_range           | 0.2          |
|    entropy_loss         | -0.237       |
|    explained_variance   | 2.56e-05     |
|    learning_rate        | 0.0003       |
|    loss                 | 1.76e+04     |
|    n_updates            | 300          |
|    policy_gradient_loss | -0.00706     |
|    value_loss           | 3.4e+04      |
------------------------------------------
-----------------------------------------
| rollout/                |             |
|    ep_len_mean          | 720         |
|    ep_rew_mean          | 6.03e+03    |
| time/                   |             |
|    fps                  | 90          |
|    iterations           | 32          |
|    time_elapsed         | 181         |
|    total_timesteps      | 16384       |
| train/                  |             |
|    approx_kl            | 0.006889932 |
|    clip_fraction        | 0.0387      |
|    clip_range           | 0.2         |
|    entropy_loss         | -0.206      |
|    explained_variance   | 1.98e-05    |
|    learning_rate        | 0.0003      |
|    loss                 | 1.32e+04    |
|    n_updates            | 310         |
|    policy_gradient_loss | -0.00853    |
|    value_loss           | 2.77e+04    |
-----------------------------------------
-------------------------------------------
| rollout/                |               |
|    ep_len_mean          | 720           |
|    ep_rew_mean          | 6.03e+03      |
| time/                   |               |
|    fps                  | 89            |
|    iterations           | 33            |
|    time_elapsed         | 188           |
|    total_timesteps      | 16896         |
| train/                  |               |
|    approx_kl            | 0.00080820685 |
|    clip_fraction        | 0.00859       |
|    clip_range           | 0.2           |
|    entropy_loss         | -0.216        |
|    explained_variance   | 6.02e-06      |
|    learning_rate        | 0.0003        |
|    loss                 | 1.69e+04      |
|    n_updates            | 320           |
|    policy_gradient_loss | -0.00395      |
|    value_loss           | 3.39e+04      |
-------------------------------------------
-----------------------------------------
| rollout/                |             |
|    ep_len_mean          | 720         |
|    ep_rew_mean          | 6e+03       |
| time/                   |             |
|    fps                  | 89          |
|    iterations           | 34          |
|    time_elapsed         | 193         |
|    total_timesteps      | 17408       |
| train/                  |             |
|    approx_kl            | 0.002239686 |
|    clip_fraction        | 0.023       |
|    clip_range           | 0.2         |
|    entropy_loss         | -0.26       |
|    explained_variance   | 1.84e-05    |
|    learning_rate        | 0.0003      |
|    loss                 | 1.06e+04    |
|    n_updates            | 330         |
|    policy_gradient_loss | -0.00716    |
|    value_loss           | 2.2e+04     |
-----------------------------------------
------------------------------------------
| rollout/                |              |
|    ep_len_mean          | 720          |
|    ep_rew_mean          | 6e+03        |
| time/                   |              |
|    fps                  | 89           |
|    iterations           | 35           |
|    time_elapsed         | 199          |
|    total_timesteps      | 17920        |
| train/                  |              |
|    approx_kl            | 0.0010598425 |
|    clip_fraction        | 0.0041       |
|    clip_range           | 0.2          |
|    entropy_loss         | -0.185       |
|    explained_variance   | 4.33e-05     |
|    learning_rate        | 0.0003       |
|    loss                 | 1.25e+04     |
|    n_updates            | 340          |
|    policy_gradient_loss | -0.00247     |
|    value_loss           | 2.79e+04     |
------------------------------------------
------------------------------------------
| rollout/                |              |
|    ep_len_mean          | 720          |
|    ep_rew_mean          | 5.98e+03     |
| time/                   |              |
|    fps                  | 89           |
|    iterations           | 36           |
|    time_elapsed         | 205          |
|    total_timesteps      | 18432        |
| train/                  |              |
|    approx_kl            | 0.0013193089 |
|    clip_fraction        | 0.0127       |
|    clip_range           | 0.2          |
|    entropy_loss         | -0.217       |
|    explained_variance   | 1.24e-05     |
|    learning_rate        | 0.0003       |
|    loss                 | 1.4e+04      |
|    n_updates            | 350          |
|    policy_gradient_loss | -0.00426     |
|    value_loss           | 3.37e+04     |
------------------------------------------
-----------------------------------------
| rollout/                |             |
|    ep_len_mean          | 720         |
|    ep_rew_mean          | 5.94e+03    |
| time/                   |             |
|    fps                  | 89          |
|    iterations           | 37          |
|    time_elapsed         | 211         |
|    total_timesteps      | 18944       |
| train/                  |             |
|    approx_kl            | 0.003937599 |
|    clip_fraction        | 0.0189      |
|    clip_range           | 0.2         |
|    entropy_loss         | -0.248      |
|    explained_variance   | 1.06e-05    |
|    learning_rate        | 0.0003      |
|    loss                 | 8.74e+03    |
|    n_updates            | 360         |
|    policy_gradient_loss | -0.00929    |
|    value_loss           | 2.37e+04    |
-----------------------------------------
----------------------------------------
| rollout/                |            |
|    ep_len_mean          | 720        |
|    ep_rew_mean          | 5.94e+03   |
| time/                   |            |
|    fps                  | 89         |
|    iterations           | 38         |
|    time_elapsed         | 218        |
|    total_timesteps      | 19456      |
| train/                  |            |
|    approx_kl            | 0.00146802 |
|    clip_fraction        | 0.0113     |
|    clip_range           | 0.2        |
|    entropy_loss         | -0.218     |
|    explained_variance   | 3.44e-05   |
|    learning_rate        | 0.0003     |
|    loss                 | 1.46e+04   |
|    n_updates            | 370        |
|    policy_gradient_loss | -0.00503   |
|    value_loss           | 2.72e+04   |
----------------------------------------
------------------------------------------
| rollout/                |              |
|    ep_len_mean          | 720          |
|    ep_rew_mean          | 5.94e+03     |
| time/                   |              |
|    fps                  | 89           |
|    iterations           | 39           |
|    time_elapsed         | 223          |
|    total_timesteps      | 19968        |
| train/                  |              |
|    approx_kl            | 0.0011539784 |
|    clip_fraction        | 0.00977      |
|    clip_range           | 0.2          |
|    entropy_loss         | -0.194       |
|    explained_variance   | 6.09e-05     |
|    learning_rate        | 0.0003       |
|    loss                 | 1.56e+04     |
|    n_updates            | 380          |
|    policy_gradient_loss | -0.00535     |
|    value_loss           | 3.32e+04     |
------------------------------------------
-----------------------------------------
| rollout/                |             |
|    ep_len_mean          | 720         |
|    ep_rew_mean          | 5.9e+03     |
| time/                   |             |
|    fps                  | 89          |
|    iterations           | 40          |
|    time_elapsed         | 228         |
|    total_timesteps      | 20480       |
| train/                  |             |
|    approx_kl            | 0.006844394 |
|    clip_fraction        | 0.032       |
|    clip_range           | 0.2         |
|    entropy_loss         | -0.219      |
|    explained_variance   | 2.9e-05     |
|    learning_rate        | 0.0003      |
|    loss                 | 9.24e+03    |
|    n_updates            | 390         |
|    policy_gradient_loss | -0.00822    |
|    value_loss           | 1.86e+04    |
-----------------------------------------
-------------------------------------------
| rollout/                |               |
|    ep_len_mean          | 720           |
|    ep_rew_mean          | 5.88e+03      |
| time/                   |               |
|    fps                  | 89            |
|    iterations           | 41            |
|    time_elapsed         | 235           |
|    total_timesteps      | 20992         |
| train/                  |               |
|    approx_kl            | 0.00096147286 |
|    clip_fraction        | 0.0113        |
|    clip_range           | 0.2           |
|    entropy_loss         | -0.234        |
|    explained_variance   | 2.95e-05      |
|    learning_rate        | 0.0003        |
|    loss                 | 1.55e+04      |
|    n_updates            | 400           |
|    policy_gradient_loss | -0.00447      |
|    value_loss           | 3.11e+04      |
-------------------------------------------
-----------------------------------------
| rollout/                |             |
|    ep_len_mean          | 720         |
|    ep_rew_mean          | 5.88e+03    |
| time/                   |             |
|    fps                  | 89          |
|    iterations           | 42          |
|    time_elapsed         | 240         |
|    total_timesteps      | 21504       |
| train/                  |             |
|    approx_kl            | 0.004010711 |
|    clip_fraction        | 0.0303      |
|    clip_range           | 0.2         |
|    entropy_loss         | -0.269      |
|    explained_variance   | 1.35e-05    |
|    learning_rate        | 0.0003      |
|    loss                 | 1.09e+04    |
|    n_updates            | 410         |
|    policy_gradient_loss | -0.00645    |
|    value_loss           | 2.2e+04     |
-----------------------------------------
------------------------------------------
| rollout/                |              |
|    ep_len_mean          | 720          |
|    ep_rew_mean          | 5.86e+03     |
| time/                   |              |
|    fps                  | 89           |
|    iterations           | 43           |
|    time_elapsed         | 245          |
|    total_timesteps      | 22016        |
| train/                  |              |
|    approx_kl            | 0.0009509738 |
|    clip_fraction        | 0.00352      |
|    clip_range           | 0.2          |
|    entropy_loss         | -0.214       |
|    explained_variance   | 8.82e-06     |
|    learning_rate        | 0.0003       |
|    loss                 | 1.83e+04     |
|    n_updates            | 420          |
|    policy_gradient_loss | -0.00398     |
|    value_loss           | 3.49e+04     |
------------------------------------------
------------------------------------------
| rollout/                |              |
|    ep_len_mean          | 720          |
|    ep_rew_mean          | 5.82e+03     |
| time/                   |              |
|    fps                  | 89           |
|    iterations           | 44           |
|    time_elapsed         | 250          |
|    total_timesteps      | 22528        |
| train/                  |              |
|    approx_kl            | 0.0054950574 |
|    clip_fraction        | 0.0301       |
|    clip_range           | 0.2          |
|    entropy_loss         | -0.269       |
|    explained_variance   | 1e-05        |
|    learning_rate        | 0.0003       |
|    loss                 | 9.96e+03     |
|    n_updates            | 430          |
|    policy_gradient_loss | -0.0078      |
|    value_loss           | 1.93e+04     |
------------------------------------------
-----------------------------------------
| rollout/                |             |
|    ep_len_mean          | 720         |
|    ep_rew_mean          | 5.8e+03     |
| time/                   |             |
|    fps                  | 89          |
|    iterations           | 45          |
|    time_elapsed         | 256         |
|    total_timesteps      | 23040       |
| train/                  |             |
|    approx_kl            | 0.010569783 |
|    clip_fraction        | 0.052       |
|    clip_range           | 0.2         |
|    entropy_loss         | -0.272      |
|    explained_variance   | 1.71e-05    |
|    learning_rate        | 0.0003      |
|    loss                 | 1.46e+04    |
|    n_updates            | 440         |
|    policy_gradient_loss | -0.0127     |
|    value_loss           | 2.61e+04    |
-----------------------------------------
------------------------------------------
| rollout/                |              |
|    ep_len_mean          | 720          |
|    ep_rew_mean          | 5.8e+03      |
| time/                   |              |
|    fps                  | 89           |
|    iterations           | 46           |
|    time_elapsed         | 262          |
|    total_timesteps      | 23552        |
| train/                  |              |
|    approx_kl            | 0.0007443604 |
|    clip_fraction        | 0.00684      |
|    clip_range           | 0.2          |
|    entropy_loss         | -0.2         |
|    explained_variance   | 4.05e-06     |
|    learning_rate        | 0.0003       |
|    loss                 | 1.64e+04     |
|    n_updates            | 450          |
|    policy_gradient_loss | -0.00258     |
|    value_loss           | 3.11e+04     |
------------------------------------------
-----------------------------------------
| rollout/                |             |
|    ep_len_mean          | 720         |
|    ep_rew_mean          | 5.74e+03    |
| time/                   |             |
|    fps                  | 90          |
|    iterations           | 47          |
|    time_elapsed         | 267         |
|    total_timesteps      | 24064       |
| train/                  |             |
|    approx_kl            | 0.003961403 |
|    clip_fraction        | 0.0162      |
|    clip_range           | 0.2         |
|    entropy_loss         | -0.22       |
|    explained_variance   | 9.48e-06    |
|    learning_rate        | 0.0003      |
|    loss                 | 1.06e+04    |
|    n_updates            | 460         |
|    policy_gradient_loss | -0.00583    |
|    value_loss           | 2.29e+04    |
-----------------------------------------
-----------------------------------------
| rollout/                |             |
|    ep_len_mean          | 720         |
|    ep_rew_mean          | 5.71e+03    |
| time/                   |             |
|    fps                  | 89          |
|    iterations           | 48          |
|    time_elapsed         | 273         |
|    total_timesteps      | 24576       |
| train/                  |             |
|    approx_kl            | 0.001826926 |
|    clip_fraction        | 0.00859     |
|    clip_range           | 0.2         |
|    entropy_loss         | -0.237      |
|    explained_variance   | 1.62e-05    |
|    learning_rate        | 0.0003      |
|    loss                 | 9.75e+03    |
|    n_updates            | 470         |
|    policy_gradient_loss | -0.00468    |
|    value_loss           | 1.9e+04     |
-----------------------------------------
------------------------------------------
| rollout/                |              |
|    ep_len_mean          | 720          |
|    ep_rew_mean          | 5.71e+03     |
| time/                   |              |
|    fps                  | 89           |
|    iterations           | 49           |
|    time_elapsed         | 278          |
|    total_timesteps      | 25088        |
| train/                  |              |
|    approx_kl            | 0.0012265812 |
|    clip_fraction        | 0.00645      |
|    clip_range           | 0.2          |
|    entropy_loss         | -0.233       |
|    explained_variance   | 1.1e-05      |
|    learning_rate        | 0.0003       |
|    loss                 | 1.1e+04      |
|    n_updates            | 480          |
|    policy_gradient_loss | -0.00553     |
|    value_loss           | 2.16e+04     |
------------------------------------------
-------------------------------------------
| rollout/                |               |
|    ep_len_mean          | 720           |
|    ep_rew_mean          | 5.65e+03      |
| time/                   |               |
|    fps                  | 90            |
|    iterations           | 50            |
|    time_elapsed         | 284           |
|    total_timesteps      | 25600         |
| train/                  |               |
|    approx_kl            | 0.00074316026 |
|    clip_fraction        | 0.00957       |
|    clip_range           | 0.2           |
|    entropy_loss         | -0.19         |
|    explained_variance   | 2.98e-06      |
|    learning_rate        | 0.0003        |
|    loss                 | 8.67e+03      |
|    n_updates            | 490           |
|    policy_gradient_loss | -0.00333      |
|    value_loss           | 1.74e+04      |
-------------------------------------------
------------------------------------------
| rollout/                |              |
|    ep_len_mean          | 720          |
|    ep_rew_mean          | 5.59e+03     |
| time/                   |              |
|    fps                  | 89           |
|    iterations           | 51           |
|    time_elapsed         | 290          |
|    total_timesteps      | 26112        |
| train/                  |              |
|    approx_kl            | 0.0048334505 |
|    clip_fraction        | 0.0465       |
|    clip_range           | 0.2          |
|    entropy_loss         | -0.366       |
|    explained_variance   | 7.93e-06     |
|    learning_rate        | 0.0003       |
|    loss                 | 1.14e+04     |
|    n_updates            | 500          |
|    policy_gradient_loss | -0.00858     |
|    value_loss           | 2.29e+04     |
------------------------------------------
------------------------------------------
| rollout/                |              |
|    ep_len_mean          | 720          |
|    ep_rew_mean          | 5.59e+03     |
| time/                   |              |
|    fps                  | 89           |
|    iterations           | 52           |
|    time_elapsed         | 295          |
|    total_timesteps      | 26624        |
| train/                  |              |
|    approx_kl            | 0.0021270611 |
|    clip_fraction        | 0.0156       |
|    clip_range           | 0.2          |
|    entropy_loss         | -0.241       |
|    explained_variance   | 8.17e-06     |
|    learning_rate        | 0.0003       |
|    loss                 | 9.68e+03     |
|    n_updates            | 510          |
|    policy_gradient_loss | -0.00691     |
|    value_loss           | 1.79e+04     |
------------------------------------------
------------------------------------------
| rollout/                |              |
|    ep_len_mean          | 720          |
|    ep_rew_mean          | 5.55e+03     |
| time/                   |              |
|    fps                  | 89           |
|    iterations           | 53           |
|    time_elapsed         | 302          |
|    total_timesteps      | 27136        |
| train/                  |              |
|    approx_kl            | 0.0011077275 |
|    clip_fraction        | 0.00527      |
|    clip_range           | 0.2          |
|    entropy_loss         | -0.144       |
|    explained_variance   | 1.37e-06     |
|    learning_rate        | 0.0003       |
|    loss                 | 1.31e+04     |
|    n_updates            | 520          |
|    policy_gradient_loss | -0.00315     |
|    value_loss           | 2.5e+04      |
------------------------------------------
------------------------------------------
| rollout/                |              |
|    ep_len_mean          | 720          |
|    ep_rew_mean          | 5.51e+03     |
| time/                   |              |
|    fps                  | 89           |
|    iterations           | 54           |
|    time_elapsed         | 307          |
|    total_timesteps      | 27648        |
| train/                  |              |
|    approx_kl            | 0.0017465816 |
|    clip_fraction        | 0.0111       |
|    clip_range           | 0.2          |
|    entropy_loss         | -0.28        |
|    explained_variance   | 5.6e-06      |
|    learning_rate        | 0.0003       |
|    loss                 | 9.94e+03     |
|    n_updates            | 530          |
|    policy_gradient_loss | -0.00431     |
|    value_loss           | 1.88e+04     |
------------------------------------------
------------------------------------------
| rollout/                |              |
|    ep_len_mean          | 720          |
|    ep_rew_mean          | 5.51e+03     |
| time/                   |              |
|    fps                  | 89           |
|    iterations           | 55           |
|    time_elapsed         | 313          |
|    total_timesteps      | 28160        |
| train/                  |              |
|    approx_kl            | 0.0025981255 |
|    clip_fraction        | 0.0244       |
|    clip_range           | 0.2          |
|    entropy_loss         | -0.261       |
|    explained_variance   | 7.21e-06     |
|    learning_rate        | 0.0003       |
|    loss                 | 9.32e+03     |
|    n_updates            | 540          |
|    policy_gradient_loss | -0.0065      |
|    value_loss           | 1.88e+04     |
------------------------------------------
------------------------------------------
| rollout/                |              |
|    ep_len_mean          | 720          |
|    ep_rew_mean          | 5.51e+03     |
| time/                   |              |
|    fps                  | 89           |
|    iterations           | 56           |
|    time_elapsed         | 319          |
|    total_timesteps      | 28672        |
| train/                  |              |
|    approx_kl            | 0.0012743145 |
|    clip_fraction        | 0.00879      |
|    clip_range           | 0.2          |
|    entropy_loss         | -0.265       |
|    explained_variance   | 5.6e-06      |
|    learning_rate        | 0.0003       |
|    loss                 | 1.56e+04     |
|    n_updates            | 550          |
|    policy_gradient_loss | -0.00347     |
|    value_loss           | 3.21e+04     |
------------------------------------------
------------------------------------------
| rollout/                |              |
|    ep_len_mean          | 720          |
|    ep_rew_mean          | 5.48e+03     |
| time/                   |              |
|    fps                  | 90           |
|    iterations           | 57           |
|    time_elapsed         | 324          |
|    total_timesteps      | 29184        |
| train/                  |              |
|    approx_kl            | 0.0030095233 |
|    clip_fraction        | 0.0473       |
|    clip_range           | 0.2          |
|    entropy_loss         | -0.22        |
|    explained_variance   | 2.62e-06     |
|    learning_rate        | 0.0003       |
|    loss                 | 1.2e+04      |
|    n_updates            | 560          |
|    policy_gradient_loss | -0.0107      |
|    value_loss           | 2.79e+04     |
------------------------------------------
------------------------------------------
| rollout/                |              |
|    ep_len_mean          | 720          |
|    ep_rew_mean          | 5.44e+03     |
| time/                   |              |
|    fps                  | 90           |
|    iterations           | 58           |
|    time_elapsed         | 329          |
|    total_timesteps      | 29696        |
| train/                  |              |
|    approx_kl            | 0.0025796222 |
|    clip_fraction        | 0.0213       |
|    clip_range           | 0.2          |
|    entropy_loss         | -0.248       |
|    explained_variance   | 3.7e-06      |
|    learning_rate        | 0.0003       |
|    loss                 | 9.77e+03     |
|    n_updates            | 570          |
|    policy_gradient_loss | -0.0085      |
|    value_loss           | 1.97e+04     |
------------------------------------------
-----------------------------------------
| rollout/                |             |
|    ep_len_mean          | 720         |
|    ep_rew_mean          | 5.44e+03    |
| time/                   |             |
|    fps                  | 90          |
|    iterations           | 59          |
|    time_elapsed         | 335         |
|    total_timesteps      | 30208       |
| train/                  |             |
|    approx_kl            | 0.002572447 |
|    clip_fraction        | 0.0342      |
|    clip_range           | 0.2         |
|    entropy_loss         | -0.273      |
|    explained_variance   | 4.95e-06    |
|    learning_rate        | 0.0003      |
|    loss                 | 4.57e+03    |
|    n_updates            | 580         |
|    policy_gradient_loss | -0.00781    |
|    value_loss           | 1.21e+04    |
-----------------------------------------
------------------------------------------
| rollout/                |              |
|    ep_len_mean          | 720          |
|    ep_rew_mean          | 5.43e+03     |
| time/                   |              |
|    fps                  | 90           |
|    iterations           | 60           |
|    time_elapsed         | 340          |
|    total_timesteps      | 30720        |
| train/                  |              |
|    approx_kl            | 0.0019271702 |
|    clip_fraction        | 0.015        |
|    clip_range           | 0.2          |
|    entropy_loss         | -0.299       |
|    explained_variance   | 5.36e-07     |
|    learning_rate        | 0.0003       |
|    loss                 | 1.31e+04     |
|    n_updates            | 590          |
|    policy_gradient_loss | -0.00621     |
|    value_loss           | 2.5e+04      |
------------------------------------------
------------------------------------------
| rollout/                |              |
|    ep_len_mean          | 720          |
|    ep_rew_mean          | 5.41e+03     |
| time/                   |              |
|    fps                  | 90           |
|    iterations           | 61           |
|    time_elapsed         | 346          |
|    total_timesteps      | 31232        |
| train/                  |              |
|    approx_kl            | 0.0018195075 |
|    clip_fraction        | 0.0125       |
|    clip_range           | 0.2          |
|    entropy_loss         | -0.279       |
|    explained_variance   | 7.33e-06     |
|    learning_rate        | 0.0003       |
|    loss                 | 9.5e+03      |
|    n_updates            | 600          |
|    policy_gradient_loss | -0.00489     |
|    value_loss           | 1.85e+04     |
------------------------------------------
------------------------------------------
| rollout/                |              |
|    ep_len_mean          | 720          |
|    ep_rew_mean          | 5.39e+03     |
| time/                   |              |
|    fps                  | 90           |
|    iterations           | 62           |
|    time_elapsed         | 352          |
|    total_timesteps      | 31744        |
| train/                  |              |
|    approx_kl            | 0.0041938117 |
|    clip_fraction        | 0.0371       |
|    clip_range           | 0.2          |
|    entropy_loss         | -0.383       |
|    explained_variance   | 6.85e-06     |
|    learning_rate        | 0.0003       |
|    loss                 | 1.26e+04     |
|    n_updates            | 610          |
|    policy_gradient_loss | -0.00875     |
|    value_loss           | 2.59e+04     |
------------------------------------------
-----------------------------------------
| rollout/                |             |
|    ep_len_mean          | 720         |
|    ep_rew_mean          | 5.39e+03    |
| time/                   |             |
|    fps                  | 90          |
|    iterations           | 63          |
|    time_elapsed         | 358         |
|    total_timesteps      | 32256       |
| train/                  |             |
|    approx_kl            | 0.008662086 |
|    clip_fraction        | 0.0619      |
|    clip_range           | 0.2         |
|    entropy_loss         | -0.272      |
|    explained_variance   | 5.78e-06    |
|    learning_rate        | 0.0003      |
|    loss                 | 1.01e+04    |
|    n_updates            | 620         |
|    policy_gradient_loss | -0.0158     |
|    value_loss           | 2.05e+04    |
-----------------------------------------
----------------------------------------
| rollout/                |            |
|    ep_len_mean          | 720        |
|    ep_rew_mean          | 5.35e+03   |
| time/                   |            |
|    fps                  | 90         |
|    iterations           | 64         |
|    time_elapsed         | 364        |
|    total_timesteps      | 32768      |
| train/                  |            |
|    approx_kl            | 0.00594856 |
|    clip_fraction        | 0.0375     |
|    clip_range           | 0.2        |
|    entropy_loss         | -0.275     |
|    explained_variance   | 3.1e-06    |
|    learning_rate        | 0.0003     |
|    loss                 | 1.08e+04   |
|    n_updates            | 630        |
|    policy_gradient_loss | -0.00899   |
|    value_loss           | 2.23e+04   |
----------------------------------------
------------------------------------------
| rollout/                |              |
|    ep_len_mean          | 720          |
|    ep_rew_mean          | 5.29e+03     |
| time/                   |              |
|    fps                  | 90           |
|    iterations           | 65           |
|    time_elapsed         | 369          |
|    total_timesteps      | 33280        |
| train/                  |              |
|    approx_kl            | 0.0035691783 |
|    clip_fraction        | 0.0242       |
|    clip_range           | 0.2          |
|    entropy_loss         | -0.311       |
|    explained_variance   | 2.56e-06     |
|    learning_rate        | 0.0003       |
|    loss                 | 5.67e+03     |
|    n_updates            | 640          |
|    policy_gradient_loss | -0.00779     |
|    value_loss           | 1.53e+04     |
------------------------------------------
-----------------------------------------
| rollout/                |             |
|    ep_len_mean          | 720         |
|    ep_rew_mean          | 5.29e+03    |
| time/                   |             |
|    fps                  | 90          |
|    iterations           | 66          |
|    time_elapsed         | 375         |
|    total_timesteps      | 33792       |
| train/                  |             |
|    approx_kl            | 0.012486732 |
|    clip_fraction        | 0.132       |
|    clip_range           | 0.2         |
|    entropy_loss         | -0.361      |
|    explained_variance   | 1.97e-06    |
|    learning_rate        | 0.0003      |
|    loss                 | 4.33e+03    |
|    n_updates            | 650         |
|    policy_gradient_loss | -0.00396    |
|    value_loss           | 8.43e+03    |
-----------------------------------------
------------------------------------------
| rollout/                |              |
|    ep_len_mean          | 720          |
|    ep_rew_mean          | 5.21e+03     |
| time/                   |              |
|    fps                  | 90           |
|    iterations           | 67           |
|    time_elapsed         | 380          |
|    total_timesteps      | 34304        |
| train/                  |              |
|    approx_kl            | 0.0026738748 |
|    clip_fraction        | 0.0127       |
|    clip_range           | 0.2          |
|    entropy_loss         | -0.277       |
|    explained_variance   | 1.61e-06     |
|    learning_rate        | 0.0003       |
|    loss                 | 9.49e+03     |
|    n_updates            | 660          |
|    policy_gradient_loss | -0.00722     |
|    value_loss           | 1.57e+04     |
------------------------------------------
------------------------------------------
| rollout/                |              |
|    ep_len_mean          | 720          |
|    ep_rew_mean          | 5.13e+03     |
| time/                   |              |
|    fps                  | 90           |
|    iterations           | 68           |
|    time_elapsed         | 386          |
|    total_timesteps      | 34816        |
| train/                  |              |
|    approx_kl            | 0.0071905656 |
|    clip_fraction        | 0.0465       |
|    clip_range           | 0.2          |
|    entropy_loss         | -0.413       |
|    explained_variance   | 4.47e-06     |
|    learning_rate        | 0.0003       |
|    loss                 | 7.57e+03     |
|    n_updates            | 670          |
|    policy_gradient_loss | -0.00549     |
|    value_loss           | 1.58e+04     |
------------------------------------------
----------------------------------------
| rollout/                |            |
|    ep_len_mean          | 720        |
|    ep_rew_mean          | 5.04e+03   |
| time/                   |            |
|    fps                  | 90         |
|    iterations           | 69         |
|    time_elapsed         | 392        |
|    total_timesteps      | 35328      |
| train/                  |            |
|    approx_kl            | 0.08657073 |
|    clip_fraction        | 0.268      |
|    clip_range           | 0.2        |
|    entropy_loss         | -0.423     |
|    explained_variance   | 3.99e-06   |
|    learning_rate        | 0.0003     |
|    loss                 | 1.87e+03   |
|    n_updates            | 680        |
|    policy_gradient_loss | 0.0162     |
|    value_loss           | 5.24e+03   |
----------------------------------------
-----------------------------------------
| rollout/                |             |
|    ep_len_mean          | 720         |
|    ep_rew_mean          | 5.04e+03    |
| time/                   |             |
|    fps                  | 90          |
|    iterations           | 70          |
|    time_elapsed         | 397         |
|    total_timesteps      | 35840       |
| train/                  |             |
|    approx_kl            | 0.002418734 |
|    clip_fraction        | 0.0371      |
|    clip_range           | 0.2         |
|    entropy_loss         | -0.199      |
|    explained_variance   | 4.41e-06    |
|    learning_rate        | 0.0003      |
|    loss                 | 5.98e+03    |
|    n_updates            | 690         |
|    policy_gradient_loss | -0.00481    |
|    value_loss           | 1.1e+04     |
-----------------------------------------
------------------------------------------
| rollout/                |              |
|    ep_len_mean          | 720          |
|    ep_rew_mean          | 4.97e+03     |
| time/                   |              |
|    fps                  | 90           |
|    iterations           | 71           |
|    time_elapsed         | 403          |
|    total_timesteps      | 36352        |
| train/                  |              |
|    approx_kl            | 0.0009908542 |
|    clip_fraction        | 0.00645      |
|    clip_range           | 0.2          |
|    entropy_loss         | -0.306       |
|    explained_variance   | 2.56e-05     |
|    learning_rate        | 0.0003       |
|    loss                 | 6.34e+03     |
|    n_updates            | 700          |
|    policy_gradient_loss | -0.00281     |
|    value_loss           | 1.08e+04     |
------------------------------------------
-----------------------------------------
| rollout/                |             |
|    ep_len_mean          | 720         |
|    ep_rew_mean          | 4.89e+03    |
| time/                   |             |
|    fps                  | 90          |
|    iterations           | 72          |
|    time_elapsed         | 408         |
|    total_timesteps      | 36864       |
| train/                  |             |
|    approx_kl            | 0.002020967 |
|    clip_fraction        | 0.0145      |
|    clip_range           | 0.2         |
|    entropy_loss         | -0.369      |
|    explained_variance   | 5.68e-05    |
|    learning_rate        | 0.0003      |
|    loss                 | 3.51e+03    |
|    n_updates            | 710         |
|    policy_gradient_loss | -0.00745    |
|    value_loss           | 9.71e+03    |
-----------------------------------------
------------------------------------------
| rollout/                |              |
|    ep_len_mean          | 720          |
|    ep_rew_mean          | 4.89e+03     |
| time/                   |              |
|    fps                  | 90           |
|    iterations           | 73           |
|    time_elapsed         | 414          |
|    total_timesteps      | 37376        |
| train/                  |              |
|    approx_kl            | 0.0008668006 |
|    clip_fraction        | 0.00391      |
|    clip_range           | 0.2          |
|    entropy_loss         | -0.236       |
|    explained_variance   | 0.158        |
|    learning_rate        | 0.0003       |
|    loss                 | 3.63e+03     |
|    n_updates            | 720          |
|    policy_gradient_loss | -0.00383     |
|    value_loss           | 6.8e+03      |
------------------------------------------
------------------------------------------
| rollout/                |              |
|    ep_len_mean          | 720          |
|    ep_rew_mean          | 4.8e+03      |
| time/                   |              |
|    fps                  | 90           |
|    iterations           | 74           |
|    time_elapsed         | 419          |
|    total_timesteps      | 37888        |
| train/                  |              |
|    approx_kl            | 4.814702e-05 |
|    clip_fraction        | 0            |
|    clip_range           | 0.2          |
|    entropy_loss         | -0.279       |
|    explained_variance   | 0.289        |
|    learning_rate        | 0.0003       |
|    loss                 | 4.91e+03     |
|    n_updates            | 730          |
|    policy_gradient_loss | -0.000484    |
|    value_loss           | 8.73e+03     |
------------------------------------------
--------------------------------------------
| rollout/                |                |
|    ep_len_mean          | 720            |
|    ep_rew_mean          | 4.73e+03       |
| time/                   |                |
|    fps                  | 90             |
|    iterations           | 75             |
|    time_elapsed         | 425            |
|    total_timesteps      | 38400          |
| train/                  |                |
|    approx_kl            | 1.05376275e-05 |
|    clip_fraction        | 0              |
|    clip_range           | 0.2            |
|    entropy_loss         | -0.361         |
|    explained_variance   | 0.427          |
|    learning_rate        | 0.0003         |
|    loss                 | 2.77e+03       |
|    n_updates            | 740            |
|    policy_gradient_loss | -0.000331      |
|    value_loss           | 5.64e+03       |
--------------------------------------------
-------------------------------------------
| rollout/                |               |
|    ep_len_mean          | 720           |
|    ep_rew_mean          | 4.67e+03      |
| time/                   |               |
|    fps                  | 90            |
|    iterations           | 76            |
|    time_elapsed         | 431           |
|    total_timesteps      | 38912         |
| train/                  |               |
|    approx_kl            | 0.00014798807 |
|    clip_fraction        | 0             |
|    clip_range           | 0.2           |
|    entropy_loss         | -0.329        |
|    explained_variance   | 0.587         |
|    learning_rate        | 0.0003        |
|    loss                 | 5.28e+03      |
|    n_updates            | 750           |
|    policy_gradient_loss | -0.00148      |
|    value_loss           | 1.22e+04      |
-------------------------------------------
-------------------------------------------
| rollout/                |               |
|    ep_len_mean          | 720           |
|    ep_rew_mean          | 4.67e+03      |
| time/                   |               |
|    fps                  | 90            |
|    iterations           | 77            |
|    time_elapsed         | 436           |
|    total_timesteps      | 39424         |
| train/                  |               |
|    approx_kl            | 1.5961135e-05 |
|    clip_fraction        | 0             |
|    clip_range           | 0.2           |
|    entropy_loss         | -0.184        |
|    explained_variance   | 0.505         |
|    learning_rate        | 0.0003        |
|    loss                 | 7.24e+03      |
|    n_updates            | 760           |
|    policy_gradient_loss | -0.00025      |
|    value_loss           | 1.55e+04      |
-------------------------------------------
-------------------------------------------
| rollout/                |               |
|    ep_len_mean          | 720           |
|    ep_rew_mean          | 4.61e+03      |
| time/                   |               |
|    fps                  | 90            |
|    iterations           | 78            |
|    time_elapsed         | 442           |
|    total_timesteps      | 39936         |
| train/                  |               |
|    approx_kl            | 1.4985373e-05 |
|    clip_fraction        | 0             |
|    clip_range           | 0.2           |
|    entropy_loss         | -0.292        |
|    explained_variance   | 0.578         |
|    learning_rate        | 0.0003        |
|    loss                 | 2.86e+03      |
|    n_updates            | 770           |
|    policy_gradient_loss | -0.000319     |
|    value_loss           | 7.76e+03      |
-------------------------------------------
-------------------------------------------
| rollout/                |               |
|    ep_len_mean          | 720           |
|    ep_rew_mean          | 4.54e+03      |
| time/                   |               |
|    fps                  | 90            |
|    iterations           | 79            |
|    time_elapsed         | 448           |
|    total_timesteps      | 40448         |
| train/                  |               |
|    approx_kl            | 0.00011696889 |
|    clip_fraction        | 0             |
|    clip_range           | 0.2           |
|    entropy_loss         | -0.327        |
|    explained_variance   | 0.7           |
|    learning_rate        | 0.0003        |
|    loss                 | 3.8e+03       |
|    n_updates            | 780           |
|    policy_gradient_loss | -0.00118      |
|    value_loss           | 9.28e+03      |
-------------------------------------------
-------------------------------------------
| rollout/                |               |
|    ep_len_mean          | 720           |
|    ep_rew_mean          | 4.54e+03      |
| time/                   |               |
|    fps                  | 90            |
|    iterations           | 80            |
|    time_elapsed         | 453           |
|    total_timesteps      | 40960         |
| train/                  |               |
|    approx_kl            | 6.5216635e-05 |
|    clip_fraction        | 0             |
|    clip_range           | 0.2           |
|    entropy_loss         | -0.231        |
|    explained_variance   | 0.687         |
|    learning_rate        | 0.0003        |
|    loss                 | 2.17e+03      |
|    n_updates            | 790           |
|    policy_gradient_loss | -0.00112      |
|    value_loss           | 6.03e+03      |
-------------------------------------------
------------------------------------------
| rollout/                |              |
|    ep_len_mean          | 720          |
|    ep_rew_mean          | 4.47e+03     |
| time/                   |              |
|    fps                  | 90           |
|    iterations           | 81           |
|    time_elapsed         | 459          |
|    total_timesteps      | 41472        |
| train/                  |              |
|    approx_kl            | 0.0004292598 |
|    clip_fraction        | 0.000195     |
|    clip_range           | 0.2          |
|    entropy_loss         | -0.277       |
|    explained_variance   | 0.62         |
|    learning_rate        | 0.0003       |
|    loss                 | 2.94e+03     |
|    n_updates            | 800          |
|    policy_gradient_loss | -0.0014      |
|    value_loss           | 1.12e+04     |
------------------------------------------
-------------------------------------------
| rollout/                |               |
|    ep_len_mean          | 720           |
|    ep_rew_mean          | 4.4e+03       |
| time/                   |               |
|    fps                  | 90            |
|    iterations           | 82            |
|    time_elapsed         | 464           |
|    total_timesteps      | 41984         |
| train/                  |               |
|    approx_kl            | 9.6822605e-06 |
|    clip_fraction        | 0             |
|    clip_range           | 0.2           |
|    entropy_loss         | -0.379        |
|    explained_variance   | 0.618         |
|    learning_rate        | 0.0003        |
|    loss                 | 1.12e+03      |
|    n_updates            | 810           |
|    policy_gradient_loss | -7.52e-05     |
|    value_loss           | 3.87e+03      |
-------------------------------------------
------------------------------------------
| rollout/                |              |
|    ep_len_mean          | 720          |
|    ep_rew_mean          | 4.34e+03     |
| time/                   |              |
|    fps                  | 90           |
|    iterations           | 83           |
|    time_elapsed         | 470          |
|    total_timesteps      | 42496        |
| train/                  |              |
|    approx_kl            | 8.172252e-05 |
|    clip_fraction        | 0            |
|    clip_range           | 0.2          |
|    entropy_loss         | -0.313       |
|    explained_variance   | 0.765        |
|    learning_rate        | 0.0003       |
|    loss                 | 3.76e+03     |
|    n_updates            | 820          |
|    policy_gradient_loss | -0.000787    |
|    value_loss           | 8.25e+03     |
------------------------------------------
-------------------------------------------
| rollout/                |               |
|    ep_len_mean          | 720           |
|    ep_rew_mean          | 4.34e+03      |
| time/                   |               |
|    fps                  | 90            |
|    iterations           | 84            |
|    time_elapsed         | 475           |
|    total_timesteps      | 43008         |
| train/                  |               |
|    approx_kl            | 3.8836068e-05 |
|    clip_fraction        | 0             |
|    clip_range           | 0.2           |
|    entropy_loss         | -0.172        |
|    explained_variance   | 0.436         |
|    learning_rate        | 0.0003        |
|    loss                 | 4.76e+03      |
|    n_updates            | 830           |
|    policy_gradient_loss | -0.000402     |
|    value_loss           | 9.49e+03      |
-------------------------------------------
-------------------------------------------
| rollout/                |               |
|    ep_len_mean          | 720           |
|    ep_rew_mean          | 4.29e+03      |
| time/                   |               |
|    fps                  | 90            |
|    iterations           | 85            |
|    time_elapsed         | 481           |
|    total_timesteps      | 43520         |
| train/                  |               |
|    approx_kl            | 0.00038101288 |
|    clip_fraction        | 0             |
|    clip_range           | 0.2           |
|    entropy_loss         | -0.421        |
|    explained_variance   | 0.602         |
|    learning_rate        | 0.0003        |
|    loss                 | 2.68e+03      |
|    n_updates            | 840           |
|    policy_gradient_loss | -0.00147      |
|    value_loss           | 6.42e+03      |
-------------------------------------------
-------------------------------------------
| rollout/                |               |
|    ep_len_mean          | 720           |
|    ep_rew_mean          | 4.22e+03      |
| time/                   |               |
|    fps                  | 90            |
|    iterations           | 86            |
|    time_elapsed         | 488           |
|    total_timesteps      | 44032         |
| train/                  |               |
|    approx_kl            | 0.00013518715 |
|    clip_fraction        | 0             |
|    clip_range           | 0.2           |
|    entropy_loss         | -0.385        |
|    explained_variance   | 0.748         |
|    learning_rate        | 0.0003        |
|    loss                 | 2.34e+03      |
|    n_updates            | 850           |
|    policy_gradient_loss | -0.00101      |
|    value_loss           | 6.98e+03      |
-------------------------------------------
------------------------------------------
| rollout/                |              |
|    ep_len_mean          | 720          |
|    ep_rew_mean          | 4.22e+03     |
| time/                   |              |
|    fps                  | 90           |
|    iterations           | 87           |
|    time_elapsed         | 493          |
|    total_timesteps      | 44544        |
| train/                  |              |
|    approx_kl            | 3.628587e-05 |
|    clip_fraction        | 0            |
|    clip_range           | 0.2          |
|    entropy_loss         | -0.241       |
|    explained_variance   | 0.632        |
|    learning_rate        | 0.0003       |
|    loss                 | 2.89e+03     |
|    n_updates            | 860          |
|    policy_gradient_loss | -0.000358    |
|    value_loss           | 6.14e+03     |
------------------------------------------
-----------------------------------------
| rollout/                |             |
|    ep_len_mean          | 720         |
|    ep_rew_mean          | 4.18e+03    |
| time/                   |             |
|    fps                  | 90          |
|    iterations           | 88          |
|    time_elapsed         | 498         |
|    total_timesteps      | 45056       |
| train/                  |             |
|    approx_kl            | 9.20445e-05 |
|    clip_fraction        | 0           |
|    clip_range           | 0.2         |
|    entropy_loss         | -0.259      |
|    explained_variance   | 0.632       |
|    learning_rate        | 0.0003      |
|    loss                 | 6.96e+03    |
|    n_updates            | 870         |
|    policy_gradient_loss | -0.000646   |
|    value_loss           | 1.33e+04    |
-----------------------------------------
------------------------------------------
| rollout/                |              |
|    ep_len_mean          | 720          |
|    ep_rew_mean          | 4.14e+03     |
| time/                   |              |
|    fps                  | 90           |
|    iterations           | 89           |
|    time_elapsed         | 504          |
|    total_timesteps      | 45568        |
| train/                  |              |
|    approx_kl            | 3.867538e-05 |
|    clip_fraction        | 0            |
|    clip_range           | 0.2          |
|    entropy_loss         | -0.313       |
|    explained_variance   | 0.654        |
|    learning_rate        | 0.0003       |
|    loss                 | 4.6e+03      |
|    n_updates            | 880          |
|    policy_gradient_loss | -0.000572    |
|    value_loss           | 1.19e+04     |
------------------------------------------
------------------------------------------
| rollout/                |              |
|    ep_len_mean          | 720          |
|    ep_rew_mean          | 4.08e+03     |
| time/                   |              |
|    fps                  | 90           |
|    iterations           | 90           |
|    time_elapsed         | 510          |
|    total_timesteps      | 46080        |
| train/                  |              |
|    approx_kl            | 0.0013050018 |
|    clip_fraction        | 0.00293      |
|    clip_range           | 0.2          |
|    entropy_loss         | -0.349       |
|    explained_variance   | 0.771        |
|    learning_rate        | 0.0003       |
|    loss                 | 4.53e+03     |
|    n_updates            | 890          |
|    policy_gradient_loss | -0.00333     |
|    value_loss           | 7.8e+03      |
------------------------------------------
------------------------------------------
| rollout/                |              |
|    ep_len_mean          | 720          |
|    ep_rew_mean          | 4.08e+03     |
| time/                   |              |
|    fps                  | 90           |
|    iterations           | 91           |
|    time_elapsed         | 515          |
|    total_timesteps      | 46592        |
| train/                  |              |
|    approx_kl            | 9.147933e-05 |
|    clip_fraction        | 0            |
|    clip_range           | 0.2          |
|    entropy_loss         | -0.145       |
|    explained_variance   | 0.188        |
|    learning_rate        | 0.0003       |
|    loss                 | 3.38e+03     |
|    n_updates            | 900          |
|    policy_gradient_loss | -0.000613    |
|    value_loss           | 7.52e+03     |
------------------------------------------
------------------------------------------
| rollout/                |              |
|    ep_len_mean          | 720          |
|    ep_rew_mean          | 4.05e+03     |
| time/                   |              |
|    fps                  | 90           |
|    iterations           | 92           |
|    time_elapsed         | 521          |
|    total_timesteps      | 47104        |
| train/                  |              |
|    approx_kl            | 0.0001080766 |
|    clip_fraction        | 0            |
|    clip_range           | 0.2          |
|    entropy_loss         | -0.359       |
|    explained_variance   | 0.629        |
|    learning_rate        | 0.0003       |
|    loss                 | 6.01e+03     |
|    n_updates            | 910          |
|    policy_gradient_loss | -0.001       |
|    value_loss           | 1.42e+04     |
------------------------------------------
------------------------------------------
| rollout/                |              |
|    ep_len_mean          | 720          |
|    ep_rew_mean          | 4.02e+03     |
| time/                   |              |
|    fps                  | 90           |
|    iterations           | 93           |
|    time_elapsed         | 527          |
|    total_timesteps      | 47616        |
| train/                  |              |
|    approx_kl            | 0.0004589465 |
|    clip_fraction        | 0.000391     |
|    clip_range           | 0.2          |
|    entropy_loss         | -0.405       |
|    explained_variance   | 0.787        |
|    learning_rate        | 0.0003       |
|    loss                 | 2.29e+03     |
|    n_updates            | 920          |
|    policy_gradient_loss | -0.0018      |
|    value_loss           | 5.63e+03     |
------------------------------------------
-------------------------------------------
| rollout/                |               |
|    ep_len_mean          | 720           |
|    ep_rew_mean          | 4.02e+03      |
| time/                   |               |
|    fps                  | 90            |
|    iterations           | 94            |
|    time_elapsed         | 533           |
|    total_timesteps      | 48128         |
| train/                  |               |
|    approx_kl            | 0.00020784687 |
|    clip_fraction        | 0             |
|    clip_range           | 0.2           |
|    entropy_loss         | -0.263        |
|    explained_variance   | 0.607         |
|    learning_rate        | 0.0003        |
|    loss                 | 7.87e+03      |
|    n_updates            | 930           |
|    policy_gradient_loss | -0.00144      |
|    value_loss           | 1.83e+04      |
-------------------------------------------
-------------------------------------------
| rollout/                |               |
|    ep_len_mean          | 720           |
|    ep_rew_mean          | 3.97e+03      |
| time/                   |               |
|    fps                  | 90            |
|    iterations           | 95            |
|    time_elapsed         | 538           |
|    total_timesteps      | 48640         |
| train/                  |               |
|    approx_kl            | 0.00034944984 |
|    clip_fraction        | 0             |
|    clip_range           | 0.2           |
|    entropy_loss         | -0.249        |
|    explained_variance   | 0.683         |
|    learning_rate        | 0.0003        |
|    loss                 | 8.95e+03      |
|    n_updates            | 940           |
|    policy_gradient_loss | -0.00143      |
|    value_loss           | 1.5e+04       |
-------------------------------------------
-------------------------------------------
| rollout/                |               |
|    ep_len_mean          | 720           |
|    ep_rew_mean          | 3.92e+03      |
| time/                   |               |
|    fps                  | 90            |
|    iterations           | 96            |
|    time_elapsed         | 544           |
|    total_timesteps      | 49152         |
| train/                  |               |
|    approx_kl            | 0.00027156022 |
|    clip_fraction        | 0             |
|    clip_range           | 0.2           |
|    entropy_loss         | -0.407        |
|    explained_variance   | 0.72          |
|    learning_rate        | 0.0003        |
|    loss                 | 1.91e+03      |
|    n_updates            | 950           |
|    policy_gradient_loss | -0.00149      |
|    value_loss           | 4.66e+03      |
-------------------------------------------
-------------------------------------------
| rollout/                |               |
|    ep_len_mean          | 720           |
|    ep_rew_mean          | 3.92e+03      |
| time/                   |               |
|    fps                  | 90            |
|    iterations           | 97            |
|    time_elapsed         | 550           |
|    total_timesteps      | 49664         |
| train/                  |               |
|    approx_kl            | 0.00045535923 |
|    clip_fraction        | 0.000781      |
|    clip_range           | 0.2           |
|    entropy_loss         | -0.349        |
|    explained_variance   | 0.805         |
|    learning_rate        | 0.0003        |
|    loss                 | 1.71e+03      |
|    n_updates            | 960           |
|    policy_gradient_loss | -0.00234      |
|    value_loss           | 4.44e+03      |
-------------------------------------------
-------------------------------------------
| rollout/                |               |
|    ep_len_mean          | 720           |
|    ep_rew_mean          | 3.9e+03       |
| time/                   |               |
|    fps                  | 90            |
|    iterations           | 98            |
|    time_elapsed         | 555           |
|    total_timesteps      | 50176         |
| train/                  |               |
|    approx_kl            | 0.00023407153 |
|    clip_fraction        | 0.000586      |
|    clip_range           | 0.2           |
|    entropy_loss         | -0.209        |
|    explained_variance   | 0.424         |
|    learning_rate        | 0.0003        |
|    loss                 | 6.3e+03       |
|    n_updates            | 970           |
|    policy_gradient_loss | -0.0014       |
|    value_loss           | 1.46e+04      |
-------------------------------------------
------------------------------------------
| rollout/                |              |
|    ep_len_mean          | 720          |
|    ep_rew_mean          | 3.85e+03     |
| time/                   |              |
|    fps                  | 90           |
|    iterations           | 99           |
|    time_elapsed         | 561          |
|    total_timesteps      | 50688        |
| train/                  |              |
|    approx_kl            | 0.0002915776 |
|    clip_fraction        | 0            |
|    clip_range           | 0.2          |
|    entropy_loss         | -0.407       |
|    explained_variance   | 0.772        |
|    learning_rate        | 0.0003       |
|    loss                 | 2.47e+03     |
|    n_updates            | 980          |
|    policy_gradient_loss | -0.00125     |
|    value_loss           | 5.21e+03     |
------------------------------------------
-------------------------------------------
| rollout/                |               |
|    ep_len_mean          | 720           |
|    ep_rew_mean          | 3.82e+03      |
| time/                   |               |
|    fps                  | 90            |
|    iterations           | 100           |
|    time_elapsed         | 566           |
|    total_timesteps      | 51200         |
| train/                  |               |
|    approx_kl            | 0.00051387894 |
|    clip_fraction        | 0.000781      |
|    clip_range           | 0.2           |
|    entropy_loss         | -0.366        |
|    explained_variance   | 0.744         |
|    learning_rate        | 0.0003        |
|    loss                 | 6.6e+03       |
|    n_updates            | 990           |
|    policy_gradient_loss | -0.00212      |
|    value_loss           | 8.34e+03      |
-------------------------------------------
------------------------------------------
| rollout/                |              |
|    ep_len_mean          | 720          |
|    ep_rew_mean          | 3.82e+03     |
| time/                   |              |
|    fps                  | 90           |
|    iterations           | 101          |
|    time_elapsed         | 572          |
|    total_timesteps      | 51712        |
| train/                  |              |
|    approx_kl            | 0.0005886945 |
|    clip_fraction        | 0.000781     |
|    clip_range           | 0.2          |
|    entropy_loss         | -0.228       |
|    explained_variance   | 0.768        |
|    learning_rate        | 0.0003       |
|    loss                 | 3.18e+03     |
|    n_updates            | 1000         |
|    policy_gradient_loss | -0.00179     |
|    value_loss           | 8.96e+03     |
------------------------------------------
------------------------------------------
| rollout/                |              |
|    ep_len_mean          | 720          |
|    ep_rew_mean          | 3.8e+03      |
| time/                   |              |
|    fps                  | 90           |
|    iterations           | 102          |
|    time_elapsed         | 578          |
|    total_timesteps      | 52224        |
| train/                  |              |
|    approx_kl            | 0.0033183862 |
|    clip_fraction        | 0.0148       |
|    clip_range           | 0.2          |
|    entropy_loss         | -0.297       |
|    explained_variance   | 0.535        |
|    learning_rate        | 0.0003       |
|    loss                 | 7.07e+03     |
|    n_updates            | 1010         |
|    policy_gradient_loss | -0.00726     |
|    value_loss           | 1.44e+04     |
------------------------------------------
------------------------------------------
| rollout/                |              |
|    ep_len_mean          | 720          |
|    ep_rew_mean          | 3.78e+03     |
| time/                   |              |
|    fps                  | 90           |
|    iterations           | 103          |
|    time_elapsed         | 584          |
|    total_timesteps      | 52736        |
| train/                  |              |
|    approx_kl            | 0.0013896504 |
|    clip_fraction        | 0.00293      |
|    clip_range           | 0.2          |
|    entropy_loss         | -0.454       |
|    explained_variance   | 0.721        |
|    learning_rate        | 0.0003       |
|    loss                 | 2.4e+03      |
|    n_updates            | 1020         |
|    policy_gradient_loss | -0.00341     |
|    value_loss           | 4.78e+03     |
------------------------------------------
------------------------------------------
| rollout/                |              |
|    ep_len_mean          | 720          |
|    ep_rew_mean          | 3.78e+03     |
| time/                   |              |
|    fps                  | 90           |
|    iterations           | 104          |
|    time_elapsed         | 590          |
|    total_timesteps      | 53248        |
| train/                  |              |
|    approx_kl            | 0.0017936872 |
|    clip_fraction        | 0.0146       |
|    clip_range           | 0.2          |
|    entropy_loss         | -0.362       |
|    explained_variance   | 0.774        |
|    learning_rate        | 0.0003       |
|    loss                 | 5.72e+03     |
|    n_updates            | 1030         |
|    policy_gradient_loss | -0.00603     |
|    value_loss           | 1.26e+04     |
------------------------------------------
-------------------------------------------
| rollout/                |               |
|    ep_len_mean          | 720           |
|    ep_rew_mean          | 3.75e+03      |
| time/                   |               |
|    fps                  | 90            |
|    iterations           | 105           |
|    time_elapsed         | 596           |
|    total_timesteps      | 53760         |
| train/                  |               |
|    approx_kl            | 0.00011547493 |
|    clip_fraction        | 0             |
|    clip_range           | 0.2           |
|    entropy_loss         | -0.261        |
|    explained_variance   | 0.61          |
|    learning_rate        | 0.0003        |
|    loss                 | 6.48e+03      |
|    n_updates            | 1040          |
|    policy_gradient_loss | -0.00102      |
|    value_loss           | 1.41e+04      |
-------------------------------------------
------------------------------------------
| rollout/                |              |
|    ep_len_mean          | 720          |
|    ep_rew_mean          | 3.71e+03     |
| time/                   |              |
|    fps                  | 90           |
|    iterations           | 106          |
|    time_elapsed         | 601          |
|    total_timesteps      | 54272        |
| train/                  |              |
|    approx_kl            | 0.0004731043 |
|    clip_fraction        | 0.000781     |
|    clip_range           | 0.2          |
|    entropy_loss         | -0.293       |
|    explained_variance   | 0.795        |
|    learning_rate        | 0.0003       |
|    loss                 | 3.27e+03     |
|    n_updates            | 1050         |
|    policy_gradient_loss | -0.00245     |
|    value_loss           | 5.65e+03     |
------------------------------------------
-------------------------------------------
| rollout/                |               |
|    ep_len_mean          | 720           |
|    ep_rew_mean          | 3.66e+03      |
| time/                   |               |
|    fps                  | 90            |
|    iterations           | 107           |
|    time_elapsed         | 607           |
|    total_timesteps      | 54784         |
| train/                  |               |
|    approx_kl            | 0.00094864535 |
|    clip_fraction        | 0.00332       |
|    clip_range           | 0.2           |
|    entropy_loss         | -0.448        |
|    explained_variance   | 0.74          |
|    learning_rate        | 0.0003        |
|    loss                 | 6.22e+03      |
|    n_updates            | 1060          |
|    policy_gradient_loss | -0.00267      |
|    value_loss           | 1.52e+04      |
-------------------------------------------
------------------------------------------
| rollout/                |              |
|    ep_len_mean          | 720          |
|    ep_rew_mean          | 3.66e+03     |
| time/                   |              |
|    fps                  | 90           |
|    iterations           | 108          |
|    time_elapsed         | 612          |
|    total_timesteps      | 55296        |
| train/                  |              |
|    approx_kl            | 9.159971e-05 |
|    clip_fraction        | 0            |
|    clip_range           | 0.2          |
|    entropy_loss         | -0.227       |
|    explained_variance   | 0.702        |
|    learning_rate        | 0.0003       |
|    loss                 | 2.8e+03      |
|    n_updates            | 1070         |
|    policy_gradient_loss | -0.000735    |
|    value_loss           | 8.06e+03     |
------------------------------------------
-------------------------------------------
| rollout/                |               |
|    ep_len_mean          | 720           |
|    ep_rew_mean          | 3.63e+03      |
| time/                   |               |
|    fps                  | 90            |
|    iterations           | 109           |
|    time_elapsed         | 618           |
|    total_timesteps      | 55808         |
| train/                  |               |
|    approx_kl            | 2.4169201e-05 |
|    clip_fraction        | 0             |
|    clip_range           | 0.2           |
|    entropy_loss         | -0.231        |
|    explained_variance   | 0.598         |
|    learning_rate        | 0.0003        |
|    loss                 | 4.44e+03      |
|    n_updates            | 1080          |
|    policy_gradient_loss | -0.000355     |
|    value_loss           | 9.31e+03      |
-------------------------------------------
------------------------------------------
| rollout/                |              |
|    ep_len_mean          | 720          |
|    ep_rew_mean          | 3.61e+03     |
| time/                   |              |
|    fps                  | 90           |
|    iterations           | 110          |
|    time_elapsed         | 623          |
|    total_timesteps      | 56320        |
| train/                  |              |
|    approx_kl            | 0.0023752584 |
|    clip_fraction        | 0.00781      |
|    clip_range           | 0.2          |
|    entropy_loss         | -0.373       |
|    explained_variance   | 0.77         |
|    learning_rate        | 0.0003       |
|    loss                 | 2.17e+03     |
|    n_updates            | 1090         |
|    policy_gradient_loss | -0.00317     |
|    value_loss           | 5.19e+03     |
------------------------------------------
------------------------------------------
| rollout/                |              |
|    ep_len_mean          | 720          |
|    ep_rew_mean          | 3.61e+03     |
| time/                   |              |
|    fps                  | 90           |
|    iterations           | 111          |
|    time_elapsed         | 629          |
|    total_timesteps      | 56832        |
| train/                  |              |
|    approx_kl            | 0.0008876028 |
|    clip_fraction        | 0.0041       |
|    clip_range           | 0.2          |
|    entropy_loss         | -0.266       |
|    explained_variance   | 0.836        |
|    learning_rate        | 0.0003       |
|    loss                 | 3.96e+03     |
|    n_updates            | 1100         |
|    policy_gradient_loss | -0.00343     |
|    value_loss           | 1.06e+04     |
------------------------------------------
-------------------------------------------
| rollout/                |               |
|    ep_len_mean          | 720           |
|    ep_rew_mean          | 3.6e+03       |
| time/                   |               |
|    fps                  | 90            |
|    iterations           | 112           |
|    time_elapsed         | 634           |
|    total_timesteps      | 57344         |
| train/                  |               |
|    approx_kl            | 0.00029968045 |
|    clip_fraction        | 0.000391      |
|    clip_range           | 0.2           |
|    entropy_loss         | -0.218        |
|    explained_variance   | 0.461         |
|    learning_rate        | 0.0003        |
|    loss                 | 8.59e+03      |
|    n_updates            | 1110          |
|    policy_gradient_loss | -0.0015       |
|    value_loss           | 1.87e+04      |
-------------------------------------------
------------------------------------------
| rollout/                |              |
|    ep_len_mean          | 720          |
|    ep_rew_mean          | 3.58e+03     |
| time/                   |              |
|    fps                  | 90           |
|    iterations           | 113          |
|    time_elapsed         | 640          |
|    total_timesteps      | 57856        |
| train/                  |              |
|    approx_kl            | 0.0011215655 |
|    clip_fraction        | 0.00566      |
|    clip_range           | 0.2          |
|    entropy_loss         | -0.368       |
|    explained_variance   | 0.769        |
|    learning_rate        | 0.0003       |
|    loss                 | 5.72e+03     |
|    n_updates            | 1120         |
|    policy_gradient_loss | -0.00396     |
|    value_loss           | 1.29e+04     |
------------------------------------------
------------------------------------------
| rollout/                |              |
|    ep_len_mean          | 720          |
|    ep_rew_mean          | 3.56e+03     |
| time/                   |              |
|    fps                  | 90           |
|    iterations           | 114          |
|    time_elapsed         | 646          |
|    total_timesteps      | 58368        |
| train/                  |              |
|    approx_kl            | 0.0004249065 |
|    clip_fraction        | 0.000586     |
|    clip_range           | 0.2          |
|    entropy_loss         | -0.341       |
|    explained_variance   | 0.697        |
|    learning_rate        | 0.0003       |
|    loss                 | 3.54e+03     |
|    n_updates            | 1130         |
|    policy_gradient_loss | -0.00151     |
|    value_loss           | 6.33e+03     |
------------------------------------------
-------------------------------------------
| rollout/                |               |
|    ep_len_mean          | 720           |
|    ep_rew_mean          | 3.56e+03      |
| time/                   |               |
|    fps                  | 90            |
|    iterations           | 115           |
|    time_elapsed         | 651           |
|    total_timesteps      | 58880         |
| train/                  |               |
|    approx_kl            | 0.00015935898 |
|    clip_fraction        | 0             |
|    clip_range           | 0.2           |
|    entropy_loss         | -0.153        |
|    explained_variance   | 0.632         |
|    learning_rate        | 0.0003        |
|    loss                 | 8.13e+03      |
|    n_updates            | 1140          |
|    policy_gradient_loss | -0.000808     |
|    value_loss           | 1.77e+04      |
-------------------------------------------
-----------------------------------------
| rollout/                |             |
|    ep_len_mean          | 720         |
|    ep_rew_mean          | 3.55e+03    |
| time/                   |             |
|    fps                  | 90          |
|    iterations           | 116         |
|    time_elapsed         | 656         |
|    total_timesteps      | 59392       |
| train/                  |             |
|    approx_kl            | 0.001759561 |
|    clip_fraction        | 0.00566     |
|    clip_range           | 0.2         |
|    entropy_loss         | -0.292      |
|    explained_variance   | 0.726       |
|    learning_rate        | 0.0003      |
|    loss                 | 4.69e+03    |
|    n_updates            | 1150        |
|    policy_gradient_loss | -0.00267    |
|    value_loss           | 8.6e+03     |
-----------------------------------------
------------------------------------------
| rollout/                |              |
|    ep_len_mean          | 720          |
|    ep_rew_mean          | 3.55e+03     |
| time/                   |              |
|    fps                  | 90           |
|    iterations           | 117          |
|    time_elapsed         | 662          |
|    total_timesteps      | 59904        |
| train/                  |              |
|    approx_kl            | 0.0001897374 |
|    clip_fraction        | 0            |
|    clip_range           | 0.2          |
|    entropy_loss         | -0.248       |
|    explained_variance   | 0.75         |
|    learning_rate        | 0.0003       |
|    loss                 | 6.78e+03     |
|    n_updates            | 1160         |
|    policy_gradient_loss | -0.00154     |
|    value_loss           | 1.82e+04     |
------------------------------------------
------------------------------------------
| rollout/                |              |
|    ep_len_mean          | 720          |
|    ep_rew_mean          | 3.55e+03     |
| time/                   |              |
|    fps                  | 90           |
|    iterations           | 118          |
|    time_elapsed         | 668          |
|    total_timesteps      | 60416        |
| train/                  |              |
|    approx_kl            | 0.0007628057 |
|    clip_fraction        | 0.00586      |
|    clip_range           | 0.2          |
|    entropy_loss         | -0.317       |
|    explained_variance   | 0.796        |
|    learning_rate        | 0.0003       |
|    loss                 | 3.44e+03     |
|    n_updates            | 1170         |
|    policy_gradient_loss | -0.00265     |
|    value_loss           | 8.4e+03      |
------------------------------------------
-------------------------------------------
| rollout/                |               |
|    ep_len_mean          | 720           |
|    ep_rew_mean          | 3.53e+03      |
| time/                   |               |
|    fps                  | 90            |
|    iterations           | 119           |
|    time_elapsed         | 673           |
|    total_timesteps      | 60928         |
| train/                  |               |
|    approx_kl            | 0.00020593213 |
|    clip_fraction        | 0             |
|    clip_range           | 0.2           |
|    entropy_loss         | -0.247        |
|    explained_variance   | 0.446         |
|    learning_rate        | 0.0003        |
|    loss                 | 6.95e+03      |
|    n_updates            | 1180          |
|    policy_gradient_loss | -0.0013       |
|    value_loss           | 1.4e+04       |
-------------------------------------------
------------------------------------------
| rollout/                |              |
|    ep_len_mean          | 720          |
|    ep_rew_mean          | 3.52e+03     |
| time/                   |              |
|    fps                  | 90           |
|    iterations           | 120          |
|    time_elapsed         | 678          |
|    total_timesteps      | 61440        |
| train/                  |              |
|    approx_kl            | 0.0035877165 |
|    clip_fraction        | 0.0146       |
|    clip_range           | 0.2          |
|    entropy_loss         | -0.359       |
|    explained_variance   | 0.767        |
|    learning_rate        | 0.0003       |
|    loss                 | 4.96e+03     |
|    n_updates            | 1190         |
|    policy_gradient_loss | -0.0045      |
|    value_loss           | 1.05e+04     |
------------------------------------------
-----------------------------------------
| rollout/                |             |
|    ep_len_mean          | 720         |
|    ep_rew_mean          | 3.52e+03    |
| time/                   |             |
|    fps                  | 90          |
|    iterations           | 121         |
|    time_elapsed         | 684         |
|    total_timesteps      | 61952       |
| train/                  |             |
|    approx_kl            | 0.004059111 |
|    clip_fraction        | 0.0244      |
|    clip_range           | 0.2         |
|    entropy_loss         | -0.419      |
|    explained_variance   | 0.776       |
|    learning_rate        | 0.0003      |
|    loss                 | 3.92e+03    |
|    n_updates            | 1200        |
|    policy_gradient_loss | -0.00652    |
|    value_loss           | 1e+04       |
-----------------------------------------
-----------------------------------------
| rollout/                |             |
|    ep_len_mean          | 720         |
|    ep_rew_mean          | 3.52e+03    |
| time/                   |             |
|    fps                  | 90          |
|    iterations           | 122         |
|    time_elapsed         | 690         |
|    total_timesteps      | 62464       |
| train/                  |             |
|    approx_kl            | 0.000825916 |
|    clip_fraction        | 0.00625     |
|    clip_range           | 0.2         |
|    entropy_loss         | -0.142      |
|    explained_variance   | 0.64        |
|    learning_rate        | 0.0003      |
|    loss                 | 1.17e+04    |
|    n_updates            | 1210        |
|    policy_gradient_loss | -0.00307    |
|    value_loss           | 1.95e+04    |
-----------------------------------------
-------------------------------------------
| rollout/                |               |
|    ep_len_mean          | 720           |
|    ep_rew_mean          | 3.5e+03       |
| time/                   |               |
|    fps                  | 90            |
|    iterations           | 123           |
|    time_elapsed         | 695           |
|    total_timesteps      | 62976         |
| train/                  |               |
|    approx_kl            | 0.00027308258 |
|    clip_fraction        | 0             |
|    clip_range           | 0.2           |
|    entropy_loss         | -0.328        |
|    explained_variance   | 0.446         |
|    learning_rate        | 0.0003        |
|    loss                 | 4.42e+03      |
|    n_updates            | 1220          |
|    policy_gradient_loss | -0.00092      |
|    value_loss           | 1.08e+04      |
-------------------------------------------
------------------------------------------
| rollout/                |              |
|    ep_len_mean          | 720          |
|    ep_rew_mean          | 3.5e+03      |
| time/                   |              |
|    fps                  | 90           |
|    iterations           | 124          |
|    time_elapsed         | 701          |
|    total_timesteps      | 63488        |
| train/                  |              |
|    approx_kl            | 0.0026001285 |
|    clip_fraction        | 0.0129       |
|    clip_range           | 0.2          |
|    entropy_loss         | -0.312       |
|    explained_variance   | 0.775        |
|    learning_rate        | 0.0003       |
|    loss                 | 9.21e+03     |
|    n_updates            | 1230         |
|    policy_gradient_loss | -0.00409     |
|    value_loss           | 1.63e+04     |
------------------------------------------
------------------------------------------
| rollout/                |              |
|    ep_len_mean          | 720          |
|    ep_rew_mean          | 3.5e+03      |
| time/                   |              |
|    fps                  | 90           |
|    iterations           | 125          |
|    time_elapsed         | 707          |
|    total_timesteps      | 64000        |
| train/                  |              |
|    approx_kl            | 0.0018132159 |
|    clip_fraction        | 0.00918      |
|    clip_range           | 0.2          |
|    entropy_loss         | -0.285       |
|    explained_variance   | 0.588        |
|    learning_rate        | 0.0003       |
|    loss                 | 6.83e+03     |
|    n_updates            | 1240         |
|    policy_gradient_loss | -0.00447     |
|    value_loss           | 1.52e+04     |
------------------------------------------
-------------------------------------------
| rollout/                |               |
|    ep_len_mean          | 720           |
|    ep_rew_mean          | 3.48e+03      |
| time/                   |               |
|    fps                  | 90            |
|    iterations           | 126           |
|    time_elapsed         | 712           |
|    total_timesteps      | 64512         |
| train/                  |               |
|    approx_kl            | 0.00080852804 |
|    clip_fraction        | 0.000781      |
|    clip_range           | 0.2           |
|    entropy_loss         | -0.162        |
|    explained_variance   | 0.334         |
|    learning_rate        | 0.0003        |
|    loss                 | 5.24e+03      |
|    n_updates            | 1250          |
|    policy_gradient_loss | -0.00198      |
|    value_loss           | 1.2e+04       |
-------------------------------------------
------------------------------------------
| rollout/                |              |
|    ep_len_mean          | 720          |
|    ep_rew_mean          | 3.47e+03     |
| time/                   |              |
|    fps                  | 90           |
|    iterations           | 127          |
|    time_elapsed         | 718          |
|    total_timesteps      | 65024        |
| train/                  |              |
|    approx_kl            | 0.0009492537 |
|    clip_fraction        | 0.00332      |
|    clip_range           | 0.2          |
|    entropy_loss         | -0.422       |
|    explained_variance   | 0.603        |
|    learning_rate        | 0.0003       |
|    loss                 | 6.23e+03     |
|    n_updates            | 1260         |
|    policy_gradient_loss | -0.00349     |
|    value_loss           | 1.11e+04     |
------------------------------------------
------------------------------------------
| rollout/                |              |
|    ep_len_mean          | 720          |
|    ep_rew_mean          | 3.47e+03     |
| time/                   |              |
|    fps                  | 90           |
|    iterations           | 128          |
|    time_elapsed         | 724          |
|    total_timesteps      | 65536        |
| train/                  |              |
|    approx_kl            | 0.0012400256 |
|    clip_fraction        | 0.00527      |
|    clip_range           | 0.2          |
|    entropy_loss         | -0.179       |
|    explained_variance   | 0.508        |
|    learning_rate        | 0.0003       |
|    loss                 | 6.68e+03     |
|    n_updates            | 1270         |
|    policy_gradient_loss | -0.00464     |
|    value_loss           | 1.26e+04     |
------------------------------------------
-------------------------------------------
| rollout/                |               |
|    ep_len_mean          | 720           |
|    ep_rew_mean          | 3.47e+03      |
| time/                   |               |
|    fps                  | 90            |
|    iterations           | 129           |
|    time_elapsed         | 729           |
|    total_timesteps      | 66048         |
| train/                  |               |
|    approx_kl            | 0.00067450316 |
|    clip_fraction        | 0.00352       |
|    clip_range           | 0.2           |
|    entropy_loss         | -0.174        |
|    explained_variance   | 0.259         |
|    learning_rate        | 0.0003        |
|    loss                 | 1.03e+04      |
|    n_updates            | 1280          |
|    policy_gradient_loss | -0.00346      |
|    value_loss           | 2.06e+04      |
-------------------------------------------
------------------------------------------
| rollout/                |              |
|    ep_len_mean          | 720          |
|    ep_rew_mean          | 3.46e+03     |
| time/                   |              |
|    fps                  | 90           |
|    iterations           | 130          |
|    time_elapsed         | 735          |
|    total_timesteps      | 66560        |
| train/                  |              |
|    approx_kl            | 0.0012910268 |
|    clip_fraction        | 0.00664      |
|    clip_range           | 0.2          |
|    entropy_loss         | -0.362       |
|    explained_variance   | 0.496        |
|    learning_rate        | 0.0003       |
|    loss                 | 4.38e+03     |
|    n_updates            | 1290         |
|    policy_gradient_loss | -0.00336     |
|    value_loss           | 1.39e+04     |
------------------------------------------
------------------------------------------
| rollout/                |              |
|    ep_len_mean          | 720          |
|    ep_rew_mean          | 3.45e+03     |
| time/                   |              |
|    fps                  | 90           |
|    iterations           | 131          |
|    time_elapsed         | 741          |
|    total_timesteps      | 67072        |
| train/                  |              |
|    approx_kl            | 0.0021167095 |
|    clip_fraction        | 0.00957      |
|    clip_range           | 0.2          |
|    entropy_loss         | -0.29        |
|    explained_variance   | 0.556        |
|    learning_rate        | 0.0003       |
|    loss                 | 6.55e+03     |
|    n_updates            | 1300         |
|    policy_gradient_loss | -0.00384     |
|    value_loss           | 1.5e+04      |
------------------------------------------
------------------------------------------
| rollout/                |              |
|    ep_len_mean          | 720          |
|    ep_rew_mean          | 3.45e+03     |
| time/                   |              |
|    fps                  | 90           |
|    iterations           | 132          |
|    time_elapsed         | 747          |
|    total_timesteps      | 67584        |
| train/                  |              |
|    approx_kl            | 0.0007201199 |
|    clip_fraction        | 0.00313      |
|    clip_range           | 0.2          |
|    entropy_loss         | -0.229       |
|    explained_variance   | 0.64         |
|    learning_rate        | 0.0003       |
|    loss                 | 6.43e+03     |
|    n_updates            | 1310         |
|    policy_gradient_loss | -0.00242     |
|    value_loss           | 1.22e+04     |
------------------------------------------
-------------------------------------------
| rollout/                |               |
|    ep_len_mean          | 720           |
|    ep_rew_mean          | 3.44e+03      |
| time/                   |               |
|    fps                  | 90            |
|    iterations           | 133           |
|    time_elapsed         | 752           |
|    total_timesteps      | 68096         |
| train/                  |               |
|    approx_kl            | 0.00076820684 |
|    clip_fraction        | 0.00273       |
|    clip_range           | 0.2           |
|    entropy_loss         | -0.231        |
|    explained_variance   | 0.449         |
|    learning_rate        | 0.0003        |
|    loss                 | 4.89e+03      |
|    n_updates            | 1320          |
|    policy_gradient_loss | -0.00185      |
|    value_loss           | 1.03e+04      |
-------------------------------------------
------------------------------------------
| rollout/                |              |
|    ep_len_mean          | 720          |
|    ep_rew_mean          | 3.45e+03     |
| time/                   |              |
|    fps                  | 90           |
|    iterations           | 134          |
|    time_elapsed         | 757          |
|    total_timesteps      | 68608        |
| train/                  |              |
|    approx_kl            | 0.0026275534 |
|    clip_fraction        | 0.0164       |
|    clip_range           | 0.2          |
|    entropy_loss         | -0.346       |
|    explained_variance   | 0.556        |
|    learning_rate        | 0.0003       |
|    loss                 | 5.85e+03     |
|    n_updates            | 1330         |
|    policy_gradient_loss | -0.006       |
|    value_loss           | 1.48e+04     |
------------------------------------------
------------------------------------------
| rollout/                |              |
|    ep_len_mean          | 720          |
|    ep_rew_mean          | 3.44e+03     |
| time/                   |              |
|    fps                  | 90           |
|    iterations           | 135          |
|    time_elapsed         | 764          |
|    total_timesteps      | 69120        |
| train/                  |              |
|    approx_kl            | 0.0013497497 |
|    clip_fraction        | 0.00625      |
|    clip_range           | 0.2          |
|    entropy_loss         | -0.314       |
|    explained_variance   | 0.469        |
|    learning_rate        | 0.0003       |
|    loss                 | 1.12e+04     |
|    n_updates            | 1340         |
|    policy_gradient_loss | -0.00405     |
|    value_loss           | 2.22e+04     |
------------------------------------------
------------------------------------------
| rollout/                |              |
|    ep_len_mean          | 720          |
|    ep_rew_mean          | 3.44e+03     |
| time/                   |              |
|    fps                  | 90           |
|    iterations           | 136          |
|    time_elapsed         | 769          |
|    total_timesteps      | 69632        |
| train/                  |              |
|    approx_kl            | 0.0011627206 |
|    clip_fraction        | 0.0127       |
|    clip_range           | 0.2          |
|    entropy_loss         | -0.137       |
|    explained_variance   | 0.0207       |
|    learning_rate        | 0.0003       |
|    loss                 | 8.52e+03     |
|    n_updates            | 1350         |
|    policy_gradient_loss | -0.0044      |
|    value_loss           | 1.41e+04     |
------------------------------------------
-------------------------------------------
| rollout/                |               |
|    ep_len_mean          | 720           |
|    ep_rew_mean          | 3.43e+03      |
| time/                   |               |
|    fps                  | 90            |
|    iterations           | 137           |
|    time_elapsed         | 774           |
|    total_timesteps      | 70144         |
| train/                  |               |
|    approx_kl            | 0.00077791116 |
|    clip_fraction        | 0.00371       |
|    clip_range           | 0.2           |
|    entropy_loss         | -0.234        |
|    explained_variance   | 0.652         |
|    learning_rate        | 0.0003        |
|    loss                 | 6.93e+03      |
|    n_updates            | 1360          |
|    policy_gradient_loss | -0.00254      |
|    value_loss           | 1.27e+04      |
-------------------------------------------
------------------------------------------
| rollout/                |              |
|    ep_len_mean          | 720          |
|    ep_rew_mean          | 3.43e+03     |
| time/                   |              |
|    fps                  | 90           |
|    iterations           | 138          |
|    time_elapsed         | 780          |
|    total_timesteps      | 70656        |
| train/                  |              |
|    approx_kl            | 0.0057077804 |
|    clip_fraction        | 0.0215       |
|    clip_range           | 0.2          |
|    entropy_loss         | -0.406       |
|    explained_variance   | 0.423        |
|    learning_rate        | 0.0003       |
|    loss                 | 5.71e+03     |
|    n_updates            | 1370         |
|    policy_gradient_loss | -0.00683     |
|    value_loss           | 1.31e+04     |
------------------------------------------
------------------------------------------
| rollout/                |              |
|    ep_len_mean          | 720          |
|    ep_rew_mean          | 3.43e+03     |
| time/                   |              |
|    fps                  | 90           |
|    iterations           | 139          |
|    time_elapsed         | 785          |
|    total_timesteps      | 71168        |
| train/                  |              |
|    approx_kl            | 0.0008328421 |
|    clip_fraction        | 0.00156      |
|    clip_range           | 0.2          |
|    entropy_loss         | -0.221       |
|    explained_variance   | 0.643        |
|    learning_rate        | 0.0003       |
|    loss                 | 6.02e+03     |
|    n_updates            | 1380         |
|    policy_gradient_loss | -0.00156     |
|    value_loss           | 1.25e+04     |
------------------------------------------
------------------------------------------
| rollout/                |              |
|    ep_len_mean          | 720          |
|    ep_rew_mean          | 3.44e+03     |
| time/                   |              |
|    fps                  | 90           |
|    iterations           | 140          |
|    time_elapsed         | 791          |
|    total_timesteps      | 71680        |
| train/                  |              |
|    approx_kl            | 0.0013966011 |
|    clip_fraction        | 0.0174       |
|    clip_range           | 0.2          |
|    entropy_loss         | -0.19        |
|    explained_variance   | 0.266        |
|    learning_rate        | 0.0003       |
|    loss                 | 1.12e+04     |
|    n_updates            | 1390         |
|    policy_gradient_loss | -0.00499     |
|    value_loss           | 2.28e+04     |
------------------------------------------
-----------------------------------------
| rollout/                |             |
|    ep_len_mean          | 720         |
|    ep_rew_mean          | 3.44e+03    |
| time/                   |             |
|    fps                  | 90          |
|    iterations           | 141         |
|    time_elapsed         | 797         |
|    total_timesteps      | 72192       |
| train/                  |             |
|    approx_kl            | 0.006251476 |
|    clip_fraction        | 0.0312      |
|    clip_range           | 0.2         |
|    entropy_loss         | -0.346      |
|    explained_variance   | 0.767       |
|    learning_rate        | 0.0003      |
|    loss                 | 3.45e+03    |
|    n_updates            | 1400        |
|    policy_gradient_loss | -0.00647    |
|    value_loss           | 1.07e+04    |
-----------------------------------------
------------------------------------------
| rollout/                |              |
|    ep_len_mean          | 720          |
|    ep_rew_mean          | 3.44e+03     |
| time/                   |              |
|    fps                  | 90           |
|    iterations           | 142          |
|    time_elapsed         | 803          |
|    total_timesteps      | 72704        |
| train/                  |              |
|    approx_kl            | 0.0059322575 |
|    clip_fraction        | 0.0551       |
|    clip_range           | 0.2          |
|    entropy_loss         | -0.351       |
|    explained_variance   | 0.511        |
|    learning_rate        | 0.0003       |
|    loss                 | 8.95e+03     |
|    n_updates            | 1410         |
|    policy_gradient_loss | -0.00581     |
|    value_loss           | 2.01e+04     |
------------------------------------------
-------------------------------------------
| rollout/                |               |
|    ep_len_mean          | 720           |
|    ep_rew_mean          | 3.41e+03      |
| time/                   |               |
|    fps                  | 90            |
|    iterations           | 143           |
|    time_elapsed         | 808           |
|    total_timesteps      | 73216         |
| train/                  |               |
|    approx_kl            | 0.00089560973 |
|    clip_fraction        | 0.0084        |
|    clip_range           | 0.2           |
|    entropy_loss         | -0.135        |
|    explained_variance   | 0.00922       |
|    learning_rate        | 0.0003        |
|    loss                 | 1.38e+04      |
|    n_updates            | 1420          |
|    policy_gradient_loss | -0.00354      |
|    value_loss           | 2.45e+04      |
-------------------------------------------
-----------------------------------------
| rollout/                |             |
|    ep_len_mean          | 720         |
|    ep_rew_mean          | 3.37e+03    |
| time/                   |             |
|    fps                  | 90          |
|    iterations           | 144         |
|    time_elapsed         | 813         |
|    total_timesteps      | 73728       |
| train/                  |             |
|    approx_kl            | 0.005385557 |
|    clip_fraction        | 0.0455      |
|    clip_range           | 0.2         |
|    entropy_loss         | -0.271      |
|    explained_variance   | 0.39        |
|    learning_rate        | 0.0003      |
|    loss                 | 6.94e+03    |
|    n_updates            | 1430        |
|    policy_gradient_loss | -0.00783    |
|    value_loss           | 1.53e+04    |
-----------------------------------------
------------------------------------------
| rollout/                |              |
|    ep_len_mean          | 720          |
|    ep_rew_mean          | 3.35e+03     |
| time/                   |              |
|    fps                  | 90           |
|    iterations           | 145          |
|    time_elapsed         | 820          |
|    total_timesteps      | 74240        |
| train/                  |              |
|    approx_kl            | 0.0014608876 |
|    clip_fraction        | 0.0139       |
|    clip_range           | 0.2          |
|    entropy_loss         | -0.298       |
|    explained_variance   | 0.497        |
|    learning_rate        | 0.0003       |
|    loss                 | 6.88e+03     |
|    n_updates            | 1440         |
|    policy_gradient_loss | -0.00674     |
|    value_loss           | 1.45e+04     |
------------------------------------------
------------------------------------------
| rollout/                |              |
|    ep_len_mean          | 720          |
|    ep_rew_mean          | 3.35e+03     |
| time/                   |              |
|    fps                  | 90           |
|    iterations           | 146          |
|    time_elapsed         | 825          |
|    total_timesteps      | 74752        |
| train/                  |              |
|    approx_kl            | 0.0024734223 |
|    clip_fraction        | 0.0158       |
|    clip_range           | 0.2          |
|    entropy_loss         | -0.215       |
|    explained_variance   | 0.716        |
|    learning_rate        | 0.0003       |
|    loss                 | 7.59e+03     |
|    n_updates            | 1450         |
|    policy_gradient_loss | -0.00479     |
|    value_loss           | 1.31e+04     |
------------------------------------------
------------------------------------------
| rollout/                |              |
|    ep_len_mean          | 720          |
|    ep_rew_mean          | 3.34e+03     |
| time/                   |              |
|    fps                  | 90           |
|    iterations           | 147          |
|    time_elapsed         | 830          |
|    total_timesteps      | 75264        |
| train/                  |              |
|    approx_kl            | 0.0014689136 |
|    clip_fraction        | 0.0168       |
|    clip_range           | 0.2          |
|    entropy_loss         | -0.294       |
|    explained_variance   | 0.237        |
|    learning_rate        | 0.0003       |
|    loss                 | 1.44e+04     |
|    n_updates            | 1460         |
|    policy_gradient_loss | -0.00602     |
|    value_loss           | 2.82e+04     |
------------------------------------------
-----------------------------------------
| rollout/                |             |
|    ep_len_mean          | 720         |
|    ep_rew_mean          | 3.31e+03    |
| time/                   |             |
|    fps                  | 90          |
|    iterations           | 148         |
|    time_elapsed         | 836         |
|    total_timesteps      | 75776       |
| train/                  |             |
|    approx_kl            | 0.002347322 |
|    clip_fraction        | 0.0123      |
|    clip_range           | 0.2         |
|    entropy_loss         | -0.281      |
|    explained_variance   | 0.446       |
|    learning_rate        | 0.0003      |
|    loss                 | 5.4e+03     |
|    n_updates            | 1470        |
|    policy_gradient_loss | -0.00684    |
|    value_loss           | 1.17e+04    |
-----------------------------------------
------------------------------------------
| rollout/                |              |
|    ep_len_mean          | 720          |
|    ep_rew_mean          | 3.31e+03     |
| time/                   |              |
|    fps                  | 90           |
|    iterations           | 149          |
|    time_elapsed         | 841          |
|    total_timesteps      | 76288        |
| train/                  |              |
|    approx_kl            | 0.0028904062 |
|    clip_fraction        | 0.0135       |
|    clip_range           | 0.2          |
|    entropy_loss         | -0.284       |
|    explained_variance   | 0.609        |
|    learning_rate        | 0.0003       |
|    loss                 | 9.81e+03     |
|    n_updates            | 1480         |
|    policy_gradient_loss | -0.00599     |
|    value_loss           | 2.36e+04     |
------------------------------------------
-------------------------------------------
| rollout/                |               |
|    ep_len_mean          | 720           |
|    ep_rew_mean          | 3.3e+03       |
| time/                   |               |
|    fps                  | 90            |
|    iterations           | 150           |
|    time_elapsed         | 847           |
|    total_timesteps      | 76800         |
| train/                  |               |
|    approx_kl            | 0.00044876977 |
|    clip_fraction        | 0.00176       |
|    clip_range           | 0.2           |
|    entropy_loss         | -0.169        |
|    explained_variance   | 0.131         |
|    learning_rate        | 0.0003        |
|    loss                 | 1.32e+04      |
|    n_updates            | 1490          |
|    policy_gradient_loss | -0.00213      |
|    value_loss           | 2.63e+04      |
-------------------------------------------
------------------------------------------
| rollout/                |              |
|    ep_len_mean          | 720          |
|    ep_rew_mean          | 3.28e+03     |
| time/                   |              |
|    fps                  | 90           |
|    iterations           | 151          |
|    time_elapsed         | 853          |
|    total_timesteps      | 77312        |
| train/                  |              |
|    approx_kl            | 0.0021294248 |
|    clip_fraction        | 0.0184       |
|    clip_range           | 0.2          |
|    entropy_loss         | -0.289       |
|    explained_variance   | 0.401        |
|    learning_rate        | 0.0003       |
|    loss                 | 1.04e+04     |
|    n_updates            | 1500         |
|    policy_gradient_loss | -0.00615     |
|    value_loss           | 2.28e+04     |
------------------------------------------
------------------------------------------
| rollout/                |              |
|    ep_len_mean          | 720          |
|    ep_rew_mean          | 3.25e+03     |
| time/                   |              |
|    fps                  | 90           |
|    iterations           | 152          |
|    time_elapsed         | 858          |
|    total_timesteps      | 77824        |
| train/                  |              |
|    approx_kl            | 0.0029778043 |
|    clip_fraction        | 0.0146       |
|    clip_range           | 0.2          |
|    entropy_loss         | -0.272       |
|    explained_variance   | 0.375        |
|    learning_rate        | 0.0003       |
|    loss                 | 5.77e+03     |
|    n_updates            | 1510         |
|    policy_gradient_loss | -0.00708     |
|    value_loss           | 1.45e+04     |
------------------------------------------
-----------------------------------------
| rollout/                |             |
|    ep_len_mean          | 720         |
|    ep_rew_mean          | 3.25e+03    |
| time/                   |             |
|    fps                  | 90          |
|    iterations           | 153         |
|    time_elapsed         | 864         |
|    total_timesteps      | 78336       |
| train/                  |             |
|    approx_kl            | 0.001210157 |
|    clip_fraction        | 0.0111      |
|    clip_range           | 0.2         |
|    entropy_loss         | -0.222      |
|    explained_variance   | 0.393       |
|    learning_rate        | 0.0003      |
|    loss                 | 7.4e+03     |
|    n_updates            | 1520        |
|    policy_gradient_loss | -0.0046     |
|    value_loss           | 1.37e+04    |
-----------------------------------------
----------------------------------------
| rollout/                |            |
|    ep_len_mean          | 720        |
|    ep_rew_mean          | 3.23e+03   |
| time/                   |            |
|    fps                  | 90         |
|    iterations           | 154        |
|    time_elapsed         | 869        |
|    total_timesteps      | 78848      |
| train/                  |            |
|    approx_kl            | 0.00271614 |
|    clip_fraction        | 0.0154     |
|    clip_range           | 0.2        |
|    entropy_loss         | -0.254     |
|    explained_variance   | 0.209      |
|    learning_rate        | 0.0003     |
|    loss                 | 9.51e+03   |
|    n_updates            | 1530       |
|    policy_gradient_loss | -0.00789   |
|    value_loss           | 1.69e+04   |
----------------------------------------
------------------------------------------
| rollout/                |              |
|    ep_len_mean          | 720          |
|    ep_rew_mean          | 3.21e+03     |
| time/                   |              |
|    fps                  | 90           |
|    iterations           | 155          |
|    time_elapsed         | 875          |
|    total_timesteps      | 79360        |
| train/                  |              |
|    approx_kl            | 0.0020880275 |
|    clip_fraction        | 0.00684      |
|    clip_range           | 0.2          |
|    entropy_loss         | -0.39        |
|    explained_variance   | 0.362        |
|    learning_rate        | 0.0003       |
|    loss                 | 9.39e+03     |
|    n_updates            | 1540         |
|    policy_gradient_loss | -0.00501     |
|    value_loss           | 1.91e+04     |
------------------------------------------
-----------------------------------------
| rollout/                |             |
|    ep_len_mean          | 720         |
|    ep_rew_mean          | 3.21e+03    |
| time/                   |             |
|    fps                  | 90          |
|    iterations           | 156         |
|    time_elapsed         | 881         |
|    total_timesteps      | 79872       |
| train/                  |             |
|    approx_kl            | 0.001945768 |
|    clip_fraction        | 0.00859     |
|    clip_range           | 0.2         |
|    entropy_loss         | -0.265      |
|    explained_variance   | 0.596       |
|    learning_rate        | 0.0003      |
|    loss                 | 8.1e+03     |
|    n_updates            | 1550        |
|    policy_gradient_loss | -0.00449    |
|    value_loss           | 1.76e+04    |
-----------------------------------------
------------------------------------------
| rollout/                |              |
|    ep_len_mean          | 720          |
|    ep_rew_mean          | 3.2e+03      |
| time/                   |              |
|    fps                  | 90           |
|    iterations           | 157          |
|    time_elapsed         | 886          |
|    total_timesteps      | 80384        |
| train/                  |              |
|    approx_kl            | 0.0014887901 |
|    clip_fraction        | 0.00859      |
|    clip_range           | 0.2          |
|    entropy_loss         | -0.143       |
|    explained_variance   | 0.0806       |
|    learning_rate        | 0.0003       |
|    loss                 | 1.23e+04     |
|    n_updates            | 1560         |
|    policy_gradient_loss | -0.00535     |
|    value_loss           | 2.46e+04     |
------------------------------------------
------------------------------------------
| rollout/                |              |
|    ep_len_mean          | 720          |
|    ep_rew_mean          | 3.17e+03     |
| time/                   |              |
|    fps                  | 90           |
|    iterations           | 158          |
|    time_elapsed         | 892          |
|    total_timesteps      | 80896        |
| train/                  |              |
|    approx_kl            | 0.0025391958 |
|    clip_fraction        | 0.018        |
|    clip_range           | 0.2          |
|    entropy_loss         | -0.332       |
|    explained_variance   | 0.305        |
|    learning_rate        | 0.0003       |
|    loss                 | 9.36e+03     |
|    n_updates            | 1570         |
|    policy_gradient_loss | -0.00502     |
|    value_loss           | 2.1e+04      |
------------------------------------------
------------------------------------------
| rollout/                |              |
|    ep_len_mean          | 720          |
|    ep_rew_mean          | 3.16e+03     |
| time/                   |              |
|    fps                  | 90           |
|    iterations           | 159          |
|    time_elapsed         | 898          |
|    total_timesteps      | 81408        |
| train/                  |              |
|    approx_kl            | 0.0004577376 |
|    clip_fraction        | 0.00195      |
|    clip_range           | 0.2          |
|    entropy_loss         | -0.261       |
|    explained_variance   | 0.255        |
|    learning_rate        | 0.0003       |
|    loss                 | 8.31e+03     |
|    n_updates            | 1580         |
|    policy_gradient_loss | -0.00196     |
|    value_loss           | 1.54e+04     |
------------------------------------------
------------------------------------------
| rollout/                |              |
|    ep_len_mean          | 720          |
|    ep_rew_mean          | 3.16e+03     |
| time/                   |              |
|    fps                  | 90           |
|    iterations           | 160          |
|    time_elapsed         | 903          |
|    total_timesteps      | 81920        |
| train/                  |              |
|    approx_kl            | 0.0015290668 |
|    clip_fraction        | 0.00977      |
|    clip_range           | 0.2          |
|    entropy_loss         | -0.171       |
|    explained_variance   | 0.585        |
|    learning_rate        | 0.0003       |
|    loss                 | 1.64e+04     |
|    n_updates            | 1590         |
|    policy_gradient_loss | -0.00343     |
|    value_loss           | 3.48e+04     |
------------------------------------------
-----------------------------------------
| rollout/                |             |
|    ep_len_mean          | 720         |
|    ep_rew_mean          | 3.14e+03    |
| time/                   |             |
|    fps                  | 90          |
|    iterations           | 161         |
|    time_elapsed         | 909         |
|    total_timesteps      | 82432       |
| train/                  |             |
|    approx_kl            | 0.002216586 |
|    clip_fraction        | 0.0162      |
|    clip_range           | 0.2         |
|    entropy_loss         | -0.31       |
|    explained_variance   | 0.619       |
|    learning_rate        | 0.0003      |
|    loss                 | 1.12e+04    |
|    n_updates            | 1600        |
|    policy_gradient_loss | -0.00667    |
|    value_loss           | 2.16e+04    |
-----------------------------------------
-----------------------------------------
| rollout/                |             |
|    ep_len_mean          | 720         |
|    ep_rew_mean          | 3.12e+03    |
| time/                   |             |
|    fps                  | 90          |
|    iterations           | 162         |
|    time_elapsed         | 914         |
|    total_timesteps      | 82944       |
| train/                  |             |
|    approx_kl            | 0.003089983 |
|    clip_fraction        | 0.016       |
|    clip_range           | 0.2         |
|    entropy_loss         | -0.326      |
|    explained_variance   | 0.327       |
|    learning_rate        | 0.0003      |
|    loss                 | 9.89e+03    |
|    n_updates            | 1610        |
|    policy_gradient_loss | -0.00556    |
|    value_loss           | 2.02e+04    |
-----------------------------------------
------------------------------------------
| rollout/                |              |
|    ep_len_mean          | 720          |
|    ep_rew_mean          | 3.12e+03     |
| time/                   |              |
|    fps                  | 90           |
|    iterations           | 163          |
|    time_elapsed         | 920          |
|    total_timesteps      | 83456        |
| train/                  |              |
|    approx_kl            | 0.0015628338 |
|    clip_fraction        | 0.00703      |
|    clip_range           | 0.2          |
|    entropy_loss         | -0.334       |
|    explained_variance   | 0.688        |
|    learning_rate        | 0.0003       |
|    loss                 | 6.47e+03     |
|    n_updates            | 1620         |
|    policy_gradient_loss | -0.00403     |
|    value_loss           | 1.23e+04     |
------------------------------------------
-----------------------------------------
| rollout/                |             |
|    ep_len_mean          | 720         |
|    ep_rew_mean          | 3.09e+03    |
| time/                   |             |
|    fps                  | 90          |
|    iterations           | 164         |
|    time_elapsed         | 926         |
|    total_timesteps      | 83968       |
| train/                  |             |
|    approx_kl            | 0.001735867 |
|    clip_fraction        | 0.00918     |
|    clip_range           | 0.2         |
|    entropy_loss         | -0.181      |
|    explained_variance   | 0.0273      |
|    learning_rate        | 0.0003      |
|    loss                 | 7.6e+03     |
|    n_updates            | 1630        |
|    policy_gradient_loss | -0.0052     |
|    value_loss           | 1.99e+04    |
-----------------------------------------
------------------------------------------
| rollout/                |              |
|    ep_len_mean          | 720          |
|    ep_rew_mean          | 3.07e+03     |
| time/                   |              |
|    fps                  | 90           |
|    iterations           | 165          |
|    time_elapsed         | 931          |
|    total_timesteps      | 84480        |
| train/                  |              |
|    approx_kl            | 0.0013803341 |
|    clip_fraction        | 0.0199       |
|    clip_range           | 0.2          |
|    entropy_loss         | -0.281       |
|    explained_variance   | 0.545        |
|    learning_rate        | 0.0003       |
|    loss                 | 7.71e+03     |
|    n_updates            | 1640         |
|    policy_gradient_loss | -0.00692     |
|    value_loss           | 1.44e+04     |
------------------------------------------
------------------------------------------
| rollout/                |              |
|    ep_len_mean          | 720          |
|    ep_rew_mean          | 3.06e+03     |
| time/                   |              |
|    fps                  | 90           |
|    iterations           | 166          |
|    time_elapsed         | 938          |
|    total_timesteps      | 84992        |
| train/                  |              |
|    approx_kl            | 0.0012020092 |
|    clip_fraction        | 0.00703      |
|    clip_range           | 0.2          |
|    entropy_loss         | -0.237       |
|    explained_variance   | 0.6          |
|    learning_rate        | 0.0003       |
|    loss                 | 9.28e+03     |
|    n_updates            | 1650         |
|    policy_gradient_loss | -0.00269     |
|    value_loss           | 1.65e+04     |
------------------------------------------
------------------------------------------
| rollout/                |              |
|    ep_len_mean          | 720          |
|    ep_rew_mean          | 3.06e+03     |
| time/                   |              |
|    fps                  | 90           |
|    iterations           | 167          |
|    time_elapsed         | 943          |
|    total_timesteps      | 85504        |
| train/                  |              |
|    approx_kl            | 0.0006527335 |
|    clip_fraction        | 0.00566      |
|    clip_range           | 0.2          |
|    entropy_loss         | -0.153       |
|    explained_variance   | 0.54         |
|    learning_rate        | 0.0003       |
|    loss                 | 1.18e+04     |
|    n_updates            | 1660         |
|    policy_gradient_loss | -0.00275     |
|    value_loss           | 2.25e+04     |
------------------------------------------
-----------------------------------------
| rollout/                |             |
|    ep_len_mean          | 720         |
|    ep_rew_mean          | 3.04e+03    |
| time/                   |             |
|    fps                  | 90          |
|    iterations           | 168         |
|    time_elapsed         | 948         |
|    total_timesteps      | 86016       |
| train/                  |             |
|    approx_kl            | 0.003265478 |
|    clip_fraction        | 0.0238      |
|    clip_range           | 0.2         |
|    entropy_loss         | -0.301      |
|    explained_variance   | 0.188       |
|    learning_rate        | 0.0003      |
|    loss                 | 8.2e+03     |
|    n_updates            | 1670        |
|    policy_gradient_loss | -0.00786    |
|    value_loss           | 1.88e+04    |
-----------------------------------------
------------------------------------------
| rollout/                |              |
|    ep_len_mean          | 720          |
|    ep_rew_mean          | 3.01e+03     |
| time/                   |              |
|    fps                  | 90           |
|    iterations           | 169          |
|    time_elapsed         | 954          |
|    total_timesteps      | 86528        |
| train/                  |              |
|    approx_kl            | 0.0017784482 |
|    clip_fraction        | 0.0207       |
|    clip_range           | 0.2          |
|    entropy_loss         | -0.314       |
|    explained_variance   | 0.277        |
|    learning_rate        | 0.0003       |
|    loss                 | 8.86e+03     |
|    n_updates            | 1680         |
|    policy_gradient_loss | -0.00519     |
|    value_loss           | 1.79e+04     |
------------------------------------------
------------------------------------------
| rollout/                |              |
|    ep_len_mean          | 720          |
|    ep_rew_mean          | 3.01e+03     |
| time/                   |              |
|    fps                  | 90           |
|    iterations           | 170          |
|    time_elapsed         | 960          |
|    total_timesteps      | 87040        |
| train/                  |              |
|    approx_kl            | 0.0031454044 |
|    clip_fraction        | 0.017        |
|    clip_range           | 0.2          |
|    entropy_loss         | -0.31        |
|    explained_variance   | 0.317        |
|    learning_rate        | 0.0003       |
|    loss                 | 3.76e+03     |
|    n_updates            | 1690         |
|    policy_gradient_loss | -0.00594     |
|    value_loss           | 7.74e+03     |
------------------------------------------
------------------------------------------
| rollout/                |              |
|    ep_len_mean          | 720          |
|    ep_rew_mean          | 2.98e+03     |
| time/                   |              |
|    fps                  | 90           |
|    iterations           | 171          |
|    time_elapsed         | 966          |
|    total_timesteps      | 87552        |
| train/                  |              |
|    approx_kl            | 0.0046661245 |
|    clip_fraction        | 0.0314       |
|    clip_range           | 0.2          |
|    entropy_loss         | -0.272       |
|    explained_variance   | 0.15         |
|    learning_rate        | 0.0003       |
|    loss                 | 7.37e+03     |
|    n_updates            | 1700         |
|    policy_gradient_loss | -0.00839     |
|    value_loss           | 1.08e+04     |
------------------------------------------
------------------------------------------
| rollout/                |              |
|    ep_len_mean          | 720          |
|    ep_rew_mean          | 2.96e+03     |
| time/                   |              |
|    fps                  | 90           |
|    iterations           | 172          |
|    time_elapsed         | 972          |
|    total_timesteps      | 88064        |
| train/                  |              |
|    approx_kl            | 0.0043714587 |
|    clip_fraction        | 0.0393       |
|    clip_range           | 0.2          |
|    entropy_loss         | -0.406       |
|    explained_variance   | 0.48         |
|    learning_rate        | 0.0003       |
|    loss                 | 1.19e+04     |
|    n_updates            | 1710         |
|    policy_gradient_loss | -0.00691     |
|    value_loss           | 2e+04        |
------------------------------------------
------------------------------------------
| rollout/                |              |
|    ep_len_mean          | 720          |
|    ep_rew_mean          | 2.93e+03     |
| time/                   |              |
|    fps                  | 90           |
|    iterations           | 173          |
|    time_elapsed         | 978          |
|    total_timesteps      | 88576        |
| train/                  |              |
|    approx_kl            | 0.0036532078 |
|    clip_fraction        | 0.0115       |
|    clip_range           | 0.2          |
|    entropy_loss         | -0.373       |
|    explained_variance   | 0.65         |
|    learning_rate        | 0.0003       |
|    loss                 | 5.42e+03     |
|    n_updates            | 1720         |
|    policy_gradient_loss | -0.00572     |
|    value_loss           | 1.02e+04     |
------------------------------------------
------------------------------------------
| rollout/                |              |
|    ep_len_mean          | 720          |
|    ep_rew_mean          | 2.93e+03     |
| time/                   |              |
|    fps                  | 90           |
|    iterations           | 174          |
|    time_elapsed         | 984          |
|    total_timesteps      | 89088        |
| train/                  |              |
|    approx_kl            | 0.0012873423 |
|    clip_fraction        | 0.00937      |
|    clip_range           | 0.2          |
|    entropy_loss         | -0.241       |
|    explained_variance   | 0.266        |
|    learning_rate        | 0.0003       |
|    loss                 | 7.83e+03     |
|    n_updates            | 1730         |
|    policy_gradient_loss | -0.00372     |
|    value_loss           | 1.46e+04     |
------------------------------------------
------------------------------------------
| rollout/                |              |
|    ep_len_mean          | 720          |
|    ep_rew_mean          | 2.9e+03      |
| time/                   |              |
|    fps                  | 90           |
|    iterations           | 175          |
|    time_elapsed         | 989          |
|    total_timesteps      | 89600        |
| train/                  |              |
|    approx_kl            | 0.0021432356 |
|    clip_fraction        | 0.0187       |
|    clip_range           | 0.2          |
|    entropy_loss         | -0.494       |
|    explained_variance   | 0.677        |
|    learning_rate        | 0.0003       |
|    loss                 | 2.64e+03     |
|    n_updates            | 1740         |
|    policy_gradient_loss | -0.00731     |
|    value_loss           | 7.33e+03     |
------------------------------------------
------------------------------------------
| rollout/                |              |
|    ep_len_mean          | 720          |
|    ep_rew_mean          | 2.86e+03     |
| time/                   |              |
|    fps                  | 90           |
|    iterations           | 176          |
|    time_elapsed         | 995          |
|    total_timesteps      | 90112        |
| train/                  |              |
|    approx_kl            | 0.0016861636 |
|    clip_fraction        | 0.00488      |
|    clip_range           | 0.2          |
|    entropy_loss         | -0.468       |
|    explained_variance   | 0.734        |
|    learning_rate        | 0.0003       |
|    loss                 | 2.94e+03     |
|    n_updates            | 1750         |
|    policy_gradient_loss | -0.00442     |
|    value_loss           | 7.4e+03      |
------------------------------------------
-------------------------------------------
| rollout/                |               |
|    ep_len_mean          | 720           |
|    ep_rew_mean          | 2.86e+03      |
| time/                   |               |
|    fps                  | 90            |
|    iterations           | 177           |
|    time_elapsed         | 1000          |
|    total_timesteps      | 90624         |
| train/                  |               |
|    approx_kl            | 0.00086862245 |
|    clip_fraction        | 0.000391      |
|    clip_range           | 0.2           |
|    entropy_loss         | -0.278        |
|    explained_variance   | 0.61          |
|    learning_rate        | 0.0003        |
|    loss                 | 3.91e+03      |
|    n_updates            | 1760          |
|    policy_gradient_loss | -0.00245      |
|    value_loss           | 9.62e+03      |
-------------------------------------------
------------------------------------------
| rollout/                |              |
|    ep_len_mean          | 720          |
|    ep_rew_mean          | 2.85e+03     |
| time/                   |              |
|    fps                  | 90           |
|    iterations           | 178          |
|    time_elapsed         | 1006         |
|    total_timesteps      | 91136        |
| train/                  |              |
|    approx_kl            | 0.0031332283 |
|    clip_fraction        | 0.0141       |
|    clip_range           | 0.2          |
|    entropy_loss         | -0.282       |
|    explained_variance   | 0.0172       |
|    learning_rate        | 0.0003       |
|    loss                 | 1.02e+04     |
|    n_updates            | 1770         |
|    policy_gradient_loss | -0.00654     |
|    value_loss           | 2.32e+04     |
------------------------------------------
------------------------------------------
| rollout/                |              |
|    ep_len_mean          | 720          |
|    ep_rew_mean          | 2.82e+03     |
| time/                   |              |
|    fps                  | 90           |
|    iterations           | 179          |
|    time_elapsed         | 1012         |
|    total_timesteps      | 91648        |
| train/                  |              |
|    approx_kl            | 0.0009973217 |
|    clip_fraction        | 0.00527      |
|    clip_range           | 0.2          |
|    entropy_loss         | -0.398       |
|    explained_variance   | 0.662        |
|    learning_rate        | 0.0003       |
|    loss                 | 6.84e+03     |
|    n_updates            | 1780         |
|    policy_gradient_loss | -0.00344     |
|    value_loss           | 1.73e+04     |
------------------------------------------
-----------------------------------------
| rollout/                |             |
|    ep_len_mean          | 720         |
|    ep_rew_mean          | 2.8e+03     |
| time/                   |             |
|    fps                  | 90          |
|    iterations           | 180         |
|    time_elapsed         | 1017        |
|    total_timesteps      | 92160       |
| train/                  |             |
|    approx_kl            | 0.001394806 |
|    clip_fraction        | 0.0105      |
|    clip_range           | 0.2         |
|    entropy_loss         | -0.319      |
|    explained_variance   | 0.626       |
|    learning_rate        | 0.0003      |
|    loss                 | 5.27e+03    |
|    n_updates            | 1790        |
|    policy_gradient_loss | -0.00411    |
|    value_loss           | 1.02e+04    |
-----------------------------------------
-----------------------------------------
| rollout/                |             |
|    ep_len_mean          | 720         |
|    ep_rew_mean          | 2.8e+03     |
| time/                   |             |
|    fps                  | 90          |
|    iterations           | 181         |
|    time_elapsed         | 1022        |
|    total_timesteps      | 92672       |
| train/                  |             |
|    approx_kl            | 0.004354948 |
|    clip_fraction        | 0.0189      |
|    clip_range           | 0.2         |
|    entropy_loss         | -0.2        |
|    explained_variance   | 0.102       |
|    learning_rate        | 0.0003      |
|    loss                 | 8.64e+03    |
|    n_updates            | 1800        |
|    policy_gradient_loss | -0.00533    |
|    value_loss           | 1.68e+04    |
-----------------------------------------
------------------------------------------
| rollout/                |              |
|    ep_len_mean          | 720          |
|    ep_rew_mean          | 2.78e+03     |
| time/                   |              |
|    fps                  | 90           |
|    iterations           | 182          |
|    time_elapsed         | 1028         |
|    total_timesteps      | 93184        |
| train/                  |              |
|    approx_kl            | 0.0020048337 |
|    clip_fraction        | 0.018        |
|    clip_range           | 0.2          |
|    entropy_loss         | -0.332       |
|    explained_variance   | 0.585        |
|    learning_rate        | 0.0003       |
|    loss                 | 5.9e+03      |
|    n_updates            | 1810         |
|    policy_gradient_loss | -0.00671     |
|    value_loss           | 1.05e+04     |
------------------------------------------
------------------------------------------
| rollout/                |              |
|    ep_len_mean          | 720          |
|    ep_rew_mean          | 2.76e+03     |
| time/                   |              |
|    fps                  | 90           |
|    iterations           | 183          |
|    time_elapsed         | 1033         |
|    total_timesteps      | 93696        |
| train/                  |              |
|    approx_kl            | 0.0035017012 |
|    clip_fraction        | 0.0187       |
|    clip_range           | 0.2          |
|    entropy_loss         | -0.339       |
|    explained_variance   | 0.473        |
|    learning_rate        | 0.0003       |
|    loss                 | 6.95e+03     |
|    n_updates            | 1820         |
|    policy_gradient_loss | -0.00843     |
|    value_loss           | 1.52e+04     |
------------------------------------------
-----------------------------------------
| rollout/                |             |
|    ep_len_mean          | 720         |
|    ep_rew_mean          | 2.76e+03    |
| time/                   |             |
|    fps                  | 90          |
|    iterations           | 184         |
|    time_elapsed         | 1039        |
|    total_timesteps      | 94208       |
| train/                  |             |
|    approx_kl            | 0.002526091 |
|    clip_fraction        | 0.00937     |
|    clip_range           | 0.2         |
|    entropy_loss         | -0.27       |
|    explained_variance   | 0.486       |
|    learning_rate        | 0.0003      |
|    loss                 | 5.07e+03    |
|    n_updates            | 1830        |
|    policy_gradient_loss | -0.00517    |
|    value_loss           | 8.87e+03    |
-----------------------------------------
------------------------------------------
| rollout/                |              |
|    ep_len_mean          | 720          |
|    ep_rew_mean          | 2.74e+03     |
| time/                   |              |
|    fps                  | 90           |
|    iterations           | 185          |
|    time_elapsed         | 1045         |
|    total_timesteps      | 94720        |
| train/                  |              |
|    approx_kl            | 0.0038191117 |
|    clip_fraction        | 0.0381       |
|    clip_range           | 0.2          |
|    entropy_loss         | -0.277       |
|    explained_variance   | 0.00234      |
|    learning_rate        | 0.0003       |
|    loss                 | 8.66e+03     |
|    n_updates            | 1840         |
|    policy_gradient_loss | -0.00989     |
|    value_loss           | 1.66e+04     |
------------------------------------------
------------------------------------------
| rollout/                |              |
|    ep_len_mean          | 720          |
|    ep_rew_mean          | 2.72e+03     |
| time/                   |              |
|    fps                  | 90           |
|    iterations           | 186          |
|    time_elapsed         | 1051         |
|    total_timesteps      | 95232        |
| train/                  |              |
|    approx_kl            | 0.0022918489 |
|    clip_fraction        | 0.0156       |
|    clip_range           | 0.2          |
|    entropy_loss         | -0.407       |
|    explained_variance   | 0.732        |
|    learning_rate        | 0.0003       |
|    loss                 | 4.04e+03     |
|    n_updates            | 1850         |
|    policy_gradient_loss | -0.00427     |
|    value_loss           | 9.54e+03     |
------------------------------------------
------------------------------------------
| rollout/                |              |
|    ep_len_mean          | 720          |
|    ep_rew_mean          | 2.72e+03     |
| time/                   |              |
|    fps                  | 90           |
|    iterations           | 187          |
|    time_elapsed         | 1056         |
|    total_timesteps      | 95744        |
| train/                  |              |
|    approx_kl            | 0.0031201136 |
|    clip_fraction        | 0.0121       |
|    clip_range           | 0.2          |
|    entropy_loss         | -0.322       |
|    explained_variance   | 0.822        |
|    learning_rate        | 0.0003       |
|    loss                 | 6.96e+03     |
|    n_updates            | 1860         |
|    policy_gradient_loss | -0.00406     |
|    value_loss           | 1.17e+04     |
------------------------------------------
------------------------------------------
| rollout/                |              |
|    ep_len_mean          | 720          |
|    ep_rew_mean          | 2.72e+03     |
| time/                   |              |
|    fps                  | 90           |
|    iterations           | 188          |
|    time_elapsed         | 1062         |
|    total_timesteps      | 96256        |
| train/                  |              |
|    approx_kl            | 0.0010071439 |
|    clip_fraction        | 0.00879      |
|    clip_range           | 0.2          |
|    entropy_loss         | -0.179       |
|    explained_variance   | 0.000616     |
|    learning_rate        | 0.0003       |
|    loss                 | 1.12e+04     |
|    n_updates            | 1870         |
|    policy_gradient_loss | -0.00271     |
|    value_loss           | 2.16e+04     |
------------------------------------------
------------------------------------------
| rollout/                |              |
|    ep_len_mean          | 720          |
|    ep_rew_mean          | 2.72e+03     |
| time/                   |              |
|    fps                  | 90           |
|    iterations           | 189          |
|    time_elapsed         | 1068         |
|    total_timesteps      | 96768        |
| train/                  |              |
|    approx_kl            | 0.0072731813 |
|    clip_fraction        | 0.0537       |
|    clip_range           | 0.2          |
|    entropy_loss         | -0.369       |
|    explained_variance   | 0.383        |
|    learning_rate        | 0.0003       |
|    loss                 | 1.28e+04     |
|    n_updates            | 1880         |
|    policy_gradient_loss | -0.0111      |
|    value_loss           | 2.16e+04     |
------------------------------------------
------------------------------------------
| rollout/                |              |
|    ep_len_mean          | 720          |
|    ep_rew_mean          | 2.73e+03     |
| time/                   |              |
|    fps                  | 90           |
|    iterations           | 190          |
|    time_elapsed         | 1074         |
|    total_timesteps      | 97280        |
| train/                  |              |
|    approx_kl            | 0.0027975955 |
|    clip_fraction        | 0.00918      |
|    clip_range           | 0.2          |
|    entropy_loss         | -0.343       |
|    explained_variance   | 0.531        |
|    learning_rate        | 0.0003       |
|    loss                 | 8.55e+03     |
|    n_updates            | 1890         |
|    policy_gradient_loss | -0.00528     |
|    value_loss           | 1.58e+04     |
------------------------------------------
----------------------------------------
| rollout/                |            |
|    ep_len_mean          | 720        |
|    ep_rew_mean          | 2.73e+03   |
| time/                   |            |
|    fps                  | 90         |
|    iterations           | 191        |
|    time_elapsed         | 1079       |
|    total_timesteps      | 97792      |
| train/                  |            |
|    approx_kl            | 0.00141971 |
|    clip_fraction        | 0.0166     |
|    clip_range           | 0.2        |
|    entropy_loss         | -0.204     |
|    explained_variance   | 0.569      |
|    learning_rate        | 0.0003     |
|    loss                 | 1.17e+04   |
|    n_updates            | 1900       |
|    policy_gradient_loss | -0.00456   |
|    value_loss           | 2.14e+04   |
----------------------------------------
------------------------------------------
| rollout/                |              |
|    ep_len_mean          | 720          |
|    ep_rew_mean          | 2.73e+03     |
| time/                   |              |
|    fps                  | 90           |
|    iterations           | 192          |
|    time_elapsed         | 1085         |
|    total_timesteps      | 98304        |
| train/                  |              |
|    approx_kl            | 0.0027928103 |
|    clip_fraction        | 0.0197       |
|    clip_range           | 0.2          |
|    entropy_loss         | -0.286       |
|    explained_variance   | 0.118        |
|    learning_rate        | 0.0003       |
|    loss                 | 1.01e+04     |
|    n_updates            | 1910         |
|    policy_gradient_loss | -0.00512     |
|    value_loss           | 2e+04        |
------------------------------------------
------------------------------------------
| rollout/                |              |
|    ep_len_mean          | 720          |
|    ep_rew_mean          | 2.71e+03     |
| time/                   |              |
|    fps                  | 90           |
|    iterations           | 193          |
|    time_elapsed         | 1090         |
|    total_timesteps      | 98816        |
| train/                  |              |
|    approx_kl            | 0.0022928803 |
|    clip_fraction        | 0.0082       |
|    clip_range           | 0.2          |
|    entropy_loss         | -0.424       |
|    explained_variance   | 0.624        |
|    learning_rate        | 0.0003       |
|    loss                 | 3.81e+03     |
|    n_updates            | 1920         |
|    policy_gradient_loss | -0.00528     |
|    value_loss           | 9.11e+03     |
------------------------------------------
------------------------------------------
| rollout/                |              |
|    ep_len_mean          | 720          |
|    ep_rew_mean          | 2.71e+03     |
| time/                   |              |
|    fps                  | 90           |
|    iterations           | 194          |
|    time_elapsed         | 1096         |
|    total_timesteps      | 99328        |
| train/                  |              |
|    approx_kl            | 0.0012557488 |
|    clip_fraction        | 0.00645      |
|    clip_range           | 0.2          |
|    entropy_loss         | -0.286       |
|    explained_variance   | 0.626        |
|    learning_rate        | 0.0003       |
|    loss                 | 5.74e+03     |
|    n_updates            | 1930         |
|    policy_gradient_loss | -0.00232     |
|    value_loss           | 9.76e+03     |
------------------------------------------
------------------------------------------
| rollout/                |              |
|    ep_len_mean          | 720          |
|    ep_rew_mean          | 2.71e+03     |
| time/                   |              |
|    fps                  | 90           |
|    iterations           | 195          |
|    time_elapsed         | 1102         |
|    total_timesteps      | 99840        |
| train/                  |              |
|    approx_kl            | 0.0040355283 |
|    clip_fraction        | 0.0488       |
|    clip_range           | 0.2          |
|    entropy_loss         | -0.17        |
|    explained_variance   | 0.0769       |
|    learning_rate        | 0.0003       |
|    loss                 | 1.25e+04     |
|    n_updates            | 1940         |
|    policy_gradient_loss | -0.0079      |
|    value_loss           | 2.4e+04      |
------------------------------------------
------------------------------------------
| rollout/                |              |
|    ep_len_mean          | 720          |
|    ep_rew_mean          | 2.7e+03      |
| time/                   |              |
|    fps                  | 90           |
|    iterations           | 196          |
|    time_elapsed         | 1107         |
|    total_timesteps      | 100352       |
| train/                  |              |
|    approx_kl            | 0.0030681835 |
|    clip_fraction        | 0.0271       |
|    clip_range           | 0.2          |
|    entropy_loss         | -0.372       |
|    explained_variance   | 0.558        |
|    learning_rate        | 0.0003       |
|    loss                 | 7.91e+03     |
|    n_updates            | 1950         |
|    policy_gradient_loss | -0.00651     |
|    value_loss           | 1.54e+04     |
------------------------------------------
-----------------------------------------
| rollout/                |             |
|    ep_len_mean          | 720         |
|    ep_rew_mean          | 2.7e+03     |
| time/                   |             |
|    fps                  | 90          |
|    iterations           | 197         |
|    time_elapsed         | 1113        |
|    total_timesteps      | 100864      |
| train/                  |             |
|    approx_kl            | 0.004500881 |
|    clip_fraction        | 0.0291      |
|    clip_range           | 0.2         |
|    entropy_loss         | -0.357      |
|    explained_variance   | 0.61        |
|    learning_rate        | 0.0003      |
|    loss                 | 1.03e+04    |
|    n_updates            | 1960        |
|    policy_gradient_loss | -0.00931    |
|    value_loss           | 2.24e+04    |
-----------------------------------------
-----------------------------------------
| rollout/                |             |
|    ep_len_mean          | 720         |
|    ep_rew_mean          | 2.7e+03     |
| time/                   |             |
|    fps                  | 90          |
|    iterations           | 198         |
|    time_elapsed         | 1119        |
|    total_timesteps      | 101376      |
| train/                  |             |
|    approx_kl            | 0.002296667 |
|    clip_fraction        | 0.0195      |
|    clip_range           | 0.2         |
|    entropy_loss         | -0.21       |
|    explained_variance   | 0.624       |
|    learning_rate        | 0.0003      |
|    loss                 | 1.3e+04     |
|    n_updates            | 1970        |
|    policy_gradient_loss | -0.00783    |
|    value_loss           | 2.46e+04    |
-----------------------------------------
-------------------------------------------
| rollout/                |               |
|    ep_len_mean          | 720           |
|    ep_rew_mean          | 2.69e+03      |
| time/                   |               |
|    fps                  | 90            |
|    iterations           | 199           |
|    time_elapsed         | 1125          |
|    total_timesteps      | 101888        |
| train/                  |               |
|    approx_kl            | 0.00088367995 |
|    clip_fraction        | 0.0105        |
|    clip_range           | 0.2           |
|    entropy_loss         | -0.315        |
|    explained_variance   | 0.276         |
|    learning_rate        | 0.0003        |
|    loss                 | 4.96e+03      |
|    n_updates            | 1980          |
|    policy_gradient_loss | -0.00303      |
|    value_loss           | 1.26e+04      |
-------------------------------------------
------------------------------------------
| rollout/                |              |
|    ep_len_mean          | 720          |
|    ep_rew_mean          | 2.69e+03     |
| time/                   |              |
|    fps                  | 90           |
|    iterations           | 200          |
|    time_elapsed         | 1131         |
|    total_timesteps      | 102400       |
| train/                  |              |
|    approx_kl            | 0.0013876338 |
|    clip_fraction        | 0.00918      |
|    clip_range           | 0.2          |
|    entropy_loss         | -0.365       |
|    explained_variance   | 0.543        |
|    learning_rate        | 0.0003       |
|    loss                 | 8.26e+03     |
|    n_updates            | 1990         |
|    policy_gradient_loss | -0.00412     |
|    value_loss           | 1.69e+04     |
------------------------------------------
------------------------------------------
| rollout/                |              |
|    ep_len_mean          | 720          |
|    ep_rew_mean          | 2.69e+03     |
| time/                   |              |
|    fps                  | 90           |
|    iterations           | 201          |
|    time_elapsed         | 1136         |
|    total_timesteps      | 102912       |
| train/                  |              |
|    approx_kl            | 0.0026081416 |
|    clip_fraction        | 0.0229       |
|    clip_range           | 0.2          |
|    entropy_loss         | -0.324       |
|    explained_variance   | 0.406        |
|    learning_rate        | 0.0003       |
|    loss                 | 9.18e+03     |
|    n_updates            | 2000         |
|    policy_gradient_loss | -0.00702     |
|    value_loss           | 2.28e+04     |
------------------------------------------
------------------------------------------
| rollout/                |              |
|    ep_len_mean          | 720          |
|    ep_rew_mean          | 2.68e+03     |
| time/                   |              |
|    fps                  | 90           |
|    iterations           | 202          |
|    time_elapsed         | 1142         |
|    total_timesteps      | 103424       |
| train/                  |              |
|    approx_kl            | 0.0006473564 |
|    clip_fraction        | 0.00488      |
|    clip_range           | 0.2          |
|    entropy_loss         | -0.204       |
|    explained_variance   | 0.00442      |
|    learning_rate        | 0.0003       |
|    loss                 | 1.03e+04     |
|    n_updates            | 2010         |
|    policy_gradient_loss | -0.00269     |
|    value_loss           | 2.31e+04     |
------------------------------------------
-----------------------------------------
| rollout/                |             |
|    ep_len_mean          | 720         |
|    ep_rew_mean          | 2.68e+03    |
| time/                   |             |
|    fps                  | 90          |
|    iterations           | 203         |
|    time_elapsed         | 1147        |
|    total_timesteps      | 103936      |
| train/                  |             |
|    approx_kl            | 0.006581259 |
|    clip_fraction        | 0.032       |
|    clip_range           | 0.2         |
|    entropy_loss         | -0.424      |
|    explained_variance   | 0.573       |
|    learning_rate        | 0.0003      |
|    loss                 | 7.28e+03    |
|    n_updates            | 2020        |
|    policy_gradient_loss | -0.011      |
|    value_loss           | 1.43e+04    |
-----------------------------------------
------------------------------------------
| rollout/                |              |
|    ep_len_mean          | 720          |
|    ep_rew_mean          | 2.69e+03     |
| time/                   |              |
|    fps                  | 90           |
|    iterations           | 204          |
|    time_elapsed         | 1152         |
|    total_timesteps      | 104448       |
| train/                  |              |
|    approx_kl            | 0.0059691006 |
|    clip_fraction        | 0.0529       |
|    clip_range           | 0.2          |
|    entropy_loss         | -0.355       |
|    explained_variance   | 0.6          |
|    learning_rate        | 0.0003       |
|    loss                 | 1.12e+04     |
|    n_updates            | 2030         |
|    policy_gradient_loss | -0.0136      |
|    value_loss           | 1.92e+04     |
------------------------------------------
------------------------------------------
| rollout/                |              |
|    ep_len_mean          | 720          |
|    ep_rew_mean          | 2.69e+03     |
| time/                   |              |
|    fps                  | 90           |
|    iterations           | 205          |
|    time_elapsed         | 1159         |
|    total_timesteps      | 104960       |
| train/                  |              |
|    approx_kl            | 0.0061887573 |
|    clip_fraction        | 0.0406       |
|    clip_range           | 0.2          |
|    entropy_loss         | -0.265       |
|    explained_variance   | 0.493        |
|    learning_rate        | 0.0003       |
|    loss                 | 1.12e+04     |
|    n_updates            | 2040         |
|    policy_gradient_loss | -0.0105      |
|    value_loss           | 2.58e+04     |
------------------------------------------
------------------------------------------
| rollout/                |              |
|    ep_len_mean          | 720          |
|    ep_rew_mean          | 2.69e+03     |
| time/                   |              |
|    fps                  | 90           |
|    iterations           | 206          |
|    time_elapsed         | 1164         |
|    total_timesteps      | 105472       |
| train/                  |              |
|    approx_kl            | 0.0032625138 |
|    clip_fraction        | 0.018        |
|    clip_range           | 0.2          |
|    entropy_loss         | -0.289       |
|    explained_variance   | 0.292        |
|    learning_rate        | 0.0003       |
|    loss                 | 5.86e+03     |
|    n_updates            | 2050         |
|    policy_gradient_loss | -0.00638     |
|    value_loss           | 1.17e+04     |
------------------------------------------
------------------------------------------
| rollout/                |              |
|    ep_len_mean          | 720          |
|    ep_rew_mean          | 2.69e+03     |
| time/                   |              |
|    fps                  | 90           |
|    iterations           | 207          |
|    time_elapsed         | 1170         |
|    total_timesteps      | 105984       |
| train/                  |              |
|    approx_kl            | 0.0030742455 |
|    clip_fraction        | 0.0213       |
|    clip_range           | 0.2          |
|    entropy_loss         | -0.446       |
|    explained_variance   | 0.724        |
|    learning_rate        | 0.0003       |
|    loss                 | 5.31e+03     |
|    n_updates            | 2060         |
|    policy_gradient_loss | -0.00624     |
|    value_loss           | 1.05e+04     |
------------------------------------------
-----------------------------------------
| rollout/                |             |
|    ep_len_mean          | 720         |
|    ep_rew_mean          | 2.69e+03    |
| time/                   |             |
|    fps                  | 90          |
|    iterations           | 208         |
|    time_elapsed         | 1176        |
|    total_timesteps      | 106496      |
| train/                  |             |
|    approx_kl            | 0.005665935 |
|    clip_fraction        | 0.0568      |
|    clip_range           | 0.2         |
|    entropy_loss         | -0.426      |
|    explained_variance   | 0.478       |
|    learning_rate        | 0.0003      |
|    loss                 | 4.43e+03    |
|    n_updates            | 2070        |
|    policy_gradient_loss | -0.00822    |
|    value_loss           | 9.61e+03    |
-----------------------------------------
------------------------------------------
| rollout/                |              |
|    ep_len_mean          | 720          |
|    ep_rew_mean          | 2.71e+03     |
| time/                   |              |
|    fps                  | 90           |
|    iterations           | 209          |
|    time_elapsed         | 1181         |
|    total_timesteps      | 107008       |
| train/                  |              |
|    approx_kl            | 0.0016546393 |
|    clip_fraction        | 0.00762      |
|    clip_range           | 0.2          |
|    entropy_loss         | -0.197       |
|    explained_variance   | 0.0972       |
|    learning_rate        | 0.0003       |
|    loss                 | 1.01e+04     |
|    n_updates            | 2080         |
|    policy_gradient_loss | -0.00468     |
|    value_loss           | 1.84e+04     |
------------------------------------------
------------------------------------------
| rollout/                |              |
|    ep_len_mean          | 720          |
|    ep_rew_mean          | 2.72e+03     |
| time/                   |              |
|    fps                  | 90           |
|    iterations           | 210          |
|    time_elapsed         | 1187         |
|    total_timesteps      | 107520       |
| train/                  |              |
|    approx_kl            | 0.0020183967 |
|    clip_fraction        | 0.0184       |
|    clip_range           | 0.2          |
|    entropy_loss         | -0.399       |
|    explained_variance   | 0.737        |
|    learning_rate        | 0.0003       |
|    loss                 | 3.7e+03      |
|    n_updates            | 2090         |
|    policy_gradient_loss | -0.00418     |
|    value_loss           | 7.29e+03     |
------------------------------------------
------------------------------------------
| rollout/                |              |
|    ep_len_mean          | 720          |
|    ep_rew_mean          | 2.74e+03     |
| time/                   |              |
|    fps                  | 90           |
|    iterations           | 211          |
|    time_elapsed         | 1193         |
|    total_timesteps      | 108032       |
| train/                  |              |
|    approx_kl            | 0.0018202448 |
|    clip_fraction        | 0.00508      |
|    clip_range           | 0.2          |
|    entropy_loss         | -0.356       |
|    explained_variance   | 0.64         |
|    learning_rate        | 0.0003       |
|    loss                 | 4.2e+03      |
|    n_updates            | 2100         |
|    policy_gradient_loss | -0.00279     |
|    value_loss           | 9.53e+03     |
------------------------------------------
------------------------------------------
| rollout/                |              |
|    ep_len_mean          | 720          |
|    ep_rew_mean          | 2.74e+03     |
| time/                   |              |
|    fps                  | 90           |
|    iterations           | 212          |
|    time_elapsed         | 1198         |
|    total_timesteps      | 108544       |
| train/                  |              |
|    approx_kl            | 0.0023442646 |
|    clip_fraction        | 0.0232       |
|    clip_range           | 0.2          |
|    entropy_loss         | -0.22        |
|    explained_variance   | 0.641        |
|    learning_rate        | 0.0003       |
|    loss                 | 7.71e+03     |
|    n_updates            | 2110         |
|    policy_gradient_loss | -0.00563     |
|    value_loss           | 1.66e+04     |
------------------------------------------
-----------------------------------------
| rollout/                |             |
|    ep_len_mean          | 720         |
|    ep_rew_mean          | 2.74e+03    |
| time/                   |             |
|    fps                  | 90          |
|    iterations           | 213         |
|    time_elapsed         | 1204        |
|    total_timesteps      | 109056      |
| train/                  |             |
|    approx_kl            | 0.005126799 |
|    clip_fraction        | 0.0246      |
|    clip_range           | 0.2         |
|    entropy_loss         | -0.373      |
|    explained_variance   | 0.652       |
|    learning_rate        | 0.0003      |
|    loss                 | 2.82e+03    |
|    n_updates            | 2120        |
|    policy_gradient_loss | -0.00446    |
|    value_loss           | 7.32e+03    |
-----------------------------------------
------------------------------------------
| rollout/                |              |
|    ep_len_mean          | 720          |
|    ep_rew_mean          | 2.76e+03     |
| time/                   |              |
|    fps                  | 90           |
|    iterations           | 214          |
|    time_elapsed         | 1209         |
|    total_timesteps      | 109568       |
| train/                  |              |
|    approx_kl            | 0.0022495366 |
|    clip_fraction        | 0.00781      |
|    clip_range           | 0.2          |
|    entropy_loss         | -0.515       |
|    explained_variance   | 0.707        |
|    learning_rate        | 0.0003       |
|    loss                 | 4.14e+03     |
|    n_updates            | 2130         |
|    policy_gradient_loss | -0.0053      |
|    value_loss           | 8.86e+03     |
------------------------------------------
------------------------------------------
| rollout/                |              |
|    ep_len_mean          | 720          |
|    ep_rew_mean          | 2.76e+03     |
| time/                   |              |
|    fps                  | 90           |
|    iterations           | 215          |
|    time_elapsed         | 1215         |
|    total_timesteps      | 110080       |
| train/                  |              |
|    approx_kl            | 0.0034366553 |
|    clip_fraction        | 0.0166       |
|    clip_range           | 0.2          |
|    entropy_loss         | -0.316       |
|    explained_variance   | 0.828        |
|    learning_rate        | 0.0003       |
|    loss                 | 7.84e+03     |
|    n_updates            | 2140         |
|    policy_gradient_loss | -0.00577     |
|    value_loss           | 1.23e+04     |
------------------------------------------
------------------------------------------
| rollout/                |              |
|    ep_len_mean          | 720          |
|    ep_rew_mean          | 2.76e+03     |
| time/                   |              |
|    fps                  | 90           |
|    iterations           | 216          |
|    time_elapsed         | 1220         |
|    total_timesteps      | 110592       |
| train/                  |              |
|    approx_kl            | 0.0009295525 |
|    clip_fraction        | 0.00684      |
|    clip_range           | 0.2          |
|    entropy_loss         | -0.266       |
|    explained_variance   | 0.305        |
|    learning_rate        | 0.0003       |
|    loss                 | 4.56e+03     |
|    n_updates            | 2150         |
|    policy_gradient_loss | -0.00312     |
|    value_loss           | 9.46e+03     |
------------------------------------------
-----------------------------------------
| rollout/                |             |
|    ep_len_mean          | 720         |
|    ep_rew_mean          | 2.77e+03    |
| time/                   |             |
|    fps                  | 90          |
|    iterations           | 217         |
|    time_elapsed         | 1226        |
|    total_timesteps      | 111104      |
| train/                  |             |
|    approx_kl            | 0.009991055 |
|    clip_fraction        | 0.0783      |
|    clip_range           | 0.2         |
|    entropy_loss         | -0.448      |
|    explained_variance   | 0.721       |
|    learning_rate        | 0.0003      |
|    loss                 | 6.05e+03    |
|    n_updates            | 2160        |
|    policy_gradient_loss | -0.0102     |
|    value_loss           | 1.13e+04    |
-----------------------------------------
------------------------------------------
| rollout/                |              |
|    ep_len_mean          | 720          |
|    ep_rew_mean          | 2.78e+03     |
| time/                   |              |
|    fps                  | 90           |
|    iterations           | 218          |
|    time_elapsed         | 1232         |
|    total_timesteps      | 111616       |
| train/                  |              |
|    approx_kl            | 0.0033525168 |
|    clip_fraction        | 0.0117       |
|    clip_range           | 0.2          |
|    entropy_loss         | -0.414       |
|    explained_variance   | 0.765        |
|    learning_rate        | 0.0003       |
|    loss                 | 1.76e+03     |
|    n_updates            | 2170         |
|    policy_gradient_loss | -0.00632     |
|    value_loss           | 5.45e+03     |
------------------------------------------
------------------------------------------
| rollout/                |              |
|    ep_len_mean          | 720          |
|    ep_rew_mean          | 2.78e+03     |
| time/                   |              |
|    fps                  | 90           |
|    iterations           | 219          |
|    time_elapsed         | 1237         |
|    total_timesteps      | 112128       |
| train/                  |              |
|    approx_kl            | 0.0005724942 |
|    clip_fraction        | 0.00234      |
|    clip_range           | 0.2          |
|    entropy_loss         | -0.2         |
|    explained_variance   | 0.548        |
|    learning_rate        | 0.0003       |
|    loss                 | 6.61e+03     |
|    n_updates            | 2180         |
|    policy_gradient_loss | -0.000932    |
|    value_loss           | 1.67e+04     |
------------------------------------------
------------------------------------------
| rollout/                |              |
|    ep_len_mean          | 720          |
|    ep_rew_mean          | 2.79e+03     |
| time/                   |              |
|    fps                  | 90           |
|    iterations           | 220          |
|    time_elapsed         | 1243         |
|    total_timesteps      | 112640       |
| train/                  |              |
|    approx_kl            | 0.0014352308 |
|    clip_fraction        | 0.0041       |
|    clip_range           | 0.2          |
|    entropy_loss         | -0.397       |
|    explained_variance   | 0.744        |
|    learning_rate        | 0.0003       |
|    loss                 | 4.71e+03     |
|    n_updates            | 2190         |
|    policy_gradient_loss | -0.00286     |
|    value_loss           | 9.36e+03     |
------------------------------------------
------------------------------------------
| rollout/                |              |
|    ep_len_mean          | 720          |
|    ep_rew_mean          | 2.82e+03     |
| time/                   |              |
|    fps                  | 90           |
|    iterations           | 221          |
|    time_elapsed         | 1248         |
|    total_timesteps      | 113152       |
| train/                  |              |
|    approx_kl            | 0.0068953335 |
|    clip_fraction        | 0.0301       |
|    clip_range           | 0.2          |
|    entropy_loss         | -0.5         |
|    explained_variance   | 0.801        |
|    learning_rate        | 0.0003       |
|    loss                 | 2e+03        |
|    n_updates            | 2200         |
|    policy_gradient_loss | -0.00581     |
|    value_loss           | 4.91e+03     |
------------------------------------------
------------------------------------------
| rollout/                |              |
|    ep_len_mean          | 720          |
|    ep_rew_mean          | 2.82e+03     |
| time/                   |              |
|    fps                  | 90           |
|    iterations           | 222          |
|    time_elapsed         | 1254         |
|    total_timesteps      | 113664       |
| train/                  |              |
|    approx_kl            | 0.0015588674 |
|    clip_fraction        | 0.0125       |
|    clip_range           | 0.2          |
|    entropy_loss         | -0.242       |
|    explained_variance   | 0.832        |
|    learning_rate        | 0.0003       |
|    loss                 | 9.78e+03     |
|    n_updates            | 2210         |
|    policy_gradient_loss | -0.0051      |
|    value_loss           | 1.73e+04     |
------------------------------------------
------------------------------------------
| rollout/                |              |
|    ep_len_mean          | 720          |
|    ep_rew_mean          | 2.85e+03     |
| time/                   |              |
|    fps                  | 90           |
|    iterations           | 223          |
|    time_elapsed         | 1259         |
|    total_timesteps      | 114176       |
| train/                  |              |
|    approx_kl            | 0.0030512167 |
|    clip_fraction        | 0.0342       |
|    clip_range           | 0.2          |
|    entropy_loss         | -0.287       |
|    explained_variance   | 0.389        |
|    learning_rate        | 0.0003       |
|    loss                 | 1.24e+04     |
|    n_updates            | 2220         |
|    policy_gradient_loss | -0.00659     |
|    value_loss           | 2.36e+04     |
------------------------------------------
-----------------------------------------
| rollout/                |             |
|    ep_len_mean          | 720         |
|    ep_rew_mean          | 2.87e+03    |
| time/                   |             |
|    fps                  | 90          |
|    iterations           | 224         |
|    time_elapsed         | 1264        |
|    total_timesteps      | 114688      |
| train/                  |             |
|    approx_kl            | 0.001581237 |
|    clip_fraction        | 0.0041      |
|    clip_range           | 0.2         |
|    entropy_loss         | -0.396      |
|    explained_variance   | 0.785       |
|    learning_rate        | 0.0003      |
|    loss                 | 6.23e+03    |
|    n_updates            | 2230        |
|    policy_gradient_loss | -0.0035     |
|    value_loss           | 1.22e+04    |
-----------------------------------------
------------------------------------------
| rollout/                |              |
|    ep_len_mean          | 720          |
|    ep_rew_mean          | 2.9e+03      |
| time/                   |              |
|    fps                  | 90           |
|    iterations           | 225          |
|    time_elapsed         | 1271         |
|    total_timesteps      | 115200       |
| train/                  |              |
|    approx_kl            | 0.0057738726 |
|    clip_fraction        | 0.0361       |
|    clip_range           | 0.2          |
|    entropy_loss         | -0.412       |
|    explained_variance   | 0.493        |
|    learning_rate        | 0.0003       |
|    loss                 | 7.22e+03     |
|    n_updates            | 2240         |
|    policy_gradient_loss | -0.00823     |
|    value_loss           | 1.53e+04     |
------------------------------------------
-----------------------------------------
| rollout/                |             |
|    ep_len_mean          | 720         |
|    ep_rew_mean          | 2.9e+03     |
| time/                   |             |
|    fps                  | 90          |
|    iterations           | 226         |
|    time_elapsed         | 1276        |
|    total_timesteps      | 115712      |
| train/                  |             |
|    approx_kl            | 0.001150052 |
|    clip_fraction        | 0.0084      |
|    clip_range           | 0.2         |
|    entropy_loss         | -0.177      |
|    explained_variance   | 0.304       |
|    learning_rate        | 0.0003      |
|    loss                 | 1.09e+04    |
|    n_updates            | 2250        |
|    policy_gradient_loss | -0.00346    |
|    value_loss           | 1.92e+04    |
-----------------------------------------
-----------------------------------------
| rollout/                |             |
|    ep_len_mean          | 720         |
|    ep_rew_mean          | 2.92e+03    |
| time/                   |             |
|    fps                  | 90          |
|    iterations           | 227         |
|    time_elapsed         | 1282        |
|    total_timesteps      | 116224      |
| train/                  |             |
|    approx_kl            | 0.006399085 |
|    clip_fraction        | 0.0547      |
|    clip_range           | 0.2         |
|    entropy_loss         | -0.538      |
|    explained_variance   | 0.636       |
|    learning_rate        | 0.0003      |
|    loss                 | 4.15e+03    |
|    n_updates            | 2260        |
|    policy_gradient_loss | -0.00808    |
|    value_loss           | 1.01e+04    |
-----------------------------------------
-----------------------------------------
| rollout/                |             |
|    ep_len_mean          | 720         |
|    ep_rew_mean          | 2.94e+03    |
| time/                   |             |
|    fps                  | 90          |
|    iterations           | 228         |
|    time_elapsed         | 1288        |
|    total_timesteps      | 116736      |
| train/                  |             |
|    approx_kl            | 0.004630192 |
|    clip_fraction        | 0.0383      |
|    clip_range           | 0.2         |
|    entropy_loss         | -0.394      |
|    explained_variance   | 0.669       |
|    learning_rate        | 0.0003      |
|    loss                 | 7.18e+03    |
|    n_updates            | 2270        |
|    policy_gradient_loss | -0.0078     |
|    value_loss           | 1.44e+04    |
-----------------------------------------
------------------------------------------
| rollout/                |              |
|    ep_len_mean          | 720          |
|    ep_rew_mean          | 2.94e+03     |
| time/                   |              |
|    fps                  | 90           |
|    iterations           | 229          |
|    time_elapsed         | 1293         |
|    total_timesteps      | 117248       |
| train/                  |              |
|    approx_kl            | 0.0018257066 |
|    clip_fraction        | 0.00879      |
|    clip_range           | 0.2          |
|    entropy_loss         | -0.358       |
|    explained_variance   | 0.76         |
|    learning_rate        | 0.0003       |
|    loss                 | 7.61e+03     |
|    n_updates            | 2280         |
|    policy_gradient_loss | -0.00484     |
|    value_loss           | 1.64e+04     |
------------------------------------------
-----------------------------------------
| rollout/                |             |
|    ep_len_mean          | 720         |
|    ep_rew_mean          | 2.94e+03    |
| time/                   |             |
|    fps                  | 90          |
|    iterations           | 230         |
|    time_elapsed         | 1299        |
|    total_timesteps      | 117760      |
| train/                  |             |
|    approx_kl            | 0.002981998 |
|    clip_fraction        | 0.0133      |
|    clip_range           | 0.2         |
|    entropy_loss         | -0.298      |
|    explained_variance   | 0.597       |
|    learning_rate        | 0.0003      |
|    loss                 | 8.09e+03    |
|    n_updates            | 2290        |
|    policy_gradient_loss | -0.00534    |
|    value_loss           | 1.55e+04    |
-----------------------------------------
------------------------------------------
| rollout/                |              |
|    ep_len_mean          | 720          |
|    ep_rew_mean          | 2.97e+03     |
| time/                   |              |
|    fps                  | 90           |
|    iterations           | 231          |
|    time_elapsed         | 1304         |
|    total_timesteps      | 118272       |
| train/                  |              |
|    approx_kl            | 0.0025121605 |
|    clip_fraction        | 0.0178       |
|    clip_range           | 0.2          |
|    entropy_loss         | -0.385       |
|    explained_variance   | 0.775        |
|    learning_rate        | 0.0003       |
|    loss                 | 4.89e+03     |
|    n_updates            | 2300         |
|    policy_gradient_loss | -0.00556     |
|    value_loss           | 9.02e+03     |
------------------------------------------
------------------------------------------
| rollout/                |              |
|    ep_len_mean          | 720          |
|    ep_rew_mean          | 2.97e+03     |
| time/                   |              |
|    fps                  | 90           |
|    iterations           | 232          |
|    time_elapsed         | 1310         |
|    total_timesteps      | 118784       |
| train/                  |              |
|    approx_kl            | 0.0036927992 |
|    clip_fraction        | 0.0172       |
|    clip_range           | 0.2          |
|    entropy_loss         | -0.378       |
|    explained_variance   | 0.666        |
|    learning_rate        | 0.0003       |
|    loss                 | 4.17e+03     |
|    n_updates            | 2310         |
|    policy_gradient_loss | -0.00553     |
|    value_loss           | 1.19e+04     |
------------------------------------------
-------------------------------------------
| rollout/                |               |
|    ep_len_mean          | 720           |
|    ep_rew_mean          | 2.98e+03      |
| time/                   |               |
|    fps                  | 90            |
|    iterations           | 233           |
|    time_elapsed         | 1316          |
|    total_timesteps      | 119296        |
| train/                  |               |
|    approx_kl            | 0.00097114395 |
|    clip_fraction        | 0.00781       |
|    clip_range           | 0.2           |
|    entropy_loss         | -0.191        |
|    explained_variance   | 0.182         |
|    learning_rate        | 0.0003        |
|    loss                 | 1.28e+04      |
|    n_updates            | 2320          |
|    policy_gradient_loss | -0.00264      |
|    value_loss           | 2.37e+04      |
-------------------------------------------
------------------------------------------
| rollout/                |              |
|    ep_len_mean          | 720          |
|    ep_rew_mean          | 3.01e+03     |
| time/                   |              |
|    fps                  | 90           |
|    iterations           | 234          |
|    time_elapsed         | 1321         |
|    total_timesteps      | 119808       |
| train/                  |              |
|    approx_kl            | 0.0036832027 |
|    clip_fraction        | 0.0141       |
|    clip_range           | 0.2          |
|    entropy_loss         | -0.421       |
|    explained_variance   | 0.645        |
|    learning_rate        | 0.0003       |
|    loss                 | 9.19e+03     |
|    n_updates            | 2330         |
|    policy_gradient_loss | -0.00504     |
|    value_loss           | 1.84e+04     |
------------------------------------------
------------------------------------------
| rollout/                |              |
|    ep_len_mean          | 720          |
|    ep_rew_mean          | 3.03e+03     |
| time/                   |              |
|    fps                  | 90           |
|    iterations           | 235          |
|    time_elapsed         | 1328         |
|    total_timesteps      | 120320       |
| train/                  |              |
|    approx_kl            | 0.0007061451 |
|    clip_fraction        | 0.0084       |
|    clip_range           | 0.2          |
|    entropy_loss         | -0.294       |
|    explained_variance   | 0.469        |
|    learning_rate        | 0.0003       |
|    loss                 | 4.83e+03     |
|    n_updates            | 2340         |
|    policy_gradient_loss | -0.00309     |
|    value_loss           | 1.3e+04      |
------------------------------------------
------------------------------------------
| rollout/                |              |
|    ep_len_mean          | 720          |
|    ep_rew_mean          | 3.03e+03     |
| time/                   |              |
|    fps                  | 90           |
|    iterations           | 236          |
|    time_elapsed         | 1334         |
|    total_timesteps      | 120832       |
| train/                  |              |
|    approx_kl            | 0.0021841447 |
|    clip_fraction        | 0.0213       |
|    clip_range           | 0.2          |
|    entropy_loss         | -0.263       |
|    explained_variance   | 0.451        |
|    learning_rate        | 0.0003       |
|    loss                 | 1.16e+04     |
|    n_updates            | 2350         |
|    policy_gradient_loss | -0.00544     |
|    value_loss           | 2.37e+04     |
------------------------------------------
------------------------------------------
| rollout/                |              |
|    ep_len_mean          | 720          |
|    ep_rew_mean          | 3.06e+03     |
| time/                   |              |
|    fps                  | 90           |
|    iterations           | 237          |
|    time_elapsed         | 1339         |
|    total_timesteps      | 121344       |
| train/                  |              |
|    approx_kl            | 0.0012567783 |
|    clip_fraction        | 0.00391      |
|    clip_range           | 0.2          |
|    entropy_loss         | -0.248       |
|    explained_variance   | 0.116        |
|    learning_rate        | 0.0003       |
|    loss                 | 9.32e+03     |
|    n_updates            | 2360         |
|    policy_gradient_loss | -0.00293     |
|    value_loss           | 1.89e+04     |
------------------------------------------
------------------------------------------
| rollout/                |              |
|    ep_len_mean          | 720          |
|    ep_rew_mean          | 3.07e+03     |
| time/                   |              |
|    fps                  | 90           |
|    iterations           | 238          |
|    time_elapsed         | 1345         |
|    total_timesteps      | 121856       |
| train/                  |              |
|    approx_kl            | 0.0039724996 |
|    clip_fraction        | 0.0197       |
|    clip_range           | 0.2          |
|    entropy_loss         | -0.422       |
|    explained_variance   | 0.696        |
|    learning_rate        | 0.0003       |
|    loss                 | 2.96e+03     |
|    n_updates            | 2370         |
|    policy_gradient_loss | -0.00463     |
|    value_loss           | 8.63e+03     |
------------------------------------------
--------------------------------------
| rollout/                |          |
|    ep_len_mean          | 720      |
|    ep_rew_mean          | 3.07e+03 |
| time/                   |          |
|    fps                  | 90       |
|    iterations           | 239      |
|    time_elapsed         | 1350     |
|    total_timesteps      | 122368   |
| train/                  |          |
|    approx_kl            | 0.007498 |
|    clip_fraction        | 0.0584   |
|    clip_range           | 0.2      |
|    entropy_loss         | -0.327   |
|    explained_variance   | 0.671    |
|    learning_rate        | 0.0003   |
|    loss                 | 6.95e+03 |
|    n_updates            | 2380     |
|    policy_gradient_loss | -0.00947 |
|    value_loss           | 1.63e+04 |
--------------------------------------
------------------------------------------
| rollout/                |              |
|    ep_len_mean          | 720          |
|    ep_rew_mean          | 3.07e+03     |
| time/                   |              |
|    fps                  | 90           |
|    iterations           | 240          |
|    time_elapsed         | 1356         |
|    total_timesteps      | 122880       |
| train/                  |              |
|    approx_kl            | 0.0034387847 |
|    clip_fraction        | 0.0182       |
|    clip_range           | 0.2          |
|    entropy_loss         | -0.175       |
|    explained_variance   | 0.332        |
|    learning_rate        | 0.0003       |
|    loss                 | 3.16e+03     |
|    n_updates            | 2390         |
|    policy_gradient_loss | -0.00565     |
|    value_loss           | 9.3e+03      |
------------------------------------------
-----------------------------------------
| rollout/                |             |
|    ep_len_mean          | 720         |
|    ep_rew_mean          | 3.07e+03    |
| time/                   |             |
|    fps                  | 90          |
|    iterations           | 241         |
|    time_elapsed         | 1362        |
|    total_timesteps      | 123392      |
| train/                  |             |
|    approx_kl            | 0.010598988 |
|    clip_fraction        | 0.043       |
|    clip_range           | 0.2         |
|    entropy_loss         | -0.407      |
|    explained_variance   | 0.72        |
|    learning_rate        | 0.0003      |
|    loss                 | 7.35e+03    |
|    n_updates            | 2400        |
|    policy_gradient_loss | -0.00857    |
|    value_loss           | 1.05e+04    |
-----------------------------------------
------------------------------------------
| rollout/                |              |
|    ep_len_mean          | 720          |
|    ep_rew_mean          | 3.07e+03     |
| time/                   |              |
|    fps                  | 90           |
|    iterations           | 242          |
|    time_elapsed         | 1368         |
|    total_timesteps      | 123904       |
| train/                  |              |
|    approx_kl            | 0.0013304065 |
|    clip_fraction        | 0.00547      |
|    clip_range           | 0.2          |
|    entropy_loss         | -0.411       |
|    explained_variance   | 0.796        |
|    learning_rate        | 0.0003       |
|    loss                 | 2.87e+03     |
|    n_updates            | 2410         |
|    policy_gradient_loss | -0.00296     |
|    value_loss           | 6.05e+03     |
------------------------------------------
------------------------------------------
| rollout/                |              |
|    ep_len_mean          | 720          |
|    ep_rew_mean          | 3.07e+03     |
| time/                   |              |
|    fps                  | 90           |
|    iterations           | 243          |
|    time_elapsed         | 1374         |
|    total_timesteps      | 124416       |
| train/                  |              |
|    approx_kl            | 0.0007675336 |
|    clip_fraction        | 0.00176      |
|    clip_range           | 0.2          |
|    entropy_loss         | -0.26        |
|    explained_variance   | 0.569        |
|    learning_rate        | 0.0003       |
|    loss                 | 8.84e+03     |
|    n_updates            | 2420         |
|    policy_gradient_loss | -0.00206     |
|    value_loss           | 2.04e+04     |
------------------------------------------
-------------------------------------------
| rollout/                |               |
|    ep_len_mean          | 720           |
|    ep_rew_mean          | 3.09e+03      |
| time/                   |               |
|    fps                  | 90            |
|    iterations           | 244           |
|    time_elapsed         | 1379          |
|    total_timesteps      | 124928        |
| train/                  |               |
|    approx_kl            | 0.00014999215 |
|    clip_fraction        | 0             |
|    clip_range           | 0.2           |
|    entropy_loss         | -0.288        |
|    explained_variance   | 0.629         |
|    learning_rate        | 0.0003        |
|    loss                 | 8.76e+03      |
|    n_updates            | 2430          |
|    policy_gradient_loss | -0.000753     |
|    value_loss           | 2.08e+04      |
-------------------------------------------
------------------------------------------
| rollout/                |              |
|    ep_len_mean          | 720          |
|    ep_rew_mean          | 3.11e+03     |
| time/                   |              |
|    fps                  | 90           |
|    iterations           | 245          |
|    time_elapsed         | 1385         |
|    total_timesteps      | 125440       |
| train/                  |              |
|    approx_kl            | 0.0018491014 |
|    clip_fraction        | 0.0178       |
|    clip_range           | 0.2          |
|    entropy_loss         | -0.25        |
|    explained_variance   | 0.711        |
|    learning_rate        | 0.0003       |
|    loss                 | 3.89e+03     |
|    n_updates            | 2440         |
|    policy_gradient_loss | -0.00384     |
|    value_loss           | 1.07e+04     |
------------------------------------------
------------------------------------------
| rollout/                |              |
|    ep_len_mean          | 720          |
|    ep_rew_mean          | 3.11e+03     |
| time/                   |              |
|    fps                  | 90           |
|    iterations           | 246          |
|    time_elapsed         | 1391         |
|    total_timesteps      | 125952       |
| train/                  |              |
|    approx_kl            | 0.0047216434 |
|    clip_fraction        | 0.0242       |
|    clip_range           | 0.2          |
|    entropy_loss         | -0.349       |
|    explained_variance   | 0.808        |
|    learning_rate        | 0.0003       |
|    loss                 | 6.72e+03     |
|    n_updates            | 2450         |
|    policy_gradient_loss | -0.0062      |
|    value_loss           | 1.41e+04     |
------------------------------------------
-----------------------------------------
| rollout/                |             |
|    ep_len_mean          | 720         |
|    ep_rew_mean          | 3.14e+03    |
| time/                   |             |
|    fps                  | 90          |
|    iterations           | 247         |
|    time_elapsed         | 1396        |
|    total_timesteps      | 126464      |
| train/                  |             |
|    approx_kl            | 0.000783825 |
|    clip_fraction        | 0.00352     |
|    clip_range           | 0.2         |
|    entropy_loss         | -0.198      |
|    explained_variance   | 0.473       |
|    learning_rate        | 0.0003      |
|    loss                 | 1.08e+04    |
|    n_updates            | 2460        |
|    policy_gradient_loss | -0.00286    |
|    value_loss           | 2.04e+04    |
-----------------------------------------
------------------------------------------
| rollout/                |              |
|    ep_len_mean          | 720          |
|    ep_rew_mean          | 3.18e+03     |
| time/                   |              |
|    fps                  | 90           |
|    iterations           | 248          |
|    time_elapsed         | 1402         |
|    total_timesteps      | 126976       |
| train/                  |              |
|    approx_kl            | 0.0008530784 |
|    clip_fraction        | 0.00273      |
|    clip_range           | 0.2          |
|    entropy_loss         | -0.217       |
|    explained_variance   | 0.618        |
|    learning_rate        | 0.0003       |
|    loss                 | 7.11e+03     |
|    n_updates            | 2470         |
|    policy_gradient_loss | -0.00358     |
|    value_loss           | 1.8e+04      |
------------------------------------------
------------------------------------------
| rollout/                |              |
|    ep_len_mean          | 720          |
|    ep_rew_mean          | 3.21e+03     |
| time/                   |              |
|    fps                  | 90           |
|    iterations           | 249          |
|    time_elapsed         | 1408         |
|    total_timesteps      | 127488       |
| train/                  |              |
|    approx_kl            | 0.0036206755 |
|    clip_fraction        | 0.0137       |
|    clip_range           | 0.2          |
|    entropy_loss         | -0.316       |
|    explained_variance   | 0.624        |
|    learning_rate        | 0.0003       |
|    loss                 | 5.05e+03     |
|    n_updates            | 2480         |
|    policy_gradient_loss | -0.00677     |
|    value_loss           | 1.25e+04     |
------------------------------------------
------------------------------------------
| rollout/                |              |
|    ep_len_mean          | 720          |
|    ep_rew_mean          | 3.21e+03     |
| time/                   |              |
|    fps                  | 90           |
|    iterations           | 250          |
|    time_elapsed         | 1413         |
|    total_timesteps      | 128000       |
| train/                  |              |
|    approx_kl            | 0.0023824025 |
|    clip_fraction        | 0.0285       |
|    clip_range           | 0.2          |
|    entropy_loss         | -0.243       |
|    explained_variance   | 0.565        |
|    learning_rate        | 0.0003       |
|    loss                 | 1.23e+04     |
|    n_updates            | 2490         |
|    policy_gradient_loss | -0.00868     |
|    value_loss           | 2.17e+04     |
------------------------------------------
------------------------------------------
| rollout/                |              |
|    ep_len_mean          | 720          |
|    ep_rew_mean          | 3.22e+03     |
| time/                   |              |
|    fps                  | 90           |
|    iterations           | 251          |
|    time_elapsed         | 1419         |
|    total_timesteps      | 128512       |
| train/                  |              |
|    approx_kl            | 0.0010775824 |
|    clip_fraction        | 0.00566      |
|    clip_range           | 0.2          |
|    entropy_loss         | -0.32        |
|    explained_variance   | 0.388        |
|    learning_rate        | 0.0003       |
|    loss                 | 8.1e+03      |
|    n_updates            | 2500         |
|    policy_gradient_loss | -0.00352     |
|    value_loss           | 1.57e+04     |
------------------------------------------
-----------------------------------------
| rollout/                |             |
|    ep_len_mean          | 720         |
|    ep_rew_mean          | 3.21e+03    |
| time/                   |             |
|    fps                  | 90          |
|    iterations           | 252         |
|    time_elapsed         | 1425        |
|    total_timesteps      | 129024      |
| train/                  |             |
|    approx_kl            | 0.003439022 |
|    clip_fraction        | 0.0254      |
|    clip_range           | 0.2         |
|    entropy_loss         | -0.444      |
|    explained_variance   | 0.711       |
|    learning_rate        | 0.0003      |
|    loss                 | 7.1e+03     |
|    n_updates            | 2510        |
|    policy_gradient_loss | -0.00631    |
|    value_loss           | 1.61e+04    |
-----------------------------------------
------------------------------------------
| rollout/                |              |
|    ep_len_mean          | 720          |
|    ep_rew_mean          | 3.21e+03     |
| time/                   |              |
|    fps                  | 90           |
|    iterations           | 253          |
|    time_elapsed         | 1431         |
|    total_timesteps      | 129536       |
| train/                  |              |
|    approx_kl            | 0.0006347179 |
|    clip_fraction        | 0.00254      |
|    clip_range           | 0.2          |
|    entropy_loss         | -0.279       |
|    explained_variance   | 0.812        |
|    learning_rate        | 0.0003       |
|    loss                 | 2.72e+03     |
|    n_updates            | 2520         |
|    policy_gradient_loss | -0.00262     |
|    value_loss           | 6.63e+03     |
------------------------------------------
------------------------------------------
| rollout/                |              |
|    ep_len_mean          | 720          |
|    ep_rew_mean          | 3.21e+03     |
| time/                   |              |
|    fps                  | 90           |
|    iterations           | 254          |
|    time_elapsed         | 1436         |
|    total_timesteps      | 130048       |
| train/                  |              |
|    approx_kl            | 0.0021778129 |
|    clip_fraction        | 0.00937      |
|    clip_range           | 0.2          |
|    entropy_loss         | -0.304       |
|    explained_variance   | 0.52         |
|    learning_rate        | 0.0003       |
|    loss                 | 8.03e+03     |
|    n_updates            | 2530         |
|    policy_gradient_loss | -0.00304     |
|    value_loss           | 1.88e+04     |
------------------------------------------
------------------------------------------
| rollout/                |              |
|    ep_len_mean          | 720          |
|    ep_rew_mean          | 3.23e+03     |
| time/                   |              |
|    fps                  | 90           |
|    iterations           | 255          |
|    time_elapsed         | 1442         |
|    total_timesteps      | 130560       |
| train/                  |              |
|    approx_kl            | 0.0020348544 |
|    clip_fraction        | 0.016        |
|    clip_range           | 0.2          |
|    entropy_loss         | -0.246       |
|    explained_variance   | 0.788        |
|    learning_rate        | 0.0003       |
|    loss                 | 3.54e+03     |
|    n_updates            | 2540         |
|    policy_gradient_loss | -0.00501     |
|    value_loss           | 1.06e+04     |
------------------------------------------
------------------------------------------
| rollout/                |              |
|    ep_len_mean          | 720          |
|    ep_rew_mean          | 3.25e+03     |
| time/                   |              |
|    fps                  | 90           |
|    iterations           | 256          |
|    time_elapsed         | 1448         |
|    total_timesteps      | 131072       |
| train/                  |              |
|    approx_kl            | 0.0004431354 |
|    clip_fraction        | 0.00117      |
|    clip_range           | 0.2          |
|    entropy_loss         | -0.247       |
|    explained_variance   | 0.63         |
|    learning_rate        | 0.0003       |
|    loss                 | 8.05e+03     |
|    n_updates            | 2550         |
|    policy_gradient_loss | -0.00133     |
|    value_loss           | 1.52e+04     |
------------------------------------------
------------------------------------------
| rollout/                |              |
|    ep_len_mean          | 720          |
|    ep_rew_mean          | 3.25e+03     |
| time/                   |              |
|    fps                  | 90           |
|    iterations           | 257          |
|    time_elapsed         | 1453         |
|    total_timesteps      | 131584       |
| train/                  |              |
|    approx_kl            | 0.0020888569 |
|    clip_fraction        | 0.0215       |
|    clip_range           | 0.2          |
|    entropy_loss         | -0.238       |
|    explained_variance   | 0.74         |
|    learning_rate        | 0.0003       |
|    loss                 | 1.31e+04     |
|    n_updates            | 2560         |
|    policy_gradient_loss | -0.0086      |
|    value_loss           | 2.65e+04     |
------------------------------------------
-----------------------------------------
| rollout/                |             |
|    ep_len_mean          | 720         |
|    ep_rew_mean          | 3.24e+03    |
| time/                   |             |
|    fps                  | 90          |
|    iterations           | 258         |
|    time_elapsed         | 1459        |
|    total_timesteps      | 132096      |
| train/                  |             |
|    approx_kl            | 0.001855778 |
|    clip_fraction        | 0.00625     |
|    clip_range           | 0.2         |
|    entropy_loss         | -0.398      |
|    explained_variance   | 0.715       |
|    learning_rate        | 0.0003      |
|    loss                 | 4.76e+03    |
|    n_updates            | 2570        |
|    policy_gradient_loss | -0.00279    |
|    value_loss           | 9.57e+03    |
-----------------------------------------
------------------------------------------
| rollout/                |              |
|    ep_len_mean          | 720          |
|    ep_rew_mean          | 3.26e+03     |
| time/                   |              |
|    fps                  | 90           |
|    iterations           | 259          |
|    time_elapsed         | 1465         |
|    total_timesteps      | 132608       |
| train/                  |              |
|    approx_kl            | 0.0096906135 |
|    clip_fraction        | 0.0551       |
|    clip_range           | 0.2          |
|    entropy_loss         | -0.384       |
|    explained_variance   | 0.761        |
|    learning_rate        | 0.0003       |
|    loss                 | 8.27e+03     |
|    n_updates            | 2580         |
|    policy_gradient_loss | -0.0113      |
|    value_loss           | 1.53e+04     |
------------------------------------------
------------------------------------------
| rollout/                |              |
|    ep_len_mean          | 720          |
|    ep_rew_mean          | 3.26e+03     |
| time/                   |              |
|    fps                  | 90           |
|    iterations           | 260          |
|    time_elapsed         | 1470         |
|    total_timesteps      | 133120       |
| train/                  |              |
|    approx_kl            | 0.0020904404 |
|    clip_fraction        | 0.0123       |
|    clip_range           | 0.2          |
|    entropy_loss         | -0.312       |
|    explained_variance   | 0.477        |
|    learning_rate        | 0.0003       |
|    loss                 | 1.16e+04     |
|    n_updates            | 2590         |
|    policy_gradient_loss | -0.00561     |
|    value_loss           | 2.29e+04     |
------------------------------------------
------------------------------------------
| rollout/                |              |
|    ep_len_mean          | 720          |
|    ep_rew_mean          | 3.28e+03     |
| time/                   |              |
|    fps                  | 90           |
|    iterations           | 261          |
|    time_elapsed         | 1477         |
|    total_timesteps      | 133632       |
| train/                  |              |
|    approx_kl            | 0.0005469866 |
|    clip_fraction        | 0.00195      |
|    clip_range           | 0.2          |
|    entropy_loss         | -0.168       |
|    explained_variance   | 0.28         |
|    learning_rate        | 0.0003       |
|    loss                 | 1.29e+04     |
|    n_updates            | 2600         |
|    policy_gradient_loss | -0.00212     |
|    value_loss           | 2.4e+04      |
------------------------------------------
------------------------------------------
| rollout/                |              |
|    ep_len_mean          | 720          |
|    ep_rew_mean          | 3.28e+03     |
| time/                   |              |
|    fps                  | 90           |
|    iterations           | 262          |
|    time_elapsed         | 1482         |
|    total_timesteps      | 134144       |
| train/                  |              |
|    approx_kl            | 0.0017468124 |
|    clip_fraction        | 0.00625      |
|    clip_range           | 0.2          |
|    entropy_loss         | -0.307       |
|    explained_variance   | 0.268        |
|    learning_rate        | 0.0003       |
|    loss                 | 4.66e+03     |
|    n_updates            | 2610         |
|    policy_gradient_loss | -0.00273     |
|    value_loss           | 9.56e+03     |
------------------------------------------
-----------------------------------------
| rollout/                |             |
|    ep_len_mean          | 720         |
|    ep_rew_mean          | 3.3e+03     |
| time/                   |             |
|    fps                  | 90          |
|    iterations           | 263         |
|    time_elapsed         | 1488        |
|    total_timesteps      | 134656      |
| train/                  |             |
|    approx_kl            | 0.002013261 |
|    clip_fraction        | 0.0137      |
|    clip_range           | 0.2         |
|    entropy_loss         | -0.39       |
|    explained_variance   | 0.376       |
|    learning_rate        | 0.0003      |
|    loss                 | 8.73e+03    |
|    n_updates            | 2620        |
|    policy_gradient_loss | -0.0043     |
|    value_loss           | 1.85e+04    |
-----------------------------------------
------------------------------------------
| rollout/                |              |
|    ep_len_mean          | 720          |
|    ep_rew_mean          | 3.3e+03      |
| time/                   |              |
|    fps                  | 90           |
|    iterations           | 264          |
|    time_elapsed         | 1494         |
|    total_timesteps      | 135168       |
| train/                  |              |
|    approx_kl            | 0.0015947556 |
|    clip_fraction        | 0.00977      |
|    clip_range           | 0.2          |
|    entropy_loss         | -0.173       |
|    explained_variance   | 0.603        |
|    learning_rate        | 0.0003       |
|    loss                 | 1.14e+04     |
|    n_updates            | 2630         |
|    policy_gradient_loss | -0.00667     |
|    value_loss           | 2.21e+04     |
------------------------------------------
------------------------------------------
| rollout/                |              |
|    ep_len_mean          | 720          |
|    ep_rew_mean          | 3.3e+03      |
| time/                   |              |
|    fps                  | 90           |
|    iterations           | 265          |
|    time_elapsed         | 1499         |
|    total_timesteps      | 135680       |
| train/                  |              |
|    approx_kl            | 0.0021934798 |
|    clip_fraction        | 0.0043       |
|    clip_range           | 0.2          |
|    entropy_loss         | -0.399       |
|    explained_variance   | 0.585        |
|    learning_rate        | 0.0003       |
|    loss                 | 5.46e+03     |
|    n_updates            | 2640         |
|    policy_gradient_loss | -0.00208     |
|    value_loss           | 1.55e+04     |
------------------------------------------
------------------------------------------
| rollout/                |              |
|    ep_len_mean          | 720          |
|    ep_rew_mean          | 3.31e+03     |
| time/                   |              |
|    fps                  | 90           |
|    iterations           | 266          |
|    time_elapsed         | 1505         |
|    total_timesteps      | 136192       |
| train/                  |              |
|    approx_kl            | 0.0022042906 |
|    clip_fraction        | 0.0127       |
|    clip_range           | 0.2          |
|    entropy_loss         | -0.416       |
|    explained_variance   | 0.73         |
|    learning_rate        | 0.0003       |
|    loss                 | 4.87e+03     |
|    n_updates            | 2650         |
|    policy_gradient_loss | -0.00463     |
|    value_loss           | 9.43e+03     |
------------------------------------------
-----------------------------------------
| rollout/                |             |
|    ep_len_mean          | 720         |
|    ep_rew_mean          | 3.31e+03    |
| time/                   |             |
|    fps                  | 90          |
|    iterations           | 267         |
|    time_elapsed         | 1510        |
|    total_timesteps      | 136704      |
| train/                  |             |
|    approx_kl            | 0.005759594 |
|    clip_fraction        | 0.0301      |
|    clip_range           | 0.2         |
|    entropy_loss         | -0.38       |
|    explained_variance   | 0.778       |
|    learning_rate        | 0.0003      |
|    loss                 | 9.25e+03    |
|    n_updates            | 2660        |
|    policy_gradient_loss | -0.0106     |
|    value_loss           | 1.8e+04     |
-----------------------------------------
------------------------------------------
| rollout/                |              |
|    ep_len_mean          | 720          |
|    ep_rew_mean          | 3.32e+03     |
| time/                   |              |
|    fps                  | 90           |
|    iterations           | 268          |
|    time_elapsed         | 1517         |
|    total_timesteps      | 137216       |
| train/                  |              |
|    approx_kl            | 0.0013613584 |
|    clip_fraction        | 0.00605      |
|    clip_range           | 0.2          |
|    entropy_loss         | -0.273       |
|    explained_variance   | 0.0785       |
|    learning_rate        | 0.0003       |
|    loss                 | 1.28e+04     |
|    n_updates            | 2670         |
|    policy_gradient_loss | -0.00398     |
|    value_loss           | 2.52e+04     |
------------------------------------------
------------------------------------------
| rollout/                |              |
|    ep_len_mean          | 720          |
|    ep_rew_mean          | 3.32e+03     |
| time/                   |              |
|    fps                  | 90           |
|    iterations           | 269          |
|    time_elapsed         | 1522         |
|    total_timesteps      | 137728       |
| train/                  |              |
|    approx_kl            | 0.0037882258 |
|    clip_fraction        | 0.0326       |
|    clip_range           | 0.2          |
|    entropy_loss         | -0.292       |
|    explained_variance   | 0.434        |
|    learning_rate        | 0.0003       |
|    loss                 | 5.32e+03     |
|    n_updates            | 2680         |
|    policy_gradient_loss | -0.00572     |
|    value_loss           | 1.28e+04     |
------------------------------------------
------------------------------------------
| rollout/                |              |
|    ep_len_mean          | 720          |
|    ep_rew_mean          | 3.33e+03     |
| time/                   |              |
|    fps                  | 90           |
|    iterations           | 270          |
|    time_elapsed         | 1528         |
|    total_timesteps      | 138240       |
| train/                  |              |
|    approx_kl            | 0.0021723674 |
|    clip_fraction        | 0.0143       |
|    clip_range           | 0.2          |
|    entropy_loss         | -0.392       |
|    explained_variance   | 0.71         |
|    learning_rate        | 0.0003       |
|    loss                 | 5.57e+03     |
|    n_updates            | 2690         |
|    policy_gradient_loss | -0.00569     |
|    value_loss           | 1.2e+04      |
------------------------------------------
------------------------------------------
| rollout/                |              |
|    ep_len_mean          | 720          |
|    ep_rew_mean          | 3.33e+03     |
| time/                   |              |
|    fps                  | 90           |
|    iterations           | 271          |
|    time_elapsed         | 1534         |
|    total_timesteps      | 138752       |
| train/                  |              |
|    approx_kl            | 0.0014621969 |
|    clip_fraction        | 0.00879      |
|    clip_range           | 0.2          |
|    entropy_loss         | -0.208       |
|    explained_variance   | 0.574        |
|    learning_rate        | 0.0003       |
|    loss                 | 9.21e+03     |
|    n_updates            | 2700         |
|    policy_gradient_loss | -0.00364     |
|    value_loss           | 1.9e+04      |
------------------------------------------
------------------------------------------
| rollout/                |              |
|    ep_len_mean          | 720          |
|    ep_rew_mean          | 3.33e+03     |
| time/                   |              |
|    fps                  | 90           |
|    iterations           | 272          |
|    time_elapsed         | 1540         |
|    total_timesteps      | 139264       |
| train/                  |              |
|    approx_kl            | 0.0041275304 |
|    clip_fraction        | 0.0361       |
|    clip_range           | 0.2          |
|    entropy_loss         | -0.317       |
|    explained_variance   | 0.119        |
|    learning_rate        | 0.0003       |
|    loss                 | 8.88e+03     |
|    n_updates            | 2710         |
|    policy_gradient_loss | -0.011       |
|    value_loss           | 1.64e+04     |
------------------------------------------
------------------------------------------
| rollout/                |              |
|    ep_len_mean          | 720          |
|    ep_rew_mean          | 3.33e+03     |
| time/                   |              |
|    fps                  | 90           |
|    iterations           | 273          |
|    time_elapsed         | 1546         |
|    total_timesteps      | 139776       |
| train/                  |              |
|    approx_kl            | 0.0026937563 |
|    clip_fraction        | 0.00605      |
|    clip_range           | 0.2          |
|    entropy_loss         | -0.367       |
|    explained_variance   | 0.66         |
|    learning_rate        | 0.0003       |
|    loss                 | 4.48e+03     |
|    n_updates            | 2720         |
|    policy_gradient_loss | -0.0042      |
|    value_loss           | 1.05e+04     |
------------------------------------------
------------------------------------------
| rollout/                |              |
|    ep_len_mean          | 720          |
|    ep_rew_mean          | 3.33e+03     |
| time/                   |              |
|    fps                  | 90           |
|    iterations           | 274          |
|    time_elapsed         | 1551         |
|    total_timesteps      | 140288       |
| train/                  |              |
|    approx_kl            | 0.0017445608 |
|    clip_fraction        | 0.0102       |
|    clip_range           | 0.2          |
|    entropy_loss         | -0.294       |
|    explained_variance   | 0.656        |
|    learning_rate        | 0.0003       |
|    loss                 | 3.89e+03     |
|    n_updates            | 2730         |
|    policy_gradient_loss | -0.00472     |
|    value_loss           | 7.89e+03     |
------------------------------------------
------------------------------------------
| rollout/                |              |
|    ep_len_mean          | 720          |
|    ep_rew_mean          | 3.31e+03     |
| time/                   |              |
|    fps                  | 90           |
|    iterations           | 275          |
|    time_elapsed         | 1556         |
|    total_timesteps      | 140800       |
| train/                  |              |
|    approx_kl            | 0.0007077168 |
|    clip_fraction        | 0.00879      |
|    clip_range           | 0.2          |
|    entropy_loss         | -0.299       |
|    explained_variance   | 0.438        |
|    learning_rate        | 0.0003       |
|    loss                 | 5.1e+03      |
|    n_updates            | 2740         |
|    policy_gradient_loss | -0.00234     |
|    value_loss           | 1.18e+04     |
------------------------------------------
------------------------------------------
| rollout/                |              |
|    ep_len_mean          | 720          |
|    ep_rew_mean          | 3.32e+03     |
| time/                   |              |
|    fps                  | 90           |
|    iterations           | 276          |
|    time_elapsed         | 1563         |
|    total_timesteps      | 141312       |
| train/                  |              |
|    approx_kl            | 0.0025950698 |
|    clip_fraction        | 0.00684      |
|    clip_range           | 0.2          |
|    entropy_loss         | -0.452       |
|    explained_variance   | 0.696        |
|    learning_rate        | 0.0003       |
|    loss                 | 3.67e+03     |
|    n_updates            | 2750         |
|    policy_gradient_loss | -0.00545     |
|    value_loss           | 1.08e+04     |
------------------------------------------
-----------------------------------------
| rollout/                |             |
|    ep_len_mean          | 720         |
|    ep_rew_mean          | 3.32e+03    |
| time/                   |             |
|    fps                  | 90          |
|    iterations           | 277         |
|    time_elapsed         | 1568        |
|    total_timesteps      | 141824      |
| train/                  |             |
|    approx_kl            | 0.001832936 |
|    clip_fraction        | 0.00996     |
|    clip_range           | 0.2         |
|    entropy_loss         | -0.341      |
|    explained_variance   | 0.613       |
|    learning_rate        | 0.0003      |
|    loss                 | 7.22e+03    |
|    n_updates            | 2760        |
|    policy_gradient_loss | -0.00553    |
|    value_loss           | 1.27e+04    |
-----------------------------------------
------------------------------------------
| rollout/                |              |
|    ep_len_mean          | 720          |
|    ep_rew_mean          | 3.31e+03     |
| time/                   |              |
|    fps                  | 90           |
|    iterations           | 278          |
|    time_elapsed         | 1574         |
|    total_timesteps      | 142336       |
| train/                  |              |
|    approx_kl            | 0.0011553189 |
|    clip_fraction        | 0.00859      |
|    clip_range           | 0.2          |
|    entropy_loss         | -0.156       |
|    explained_variance   | 0.1          |
|    learning_rate        | 0.0003       |
|    loss                 | 6.57e+03     |
|    n_updates            | 2770         |
|    policy_gradient_loss | -0.00367     |
|    value_loss           | 1.47e+04     |
------------------------------------------
-----------------------------------------
| rollout/                |             |
|    ep_len_mean          | 720         |
|    ep_rew_mean          | 3.29e+03    |
| time/                   |             |
|    fps                  | 90          |
|    iterations           | 279         |
|    time_elapsed         | 1579        |
|    total_timesteps      | 142848      |
| train/                  |             |
|    approx_kl            | 0.009187099 |
|    clip_fraction        | 0.0695      |
|    clip_range           | 0.2         |
|    entropy_loss         | -0.587      |
|    explained_variance   | 0.596       |
|    learning_rate        | 0.0003      |
|    loss                 | 5.1e+03     |
|    n_updates            | 2780        |
|    policy_gradient_loss | -0.00473    |
|    value_loss           | 9.83e+03    |
-----------------------------------------
------------------------------------------
| rollout/                |              |
|    ep_len_mean          | 720          |
|    ep_rew_mean          | 3.27e+03     |
| time/                   |              |
|    fps                  | 90           |
|    iterations           | 280          |
|    time_elapsed         | 1585         |
|    total_timesteps      | 143360       |
| train/                  |              |
|    approx_kl            | 0.0011317619 |
|    clip_fraction        | 0.000195     |
|    clip_range           | 0.2          |
|    entropy_loss         | -0.468       |
|    explained_variance   | 0.741        |
|    learning_rate        | 0.0003       |
|    loss                 | 2.03e+03     |
|    n_updates            | 2790         |
|    policy_gradient_loss | -0.00217     |
|    value_loss           | 5.08e+03     |
------------------------------------------
------------------------------------------
| rollout/                |              |
|    ep_len_mean          | 720          |
|    ep_rew_mean          | 3.27e+03     |
| time/                   |              |
|    fps                  | 90           |
|    iterations           | 281          |
|    time_elapsed         | 1591         |
|    total_timesteps      | 143872       |
| train/                  |              |
|    approx_kl            | 0.0038343356 |
|    clip_fraction        | 0.0225       |
|    clip_range           | 0.2          |
|    entropy_loss         | -0.294       |
|    explained_variance   | 0.686        |
|    learning_rate        | 0.0003       |
|    loss                 | 4.64e+03     |
|    n_updates            | 2800         |
|    policy_gradient_loss | -0.00681     |
|    value_loss           | 1.12e+04     |
------------------------------------------
------------------------------------------
| rollout/                |              |
|    ep_len_mean          | 720          |
|    ep_rew_mean          | 3.25e+03     |
| time/                   |              |
|    fps                  | 90           |
|    iterations           | 282          |
|    time_elapsed         | 1596         |
|    total_timesteps      | 144384       |
| train/                  |              |
|    approx_kl            | 0.0003971779 |
|    clip_fraction        | 0            |
|    clip_range           | 0.2          |
|    entropy_loss         | -0.358       |
|    explained_variance   | 0.555        |
|    learning_rate        | 0.0003       |
|    loss                 | 5.4e+03      |
|    n_updates            | 2810         |
|    policy_gradient_loss | -0.00097     |
|    value_loss           | 1.08e+04     |
------------------------------------------
------------------------------------------
| rollout/                |              |
|    ep_len_mean          | 720          |
|    ep_rew_mean          | 3.24e+03     |
| time/                   |              |
|    fps                  | 90           |
|    iterations           | 283          |
|    time_elapsed         | 1602         |
|    total_timesteps      | 144896       |
| train/                  |              |
|    approx_kl            | 0.0041363244 |
|    clip_fraction        | 0.0172       |
|    clip_range           | 0.2          |
|    entropy_loss         | -0.514       |
|    explained_variance   | 0.739        |
|    learning_rate        | 0.0003       |
|    loss                 | 4.89e+03     |
|    n_updates            | 2820         |
|    policy_gradient_loss | -0.0069      |
|    value_loss           | 1.16e+04     |
------------------------------------------
------------------------------------------
| rollout/                |              |
|    ep_len_mean          | 720          |
|    ep_rew_mean          | 3.24e+03     |
| time/                   |              |
|    fps                  | 90           |
|    iterations           | 284          |
|    time_elapsed         | 1608         |
|    total_timesteps      | 145408       |
| train/                  |              |
|    approx_kl            | 0.0026933774 |
|    clip_fraction        | 0.0143       |
|    clip_range           | 0.2          |
|    entropy_loss         | -0.411       |
|    explained_variance   | 0.467        |
|    learning_rate        | 0.0003       |
|    loss                 | 5.57e+03     |
|    n_updates            | 2830         |
|    policy_gradient_loss | -0.00456     |
|    value_loss           | 1.1e+04      |
------------------------------------------
------------------------------------------
| rollout/                |              |
|    ep_len_mean          | 720          |
|    ep_rew_mean          | 3.23e+03     |
| time/                   |              |
|    fps                  | 90           |
|    iterations           | 285          |
|    time_elapsed         | 1613         |
|    total_timesteps      | 145920       |
| train/                  |              |
|    approx_kl            | 0.0014941883 |
|    clip_fraction        | 0.0168       |
|    clip_range           | 0.2          |
|    entropy_loss         | -0.183       |
|    explained_variance   | 0.217        |
|    learning_rate        | 0.0003       |
|    loss                 | 7.09e+03     |
|    n_updates            | 2840         |
|    policy_gradient_loss | -0.00489     |
|    value_loss           | 1.49e+04     |
------------------------------------------
------------------------------------------
| rollout/                |              |
|    ep_len_mean          | 720          |
|    ep_rew_mean          | 3.22e+03     |
| time/                   |              |
|    fps                  | 90           |
|    iterations           | 286          |
|    time_elapsed         | 1619         |
|    total_timesteps      | 146432       |
| train/                  |              |
|    approx_kl            | 0.0004639575 |
|    clip_fraction        | 0.00117      |
|    clip_range           | 0.2          |
|    entropy_loss         | -0.385       |
|    explained_variance   | 0.615        |
|    learning_rate        | 0.0003       |
|    loss                 | 3.68e+03     |
|    n_updates            | 2850         |
|    policy_gradient_loss | -0.00125     |
|    value_loss           | 9.63e+03     |
------------------------------------------
------------------------------------------
| rollout/                |              |
|    ep_len_mean          | 720          |
|    ep_rew_mean          | 3.19e+03     |
| time/                   |              |
|    fps                  | 90           |
|    iterations           | 287          |
|    time_elapsed         | 1624         |
|    total_timesteps      | 146944       |
| train/                  |              |
|    approx_kl            | 0.0050991955 |
|    clip_fraction        | 0.0439       |
|    clip_range           | 0.2          |
|    entropy_loss         | -0.464       |
|    explained_variance   | 0.783        |
|    learning_rate        | 0.0003       |
|    loss                 | 2.71e+03     |
|    n_updates            | 2860         |
|    policy_gradient_loss | -0.00901     |
|    value_loss           | 4.66e+03     |
------------------------------------------
-------------------------------------------
| rollout/                |               |
|    ep_len_mean          | 720           |
|    ep_rew_mean          | 3.19e+03      |
| time/                   |               |
|    fps                  | 90            |
|    iterations           | 288           |
|    time_elapsed         | 1630          |
|    total_timesteps      | 147456        |
| train/                  |               |
|    approx_kl            | 0.00047930164 |
|    clip_fraction        | 0.00273       |
|    clip_range           | 0.2           |
|    entropy_loss         | -0.207        |
|    explained_variance   | 0.597         |
|    learning_rate        | 0.0003        |
|    loss                 | 7.33e+03      |
|    n_updates            | 2870          |
|    policy_gradient_loss | -0.00181      |
|    value_loss           | 1.65e+04      |
-------------------------------------------
------------------------------------------
| rollout/                |              |
|    ep_len_mean          | 720          |
|    ep_rew_mean          | 3.18e+03     |
| time/                   |              |
|    fps                  | 90           |
|    iterations           | 289          |
|    time_elapsed         | 1636         |
|    total_timesteps      | 147968       |
| train/                  |              |
|    approx_kl            | 0.0008425559 |
|    clip_fraction        | 0.00684      |
|    clip_range           | 0.2          |
|    entropy_loss         | -0.326       |
|    explained_variance   | 0.776        |
|    learning_rate        | 0.0003       |
|    loss                 | 4.4e+03      |
|    n_updates            | 2880         |
|    policy_gradient_loss | -0.00278     |
|    value_loss           | 1.2e+04      |
------------------------------------------
-----------------------------------------
| rollout/                |             |
|    ep_len_mean          | 720         |
|    ep_rew_mean          | 3.16e+03    |
| time/                   |             |
|    fps                  | 90          |
|    iterations           | 290         |
|    time_elapsed         | 1641        |
|    total_timesteps      | 148480      |
| train/                  |             |
|    approx_kl            | 0.005947449 |
|    clip_fraction        | 0.0287      |
|    clip_range           | 0.2         |
|    entropy_loss         | -0.459      |
|    explained_variance   | 0.788       |
|    learning_rate        | 0.0003      |
|    loss                 | 8.41e+03    |
|    n_updates            | 2890        |
|    policy_gradient_loss | -0.0061     |
|    value_loss           | 1.31e+04    |
-----------------------------------------
------------------------------------------
| rollout/                |              |
|    ep_len_mean          | 720          |
|    ep_rew_mean          | 3.16e+03     |
| time/                   |              |
|    fps                  | 90           |
|    iterations           | 291          |
|    time_elapsed         | 1647         |
|    total_timesteps      | 148992       |
| train/                  |              |
|    approx_kl            | 0.0011184926 |
|    clip_fraction        | 0.0107       |
|    clip_range           | 0.2          |
|    entropy_loss         | -0.402       |
|    explained_variance   | 0.741        |
|    learning_rate        | 0.0003       |
|    loss                 | 6.01e+03     |
|    n_updates            | 2900         |
|    policy_gradient_loss | -0.00223     |
|    value_loss           | 1.22e+04     |
------------------------------------------
------------------------------------------
| rollout/                |              |
|    ep_len_mean          | 720          |
|    ep_rew_mean          | 3.16e+03     |
| time/                   |              |
|    fps                  | 90           |
|    iterations           | 292          |
|    time_elapsed         | 1653         |
|    total_timesteps      | 149504       |
| train/                  |              |
|    approx_kl            | 0.0009363706 |
|    clip_fraction        | 0.00371      |
|    clip_range           | 0.2          |
|    entropy_loss         | -0.228       |
|    explained_variance   | 0.612        |
|    learning_rate        | 0.0003       |
|    loss                 | 1.2e+04      |
|    n_updates            | 2910         |
|    policy_gradient_loss | -0.00308     |
|    value_loss           | 2.42e+04     |
------------------------------------------
------------------------------------------
| rollout/                |              |
|    ep_len_mean          | 720          |
|    ep_rew_mean          | 3.16e+03     |
| time/                   |              |
|    fps                  | 90           |
|    iterations           | 293          |
|    time_elapsed         | 1658         |
|    total_timesteps      | 150016       |
| train/                  |              |
|    approx_kl            | 0.0019631232 |
|    clip_fraction        | 0.0178       |
|    clip_range           | 0.2          |
|    entropy_loss         | -0.401       |
|    explained_variance   | 0.734        |
|    learning_rate        | 0.0003       |
|    loss                 | 8.64e+03     |
|    n_updates            | 2920         |
|    policy_gradient_loss | -0.00695     |
|    value_loss           | 1.59e+04     |
------------------------------------------
[18:50:26] === eval AFTER PPO fine-tune ===
idle                 storage=  2.2%  loss= 56.3%
greedy_shuttle       storage= 82.0%  loss=  0.7%
ppo_stochastic       storage= 66.1%  loss=  9.1%
ppo_deterministic    storage= 76.1%  loss=  5.5%
[18:51:51] DONE. model -> output\rl_ppo\ppo_bc_phase1_720h_inj80_ts150000.zip
