Using cuda device
Wrapping the env with a `Monitor` wrapper
Wrapping the env in a DummyVecEnv.
[18:57:59] policy device = cuda:0
[18:57:59] === BC pretrain (greedy, 30 eps) ===
[bc] collected 21600 pairs from 30 episodes; 915 dispatch steps up-weighted x10
[bc] epoch 1/20  weighted_nll=1.2807
[bc] epoch 2/20  weighted_nll=0.7185
[bc] epoch 3/20  weighted_nll=0.6809
[bc] epoch 4/20  weighted_nll=0.6504
[bc] epoch 5/20  weighted_nll=0.6176
[bc] epoch 6/20  weighted_nll=0.5704
[bc] epoch 7/20  weighted_nll=0.5248
[bc] epoch 8/20  weighted_nll=0.4724
[bc] epoch 9/20  weighted_nll=0.4326
[bc] epoch 10/20  weighted_nll=0.3902
[bc] epoch 11/20  weighted_nll=0.3546
[bc] epoch 12/20  weighted_nll=0.3215
[bc] epoch 13/20  weighted_nll=0.2959
[bc] epoch 14/20  weighted_nll=0.2747
[bc] epoch 15/20  weighted_nll=0.2607
[bc] epoch 16/20  weighted_nll=0.2427
[bc] epoch 17/20  weighted_nll=0.2271
[bc] epoch 18/20  weighted_nll=0.2083
[bc] epoch 19/20  weighted_nll=0.1947
[bc] epoch 20/20  weighted_nll=0.1772
[18:58:29] === eval AFTER BC (before PPO) ===
idle                 storage=  2.2%  loss= 56.3%
greedy_shuttle       storage= 82.0%  loss=  0.7%
ppo_stochastic       storage= 81.3%  loss=  1.8%
ppo_deterministic    storage= 82.7%  loss=  2.6%
[18:59:57] === PPO fine-tune (150000 steps) ===
----------------------------
| time/              |     |
|    fps             | 116 |
|    iterations      | 1   |
|    time_elapsed    | 4   |
|    total_timesteps | 512 |
----------------------------
------------------------------------------
| rollout/                |              |
|    ep_len_mean          | 720          |
|    ep_rew_mean          | 6.43e+03     |
| time/                   |              |
|    fps                  | 99           |
|    iterations           | 2            |
|    time_elapsed         | 10           |
|    total_timesteps      | 1024         |
| train/                  |              |
|    approx_kl            | 0.0005369727 |
|    clip_fraction        | 0.0041       |
|    clip_range           | 0.2          |
|    entropy_loss         | -0.11        |
|    explained_variance   | 0.000364     |
|    learning_rate        | 0.0003       |
|    loss                 | 1.64e+04     |
|    n_updates            | 10           |
|    policy_gradient_loss | -0.00202     |
|    value_loss           | 3.34e+04     |
------------------------------------------
------------------------------------------
| rollout/                |              |
|    ep_len_mean          | 720          |
|    ep_rew_mean          | 6.17e+03     |
| time/                   |              |
|    fps                  | 94           |
|    iterations           | 3            |
|    time_elapsed         | 16           |
|    total_timesteps      | 1536         |
| train/                  |              |
|    approx_kl            | 0.0006104838 |
|    clip_fraction        | 0.00313      |
|    clip_range           | 0.2          |
|    entropy_loss         | -0.0944      |
|    explained_variance   | 0.000669     |
|    learning_rate        | 0.0003       |
|    loss                 | 1.43e+04     |
|    n_updates            | 20           |
|    policy_gradient_loss | -0.00219     |
|    value_loss           | 2.98e+04     |
------------------------------------------
------------------------------------------
| rollout/                |              |
|    ep_len_mean          | 720          |
|    ep_rew_mean          | 6.17e+03     |
| time/                   |              |
|    fps                  | 94           |
|    iterations           | 4            |
|    time_elapsed         | 21           |
|    total_timesteps      | 2048         |
| train/                  |              |
|    approx_kl            | 0.0001792921 |
|    clip_fraction        | 0.000781     |
|    clip_range           | 0.2          |
|    entropy_loss         | -0.118       |
|    explained_variance   | -7.36e-05    |
|    learning_rate        | 0.0003       |
|    loss                 | 1.52e+04     |
|    n_updates            | 30           |
|    policy_gradient_loss | -0.00222     |
|    value_loss           | 2.69e+04     |
------------------------------------------
------------------------------------------
| rollout/                |              |
|    ep_len_mean          | 720          |
|    ep_rew_mean          | 6.17e+03     |
| time/                   |              |
|    fps                  | 93           |
|    iterations           | 5            |
|    time_elapsed         | 27           |
|    total_timesteps      | 2560         |
| train/                  |              |
|    approx_kl            | 0.0010189033 |
|    clip_fraction        | 0.00977      |
|    clip_range           | 0.2          |
|    entropy_loss         | -0.169       |
|    explained_variance   | 8.68e-05     |
|    learning_rate        | 0.0003       |
|    loss                 | 2.43e+04     |
|    n_updates            | 40           |
|    policy_gradient_loss | -0.00266     |
|    value_loss           | 4.86e+04     |
------------------------------------------
------------------------------------------
| rollout/                |              |
|    ep_len_mean          | 720          |
|    ep_rew_mean          | 6.17e+03     |
| time/                   |              |
|    fps                  | 92           |
|    iterations           | 6            |
|    time_elapsed         | 33           |
|    total_timesteps      | 3072         |
| train/                  |              |
|    approx_kl            | 0.0009901242 |
|    clip_fraction        | 0.00762      |
|    clip_range           | 0.2          |
|    entropy_loss         | -0.133       |
|    explained_variance   | 1.07e-06     |
|    learning_rate        | 0.0003       |
|    loss                 | 9.31e+03     |
|    n_updates            | 50           |
|    policy_gradient_loss | -0.00345     |
|    value_loss           | 2.51e+04     |
------------------------------------------
------------------------------------------
| rollout/                |              |
|    ep_len_mean          | 720          |
|    ep_rew_mean          | 6.17e+03     |
| time/                   |              |
|    fps                  | 92           |
|    iterations           | 7            |
|    time_elapsed         | 38           |
|    total_timesteps      | 3584         |
| train/                  |              |
|    approx_kl            | 0.0005033212 |
|    clip_fraction        | 0.0043       |
|    clip_range           | 0.2          |
|    entropy_loss         | -0.144       |
|    explained_variance   | 6.44e-06     |
|    learning_rate        | 0.0003       |
|    loss                 | 1.96e+04     |
|    n_updates            | 60           |
|    policy_gradient_loss | -0.00261     |
|    value_loss           | 3.51e+04     |
------------------------------------------
------------------------------------------
| rollout/                |              |
|    ep_len_mean          | 720          |
|    ep_rew_mean          | 6.15e+03     |
| time/                   |              |
|    fps                  | 91           |
|    iterations           | 8            |
|    time_elapsed         | 44           |
|    total_timesteps      | 4096         |
| train/                  |              |
|    approx_kl            | 0.0009150242 |
|    clip_fraction        | 0.00234      |
|    clip_range           | 0.2          |
|    entropy_loss         | -0.102       |
|    explained_variance   | 4.01e-05     |
|    learning_rate        | 0.0003       |
|    loss                 | 1.39e+04     |
|    n_updates            | 70           |
|    policy_gradient_loss | -0.00355     |
|    value_loss           | 3.42e+04     |
------------------------------------------
-------------------------------------------
| rollout/                |               |
|    ep_len_mean          | 720           |
|    ep_rew_mean          | 6.01e+03      |
| time/                   |               |
|    fps                  | 91            |
|    iterations           | 9             |
|    time_elapsed         | 50            |
|    total_timesteps      | 4608          |
| train/                  |               |
|    approx_kl            | 0.00062770804 |
|    clip_fraction        | 0.00293       |
|    clip_range           | 0.2           |
|    entropy_loss         | -0.159        |
|    explained_variance   | 2.29e-05      |
|    learning_rate        | 0.0003        |
|    loss                 | 1.12e+04      |
|    n_updates            | 80            |
|    policy_gradient_loss | -0.00286      |
|    value_loss           | 2.61e+04      |
-------------------------------------------
------------------------------------------
| rollout/                |              |
|    ep_len_mean          | 720          |
|    ep_rew_mean          | 6.01e+03     |
| time/                   |              |
|    fps                  | 91           |
|    iterations           | 10           |
|    time_elapsed         | 55           |
|    total_timesteps      | 5120         |
| train/                  |              |
|    approx_kl            | 0.0007882572 |
|    clip_fraction        | 0.0107       |
|    clip_range           | 0.2          |
|    entropy_loss         | -0.108       |
|    explained_variance   | 7.15e-06     |
|    learning_rate        | 0.0003       |
|    loss                 | 1.52e+04     |
|    n_updates            | 90           |
|    policy_gradient_loss | -0.00277     |
|    value_loss           | 2.8e+04      |
------------------------------------------
------------------------------------------
| rollout/                |              |
|    ep_len_mean          | 720          |
|    ep_rew_mean          | 6.01e+03     |
| time/                   |              |
|    fps                  | 90           |
|    iterations           | 11           |
|    time_elapsed         | 61           |
|    total_timesteps      | 5632         |
| train/                  |              |
|    approx_kl            | 0.0006867787 |
|    clip_fraction        | 0.00781      |
|    clip_range           | 0.2          |
|    entropy_loss         | -0.13        |
|    explained_variance   | 2.87e-05     |
|    learning_rate        | 0.0003       |
|    loss                 | 1.48e+04     |
|    n_updates            | 100          |
|    policy_gradient_loss | -0.00172     |
|    value_loss           | 3.09e+04     |
------------------------------------------
------------------------------------------
| rollout/                |              |
|    ep_len_mean          | 720          |
|    ep_rew_mean          | 6.04e+03     |
| time/                   |              |
|    fps                  | 91           |
|    iterations           | 12           |
|    time_elapsed         | 67           |
|    total_timesteps      | 6144         |
| train/                  |              |
|    approx_kl            | 0.0002952615 |
|    clip_fraction        | 0.00293      |
|    clip_range           | 0.2          |
|    entropy_loss         | -0.125       |
|    explained_variance   | 1.51e-05     |
|    learning_rate        | 0.0003       |
|    loss                 | 1.7e+04      |
|    n_updates            | 110          |
|    policy_gradient_loss | -0.0015      |
|    value_loss           | 3.42e+04     |
------------------------------------------
---------------------------------------
| rollout/                |           |
|    ep_len_mean          | 720       |
|    ep_rew_mean          | 5.95e+03  |
| time/                   |           |
|    fps                  | 91        |
|    iterations           | 13        |
|    time_elapsed         | 72        |
|    total_timesteps      | 6656      |
| train/                  |           |
|    approx_kl            | 0.0326116 |
|    clip_fraction        | 0.0543    |
|    clip_range           | 0.2       |
|    entropy_loss         | -0.283    |
|    explained_variance   | 1.32e-05  |
|    learning_rate        | 0.0003    |
|    loss                 | 1.18e+04  |
|    n_updates            | 120       |
|    policy_gradient_loss | -0.0161   |
|    value_loss           | 3.09e+04  |
---------------------------------------
------------------------------------------
| rollout/                |              |
|    ep_len_mean          | 720          |
|    ep_rew_mean          | 5.95e+03     |
| time/                   |              |
|    fps                  | 91           |
|    iterations           | 14           |
|    time_elapsed         | 78           |
|    total_timesteps      | 7168         |
| train/                  |              |
|    approx_kl            | 0.0054746657 |
|    clip_fraction        | 0.0578       |
|    clip_range           | 0.2          |
|    entropy_loss         | -0.252       |
|    explained_variance   | 3.36e-05     |
|    learning_rate        | 0.0003       |
|    loss                 | 9.69e+03     |
|    n_updates            | 130          |
|    policy_gradient_loss | -0.0123      |
|    value_loss           | 2.32e+04     |
------------------------------------------
------------------------------------------
| rollout/                |              |
|    ep_len_mean          | 720          |
|    ep_rew_mean          | 5.79e+03     |
| time/                   |              |
|    fps                  | 91           |
|    iterations           | 15           |
|    time_elapsed         | 84           |
|    total_timesteps      | 7680         |
| train/                  |              |
|    approx_kl            | 0.0012194307 |
|    clip_fraction        | 0.0129       |
|    clip_range           | 0.2          |
|    entropy_loss         | -0.15        |
|    explained_variance   | 1.04e-05     |
|    learning_rate        | 0.0003       |
|    loss                 | 1.15e+04     |
|    n_updates            | 140          |
|    policy_gradient_loss | -0.00373     |
|    value_loss           | 2.63e+04     |
------------------------------------------
------------------------------------------
| rollout/                |              |
|    ep_len_mean          | 720          |
|    ep_rew_mean          | 5.71e+03     |
| time/                   |              |
|    fps                  | 90           |
|    iterations           | 16           |
|    time_elapsed         | 90           |
|    total_timesteps      | 8192         |
| train/                  |              |
|    approx_kl            | 0.0012912179 |
|    clip_fraction        | 0.0113       |
|    clip_range           | 0.2          |
|    entropy_loss         | -0.191       |
|    explained_variance   | 2.02e-05     |
|    learning_rate        | 0.0003       |
|    loss                 | 1e+04        |
|    n_updates            | 150          |
|    policy_gradient_loss | -0.00579     |
|    value_loss           | 2.12e+04     |
------------------------------------------
-----------------------------------------
| rollout/                |             |
|    ep_len_mean          | 720         |
|    ep_rew_mean          | 5.63e+03    |
| time/                   |             |
|    fps                  | 90          |
|    iterations           | 17          |
|    time_elapsed         | 96          |
|    total_timesteps      | 8704        |
| train/                  |             |
|    approx_kl            | 0.005720275 |
|    clip_fraction        | 0.0463      |
|    clip_range           | 0.2         |
|    entropy_loss         | -0.274      |
|    explained_variance   | 1.49e-05    |
|    learning_rate        | 0.0003      |
|    loss                 | 1.22e+04    |
|    n_updates            | 160         |
|    policy_gradient_loss | -0.0106     |
|    value_loss           | 2.72e+04    |
-----------------------------------------
------------------------------------------
| rollout/                |              |
|    ep_len_mean          | 720          |
|    ep_rew_mean          | 5.63e+03     |
| time/                   |              |
|    fps                  | 90           |
|    iterations           | 18           |
|    time_elapsed         | 101          |
|    total_timesteps      | 9216         |
| train/                  |              |
|    approx_kl            | 0.0010236469 |
|    clip_fraction        | 0.0111       |
|    clip_range           | 0.2          |
|    entropy_loss         | -0.153       |
|    explained_variance   | 1.68e-05     |
|    learning_rate        | 0.0003       |
|    loss                 | 1.41e+04     |
|    n_updates            | 170          |
|    policy_gradient_loss | -0.0034      |
|    value_loss           | 2.81e+04     |
------------------------------------------
-------------------------------------------
| rollout/                |               |
|    ep_len_mean          | 720           |
|    ep_rew_mean          | 5.67e+03      |
| time/                   |               |
|    fps                  | 90            |
|    iterations           | 19            |
|    time_elapsed         | 107           |
|    total_timesteps      | 9728          |
| train/                  |               |
|    approx_kl            | 0.00092570664 |
|    clip_fraction        | 0.00586       |
|    clip_range           | 0.2           |
|    entropy_loss         | -0.206        |
|    explained_variance   | 4.77e-07      |
|    learning_rate        | 0.0003        |
|    loss                 | 1.84e+04      |
|    n_updates            | 180           |
|    policy_gradient_loss | -0.00272      |
|    value_loss           | 3.58e+04      |
-------------------------------------------
------------------------------------------
| rollout/                |              |
|    ep_len_mean          | 720          |
|    ep_rew_mean          | 5.66e+03     |
| time/                   |              |
|    fps                  | 90           |
|    iterations           | 20           |
|    time_elapsed         | 113          |
|    total_timesteps      | 10240        |
| train/                  |              |
|    approx_kl            | 0.0014063807 |
|    clip_fraction        | 0.0121       |
|    clip_range           | 0.2          |
|    entropy_loss         | -0.206       |
|    explained_variance   | 2.62e-06     |
|    learning_rate        | 0.0003       |
|    loss                 | 1.3e+04      |
|    n_updates            | 190          |
|    policy_gradient_loss | -0.0037      |
|    value_loss           | 2.23e+04     |
------------------------------------------
------------------------------------------
| rollout/                |              |
|    ep_len_mean          | 720          |
|    ep_rew_mean          | 5.66e+03     |
| time/                   |              |
|    fps                  | 90           |
|    iterations           | 21           |
|    time_elapsed         | 118          |
|    total_timesteps      | 10752        |
| train/                  |              |
|    approx_kl            | 0.0024884746 |
|    clip_fraction        | 0.0207       |
|    clip_range           | 0.2          |
|    entropy_loss         | -0.231       |
|    explained_variance   | 5.72e-06     |
|    learning_rate        | 0.0003       |
|    loss                 | 1.41e+04     |
|    n_updates            | 200          |
|    policy_gradient_loss | -0.00595     |
|    value_loss           | 2.95e+04     |
------------------------------------------
------------------------------------------
| rollout/                |              |
|    ep_len_mean          | 720          |
|    ep_rew_mean          | 5.68e+03     |
| time/                   |              |
|    fps                  | 90           |
|    iterations           | 22           |
|    time_elapsed         | 124          |
|    total_timesteps      | 11264        |
| train/                  |              |
|    approx_kl            | 0.0006582225 |
|    clip_fraction        | 0.00352      |
|    clip_range           | 0.2          |
|    entropy_loss         | -0.208       |
|    explained_variance   | 7.93e-06     |
|    learning_rate        | 0.0003       |
|    loss                 | 2.16e+04     |
|    n_updates            | 210          |
|    policy_gradient_loss | -0.00114     |
|    value_loss           | 4.23e+04     |
------------------------------------------
-------------------------------------------
| rollout/                |               |
|    ep_len_mean          | 720           |
|    ep_rew_mean          | 5.71e+03      |
| time/                   |               |
|    fps                  | 90            |
|    iterations           | 23            |
|    time_elapsed         | 130           |
|    total_timesteps      | 11776         |
| train/                  |               |
|    approx_kl            | 0.00075870764 |
|    clip_fraction        | 0.0127        |
|    clip_range           | 0.2           |
|    entropy_loss         | -0.229        |
|    explained_variance   | 6.08e-06      |
|    learning_rate        | 0.0003        |
|    loss                 | 1.81e+04      |
|    n_updates            | 220           |
|    policy_gradient_loss | -0.00309      |
|    value_loss           | 3.38e+04      |
-------------------------------------------
------------------------------------------
| rollout/                |              |
|    ep_len_mean          | 720          |
|    ep_rew_mean          | 5.64e+03     |
| time/                   |              |
|    fps                  | 90           |
|    iterations           | 24           |
|    time_elapsed         | 136          |
|    total_timesteps      | 12288        |
| train/                  |              |
|    approx_kl            | 0.0016195545 |
|    clip_fraction        | 0.0186       |
|    clip_range           | 0.2          |
|    entropy_loss         | -0.284       |
|    explained_variance   | 4.83e-06     |
|    learning_rate        | 0.0003       |
|    loss                 | 8.68e+03     |
|    n_updates            | 230          |
|    policy_gradient_loss | -0.0058      |
|    value_loss           | 2.2e+04      |
------------------------------------------
------------------------------------------
| rollout/                |              |
|    ep_len_mean          | 720          |
|    ep_rew_mean          | 5.64e+03     |
| time/                   |              |
|    fps                  | 90           |
|    iterations           | 25           |
|    time_elapsed         | 141          |
|    total_timesteps      | 12800        |
| train/                  |              |
|    approx_kl            | 0.0010646159 |
|    clip_fraction        | 0.0109       |
|    clip_range           | 0.2          |
|    entropy_loss         | -0.181       |
|    explained_variance   | 7.09e-06     |
|    learning_rate        | 0.0003       |
|    loss                 | 1.5e+04      |
|    n_updates            | 240          |
|    policy_gradient_loss | -0.00363     |
|    value_loss           | 2.56e+04     |
------------------------------------------
------------------------------------------
| rollout/                |              |
|    ep_len_mean          | 720          |
|    ep_rew_mean          | 5.6e+03      |
| time/                   |              |
|    fps                  | 90           |
|    iterations           | 26           |
|    time_elapsed         | 147          |
|    total_timesteps      | 13312        |
| train/                  |              |
|    approx_kl            | 0.0012105026 |
|    clip_fraction        | 0.00977      |
|    clip_range           | 0.2          |
|    entropy_loss         | -0.185       |
|    explained_variance   | 3.1e-06      |
|    learning_rate        | 0.0003       |
|    loss                 | 1.54e+04     |
|    n_updates            | 250          |
|    policy_gradient_loss | -0.00484     |
|    value_loss           | 3.32e+04     |
------------------------------------------
-----------------------------------------
| rollout/                |             |
|    ep_len_mean          | 720         |
|    ep_rew_mean          | 5.59e+03    |
| time/                   |             |
|    fps                  | 90          |
|    iterations           | 27          |
|    time_elapsed         | 152         |
|    total_timesteps      | 13824       |
| train/                  |             |
|    approx_kl            | 0.007148234 |
|    clip_fraction        | 0.0354      |
|    clip_range           | 0.2         |
|    entropy_loss         | -0.256      |
|    explained_variance   | 6.32e-06    |
|    learning_rate        | 0.0003      |
|    loss                 | 1.46e+04    |
|    n_updates            | 260         |
|    policy_gradient_loss | -0.00833    |
|    value_loss           | 2.41e+04    |
-----------------------------------------
------------------------------------------
| rollout/                |              |
|    ep_len_mean          | 720          |
|    ep_rew_mean          | 5.59e+03     |
| time/                   |              |
|    fps                  | 90           |
|    iterations           | 28           |
|    time_elapsed         | 158          |
|    total_timesteps      | 14336        |
| train/                  |              |
|    approx_kl            | 0.0044442182 |
|    clip_fraction        | 0.0244       |
|    clip_range           | 0.2          |
|    entropy_loss         | -0.27        |
|    explained_variance   | 5.96e-06     |
|    learning_rate        | 0.0003       |
|    loss                 | 1.17e+04     |
|    n_updates            | 270          |
|    policy_gradient_loss | -0.00757     |
|    value_loss           | 2.48e+04     |
------------------------------------------
-------------------------------------------
| rollout/                |               |
|    ep_len_mean          | 720           |
|    ep_rew_mean          | 5.55e+03      |
| time/                   |               |
|    fps                  | 90            |
|    iterations           | 29            |
|    time_elapsed         | 163           |
|    total_timesteps      | 14848         |
| train/                  |               |
|    approx_kl            | 0.00072741974 |
|    clip_fraction        | 0.00645       |
|    clip_range           | 0.2           |
|    entropy_loss         | -0.173        |
|    explained_variance   | -9.54e-07     |
|    learning_rate        | 0.0003        |
|    loss                 | 1.33e+04      |
|    n_updates            | 280           |
|    policy_gradient_loss | -0.00294      |
|    value_loss           | 2.84e+04      |
-------------------------------------------
----------------------------------------
| rollout/                |            |
|    ep_len_mean          | 720        |
|    ep_rew_mean          | 5.52e+03   |
| time/                   |            |
|    fps                  | 90         |
|    iterations           | 30         |
|    time_elapsed         | 169        |
|    total_timesteps      | 15360      |
| train/                  |            |
|    approx_kl            | 0.03810551 |
|    clip_fraction        | 0.128      |
|    clip_range           | 0.2        |
|    entropy_loss         | -0.425     |
|    explained_variance   | 5.6e-06    |
|    learning_rate        | 0.0003     |
|    loss                 | 1.25e+04   |
|    n_updates            | 290        |
|    policy_gradient_loss | -0.0314    |
|    value_loss           | 2.88e+04   |
----------------------------------------
------------------------------------------
| rollout/                |              |
|    ep_len_mean          | 720          |
|    ep_rew_mean          | 5.48e+03     |
| time/                   |              |
|    fps                  | 90           |
|    iterations           | 31           |
|    time_elapsed         | 175          |
|    total_timesteps      | 15872        |
| train/                  |              |
|    approx_kl            | 0.0016693062 |
|    clip_fraction        | 0.0111       |
|    clip_range           | 0.2          |
|    entropy_loss         | -0.206       |
|    explained_variance   | 4.17e-07     |
|    learning_rate        | 0.0003       |
|    loss                 | 9.12e+03     |
|    n_updates            | 300          |
|    policy_gradient_loss | -0.00438     |
|    value_loss           | 1.57e+04     |
------------------------------------------
-------------------------------------------
| rollout/                |               |
|    ep_len_mean          | 720           |
|    ep_rew_mean          | 5.48e+03      |
| time/                   |               |
|    fps                  | 90            |
|    iterations           | 32            |
|    time_elapsed         | 180           |
|    total_timesteps      | 16384         |
| train/                  |               |
|    approx_kl            | 0.00096025923 |
|    clip_fraction        | 0.0105        |
|    clip_range           | 0.2           |
|    entropy_loss         | -0.196        |
|    explained_variance   | 3.16e-06      |
|    learning_rate        | 0.0003        |
|    loss                 | 1.39e+04      |
|    n_updates            | 310           |
|    policy_gradient_loss | -0.00309      |
|    value_loss           | 2.8e+04       |
-------------------------------------------
-----------------------------------------
| rollout/                |             |
|    ep_len_mean          | 720         |
|    ep_rew_mean          | 5.47e+03    |
| time/                   |             |
|    fps                  | 90          |
|    iterations           | 33          |
|    time_elapsed         | 186         |
|    total_timesteps      | 16896       |
| train/                  |             |
|    approx_kl            | 0.001368595 |
|    clip_fraction        | 0.0172      |
|    clip_range           | 0.2         |
|    entropy_loss         | -0.233      |
|    explained_variance   | 2.15e-06    |
|    learning_rate        | 0.0003      |
|    loss                 | 1.32e+04    |
|    n_updates            | 320         |
|    policy_gradient_loss | -0.00517    |
|    value_loss           | 2.48e+04    |
-----------------------------------------
-----------------------------------------
| rollout/                |             |
|    ep_len_mean          | 720         |
|    ep_rew_mean          | 5.43e+03    |
| time/                   |             |
|    fps                  | 90          |
|    iterations           | 34          |
|    time_elapsed         | 192         |
|    total_timesteps      | 17408       |
| train/                  |             |
|    approx_kl            | 0.001881317 |
|    clip_fraction        | 0.0186      |
|    clip_range           | 0.2         |
|    entropy_loss         | -0.25       |
|    explained_variance   | 2.68e-06    |
|    learning_rate        | 0.0003      |
|    loss                 | 1.33e+04    |
|    n_updates            | 330         |
|    policy_gradient_loss | -0.00538    |
|    value_loss           | 2.48e+04    |
-----------------------------------------
------------------------------------------
| rollout/                |              |
|    ep_len_mean          | 720          |
|    ep_rew_mean          | 5.43e+03     |
| time/                   |              |
|    fps                  | 90           |
|    iterations           | 35           |
|    time_elapsed         | 197          |
|    total_timesteps      | 17920        |
| train/                  |              |
|    approx_kl            | 0.0042988216 |
|    clip_fraction        | 0.0229       |
|    clip_range           | 0.2          |
|    entropy_loss         | -0.238       |
|    explained_variance   | 2.74e-06     |
|    learning_rate        | 0.0003       |
|    loss                 | 1.16e+04     |
|    n_updates            | 340          |
|    policy_gradient_loss | -0.00776     |
|    value_loss           | 2.53e+04     |
------------------------------------------
------------------------------------------
| rollout/                |              |
|    ep_len_mean          | 720          |
|    ep_rew_mean          | 5.41e+03     |
| time/                   |              |
|    fps                  | 90           |
|    iterations           | 36           |
|    time_elapsed         | 203          |
|    total_timesteps      | 18432        |
| train/                  |              |
|    approx_kl            | 0.0027509653 |
|    clip_fraction        | 0.0164       |
|    clip_range           | 0.2          |
|    entropy_loss         | -0.206       |
|    explained_variance   | 6.56e-07     |
|    learning_rate        | 0.0003       |
|    loss                 | 2.06e+04     |
|    n_updates            | 350          |
|    policy_gradient_loss | -0.00491     |
|    value_loss           | 3.78e+04     |
------------------------------------------
----------------------------------------
| rollout/                |            |
|    ep_len_mean          | 720        |
|    ep_rew_mean          | 5.37e+03   |
| time/                   |            |
|    fps                  | 90         |
|    iterations           | 37         |
|    time_elapsed         | 209        |
|    total_timesteps      | 18944      |
| train/                  |            |
|    approx_kl            | 0.00658537 |
|    clip_fraction        | 0.0465     |
|    clip_range           | 0.2        |
|    entropy_loss         | -0.335     |
|    explained_variance   | 1.31e-06   |
|    learning_rate        | 0.0003     |
|    loss                 | 9.61e+03   |
|    n_updates            | 360        |
|    policy_gradient_loss | -0.00967   |
|    value_loss           | 2.27e+04   |
----------------------------------------
------------------------------------------
| rollout/                |              |
|    ep_len_mean          | 720          |
|    ep_rew_mean          | 5.31e+03     |
| time/                   |              |
|    fps                  | 90           |
|    iterations           | 38           |
|    time_elapsed         | 215          |
|    total_timesteps      | 19456        |
| train/                  |              |
|    approx_kl            | 0.0039977524 |
|    clip_fraction        | 0.026        |
|    clip_range           | 0.2          |
|    entropy_loss         | -0.319       |
|    explained_variance   | 3.87e-06     |
|    learning_rate        | 0.0003       |
|    loss                 | 1.28e+04     |
|    n_updates            | 370          |
|    policy_gradient_loss | -0.00938     |
|    value_loss           | 2.25e+04     |
------------------------------------------
------------------------------------------
| rollout/                |              |
|    ep_len_mean          | 720          |
|    ep_rew_mean          | 5.31e+03     |
| time/                   |              |
|    fps                  | 90           |
|    iterations           | 39           |
|    time_elapsed         | 220          |
|    total_timesteps      | 19968        |
| train/                  |              |
|    approx_kl            | 0.0018013775 |
|    clip_fraction        | 0.0139       |
|    clip_range           | 0.2          |
|    entropy_loss         | -0.164       |
|    explained_variance   | 1.85e-06     |
|    learning_rate        | 0.0003       |
|    loss                 | 9.03e+03     |
|    n_updates            | 380          |
|    policy_gradient_loss | -0.00634     |
|    value_loss           | 2.11e+04     |
------------------------------------------
-----------------------------------------
| rollout/                |             |
|    ep_len_mean          | 720         |
|    ep_rew_mean          | 5.28e+03    |
| time/                   |             |
|    fps                  | 90          |
|    iterations           | 40          |
|    time_elapsed         | 226         |
|    total_timesteps      | 20480       |
| train/                  |             |
|    approx_kl            | 0.004151754 |
|    clip_fraction        | 0.042       |
|    clip_range           | 0.2         |
|    entropy_loss         | -0.31       |
|    explained_variance   | 1.19e-06    |
|    learning_rate        | 0.0003      |
|    loss                 | 1.33e+04    |
|    n_updates            | 390         |
|    policy_gradient_loss | -0.00777    |
|    value_loss           | 2.52e+04    |
-----------------------------------------
------------------------------------------
| rollout/                |              |
|    ep_len_mean          | 720          |
|    ep_rew_mean          | 5.23e+03     |
| time/                   |              |
|    fps                  | 90           |
|    iterations           | 41           |
|    time_elapsed         | 233          |
|    total_timesteps      | 20992        |
| train/                  |              |
|    approx_kl            | 0.0009995722 |
|    clip_fraction        | 0.00898      |
|    clip_range           | 0.2          |
|    entropy_loss         | -0.253       |
|    explained_variance   | 2.98e-06     |
|    learning_rate        | 0.0003       |
|    loss                 | 1.03e+04     |
|    n_updates            | 400          |
|    policy_gradient_loss | -0.00444     |
|    value_loss           | 2.03e+04     |
------------------------------------------
------------------------------------------
| rollout/                |              |
|    ep_len_mean          | 720          |
|    ep_rew_mean          | 5.23e+03     |
| time/                   |              |
|    fps                  | 90           |
|    iterations           | 42           |
|    time_elapsed         | 238          |
|    total_timesteps      | 21504        |
| train/                  |              |
|    approx_kl            | 0.0023382579 |
|    clip_fraction        | 0.0305       |
|    clip_range           | 0.2          |
|    entropy_loss         | -0.279       |
|    explained_variance   | 5.96e-07     |
|    learning_rate        | 0.0003       |
|    loss                 | 9.87e+03     |
|    n_updates            | 410          |
|    policy_gradient_loss | -0.00654     |
|    value_loss           | 1.87e+04     |
------------------------------------------
------------------------------------------
| rollout/                |              |
|    ep_len_mean          | 720          |
|    ep_rew_mean          | 5.23e+03     |
| time/                   |              |
|    fps                  | 90           |
|    iterations           | 43           |
|    time_elapsed         | 243          |
|    total_timesteps      | 22016        |
| train/                  |              |
|    approx_kl            | 0.0012255638 |
|    clip_fraction        | 0.00762      |
|    clip_range           | 0.2          |
|    entropy_loss         | -0.246       |
|    explained_variance   | 5.36e-07     |
|    learning_rate        | 0.0003       |
|    loss                 | 1.93e+04     |
|    n_updates            | 420          |
|    policy_gradient_loss | -0.00288     |
|    value_loss           | 3.55e+04     |
------------------------------------------
------------------------------------------
| rollout/                |              |
|    ep_len_mean          | 720          |
|    ep_rew_mean          | 5.26e+03     |
| time/                   |              |
|    fps                  | 90           |
|    iterations           | 44           |
|    time_elapsed         | 249          |
|    total_timesteps      | 22528        |
| train/                  |              |
|    approx_kl            | 0.0017477861 |
|    clip_fraction        | 0.0182       |
|    clip_range           | 0.2          |
|    entropy_loss         | -0.247       |
|    explained_variance   | 8.94e-07     |
|    learning_rate        | 0.0003       |
|    loss                 | 1.27e+04     |
|    n_updates            | 430          |
|    policy_gradient_loss | -0.00441     |
|    value_loss           | 2.68e+04     |
------------------------------------------
------------------------------------------
| rollout/                |              |
|    ep_len_mean          | 720          |
|    ep_rew_mean          | 5.28e+03     |
| time/                   |              |
|    fps                  | 90           |
|    iterations           | 45           |
|    time_elapsed         | 255          |
|    total_timesteps      | 23040        |
| train/                  |              |
|    approx_kl            | 0.0028552855 |
|    clip_fraction        | 0.0113       |
|    clip_range           | 0.2          |
|    entropy_loss         | -0.289       |
|    explained_variance   | 6.56e-07     |
|    learning_rate        | 0.0003       |
|    loss                 | 1.53e+04     |
|    n_updates            | 440          |
|    policy_gradient_loss | -0.00685     |
|    value_loss           | 3.24e+04     |
------------------------------------------
------------------------------------------
| rollout/                |              |
|    ep_len_mean          | 720          |
|    ep_rew_mean          | 5.28e+03     |
| time/                   |              |
|    fps                  | 90           |
|    iterations           | 46           |
|    time_elapsed         | 261          |
|    total_timesteps      | 23552        |
| train/                  |              |
|    approx_kl            | 0.0018621284 |
|    clip_fraction        | 0.0117       |
|    clip_range           | 0.2          |
|    entropy_loss         | -0.193       |
|    explained_variance   | 0            |
|    learning_rate        | 0.0003       |
|    loss                 | 1.99e+04     |
|    n_updates            | 450          |
|    policy_gradient_loss | -0.00351     |
|    value_loss           | 3.75e+04     |
------------------------------------------
------------------------------------------
| rollout/                |              |
|    ep_len_mean          | 720          |
|    ep_rew_mean          | 5.29e+03     |
| time/                   |              |
|    fps                  | 90           |
|    iterations           | 47           |
|    time_elapsed         | 266          |
|    total_timesteps      | 24064        |
| train/                  |              |
|    approx_kl            | 0.0011430529 |
|    clip_fraction        | 0.0121       |
|    clip_range           | 0.2          |
|    entropy_loss         | -0.192       |
|    explained_variance   | 1.19e-07     |
|    learning_rate        | 0.0003       |
|    loss                 | 1.34e+04     |
|    n_updates            | 460          |
|    policy_gradient_loss | -0.00339     |
|    value_loss           | 2.55e+04     |
------------------------------------------
------------------------------------------
| rollout/                |              |
|    ep_len_mean          | 720          |
|    ep_rew_mean          | 5.25e+03     |
| time/                   |              |
|    fps                  | 90           |
|    iterations           | 48           |
|    time_elapsed         | 272          |
|    total_timesteps      | 24576        |
| train/                  |              |
|    approx_kl            | 0.0017971674 |
|    clip_fraction        | 0.016        |
|    clip_range           | 0.2          |
|    entropy_loss         | -0.293       |
|    explained_variance   | 2.68e-06     |
|    learning_rate        | 0.0003       |
|    loss                 | 1.16e+04     |
|    n_updates            | 470          |
|    policy_gradient_loss | -0.00557     |
|    value_loss           | 2.58e+04     |
------------------------------------------
------------------------------------------
| rollout/                |              |
|    ep_len_mean          | 720          |
|    ep_rew_mean          | 5.25e+03     |
| time/                   |              |
|    fps                  | 90           |
|    iterations           | 49           |
|    time_elapsed         | 278          |
|    total_timesteps      | 25088        |
| train/                  |              |
|    approx_kl            | 0.0028159106 |
|    clip_fraction        | 0.027        |
|    clip_range           | 0.2          |
|    entropy_loss         | -0.205       |
|    explained_variance   | 1.25e-06     |
|    learning_rate        | 0.0003       |
|    loss                 | 8e+03        |
|    n_updates            | 480          |
|    policy_gradient_loss | -0.00551     |
|    value_loss           | 1.63e+04     |
------------------------------------------
------------------------------------------
| rollout/                |              |
|    ep_len_mean          | 720          |
|    ep_rew_mean          | 5.24e+03     |
| time/                   |              |
|    fps                  | 90           |
|    iterations           | 50           |
|    time_elapsed         | 283          |
|    total_timesteps      | 25600        |
| train/                  |              |
|    approx_kl            | 0.0021128536 |
|    clip_fraction        | 0.023        |
|    clip_range           | 0.2          |
|    entropy_loss         | -0.26        |
|    explained_variance   | -2.38e-07    |
|    learning_rate        | 0.0003       |
|    loss                 | 1.8e+04      |
|    n_updates            | 490          |
|    policy_gradient_loss | -0.00573     |
|    value_loss           | 3.36e+04     |
------------------------------------------
-----------------------------------------
| rollout/                |             |
|    ep_len_mean          | 720         |
|    ep_rew_mean          | 5.2e+03     |
| time/                   |             |
|    fps                  | 90          |
|    iterations           | 51          |
|    time_elapsed         | 289         |
|    total_timesteps      | 26112       |
| train/                  |             |
|    approx_kl            | 0.013606026 |
|    clip_fraction        | 0.0732      |
|    clip_range           | 0.2         |
|    entropy_loss         | -0.352      |
|    explained_variance   | 9.54e-07    |
|    learning_rate        | 0.0003      |
|    loss                 | 8.41e+03    |
|    n_updates            | 500         |
|    policy_gradient_loss | -0.0124     |
|    value_loss           | 1.59e+04    |
-----------------------------------------
------------------------------------------
| rollout/                |              |
|    ep_len_mean          | 720          |
|    ep_rew_mean          | 5.2e+03      |
| time/                   |              |
|    fps                  | 90           |
|    iterations           | 52           |
|    time_elapsed         | 295          |
|    total_timesteps      | 26624        |
| train/                  |              |
|    approx_kl            | 0.0021339948 |
|    clip_fraction        | 0.0178       |
|    clip_range           | 0.2          |
|    entropy_loss         | -0.256       |
|    explained_variance   | 8.34e-07     |
|    learning_rate        | 0.0003       |
|    loss                 | 8.15e+03     |
|    n_updates            | 510          |
|    policy_gradient_loss | -0.00744     |
|    value_loss           | 1.55e+04     |
------------------------------------------
------------------------------------------
| rollout/                |              |
|    ep_len_mean          | 720          |
|    ep_rew_mean          | 5.21e+03     |
| time/                   |              |
|    fps                  | 90           |
|    iterations           | 53           |
|    time_elapsed         | 301          |
|    total_timesteps      | 27136        |
| train/                  |              |
|    approx_kl            | 0.0030521615 |
|    clip_fraction        | 0.017        |
|    clip_range           | 0.2          |
|    entropy_loss         | -0.204       |
|    explained_variance   | -7.15e-07    |
|    learning_rate        | 0.0003       |
|    loss                 | 1.82e+04     |
|    n_updates            | 520          |
|    policy_gradient_loss | -0.00486     |
|    value_loss           | 3.37e+04     |
------------------------------------------
------------------------------------------
| rollout/                |              |
|    ep_len_mean          | 720          |
|    ep_rew_mean          | 5.17e+03     |
| time/                   |              |
|    fps                  | 90           |
|    iterations           | 54           |
|    time_elapsed         | 306          |
|    total_timesteps      | 27648        |
| train/                  |              |
|    approx_kl            | 0.0031550215 |
|    clip_fraction        | 0.0275       |
|    clip_range           | 0.2          |
|    entropy_loss         | -0.241       |
|    explained_variance   | 1.97e-06     |
|    learning_rate        | 0.0003       |
|    loss                 | 6.19e+03     |
|    n_updates            | 530          |
|    policy_gradient_loss | -0.00707     |
|    value_loss           | 1.47e+04     |
------------------------------------------
------------------------------------------
| rollout/                |              |
|    ep_len_mean          | 720          |
|    ep_rew_mean          | 5.15e+03     |
| time/                   |              |
|    fps                  | 90           |
|    iterations           | 55           |
|    time_elapsed         | 312          |
|    total_timesteps      | 28160        |
| train/                  |              |
|    approx_kl            | 0.0024587302 |
|    clip_fraction        | 0.0283       |
|    clip_range           | 0.2          |
|    entropy_loss         | -0.293       |
|    explained_variance   | 1.19e-07     |
|    learning_rate        | 0.0003       |
|    loss                 | 1.04e+04     |
|    n_updates            | 540          |
|    policy_gradient_loss | -0.00808     |
|    value_loss           | 2.24e+04     |
------------------------------------------
------------------------------------------
| rollout/                |              |
|    ep_len_mean          | 720          |
|    ep_rew_mean          | 5.15e+03     |
| time/                   |              |
|    fps                  | 90           |
|    iterations           | 56           |
|    time_elapsed         | 318          |
|    total_timesteps      | 28672        |
| train/                  |              |
|    approx_kl            | 0.0012523223 |
|    clip_fraction        | 0.00937      |
|    clip_range           | 0.2          |
|    entropy_loss         | -0.24        |
|    explained_variance   | 1.01e-06     |
|    learning_rate        | 0.0003       |
|    loss                 | 7.3e+03      |
|    n_updates            | 550          |
|    policy_gradient_loss | -0.00484     |
|    value_loss           | 1.63e+04     |
------------------------------------------
-----------------------------------------
| rollout/                |             |
|    ep_len_mean          | 720         |
|    ep_rew_mean          | 5.12e+03    |
| time/                   |             |
|    fps                  | 90          |
|    iterations           | 57          |
|    time_elapsed         | 323         |
|    total_timesteps      | 29184       |
| train/                  |             |
|    approx_kl            | 0.004342225 |
|    clip_fraction        | 0.0518      |
|    clip_range           | 0.2         |
|    entropy_loss         | -0.24       |
|    explained_variance   | 4.77e-07    |
|    learning_rate        | 0.0003      |
|    loss                 | 1.24e+04    |
|    n_updates            | 560         |
|    policy_gradient_loss | -0.0105     |
|    value_loss           | 2.32e+04    |
-----------------------------------------
-----------------------------------------
| rollout/                |             |
|    ep_len_mean          | 720         |
|    ep_rew_mean          | 5.07e+03    |
| time/                   |             |
|    fps                  | 90          |
|    iterations           | 58          |
|    time_elapsed         | 329         |
|    total_timesteps      | 29696       |
| train/                  |             |
|    approx_kl            | 0.002260954 |
|    clip_fraction        | 0.0166      |
|    clip_range           | 0.2         |
|    entropy_loss         | -0.261      |
|    explained_variance   | 2.38e-07    |
|    learning_rate        | 0.0003      |
|    loss                 | 7.13e+03    |
|    n_updates            | 570         |
|    policy_gradient_loss | -0.00573    |
|    value_loss           | 1.62e+04    |
-----------------------------------------
------------------------------------------
| rollout/                |              |
|    ep_len_mean          | 720          |
|    ep_rew_mean          | 5.07e+03     |
| time/                   |              |
|    fps                  | 89           |
|    iterations           | 59           |
|    time_elapsed         | 335          |
|    total_timesteps      | 30208        |
| train/                  |              |
|    approx_kl            | 0.0060049472 |
|    clip_fraction        | 0.0334       |
|    clip_range           | 0.2          |
|    entropy_loss         | -0.297       |
|    explained_variance   | 1.79e-07     |
|    learning_rate        | 0.0003       |
|    loss                 | 4.41e+03     |
|    n_updates            | 580          |
|    policy_gradient_loss | -0.00815     |
|    value_loss           | 8.65e+03     |
------------------------------------------
------------------------------------------
| rollout/                |              |
|    ep_len_mean          | 720          |
|    ep_rew_mean          | 5.06e+03     |
| time/                   |              |
|    fps                  | 90           |
|    iterations           | 60           |
|    time_elapsed         | 340          |
|    total_timesteps      | 30720        |
| train/                  |              |
|    approx_kl            | 0.0013672849 |
|    clip_fraction        | 0.0201       |
|    clip_range           | 0.2          |
|    entropy_loss         | -0.219       |
|    explained_variance   | 6.56e-07     |
|    learning_rate        | 0.0003       |
|    loss                 | 1.48e+04     |
|    n_updates            | 590          |
|    policy_gradient_loss | -0.0068      |
|    value_loss           | 2.72e+04     |
------------------------------------------
------------------------------------------
| rollout/                |              |
|    ep_len_mean          | 720          |
|    ep_rew_mean          | 4.99e+03     |
| time/                   |              |
|    fps                  | 90           |
|    iterations           | 61           |
|    time_elapsed         | 346          |
|    total_timesteps      | 31232        |
| train/                  |              |
|    approx_kl            | 0.0020776256 |
|    clip_fraction        | 0.0148       |
|    clip_range           | 0.2          |
|    entropy_loss         | -0.24        |
|    explained_variance   | 3.58e-07     |
|    learning_rate        | 0.0003       |
|    loss                 | 7.16e+03     |
|    n_updates            | 600          |
|    policy_gradient_loss | -0.00453     |
|    value_loss           | 1.33e+04     |
------------------------------------------
-----------------------------------------
| rollout/                |             |
|    ep_len_mean          | 720         |
|    ep_rew_mean          | 4.99e+03    |
| time/                   |             |
|    fps                  | 90          |
|    iterations           | 62          |
|    time_elapsed         | 352         |
|    total_timesteps      | 31744       |
| train/                  |             |
|    approx_kl            | 0.005025816 |
|    clip_fraction        | 0.0443      |
|    clip_range           | 0.2         |
|    entropy_loss         | -0.29       |
|    explained_variance   | 6.56e-07    |
|    learning_rate        | 0.0003      |
|    loss                 | 9.5e+03     |
|    n_updates            | 610         |
|    policy_gradient_loss | -0.00808    |
|    value_loss           | 1.72e+04    |
-----------------------------------------
------------------------------------------
| rollout/                |              |
|    ep_len_mean          | 720          |
|    ep_rew_mean          | 4.99e+03     |
| time/                   |              |
|    fps                  | 90           |
|    iterations           | 63           |
|    time_elapsed         | 357          |
|    total_timesteps      | 32256        |
| train/                  |              |
|    approx_kl            | 0.0030340962 |
|    clip_fraction        | 0.0229       |
|    clip_range           | 0.2          |
|    entropy_loss         | -0.258       |
|    explained_variance   | 1.01e-06     |
|    learning_rate        | 0.0003       |
|    loss                 | 1.53e+04     |
|    n_updates            | 620          |
|    policy_gradient_loss | -0.00794     |
|    value_loss           | 3.03e+04     |
------------------------------------------
------------------------------------------
| rollout/                |              |
|    ep_len_mean          | 720          |
|    ep_rew_mean          | 4.93e+03     |
| time/                   |              |
|    fps                  | 90           |
|    iterations           | 64           |
|    time_elapsed         | 363          |
|    total_timesteps      | 32768        |
| train/                  |              |
|    approx_kl            | 0.0068018045 |
|    clip_fraction        | 0.0578       |
|    clip_range           | 0.2          |
|    entropy_loss         | -0.279       |
|    explained_variance   | 5.96e-07     |
|    learning_rate        | 0.0003       |
|    loss                 | 1.07e+04     |
|    n_updates            | 630          |
|    policy_gradient_loss | -0.00966     |
|    value_loss           | 2.14e+04     |
------------------------------------------
------------------------------------------
| rollout/                |              |
|    ep_len_mean          | 720          |
|    ep_rew_mean          | 4.91e+03     |
| time/                   |              |
|    fps                  | 90           |
|    iterations           | 65           |
|    time_elapsed         | 368          |
|    total_timesteps      | 33280        |
| train/                  |              |
|    approx_kl            | 0.0051006665 |
|    clip_fraction        | 0.0369       |
|    clip_range           | 0.2          |
|    entropy_loss         | -0.287       |
|    explained_variance   | 5.96e-08     |
|    learning_rate        | 0.0003       |
|    loss                 | 1.01e+04     |
|    n_updates            | 640          |
|    policy_gradient_loss | -0.0073      |
|    value_loss           | 1.71e+04     |
------------------------------------------
------------------------------------------
| rollout/                |              |
|    ep_len_mean          | 720          |
|    ep_rew_mean          | 4.91e+03     |
| time/                   |              |
|    fps                  | 90           |
|    iterations           | 66           |
|    time_elapsed         | 373          |
|    total_timesteps      | 33792        |
| train/                  |              |
|    approx_kl            | 0.0033440988 |
|    clip_fraction        | 0.0566       |
|    clip_range           | 0.2          |
|    entropy_loss         | -0.409       |
|    explained_variance   | 1.19e-07     |
|    learning_rate        | 0.0003       |
|    loss                 | 6.57e+03     |
|    n_updates            | 650          |
|    policy_gradient_loss | -0.00959     |
|    value_loss           | 1.41e+04     |
------------------------------------------
------------------------------------------
| rollout/                |              |
|    ep_len_mean          | 720          |
|    ep_rew_mean          | 4.88e+03     |
| time/                   |              |
|    fps                  | 90           |
|    iterations           | 67           |
|    time_elapsed         | 378          |
|    total_timesteps      | 34304        |
| train/                  |              |
|    approx_kl            | 0.0018678132 |
|    clip_fraction        | 0.00684      |
|    clip_range           | 0.2          |
|    entropy_loss         | -0.226       |
|    explained_variance   | 3.58e-07     |
|    learning_rate        | 0.0003       |
|    loss                 | 1.22e+04     |
|    n_updates            | 660          |
|    policy_gradient_loss | -0.00324     |
|    value_loss           | 2.27e+04     |
------------------------------------------
-----------------------------------------
| rollout/                |             |
|    ep_len_mean          | 720         |
|    ep_rew_mean          | 4.84e+03    |
| time/                   |             |
|    fps                  | 90          |
|    iterations           | 68          |
|    time_elapsed         | 384         |
|    total_timesteps      | 34816       |
| train/                  |             |
|    approx_kl            | 0.008987116 |
|    clip_fraction        | 0.0574      |
|    clip_range           | 0.2         |
|    entropy_loss         | -0.408      |
|    explained_variance   | 4.77e-07    |
|    learning_rate        | 0.0003      |
|    loss                 | 5.83e+03    |
|    n_updates            | 670         |
|    policy_gradient_loss | -0.014      |
|    value_loss           | 1.51e+04    |
-----------------------------------------
------------------------------------------
| rollout/                |              |
|    ep_len_mean          | 720          |
|    ep_rew_mean          | 4.81e+03     |
| time/                   |              |
|    fps                  | 90           |
|    iterations           | 69           |
|    time_elapsed         | 389          |
|    total_timesteps      | 35328        |
| train/                  |              |
|    approx_kl            | 0.0046901526 |
|    clip_fraction        | 0.0297       |
|    clip_range           | 0.2          |
|    entropy_loss         | -0.391       |
|    explained_variance   | 6.56e-07     |
|    learning_rate        | 0.0003       |
|    loss                 | 6.1e+03      |
|    n_updates            | 680          |
|    policy_gradient_loss | -0.00843     |
|    value_loss           | 1.38e+04     |
------------------------------------------
-----------------------------------------
| rollout/                |             |
|    ep_len_mean          | 720         |
|    ep_rew_mean          | 4.81e+03    |
| time/                   |             |
|    fps                  | 90          |
|    iterations           | 70          |
|    time_elapsed         | 395         |
|    total_timesteps      | 35840       |
| train/                  |             |
|    approx_kl            | 0.018238071 |
|    clip_fraction        | 0.0645      |
|    clip_range           | 0.2         |
|    entropy_loss         | -0.312      |
|    explained_variance   | 5.36e-07    |
|    learning_rate        | 0.0003      |
|    loss                 | 1.03e+04    |
|    n_updates            | 690         |
|    policy_gradient_loss | -0.0173     |
|    value_loss           | 2.06e+04    |
-----------------------------------------
-----------------------------------------
| rollout/                |             |
|    ep_len_mean          | 720         |
|    ep_rew_mean          | 4.75e+03    |
| time/                   |             |
|    fps                  | 90          |
|    iterations           | 71          |
|    time_elapsed         | 401         |
|    total_timesteps      | 36352       |
| train/                  |             |
|    approx_kl            | 0.002883554 |
|    clip_fraction        | 0.0287      |
|    clip_range           | 0.2         |
|    entropy_loss         | -0.326      |
|    explained_variance   | 2.98e-07    |
|    learning_rate        | 0.0003      |
|    loss                 | 3.3e+03     |
|    n_updates            | 700         |
|    policy_gradient_loss | -0.00834    |
|    value_loss           | 9.52e+03    |
-----------------------------------------
-----------------------------------------
| rollout/                |             |
|    ep_len_mean          | 720         |
|    ep_rew_mean          | 4.74e+03    |
| time/                   |             |
|    fps                  | 90          |
|    iterations           | 72          |
|    time_elapsed         | 407         |
|    total_timesteps      | 36864       |
| train/                  |             |
|    approx_kl            | 0.004669985 |
|    clip_fraction        | 0.0305      |
|    clip_range           | 0.2         |
|    entropy_loss         | -0.367      |
|    explained_variance   | -1.19e-07   |
|    learning_rate        | 0.0003      |
|    loss                 | 3.57e+03    |
|    n_updates            | 710         |
|    policy_gradient_loss | -0.00681    |
|    value_loss           | 9.06e+03    |
-----------------------------------------
------------------------------------------
| rollout/                |              |
|    ep_len_mean          | 720          |
|    ep_rew_mean          | 4.74e+03     |
| time/                   |              |
|    fps                  | 90           |
|    iterations           | 73           |
|    time_elapsed         | 412          |
|    total_timesteps      | 37376        |
| train/                  |              |
|    approx_kl            | 0.0013411518 |
|    clip_fraction        | 0.00488      |
|    clip_range           | 0.2          |
|    entropy_loss         | -0.291       |
|    explained_variance   | 4.77e-07     |
|    learning_rate        | 0.0003       |
|    loss                 | 1.41e+04     |
|    n_updates            | 720          |
|    policy_gradient_loss | -0.00313     |
|    value_loss           | 2.7e+04      |
------------------------------------------
------------------------------------------
| rollout/                |              |
|    ep_len_mean          | 720          |
|    ep_rew_mean          | 4.73e+03     |
| time/                   |              |
|    fps                  | 90           |
|    iterations           | 74           |
|    time_elapsed         | 419          |
|    total_timesteps      | 37888        |
| train/                  |              |
|    approx_kl            | 0.0031618127 |
|    clip_fraction        | 0.0334       |
|    clip_range           | 0.2          |
|    entropy_loss         | -0.276       |
|    explained_variance   | -2.38e-07    |
|    learning_rate        | 0.0003       |
|    loss                 | 1.19e+04     |
|    n_updates            | 730          |
|    policy_gradient_loss | -0.00671     |
|    value_loss           | 2.41e+04     |
------------------------------------------
------------------------------------------
| rollout/                |              |
|    ep_len_mean          | 720          |
|    ep_rew_mean          | 4.69e+03     |
| time/                   |              |
|    fps                  | 90           |
|    iterations           | 75           |
|    time_elapsed         | 425          |
|    total_timesteps      | 38400        |
| train/                  |              |
|    approx_kl            | 0.0031051403 |
|    clip_fraction        | 0.0168       |
|    clip_range           | 0.2          |
|    entropy_loss         | -0.332       |
|    explained_variance   | 4.17e-07     |
|    learning_rate        | 0.0003       |
|    loss                 | 1.07e+04     |
|    n_updates            | 740          |
|    policy_gradient_loss | -0.00432     |
|    value_loss           | 1.99e+04     |
------------------------------------------
------------------------------------------
| rollout/                |              |
|    ep_len_mean          | 720          |
|    ep_rew_mean          | 4.67e+03     |
| time/                   |              |
|    fps                  | 90           |
|    iterations           | 76           |
|    time_elapsed         | 431          |
|    total_timesteps      | 38912        |
| train/                  |              |
|    approx_kl            | 0.0048123877 |
|    clip_fraction        | 0.0396       |
|    clip_range           | 0.2          |
|    entropy_loss         | -0.336       |
|    explained_variance   | 1.79e-07     |
|    learning_rate        | 0.0003       |
|    loss                 | 6.39e+03     |
|    n_updates            | 750          |
|    policy_gradient_loss | -0.00912     |
|    value_loss           | 1.37e+04     |
------------------------------------------
----------------------------------------
| rollout/                |            |
|    ep_len_mean          | 720        |
|    ep_rew_mean          | 4.67e+03   |
| time/                   |            |
|    fps                  | 90         |
|    iterations           | 77         |
|    time_elapsed         | 437        |
|    total_timesteps      | 39424      |
| train/                  |            |
|    approx_kl            | 0.00431011 |
|    clip_fraction        | 0.0287     |
|    clip_range           | 0.2        |
|    entropy_loss         | -0.248     |
|    explained_variance   | 6.56e-07   |
|    learning_rate        | 0.0003     |
|    loss                 | 9.98e+03   |
|    n_updates            | 760        |
|    policy_gradient_loss | -0.00652   |
|    value_loss           | 1.84e+04   |
----------------------------------------
------------------------------------------
| rollout/                |              |
|    ep_len_mean          | 720          |
|    ep_rew_mean          | 4.63e+03     |
| time/                   |              |
|    fps                  | 90           |
|    iterations           | 78           |
|    time_elapsed         | 442          |
|    total_timesteps      | 39936        |
| train/                  |              |
|    approx_kl            | 0.0026654294 |
|    clip_fraction        | 0.0324       |
|    clip_range           | 0.2          |
|    entropy_loss         | -0.253       |
|    explained_variance   | 0            |
|    learning_rate        | 0.0003       |
|    loss                 | 5.22e+03     |
|    n_updates            | 770          |
|    policy_gradient_loss | -0.00797     |
|    value_loss           | 1.41e+04     |
------------------------------------------
------------------------------------------
| rollout/                |              |
|    ep_len_mean          | 720          |
|    ep_rew_mean          | 4.61e+03     |
| time/                   |              |
|    fps                  | 90           |
|    iterations           | 79           |
|    time_elapsed         | 448          |
|    total_timesteps      | 40448        |
| train/                  |              |
|    approx_kl            | 0.0038695694 |
|    clip_fraction        | 0.0359       |
|    clip_range           | 0.2          |
|    entropy_loss         | -0.296       |
|    explained_variance   | 0            |
|    learning_rate        | 0.0003       |
|    loss                 | 5.81e+03     |
|    n_updates            | 780          |
|    policy_gradient_loss | -0.0105      |
|    value_loss           | 1.05e+04     |
------------------------------------------
------------------------------------------
| rollout/                |              |
|    ep_len_mean          | 720          |
|    ep_rew_mean          | 4.61e+03     |
| time/                   |              |
|    fps                  | 90           |
|    iterations           | 80           |
|    time_elapsed         | 454          |
|    total_timesteps      | 40960        |
| train/                  |              |
|    approx_kl            | 0.0054686046 |
|    clip_fraction        | 0.0266       |
|    clip_range           | 0.2          |
|    entropy_loss         | -0.344       |
|    explained_variance   | 2.38e-07     |
|    learning_rate        | 0.0003       |
|    loss                 | 6.35e+03     |
|    n_updates            | 790          |
|    policy_gradient_loss | -0.00687     |
|    value_loss           | 1.34e+04     |
------------------------------------------
-----------------------------------------
| rollout/                |             |
|    ep_len_mean          | 720         |
|    ep_rew_mean          | 4.58e+03    |
| time/                   |             |
|    fps                  | 90          |
|    iterations           | 81          |
|    time_elapsed         | 459         |
|    total_timesteps      | 41472       |
| train/                  |             |
|    approx_kl            | 0.005642187 |
|    clip_fraction        | 0.0807      |
|    clip_range           | 0.2         |
|    entropy_loss         | -0.284      |
|    explained_variance   | 1.19e-07    |
|    learning_rate        | 0.0003      |
|    loss                 | 9.41e+03    |
|    n_updates            | 800         |
|    policy_gradient_loss | -0.00911    |
|    value_loss           | 1.78e+04    |
-----------------------------------------
-----------------------------------------
| rollout/                |             |
|    ep_len_mean          | 720         |
|    ep_rew_mean          | 4.56e+03    |
| time/                   |             |
|    fps                  | 90          |
|    iterations           | 82          |
|    time_elapsed         | 466         |
|    total_timesteps      | 41984       |
| train/                  |             |
|    approx_kl            | 0.004290751 |
|    clip_fraction        | 0.0506      |
|    clip_range           | 0.2         |
|    entropy_loss         | -0.361      |
|    explained_variance   | 2.98e-07    |
|    learning_rate        | 0.0003      |
|    loss                 | 1.04e+04    |
|    n_updates            | 810         |
|    policy_gradient_loss | -0.0133     |
|    value_loss           | 1.88e+04    |
-----------------------------------------
----------------------------------------
| rollout/                |            |
|    ep_len_mean          | 720        |
|    ep_rew_mean          | 4.52e+03   |
| time/                   |            |
|    fps                  | 90         |
|    iterations           | 83         |
|    time_elapsed         | 471        |
|    total_timesteps      | 42496      |
| train/                  |            |
|    approx_kl            | 0.03929764 |
|    clip_fraction        | 0.0848     |
|    clip_range           | 0.2        |
|    entropy_loss         | -0.378     |
|    explained_variance   | 5.96e-08   |
|    learning_rate        | 0.0003     |
|    loss                 | 2.86e+03   |
|    n_updates            | 820        |
|    policy_gradient_loss | -0.0136    |
|    value_loss           | 7.4e+03    |
----------------------------------------
------------------------------------------
| rollout/                |              |
|    ep_len_mean          | 720          |
|    ep_rew_mean          | 4.52e+03     |
| time/                   |              |
|    fps                  | 90           |
|    iterations           | 84           |
|    time_elapsed         | 477          |
|    total_timesteps      | 43008        |
| train/                  |              |
|    approx_kl            | 0.0017885156 |
|    clip_fraction        | 0.0197       |
|    clip_range           | 0.2          |
|    entropy_loss         | -0.225       |
|    explained_variance   | 0            |
|    learning_rate        | 0.0003       |
|    loss                 | 6.01e+03     |
|    n_updates            | 830          |
|    policy_gradient_loss | -0.00347     |
|    value_loss           | 1.31e+04     |
------------------------------------------
-----------------------------------------
| rollout/                |             |
|    ep_len_mean          | 720         |
|    ep_rew_mean          | 4.48e+03    |
| time/                   |             |
|    fps                  | 90          |
|    iterations           | 85          |
|    time_elapsed         | 483         |
|    total_timesteps      | 43520       |
| train/                  |             |
|    approx_kl            | 0.013254883 |
|    clip_fraction        | 0.122       |
|    clip_range           | 0.2         |
|    entropy_loss         | -0.5        |
|    explained_variance   | 4.17e-07    |
|    learning_rate        | 0.0003      |
|    loss                 | 6.77e+03    |
|    n_updates            | 840         |
|    policy_gradient_loss | -0.0126     |
|    value_loss           | 1.39e+04    |
-----------------------------------------
-----------------------------------------
| rollout/                |             |
|    ep_len_mean          | 720         |
|    ep_rew_mean          | 4.45e+03    |
| time/                   |             |
|    fps                  | 90          |
|    iterations           | 86          |
|    time_elapsed         | 488         |
|    total_timesteps      | 44032       |
| train/                  |             |
|    approx_kl            | 0.011705292 |
|    clip_fraction        | 0.149       |
|    clip_range           | 0.2         |
|    entropy_loss         | -0.534      |
|    explained_variance   | 4.77e-07    |
|    learning_rate        | 0.0003      |
|    loss                 | 8.04e+03    |
|    n_updates            | 850         |
|    policy_gradient_loss | -0.0191     |
|    value_loss           | 1.17e+04    |
-----------------------------------------
------------------------------------------
| rollout/                |              |
|    ep_len_mean          | 720          |
|    ep_rew_mean          | 4.45e+03     |
| time/                   |              |
|    fps                  | 89           |
|    iterations           | 87           |
|    time_elapsed         | 495          |
|    total_timesteps      | 44544        |
| train/                  |              |
|    approx_kl            | 0.0075335708 |
|    clip_fraction        | 0.0521       |
|    clip_range           | 0.2          |
|    entropy_loss         | -0.404       |
|    explained_variance   | 4.17e-07     |
|    learning_rate        | 0.0003       |
|    loss                 | 7.55e+03     |
|    n_updates            | 860          |
|    policy_gradient_loss | -0.0111      |
|    value_loss           | 1.4e+04      |
------------------------------------------
------------------------------------------
| rollout/                |              |
|    ep_len_mean          | 720          |
|    ep_rew_mean          | 4.43e+03     |
| time/                   |              |
|    fps                  | 90           |
|    iterations           | 88           |
|    time_elapsed         | 500          |
|    total_timesteps      | 45056        |
| train/                  |              |
|    approx_kl            | 0.0016954282 |
|    clip_fraction        | 0.00742      |
|    clip_range           | 0.2          |
|    entropy_loss         | -0.329       |
|    explained_variance   | 2.98e-07     |
|    learning_rate        | 0.0003       |
|    loss                 | 1.13e+04     |
|    n_updates            | 870          |
|    policy_gradient_loss | -0.00625     |
|    value_loss           | 1.98e+04     |
------------------------------------------
------------------------------------------
| rollout/                |              |
|    ep_len_mean          | 720          |
|    ep_rew_mean          | 4.4e+03      |
| time/                   |              |
|    fps                  | 90           |
|    iterations           | 89           |
|    time_elapsed         | 506          |
|    total_timesteps      | 45568        |
| train/                  |              |
|    approx_kl            | 0.0070429174 |
|    clip_fraction        | 0.0262       |
|    clip_range           | 0.2          |
|    entropy_loss         | -0.241       |
|    explained_variance   | 1.19e-07     |
|    learning_rate        | 0.0003       |
|    loss                 | 5.35e+03     |
|    n_updates            | 880          |
|    policy_gradient_loss | -0.00747     |
|    value_loss           | 1.22e+04     |
------------------------------------------
-----------------------------------------
| rollout/                |             |
|    ep_len_mean          | 720         |
|    ep_rew_mean          | 4.39e+03    |
| time/                   |             |
|    fps                  | 89          |
|    iterations           | 90          |
|    time_elapsed         | 512         |
|    total_timesteps      | 46080       |
| train/                  |             |
|    approx_kl            | 0.008461584 |
|    clip_fraction        | 0.12        |
|    clip_range           | 0.2         |
|    entropy_loss         | -0.438      |
|    explained_variance   | 2.38e-07    |
|    learning_rate        | 0.0003      |
|    loss                 | 4.84e+03    |
|    n_updates            | 890         |
|    policy_gradient_loss | -0.013      |
|    value_loss           | 1.15e+04    |
-----------------------------------------
-------------------------------------------
| rollout/                |               |
|    ep_len_mean          | 720           |
|    ep_rew_mean          | 4.39e+03      |
| time/                   |               |
|    fps                  | 90            |
|    iterations           | 91            |
|    time_elapsed         | 517           |
|    total_timesteps      | 46592         |
| train/                  |               |
|    approx_kl            | 0.00056561007 |
|    clip_fraction        | 0.00293       |
|    clip_range           | 0.2           |
|    entropy_loss         | -0.224        |
|    explained_variance   | 3.58e-07      |
|    learning_rate        | 0.0003        |
|    loss                 | 1.25e+04      |
|    n_updates            | 900           |
|    policy_gradient_loss | -0.00205      |
|    value_loss           | 2.28e+04      |
-------------------------------------------
-----------------------------------------
| rollout/                |             |
|    ep_len_mean          | 720         |
|    ep_rew_mean          | 4.37e+03    |
| time/                   |             |
|    fps                  | 89          |
|    iterations           | 92          |
|    time_elapsed         | 523         |
|    total_timesteps      | 47104       |
| train/                  |             |
|    approx_kl            | 0.001243681 |
|    clip_fraction        | 0.0152      |
|    clip_range           | 0.2         |
|    entropy_loss         | -0.366      |
|    explained_variance   | 2.98e-07    |
|    learning_rate        | 0.0003      |
|    loss                 | 6.7e+03     |
|    n_updates            | 910         |
|    policy_gradient_loss | -0.00528    |
|    value_loss           | 1.22e+04    |
-----------------------------------------
------------------------------------------
| rollout/                |              |
|    ep_len_mean          | 720          |
|    ep_rew_mean          | 4.35e+03     |
| time/                   |              |
|    fps                  | 90           |
|    iterations           | 93           |
|    time_elapsed         | 528          |
|    total_timesteps      | 47616        |
| train/                  |              |
|    approx_kl            | 0.0023091007 |
|    clip_fraction        | 0.0129       |
|    clip_range           | 0.2          |
|    entropy_loss         | -0.439       |
|    explained_variance   | 1.79e-07     |
|    learning_rate        | 0.0003       |
|    loss                 | 6.11e+03     |
|    n_updates            | 920          |
|    policy_gradient_loss | -0.00577     |
|    value_loss           | 1.48e+04     |
------------------------------------------
------------------------------------------
| rollout/                |              |
|    ep_len_mean          | 720          |
|    ep_rew_mean          | 4.35e+03     |
| time/                   |              |
|    fps                  | 90           |
|    iterations           | 94           |
|    time_elapsed         | 534          |
|    total_timesteps      | 48128        |
| train/                  |              |
|    approx_kl            | 0.0031604539 |
|    clip_fraction        | 0.016        |
|    clip_range           | 0.2          |
|    entropy_loss         | -0.277       |
|    explained_variance   | 1.79e-07     |
|    learning_rate        | 0.0003       |
|    loss                 | 8.85e+03     |
|    n_updates            | 930          |
|    policy_gradient_loss | -0.00606     |
|    value_loss           | 1.85e+04     |
------------------------------------------
------------------------------------------
| rollout/                |              |
|    ep_len_mean          | 720          |
|    ep_rew_mean          | 4.34e+03     |
| time/                   |              |
|    fps                  | 90           |
|    iterations           | 95           |
|    time_elapsed         | 540          |
|    total_timesteps      | 48640        |
| train/                  |              |
|    approx_kl            | 0.0029757833 |
|    clip_fraction        | 0.0195       |
|    clip_range           | 0.2          |
|    entropy_loss         | -0.294       |
|    explained_variance   | 5.96e-08     |
|    learning_rate        | 0.0003       |
|    loss                 | 1.46e+04     |
|    n_updates            | 940          |
|    policy_gradient_loss | -0.00499     |
|    value_loss           | 2.96e+04     |
------------------------------------------
-----------------------------------------
| rollout/                |             |
|    ep_len_mean          | 720         |
|    ep_rew_mean          | 4.33e+03    |
| time/                   |             |
|    fps                  | 90          |
|    iterations           | 96          |
|    time_elapsed         | 545         |
|    total_timesteps      | 49152       |
| train/                  |             |
|    approx_kl            | 0.006662406 |
|    clip_fraction        | 0.0918      |
|    clip_range           | 0.2         |
|    entropy_loss         | -0.429      |
|    explained_variance   | 1.79e-07    |
|    learning_rate        | 0.0003      |
|    loss                 | 8.39e+03    |
|    n_updates            | 950         |
|    policy_gradient_loss | -0.0103     |
|    value_loss           | 1.49e+04    |
-----------------------------------------
------------------------------------------
| rollout/                |              |
|    ep_len_mean          | 720          |
|    ep_rew_mean          | 4.33e+03     |
| time/                   |              |
|    fps                  | 90           |
|    iterations           | 97           |
|    time_elapsed         | 551          |
|    total_timesteps      | 49664        |
| train/                  |              |
|    approx_kl            | 0.0031662933 |
|    clip_fraction        | 0.0221       |
|    clip_range           | 0.2          |
|    entropy_loss         | -0.386       |
|    explained_variance   | 1.19e-07     |
|    learning_rate        | 0.0003       |
|    loss                 | 3.38e+03     |
|    n_updates            | 960          |
|    policy_gradient_loss | -0.00653     |
|    value_loss           | 8.8e+03      |
------------------------------------------
-----------------------------------------
| rollout/                |             |
|    ep_len_mean          | 720         |
|    ep_rew_mean          | 4.31e+03    |
| time/                   |             |
|    fps                  | 90          |
|    iterations           | 98          |
|    time_elapsed         | 557         |
|    total_timesteps      | 50176       |
| train/                  |             |
|    approx_kl            | 0.002301943 |
|    clip_fraction        | 0.00488     |
|    clip_range           | 0.2         |
|    entropy_loss         | -0.204      |
|    explained_variance   | 3.58e-07    |
|    learning_rate        | 0.0003      |
|    loss                 | 9.9e+03     |
|    n_updates            | 970         |
|    policy_gradient_loss | -0.00603    |
|    value_loss           | 1.9e+04     |
-----------------------------------------
----------------------------------------
| rollout/                |            |
|    ep_len_mean          | 720        |
|    ep_rew_mean          | 4.29e+03   |
| time/                   |            |
|    fps                  | 90         |
|    iterations           | 99         |
|    time_elapsed         | 562        |
|    total_timesteps      | 50688      |
| train/                  |            |
|    approx_kl            | 0.02580169 |
|    clip_fraction        | 0.133      |
|    clip_range           | 0.2        |
|    entropy_loss         | -0.542     |
|    explained_variance   | 0          |
|    learning_rate        | 0.0003     |
|    loss                 | 5.29e+03   |
|    n_updates            | 980        |
|    policy_gradient_loss | -0.00252   |
|    value_loss           | 1.15e+04   |
----------------------------------------
-----------------------------------------
| rollout/                |             |
|    ep_len_mean          | 720         |
|    ep_rew_mean          | 4.31e+03    |
| time/                   |             |
|    fps                  | 90          |
|    iterations           | 100         |
|    time_elapsed         | 568         |
|    total_timesteps      | 51200       |
| train/                  |             |
|    approx_kl            | 0.021122178 |
|    clip_fraction        | 0.107       |
|    clip_range           | 0.2         |
|    entropy_loss         | -0.279      |
|    explained_variance   | 2.38e-07    |
|    learning_rate        | 0.0003      |
|    loss                 | 1e+04       |
|    n_updates            | 990         |
|    policy_gradient_loss | 0.0164      |
|    value_loss           | 2.05e+04    |
-----------------------------------------
------------------------------------------
| rollout/                |              |
|    ep_len_mean          | 720          |
|    ep_rew_mean          | 4.31e+03     |
| time/                   |              |
|    fps                  | 90           |
|    iterations           | 101          |
|    time_elapsed         | 573          |
|    total_timesteps      | 51712        |
| train/                  |              |
|    approx_kl            | 0.0010340064 |
|    clip_fraction        | 0.00195      |
|    clip_range           | 0.2          |
|    entropy_loss         | -0.299       |
|    explained_variance   | 1.19e-07     |
|    learning_rate        | 0.0003       |
|    loss                 | 1.62e+04     |
|    n_updates            | 1000         |
|    policy_gradient_loss | -0.00385     |
|    value_loss           | 3.27e+04     |
------------------------------------------
-------------------------------------------
| rollout/                |               |
|    ep_len_mean          | 720           |
|    ep_rew_mean          | 4.29e+03      |
| time/                   |               |
|    fps                  | 90            |
|    iterations           | 102           |
|    time_elapsed         | 579           |
|    total_timesteps      | 52224         |
| train/                  |               |
|    approx_kl            | 0.00091814983 |
|    clip_fraction        | 0.00879       |
|    clip_range           | 0.2           |
|    entropy_loss         | -0.263        |
|    explained_variance   | 5.96e-08      |
|    learning_rate        | 0.0003        |
|    loss                 | 1.28e+04      |
|    n_updates            | 1010          |
|    policy_gradient_loss | -0.0027       |
|    value_loss           | 2.47e+04      |
-------------------------------------------
------------------------------------------
| rollout/                |              |
|    ep_len_mean          | 720          |
|    ep_rew_mean          | 4.29e+03     |
| time/                   |              |
|    fps                  | 90           |
|    iterations           | 103          |
|    time_elapsed         | 585          |
|    total_timesteps      | 52736        |
| train/                  |              |
|    approx_kl            | 0.0030654413 |
|    clip_fraction        | 0.0221       |
|    clip_range           | 0.2          |
|    entropy_loss         | -0.339       |
|    explained_variance   | 0            |
|    learning_rate        | 0.0003       |
|    loss                 | 6.87e+03     |
|    n_updates            | 1020         |
|    policy_gradient_loss | -0.00679     |
|    value_loss           | 1.34e+04     |
------------------------------------------
------------------------------------------
| rollout/                |              |
|    ep_len_mean          | 720          |
|    ep_rew_mean          | 4.29e+03     |
| time/                   |              |
|    fps                  | 89           |
|    iterations           | 104          |
|    time_elapsed         | 591          |
|    total_timesteps      | 53248        |
| train/                  |              |
|    approx_kl            | 0.0056548477 |
|    clip_fraction        | 0.0285       |
|    clip_range           | 0.2          |
|    entropy_loss         | -0.414       |
|    explained_variance   | 2.38e-07     |
|    learning_rate        | 0.0003       |
|    loss                 | 1.03e+04     |
|    n_updates            | 1030         |
|    policy_gradient_loss | -0.0116      |
|    value_loss           | 2.1e+04      |
------------------------------------------
------------------------------------------
| rollout/                |              |
|    ep_len_mean          | 720          |
|    ep_rew_mean          | 4.26e+03     |
| time/                   |              |
|    fps                  | 90           |
|    iterations           | 105          |
|    time_elapsed         | 596          |
|    total_timesteps      | 53760        |
| train/                  |              |
|    approx_kl            | 0.0022854274 |
|    clip_fraction        | 0.0158       |
|    clip_range           | 0.2          |
|    entropy_loss         | -0.188       |
|    explained_variance   | 0            |
|    learning_rate        | 0.0003       |
|    loss                 | 8.01e+03     |
|    n_updates            | 1040         |
|    policy_gradient_loss | -0.00582     |
|    value_loss           | 1.64e+04     |
------------------------------------------
----------------------------------------
| rollout/                |            |
|    ep_len_mean          | 720        |
|    ep_rew_mean          | 4.25e+03   |
| time/                   |            |
|    fps                  | 90         |
|    iterations           | 106        |
|    time_elapsed         | 602        |
|    total_timesteps      | 54272      |
| train/                  |            |
|    approx_kl            | 0.00529755 |
|    clip_fraction        | 0.0334     |
|    clip_range           | 0.2        |
|    entropy_loss         | -0.385     |
|    explained_variance   | 1.19e-07   |
|    learning_rate        | 0.0003     |
|    loss                 | 7.12e+03   |
|    n_updates            | 1050       |
|    policy_gradient_loss | -0.00793   |
|    value_loss           | 1.38e+04   |
----------------------------------------
-----------------------------------------
| rollout/                |             |
|    ep_len_mean          | 720         |
|    ep_rew_mean          | 4.24e+03    |
| time/                   |             |
|    fps                  | 90          |
|    iterations           | 107         |
|    time_elapsed         | 608         |
|    total_timesteps      | 54784       |
| train/                  |             |
|    approx_kl            | 0.002506534 |
|    clip_fraction        | 0.00918     |
|    clip_range           | 0.2         |
|    entropy_loss         | -0.412      |
|    explained_variance   | 1.79e-07    |
|    learning_rate        | 0.0003      |
|    loss                 | 7.16e+03    |
|    n_updates            | 1060        |
|    policy_gradient_loss | -0.00417    |
|    value_loss           | 1.61e+04    |
-----------------------------------------
------------------------------------------
| rollout/                |              |
|    ep_len_mean          | 720          |
|    ep_rew_mean          | 4.24e+03     |
| time/                   |              |
|    fps                  | 90           |
|    iterations           | 108          |
|    time_elapsed         | 613          |
|    total_timesteps      | 55296        |
| train/                  |              |
|    approx_kl            | 0.0012160551 |
|    clip_fraction        | 0.00879      |
|    clip_range           | 0.2          |
|    entropy_loss         | -0.277       |
|    explained_variance   | 2.38e-07     |
|    learning_rate        | 0.0003       |
|    loss                 | 1.24e+04     |
|    n_updates            | 1070         |
|    policy_gradient_loss | -0.00426     |
|    value_loss           | 2.17e+04     |
------------------------------------------
------------------------------------------
| rollout/                |              |
|    ep_len_mean          | 720          |
|    ep_rew_mean          | 4.24e+03     |
| time/                   |              |
|    fps                  | 90           |
|    iterations           | 109          |
|    time_elapsed         | 619          |
|    total_timesteps      | 55808        |
| train/                  |              |
|    approx_kl            | 0.0034828344 |
|    clip_fraction        | 0.0191       |
|    clip_range           | 0.2          |
|    entropy_loss         | -0.268       |
|    explained_variance   | 0            |
|    learning_rate        | 0.0003       |
|    loss                 | 9.98e+03     |
|    n_updates            | 1080         |
|    policy_gradient_loss | -0.00757     |
|    value_loss           | 2.34e+04     |
------------------------------------------
-----------------------------------------
| rollout/                |             |
|    ep_len_mean          | 720         |
|    ep_rew_mean          | 4.23e+03    |
| time/                   |             |
|    fps                  | 90          |
|    iterations           | 110         |
|    time_elapsed         | 625         |
|    total_timesteps      | 56320       |
| train/                  |             |
|    approx_kl            | 0.006411235 |
|    clip_fraction        | 0.0428      |
|    clip_range           | 0.2         |
|    entropy_loss         | -0.354      |
|    explained_variance   | 0           |
|    learning_rate        | 0.0003      |
|    loss                 | 8.55e+03    |
|    n_updates            | 1090        |
|    policy_gradient_loss | -0.00768    |
|    value_loss           | 1.78e+04    |
-----------------------------------------
-----------------------------------------
| rollout/                |             |
|    ep_len_mean          | 720         |
|    ep_rew_mean          | 4.23e+03    |
| time/                   |             |
|    fps                  | 90          |
|    iterations           | 111         |
|    time_elapsed         | 631         |
|    total_timesteps      | 56832       |
| train/                  |             |
|    approx_kl            | 0.011824021 |
|    clip_fraction        | 0.068       |
|    clip_range           | 0.2         |
|    entropy_loss         | -0.421      |
|    explained_variance   | 1.19e-07    |
|    learning_rate        | 0.0003      |
|    loss                 | 6.62e+03    |
|    n_updates            | 1100        |
|    policy_gradient_loss | -0.0118     |
|    value_loss           | 1.32e+04    |
-----------------------------------------
-------------------------------------------
| rollout/                |               |
|    ep_len_mean          | 720           |
|    ep_rew_mean          | 4.22e+03      |
| time/                   |               |
|    fps                  | 89            |
|    iterations           | 112           |
|    time_elapsed         | 637           |
|    total_timesteps      | 57344         |
| train/                  |               |
|    approx_kl            | 0.00076656137 |
|    clip_fraction        | 0.00234       |
|    clip_range           | 0.2           |
|    entropy_loss         | -0.274        |
|    explained_variance   | 0             |
|    learning_rate        | 0.0003        |
|    loss                 | 7.99e+03      |
|    n_updates            | 1110          |
|    policy_gradient_loss | -0.00309      |
|    value_loss           | 2e+04         |
-------------------------------------------
-----------------------------------------
| rollout/                |             |
|    ep_len_mean          | 720         |
|    ep_rew_mean          | 4.21e+03    |
| time/                   |             |
|    fps                  | 90          |
|    iterations           | 113         |
|    time_elapsed         | 642         |
|    total_timesteps      | 57856       |
| train/                  |             |
|    approx_kl            | 0.004705939 |
|    clip_fraction        | 0.0342      |
|    clip_range           | 0.2         |
|    entropy_loss         | -0.455      |
|    explained_variance   | 1.19e-07    |
|    learning_rate        | 0.0003      |
|    loss                 | 8.71e+03    |
|    n_updates            | 1120        |
|    policy_gradient_loss | -0.00569    |
|    value_loss           | 1.66e+04    |
-----------------------------------------
-----------------------------------------
| rollout/                |             |
|    ep_len_mean          | 720         |
|    ep_rew_mean          | 4.2e+03     |
| time/                   |             |
|    fps                  | 89          |
|    iterations           | 114         |
|    time_elapsed         | 649         |
|    total_timesteps      | 58368       |
| train/                  |             |
|    approx_kl            | 0.008923769 |
|    clip_fraction        | 0.0758      |
|    clip_range           | 0.2         |
|    entropy_loss         | -0.47       |
|    explained_variance   | 1.19e-07    |
|    learning_rate        | 0.0003      |
|    loss                 | 6.87e+03    |
|    n_updates            | 1130        |
|    policy_gradient_loss | -0.0115     |
|    value_loss           | 1.26e+04    |
-----------------------------------------
------------------------------------------
| rollout/                |              |
|    ep_len_mean          | 720          |
|    ep_rew_mean          | 4.2e+03      |
| time/                   |              |
|    fps                  | 89           |
|    iterations           | 115          |
|    time_elapsed         | 654          |
|    total_timesteps      | 58880        |
| train/                  |              |
|    approx_kl            | 0.0056651374 |
|    clip_fraction        | 0.0676       |
|    clip_range           | 0.2          |
|    entropy_loss         | -0.332       |
|    explained_variance   | 5.96e-08     |
|    learning_rate        | 0.0003       |
|    loss                 | 6.99e+03     |
|    n_updates            | 1140         |
|    policy_gradient_loss | -0.0149      |
|    value_loss           | 1.72e+04     |
------------------------------------------
-----------------------------------------
| rollout/                |             |
|    ep_len_mean          | 720         |
|    ep_rew_mean          | 4.16e+03    |
| time/                   |             |
|    fps                  | 89          |
|    iterations           | 116         |
|    time_elapsed         | 660         |
|    total_timesteps      | 59392       |
| train/                  |             |
|    approx_kl            | 0.012889334 |
|    clip_fraction        | 0.136       |
|    clip_range           | 0.2         |
|    entropy_loss         | -0.436      |
|    explained_variance   | 1.79e-07    |
|    learning_rate        | 0.0003      |
|    loss                 | 5.39e+03    |
|    n_updates            | 1150        |
|    policy_gradient_loss | -0.00762    |
|    value_loss           | 1.22e+04    |
-----------------------------------------
------------------------------------------
| rollout/                |              |
|    ep_len_mean          | 720          |
|    ep_rew_mean          | 4.12e+03     |
| time/                   |              |
|    fps                  | 89           |
|    iterations           | 117          |
|    time_elapsed         | 666          |
|    total_timesteps      | 59904        |
| train/                  |              |
|    approx_kl            | 0.0022613755 |
|    clip_fraction        | 0.0758       |
|    clip_range           | 0.2          |
|    entropy_loss         | -0.565       |
|    explained_variance   | 1.79e-07     |
|    learning_rate        | 0.0003       |
|    loss                 | 2.96e+03     |
|    n_updates            | 1160         |
|    policy_gradient_loss | 0.00165      |
|    value_loss           | 6.23e+03     |
------------------------------------------
----------------------------------------
| rollout/                |            |
|    ep_len_mean          | 720        |
|    ep_rew_mean          | 4.12e+03   |
| time/                   |            |
|    fps                  | 89         |
|    iterations           | 118        |
|    time_elapsed         | 672        |
|    total_timesteps      | 60416      |
| train/                  |            |
|    approx_kl            | 0.09955108 |
|    clip_fraction        | 0.204      |
|    clip_range           | 0.2        |
|    entropy_loss         | -0.543     |
|    explained_variance   | 0          |
|    learning_rate        | 0.0003     |
|    loss                 | 2.69e+03   |
|    n_updates            | 1170       |
|    policy_gradient_loss | 0.00157    |
|    value_loss           | 5.74e+03   |
----------------------------------------
------------------------------------------
| rollout/                |              |
|    ep_len_mean          | 720          |
|    ep_rew_mean          | 4.08e+03     |
| time/                   |              |
|    fps                  | 89           |
|    iterations           | 119          |
|    time_elapsed         | 678          |
|    total_timesteps      | 60928        |
| train/                  |              |
|    approx_kl            | 0.0042590303 |
|    clip_fraction        | 0.0977       |
|    clip_range           | 0.2          |
|    entropy_loss         | -0.423       |
|    explained_variance   | 0            |
|    learning_rate        | 0.0003       |
|    loss                 | 7.47e+03     |
|    n_updates            | 1180         |
|    policy_gradient_loss | 0.000778     |
|    value_loss           | 1.52e+04     |
------------------------------------------
-----------------------------------------
| rollout/                |             |
|    ep_len_mean          | 720         |
|    ep_rew_mean          | 4.06e+03    |
| time/                   |             |
|    fps                  | 89          |
|    iterations           | 120         |
|    time_elapsed         | 684         |
|    total_timesteps      | 61440       |
| train/                  |             |
|    approx_kl            | 0.029715132 |
|    clip_fraction        | 0.083       |
|    clip_range           | 0.2         |
|    entropy_loss         | -0.575      |
|    explained_variance   | 5.96e-08    |
|    learning_rate        | 0.0003      |
|    loss                 | 6.75e+03    |
|    n_updates            | 1190        |
|    policy_gradient_loss | -0.00199    |
|    value_loss           | 1.15e+04    |
-----------------------------------------
-----------------------------------------
| rollout/                |             |
|    ep_len_mean          | 720         |
|    ep_rew_mean          | 4.03e+03    |
| time/                   |             |
|    fps                  | 89          |
|    iterations           | 121         |
|    time_elapsed         | 689         |
|    total_timesteps      | 61952       |
| train/                  |             |
|    approx_kl            | 0.003981107 |
|    clip_fraction        | 0.0492      |
|    clip_range           | 0.2         |
|    entropy_loss         | -0.596      |
|    explained_variance   | 2.38e-07    |
|    learning_rate        | 0.0003      |
|    loss                 | 3.16e+03    |
|    n_updates            | 1200        |
|    policy_gradient_loss | -0.00667    |
|    value_loss           | 8.29e+03    |
-----------------------------------------
-------------------------------------------
| rollout/                |               |
|    ep_len_mean          | 720           |
|    ep_rew_mean          | 4.03e+03      |
| time/                   |               |
|    fps                  | 89            |
|    iterations           | 122           |
|    time_elapsed         | 695           |
|    total_timesteps      | 62464         |
| train/                  |               |
|    approx_kl            | 0.00043728133 |
|    clip_fraction        | 0.000586      |
|    clip_range           | 0.2           |
|    entropy_loss         | -0.319        |
|    explained_variance   | 1.19e-07      |
|    learning_rate        | 0.0003        |
|    loss                 | 5.23e+03      |
|    n_updates            | 1210          |
|    policy_gradient_loss | -0.00178      |
|    value_loss           | 1.04e+04      |
-------------------------------------------
-------------------------------------------
| rollout/                |               |
|    ep_len_mean          | 720           |
|    ep_rew_mean          | 4.03e+03      |
| time/                   |               |
|    fps                  | 89            |
|    iterations           | 123           |
|    time_elapsed         | 701           |
|    total_timesteps      | 62976         |
| train/                  |               |
|    approx_kl            | 0.00060275046 |
|    clip_fraction        | 0             |
|    clip_range           | 0.2           |
|    entropy_loss         | -0.568        |
|    explained_variance   | 0             |
|    learning_rate        | 0.0003        |
|    loss                 | 1.01e+04      |
|    n_updates            | 1220          |
|    policy_gradient_loss | -0.00134      |
|    value_loss           | 1.94e+04      |
-------------------------------------------
------------------------------------------
| rollout/                |              |
|    ep_len_mean          | 720          |
|    ep_rew_mean          | 4.03e+03     |
| time/                   |              |
|    fps                  | 89           |
|    iterations           | 124          |
|    time_elapsed         | 707          |
|    total_timesteps      | 63488        |
| train/                  |              |
|    approx_kl            | 0.0006452254 |
|    clip_fraction        | 0.00195      |
|    clip_range           | 0.2          |
|    entropy_loss         | -0.444       |
|    explained_variance   | 1.79e-07     |
|    learning_rate        | 0.0003       |
|    loss                 | 1.38e+04     |
|    n_updates            | 1230         |
|    policy_gradient_loss | -0.0018      |
|    value_loss           | 2.33e+04     |
------------------------------------------
-------------------------------------------
| rollout/                |               |
|    ep_len_mean          | 720           |
|    ep_rew_mean          | 4.03e+03      |
| time/                   |               |
|    fps                  | 89            |
|    iterations           | 125           |
|    time_elapsed         | 713           |
|    total_timesteps      | 64000         |
| train/                  |               |
|    approx_kl            | 0.00068802235 |
|    clip_fraction        | 0.00625       |
|    clip_range           | 0.2           |
|    entropy_loss         | -0.527        |
|    explained_variance   | 0             |
|    learning_rate        | 0.0003        |
|    loss                 | 8.08e+03      |
|    n_updates            | 1240          |
|    policy_gradient_loss | -0.0026       |
|    value_loss           | 1.4e+04       |
-------------------------------------------
------------------------------------------
| rollout/                |              |
|    ep_len_mean          | 720          |
|    ep_rew_mean          | 4.02e+03     |
| time/                   |              |
|    fps                  | 89           |
|    iterations           | 126          |
|    time_elapsed         | 718          |
|    total_timesteps      | 64512        |
| train/                  |              |
|    approx_kl            | 0.0013531641 |
|    clip_fraction        | 0.00879      |
|    clip_range           | 0.2          |
|    entropy_loss         | -0.372       |
|    explained_variance   | 5.96e-08     |
|    learning_rate        | 0.0003       |
|    loss                 | 1.4e+04      |
|    n_updates            | 1250         |
|    policy_gradient_loss | -0.00521     |
|    value_loss           | 2.4e+04      |
------------------------------------------
------------------------------------------
| rollout/                |              |
|    ep_len_mean          | 720          |
|    ep_rew_mean          | 4e+03        |
| time/                   |              |
|    fps                  | 89           |
|    iterations           | 127          |
|    time_elapsed         | 724          |
|    total_timesteps      | 65024        |
| train/                  |              |
|    approx_kl            | 0.0021099753 |
|    clip_fraction        | 0.00391      |
|    clip_range           | 0.2          |
|    entropy_loss         | -0.711       |
|    explained_variance   | 1.19e-07     |
|    learning_rate        | 0.0003       |
|    loss                 | 9.47e+03     |
|    n_updates            | 1260         |
|    policy_gradient_loss | -0.00259     |
|    value_loss           | 1.33e+04     |
------------------------------------------
------------------------------------------
| rollout/                |              |
|    ep_len_mean          | 720          |
|    ep_rew_mean          | 3.99e+03     |
| time/                   |              |
|    fps                  | 89           |
|    iterations           | 128          |
|    time_elapsed         | 730          |
|    total_timesteps      | 65536        |
| train/                  |              |
|    approx_kl            | 0.0037805275 |
|    clip_fraction        | 0.0289       |
|    clip_range           | 0.2          |
|    entropy_loss         | -0.551       |
|    explained_variance   | 1.19e-07     |
|    learning_rate        | 0.0003       |
|    loss                 | 4.21e+03     |
|    n_updates            | 1270         |
|    policy_gradient_loss | -0.00704     |
|    value_loss           | 9.52e+03     |
------------------------------------------
-------------------------------------------
| rollout/                |               |
|    ep_len_mean          | 720           |
|    ep_rew_mean          | 3.99e+03      |
| time/                   |               |
|    fps                  | 89            |
|    iterations           | 129           |
|    time_elapsed         | 735           |
|    total_timesteps      | 66048         |
| train/                  |               |
|    approx_kl            | 0.00035972832 |
|    clip_fraction        | 0.000586      |
|    clip_range           | 0.2           |
|    entropy_loss         | -0.252        |
|    explained_variance   | 1.19e-07      |
|    learning_rate        | 0.0003        |
|    loss                 | 9.96e+03      |
|    n_updates            | 1280          |
|    policy_gradient_loss | -0.00198      |
|    value_loss           | 2.15e+04      |
-------------------------------------------
------------------------------------------
| rollout/                |              |
|    ep_len_mean          | 720          |
|    ep_rew_mean          | 3.97e+03     |
| time/                   |              |
|    fps                  | 89           |
|    iterations           | 130          |
|    time_elapsed         | 741          |
|    total_timesteps      | 66560        |
| train/                  |              |
|    approx_kl            | 0.0013702095 |
|    clip_fraction        | 0.00391      |
|    clip_range           | 0.2          |
|    entropy_loss         | -0.494       |
|    explained_variance   | -1.19e-07    |
|    learning_rate        | 0.0003       |
|    loss                 | 7.26e+03     |
|    n_updates            | 1290         |
|    policy_gradient_loss | -0.00281     |
|    value_loss           | 1.27e+04     |
------------------------------------------
------------------------------------------
| rollout/                |              |
|    ep_len_mean          | 720          |
|    ep_rew_mean          | 3.97e+03     |
| time/                   |              |
|    fps                  | 89           |
|    iterations           | 131          |
|    time_elapsed         | 747          |
|    total_timesteps      | 67072        |
| train/                  |              |
|    approx_kl            | 0.0018558067 |
|    clip_fraction        | 0.0158       |
|    clip_range           | 0.2          |
|    entropy_loss         | -0.561       |
|    explained_variance   | 1.79e-07     |
|    learning_rate        | 0.0003       |
|    loss                 | 6.07e+03     |
|    n_updates            | 1300         |
|    policy_gradient_loss | -0.00387     |
|    value_loss           | 1.12e+04     |
------------------------------------------
------------------------------------------
| rollout/                |              |
|    ep_len_mean          | 720          |
|    ep_rew_mean          | 3.97e+03     |
| time/                   |              |
|    fps                  | 89           |
|    iterations           | 132          |
|    time_elapsed         | 752          |
|    total_timesteps      | 67584        |
| train/                  |              |
|    approx_kl            | 0.0010238956 |
|    clip_fraction        | 0.00352      |
|    clip_range           | 0.2          |
|    entropy_loss         | -0.426       |
|    explained_variance   | 5.96e-08     |
|    learning_rate        | 0.0003       |
|    loss                 | 8.74e+03     |
|    n_updates            | 1310         |
|    policy_gradient_loss | -0.00444     |
|    value_loss           | 1.62e+04     |
------------------------------------------
-------------------------------------------
| rollout/                |               |
|    ep_len_mean          | 720           |
|    ep_rew_mean          | 3.98e+03      |
| time/                   |               |
|    fps                  | 89            |
|    iterations           | 133           |
|    time_elapsed         | 758           |
|    total_timesteps      | 68096         |
| train/                  |               |
|    approx_kl            | 0.00016832139 |
|    clip_fraction        | 0             |
|    clip_range           | 0.2           |
|    entropy_loss         | -0.346        |
|    explained_variance   | 0             |
|    learning_rate        | 0.0003        |
|    loss                 | 1.41e+04      |
|    n_updates            | 1320          |
|    policy_gradient_loss | -0.00109      |
|    value_loss           | 2.66e+04      |
-------------------------------------------
------------------------------------------
| rollout/                |              |
|    ep_len_mean          | 720          |
|    ep_rew_mean          | 3.96e+03     |
| time/                   |              |
|    fps                  | 89           |
|    iterations           | 134          |
|    time_elapsed         | 764          |
|    total_timesteps      | 68608        |
| train/                  |              |
|    approx_kl            | 0.0041734176 |
|    clip_fraction        | 0.043        |
|    clip_range           | 0.2          |
|    entropy_loss         | -0.637       |
|    explained_variance   | 0            |
|    learning_rate        | 0.0003       |
|    loss                 | 4.9e+03      |
|    n_updates            | 1330         |
|    policy_gradient_loss | -0.00782     |
|    value_loss           | 8.59e+03     |
------------------------------------------
------------------------------------------
| rollout/                |              |
|    ep_len_mean          | 720          |
|    ep_rew_mean          | 3.96e+03     |
| time/                   |              |
|    fps                  | 89           |
|    iterations           | 135          |
|    time_elapsed         | 769          |
|    total_timesteps      | 69120        |
| train/                  |              |
|    approx_kl            | 0.0025682189 |
|    clip_fraction        | 0.0328       |
|    clip_range           | 0.2          |
|    entropy_loss         | -0.567       |
|    explained_variance   | -1.19e-07    |
|    learning_rate        | 0.0003       |
|    loss                 | 8.66e+03     |
|    n_updates            | 1340         |
|    policy_gradient_loss | -0.00677     |
|    value_loss           | 1.76e+04     |
------------------------------------------
------------------------------------------
| rollout/                |              |
|    ep_len_mean          | 720          |
|    ep_rew_mean          | 3.96e+03     |
| time/                   |              |
|    fps                  | 89           |
|    iterations           | 136          |
|    time_elapsed         | 775          |
|    total_timesteps      | 69632        |
| train/                  |              |
|    approx_kl            | 0.0014909494 |
|    clip_fraction        | 0.0082       |
|    clip_range           | 0.2          |
|    entropy_loss         | -0.205       |
|    explained_variance   | -1.19e-07    |
|    learning_rate        | 0.0003       |
|    loss                 | 1.1e+04      |
|    n_updates            | 1350         |
|    policy_gradient_loss | -0.00403     |
|    value_loss           | 2.05e+04     |
------------------------------------------
------------------------------------------
| rollout/                |              |
|    ep_len_mean          | 720          |
|    ep_rew_mean          | 3.95e+03     |
| time/                   |              |
|    fps                  | 89           |
|    iterations           | 137          |
|    time_elapsed         | 780          |
|    total_timesteps      | 70144        |
| train/                  |              |
|    approx_kl            | 0.0064984886 |
|    clip_fraction        | 0.0547       |
|    clip_range           | 0.2          |
|    entropy_loss         | -0.458       |
|    explained_variance   | 0            |
|    learning_rate        | 0.0003       |
|    loss                 | 1.18e+04     |
|    n_updates            | 1360         |
|    policy_gradient_loss | -0.0101      |
|    value_loss           | 2.43e+04     |
------------------------------------------
------------------------------------------
| rollout/                |              |
|    ep_len_mean          | 720          |
|    ep_rew_mean          | 3.94e+03     |
| time/                   |              |
|    fps                  | 89           |
|    iterations           | 138          |
|    time_elapsed         | 786          |
|    total_timesteps      | 70656        |
| train/                  |              |
|    approx_kl            | 0.0053907414 |
|    clip_fraction        | 0.0535       |
|    clip_range           | 0.2          |
|    entropy_loss         | -0.691       |
|    explained_variance   | 5.96e-08     |
|    learning_rate        | 0.0003       |
|    loss                 | 6.22e+03     |
|    n_updates            | 1370         |
|    policy_gradient_loss | -0.00988     |
|    value_loss           | 1.28e+04     |
------------------------------------------
------------------------------------------
| rollout/                |              |
|    ep_len_mean          | 720          |
|    ep_rew_mean          | 3.94e+03     |
| time/                   |              |
|    fps                  | 89           |
|    iterations           | 139          |
|    time_elapsed         | 791          |
|    total_timesteps      | 71168        |
| train/                  |              |
|    approx_kl            | 0.0013612588 |
|    clip_fraction        | 0.00645      |
|    clip_range           | 0.2          |
|    entropy_loss         | -0.383       |
|    explained_variance   | 5.96e-08     |
|    learning_rate        | 0.0003       |
|    loss                 | 9.91e+03     |
|    n_updates            | 1380         |
|    policy_gradient_loss | -0.00186     |
|    value_loss           | 2.05e+04     |
------------------------------------------
-------------------------------------------
| rollout/                |               |
|    ep_len_mean          | 720           |
|    ep_rew_mean          | 3.96e+03      |
| time/                   |               |
|    fps                  | 89            |
|    iterations           | 140           |
|    time_elapsed         | 797           |
|    total_timesteps      | 71680         |
| train/                  |               |
|    approx_kl            | 0.00041903072 |
|    clip_fraction        | 0.000781      |
|    clip_range           | 0.2           |
|    entropy_loss         | -0.451        |
|    explained_variance   | 0             |
|    learning_rate        | 0.0003        |
|    loss                 | 1.25e+04      |
|    n_updates            | 1390          |
|    policy_gradient_loss | -0.00196      |
|    value_loss           | 2.88e+04      |
-------------------------------------------
------------------------------------------
| rollout/                |              |
|    ep_len_mean          | 720          |
|    ep_rew_mean          | 3.95e+03     |
| time/                   |              |
|    fps                  | 89           |
|    iterations           | 141          |
|    time_elapsed         | 803          |
|    total_timesteps      | 72192        |
| train/                  |              |
|    approx_kl            | 0.0016965086 |
|    clip_fraction        | 0.00605      |
|    clip_range           | 0.2          |
|    entropy_loss         | -0.597       |
|    explained_variance   | 0            |
|    learning_rate        | 0.0003       |
|    loss                 | 1.01e+04     |
|    n_updates            | 1400         |
|    policy_gradient_loss | -0.00401     |
|    value_loss           | 2.21e+04     |
------------------------------------------
------------------------------------------
| rollout/                |              |
|    ep_len_mean          | 720          |
|    ep_rew_mean          | 3.95e+03     |
| time/                   |              |
|    fps                  | 89           |
|    iterations           | 142          |
|    time_elapsed         | 808          |
|    total_timesteps      | 72704        |
| train/                  |              |
|    approx_kl            | 0.0034556894 |
|    clip_fraction        | 0.0168       |
|    clip_range           | 0.2          |
|    entropy_loss         | -0.615       |
|    explained_variance   | 0            |
|    learning_rate        | 0.0003       |
|    loss                 | 6.45e+03     |
|    n_updates            | 1410         |
|    policy_gradient_loss | -0.00633     |
|    value_loss           | 1.25e+04     |
------------------------------------------
------------------------------------------
| rollout/                |              |
|    ep_len_mean          | 720          |
|    ep_rew_mean          | 3.91e+03     |
| time/                   |              |
|    fps                  | 89           |
|    iterations           | 143          |
|    time_elapsed         | 814          |
|    total_timesteps      | 73216        |
| train/                  |              |
|    approx_kl            | 0.0019423291 |
|    clip_fraction        | 0.00977      |
|    clip_range           | 0.2          |
|    entropy_loss         | -0.313       |
|    explained_variance   | 5.96e-08     |
|    learning_rate        | 0.0003       |
|    loss                 | 7e+03        |
|    n_updates            | 1420         |
|    policy_gradient_loss | -0.00282     |
|    value_loss           | 1.46e+04     |
------------------------------------------
------------------------------------------
| rollout/                |              |
|    ep_len_mean          | 720          |
|    ep_rew_mean          | 3.88e+03     |
| time/                   |              |
|    fps                  | 89           |
|    iterations           | 144          |
|    time_elapsed         | 819          |
|    total_timesteps      | 73728        |
| train/                  |              |
|    approx_kl            | 0.0021773018 |
|    clip_fraction        | 0.00547      |
|    clip_range           | 0.2          |
|    entropy_loss         | -0.606       |
|    explained_variance   | 1.79e-07     |
|    learning_rate        | 0.0003       |
|    loss                 | 5.19e+03     |
|    n_updates            | 1430         |
|    policy_gradient_loss | -0.00347     |
|    value_loss           | 1.44e+04     |
------------------------------------------
------------------------------------------
| rollout/                |              |
|    ep_len_mean          | 720          |
|    ep_rew_mean          | 3.84e+03     |
| time/                   |              |
|    fps                  | 89           |
|    iterations           | 145          |
|    time_elapsed         | 825          |
|    total_timesteps      | 74240        |
| train/                  |              |
|    approx_kl            | 0.0031332655 |
|    clip_fraction        | 0.0486       |
|    clip_range           | 0.2          |
|    entropy_loss         | -0.663       |
|    explained_variance   | 5.96e-08     |
|    learning_rate        | 0.0003       |
|    loss                 | 3.86e+03     |
|    n_updates            | 1440         |
|    policy_gradient_loss | -0.0073      |
|    value_loss           | 8.39e+03     |
------------------------------------------
------------------------------------------
| rollout/                |              |
|    ep_len_mean          | 720          |
|    ep_rew_mean          | 3.84e+03     |
| time/                   |              |
|    fps                  | 89           |
|    iterations           | 146          |
|    time_elapsed         | 831          |
|    total_timesteps      | 74752        |
| train/                  |              |
|    approx_kl            | 0.0011843736 |
|    clip_fraction        | 0.00469      |
|    clip_range           | 0.2          |
|    entropy_loss         | -0.389       |
|    explained_variance   | 1.79e-07     |
|    learning_rate        | 0.0003       |
|    loss                 | 1.23e+04     |
|    n_updates            | 1450         |
|    policy_gradient_loss | -0.00331     |
|    value_loss           | 2.09e+04     |
------------------------------------------
------------------------------------------
| rollout/                |              |
|    ep_len_mean          | 720          |
|    ep_rew_mean          | 3.79e+03     |
| time/                   |              |
|    fps                  | 89           |
|    iterations           | 147          |
|    time_elapsed         | 836          |
|    total_timesteps      | 75264        |
| train/                  |              |
|    approx_kl            | 0.0079678325 |
|    clip_fraction        | 0.0365       |
|    clip_range           | 0.2          |
|    entropy_loss         | -0.579       |
|    explained_variance   | 0            |
|    learning_rate        | 0.0003       |
|    loss                 | 6.2e+03      |
|    n_updates            | 1460         |
|    policy_gradient_loss | -0.00637     |
|    value_loss           | 1.43e+04     |
------------------------------------------
----------------------------------------
| rollout/                |            |
|    ep_len_mean          | 720        |
|    ep_rew_mean          | 3.75e+03   |
| time/                   |            |
|    fps                  | 89         |
|    iterations           | 148        |
|    time_elapsed         | 842        |
|    total_timesteps      | 75776      |
| train/                  |            |
|    approx_kl            | 0.07587741 |
|    clip_fraction        | 0.337      |
|    clip_range           | 0.2        |
|    entropy_loss         | -0.781     |
|    explained_variance   | 1.19e-07   |
|    learning_rate        | 0.0003     |
|    loss                 | 4.37e+03   |
|    n_updates            | 1470       |
|    policy_gradient_loss | 0.0185     |
|    value_loss           | 9.9e+03    |
----------------------------------------
------------------------------------------
| rollout/                |              |
|    ep_len_mean          | 720          |
|    ep_rew_mean          | 3.75e+03     |
| time/                   |              |
|    fps                  | 89           |
|    iterations           | 149          |
|    time_elapsed         | 848          |
|    total_timesteps      | 76288        |
| train/                  |              |
|    approx_kl            | 0.0016675203 |
|    clip_fraction        | 0.00391      |
|    clip_range           | 0.2          |
|    entropy_loss         | -0.57        |
|    explained_variance   | 5.96e-08     |
|    learning_rate        | 0.0003       |
|    loss                 | 5.03e+03     |
|    n_updates            | 1480         |
|    policy_gradient_loss | -0.0027      |
|    value_loss           | 1.2e+04      |
------------------------------------------
-----------------------------------------
| rollout/                |             |
|    ep_len_mean          | 720         |
|    ep_rew_mean          | 3.7e+03     |
| time/                   |             |
|    fps                  | 89          |
|    iterations           | 150         |
|    time_elapsed         | 853         |
|    total_timesteps      | 76800       |
| train/                  |             |
|    approx_kl            | 0.001452645 |
|    clip_fraction        | 0.00859     |
|    clip_range           | 0.2         |
|    entropy_loss         | -0.345      |
|    explained_variance   | 5.96e-08    |
|    learning_rate        | 0.0003      |
|    loss                 | 6.27e+03    |
|    n_updates            | 1490        |
|    policy_gradient_loss | -0.0037     |
|    value_loss           | 1.27e+04    |
-----------------------------------------
------------------------------------------
| rollout/                |              |
|    ep_len_mean          | 720          |
|    ep_rew_mean          | 3.66e+03     |
| time/                   |              |
|    fps                  | 89           |
|    iterations           | 151          |
|    time_elapsed         | 860          |
|    total_timesteps      | 77312        |
| train/                  |              |
|    approx_kl            | 0.0012145966 |
|    clip_fraction        | 0.00332      |
|    clip_range           | 0.2          |
|    entropy_loss         | -0.631       |
|    explained_variance   | 2.38e-07     |
|    learning_rate        | 0.0003       |
|    loss                 | 5.54e+03     |
|    n_updates            | 1500         |
|    policy_gradient_loss | -0.00303     |
|    value_loss           | 1.23e+04     |
------------------------------------------
------------------------------------------
| rollout/                |              |
|    ep_len_mean          | 720          |
|    ep_rew_mean          | 3.61e+03     |
| time/                   |              |
|    fps                  | 89           |
|    iterations           | 152          |
|    time_elapsed         | 865          |
|    total_timesteps      | 77824        |
| train/                  |              |
|    approx_kl            | 0.0025095576 |
|    clip_fraction        | 0.0256       |
|    clip_range           | 0.2          |
|    entropy_loss         | -0.46        |
|    explained_variance   | 0            |
|    learning_rate        | 0.0003       |
|    loss                 | 5.82e+03     |
|    n_updates            | 1510         |
|    policy_gradient_loss | -0.00466     |
|    value_loss           | 1.32e+04     |
------------------------------------------
-----------------------------------------
| rollout/                |             |
|    ep_len_mean          | 720         |
|    ep_rew_mean          | 3.61e+03    |
| time/                   |             |
|    fps                  | 89          |
|    iterations           | 153         |
|    time_elapsed         | 871         |
|    total_timesteps      | 78336       |
| train/                  |             |
|    approx_kl            | 0.008312843 |
|    clip_fraction        | 0.0543      |
|    clip_range           | 0.2         |
|    entropy_loss         | -0.385      |
|    explained_variance   | 1.79e-07    |
|    learning_rate        | 0.0003      |
|    loss                 | 3.48e+03    |
|    n_updates            | 1520        |
|    policy_gradient_loss | -0.00808    |
|    value_loss           | 5.92e+03    |
-----------------------------------------
-----------------------------------------
| rollout/                |             |
|    ep_len_mean          | 720         |
|    ep_rew_mean          | 3.58e+03    |
| time/                   |             |
|    fps                  | 89          |
|    iterations           | 154         |
|    time_elapsed         | 876         |
|    total_timesteps      | 78848       |
| train/                  |             |
|    approx_kl            | 0.038448162 |
|    clip_fraction        | 0.425       |
|    clip_range           | 0.2         |
|    entropy_loss         | -0.809      |
|    explained_variance   | 0           |
|    learning_rate        | 0.0003      |
|    loss                 | 9.28e+03    |
|    n_updates            | 1530        |
|    policy_gradient_loss | 0.0645      |
|    value_loss           | 1.86e+04    |
-----------------------------------------
-----------------------------------------
| rollout/                |             |
|    ep_len_mean          | 720         |
|    ep_rew_mean          | 3.55e+03    |
| time/                   |             |
|    fps                  | 90          |
|    iterations           | 155         |
|    time_elapsed         | 881         |
|    total_timesteps      | 79360       |
| train/                  |             |
|    approx_kl            | 0.003231803 |
|    clip_fraction        | 0.0199      |
|    clip_range           | 0.2         |
|    entropy_loss         | -0.784      |
|    explained_variance   | 1.79e-07    |
|    learning_rate        | 0.0003      |
|    loss                 | 6.82e+03    |
|    n_updates            | 1540        |
|    policy_gradient_loss | -0.0047     |
|    value_loss           | 1.21e+04    |
-----------------------------------------
------------------------------------------
| rollout/                |              |
|    ep_len_mean          | 720          |
|    ep_rew_mean          | 3.55e+03     |
| time/                   |              |
|    fps                  | 89           |
|    iterations           | 156          |
|    time_elapsed         | 887          |
|    total_timesteps      | 79872        |
| train/                  |              |
|    approx_kl            | 0.0022825005 |
|    clip_fraction        | 0.023        |
|    clip_range           | 0.2          |
|    entropy_loss         | -0.513       |
|    explained_variance   | 0            |
|    learning_rate        | 0.0003       |
|    loss                 | 4.08e+03     |
|    n_updates            | 1550         |
|    policy_gradient_loss | -0.00448     |
|    value_loss           | 9.64e+03     |
------------------------------------------
-------------------------------------------
| rollout/                |               |
|    ep_len_mean          | 720           |
|    ep_rew_mean          | 3.53e+03      |
| time/                   |               |
|    fps                  | 89            |
|    iterations           | 157           |
|    time_elapsed         | 893           |
|    total_timesteps      | 80384         |
| train/                  |               |
|    approx_kl            | 0.00046340242 |
|    clip_fraction        | 0.00176       |
|    clip_range           | 0.2           |
|    entropy_loss         | -0.342        |
|    explained_variance   | 1.19e-07      |
|    learning_rate        | 0.0003        |
|    loss                 | 1.05e+04      |
|    n_updates            | 1560          |
|    policy_gradient_loss | -0.00191      |
|    value_loss           | 2.19e+04      |
-------------------------------------------
-------------------------------------------
| rollout/                |               |
|    ep_len_mean          | 720           |
|    ep_rew_mean          | 3.51e+03      |
| time/                   |               |
|    fps                  | 89            |
|    iterations           | 158           |
|    time_elapsed         | 899           |
|    total_timesteps      | 80896         |
| train/                  |               |
|    approx_kl            | 0.00034967865 |
|    clip_fraction        | 0             |
|    clip_range           | 0.2           |
|    entropy_loss         | -0.682        |
|    explained_variance   | 1.19e-07      |
|    learning_rate        | 0.0003        |
|    loss                 | 1.04e+04      |
|    n_updates            | 1570          |
|    policy_gradient_loss | -0.0013       |
|    value_loss           | 2.35e+04      |
-------------------------------------------
-----------------------------------------
| rollout/                |             |
|    ep_len_mean          | 720         |
|    ep_rew_mean          | 3.45e+03    |
| time/                   |             |
|    fps                  | 89          |
|    iterations           | 159         |
|    time_elapsed         | 904         |
|    total_timesteps      | 81408       |
| train/                  |             |
|    approx_kl            | 0.025833331 |
|    clip_fraction        | 0.116       |
|    clip_range           | 0.2         |
|    entropy_loss         | -0.763      |
|    explained_variance   | 1.19e-07    |
|    learning_rate        | 0.0003      |
|    loss                 | 4.44e+03    |
|    n_updates            | 1580        |
|    policy_gradient_loss | -0.00644    |
|    value_loss           | 9.6e+03     |
-----------------------------------------
-----------------------------------------
| rollout/                |             |
|    ep_len_mean          | 720         |
|    ep_rew_mean          | 3.45e+03    |
| time/                   |             |
|    fps                  | 89          |
|    iterations           | 160         |
|    time_elapsed         | 910         |
|    total_timesteps      | 81920       |
| train/                  |             |
|    approx_kl            | 0.009009998 |
|    clip_fraction        | 0.0549      |
|    clip_range           | 0.2         |
|    entropy_loss         | -0.518      |
|    explained_variance   | 0           |
|    learning_rate        | 0.0003      |
|    loss                 | 6.7e+03     |
|    n_updates            | 1590        |
|    policy_gradient_loss | -0.00771    |
|    value_loss           | 1.29e+04    |
-----------------------------------------
-----------------------------------------
| rollout/                |             |
|    ep_len_mean          | 720         |
|    ep_rew_mean          | 3.41e+03    |
| time/                   |             |
|    fps                  | 89          |
|    iterations           | 161         |
|    time_elapsed         | 917         |
|    total_timesteps      | 82432       |
| train/                  |             |
|    approx_kl            | 0.005076208 |
|    clip_fraction        | 0.0523      |
|    clip_range           | 0.2         |
|    entropy_loss         | -0.753      |
|    explained_variance   | 1.19e-07    |
|    learning_rate        | 0.0003      |
|    loss                 | 5.29e+03    |
|    n_updates            | 1600        |
|    policy_gradient_loss | -0.00992    |
|    value_loss           | 1.14e+04    |
-----------------------------------------
-----------------------------------------
| rollout/                |             |
|    ep_len_mean          | 720         |
|    ep_rew_mean          | 3.36e+03    |
| time/                   |             |
|    fps                  | 89          |
|    iterations           | 162         |
|    time_elapsed         | 922         |
|    total_timesteps      | 82944       |
| train/                  |             |
|    approx_kl            | 0.034597173 |
|    clip_fraction        | 0.236       |
|    clip_range           | 0.2         |
|    entropy_loss         | -0.804      |
|    explained_variance   | 1.19e-07    |
|    learning_rate        | 0.0003      |
|    loss                 | 5.04e+03    |
|    n_updates            | 1610        |
|    policy_gradient_loss | 0.00279     |
|    value_loss           | 9.34e+03    |
-----------------------------------------
-----------------------------------------
| rollout/                |             |
|    ep_len_mean          | 720         |
|    ep_rew_mean          | 3.36e+03    |
| time/                   |             |
|    fps                  | 89          |
|    iterations           | 163         |
|    time_elapsed         | 928         |
|    total_timesteps      | 83456       |
| train/                  |             |
|    approx_kl            | 0.006622416 |
|    clip_fraction        | 0.058       |
|    clip_range           | 0.2         |
|    entropy_loss         | -0.574      |
|    explained_variance   | 1.19e-07    |
|    learning_rate        | 0.0003      |
|    loss                 | 7.54e+03    |
|    n_updates            | 1620        |
|    policy_gradient_loss | -0.00614    |
|    value_loss           | 1.07e+04    |
-----------------------------------------
-------------------------------------------
| rollout/                |               |
|    ep_len_mean          | 720           |
|    ep_rew_mean          | 3.32e+03      |
| time/                   |               |
|    fps                  | 89            |
|    iterations           | 164           |
|    time_elapsed         | 933           |
|    total_timesteps      | 83968         |
| train/                  |               |
|    approx_kl            | 0.00058403553 |
|    clip_fraction        | 0.00371       |
|    clip_range           | 0.2           |
|    entropy_loss         | -0.279        |
|    explained_variance   | 0             |
|    learning_rate        | 0.0003        |
|    loss                 | 1.12e+04      |
|    n_updates            | 1630          |
|    policy_gradient_loss | -0.00163      |
|    value_loss           | 2.4e+04       |
-------------------------------------------
------------------------------------------
| rollout/                |              |
|    ep_len_mean          | 720          |
|    ep_rew_mean          | 3.3e+03      |
| time/                   |              |
|    fps                  | 89           |
|    iterations           | 165          |
|    time_elapsed         | 938          |
|    total_timesteps      | 84480        |
| train/                  |              |
|    approx_kl            | 0.0016265274 |
|    clip_fraction        | 0.00664      |
|    clip_range           | 0.2          |
|    entropy_loss         | -0.653       |
|    explained_variance   | 2.38e-07     |
|    learning_rate        | 0.0003       |
|    loss                 | 8.57e+03     |
|    n_updates            | 1640         |
|    policy_gradient_loss | -0.00459     |
|    value_loss           | 1.95e+04     |
------------------------------------------
------------------------------------------
| rollout/                |              |
|    ep_len_mean          | 720          |
|    ep_rew_mean          | 3.3e+03      |
| time/                   |              |
|    fps                  | 89           |
|    iterations           | 166          |
|    time_elapsed         | 944          |
|    total_timesteps      | 84992        |
| train/                  |              |
|    approx_kl            | 0.0009922615 |
|    clip_fraction        | 0.00156      |
|    clip_range           | 0.2          |
|    entropy_loss         | -0.56        |
|    explained_variance   | 2.38e-07     |
|    learning_rate        | 0.0003       |
|    loss                 | 8.48e+03     |
|    n_updates            | 1650         |
|    policy_gradient_loss | -0.00233     |
|    value_loss           | 1.59e+04     |
------------------------------------------
-------------------------------------------
| rollout/                |               |
|    ep_len_mean          | 720           |
|    ep_rew_mean          | 3.3e+03       |
| time/                   |               |
|    fps                  | 90            |
|    iterations           | 167           |
|    time_elapsed         | 949           |
|    total_timesteps      | 85504         |
| train/                  |               |
|    approx_kl            | 0.00063347013 |
|    clip_fraction        | 0.000977      |
|    clip_range           | 0.2           |
|    entropy_loss         | -0.274        |
|    explained_variance   | 5.96e-08      |
|    learning_rate        | 0.0003        |
|    loss                 | 1.01e+04      |
|    n_updates            | 1660          |
|    policy_gradient_loss | -0.00207      |
|    value_loss           | 2.2e+04       |
-------------------------------------------
-----------------------------------------
| rollout/                |             |
|    ep_len_mean          | 720         |
|    ep_rew_mean          | 3.26e+03    |
| time/                   |             |
|    fps                  | 90          |
|    iterations           | 168         |
|    time_elapsed         | 955         |
|    total_timesteps      | 86016       |
| train/                  |             |
|    approx_kl            | 0.001772932 |
|    clip_fraction        | 0.0109      |
|    clip_range           | 0.2         |
|    entropy_loss         | -0.688      |
|    explained_variance   | 0           |
|    learning_rate        | 0.0003      |
|    loss                 | 8.02e+03    |
|    n_updates            | 1670        |
|    policy_gradient_loss | -0.00663    |
|    value_loss           | 1.53e+04    |
-----------------------------------------
------------------------------------------
| rollout/                |              |
|    ep_len_mean          | 720          |
|    ep_rew_mean          | 3.23e+03     |
| time/                   |              |
|    fps                  | 90           |
|    iterations           | 169          |
|    time_elapsed         | 960          |
|    total_timesteps      | 86528        |
| train/                  |              |
|    approx_kl            | 0.0009850515 |
|    clip_fraction        | 0.000781     |
|    clip_range           | 0.2          |
|    entropy_loss         | -0.925       |
|    explained_variance   | 0            |
|    learning_rate        | 0.0003       |
|    loss                 | 4.17e+03     |
|    n_updates            | 1680         |
|    policy_gradient_loss | -0.00308     |
|    value_loss           | 8.07e+03     |
------------------------------------------
------------------------------------------
| rollout/                |              |
|    ep_len_mean          | 720          |
|    ep_rew_mean          | 3.23e+03     |
| time/                   |              |
|    fps                  | 90           |
|    iterations           | 170          |
|    time_elapsed         | 965          |
|    total_timesteps      | 87040        |
| train/                  |              |
|    approx_kl            | 0.0023269802 |
|    clip_fraction        | 0.0217       |
|    clip_range           | 0.2          |
|    entropy_loss         | -0.555       |
|    explained_variance   | 1.19e-07     |
|    learning_rate        | 0.0003       |
|    loss                 | 8.84e+03     |
|    n_updates            | 1690         |
|    policy_gradient_loss | -0.00617     |
|    value_loss           | 1.78e+04     |
------------------------------------------
------------------------------------------
| rollout/                |              |
|    ep_len_mean          | 720          |
|    ep_rew_mean          | 3.22e+03     |
| time/                   |              |
|    fps                  | 90           |
|    iterations           | 171          |
|    time_elapsed         | 970          |
|    total_timesteps      | 87552        |
| train/                  |              |
|    approx_kl            | 0.0018079648 |
|    clip_fraction        | 0.00684      |
|    clip_range           | 0.2          |
|    entropy_loss         | -0.39        |
|    explained_variance   | 0            |
|    learning_rate        | 0.0003       |
|    loss                 | 1.28e+04     |
|    n_updates            | 1700         |
|    policy_gradient_loss | -0.00223     |
|    value_loss           | 2.17e+04     |
------------------------------------------
------------------------------------------
| rollout/                |              |
|    ep_len_mean          | 720          |
|    ep_rew_mean          | 3.2e+03      |
| time/                   |              |
|    fps                  | 90           |
|    iterations           | 172          |
|    time_elapsed         | 976          |
|    total_timesteps      | 88064        |
| train/                  |              |
|    approx_kl            | 0.0050527286 |
|    clip_fraction        | 0.0424       |
|    clip_range           | 0.2          |
|    entropy_loss         | -0.73        |
|    explained_variance   | 2.38e-07     |
|    learning_rate        | 0.0003       |
|    loss                 | 7.78e+03     |
|    n_updates            | 1710         |
|    policy_gradient_loss | -0.0104      |
|    value_loss           | 1.48e+04     |
------------------------------------------
----------------------------------------
| rollout/                |            |
|    ep_len_mean          | 720        |
|    ep_rew_mean          | 3.16e+03   |
| time/                   |            |
|    fps                  | 90         |
|    iterations           | 173        |
|    time_elapsed         | 981        |
|    total_timesteps      | 88576      |
| train/                  |            |
|    approx_kl            | 0.01083498 |
|    clip_fraction        | 0.0545     |
|    clip_range           | 0.2        |
|    entropy_loss         | -0.778     |
|    explained_variance   | 1.19e-07   |
|    learning_rate        | 0.0003     |
|    loss                 | 5.14e+03   |
|    n_updates            | 1720       |
|    policy_gradient_loss | -0.00465   |
|    value_loss           | 1.1e+04    |
----------------------------------------
-------------------------------------------
| rollout/                |               |
|    ep_len_mean          | 720           |
|    ep_rew_mean          | 3.16e+03      |
| time/                   |               |
|    fps                  | 90            |
|    iterations           | 174           |
|    time_elapsed         | 987           |
|    total_timesteps      | 89088         |
| train/                  |               |
|    approx_kl            | 0.00095835037 |
|    clip_fraction        | 0.00449       |
|    clip_range           | 0.2           |
|    entropy_loss         | -0.398        |
|    explained_variance   | 0             |
|    learning_rate        | 0.0003        |
|    loss                 | 8.25e+03      |
|    n_updates            | 1730          |
|    policy_gradient_loss | -0.0044       |
|    value_loss           | 1.43e+04      |
-------------------------------------------
-----------------------------------------
| rollout/                |             |
|    ep_len_mean          | 720         |
|    ep_rew_mean          | 3.14e+03    |
| time/                   |             |
|    fps                  | 90          |
|    iterations           | 175         |
|    time_elapsed         | 993         |
|    total_timesteps      | 89600       |
| train/                  |             |
|    approx_kl            | 0.012597643 |
|    clip_fraction        | 0.0412      |
|    clip_range           | 0.2         |
|    entropy_loss         | -0.826      |
|    explained_variance   | 1.19e-07    |
|    learning_rate        | 0.0003      |
|    loss                 | 3.66e+03    |
|    n_updates            | 1740        |
|    policy_gradient_loss | -0.0114     |
|    value_loss           | 9.77e+03    |
-----------------------------------------
----------------------------------------
| rollout/                |            |
|    ep_len_mean          | 720        |
|    ep_rew_mean          | 3.08e+03   |
| time/                   |            |
|    fps                  | 90         |
|    iterations           | 176        |
|    time_elapsed         | 998        |
|    total_timesteps      | 90112      |
| train/                  |            |
|    approx_kl            | 0.03245887 |
|    clip_fraction        | 0.267      |
|    clip_range           | 0.2        |
|    entropy_loss         | -0.84      |
|    explained_variance   | 1.19e-07   |
|    learning_rate        | 0.0003     |
|    loss                 | 3.72e+03   |
|    n_updates            | 1750       |
|    policy_gradient_loss | 0.0135     |
|    value_loss           | 8.22e+03   |
----------------------------------------
----------------------------------------
| rollout/                |            |
|    ep_len_mean          | 720        |
|    ep_rew_mean          | 3.08e+03   |
| time/                   |            |
|    fps                  | 90         |
|    iterations           | 177        |
|    time_elapsed         | 1004       |
|    total_timesteps      | 90624      |
| train/                  |            |
|    approx_kl            | 0.63241255 |
|    clip_fraction        | 0.355      |
|    clip_range           | 0.2        |
|    entropy_loss         | -0.545     |
|    explained_variance   | 5.96e-08   |
|    learning_rate        | 0.0003     |
|    loss                 | 6.19e+03   |
|    n_updates            | 1760       |
|    policy_gradient_loss | 0.0419     |
|    value_loss           | 1.38e+04   |
----------------------------------------
------------------------------------------
| rollout/                |              |
|    ep_len_mean          | 720          |
|    ep_rew_mean          | 3.1e+03      |
| time/                   |              |
|    fps                  | 90           |
|    iterations           | 178          |
|    time_elapsed         | 1010         |
|    total_timesteps      | 91136        |
| train/                  |              |
|    approx_kl            | 8.236761e-05 |
|    clip_fraction        | 0            |
|    clip_range           | 0.2          |
|    entropy_loss         | -0.253       |
|    explained_variance   | 5.96e-08     |
|    learning_rate        | 0.0003       |
|    loss                 | 1.92e+04     |
|    n_updates            | 1770         |
|    policy_gradient_loss | 0.000756     |
|    value_loss           | 4.05e+04     |
------------------------------------------
-------------------------------------------
| rollout/                |               |
|    ep_len_mean          | 720           |
|    ep_rew_mean          | 3.1e+03       |
| time/                   |               |
|    fps                  | 90            |
|    iterations           | 179           |
|    time_elapsed         | 1015          |
|    total_timesteps      | 91648         |
| train/                  |               |
|    approx_kl            | 0.00010667252 |
|    clip_fraction        | 0             |
|    clip_range           | 0.2           |
|    entropy_loss         | -0.413        |
|    explained_variance   | 1.19e-07      |
|    learning_rate        | 0.0003        |
|    loss                 | 6.77e+03      |
|    n_updates            | 1780          |
|    policy_gradient_loss | -0.000887     |
|    value_loss           | 1.69e+04      |
-------------------------------------------
-------------------------------------------
| rollout/                |               |
|    ep_len_mean          | 720           |
|    ep_rew_mean          | 3.07e+03      |
| time/                   |               |
|    fps                  | 90            |
|    iterations           | 180           |
|    time_elapsed         | 1022          |
|    total_timesteps      | 92160         |
| train/                  |               |
|    approx_kl            | 0.00031099812 |
|    clip_fraction        | 0.000977      |
|    clip_range           | 0.2           |
|    entropy_loss         | -0.421        |
|    explained_variance   | 2.38e-07      |
|    learning_rate        | 0.0003        |
|    loss                 | 1.02e+04      |
|    n_updates            | 1790          |
|    policy_gradient_loss | -0.00201      |
|    value_loss           | 2.01e+04      |
-------------------------------------------
-------------------------------------------
| rollout/                |               |
|    ep_len_mean          | 720           |
|    ep_rew_mean          | 3.07e+03      |
| time/                   |               |
|    fps                  | 90            |
|    iterations           | 181           |
|    time_elapsed         | 1027          |
|    total_timesteps      | 92672         |
| train/                  |               |
|    approx_kl            | 0.00020929571 |
|    clip_fraction        | 0             |
|    clip_range           | 0.2           |
|    entropy_loss         | -0.281        |
|    explained_variance   | 0             |
|    learning_rate        | 0.0003        |
|    loss                 | 7.9e+03       |
|    n_updates            | 1800          |
|    policy_gradient_loss | -0.00112      |
|    value_loss           | 1.75e+04      |
-------------------------------------------
-------------------------------------------
| rollout/                |               |
|    ep_len_mean          | 720           |
|    ep_rew_mean          | 3.09e+03      |
| time/                   |               |
|    fps                  | 90            |
|    iterations           | 182           |
|    time_elapsed         | 1033          |
|    total_timesteps      | 93184         |
| train/                  |               |
|    approx_kl            | 0.00033838744 |
|    clip_fraction        | 0             |
|    clip_range           | 0.2           |
|    entropy_loss         | -0.519        |
|    explained_variance   | 1.79e-07      |
|    learning_rate        | 0.0003        |
|    loss                 | 1.24e+04      |
|    n_updates            | 1810          |
|    policy_gradient_loss | -0.0015       |
|    value_loss           | 2.64e+04      |
-------------------------------------------
-------------------------------------------
| rollout/                |               |
|    ep_len_mean          | 720           |
|    ep_rew_mean          | 3.08e+03      |
| time/                   |               |
|    fps                  | 90            |
|    iterations           | 183           |
|    time_elapsed         | 1039          |
|    total_timesteps      | 93696         |
| train/                  |               |
|    approx_kl            | 0.00028799108 |
|    clip_fraction        | 0.000586      |
|    clip_range           | 0.2           |
|    entropy_loss         | -0.377        |
|    explained_variance   | 0             |
|    learning_rate        | 0.0003        |
|    loss                 | 1.03e+04      |
|    n_updates            | 1820          |
|    policy_gradient_loss | -0.00119      |
|    value_loss           | 2.22e+04      |
-------------------------------------------
-------------------------------------------
| rollout/                |               |
|    ep_len_mean          | 720           |
|    ep_rew_mean          | 3.08e+03      |
| time/                   |               |
|    fps                  | 90            |
|    iterations           | 184           |
|    time_elapsed         | 1044          |
|    total_timesteps      | 94208         |
| train/                  |               |
|    approx_kl            | 0.00030087074 |
|    clip_fraction        | 0             |
|    clip_range           | 0.2           |
|    entropy_loss         | -0.391        |
|    explained_variance   | 1.79e-07      |
|    learning_rate        | 0.0003        |
|    loss                 | 1.07e+04      |
|    n_updates            | 1830          |
|    policy_gradient_loss | -0.00158      |
|    value_loss           | 1.73e+04      |
-------------------------------------------
-------------------------------------------
| rollout/                |               |
|    ep_len_mean          | 720           |
|    ep_rew_mean          | 3.07e+03      |
| time/                   |               |
|    fps                  | 90            |
|    iterations           | 185           |
|    time_elapsed         | 1051          |
|    total_timesteps      | 94720         |
| train/                  |               |
|    approx_kl            | 0.00018426584 |
|    clip_fraction        | 0             |
|    clip_range           | 0.2           |
|    entropy_loss         | -0.274        |
|    explained_variance   | 2.38e-07      |
|    learning_rate        | 0.0003        |
|    loss                 | 1.7e+04       |
|    n_updates            | 1840          |
|    policy_gradient_loss | -0.00151      |
|    value_loss           | 3.18e+04      |
-------------------------------------------
-------------------------------------------
| rollout/                |               |
|    ep_len_mean          | 720           |
|    ep_rew_mean          | 3.03e+03      |
| time/                   |               |
|    fps                  | 90            |
|    iterations           | 186           |
|    time_elapsed         | 1057          |
|    total_timesteps      | 95232         |
| train/                  |               |
|    approx_kl            | 0.00020807622 |
|    clip_fraction        | 0             |
|    clip_range           | 0.2           |
|    entropy_loss         | -0.534        |
|    explained_variance   | 1.79e-07      |
|    learning_rate        | 0.0003        |
|    loss                 | 5.45e+03      |
|    n_updates            | 1850          |
|    policy_gradient_loss | -0.00111      |
|    value_loss           | 1.38e+04      |
-------------------------------------------
------------------------------------------
| rollout/                |              |
|    ep_len_mean          | 720          |
|    ep_rew_mean          | 3.03e+03     |
| time/                   |              |
|    fps                  | 90           |
|    iterations           | 187          |
|    time_elapsed         | 1062         |
|    total_timesteps      | 95744        |
| train/                  |              |
|    approx_kl            | 0.0007118178 |
|    clip_fraction        | 0.000586     |
|    clip_range           | 0.2          |
|    entropy_loss         | -0.518       |
|    explained_variance   | 5.96e-08     |
|    learning_rate        | 0.0003       |
|    loss                 | 9.38e+03     |
|    n_updates            | 1860         |
|    policy_gradient_loss | -0.00178     |
|    value_loss           | 1.54e+04     |
------------------------------------------
--------------------------------------------
| rollout/                |                |
|    ep_len_mean          | 720            |
|    ep_rew_mean          | 3.01e+03       |
| time/                   |                |
|    fps                  | 90             |
|    iterations           | 188            |
|    time_elapsed         | 1068           |
|    total_timesteps      | 96256          |
| train/                  |                |
|    approx_kl            | 0.000104948864 |
|    clip_fraction        | 0              |
|    clip_range           | 0.2            |
|    entropy_loss         | -0.322         |
|    explained_variance   | 1.79e-07       |
|    learning_rate        | 0.0003         |
|    loss                 | 1.17e+04       |
|    n_updates            | 1870           |
|    policy_gradient_loss | -0.000919      |
|    value_loss           | 1.91e+04       |
--------------------------------------------
-------------------------------------------
| rollout/                |               |
|    ep_len_mean          | 720           |
|    ep_rew_mean          | 3.01e+03      |
| time/                   |               |
|    fps                  | 90            |
|    iterations           | 189           |
|    time_elapsed         | 1074          |
|    total_timesteps      | 96768         |
| train/                  |               |
|    approx_kl            | 0.00016144541 |
|    clip_fraction        | 0             |
|    clip_range           | 0.2           |
|    entropy_loss         | -0.478        |
|    explained_variance   | 1.19e-07      |
|    learning_rate        | 0.0003        |
|    loss                 | 8.78e+03      |
|    n_updates            | 1880          |
|    policy_gradient_loss | -0.00104      |
|    value_loss           | 1.9e+04       |
-------------------------------------------
------------------------------------------
| rollout/                |              |
|    ep_len_mean          | 720          |
|    ep_rew_mean          | 2.99e+03     |
| time/                   |              |
|    fps                  | 90           |
|    iterations           | 190          |
|    time_elapsed         | 1080         |
|    total_timesteps      | 97280        |
| train/                  |              |
|    approx_kl            | 0.0020447262 |
|    clip_fraction        | 0.00605      |
|    clip_range           | 0.2          |
|    entropy_loss         | -0.527       |
|    explained_variance   | 5.96e-08     |
|    learning_rate        | 0.0003       |
|    loss                 | 1.05e+04     |
|    n_updates            | 1890         |
|    policy_gradient_loss | -0.00366     |
|    value_loss           | 1.67e+04     |
------------------------------------------
------------------------------------------
| rollout/                |              |
|    ep_len_mean          | 720          |
|    ep_rew_mean          | 2.99e+03     |
| time/                   |              |
|    fps                  | 90           |
|    iterations           | 191          |
|    time_elapsed         | 1086         |
|    total_timesteps      | 97792        |
| train/                  |              |
|    approx_kl            | 0.0004834383 |
|    clip_fraction        | 0.00117      |
|    clip_range           | 0.2          |
|    entropy_loss         | -0.337       |
|    explained_variance   | 0            |
|    learning_rate        | 0.0003       |
|    loss                 | 4.48e+03     |
|    n_updates            | 1900         |
|    policy_gradient_loss | -0.00211     |
|    value_loss           | 9.1e+03      |
------------------------------------------
-------------------------------------------
| rollout/                |               |
|    ep_len_mean          | 720           |
|    ep_rew_mean          | 2.99e+03      |
| time/                   |               |
|    fps                  | 90            |
|    iterations           | 192           |
|    time_elapsed         | 1091          |
|    total_timesteps      | 98304         |
| train/                  |               |
|    approx_kl            | 0.00020350113 |
|    clip_fraction        | 0             |
|    clip_range           | 0.2           |
|    entropy_loss         | -0.416        |
|    explained_variance   | 1.79e-07      |
|    learning_rate        | 0.0003        |
|    loss                 | 9.93e+03      |
|    n_updates            | 1910          |
|    policy_gradient_loss | -0.00153      |
|    value_loss           | 1.9e+04       |
-------------------------------------------
------------------------------------------
| rollout/                |              |
|    ep_len_mean          | 720          |
|    ep_rew_mean          | 2.98e+03     |
| time/                   |              |
|    fps                  | 90           |
|    iterations           | 193          |
|    time_elapsed         | 1097         |
|    total_timesteps      | 98816        |
| train/                  |              |
|    approx_kl            | 0.0024474808 |
|    clip_fraction        | 0.00859      |
|    clip_range           | 0.2          |
|    entropy_loss         | -0.587       |
|    explained_variance   | -1.19e-07    |
|    learning_rate        | 0.0003       |
|    loss                 | 6.36e+03     |
|    n_updates            | 1920         |
|    policy_gradient_loss | -0.00418     |
|    value_loss           | 1.2e+04      |
------------------------------------------
------------------------------------------
| rollout/                |              |
|    ep_len_mean          | 720          |
|    ep_rew_mean          | 2.98e+03     |
| time/                   |              |
|    fps                  | 90           |
|    iterations           | 194          |
|    time_elapsed         | 1103         |
|    total_timesteps      | 99328        |
| train/                  |              |
|    approx_kl            | 9.779574e-05 |
|    clip_fraction        | 0            |
|    clip_range           | 0.2          |
|    entropy_loss         | -0.37        |
|    explained_variance   | 0            |
|    learning_rate        | 0.0003       |
|    loss                 | 1.35e+04     |
|    n_updates            | 1930         |
|    policy_gradient_loss | -0.00114     |
|    value_loss           | 2.9e+04      |
------------------------------------------
------------------------------------------
| rollout/                |              |
|    ep_len_mean          | 720          |
|    ep_rew_mean          | 3e+03        |
| time/                   |              |
|    fps                  | 90           |
|    iterations           | 195          |
|    time_elapsed         | 1108         |
|    total_timesteps      | 99840        |
| train/                  |              |
|    approx_kl            | 0.0018389777 |
|    clip_fraction        | 0.00781      |
|    clip_range           | 0.2          |
|    entropy_loss         | -0.41        |
|    explained_variance   | 1.19e-07     |
|    learning_rate        | 0.0003       |
|    loss                 | 1.16e+04     |
|    n_updates            | 1940         |
|    policy_gradient_loss | -0.00483     |
|    value_loss           | 2.3e+04      |
------------------------------------------
------------------------------------------
| rollout/                |              |
|    ep_len_mean          | 720          |
|    ep_rew_mean          | 2.97e+03     |
| time/                   |              |
|    fps                  | 90           |
|    iterations           | 196          |
|    time_elapsed         | 1114         |
|    total_timesteps      | 100352       |
| train/                  |              |
|    approx_kl            | 0.0016306725 |
|    clip_fraction        | 0.00449      |
|    clip_range           | 0.2          |
|    entropy_loss         | -0.621       |
|    explained_variance   | 1.19e-07     |
|    learning_rate        | 0.0003       |
|    loss                 | 7.79e+03     |
|    n_updates            | 1950         |
|    policy_gradient_loss | -0.00458     |
|    value_loss           | 1.36e+04     |
------------------------------------------
-----------------------------------------
| rollout/                |             |
|    ep_len_mean          | 720         |
|    ep_rew_mean          | 2.96e+03    |
| time/                   |             |
|    fps                  | 90          |
|    iterations           | 197         |
|    time_elapsed         | 1120        |
|    total_timesteps      | 100864      |
| train/                  |             |
|    approx_kl            | 0.013218787 |
|    clip_fraction        | 0.0947      |
|    clip_range           | 0.2         |
|    entropy_loss         | -0.695      |
|    explained_variance   | 0           |
|    learning_rate        | 0.0003      |
|    loss                 | 2.86e+03    |
|    n_updates            | 1960        |
|    policy_gradient_loss | -0.0138     |
|    value_loss           | 5.8e+03     |
-----------------------------------------
------------------------------------------
| rollout/                |              |
|    ep_len_mean          | 720          |
|    ep_rew_mean          | 2.96e+03     |
| time/                   |              |
|    fps                  | 90           |
|    iterations           | 198          |
|    time_elapsed         | 1126         |
|    total_timesteps      | 101376       |
| train/                  |              |
|    approx_kl            | 0.0029783344 |
|    clip_fraction        | 0.0619       |
|    clip_range           | 0.2          |
|    entropy_loss         | -0.333       |
|    explained_variance   | 1.79e-07     |
|    learning_rate        | 0.0003       |
|    loss                 | 1.01e+04     |
|    n_updates            | 1970         |
|    policy_gradient_loss | -0.00389     |
|    value_loss           | 2.13e+04     |
------------------------------------------
------------------------------------------
| rollout/                |              |
|    ep_len_mean          | 720          |
|    ep_rew_mean          | 2.96e+03     |
| time/                   |              |
|    fps                  | 90           |
|    iterations           | 199          |
|    time_elapsed         | 1131         |
|    total_timesteps      | 101888       |
| train/                  |              |
|    approx_kl            | 0.0027226317 |
|    clip_fraction        | 0.0131       |
|    clip_range           | 0.2          |
|    entropy_loss         | -0.491       |
|    explained_variance   | 1.79e-07     |
|    learning_rate        | 0.0003       |
|    loss                 | 1.07e+04     |
|    n_updates            | 1980         |
|    policy_gradient_loss | -0.00514     |
|    value_loss           | 1.9e+04      |
------------------------------------------
-----------------------------------------
| rollout/                |             |
|    ep_len_mean          | 720         |
|    ep_rew_mean          | 2.93e+03    |
| time/                   |             |
|    fps                  | 90          |
|    iterations           | 200         |
|    time_elapsed         | 1137        |
|    total_timesteps      | 102400      |
| train/                  |             |
|    approx_kl            | 0.015186946 |
|    clip_fraction        | 0.137       |
|    clip_range           | 0.2         |
|    entropy_loss         | -0.635      |
|    explained_variance   | 1.19e-07    |
|    learning_rate        | 0.0003      |
|    loss                 | 5.92e+03    |
|    n_updates            | 1990        |
|    policy_gradient_loss | 0.00678     |
|    value_loss           | 1.35e+04    |
-----------------------------------------
------------------------------------------
| rollout/                |              |
|    ep_len_mean          | 720          |
|    ep_rew_mean          | 2.93e+03     |
| time/                   |              |
|    fps                  | 89           |
|    iterations           | 201          |
|    time_elapsed         | 1143         |
|    total_timesteps      | 102912       |
| train/                  |              |
|    approx_kl            | 0.0027741601 |
|    clip_fraction        | 0.0127       |
|    clip_range           | 0.2          |
|    entropy_loss         | -0.49        |
|    explained_variance   | 5.96e-08     |
|    learning_rate        | 0.0003       |
|    loss                 | 3.93e+03     |
|    n_updates            | 2000         |
|    policy_gradient_loss | -0.00498     |
|    value_loss           | 7.29e+03     |
------------------------------------------
-------------------------------------------
| rollout/                |               |
|    ep_len_mean          | 720           |
|    ep_rew_mean          | 2.94e+03      |
| time/                   |               |
|    fps                  | 89            |
|    iterations           | 202           |
|    time_elapsed         | 1149          |
|    total_timesteps      | 103424        |
| train/                  |               |
|    approx_kl            | 0.00039858284 |
|    clip_fraction        | 0             |
|    clip_range           | 0.2           |
|    entropy_loss         | -0.269        |
|    explained_variance   | 0             |
|    learning_rate        | 0.0003        |
|    loss                 | 1.08e+04      |
|    n_updates            | 2010          |
|    policy_gradient_loss | -0.00125      |
|    value_loss           | 2.22e+04      |
-------------------------------------------
------------------------------------------
| rollout/                |              |
|    ep_len_mean          | 720          |
|    ep_rew_mean          | 2.93e+03     |
| time/                   |              |
|    fps                  | 89           |
|    iterations           | 203          |
|    time_elapsed         | 1155         |
|    total_timesteps      | 103936       |
| train/                  |              |
|    approx_kl            | 0.0016882324 |
|    clip_fraction        | 0.00566      |
|    clip_range           | 0.2          |
|    entropy_loss         | -0.538       |
|    explained_variance   | 5.96e-08     |
|    learning_rate        | 0.0003       |
|    loss                 | 7.77e+03     |
|    n_updates            | 2020         |
|    policy_gradient_loss | -0.00261     |
|    value_loss           | 1.53e+04     |
------------------------------------------
-------------------------------------------
| rollout/                |               |
|    ep_len_mean          | 720           |
|    ep_rew_mean          | 2.94e+03      |
| time/                   |               |
|    fps                  | 89            |
|    iterations           | 204           |
|    time_elapsed         | 1160          |
|    total_timesteps      | 104448        |
| train/                  |               |
|    approx_kl            | 0.00035958173 |
|    clip_fraction        | 0             |
|    clip_range           | 0.2           |
|    entropy_loss         | -0.533        |
|    explained_variance   | 0             |
|    learning_rate        | 0.0003        |
|    loss                 | 1.19e+04      |
|    n_updates            | 2030          |
|    policy_gradient_loss | -0.0016       |
|    value_loss           | 2.04e+04      |
-------------------------------------------
-----------------------------------------
| rollout/                |             |
|    ep_len_mean          | 720         |
|    ep_rew_mean          | 2.94e+03    |
| time/                   |             |
|    fps                  | 90          |
|    iterations           | 205         |
|    time_elapsed         | 1165        |
|    total_timesteps      | 104960      |
| train/                  |             |
|    approx_kl            | 0.001724995 |
|    clip_fraction        | 0.0043      |
|    clip_range           | 0.2         |
|    entropy_loss         | -0.448      |
|    explained_variance   | 1.19e-07    |
|    learning_rate        | 0.0003      |
|    loss                 | 4.53e+03    |
|    n_updates            | 2040        |
|    policy_gradient_loss | -0.00279    |
|    value_loss           | 1.42e+04    |
-----------------------------------------
-------------------------------------------
| rollout/                |               |
|    ep_len_mean          | 720           |
|    ep_rew_mean          | 2.95e+03      |
| time/                   |               |
|    fps                  | 90            |
|    iterations           | 206           |
|    time_elapsed         | 1171          |
|    total_timesteps      | 105472        |
| train/                  |               |
|    approx_kl            | 0.00015040876 |
|    clip_fraction        | 0             |
|    clip_range           | 0.2           |
|    entropy_loss         | -0.377        |
|    explained_variance   | 0             |
|    learning_rate        | 0.0003        |
|    loss                 | 1.3e+04       |
|    n_updates            | 2050          |
|    policy_gradient_loss | -0.000739     |
|    value_loss           | 2.53e+04      |
-------------------------------------------
------------------------------------------
| rollout/                |              |
|    ep_len_mean          | 720          |
|    ep_rew_mean          | 2.93e+03     |
| time/                   |              |
|    fps                  | 90           |
|    iterations           | 207          |
|    time_elapsed         | 1176         |
|    total_timesteps      | 105984       |
| train/                  |              |
|    approx_kl            | 0.0049345065 |
|    clip_fraction        | 0.0451       |
|    clip_range           | 0.2          |
|    entropy_loss         | -0.772       |
|    explained_variance   | 0            |
|    learning_rate        | 0.0003       |
|    loss                 | 4.35e+03     |
|    n_updates            | 2060         |
|    policy_gradient_loss | -0.00517     |
|    value_loss           | 1.15e+04     |
------------------------------------------
------------------------------------------
| rollout/                |              |
|    ep_len_mean          | 720          |
|    ep_rew_mean          | 2.93e+03     |
| time/                   |              |
|    fps                  | 90           |
|    iterations           | 208          |
|    time_elapsed         | 1182         |
|    total_timesteps      | 106496       |
| train/                  |              |
|    approx_kl            | 0.0037505897 |
|    clip_fraction        | 0.0543       |
|    clip_range           | 0.2          |
|    entropy_loss         | -0.517       |
|    explained_variance   | 5.96e-08     |
|    learning_rate        | 0.0003       |
|    loss                 | 6.27e+03     |
|    n_updates            | 2070         |
|    policy_gradient_loss | -0.00352     |
|    value_loss           | 1.32e+04     |
------------------------------------------
-----------------------------------------
| rollout/                |             |
|    ep_len_mean          | 720         |
|    ep_rew_mean          | 2.93e+03    |
| time/                   |             |
|    fps                  | 90          |
|    iterations           | 209         |
|    time_elapsed         | 1188        |
|    total_timesteps      | 107008      |
| train/                  |             |
|    approx_kl            | 0.002538968 |
|    clip_fraction        | 0.0174      |
|    clip_range           | 0.2         |
|    entropy_loss         | -0.323      |
|    explained_variance   | 5.96e-08    |
|    learning_rate        | 0.0003      |
|    loss                 | 6.5e+03     |
|    n_updates            | 2080        |
|    policy_gradient_loss | -0.00626    |
|    value_loss           | 1.37e+04    |
-----------------------------------------
------------------------------------------
| rollout/                |              |
|    ep_len_mean          | 720          |
|    ep_rew_mean          | 2.93e+03     |
| time/                   |              |
|    fps                  | 90           |
|    iterations           | 210          |
|    time_elapsed         | 1193         |
|    total_timesteps      | 107520       |
| train/                  |              |
|    approx_kl            | 0.0016690767 |
|    clip_fraction        | 0.00547      |
|    clip_range           | 0.2          |
|    entropy_loss         | -0.446       |
|    explained_variance   | 1.19e-07     |
|    learning_rate        | 0.0003       |
|    loss                 | 7.45e+03     |
|    n_updates            | 2090         |
|    policy_gradient_loss | -0.00339     |
|    value_loss           | 1.52e+04     |
------------------------------------------
------------------------------------------
| rollout/                |              |
|    ep_len_mean          | 720          |
|    ep_rew_mean          | 2.94e+03     |
| time/                   |              |
|    fps                  | 90           |
|    iterations           | 211          |
|    time_elapsed         | 1199         |
|    total_timesteps      | 108032       |
| train/                  |              |
|    approx_kl            | 0.0005929281 |
|    clip_fraction        | 0            |
|    clip_range           | 0.2          |
|    entropy_loss         | -0.609       |
|    explained_variance   | 0            |
|    learning_rate        | 0.0003       |
|    loss                 | 8.71e+03     |
|    n_updates            | 2100         |
|    policy_gradient_loss | -0.00186     |
|    value_loss           | 1.48e+04     |
------------------------------------------
------------------------------------------
| rollout/                |              |
|    ep_len_mean          | 720          |
|    ep_rew_mean          | 2.94e+03     |
| time/                   |              |
|    fps                  | 90           |
|    iterations           | 212          |
|    time_elapsed         | 1204         |
|    total_timesteps      | 108544       |
| train/                  |              |
|    approx_kl            | 0.0012840347 |
|    clip_fraction        | 0.00371      |
|    clip_range           | 0.2          |
|    entropy_loss         | -0.368       |
|    explained_variance   | 1.19e-07     |
|    learning_rate        | 0.0003       |
|    loss                 | 8.74e+03     |
|    n_updates            | 2110         |
|    policy_gradient_loss | -0.00257     |
|    value_loss           | 1.54e+04     |
------------------------------------------
------------------------------------------
| rollout/                |              |
|    ep_len_mean          | 720          |
|    ep_rew_mean          | 2.93e+03     |
| time/                   |              |
|    fps                  | 90           |
|    iterations           | 213          |
|    time_elapsed         | 1210         |
|    total_timesteps      | 109056       |
| train/                  |              |
|    approx_kl            | 0.0033513457 |
|    clip_fraction        | 0.0236       |
|    clip_range           | 0.2          |
|    entropy_loss         | -0.534       |
|    explained_variance   | 5.96e-08     |
|    learning_rate        | 0.0003       |
|    loss                 | 9.58e+03     |
|    n_updates            | 2120         |
|    policy_gradient_loss | -0.00706     |
|    value_loss           | 1.73e+04     |
------------------------------------------
------------------------------------------
| rollout/                |              |
|    ep_len_mean          | 720          |
|    ep_rew_mean          | 2.93e+03     |
| time/                   |              |
|    fps                  | 90           |
|    iterations           | 214          |
|    time_elapsed         | 1215         |
|    total_timesteps      | 109568       |
| train/                  |              |
|    approx_kl            | 0.0024494675 |
|    clip_fraction        | 0.0209       |
|    clip_range           | 0.2          |
|    entropy_loss         | -0.619       |
|    explained_variance   | 1.19e-07     |
|    learning_rate        | 0.0003       |
|    loss                 | 6.72e+03     |
|    n_updates            | 2130         |
|    policy_gradient_loss | -0.00669     |
|    value_loss           | 1.21e+04     |
------------------------------------------
-------------------------------------------
| rollout/                |               |
|    ep_len_mean          | 720           |
|    ep_rew_mean          | 2.93e+03      |
| time/                   |               |
|    fps                  | 90            |
|    iterations           | 215           |
|    time_elapsed         | 1221          |
|    total_timesteps      | 110080        |
| train/                  |               |
|    approx_kl            | 0.00026887673 |
|    clip_fraction        | 0             |
|    clip_range           | 0.2           |
|    entropy_loss         | -0.451        |
|    explained_variance   | 1.19e-07      |
|    learning_rate        | 0.0003        |
|    loss                 | 1.02e+04      |
|    n_updates            | 2140          |
|    policy_gradient_loss | -0.00163      |
|    value_loss           | 2.02e+04      |
-------------------------------------------
-----------------------------------------
| rollout/                |             |
|    ep_len_mean          | 720         |
|    ep_rew_mean          | 2.92e+03    |
| time/                   |             |
|    fps                  | 90          |
|    iterations           | 216         |
|    time_elapsed         | 1226        |
|    total_timesteps      | 110592      |
| train/                  |             |
|    approx_kl            | 0.015608598 |
|    clip_fraction        | 0.0479      |
|    clip_range           | 0.2         |
|    entropy_loss         | -0.406      |
|    explained_variance   | 0           |
|    learning_rate        | 0.0003      |
|    loss                 | 5.43e+03    |
|    n_updates            | 2150        |
|    policy_gradient_loss | -0.0149     |
|    value_loss           | 9.91e+03    |
-----------------------------------------
------------------------------------------
| rollout/                |              |
|    ep_len_mean          | 720          |
|    ep_rew_mean          | 2.91e+03     |
| time/                   |              |
|    fps                  | 90           |
|    iterations           | 217          |
|    time_elapsed         | 1231         |
|    total_timesteps      | 111104       |
| train/                  |              |
|    approx_kl            | 0.0017252967 |
|    clip_fraction        | 0.00977      |
|    clip_range           | 0.2          |
|    entropy_loss         | -0.536       |
|    explained_variance   | 0            |
|    learning_rate        | 0.0003       |
|    loss                 | 9.32e+03     |
|    n_updates            | 2160         |
|    policy_gradient_loss | -0.00311     |
|    value_loss           | 1.57e+04     |
------------------------------------------
------------------------------------------
| rollout/                |              |
|    ep_len_mean          | 720          |
|    ep_rew_mean          | 2.92e+03     |
| time/                   |              |
|    fps                  | 90           |
|    iterations           | 218          |
|    time_elapsed         | 1237         |
|    total_timesteps      | 111616       |
| train/                  |              |
|    approx_kl            | 0.0048086997 |
|    clip_fraction        | 0.0252       |
|    clip_range           | 0.2          |
|    entropy_loss         | -0.497       |
|    explained_variance   | 0            |
|    learning_rate        | 0.0003       |
|    loss                 | 4.75e+03     |
|    n_updates            | 2170         |
|    policy_gradient_loss | -0.00533     |
|    value_loss           | 1.06e+04     |
------------------------------------------
-------------------------------------------
| rollout/                |               |
|    ep_len_mean          | 720           |
|    ep_rew_mean          | 2.92e+03      |
| time/                   |               |
|    fps                  | 90            |
|    iterations           | 219           |
|    time_elapsed         | 1242          |
|    total_timesteps      | 112128        |
| train/                  |               |
|    approx_kl            | 0.00031063758 |
|    clip_fraction        | 0             |
|    clip_range           | 0.2           |
|    entropy_loss         | -0.288        |
|    explained_variance   | 0             |
|    learning_rate        | 0.0003        |
|    loss                 | 1.19e+04      |
|    n_updates            | 2180          |
|    policy_gradient_loss | -0.00151      |
|    value_loss           | 2.4e+04       |
-------------------------------------------
------------------------------------------
| rollout/                |              |
|    ep_len_mean          | 720          |
|    ep_rew_mean          | 2.9e+03      |
| time/                   |              |
|    fps                  | 90           |
|    iterations           | 220          |
|    time_elapsed         | 1247         |
|    total_timesteps      | 112640       |
| train/                  |              |
|    approx_kl            | 0.0010913925 |
|    clip_fraction        | 0.00488      |
|    clip_range           | 0.2          |
|    entropy_loss         | -0.608       |
|    explained_variance   | 2.38e-07     |
|    learning_rate        | 0.0003       |
|    loss                 | 6.77e+03     |
|    n_updates            | 2190         |
|    policy_gradient_loss | -0.00401     |
|    value_loss           | 1.25e+04     |
------------------------------------------
-----------------------------------------
| rollout/                |             |
|    ep_len_mean          | 720         |
|    ep_rew_mean          | 2.87e+03    |
| time/                   |             |
|    fps                  | 90          |
|    iterations           | 221         |
|    time_elapsed         | 1253        |
|    total_timesteps      | 113152      |
| train/                  |             |
|    approx_kl            | 0.009974398 |
|    clip_fraction        | 0.135       |
|    clip_range           | 0.2         |
|    entropy_loss         | -0.669      |
|    explained_variance   | 0           |
|    learning_rate        | 0.0003      |
|    loss                 | 6.66e+03    |
|    n_updates            | 2200        |
|    policy_gradient_loss | -0.00403    |
|    value_loss           | 1.37e+04    |
-----------------------------------------
-----------------------------------------
| rollout/                |             |
|    ep_len_mean          | 720         |
|    ep_rew_mean          | 2.87e+03    |
| time/                   |             |
|    fps                  | 90          |
|    iterations           | 222         |
|    time_elapsed         | 1258        |
|    total_timesteps      | 113664      |
| train/                  |             |
|    approx_kl            | 0.013374211 |
|    clip_fraction        | 0.231       |
|    clip_range           | 0.2         |
|    entropy_loss         | -0.655      |
|    explained_variance   | -1.19e-07   |
|    learning_rate        | 0.0003      |
|    loss                 | 4.01e+03    |
|    n_updates            | 2210        |
|    policy_gradient_loss | 0.0115      |
|    value_loss           | 8.57e+03    |
-----------------------------------------
-----------------------------------------
| rollout/                |             |
|    ep_len_mean          | 720         |
|    ep_rew_mean          | 2.87e+03    |
| time/                   |             |
|    fps                  | 90          |
|    iterations           | 223         |
|    time_elapsed         | 1264        |
|    total_timesteps      | 114176      |
| train/                  |             |
|    approx_kl            | 0.001430793 |
|    clip_fraction        | 0.0197      |
|    clip_range           | 0.2         |
|    entropy_loss         | -0.573      |
|    explained_variance   | 5.96e-08    |
|    learning_rate        | 0.0003      |
|    loss                 | 9.18e+03    |
|    n_updates            | 2220        |
|    policy_gradient_loss | -0.0043     |
|    value_loss           | 1.55e+04    |
-----------------------------------------
-----------------------------------------
| rollout/                |             |
|    ep_len_mean          | 720         |
|    ep_rew_mean          | 2.85e+03    |
| time/                   |             |
|    fps                  | 90          |
|    iterations           | 224         |
|    time_elapsed         | 1269        |
|    total_timesteps      | 114688      |
| train/                  |             |
|    approx_kl            | 0.002542098 |
|    clip_fraction        | 0.0332      |
|    clip_range           | 0.2         |
|    entropy_loss         | -0.702      |
|    explained_variance   | 5.96e-08    |
|    learning_rate        | 0.0003      |
|    loss                 | 4.21e+03    |
|    n_updates            | 2230        |
|    policy_gradient_loss | -0.00396    |
|    value_loss           | 7.77e+03    |
-----------------------------------------
-----------------------------------------
| rollout/                |             |
|    ep_len_mean          | 720         |
|    ep_rew_mean          | 2.83e+03    |
| time/                   |             |
|    fps                  | 90          |
|    iterations           | 225         |
|    time_elapsed         | 1275        |
|    total_timesteps      | 115200      |
| train/                  |             |
|    approx_kl            | 0.019562237 |
|    clip_fraction        | 0.219       |
|    clip_range           | 0.2         |
|    entropy_loss         | -0.721      |
|    explained_variance   | 0           |
|    learning_rate        | 0.0003      |
|    loss                 | 5.51e+03    |
|    n_updates            | 2240        |
|    policy_gradient_loss | -0.00906    |
|    value_loss           | 1.19e+04    |
-----------------------------------------
-----------------------------------------
| rollout/                |             |
|    ep_len_mean          | 720         |
|    ep_rew_mean          | 2.83e+03    |
| time/                   |             |
|    fps                  | 90          |
|    iterations           | 226         |
|    time_elapsed         | 1280        |
|    total_timesteps      | 115712      |
| train/                  |             |
|    approx_kl            | 0.003978854 |
|    clip_fraction        | 0.0838      |
|    clip_range           | 0.2         |
|    entropy_loss         | -0.548      |
|    explained_variance   | 1.79e-07    |
|    learning_rate        | 0.0003      |
|    loss                 | 3.25e+03    |
|    n_updates            | 2250        |
|    policy_gradient_loss | -0.00407    |
|    value_loss           | 6.58e+03    |
-----------------------------------------
------------------------------------------
| rollout/                |              |
|    ep_len_mean          | 720          |
|    ep_rew_mean          | 2.83e+03     |
| time/                   |              |
|    fps                  | 90           |
|    iterations           | 227          |
|    time_elapsed         | 1285         |
|    total_timesteps      | 116224       |
| train/                  |              |
|    approx_kl            | 0.0026452523 |
|    clip_fraction        | 0.00879      |
|    clip_range           | 0.2          |
|    entropy_loss         | -0.667       |
|    explained_variance   | 3.58e-07     |
|    learning_rate        | 0.0003       |
|    loss                 | 5.42e+03     |
|    n_updates            | 2260         |
|    policy_gradient_loss | -0.0037      |
|    value_loss           | 1.26e+04     |
------------------------------------------
------------------------------------------
| rollout/                |              |
|    ep_len_mean          | 720          |
|    ep_rew_mean          | 2.8e+03      |
| time/                   |              |
|    fps                  | 90           |
|    iterations           | 228          |
|    time_elapsed         | 1290         |
|    total_timesteps      | 116736       |
| train/                  |              |
|    approx_kl            | 0.0068559884 |
|    clip_fraction        | 0.073        |
|    clip_range           | 0.2          |
|    entropy_loss         | -0.771       |
|    explained_variance   | 1.19e-07     |
|    learning_rate        | 0.0003       |
|    loss                 | 3.79e+03     |
|    n_updates            | 2270         |
|    policy_gradient_loss | -0.0121      |
|    value_loss           | 6.86e+03     |
------------------------------------------
-----------------------------------------
| rollout/                |             |
|    ep_len_mean          | 720         |
|    ep_rew_mean          | 2.8e+03     |
| time/                   |             |
|    fps                  | 90          |
|    iterations           | 229         |
|    time_elapsed         | 1295        |
|    total_timesteps      | 117248      |
| train/                  |             |
|    approx_kl            | 0.010346636 |
|    clip_fraction        | 0.0582      |
|    clip_range           | 0.2         |
|    entropy_loss         | -0.564      |
|    explained_variance   | 2.38e-07    |
|    learning_rate        | 0.0003      |
|    loss                 | 6.16e+03    |
|    n_updates            | 2280        |
|    policy_gradient_loss | -0.00372    |
|    value_loss           | 1.23e+04    |
-----------------------------------------
-----------------------------------------
| rollout/                |             |
|    ep_len_mean          | 720         |
|    ep_rew_mean          | 2.77e+03    |
| time/                   |             |
|    fps                  | 90          |
|    iterations           | 230         |
|    time_elapsed         | 1300        |
|    total_timesteps      | 117760      |
| train/                  |             |
|    approx_kl            | 0.012111144 |
|    clip_fraction        | 0.11        |
|    clip_range           | 0.2         |
|    entropy_loss         | -0.547      |
|    explained_variance   | 2.5e-06     |
|    learning_rate        | 0.0003      |
|    loss                 | 3.59e+03    |
|    n_updates            | 2290        |
|    policy_gradient_loss | -0.00362    |
|    value_loss           | 1.22e+04    |
-----------------------------------------
-------------------------------------------
| rollout/                |               |
|    ep_len_mean          | 720           |
|    ep_rew_mean          | 2.72e+03      |
| time/                   |               |
|    fps                  | 90            |
|    iterations           | 231           |
|    time_elapsed         | 1305          |
|    total_timesteps      | 118272        |
| train/                  |               |
|    approx_kl            | 7.8837926e-05 |
|    clip_fraction        | 0             |
|    clip_range           | 0.2           |
|    entropy_loss         | -0.816        |
|    explained_variance   | 0.181         |
|    learning_rate        | 0.0003        |
|    loss                 | 1.38e+03      |
|    n_updates            | 2300          |
|    policy_gradient_loss | -0.000766     |
|    value_loss           | 5.14e+03      |
-------------------------------------------
-------------------------------------------
| rollout/                |               |
|    ep_len_mean          | 720           |
|    ep_rew_mean          | 2.72e+03      |
| time/                   |               |
|    fps                  | 90            |
|    iterations           | 232           |
|    time_elapsed         | 1311          |
|    total_timesteps      | 118784        |
| train/                  |               |
|    approx_kl            | 3.1222942e-05 |
|    clip_fraction        | 0             |
|    clip_range           | 0.2           |
|    entropy_loss         | -0.588        |
|    explained_variance   | 0.426         |
|    learning_rate        | 0.0003        |
|    loss                 | 3.32e+03      |
|    n_updates            | 2310          |
|    policy_gradient_loss | -0.00041      |
|    value_loss           | 8.79e+03      |
-------------------------------------------
-------------------------------------------
| rollout/                |               |
|    ep_len_mean          | 720           |
|    ep_rew_mean          | 2.71e+03      |
| time/                   |               |
|    fps                  | 90            |
|    iterations           | 233           |
|    time_elapsed         | 1316          |
|    total_timesteps      | 119296        |
| train/                  |               |
|    approx_kl            | 1.1803161e-05 |
|    clip_fraction        | 0             |
|    clip_range           | 0.2           |
|    entropy_loss         | -0.415        |
|    explained_variance   | 0.511         |
|    learning_rate        | 0.0003        |
|    loss                 | 4.77e+03      |
|    n_updates            | 2320          |
|    policy_gradient_loss | -0.000232     |
|    value_loss           | 1.04e+04      |
-------------------------------------------
------------------------------------------
| rollout/                |              |
|    ep_len_mean          | 720          |
|    ep_rew_mean          | 2.68e+03     |
| time/                   |              |
|    fps                  | 90           |
|    iterations           | 234          |
|    time_elapsed         | 1322         |
|    total_timesteps      | 119808       |
| train/                  |              |
|    approx_kl            | 6.010529e-05 |
|    clip_fraction        | 0            |
|    clip_range           | 0.2          |
|    entropy_loss         | -0.618       |
|    explained_variance   | 0.511        |
|    learning_rate        | 0.0003       |
|    loss                 | 2.32e+03     |
|    n_updates            | 2330         |
|    policy_gradient_loss | -0.000458    |
|    value_loss           | 6.29e+03     |
------------------------------------------
------------------------------------------
| rollout/                |              |
|    ep_len_mean          | 720          |
|    ep_rew_mean          | 2.66e+03     |
| time/                   |              |
|    fps                  | 90           |
|    iterations           | 235          |
|    time_elapsed         | 1327         |
|    total_timesteps      | 120320       |
| train/                  |              |
|    approx_kl            | 6.406405e-06 |
|    clip_fraction        | 0            |
|    clip_range           | 0.2          |
|    entropy_loss         | -0.579       |
|    explained_variance   | 0.472        |
|    learning_rate        | 0.0003       |
|    loss                 | 4.1e+03      |
|    n_updates            | 2340         |
|    policy_gradient_loss | -0.000142    |
|    value_loss           | 9.4e+03      |
------------------------------------------
-------------------------------------------
| rollout/                |               |
|    ep_len_mean          | 720           |
|    ep_rew_mean          | 2.66e+03      |
| time/                   |               |
|    fps                  | 90            |
|    iterations           | 236           |
|    time_elapsed         | 1332          |
|    total_timesteps      | 120832        |
| train/                  |               |
|    approx_kl            | 2.0742358e-05 |
|    clip_fraction        | 0             |
|    clip_range           | 0.2           |
|    entropy_loss         | -0.428        |
|    explained_variance   | 0.47          |
|    learning_rate        | 0.0003        |
|    loss                 | 5.77e+03      |
|    n_updates            | 2350          |
|    policy_gradient_loss | -0.000321     |
|    value_loss           | 1.1e+04       |
-------------------------------------------
------------------------------------------
| rollout/                |              |
|    ep_len_mean          | 720          |
|    ep_rew_mean          | 2.63e+03     |
| time/                   |              |
|    fps                  | 90           |
|    iterations           | 237          |
|    time_elapsed         | 1338         |
|    total_timesteps      | 121344       |
| train/                  |              |
|    approx_kl            | 9.408868e-07 |
|    clip_fraction        | 0            |
|    clip_range           | 0.2          |
|    entropy_loss         | -0.498       |
|    explained_variance   | 0.674        |
|    learning_rate        | 0.0003       |
|    loss                 | 2.44e+03     |
|    n_updates            | 2360         |
|    policy_gradient_loss | -4.11e-05    |
|    value_loss           | 7.39e+03     |
------------------------------------------
-------------------------------------------
| rollout/                |               |
|    ep_len_mean          | 720           |
|    ep_rew_mean          | 2.59e+03      |
| time/                   |               |
|    fps                  | 90            |
|    iterations           | 238           |
|    time_elapsed         | 1343          |
|    total_timesteps      | 121856        |
| train/                  |               |
|    approx_kl            | 3.6856785e-05 |
|    clip_fraction        | 0             |
|    clip_range           | 0.2           |
|    entropy_loss         | -0.778        |
|    explained_variance   | 0.701         |
|    learning_rate        | 0.0003        |
|    loss                 | 1.17e+03      |
|    n_updates            | 2370          |
|    policy_gradient_loss | -0.000407     |
|    value_loss           | 4.64e+03      |
-------------------------------------------
-------------------------------------------
| rollout/                |               |
|    ep_len_mean          | 720           |
|    ep_rew_mean          | 2.59e+03      |
| time/                   |               |
|    fps                  | 90            |
|    iterations           | 239           |
|    time_elapsed         | 1349          |
|    total_timesteps      | 122368        |
| train/                  |               |
|    approx_kl            | 5.6912024e-05 |
|    clip_fraction        | 0             |
|    clip_range           | 0.2           |
|    entropy_loss         | -0.583        |
|    explained_variance   | 0.614         |
|    learning_rate        | 0.0003        |
|    loss                 | 1.42e+03      |
|    n_updates            | 2380          |
|    policy_gradient_loss | -0.000364     |
|    value_loss           | 5.69e+03      |
-------------------------------------------
-------------------------------------------
| rollout/                |               |
|    ep_len_mean          | 720           |
|    ep_rew_mean          | 2.57e+03      |
| time/                   |               |
|    fps                  | 90            |
|    iterations           | 240           |
|    time_elapsed         | 1354          |
|    total_timesteps      | 122880        |
| train/                  |               |
|    approx_kl            | 3.5081066e-05 |
|    clip_fraction        | 0             |
|    clip_range           | 0.2           |
|    entropy_loss         | -0.466        |
|    explained_variance   | 0.392         |
|    learning_rate        | 0.0003        |
|    loss                 | 5.37e+03      |
|    n_updates            | 2390          |
|    policy_gradient_loss | -0.000358     |
|    value_loss           | 1.15e+04      |
-------------------------------------------
------------------------------------------
| rollout/                |              |
|    ep_len_mean          | 720          |
|    ep_rew_mean          | 2.51e+03     |
| time/                   |              |
|    fps                  | 90           |
|    iterations           | 241          |
|    time_elapsed         | 1360         |
|    total_timesteps      | 123392       |
| train/                  |              |
|    approx_kl            | 9.942167e-06 |
|    clip_fraction        | 0            |
|    clip_range           | 0.2          |
|    entropy_loss         | -0.653       |
|    explained_variance   | 0.714        |
|    learning_rate        | 0.0003       |
|    loss                 | 2.74e+03     |
|    n_updates            | 2400         |
|    policy_gradient_loss | -0.000198    |
|    value_loss           | 5.3e+03      |
------------------------------------------
-------------------------------------------
| rollout/                |               |
|    ep_len_mean          | 720           |
|    ep_rew_mean          | 2.49e+03      |
| time/                   |               |
|    fps                  | 90            |
|    iterations           | 242           |
|    time_elapsed         | 1366          |
|    total_timesteps      | 123904        |
| train/                  |               |
|    approx_kl            | 0.00031003932 |
|    clip_fraction        | 0             |
|    clip_range           | 0.2           |
|    entropy_loss         | -0.598        |
|    explained_variance   | 0.782         |
|    learning_rate        | 0.0003        |
|    loss                 | 1.31e+03      |
|    n_updates            | 2410          |
|    policy_gradient_loss | -0.00111      |
|    value_loss           | 4.6e+03       |
-------------------------------------------
--------------------------------------------
| rollout/                |                |
|    ep_len_mean          | 720            |
|    ep_rew_mean          | 2.49e+03       |
| time/                   |                |
|    fps                  | 90             |
|    iterations           | 243            |
|    time_elapsed         | 1371           |
|    total_timesteps      | 124416         |
| train/                  |                |
|    approx_kl            | 0.000113567316 |
|    clip_fraction        | 0              |
|    clip_range           | 0.2            |
|    entropy_loss         | -0.448         |
|    explained_variance   | 0.631          |
|    learning_rate        | 0.0003         |
|    loss                 | 2.55e+03       |
|    n_updates            | 2420           |
|    policy_gradient_loss | -0.00024       |
|    value_loss           | 6.21e+03       |
--------------------------------------------
-------------------------------------------
| rollout/                |               |
|    ep_len_mean          | 720           |
|    ep_rew_mean          | 2.44e+03      |
| time/                   |               |
|    fps                  | 90            |
|    iterations           | 244           |
|    time_elapsed         | 1376          |
|    total_timesteps      | 124928        |
| train/                  |               |
|    approx_kl            | 3.6868478e-06 |
|    clip_fraction        | 0             |
|    clip_range           | 0.2           |
|    entropy_loss         | -0.541        |
|    explained_variance   | 0.612         |
|    learning_rate        | 0.0003        |
|    loss                 | 3.15e+03      |
|    n_updates            | 2430          |
|    policy_gradient_loss | -0.000117     |
|    value_loss           | 6.64e+03      |
-------------------------------------------
------------------------------------------
| rollout/                |              |
|    ep_len_mean          | 720          |
|    ep_rew_mean          | 2.43e+03     |
| time/                   |              |
|    fps                  | 90           |
|    iterations           | 245          |
|    time_elapsed         | 1382         |
|    total_timesteps      | 125440       |
| train/                  |              |
|    approx_kl            | 9.355813e-05 |
|    clip_fraction        | 0            |
|    clip_range           | 0.2          |
|    entropy_loss         | -0.623       |
|    explained_variance   | 0.73         |
|    learning_rate        | 0.0003       |
|    loss                 | 3.75e+03     |
|    n_updates            | 2440         |
|    policy_gradient_loss | -0.00077     |
|    value_loss           | 7.13e+03     |
------------------------------------------
-----------------------------------------
| rollout/                |             |
|    ep_len_mean          | 720         |
|    ep_rew_mean          | 2.43e+03    |
| time/                   |             |
|    fps                  | 90          |
|    iterations           | 246         |
|    time_elapsed         | 1388        |
|    total_timesteps      | 125952      |
| train/                  |             |
|    approx_kl            | 8.03898e-05 |
|    clip_fraction        | 0           |
|    clip_range           | 0.2         |
|    entropy_loss         | -0.531      |
|    explained_variance   | 0.797       |
|    learning_rate        | 0.0003      |
|    loss                 | 2.12e+03    |
|    n_updates            | 2450        |
|    policy_gradient_loss | -0.000744   |
|    value_loss           | 5.98e+03    |
-----------------------------------------
-------------------------------------------
| rollout/                |               |
|    ep_len_mean          | 720           |
|    ep_rew_mean          | 2.41e+03      |
| time/                   |               |
|    fps                  | 90            |
|    iterations           | 247           |
|    time_elapsed         | 1393          |
|    total_timesteps      | 126464        |
| train/                  |               |
|    approx_kl            | 1.7415316e-05 |
|    clip_fraction        | 0             |
|    clip_range           | 0.2           |
|    entropy_loss         | -0.403        |
|    explained_variance   | 0.551         |
|    learning_rate        | 0.0003        |
|    loss                 | 3.86e+03      |
|    n_updates            | 2460          |
|    policy_gradient_loss | -0.000194     |
|    value_loss           | 8.24e+03      |
-------------------------------------------
------------------------------------------
| rollout/                |              |
|    ep_len_mean          | 720          |
|    ep_rew_mean          | 2.4e+03      |
| time/                   |              |
|    fps                  | 90           |
|    iterations           | 248          |
|    time_elapsed         | 1399         |
|    total_timesteps      | 126976       |
| train/                  |              |
|    approx_kl            | 0.0002001829 |
|    clip_fraction        | 0            |
|    clip_range           | 0.2          |
|    entropy_loss         | -0.582       |
|    explained_variance   | 0.73         |
|    learning_rate        | 0.0003       |
|    loss                 | 4.1e+03      |
|    n_updates            | 2470         |
|    policy_gradient_loss | -0.00083     |
|    value_loss           | 8.57e+03     |
------------------------------------------
-------------------------------------------
| rollout/                |               |
|    ep_len_mean          | 720           |
|    ep_rew_mean          | 2.37e+03      |
| time/                   |               |
|    fps                  | 90            |
|    iterations           | 249           |
|    time_elapsed         | 1405          |
|    total_timesteps      | 127488        |
| train/                  |               |
|    approx_kl            | 0.00011717583 |
|    clip_fraction        | 0             |
|    clip_range           | 0.2           |
|    entropy_loss         | -0.477        |
|    explained_variance   | 0.537         |
|    learning_rate        | 0.0003        |
|    loss                 | 4.41e+03      |
|    n_updates            | 2480          |
|    policy_gradient_loss | -0.000575     |
|    value_loss           | 7.71e+03      |
-------------------------------------------
------------------------------------------
| rollout/                |              |
|    ep_len_mean          | 720          |
|    ep_rew_mean          | 2.37e+03     |
| time/                   |              |
|    fps                  | 90           |
|    iterations           | 250          |
|    time_elapsed         | 1410         |
|    total_timesteps      | 128000       |
| train/                  |              |
|    approx_kl            | 1.315811e-05 |
|    clip_fraction        | 0            |
|    clip_range           | 0.2          |
|    entropy_loss         | -0.455       |
|    explained_variance   | 0.671        |
|    learning_rate        | 0.0003       |
|    loss                 | 4.73e+03     |
|    n_updates            | 2490         |
|    policy_gradient_loss | -0.00017     |
|    value_loss           | 8.14e+03     |
------------------------------------------
-------------------------------------------
| rollout/                |               |
|    ep_len_mean          | 720           |
|    ep_rew_mean          | 2.34e+03      |
| time/                   |               |
|    fps                  | 90            |
|    iterations           | 251           |
|    time_elapsed         | 1416          |
|    total_timesteps      | 128512        |
| train/                  |               |
|    approx_kl            | 0.00041614202 |
|    clip_fraction        | 0             |
|    clip_range           | 0.2           |
|    entropy_loss         | -0.571        |
|    explained_variance   | 0.544         |
|    learning_rate        | 0.0003        |
|    loss                 | 5.19e+03      |
|    n_updates            | 2500          |
|    policy_gradient_loss | -0.0011       |
|    value_loss           | 1.07e+04      |
-------------------------------------------
-------------------------------------------
| rollout/                |               |
|    ep_len_mean          | 720           |
|    ep_rew_mean          | 2.32e+03      |
| time/                   |               |
|    fps                  | 90            |
|    iterations           | 252           |
|    time_elapsed         | 1421          |
|    total_timesteps      | 129024        |
| train/                  |               |
|    approx_kl            | 0.00042841263 |
|    clip_fraction        | 0             |
|    clip_range           | 0.2           |
|    entropy_loss         | -0.699        |
|    explained_variance   | 0.515         |
|    learning_rate        | 0.0003        |
|    loss                 | 1.7e+03       |
|    n_updates            | 2510          |
|    policy_gradient_loss | -0.00111      |
|    value_loss           | 3.85e+03      |
-------------------------------------------
-----------------------------------------
| rollout/                |             |
|    ep_len_mean          | 720         |
|    ep_rew_mean          | 2.32e+03    |
| time/                   |             |
|    fps                  | 90          |
|    iterations           | 253         |
|    time_elapsed         | 1427        |
|    total_timesteps      | 129536      |
| train/                  |             |
|    approx_kl            | 4.83322e-05 |
|    clip_fraction        | 0           |
|    clip_range           | 0.2         |
|    entropy_loss         | -0.658      |
|    explained_variance   | 0.588       |
|    learning_rate        | 0.0003      |
|    loss                 | 2.85e+03    |
|    n_updates            | 2520        |
|    policy_gradient_loss | -0.000806   |
|    value_loss           | 5.9e+03     |
-----------------------------------------
-------------------------------------------
| rollout/                |               |
|    ep_len_mean          | 720           |
|    ep_rew_mean          | 2.31e+03      |
| time/                   |               |
|    fps                  | 90            |
|    iterations           | 254           |
|    time_elapsed         | 1433          |
|    total_timesteps      | 130048        |
| train/                  |               |
|    approx_kl            | 0.00054452906 |
|    clip_fraction        | 0             |
|    clip_range           | 0.2           |
|    entropy_loss         | -0.361        |
|    explained_variance   | 0.287         |
|    learning_rate        | 0.0003        |
|    loss                 | 4.41e+03      |
|    n_updates            | 2530          |
|    policy_gradient_loss | -0.00117      |
|    value_loss           | 1.12e+04      |
-------------------------------------------
------------------------------------------
| rollout/                |              |
|    ep_len_mean          | 720          |
|    ep_rew_mean          | 2.27e+03     |
| time/                   |              |
|    fps                  | 90           |
|    iterations           | 255          |
|    time_elapsed         | 1438         |
|    total_timesteps      | 130560       |
| train/                  |              |
|    approx_kl            | 8.474833e-05 |
|    clip_fraction        | 0            |
|    clip_range           | 0.2          |
|    entropy_loss         | -0.432       |
|    explained_variance   | 0.762        |
|    learning_rate        | 0.0003       |
|    loss                 | 1.87e+03     |
|    n_updates            | 2540         |
|    policy_gradient_loss | -0.000868    |
|    value_loss           | 5.01e+03     |
------------------------------------------
-------------------------------------------
| rollout/                |               |
|    ep_len_mean          | 720           |
|    ep_rew_mean          | 2.26e+03      |
| time/                   |               |
|    fps                  | 90            |
|    iterations           | 256           |
|    time_elapsed         | 1444          |
|    total_timesteps      | 131072        |
| train/                  |               |
|    approx_kl            | 1.2696124e-05 |
|    clip_fraction        | 0             |
|    clip_range           | 0.2           |
|    entropy_loss         | -0.627        |
|    explained_variance   | 0.621         |
|    learning_rate        | 0.0003        |
|    loss                 | 5.42e+03      |
|    n_updates            | 2550          |
|    policy_gradient_loss | -0.000267     |
|    value_loss           | 1.16e+04      |
-------------------------------------------
-------------------------------------------
| rollout/                |               |
|    ep_len_mean          | 720           |
|    ep_rew_mean          | 2.26e+03      |
| time/                   |               |
|    fps                  | 90            |
|    iterations           | 257           |
|    time_elapsed         | 1449          |
|    total_timesteps      | 131584        |
| train/                  |               |
|    approx_kl            | 0.00016724026 |
|    clip_fraction        | 0             |
|    clip_range           | 0.2           |
|    entropy_loss         | -0.375        |
|    explained_variance   | 0.577         |
|    learning_rate        | 0.0003        |
|    loss                 | 2.6e+03       |
|    n_updates            | 2560          |
|    policy_gradient_loss | -0.000646     |
|    value_loss           | 5.67e+03      |
-------------------------------------------
-------------------------------------------
| rollout/                |               |
|    ep_len_mean          | 720           |
|    ep_rew_mean          | 2.27e+03      |
| time/                   |               |
|    fps                  | 90            |
|    iterations           | 258           |
|    time_elapsed         | 1455          |
|    total_timesteps      | 132096        |
| train/                  |               |
|    approx_kl            | 0.00013087063 |
|    clip_fraction        | 0             |
|    clip_range           | 0.2           |
|    entropy_loss         | -0.651        |
|    explained_variance   | 0.696         |
|    learning_rate        | 0.0003        |
|    loss                 | 2.37e+03      |
|    n_updates            | 2570          |
|    policy_gradient_loss | -0.00144      |
|    value_loss           | 5.1e+03       |
-------------------------------------------
------------------------------------------
| rollout/                |              |
|    ep_len_mean          | 720          |
|    ep_rew_mean          | 2.28e+03     |
| time/                   |              |
|    fps                  | 90           |
|    iterations           | 259          |
|    time_elapsed         | 1461         |
|    total_timesteps      | 132608       |
| train/                  |              |
|    approx_kl            | 0.0043218387 |
|    clip_fraction        | 0.0289       |
|    clip_range           | 0.2          |
|    entropy_loss         | -0.528       |
|    explained_variance   | 0.478        |
|    learning_rate        | 0.0003       |
|    loss                 | 3.92e+03     |
|    n_updates            | 2580         |
|    policy_gradient_loss | -0.00722     |
|    value_loss           | 5.88e+03     |
------------------------------------------
------------------------------------------
| rollout/                |              |
|    ep_len_mean          | 720          |
|    ep_rew_mean          | 2.28e+03     |
| time/                   |              |
|    fps                  | 90           |
|    iterations           | 260          |
|    time_elapsed         | 1466         |
|    total_timesteps      | 133120       |
| train/                  |              |
|    approx_kl            | 0.0015768679 |
|    clip_fraction        | 0.00293      |
|    clip_range           | 0.2          |
|    entropy_loss         | -0.449       |
|    explained_variance   | 0.431        |
|    learning_rate        | 0.0003       |
|    loss                 | 4.57e+03     |
|    n_updates            | 2590         |
|    policy_gradient_loss | -0.00301     |
|    value_loss           | 9.72e+03     |
------------------------------------------
------------------------------------------
| rollout/                |              |
|    ep_len_mean          | 720          |
|    ep_rew_mean          | 2.29e+03     |
| time/                   |              |
|    fps                  | 90           |
|    iterations           | 261          |
|    time_elapsed         | 1472         |
|    total_timesteps      | 133632       |
| train/                  |              |
|    approx_kl            | 9.614864e-05 |
|    clip_fraction        | 0            |
|    clip_range           | 0.2          |
|    entropy_loss         | -0.21        |
|    explained_variance   | 0.513        |
|    learning_rate        | 0.0003       |
|    loss                 | 8.79e+03     |
|    n_updates            | 2600         |
|    policy_gradient_loss | -0.000928    |
|    value_loss           | 2.08e+04     |
------------------------------------------
------------------------------------------
| rollout/                |              |
|    ep_len_mean          | 720          |
|    ep_rew_mean          | 2.31e+03     |
| time/                   |              |
|    fps                  | 90           |
|    iterations           | 262          |
|    time_elapsed         | 1478         |
|    total_timesteps      | 134144       |
| train/                  |              |
|    approx_kl            | 7.598399e-05 |
|    clip_fraction        | 0            |
|    clip_range           | 0.2          |
|    entropy_loss         | -0.474       |
|    explained_variance   | 0.547        |
|    learning_rate        | 0.0003       |
|    loss                 | 2.87e+03     |
|    n_updates            | 2610         |
|    policy_gradient_loss | -0.000364    |
|    value_loss           | 6.18e+03     |
------------------------------------------
------------------------------------------
| rollout/                |              |
|    ep_len_mean          | 720          |
|    ep_rew_mean          | 2.27e+03     |
| time/                   |              |
|    fps                  | 90           |
|    iterations           | 263          |
|    time_elapsed         | 1483         |
|    total_timesteps      | 134656       |
| train/                  |              |
|    approx_kl            | 0.0006561301 |
|    clip_fraction        | 0.00137      |
|    clip_range           | 0.2          |
|    entropy_loss         | -0.436       |
|    explained_variance   | 0.448        |
|    learning_rate        | 0.0003       |
|    loss                 | 6.62e+03     |
|    n_updates            | 2620         |
|    policy_gradient_loss | -0.00195     |
|    value_loss           | 1.41e+04     |
------------------------------------------
-------------------------------------------
| rollout/                |               |
|    ep_len_mean          | 720           |
|    ep_rew_mean          | 2.27e+03      |
| time/                   |               |
|    fps                  | 90            |
|    iterations           | 264           |
|    time_elapsed         | 1488          |
|    total_timesteps      | 135168        |
| train/                  |               |
|    approx_kl            | 1.6541264e-05 |
|    clip_fraction        | 0             |
|    clip_range           | 0.2           |
|    entropy_loss         | -0.306        |
|    explained_variance   | 0.515         |
|    learning_rate        | 0.0003        |
|    loss                 | 1.25e+03      |
|    n_updates            | 2630          |
|    policy_gradient_loss | -5.54e-05     |
|    value_loss           | 4.74e+03      |
-------------------------------------------
------------------------------------------
| rollout/                |              |
|    ep_len_mean          | 720          |
|    ep_rew_mean          | 2.24e+03     |
| time/                   |              |
|    fps                  | 90           |
|    iterations           | 265          |
|    time_elapsed         | 1494         |
|    total_timesteps      | 135680       |
| train/                  |              |
|    approx_kl            | 5.378742e-05 |
|    clip_fraction        | 0            |
|    clip_range           | 0.2          |
|    entropy_loss         | -0.636       |
|    explained_variance   | 0.725        |
|    learning_rate        | 0.0003       |
|    loss                 | 1.87e+03     |
|    n_updates            | 2640         |
|    policy_gradient_loss | -0.000594    |
|    value_loss           | 3.87e+03     |
------------------------------------------
------------------------------------------
| rollout/                |              |
|    ep_len_mean          | 720          |
|    ep_rew_mean          | 2.23e+03     |
| time/                   |              |
|    fps                  | 90           |
|    iterations           | 266          |
|    time_elapsed         | 1499         |
|    total_timesteps      | 136192       |
| train/                  |              |
|    approx_kl            | 0.0009232014 |
|    clip_fraction        | 0.000195     |
|    clip_range           | 0.2          |
|    entropy_loss         | -0.646       |
|    explained_variance   | 0.593        |
|    learning_rate        | 0.0003       |
|    loss                 | 1.84e+03     |
|    n_updates            | 2650         |
|    policy_gradient_loss | -0.00141     |
|    value_loss           | 5.08e+03     |
------------------------------------------
------------------------------------------
| rollout/                |              |
|    ep_len_mean          | 720          |
|    ep_rew_mean          | 2.23e+03     |
| time/                   |              |
|    fps                  | 90           |
|    iterations           | 267          |
|    time_elapsed         | 1505         |
|    total_timesteps      | 136704       |
| train/                  |              |
|    approx_kl            | 0.0019875567 |
|    clip_fraction        | 0.00566      |
|    clip_range           | 0.2          |
|    entropy_loss         | -0.557       |
|    explained_variance   | 0.524        |
|    learning_rate        | 0.0003       |
|    loss                 | 3.33e+03     |
|    n_updates            | 2660         |
|    policy_gradient_loss | -0.00284     |
|    value_loss           | 8.28e+03     |
------------------------------------------
------------------------------------------
| rollout/                |              |
|    ep_len_mean          | 720          |
|    ep_rew_mean          | 2.21e+03     |
| time/                   |              |
|    fps                  | 90           |
|    iterations           | 268          |
|    time_elapsed         | 1510         |
|    total_timesteps      | 137216       |
| train/                  |              |
|    approx_kl            | 0.0001135107 |
|    clip_fraction        | 0            |
|    clip_range           | 0.2          |
|    entropy_loss         | -0.464       |
|    explained_variance   | 0.42         |
|    learning_rate        | 0.0003       |
|    loss                 | 3.08e+03     |
|    n_updates            | 2670         |
|    policy_gradient_loss | -0.000381    |
|    value_loss           | 5.95e+03     |
------------------------------------------
-------------------------------------------
| rollout/                |               |
|    ep_len_mean          | 720           |
|    ep_rew_mean          | 2.2e+03       |
| time/                   |               |
|    fps                  | 90            |
|    iterations           | 269           |
|    time_elapsed         | 1515          |
|    total_timesteps      | 137728        |
| train/                  |               |
|    approx_kl            | 0.00031460027 |
|    clip_fraction        | 0             |
|    clip_range           | 0.2           |
|    entropy_loss         | -0.464        |
|    explained_variance   | 0.509         |
|    learning_rate        | 0.0003        |
|    loss                 | 2.28e+03      |
|    n_updates            | 2680          |
|    policy_gradient_loss | -0.00097      |
|    value_loss           | 5.46e+03      |
-------------------------------------------
-------------------------------------------
| rollout/                |               |
|    ep_len_mean          | 720           |
|    ep_rew_mean          | 2.2e+03       |
| time/                   |               |
|    fps                  | 90            |
|    iterations           | 270           |
|    time_elapsed         | 1521          |
|    total_timesteps      | 138240        |
| train/                  |               |
|    approx_kl            | 0.00039260823 |
|    clip_fraction        | 0.000195      |
|    clip_range           | 0.2           |
|    entropy_loss         | -0.535        |
|    explained_variance   | 0.738         |
|    learning_rate        | 0.0003        |
|    loss                 | 4.48e+03      |
|    n_updates            | 2690          |
|    policy_gradient_loss | -0.00171      |
|    value_loss           | 1.36e+04      |
-------------------------------------------
------------------------------------------
| rollout/                |              |
|    ep_len_mean          | 720          |
|    ep_rew_mean          | 2.2e+03      |
| time/                   |              |
|    fps                  | 90           |
|    iterations           | 271          |
|    time_elapsed         | 1526         |
|    total_timesteps      | 138752       |
| train/                  |              |
|    approx_kl            | 0.0019356754 |
|    clip_fraction        | 0.00684      |
|    clip_range           | 0.2          |
|    entropy_loss         | -0.329       |
|    explained_variance   | 0.507        |
|    learning_rate        | 0.0003       |
|    loss                 | 5.92e+03     |
|    n_updates            | 2700         |
|    policy_gradient_loss | -0.00338     |
|    value_loss           | 1.1e+04      |
------------------------------------------
------------------------------------------
| rollout/                |              |
|    ep_len_mean          | 720          |
|    ep_rew_mean          | 2.17e+03     |
| time/                   |              |
|    fps                  | 90           |
|    iterations           | 272          |
|    time_elapsed         | 1531         |
|    total_timesteps      | 139264       |
| train/                  |              |
|    approx_kl            | 0.0005495966 |
|    clip_fraction        | 0.000391     |
|    clip_range           | 0.2          |
|    entropy_loss         | -0.54        |
|    explained_variance   | 0.192        |
|    learning_rate        | 0.0003       |
|    loss                 | 2.14e+03     |
|    n_updates            | 2710         |
|    policy_gradient_loss | -0.00155     |
|    value_loss           | 4.72e+03     |
------------------------------------------
------------------------------------------
| rollout/                |              |
|    ep_len_mean          | 720          |
|    ep_rew_mean          | 2.15e+03     |
| time/                   |              |
|    fps                  | 90           |
|    iterations           | 273          |
|    time_elapsed         | 1537         |
|    total_timesteps      | 139776       |
| train/                  |              |
|    approx_kl            | 0.0012918308 |
|    clip_fraction        | 0.00449      |
|    clip_range           | 0.2          |
|    entropy_loss         | -0.468       |
|    explained_variance   | 0.619        |
|    learning_rate        | 0.0003       |
|    loss                 | 3.31e+03     |
|    n_updates            | 2720         |
|    policy_gradient_loss | -0.00402     |
|    value_loss           | 7.53e+03     |
------------------------------------------
-----------------------------------------
| rollout/                |             |
|    ep_len_mean          | 720         |
|    ep_rew_mean          | 2.15e+03    |
| time/                   |             |
|    fps                  | 90          |
|    iterations           | 274         |
|    time_elapsed         | 1542        |
|    total_timesteps      | 140288      |
| train/                  |             |
|    approx_kl            | 0.004907554 |
|    clip_fraction        | 0.0182      |
|    clip_range           | 0.2         |
|    entropy_loss         | -0.468      |
|    explained_variance   | 0.336       |
|    learning_rate        | 0.0003      |
|    loss                 | 2.28e+03    |
|    n_updates            | 2730        |
|    policy_gradient_loss | -0.00453    |
|    value_loss           | 6.55e+03    |
-----------------------------------------
-------------------------------------------
| rollout/                |               |
|    ep_len_mean          | 720           |
|    ep_rew_mean          | 2.14e+03      |
| time/                   |               |
|    fps                  | 90            |
|    iterations           | 275           |
|    time_elapsed         | 1547          |
|    total_timesteps      | 140800        |
| train/                  |               |
|    approx_kl            | 0.00028808028 |
|    clip_fraction        | 0             |
|    clip_range           | 0.2           |
|    entropy_loss         | -0.489        |
|    explained_variance   | 0.323         |
|    learning_rate        | 0.0003        |
|    loss                 | 3.96e+03      |
|    n_updates            | 2740          |
|    policy_gradient_loss | -0.00148      |
|    value_loss           | 8.68e+03      |
-------------------------------------------
-------------------------------------------
| rollout/                |               |
|    ep_len_mean          | 720           |
|    ep_rew_mean          | 2.12e+03      |
| time/                   |               |
|    fps                  | 90            |
|    iterations           | 276           |
|    time_elapsed         | 1553          |
|    total_timesteps      | 141312        |
| train/                  |               |
|    approx_kl            | 0.00056190806 |
|    clip_fraction        | 0             |
|    clip_range           | 0.2           |
|    entropy_loss         | -0.653        |
|    explained_variance   | 0.428         |
|    learning_rate        | 0.0003        |
|    loss                 | 6.38e+03      |
|    n_updates            | 2750          |
|    policy_gradient_loss | -0.00115      |
|    value_loss           | 1.16e+04      |
-------------------------------------------
------------------------------------------
| rollout/                |              |
|    ep_len_mean          | 720          |
|    ep_rew_mean          | 2.12e+03     |
| time/                   |              |
|    fps                  | 91           |
|    iterations           | 277          |
|    time_elapsed         | 1558         |
|    total_timesteps      | 141824       |
| train/                  |              |
|    approx_kl            | 0.0011373123 |
|    clip_fraction        | 0.00332      |
|    clip_range           | 0.2          |
|    entropy_loss         | -0.583       |
|    explained_variance   | 0.258        |
|    learning_rate        | 0.0003       |
|    loss                 | 3.26e+03     |
|    n_updates            | 2760         |
|    policy_gradient_loss | -0.00173     |
|    value_loss           | 6.32e+03     |
------------------------------------------
-------------------------------------------
| rollout/                |               |
|    ep_len_mean          | 720           |
|    ep_rew_mean          | 2.09e+03      |
| time/                   |               |
|    fps                  | 91            |
|    iterations           | 278           |
|    time_elapsed         | 1563          |
|    total_timesteps      | 142336        |
| train/                  |               |
|    approx_kl            | 0.00040450372 |
|    clip_fraction        | 0             |
|    clip_range           | 0.2           |
|    entropy_loss         | -0.454        |
|    explained_variance   | 0.469         |
|    learning_rate        | 0.0003        |
|    loss                 | 3.45e+03      |
|    n_updates            | 2770          |
|    policy_gradient_loss | -0.000492     |
|    value_loss           | 8.52e+03      |
-------------------------------------------
------------------------------------------
| rollout/                |              |
|    ep_len_mean          | 720          |
|    ep_rew_mean          | 2.09e+03     |
| time/                   |              |
|    fps                  | 91           |
|    iterations           | 279          |
|    time_elapsed         | 1568         |
|    total_timesteps      | 142848       |
| train/                  |              |
|    approx_kl            | 0.0010522896 |
|    clip_fraction        | 0.000391     |
|    clip_range           | 0.2          |
|    entropy_loss         | -0.737       |
|    explained_variance   | 0.578        |
|    learning_rate        | 0.0003       |
|    loss                 | 5.29e+03     |
|    n_updates            | 2780         |
|    policy_gradient_loss | -0.00137     |
|    value_loss           | 9.38e+03     |
------------------------------------------
------------------------------------------
| rollout/                |              |
|    ep_len_mean          | 720          |
|    ep_rew_mean          | 2.06e+03     |
| time/                   |              |
|    fps                  | 91           |
|    iterations           | 280          |
|    time_elapsed         | 1574         |
|    total_timesteps      | 143360       |
| train/                  |              |
|    approx_kl            | 0.0021698666 |
|    clip_fraction        | 0.00195      |
|    clip_range           | 0.2          |
|    entropy_loss         | -0.658       |
|    explained_variance   | 0.726        |
|    learning_rate        | 0.0003       |
|    loss                 | 3.11e+03     |
|    n_updates            | 2790         |
|    policy_gradient_loss | -0.00463     |
|    value_loss           | 8.41e+03     |
------------------------------------------
-----------------------------------------
| rollout/                |             |
|    ep_len_mean          | 720         |
|    ep_rew_mean          | 2.06e+03    |
| time/                   |             |
|    fps                  | 91          |
|    iterations           | 281         |
|    time_elapsed         | 1579        |
|    total_timesteps      | 143872      |
| train/                  |             |
|    approx_kl            | 0.002205738 |
|    clip_fraction        | 0.00996     |
|    clip_range           | 0.2         |
|    entropy_loss         | -0.462      |
|    explained_variance   | 0.485       |
|    learning_rate        | 0.0003      |
|    loss                 | 7.31e+03    |
|    n_updates            | 2800        |
|    policy_gradient_loss | -0.00294    |
|    value_loss           | 1.52e+04    |
-----------------------------------------
-------------------------------------------
| rollout/                |               |
|    ep_len_mean          | 720           |
|    ep_rew_mean          | 2.03e+03      |
| time/                   |               |
|    fps                  | 91            |
|    iterations           | 282           |
|    time_elapsed         | 1585          |
|    total_timesteps      | 144384        |
| train/                  |               |
|    approx_kl            | 0.00025886268 |
|    clip_fraction        | 0             |
|    clip_range           | 0.2           |
|    entropy_loss         | -0.535        |
|    explained_variance   | 0.441         |
|    learning_rate        | 0.0003        |
|    loss                 | 2.79e+03      |
|    n_updates            | 2810          |
|    policy_gradient_loss | -0.000998     |
|    value_loss           | 8.09e+03      |
-------------------------------------------
-------------------------------------------
| rollout/                |               |
|    ep_len_mean          | 720           |
|    ep_rew_mean          | 2.03e+03      |
| time/                   |               |
|    fps                  | 91            |
|    iterations           | 283           |
|    time_elapsed         | 1591          |
|    total_timesteps      | 144896        |
| train/                  |               |
|    approx_kl            | 0.00026773172 |
|    clip_fraction        | 0             |
|    clip_range           | 0.2           |
|    entropy_loss         | -0.635        |
|    explained_variance   | 0.575         |
|    learning_rate        | 0.0003        |
|    loss                 | 3.75e+03      |
|    n_updates            | 2820          |
|    policy_gradient_loss | -0.00105      |
|    value_loss           | 1.07e+04      |
-------------------------------------------
-----------------------------------------
| rollout/                |             |
|    ep_len_mean          | 720         |
|    ep_rew_mean          | 2.03e+03    |
| time/                   |             |
|    fps                  | 91          |
|    iterations           | 284         |
|    time_elapsed         | 1596        |
|    total_timesteps      | 145408      |
| train/                  |             |
|    approx_kl            | 0.004864239 |
|    clip_fraction        | 0.0199      |
|    clip_range           | 0.2         |
|    entropy_loss         | -0.765      |
|    explained_variance   | 0.735       |
|    learning_rate        | 0.0003      |
|    loss                 | 1.94e+03    |
|    n_updates            | 2830        |
|    policy_gradient_loss | -0.00439    |
|    value_loss           | 5.5e+03     |
-----------------------------------------
-------------------------------------------
| rollout/                |               |
|    ep_len_mean          | 720           |
|    ep_rew_mean          | 2.03e+03      |
| time/                   |               |
|    fps                  | 91            |
|    iterations           | 285           |
|    time_elapsed         | 1601          |
|    total_timesteps      | 145920        |
| train/                  |               |
|    approx_kl            | 0.00031232298 |
|    clip_fraction        | 0.000391      |
|    clip_range           | 0.2           |
|    entropy_loss         | -0.371        |
|    explained_variance   | 0.441         |
|    learning_rate        | 0.0003        |
|    loss                 | 7.34e+03      |
|    n_updates            | 2840          |
|    policy_gradient_loss | -0.00154      |
|    value_loss           | 1.49e+04      |
-------------------------------------------
------------------------------------------
| rollout/                |              |
|    ep_len_mean          | 720          |
|    ep_rew_mean          | 2.02e+03     |
| time/                   |              |
|    fps                  | 91           |
|    iterations           | 286          |
|    time_elapsed         | 1607         |
|    total_timesteps      | 146432       |
| train/                  |              |
|    approx_kl            | 0.0003489379 |
|    clip_fraction        | 0            |
|    clip_range           | 0.2          |
|    entropy_loss         | -0.718       |
|    explained_variance   | 0.349        |
|    learning_rate        | 0.0003       |
|    loss                 | 4.61e+03     |
|    n_updates            | 2850         |
|    policy_gradient_loss | -0.000588    |
|    value_loss           | 9.74e+03     |
------------------------------------------
------------------------------------------
| rollout/                |              |
|    ep_len_mean          | 720          |
|    ep_rew_mean          | 2.01e+03     |
| time/                   |              |
|    fps                  | 91           |
|    iterations           | 287          |
|    time_elapsed         | 1613         |
|    total_timesteps      | 146944       |
| train/                  |              |
|    approx_kl            | 0.0036101125 |
|    clip_fraction        | 0.0148       |
|    clip_range           | 0.2          |
|    entropy_loss         | -0.64        |
|    explained_variance   | 0.482        |
|    learning_rate        | 0.0003       |
|    loss                 | 4.5e+03      |
|    n_updates            | 2860         |
|    policy_gradient_loss | -0.00312     |
|    value_loss           | 8.63e+03     |
------------------------------------------
-------------------------------------------
| rollout/                |               |
|    ep_len_mean          | 720           |
|    ep_rew_mean          | 2.01e+03      |
| time/                   |               |
|    fps                  | 91            |
|    iterations           | 288           |
|    time_elapsed         | 1618          |
|    total_timesteps      | 147456        |
| train/                  |               |
|    approx_kl            | 0.00070331997 |
|    clip_fraction        | 0.00645       |
|    clip_range           | 0.2           |
|    entropy_loss         | -0.569        |
|    explained_variance   | 0.6           |
|    learning_rate        | 0.0003        |
|    loss                 | 3.71e+03      |
|    n_updates            | 2870          |
|    policy_gradient_loss | -0.00171      |
|    value_loss           | 7.68e+03      |
-------------------------------------------
-------------------------------------------
| rollout/                |               |
|    ep_len_mean          | 720           |
|    ep_rew_mean          | 2e+03         |
| time/                   |               |
|    fps                  | 91            |
|    iterations           | 289           |
|    time_elapsed         | 1624          |
|    total_timesteps      | 147968        |
| train/                  |               |
|    approx_kl            | 0.00094306166 |
|    clip_fraction        | 0.000586      |
|    clip_range           | 0.2           |
|    entropy_loss         | -0.676        |
|    explained_variance   | 0.666         |
|    learning_rate        | 0.0003        |
|    loss                 | 2.42e+03      |
|    n_updates            | 2880          |
|    policy_gradient_loss | -0.00101      |
|    value_loss           | 4.43e+03      |
-------------------------------------------
------------------------------------------
| rollout/                |              |
|    ep_len_mean          | 720          |
|    ep_rew_mean          | 2.01e+03     |
| time/                   |              |
|    fps                  | 91           |
|    iterations           | 290          |
|    time_elapsed         | 1629         |
|    total_timesteps      | 148480       |
| train/                  |              |
|    approx_kl            | 0.0032376456 |
|    clip_fraction        | 0.0082       |
|    clip_range           | 0.2          |
|    entropy_loss         | -0.722       |
|    explained_variance   | 0.789        |
|    learning_rate        | 0.0003       |
|    loss                 | 1.89e+03     |
|    n_updates            | 2890         |
|    policy_gradient_loss | -0.00263     |
|    value_loss           | 3.4e+03      |
------------------------------------------
------------------------------------------
| rollout/                |              |
|    ep_len_mean          | 720          |
|    ep_rew_mean          | 2.01e+03     |
| time/                   |              |
|    fps                  | 91           |
|    iterations           | 291          |
|    time_elapsed         | 1635         |
|    total_timesteps      | 148992       |
| train/                  |              |
|    approx_kl            | 0.0012473087 |
|    clip_fraction        | 0.00703      |
|    clip_range           | 0.2          |
|    entropy_loss         | -0.598       |
|    explained_variance   | 0.695        |
|    learning_rate        | 0.0003       |
|    loss                 | 5.27e+03     |
|    n_updates            | 2900         |
|    policy_gradient_loss | -0.00231     |
|    value_loss           | 9.69e+03     |
------------------------------------------
------------------------------------------
| rollout/                |              |
|    ep_len_mean          | 720          |
|    ep_rew_mean          | 2e+03        |
| time/                   |              |
|    fps                  | 91           |
|    iterations           | 292          |
|    time_elapsed         | 1640         |
|    total_timesteps      | 149504       |
| train/                  |              |
|    approx_kl            | 0.0012472634 |
|    clip_fraction        | 0.000391     |
|    clip_range           | 0.2          |
|    entropy_loss         | -0.555       |
|    explained_variance   | 0.624        |
|    learning_rate        | 0.0003       |
|    loss                 | 5.6e+03      |
|    n_updates            | 2910         |
|    policy_gradient_loss | -0.00223     |
|    value_loss           | 1.13e+04     |
------------------------------------------
------------------------------------------
| rollout/                |              |
|    ep_len_mean          | 720          |
|    ep_rew_mean          | 2e+03        |
| time/                   |              |
|    fps                  | 91           |
|    iterations           | 293          |
|    time_elapsed         | 1645         |
|    total_timesteps      | 150016       |
| train/                  |              |
|    approx_kl            | 0.0018108974 |
|    clip_fraction        | 0.000195     |
|    clip_range           | 0.2          |
|    entropy_loss         | -0.659       |
|    explained_variance   | 0.672        |
|    learning_rate        | 0.0003       |
|    loss                 | 4.27e+03     |
|    n_updates            | 2920         |
|    policy_gradient_loss | -0.00164     |
|    value_loss           | 9.18e+03     |
------------------------------------------
[19:27:24] === eval AFTER PPO fine-tune ===
idle                 storage=  2.2%  loss= 56.3%
greedy_shuttle       storage= 82.0%  loss=  0.7%
ppo_stochastic       storage= 58.0%  loss= 19.9%
ppo_deterministic    storage= 58.1%  loss= 23.5%
[19:28:50] DONE. model -> output\rl_ppo\ppo_bc_phase1_720h_inj80_weather_ts150000.zip
