[16:30:32] training phase1_720h_inj80_ts200000 ...
Using cuda device
Wrapping the env with a `Monitor` wrapper
Wrapping the env in a DummyVecEnv.
[train_ppo] policy device = cuda:0
----------------------------
| time/              |     |
|    fps             | 130 |
|    iterations      | 1   |
|    time_elapsed    | 3   |
|    total_timesteps | 512 |
----------------------------
-----------------------------------------
| rollout/                |             |
|    ep_len_mean          | 720         |
|    ep_rew_mean          | -7.59e+03   |
| time/                   |             |
|    fps                  | 107         |
|    iterations           | 2           |
|    time_elapsed         | 9           |
|    total_timesteps      | 1024        |
| train/                  |             |
|    approx_kl            | 0.002776244 |
|    clip_fraction        | 0.00137     |
|    clip_range           | 0.2         |
|    entropy_loss         | -1.8        |
|    explained_variance   | 0.00134     |
|    learning_rate        | 0.0003      |
|    loss                 | 2.08e+04    |
|    n_updates            | 10          |
|    policy_gradient_loss | -0.00536    |
|    value_loss           | 4.33e+04    |
-----------------------------------------
------------------------------------------
| rollout/                |              |
|    ep_len_mean          | 720          |
|    ep_rew_mean          | -7.62e+03    |
| time/                   |              |
|    fps                  | 99           |
|    iterations           | 3            |
|    time_elapsed         | 15           |
|    total_timesteps      | 1536         |
| train/                  |              |
|    approx_kl            | 0.0019027996 |
|    clip_fraction        | 0.000586     |
|    clip_range           | 0.2          |
|    entropy_loss         | -1.97        |
|    explained_variance   | 0.00393      |
|    learning_rate        | 0.0003       |
|    loss                 | 2.2e+04      |
|    n_updates            | 20           |
|    policy_gradient_loss | -0.00395     |
|    value_loss           | 4.38e+04     |
------------------------------------------
------------------------------------------
| rollout/                |              |
|    ep_len_mean          | 720          |
|    ep_rew_mean          | -7.62e+03    |
| time/                   |              |
|    fps                  | 98           |
|    iterations           | 4            |
|    time_elapsed         | 20           |
|    total_timesteps      | 2048         |
| train/                  |              |
|    approx_kl            | 0.0006431014 |
|    clip_fraction        | 0            |
|    clip_range           | 0.2          |
|    entropy_loss         | -1.97        |
|    explained_variance   | 0.00193      |
|    learning_rate        | 0.0003       |
|    loss                 | 2.73e+04     |
|    n_updates            | 30           |
|    policy_gradient_loss | -0.00231     |
|    value_loss           | 5.15e+04     |
------------------------------------------
------------------------------------------
| rollout/                |              |
|    ep_len_mean          | 720          |
|    ep_rew_mean          | -7.55e+03    |
| time/                   |              |
|    fps                  | 99           |
|    iterations           | 5            |
|    time_elapsed         | 25           |
|    total_timesteps      | 2560         |
| train/                  |              |
|    approx_kl            | 0.0035957606 |
|    clip_fraction        | 0.000977     |
|    clip_range           | 0.2          |
|    entropy_loss         | -2           |
|    explained_variance   | -4.15e-05    |
|    learning_rate        | 0.0003       |
|    loss                 | 2.46e+04     |
|    n_updates            | 40           |
|    policy_gradient_loss | -0.00648     |
|    value_loss           | 5.11e+04     |
------------------------------------------
------------------------------------------
| rollout/                |              |
|    ep_len_mean          | 720          |
|    ep_rew_mean          | -7.4e+03     |
| time/                   |              |
|    fps                  | 100          |
|    iterations           | 6            |
|    time_elapsed         | 30           |
|    total_timesteps      | 3072         |
| train/                  |              |
|    approx_kl            | 0.0015614646 |
|    clip_fraction        | 0            |
|    clip_range           | 0.2          |
|    entropy_loss         | -1.98        |
|    explained_variance   | 0.00104      |
|    learning_rate        | 0.0003       |
|    loss                 | 1.74e+04     |
|    n_updates            | 50           |
|    policy_gradient_loss | -0.0036      |
|    value_loss           | 3.6e+04      |
------------------------------------------
------------------------------------------
| rollout/                |              |
|    ep_len_mean          | 720          |
|    ep_rew_mean          | -7.4e+03     |
| time/                   |              |
|    fps                  | 97           |
|    iterations           | 7            |
|    time_elapsed         | 36           |
|    total_timesteps      | 3584         |
| train/                  |              |
|    approx_kl            | 0.0037690825 |
|    clip_fraction        | 0.000391     |
|    clip_range           | 0.2          |
|    entropy_loss         | -1.93        |
|    explained_variance   | 0.000559     |
|    learning_rate        | 0.0003       |
|    loss                 | 1.9e+04      |
|    n_updates            | 60           |
|    policy_gradient_loss | -0.00663     |
|    value_loss           | 3.87e+04     |
------------------------------------------
------------------------------------------
| rollout/                |              |
|    ep_len_mean          | 720          |
|    ep_rew_mean          | -7.34e+03    |
| time/                   |              |
|    fps                  | 97           |
|    iterations           | 8            |
|    time_elapsed         | 41           |
|    total_timesteps      | 4096         |
| train/                  |              |
|    approx_kl            | 0.0029421528 |
|    clip_fraction        | 0.00156      |
|    clip_range           | 0.2          |
|    entropy_loss         | -1.94        |
|    explained_variance   | 4.02e-05     |
|    learning_rate        | 0.0003       |
|    loss                 | 2.75e+04     |
|    n_updates            | 70           |
|    policy_gradient_loss | -0.00686     |
|    value_loss           | 5.62e+04     |
------------------------------------------
------------------------------------------
| rollout/                |              |
|    ep_len_mean          | 720          |
|    ep_rew_mean          | -7.22e+03    |
| time/                   |              |
|    fps                  | 98           |
|    iterations           | 9            |
|    time_elapsed         | 46           |
|    total_timesteps      | 4608         |
| train/                  |              |
|    approx_kl            | 0.0028887019 |
|    clip_fraction        | 0.00898      |
|    clip_range           | 0.2          |
|    entropy_loss         | -1.88        |
|    explained_variance   | 0.000589     |
|    learning_rate        | 0.0003       |
|    loss                 | 1.64e+04     |
|    n_updates            | 80           |
|    policy_gradient_loss | -0.00792     |
|    value_loss           | 3.24e+04     |
------------------------------------------
------------------------------------------
| rollout/                |              |
|    ep_len_mean          | 720          |
|    ep_rew_mean          | -7.13e+03    |
| time/                   |              |
|    fps                  | 97           |
|    iterations           | 10           |
|    time_elapsed         | 52           |
|    total_timesteps      | 5120         |
| train/                  |              |
|    approx_kl            | 0.0013611763 |
|    clip_fraction        | 0.000781     |
|    clip_range           | 0.2          |
|    entropy_loss         | -1.88        |
|    explained_variance   | 0.000389     |
|    learning_rate        | 0.0003       |
|    loss                 | 1.19e+04     |
|    n_updates            | 90           |
|    policy_gradient_loss | -0.00476     |
|    value_loss           | 2.71e+04     |
------------------------------------------
------------------------------------------
| rollout/                |              |
|    ep_len_mean          | 720          |
|    ep_rew_mean          | -7.13e+03    |
| time/                   |              |
|    fps                  | 97           |
|    iterations           | 11           |
|    time_elapsed         | 57           |
|    total_timesteps      | 5632         |
| train/                  |              |
|    approx_kl            | 0.0044383146 |
|    clip_fraction        | 0.000391     |
|    clip_range           | 0.2          |
|    entropy_loss         | -1.89        |
|    explained_variance   | 0.000282     |
|    learning_rate        | 0.0003       |
|    loss                 | 2.56e+04     |
|    n_updates            | 100          |
|    policy_gradient_loss | -0.00705     |
|    value_loss           | 4.84e+04     |
------------------------------------------
------------------------------------------
| rollout/                |              |
|    ep_len_mean          | 720          |
|    ep_rew_mean          | -7.11e+03    |
| time/                   |              |
|    fps                  | 97           |
|    iterations           | 12           |
|    time_elapsed         | 62           |
|    total_timesteps      | 6144         |
| train/                  |              |
|    approx_kl            | 0.0034274673 |
|    clip_fraction        | 0.000391     |
|    clip_range           | 0.2          |
|    entropy_loss         | -1.92        |
|    explained_variance   | 2.6e-05      |
|    learning_rate        | 0.0003       |
|    loss                 | 2.54e+04     |
|    n_updates            | 110          |
|    policy_gradient_loss | -0.00591     |
|    value_loss           | 4.99e+04     |
------------------------------------------
-----------------------------------------
| rollout/                |             |
|    ep_len_mean          | 720         |
|    ep_rew_mean          | -7.09e+03   |
| time/                   |             |
|    fps                  | 98          |
|    iterations           | 13          |
|    time_elapsed         | 67          |
|    total_timesteps      | 6656        |
| train/                  |             |
|    approx_kl            | 0.008502906 |
|    clip_fraction        | 0.0494      |
|    clip_range           | 0.2         |
|    entropy_loss         | -1.84       |
|    explained_variance   | 0.000119    |
|    learning_rate        | 0.0003      |
|    loss                 | 1.67e+04    |
|    n_updates            | 120         |
|    policy_gradient_loss | -0.0139     |
|    value_loss           | 3.44e+04    |
-----------------------------------------
-----------------------------------------
| rollout/                |             |
|    ep_len_mean          | 720         |
|    ep_rew_mean          | -7.09e+03   |
| time/                   |             |
|    fps                  | 97          |
|    iterations           | 14          |
|    time_elapsed         | 73          |
|    total_timesteps      | 7168        |
| train/                  |             |
|    approx_kl            | 0.004565837 |
|    clip_fraction        | 0.000977    |
|    clip_range           | 0.2         |
|    entropy_loss         | -1.87       |
|    explained_variance   | 0.000247    |
|    learning_rate        | 0.0003      |
|    loss                 | 1.92e+04    |
|    n_updates            | 130         |
|    policy_gradient_loss | -0.0068     |
|    value_loss           | 3.35e+04    |
-----------------------------------------
------------------------------------------
| rollout/                |              |
|    ep_len_mean          | 720          |
|    ep_rew_mean          | -7.03e+03    |
| time/                   |              |
|    fps                  | 97           |
|    iterations           | 15           |
|    time_elapsed         | 78           |
|    total_timesteps      | 7680         |
| train/                  |              |
|    approx_kl            | 0.0007376565 |
|    clip_fraction        | 0            |
|    clip_range           | 0.2          |
|    entropy_loss         | -1.8         |
|    explained_variance   | 2.57e-05     |
|    learning_rate        | 0.0003       |
|    loss                 | 2.56e+04     |
|    n_updates            | 140          |
|    policy_gradient_loss | -0.00291     |
|    value_loss           | 4.95e+04     |
------------------------------------------
-----------------------------------------
| rollout/                |             |
|    ep_len_mean          | 720         |
|    ep_rew_mean          | -6.88e+03   |
| time/                   |             |
|    fps                  | 97          |
|    iterations           | 16          |
|    time_elapsed         | 84          |
|    total_timesteps      | 8192        |
| train/                  |             |
|    approx_kl            | 0.006850486 |
|    clip_fraction        | 0.0158      |
|    clip_range           | 0.2         |
|    entropy_loss         | -1.92       |
|    explained_variance   | 0.000288    |
|    learning_rate        | 0.0003      |
|    loss                 | 9.07e+03    |
|    n_updates            | 150         |
|    policy_gradient_loss | -0.00875    |
|    value_loss           | 1.55e+04    |
-----------------------------------------
-----------------------------------------
| rollout/                |             |
|    ep_len_mean          | 720         |
|    ep_rew_mean          | -6.88e+03   |
| time/                   |             |
|    fps                  | 97          |
|    iterations           | 17          |
|    time_elapsed         | 89          |
|    total_timesteps      | 8704        |
| train/                  |             |
|    approx_kl            | 0.008648476 |
|    clip_fraction        | 0.0082      |
|    clip_range           | 0.2         |
|    entropy_loss         | -1.86       |
|    explained_variance   | 0.000214    |
|    learning_rate        | 0.0003      |
|    loss                 | 1.55e+04    |
|    n_updates            | 160         |
|    policy_gradient_loss | -0.00956    |
|    value_loss           | 3.25e+04    |
-----------------------------------------
-----------------------------------------
| rollout/                |             |
|    ep_len_mean          | 720         |
|    ep_rew_mean          | -6.88e+03   |
| time/                   |             |
|    fps                  | 96          |
|    iterations           | 18          |
|    time_elapsed         | 95          |
|    total_timesteps      | 9216        |
| train/                  |             |
|    approx_kl            | 0.005630181 |
|    clip_fraction        | 0.00508     |
|    clip_range           | 0.2         |
|    entropy_loss         | -1.84       |
|    explained_variance   | 0.000127    |
|    learning_rate        | 0.0003      |
|    loss                 | 2.15e+04    |
|    n_updates            | 170         |
|    policy_gradient_loss | -0.00715    |
|    value_loss           | 4.44e+04    |
-----------------------------------------
-----------------------------------------
| rollout/                |             |
|    ep_len_mean          | 720         |
|    ep_rew_mean          | -6.89e+03   |
| time/                   |             |
|    fps                  | 97          |
|    iterations           | 19          |
|    time_elapsed         | 100         |
|    total_timesteps      | 9728        |
| train/                  |             |
|    approx_kl            | 0.000823547 |
|    clip_fraction        | 0           |
|    clip_range           | 0.2         |
|    entropy_loss         | -1.77       |
|    explained_variance   | 3.6e-05     |
|    learning_rate        | 0.0003      |
|    loss                 | 2.19e+04    |
|    n_updates            | 180         |
|    policy_gradient_loss | -0.00256    |
|    value_loss           | 4.34e+04    |
-----------------------------------------
------------------------------------------
| rollout/                |              |
|    ep_len_mean          | 720          |
|    ep_rew_mean          | -6.89e+03    |
| time/                   |              |
|    fps                  | 96           |
|    iterations           | 20           |
|    time_elapsed         | 105          |
|    total_timesteps      | 10240        |
| train/                  |              |
|    approx_kl            | 0.0025212318 |
|    clip_fraction        | 0.000195     |
|    clip_range           | 0.2          |
|    entropy_loss         | -1.84        |
|    explained_variance   | 7.84e-05     |
|    learning_rate        | 0.0003       |
|    loss                 | 2.19e+04     |
|    n_updates            | 190          |
|    policy_gradient_loss | -0.00432     |
|    value_loss           | 4.06e+04     |
------------------------------------------
-----------------------------------------
| rollout/                |             |
|    ep_len_mean          | 720         |
|    ep_rew_mean          | -6.89e+03   |
| time/                   |             |
|    fps                  | 96          |
|    iterations           | 21          |
|    time_elapsed         | 111         |
|    total_timesteps      | 10752       |
| train/                  |             |
|    approx_kl            | 0.003538238 |
|    clip_fraction        | 0.00293     |
|    clip_range           | 0.2         |
|    entropy_loss         | -1.79       |
|    explained_variance   | 8.49e-05    |
|    learning_rate        | 0.0003      |
|    loss                 | 1.59e+04    |
|    n_updates            | 200         |
|    policy_gradient_loss | -0.0049     |
|    value_loss           | 3.29e+04    |
-----------------------------------------
------------------------------------------
| rollout/                |              |
|    ep_len_mean          | 720          |
|    ep_rew_mean          | -6.78e+03    |
| time/                   |              |
|    fps                  | 97           |
|    iterations           | 22           |
|    time_elapsed         | 116          |
|    total_timesteps      | 11264        |
| train/                  |              |
|    approx_kl            | 0.0031340532 |
|    clip_fraction        | 0            |
|    clip_range           | 0.2          |
|    entropy_loss         | -1.86        |
|    explained_variance   | -1.1e-05     |
|    learning_rate        | 0.0003       |
|    loss                 | 1.82e+04     |
|    n_updates            | 210          |
|    policy_gradient_loss | -0.0045      |
|    value_loss           | 3.74e+04     |
------------------------------------------
------------------------------------------
| rollout/                |              |
|    ep_len_mean          | 720          |
|    ep_rew_mean          | -6.76e+03    |
| time/                   |              |
|    fps                  | 96           |
|    iterations           | 23           |
|    time_elapsed         | 121          |
|    total_timesteps      | 11776        |
| train/                  |              |
|    approx_kl            | 0.0026605518 |
|    clip_fraction        | 0.000195     |
|    clip_range           | 0.2          |
|    entropy_loss         | -1.84        |
|    explained_variance   | 9.86e-05     |
|    learning_rate        | 0.0003       |
|    loss                 | 1.56e+04     |
|    n_updates            | 220          |
|    policy_gradient_loss | -0.00407     |
|    value_loss           | 3.21e+04     |
------------------------------------------
------------------------------------------
| rollout/                |              |
|    ep_len_mean          | 720          |
|    ep_rew_mean          | -6.76e+03    |
| time/                   |              |
|    fps                  | 97           |
|    iterations           | 24           |
|    time_elapsed         | 126          |
|    total_timesteps      | 12288        |
| train/                  |              |
|    approx_kl            | 0.0034512344 |
|    clip_fraction        | 0.00762      |
|    clip_range           | 0.2          |
|    entropy_loss         | -1.79        |
|    explained_variance   | 6e-05        |
|    learning_rate        | 0.0003       |
|    loss                 | 1.17e+04     |
|    n_updates            | 230          |
|    policy_gradient_loss | -0.00665     |
|    value_loss           | 2.73e+04     |
------------------------------------------
------------------------------------------
| rollout/                |              |
|    ep_len_mean          | 720          |
|    ep_rew_mean          | -6.76e+03    |
| time/                   |              |
|    fps                  | 96           |
|    iterations           | 25           |
|    time_elapsed         | 131          |
|    total_timesteps      | 12800        |
| train/                  |              |
|    approx_kl            | 0.0037127875 |
|    clip_fraction        | 0.000586     |
|    clip_range           | 0.2          |
|    entropy_loss         | -1.74        |
|    explained_variance   | 7.21e-05     |
|    learning_rate        | 0.0003       |
|    loss                 | 2.34e+04     |
|    n_updates            | 240          |
|    policy_gradient_loss | -0.00761     |
|    value_loss           | 4.65e+04     |
------------------------------------------
-----------------------------------------
| rollout/                |             |
|    ep_len_mean          | 720         |
|    ep_rew_mean          | -6.74e+03   |
| time/                   |             |
|    fps                  | 97          |
|    iterations           | 26          |
|    time_elapsed         | 136         |
|    total_timesteps      | 13312       |
| train/                  |             |
|    approx_kl            | 0.005206801 |
|    clip_fraction        | 0.0311      |
|    clip_range           | 0.2         |
|    entropy_loss         | -1.9        |
|    explained_variance   | 4.49e-05    |
|    learning_rate        | 0.0003      |
|    loss                 | 1.71e+04    |
|    n_updates            | 250         |
|    policy_gradient_loss | -0.00811    |
|    value_loss           | 3.45e+04    |
-----------------------------------------
------------------------------------------
| rollout/                |              |
|    ep_len_mean          | 720          |
|    ep_rew_mean          | -6.72e+03    |
| time/                   |              |
|    fps                  | 96           |
|    iterations           | 27           |
|    time_elapsed         | 142          |
|    total_timesteps      | 13824        |
| train/                  |              |
|    approx_kl            | 0.0015674973 |
|    clip_fraction        | 0.000391     |
|    clip_range           | 0.2          |
|    entropy_loss         | -1.78        |
|    explained_variance   | 5.56e-05     |
|    learning_rate        | 0.0003       |
|    loss                 | 1.36e+04     |
|    n_updates            | 260          |
|    policy_gradient_loss | -0.00304     |
|    value_loss           | 2.56e+04     |
------------------------------------------
-----------------------------------------
| rollout/                |             |
|    ep_len_mean          | 720         |
|    ep_rew_mean          | -6.72e+03   |
| time/                   |             |
|    fps                  | 96          |
|    iterations           | 28          |
|    time_elapsed         | 147         |
|    total_timesteps      | 14336       |
| train/                  |             |
|    approx_kl            | 0.005717323 |
|    clip_fraction        | 0.00117     |
|    clip_range           | 0.2         |
|    entropy_loss         | -1.87       |
|    explained_variance   | 6.76e-05    |
|    learning_rate        | 0.0003      |
|    loss                 | 1.46e+04    |
|    n_updates            | 270         |
|    policy_gradient_loss | -0.00709    |
|    value_loss           | 3.55e+04    |
-----------------------------------------
------------------------------------------
| rollout/                |              |
|    ep_len_mean          | 720          |
|    ep_rew_mean          | -6.66e+03    |
| time/                   |              |
|    fps                  | 96           |
|    iterations           | 29           |
|    time_elapsed         | 153          |
|    total_timesteps      | 14848        |
| train/                  |              |
|    approx_kl            | 0.0014011648 |
|    clip_fraction        | 0            |
|    clip_range           | 0.2          |
|    entropy_loss         | -1.85        |
|    explained_variance   | -8.58e-06    |
|    learning_rate        | 0.0003       |
|    loss                 | 1.86e+04     |
|    n_updates            | 280          |
|    policy_gradient_loss | -0.00277     |
|    value_loss           | 3.81e+04     |
------------------------------------------
-----------------------------------------
| rollout/                |             |
|    ep_len_mean          | 720         |
|    ep_rew_mean          | -6.56e+03   |
| time/                   |             |
|    fps                  | 96          |
|    iterations           | 30          |
|    time_elapsed         | 158         |
|    total_timesteps      | 15360       |
| train/                  |             |
|    approx_kl            | 0.010672543 |
|    clip_fraction        | 0.0525      |
|    clip_range           | 0.2         |
|    entropy_loss         | -1.76       |
|    explained_variance   | 4.41e-05    |
|    learning_rate        | 0.0003      |
|    loss                 | 7.99e+03    |
|    n_updates            | 290         |
|    policy_gradient_loss | -0.0098     |
|    value_loss           | 1.7e+04     |
-----------------------------------------
-----------------------------------------
| rollout/                |             |
|    ep_len_mean          | 720         |
|    ep_rew_mean          | -6.51e+03   |
| time/                   |             |
|    fps                  | 96          |
|    iterations           | 31          |
|    time_elapsed         | 164         |
|    total_timesteps      | 15872       |
| train/                  |             |
|    approx_kl            | 0.005828541 |
|    clip_fraction        | 0.0082      |
|    clip_range           | 0.2         |
|    entropy_loss         | -1.79       |
|    explained_variance   | 7.04e-05    |
|    learning_rate        | 0.0003      |
|    loss                 | 1.09e+04    |
|    n_updates            | 300         |
|    policy_gradient_loss | -0.00726    |
|    value_loss           | 1.9e+04     |
-----------------------------------------
------------------------------------------
| rollout/                |              |
|    ep_len_mean          | 720          |
|    ep_rew_mean          | -6.51e+03    |
| time/                   |              |
|    fps                  | 96           |
|    iterations           | 32           |
|    time_elapsed         | 169          |
|    total_timesteps      | 16384        |
| train/                  |              |
|    approx_kl            | 0.0066791065 |
|    clip_fraction        | 0.0041       |
|    clip_range           | 0.2          |
|    entropy_loss         | -1.82        |
|    explained_variance   | 3.5e-05      |
|    learning_rate        | 0.0003       |
|    loss                 | 1.56e+04     |
|    n_updates            | 310          |
|    policy_gradient_loss | -0.00776     |
|    value_loss           | 3.28e+04     |
------------------------------------------
------------------------------------------
| rollout/                |              |
|    ep_len_mean          | 720          |
|    ep_rew_mean          | -6.43e+03    |
| time/                   |              |
|    fps                  | 96           |
|    iterations           | 33           |
|    time_elapsed         | 175          |
|    total_timesteps      | 16896        |
| train/                  |              |
|    approx_kl            | 0.0060791494 |
|    clip_fraction        | 0.00527      |
|    clip_range           | 0.2          |
|    entropy_loss         | -1.85        |
|    explained_variance   | 2.35e-05     |
|    learning_rate        | 0.0003       |
|    loss                 | 9.46e+03     |
|    n_updates            | 320          |
|    policy_gradient_loss | -0.00664     |
|    value_loss           | 1.88e+04     |
------------------------------------------
------------------------------------------
| rollout/                |              |
|    ep_len_mean          | 720          |
|    ep_rew_mean          | -6.36e+03    |
| time/                   |              |
|    fps                  | 96           |
|    iterations           | 34           |
|    time_elapsed         | 180          |
|    total_timesteps      | 17408        |
| train/                  |              |
|    approx_kl            | 0.0085839955 |
|    clip_fraction        | 0.0176       |
|    clip_range           | 0.2          |
|    entropy_loss         | -1.64        |
|    explained_variance   | 3.15e-05     |
|    learning_rate        | 0.0003       |
|    loss                 | 1.24e+04     |
|    n_updates            | 330          |
|    policy_gradient_loss | -0.0103      |
|    value_loss           | 2.46e+04     |
------------------------------------------
-----------------------------------------
| rollout/                |             |
|    ep_len_mean          | 720         |
|    ep_rew_mean          | -6.36e+03   |
| time/                   |             |
|    fps                  | 96          |
|    iterations           | 35          |
|    time_elapsed         | 186         |
|    total_timesteps      | 17920       |
| train/                  |             |
|    approx_kl            | 0.014845387 |
|    clip_fraction        | 0.0465      |
|    clip_range           | 0.2         |
|    entropy_loss         | -1.77       |
|    explained_variance   | 4.77e-05    |
|    learning_rate        | 0.0003      |
|    loss                 | 1.01e+04    |
|    n_updates            | 340         |
|    policy_gradient_loss | -0.0104     |
|    value_loss           | 2.18e+04    |
-----------------------------------------
------------------------------------------
| rollout/                |              |
|    ep_len_mean          | 720          |
|    ep_rew_mean          | -6.34e+03    |
| time/                   |              |
|    fps                  | 96           |
|    iterations           | 36           |
|    time_elapsed         | 191          |
|    total_timesteps      | 18432        |
| train/                  |              |
|    approx_kl            | 0.0055572293 |
|    clip_fraction        | 0.0215       |
|    clip_range           | 0.2          |
|    entropy_loss         | -1.76        |
|    explained_variance   | 3.4e-06      |
|    learning_rate        | 0.0003       |
|    loss                 | 1.86e+04     |
|    n_updates            | 350          |
|    policy_gradient_loss | -0.00802     |
|    value_loss           | 3.88e+04     |
------------------------------------------
-----------------------------------------
| rollout/                |             |
|    ep_len_mean          | 720         |
|    ep_rew_mean          | -6.29e+03   |
| time/                   |             |
|    fps                  | 96          |
|    iterations           | 37          |
|    time_elapsed         | 197         |
|    total_timesteps      | 18944       |
| train/                  |             |
|    approx_kl            | 0.008711098 |
|    clip_fraction        | 0.0461      |
|    clip_range           | 0.2         |
|    entropy_loss         | -1.83       |
|    explained_variance   | 1.7e-05     |
|    learning_rate        | 0.0003      |
|    loss                 | 1.05e+04    |
|    n_updates            | 360         |
|    policy_gradient_loss | -0.0121     |
|    value_loss           | 2.24e+04    |
-----------------------------------------
-----------------------------------------
| rollout/                |             |
|    ep_len_mean          | 720         |
|    ep_rew_mean          | -6.25e+03   |
| time/                   |             |
|    fps                  | 95          |
|    iterations           | 38          |
|    time_elapsed         | 203         |
|    total_timesteps      | 19456       |
| train/                  |             |
|    approx_kl            | 0.004279997 |
|    clip_fraction        | 0.00234     |
|    clip_range           | 0.2         |
|    entropy_loss         | -1.81       |
|    explained_variance   | 8.57e-05    |
|    learning_rate        | 0.0003      |
|    loss                 | 1.05e+04    |
|    n_updates            | 370         |
|    policy_gradient_loss | -0.00635    |
|    value_loss           | 2.06e+04    |
-----------------------------------------
------------------------------------------
| rollout/                |              |
|    ep_len_mean          | 720          |
|    ep_rew_mean          | -6.25e+03    |
| time/                   |              |
|    fps                  | 95           |
|    iterations           | 39           |
|    time_elapsed         | 209          |
|    total_timesteps      | 19968        |
| train/                  |              |
|    approx_kl            | 0.0018495917 |
|    clip_fraction        | 0            |
|    clip_range           | 0.2          |
|    entropy_loss         | -1.78        |
|    explained_variance   | 2.35e-05     |
|    learning_rate        | 0.0003       |
|    loss                 | 1.31e+04     |
|    n_updates            | 380          |
|    policy_gradient_loss | -0.00369     |
|    value_loss           | 3.04e+04     |
------------------------------------------
------------------------------------------
| rollout/                |              |
|    ep_len_mean          | 720          |
|    ep_rew_mean          | -6.19e+03    |
| time/                   |              |
|    fps                  | 95           |
|    iterations           | 40           |
|    time_elapsed         | 214          |
|    total_timesteps      | 20480        |
| train/                  |              |
|    approx_kl            | 0.0016026052 |
|    clip_fraction        | 0            |
|    clip_range           | 0.2          |
|    entropy_loss         | -1.71        |
|    explained_variance   | 3.09e-05     |
|    learning_rate        | 0.0003       |
|    loss                 | 1.11e+04     |
|    n_updates            | 390          |
|    policy_gradient_loss | -0.00369     |
|    value_loss           | 2e+04        |
------------------------------------------
-----------------------------------------
| rollout/                |             |
|    ep_len_mean          | 720         |
|    ep_rew_mean          | -6.11e+03   |
| time/                   |             |
|    fps                  | 95          |
|    iterations           | 41          |
|    time_elapsed         | 219         |
|    total_timesteps      | 20992       |
| train/                  |             |
|    approx_kl            | 0.007162966 |
|    clip_fraction        | 0.00918     |
|    clip_range           | 0.2         |
|    entropy_loss         | -1.75       |
|    explained_variance   | 3.68e-05    |
|    learning_rate        | 0.0003      |
|    loss                 | 8.42e+03    |
|    n_updates            | 400         |
|    policy_gradient_loss | -0.00541    |
|    value_loss           | 1.55e+04    |
-----------------------------------------
------------------------------------------
| rollout/                |              |
|    ep_len_mean          | 720          |
|    ep_rew_mean          | -6.11e+03    |
| time/                   |              |
|    fps                  | 95           |
|    iterations           | 42           |
|    time_elapsed         | 225          |
|    total_timesteps      | 21504        |
| train/                  |              |
|    approx_kl            | 0.0038918369 |
|    clip_fraction        | 0.0143       |
|    clip_range           | 0.2          |
|    entropy_loss         | -1.9         |
|    explained_variance   | 1.77e-05     |
|    learning_rate        | 0.0003       |
|    loss                 | 9.35e+03     |
|    n_updates            | 410          |
|    policy_gradient_loss | -0.0102      |
|    value_loss           | 1.79e+04     |
------------------------------------------
-----------------------------------------
| rollout/                |             |
|    ep_len_mean          | 720         |
|    ep_rew_mean          | -6.04e+03   |
| time/                   |             |
|    fps                  | 95          |
|    iterations           | 43          |
|    time_elapsed         | 231         |
|    total_timesteps      | 22016       |
| train/                  |             |
|    approx_kl            | 0.004522902 |
|    clip_fraction        | 0.00508     |
|    clip_range           | 0.2         |
|    entropy_loss         | -1.79       |
|    explained_variance   | 5.01e-06    |
|    learning_rate        | 0.0003      |
|    loss                 | 1.09e+04    |
|    n_updates            | 420         |
|    policy_gradient_loss | -0.00959    |
|    value_loss           | 2.18e+04    |
-----------------------------------------
------------------------------------------
| rollout/                |              |
|    ep_len_mean          | 720          |
|    ep_rew_mean          | -6.01e+03    |
| time/                   |              |
|    fps                  | 95           |
|    iterations           | 44           |
|    time_elapsed         | 236          |
|    total_timesteps      | 22528        |
| train/                  |              |
|    approx_kl            | 0.0028056663 |
|    clip_fraction        | 0.00176      |
|    clip_range           | 0.2          |
|    entropy_loss         | -1.87        |
|    explained_variance   | 1.36e-05     |
|    learning_rate        | 0.0003       |
|    loss                 | 8.89e+03     |
|    n_updates            | 430          |
|    policy_gradient_loss | -0.00627     |
|    value_loss           | 1.92e+04     |
------------------------------------------
-----------------------------------------
| rollout/                |             |
|    ep_len_mean          | 720         |
|    ep_rew_mean          | -5.94e+03   |
| time/                   |             |
|    fps                  | 95          |
|    iterations           | 45          |
|    time_elapsed         | 241         |
|    total_timesteps      | 23040       |
| train/                  |             |
|    approx_kl            | 0.007346415 |
|    clip_fraction        | 0.00215     |
|    clip_range           | 0.2         |
|    entropy_loss         | -1.79       |
|    explained_variance   | 7.39e-06    |
|    learning_rate        | 0.0003      |
|    loss                 | 9.19e+03    |
|    n_updates            | 440         |
|    policy_gradient_loss | -0.00644    |
|    value_loss           | 2.03e+04    |
-----------------------------------------
-----------------------------------------
| rollout/                |             |
|    ep_len_mean          | 720         |
|    ep_rew_mean          | -5.94e+03   |
| time/                   |             |
|    fps                  | 94          |
|    iterations           | 46          |
|    time_elapsed         | 248         |
|    total_timesteps      | 23552       |
| train/                  |             |
|    approx_kl            | 0.005866712 |
|    clip_fraction        | 0.00547     |
|    clip_range           | 0.2         |
|    entropy_loss         | -1.73       |
|    explained_variance   | 2.09e-06    |
|    learning_rate        | 0.0003      |
|    loss                 | 8.13e+03    |
|    n_updates            | 450         |
|    policy_gradient_loss | -0.00587    |
|    value_loss           | 1.65e+04    |
-----------------------------------------
-----------------------------------------
| rollout/                |             |
|    ep_len_mean          | 720         |
|    ep_rew_mean          | -5.88e+03   |
| time/                   |             |
|    fps                  | 94          |
|    iterations           | 47          |
|    time_elapsed         | 253         |
|    total_timesteps      | 24064       |
| train/                  |             |
|    approx_kl            | 0.013924709 |
|    clip_fraction        | 0.0498      |
|    clip_range           | 0.2         |
|    entropy_loss         | -1.85       |
|    explained_variance   | 2.51e-05    |
|    learning_rate        | 0.0003      |
|    loss                 | 9.57e+03    |
|    n_updates            | 460         |
|    policy_gradient_loss | -0.0125     |
|    value_loss           | 2.13e+04    |
-----------------------------------------
-----------------------------------------
| rollout/                |             |
|    ep_len_mean          | 720         |
|    ep_rew_mean          | -5.79e+03   |
| time/                   |             |
|    fps                  | 94          |
|    iterations           | 48          |
|    time_elapsed         | 260         |
|    total_timesteps      | 24576       |
| train/                  |             |
|    approx_kl            | 0.008165407 |
|    clip_fraction        | 0.0584      |
|    clip_range           | 0.2         |
|    entropy_loss         | -1.77       |
|    explained_variance   | 1.62e-05    |
|    learning_rate        | 0.0003      |
|    loss                 | 5.82e+03    |
|    n_updates            | 470         |
|    policy_gradient_loss | -0.0143     |
|    value_loss           | 1.13e+04    |
-----------------------------------------
-----------------------------------------
| rollout/                |             |
|    ep_len_mean          | 720         |
|    ep_rew_mean          | -5.79e+03   |
| time/                   |             |
|    fps                  | 94          |
|    iterations           | 49          |
|    time_elapsed         | 265         |
|    total_timesteps      | 25088       |
| train/                  |             |
|    approx_kl            | 0.011723953 |
|    clip_fraction        | 0.048       |
|    clip_range           | 0.2         |
|    entropy_loss         | -1.72       |
|    explained_variance   | 1.48e-05    |
|    learning_rate        | 0.0003      |
|    loss                 | 7.61e+03    |
|    n_updates            | 480         |
|    policy_gradient_loss | -0.0117     |
|    value_loss           | 1.7e+04     |
-----------------------------------------
-----------------------------------------
| rollout/                |             |
|    ep_len_mean          | 720         |
|    ep_rew_mean          | -5.65e+03   |
| time/                   |             |
|    fps                  | 94          |
|    iterations           | 50          |
|    time_elapsed         | 271         |
|    total_timesteps      | 25600       |
| train/                  |             |
|    approx_kl            | 0.009885274 |
|    clip_fraction        | 0.0559      |
|    clip_range           | 0.2         |
|    entropy_loss         | -1.72       |
|    explained_variance   | 4.29e-06    |
|    learning_rate        | 0.0003      |
|    loss                 | 3.93e+03    |
|    n_updates            | 490         |
|    policy_gradient_loss | -0.0169     |
|    value_loss           | 6.73e+03    |
-----------------------------------------
-----------------------------------------
| rollout/                |             |
|    ep_len_mean          | 720         |
|    ep_rew_mean          | -5.52e+03   |
| time/                   |             |
|    fps                  | 94          |
|    iterations           | 51          |
|    time_elapsed         | 276         |
|    total_timesteps      | 26112       |
| train/                  |             |
|    approx_kl            | 0.014282808 |
|    clip_fraction        | 0.146       |
|    clip_range           | 0.2         |
|    entropy_loss         | -1.76       |
|    explained_variance   | -3.46e-06   |
|    learning_rate        | 0.0003      |
|    loss                 | 3.2e+03     |
|    n_updates            | 500         |
|    policy_gradient_loss | -0.0191     |
|    value_loss           | 7.54e+03    |
-----------------------------------------
----------------------------------------
| rollout/                |            |
|    ep_len_mean          | 720        |
|    ep_rew_mean          | -5.52e+03  |
| time/                   |            |
|    fps                  | 94         |
|    iterations           | 52         |
|    time_elapsed         | 282        |
|    total_timesteps      | 26624      |
| train/                  |            |
|    approx_kl            | 0.01317671 |
|    clip_fraction        | 0.0766     |
|    clip_range           | 0.2        |
|    entropy_loss         | -1.69      |
|    explained_variance   | 1.5e-05    |
|    learning_rate        | 0.0003     |
|    loss                 | 7.59e+03   |
|    n_updates            | 510        |
|    policy_gradient_loss | -0.00634   |
|    value_loss           | 1.5e+04    |
----------------------------------------
----------------------------------------
| rollout/                |            |
|    ep_len_mean          | 720        |
|    ep_rew_mean          | -5.46e+03  |
| time/                   |            |
|    fps                  | 94         |
|    iterations           | 53         |
|    time_elapsed         | 288        |
|    total_timesteps      | 27136      |
| train/                  |            |
|    approx_kl            | 0.00345799 |
|    clip_fraction        | 0.000977   |
|    clip_range           | 0.2        |
|    entropy_loss         | -1.65      |
|    explained_variance   | 2.68e-06   |
|    learning_rate        | 0.0003     |
|    loss                 | 7.55e+03   |
|    n_updates            | 520        |
|    policy_gradient_loss | -0.00422   |
|    value_loss           | 1.63e+04   |
----------------------------------------
------------------------------------------
| rollout/                |              |
|    ep_len_mean          | 720          |
|    ep_rew_mean          | -5.31e+03    |
| time/                   |              |
|    fps                  | 93           |
|    iterations           | 54           |
|    time_elapsed         | 294          |
|    total_timesteps      | 27648        |
| train/                  |              |
|    approx_kl            | 0.0083995275 |
|    clip_fraction        | 0.0467       |
|    clip_range           | 0.2          |
|    entropy_loss         | -1.65        |
|    explained_variance   | 7.87e-06     |
|    learning_rate        | 0.0003       |
|    loss                 | 5.51e+03     |
|    n_updates            | 530          |
|    policy_gradient_loss | -0.0134      |
|    value_loss           | 9.36e+03     |
------------------------------------------
------------------------------------------
| rollout/                |              |
|    ep_len_mean          | 720          |
|    ep_rew_mean          | -5.23e+03    |
| time/                   |              |
|    fps                  | 93           |
|    iterations           | 55           |
|    time_elapsed         | 300          |
|    total_timesteps      | 28160        |
| train/                  |              |
|    approx_kl            | 0.0071187457 |
|    clip_fraction        | 0.0355       |
|    clip_range           | 0.2          |
|    entropy_loss         | -1.55        |
|    explained_variance   | 1.9e-05      |
|    learning_rate        | 0.0003       |
|    loss                 | 5.49e+03     |
|    n_updates            | 540          |
|    policy_gradient_loss | -0.00835     |
|    value_loss           | 1.02e+04     |
------------------------------------------
----------------------------------------
| rollout/                |            |
|    ep_len_mean          | 720        |
|    ep_rew_mean          | -5.23e+03  |
| time/                   |            |
|    fps                  | 93         |
|    iterations           | 56         |
|    time_elapsed         | 305        |
|    total_timesteps      | 28672      |
| train/                  |            |
|    approx_kl            | 0.00678369 |
|    clip_fraction        | 0.00195    |
|    clip_range           | 0.2        |
|    entropy_loss         | -1.53      |
|    explained_variance   | 1.04e-05   |
|    learning_rate        | 0.0003     |
|    loss                 | 9.03e+03   |
|    n_updates            | 550        |
|    policy_gradient_loss | -0.00476   |
|    value_loss           | 2.02e+04   |
----------------------------------------
-----------------------------------------
| rollout/                |             |
|    ep_len_mean          | 720         |
|    ep_rew_mean          | -5.13e+03   |
| time/                   |             |
|    fps                  | 94          |
|    iterations           | 57          |
|    time_elapsed         | 310         |
|    total_timesteps      | 29184       |
| train/                  |             |
|    approx_kl            | 0.009881388 |
|    clip_fraction        | 0.0693      |
|    clip_range           | 0.2         |
|    entropy_loss         | -1.54       |
|    explained_variance   | 8.82e-06    |
|    learning_rate        | 0.0003      |
|    loss                 | 3.11e+03    |
|    n_updates            | 560         |
|    policy_gradient_loss | -0.0154     |
|    value_loss           | 6.8e+03     |
-----------------------------------------
-----------------------------------------
| rollout/                |             |
|    ep_len_mean          | 720         |
|    ep_rew_mean          | -5.06e+03   |
| time/                   |             |
|    fps                  | 93          |
|    iterations           | 58          |
|    time_elapsed         | 316         |
|    total_timesteps      | 29696       |
| train/                  |             |
|    approx_kl            | 0.013011704 |
|    clip_fraction        | 0.0602      |
|    clip_range           | 0.2         |
|    entropy_loss         | -1.61       |
|    explained_variance   | 2.7e-05     |
|    learning_rate        | 0.0003      |
|    loss                 | 5.38e+03    |
|    n_updates            | 570         |
|    policy_gradient_loss | -0.0141     |
|    value_loss           | 1.05e+04    |
-----------------------------------------
------------------------------------------
| rollout/                |              |
|    ep_len_mean          | 720          |
|    ep_rew_mean          | -5.06e+03    |
| time/                   |              |
|    fps                  | 93           |
|    iterations           | 59           |
|    time_elapsed         | 321          |
|    total_timesteps      | 30208        |
| train/                  |              |
|    approx_kl            | 0.0077813864 |
|    clip_fraction        | 0.0559       |
|    clip_range           | 0.2          |
|    entropy_loss         | -1.54        |
|    explained_variance   | 9.95e-06     |
|    learning_rate        | 0.0003       |
|    loss                 | 4.67e+03     |
|    n_updates            | 580          |
|    policy_gradient_loss | -0.011       |
|    value_loss           | 1.05e+04     |
------------------------------------------
------------------------------------------
| rollout/                |              |
|    ep_len_mean          | 720          |
|    ep_rew_mean          | -5.02e+03    |
| time/                   |              |
|    fps                  | 93           |
|    iterations           | 60           |
|    time_elapsed         | 328          |
|    total_timesteps      | 30720        |
| train/                  |              |
|    approx_kl            | 0.0017246811 |
|    clip_fraction        | 0.000977     |
|    clip_range           | 0.2          |
|    entropy_loss         | -1.43        |
|    explained_variance   | 7.75e-06     |
|    learning_rate        | 0.0003       |
|    loss                 | 1.35e+04     |
|    n_updates            | 590          |
|    policy_gradient_loss | -0.00367     |
|    value_loss           | 2.71e+04     |
------------------------------------------
------------------------------------------
| rollout/                |              |
|    ep_len_mean          | 720          |
|    ep_rew_mean          | -4.97e+03    |
| time/                   |              |
|    fps                  | 93           |
|    iterations           | 61           |
|    time_elapsed         | 334          |
|    total_timesteps      | 31232        |
| train/                  |              |
|    approx_kl            | 0.0029788353 |
|    clip_fraction        | 0.00918      |
|    clip_range           | 0.2          |
|    entropy_loss         | -1.51        |
|    explained_variance   | 2.11e-05     |
|    learning_rate        | 0.0003       |
|    loss                 | 7.17e+03     |
|    n_updates            | 600          |
|    policy_gradient_loss | -0.00717     |
|    value_loss           | 1.45e+04     |
------------------------------------------
-----------------------------------------
| rollout/                |             |
|    ep_len_mean          | 720         |
|    ep_rew_mean          | -4.91e+03   |
| time/                   |             |
|    fps                  | 93          |
|    iterations           | 62          |
|    time_elapsed         | 340         |
|    total_timesteps      | 31744       |
| train/                  |             |
|    approx_kl            | 0.008750483 |
|    clip_fraction        | 0.0314      |
|    clip_range           | 0.2         |
|    entropy_loss         | -1.54       |
|    explained_variance   | 3.21e-05    |
|    learning_rate        | 0.0003      |
|    loss                 | 4.66e+03    |
|    n_updates            | 610         |
|    policy_gradient_loss | -0.0093     |
|    value_loss           | 7.3e+03     |
-----------------------------------------
------------------------------------------
| rollout/                |              |
|    ep_len_mean          | 720          |
|    ep_rew_mean          | -4.91e+03    |
| time/                   |              |
|    fps                  | 93           |
|    iterations           | 63           |
|    time_elapsed         | 345          |
|    total_timesteps      | 32256        |
| train/                  |              |
|    approx_kl            | 0.0024486638 |
|    clip_fraction        | 0.00156      |
|    clip_range           | 0.2          |
|    entropy_loss         | -1.49        |
|    explained_variance   | 3.3e-05      |
|    learning_rate        | 0.0003       |
|    loss                 | 7.02e+03     |
|    n_updates            | 620          |
|    policy_gradient_loss | -0.00735     |
|    value_loss           | 1.2e+04      |
------------------------------------------
-----------------------------------------
| rollout/                |             |
|    ep_len_mean          | 720         |
|    ep_rew_mean          | -4.85e+03   |
| time/                   |             |
|    fps                  | 93          |
|    iterations           | 64          |
|    time_elapsed         | 351         |
|    total_timesteps      | 32768       |
| train/                  |             |
|    approx_kl            | 0.008990683 |
|    clip_fraction        | 0.0248      |
|    clip_range           | 0.2         |
|    entropy_loss         | -1.32       |
|    explained_variance   | 3.99e-06    |
|    learning_rate        | 0.0003      |
|    loss                 | 8.24e+03    |
|    n_updates            | 630         |
|    policy_gradient_loss | -0.00978    |
|    value_loss           | 1.29e+04    |
-----------------------------------------
-----------------------------------------
| rollout/                |             |
|    ep_len_mean          | 720         |
|    ep_rew_mean          | -4.83e+03   |
| time/                   |             |
|    fps                  | 93          |
|    iterations           | 65          |
|    time_elapsed         | 357         |
|    total_timesteps      | 33280       |
| train/                  |             |
|    approx_kl            | 0.016479217 |
|    clip_fraction        | 0.125       |
|    clip_range           | 0.2         |
|    entropy_loss         | -1.15       |
|    explained_variance   | 2.24e-05    |
|    learning_rate        | 0.0003      |
|    loss                 | 5.74e+03    |
|    n_updates            | 640         |
|    policy_gradient_loss | -0.0155     |
|    value_loss           | 1.05e+04    |
-----------------------------------------
------------------------------------------
| rollout/                |              |
|    ep_len_mean          | 720          |
|    ep_rew_mean          | -4.83e+03    |
| time/                   |              |
|    fps                  | 93           |
|    iterations           | 66           |
|    time_elapsed         | 362          |
|    total_timesteps      | 33792        |
| train/                  |              |
|    approx_kl            | 0.0006237348 |
|    clip_fraction        | 0.000195     |
|    clip_range           | 0.2          |
|    entropy_loss         | -1.29        |
|    explained_variance   | 0.000147     |
|    learning_rate        | 0.0003       |
|    loss                 | 1.4e+04      |
|    n_updates            | 650          |
|    policy_gradient_loss | -0.00188     |
|    value_loss           | 2.82e+04     |
------------------------------------------
------------------------------------------
| rollout/                |              |
|    ep_len_mean          | 720          |
|    ep_rew_mean          | -4.8e+03     |
| time/                   |              |
|    fps                  | 93           |
|    iterations           | 67           |
|    time_elapsed         | 368          |
|    total_timesteps      | 34304        |
| train/                  |              |
|    approx_kl            | 0.0010888712 |
|    clip_fraction        | 0            |
|    clip_range           | 0.2          |
|    entropy_loss         | -1.18        |
|    explained_variance   | 8.02e-05     |
|    learning_rate        | 0.0003       |
|    loss                 | 1.2e+04      |
|    n_updates            | 660          |
|    policy_gradient_loss | -0.00312     |
|    value_loss           | 2.12e+04     |
------------------------------------------
-----------------------------------------
| rollout/                |             |
|    ep_len_mean          | 720         |
|    ep_rew_mean          | -4.77e+03   |
| time/                   |             |
|    fps                  | 93          |
|    iterations           | 68          |
|    time_elapsed         | 373         |
|    total_timesteps      | 34816       |
| train/                  |             |
|    approx_kl            | 0.004792875 |
|    clip_fraction        | 0.0105      |
|    clip_range           | 0.2         |
|    entropy_loss         | -1.11       |
|    explained_variance   | 0.000756    |
|    learning_rate        | 0.0003      |
|    loss                 | 7.3e+03     |
|    n_updates            | 670         |
|    policy_gradient_loss | -0.00648    |
|    value_loss           | 1.22e+04    |
-----------------------------------------
------------------------------------------
| rollout/                |              |
|    ep_len_mean          | 720          |
|    ep_rew_mean          | -4.69e+03    |
| time/                   |              |
|    fps                  | 93           |
|    iterations           | 69           |
|    time_elapsed         | 378          |
|    total_timesteps      | 35328        |
| train/                  |              |
|    approx_kl            | 0.0066334317 |
|    clip_fraction        | 0.0273       |
|    clip_range           | 0.2          |
|    entropy_loss         | -1.1         |
|    explained_variance   | 0.000674     |
|    learning_rate        | 0.0003       |
|    loss                 | 6.72e+03     |
|    n_updates            | 680          |
|    policy_gradient_loss | -0.00803     |
|    value_loss           | 1.2e+04      |
------------------------------------------
-----------------------------------------
| rollout/                |             |
|    ep_len_mean          | 720         |
|    ep_rew_mean          | -4.69e+03   |
| time/                   |             |
|    fps                  | 93          |
|    iterations           | 70          |
|    time_elapsed         | 383         |
|    total_timesteps      | 35840       |
| train/                  |             |
|    approx_kl            | 0.008792657 |
|    clip_fraction        | 0.0811      |
|    clip_range           | 0.2         |
|    entropy_loss         | -0.919      |
|    explained_variance   | 0.00067     |
|    learning_rate        | 0.0003      |
|    loss                 | 3.94e+03    |
|    n_updates            | 690         |
|    policy_gradient_loss | -0.012      |
|    value_loss           | 9.52e+03    |
-----------------------------------------
------------------------------------------
| rollout/                |              |
|    ep_len_mean          | 720          |
|    ep_rew_mean          | -4.63e+03    |
| time/                   |              |
|    fps                  | 93           |
|    iterations           | 71           |
|    time_elapsed         | 389          |
|    total_timesteps      | 36352        |
| train/                  |              |
|    approx_kl            | 0.0014638173 |
|    clip_fraction        | 0.00859      |
|    clip_range           | 0.2          |
|    entropy_loss         | -0.973       |
|    explained_variance   | 0.159        |
|    learning_rate        | 0.0003       |
|    loss                 | 5.46e+03     |
|    n_updates            | 700          |
|    policy_gradient_loss | -0.00462     |
|    value_loss           | 1.01e+04     |
------------------------------------------
------------------------------------------
| rollout/                |              |
|    ep_len_mean          | 720          |
|    ep_rew_mean          | -4.55e+03    |
| time/                   |              |
|    fps                  | 92           |
|    iterations           | 72           |
|    time_elapsed         | 397          |
|    total_timesteps      | 36864        |
| train/                  |              |
|    approx_kl            | 0.0023000655 |
|    clip_fraction        | 0.00918      |
|    clip_range           | 0.2          |
|    entropy_loss         | -1.09        |
|    explained_variance   | 0.29         |
|    learning_rate        | 0.0003       |
|    loss                 | 2.13e+03     |
|    n_updates            | 710          |
|    policy_gradient_loss | -0.00372     |
|    value_loss           | 6.6e+03      |
------------------------------------------
------------------------------------------
| rollout/                |              |
|    ep_len_mean          | 720          |
|    ep_rew_mean          | -4.55e+03    |
| time/                   |              |
|    fps                  | 92           |
|    iterations           | 73           |
|    time_elapsed         | 404          |
|    total_timesteps      | 37376        |
| train/                  |              |
|    approx_kl            | 0.0019408301 |
|    clip_fraction        | 0.000586     |
|    clip_range           | 0.2          |
|    entropy_loss         | -0.963       |
|    explained_variance   | 0.448        |
|    learning_rate        | 0.0003       |
|    loss                 | 5.61e+03     |
|    n_updates            | 720          |
|    policy_gradient_loss | -0.00334     |
|    value_loss           | 1.07e+04     |
------------------------------------------
------------------------------------------
| rollout/                |              |
|    ep_len_mean          | 720          |
|    ep_rew_mean          | -4.5e+03     |
| time/                   |              |
|    fps                  | 92           |
|    iterations           | 74           |
|    time_elapsed         | 411          |
|    total_timesteps      | 37888        |
| train/                  |              |
|    approx_kl            | 0.0027908697 |
|    clip_fraction        | 0.0084       |
|    clip_range           | 0.2          |
|    entropy_loss         | -0.965       |
|    explained_variance   | 0.147        |
|    learning_rate        | 0.0003       |
|    loss                 | 6.17e+03     |
|    n_updates            | 730          |
|    policy_gradient_loss | -0.0033      |
|    value_loss           | 1.21e+04     |
------------------------------------------
------------------------------------------
| rollout/                |              |
|    ep_len_mean          | 720          |
|    ep_rew_mean          | -4.44e+03    |
| time/                   |              |
|    fps                  | 92           |
|    iterations           | 75           |
|    time_elapsed         | 416          |
|    total_timesteps      | 38400        |
| train/                  |              |
|    approx_kl            | 0.0042771394 |
|    clip_fraction        | 0.00273      |
|    clip_range           | 0.2          |
|    entropy_loss         | -0.902       |
|    explained_variance   | 0.293        |
|    learning_rate        | 0.0003       |
|    loss                 | 7.1e+03      |
|    n_updates            | 740          |
|    policy_gradient_loss | -0.00552     |
|    value_loss           | 1.21e+04     |
------------------------------------------
------------------------------------------
| rollout/                |              |
|    ep_len_mean          | 720          |
|    ep_rew_mean          | -4.37e+03    |
| time/                   |              |
|    fps                  | 92           |
|    iterations           | 76           |
|    time_elapsed         | 422          |
|    total_timesteps      | 38912        |
| train/                  |              |
|    approx_kl            | 0.0019401738 |
|    clip_fraction        | 0.00176      |
|    clip_range           | 0.2          |
|    entropy_loss         | -0.925       |
|    explained_variance   | 0.41         |
|    learning_rate        | 0.0003       |
|    loss                 | 3.23e+03     |
|    n_updates            | 750          |
|    policy_gradient_loss | -0.0043      |
|    value_loss           | 8.16e+03     |
------------------------------------------
------------------------------------------
| rollout/                |              |
|    ep_len_mean          | 720          |
|    ep_rew_mean          | -4.37e+03    |
| time/                   |              |
|    fps                  | 92           |
|    iterations           | 77           |
|    time_elapsed         | 426          |
|    total_timesteps      | 39424        |
| train/                  |              |
|    approx_kl            | 0.0010897861 |
|    clip_fraction        | 0.00156      |
|    clip_range           | 0.2          |
|    entropy_loss         | -0.817       |
|    explained_variance   | 0.273        |
|    learning_rate        | 0.0003       |
|    loss                 | 3.77e+03     |
|    n_updates            | 760          |
|    policy_gradient_loss | -0.00374     |
|    value_loss           | 9.11e+03     |
------------------------------------------
------------------------------------------
| rollout/                |              |
|    ep_len_mean          | 720          |
|    ep_rew_mean          | -4.33e+03    |
| time/                   |              |
|    fps                  | 92           |
|    iterations           | 78           |
|    time_elapsed         | 433          |
|    total_timesteps      | 39936        |
| train/                  |              |
|    approx_kl            | 0.0005797582 |
|    clip_fraction        | 0            |
|    clip_range           | 0.2          |
|    entropy_loss         | -0.942       |
|    explained_variance   | 0.433        |
|    learning_rate        | 0.0003       |
|    loss                 | 5.9e+03      |
|    n_updates            | 770          |
|    policy_gradient_loss | -0.00176     |
|    value_loss           | 1.1e+04      |
------------------------------------------
------------------------------------------
| rollout/                |              |
|    ep_len_mean          | 720          |
|    ep_rew_mean          | -4.29e+03    |
| time/                   |              |
|    fps                  | 92           |
|    iterations           | 79           |
|    time_elapsed         | 438          |
|    total_timesteps      | 40448        |
| train/                  |              |
|    approx_kl            | 0.0013384712 |
|    clip_fraction        | 0            |
|    clip_range           | 0.2          |
|    entropy_loss         | -0.848       |
|    explained_variance   | 0.522        |
|    learning_rate        | 0.0003       |
|    loss                 | 4.34e+03     |
|    n_updates            | 780          |
|    policy_gradient_loss | -0.004       |
|    value_loss           | 1.12e+04     |
------------------------------------------
-------------------------------------------
| rollout/                |               |
|    ep_len_mean          | 720           |
|    ep_rew_mean          | -4.29e+03     |
| time/                   |               |
|    fps                  | 92            |
|    iterations           | 80            |
|    time_elapsed         | 444           |
|    total_timesteps      | 40960         |
| train/                  |               |
|    approx_kl            | 0.00030939633 |
|    clip_fraction        | 0             |
|    clip_range           | 0.2           |
|    entropy_loss         | -0.788        |
|    explained_variance   | 0.428         |
|    learning_rate        | 0.0003        |
|    loss                 | 5.23e+03      |
|    n_updates            | 790           |
|    policy_gradient_loss | -0.0013       |
|    value_loss           | 1.08e+04      |
-------------------------------------------
------------------------------------------
| rollout/                |              |
|    ep_len_mean          | 720          |
|    ep_rew_mean          | -4.2e+03     |
| time/                   |              |
|    fps                  | 92           |
|    iterations           | 81           |
|    time_elapsed         | 449          |
|    total_timesteps      | 41472        |
| train/                  |              |
|    approx_kl            | 0.0005859714 |
|    clip_fraction        | 0            |
|    clip_range           | 0.2          |
|    entropy_loss         | -0.931       |
|    explained_variance   | 0.518        |
|    learning_rate        | 0.0003       |
|    loss                 | 1.91e+03     |
|    n_updates            | 800          |
|    policy_gradient_loss | -0.00214     |
|    value_loss           | 4.65e+03     |
------------------------------------------
------------------------------------------
| rollout/                |              |
|    ep_len_mean          | 720          |
|    ep_rew_mean          | -4.17e+03    |
| time/                   |              |
|    fps                  | 92           |
|    iterations           | 82           |
|    time_elapsed         | 454          |
|    total_timesteps      | 41984        |
| train/                  |              |
|    approx_kl            | 0.0023780237 |
|    clip_fraction        | 0.000391     |
|    clip_range           | 0.2          |
|    entropy_loss         | -0.902       |
|    explained_variance   | 0.588        |
|    learning_rate        | 0.0003       |
|    loss                 | 3.93e+03     |
|    n_updates            | 810          |
|    policy_gradient_loss | -0.00442     |
|    value_loss           | 8.74e+03     |
------------------------------------------
-------------------------------------------
| rollout/                |               |
|    ep_len_mean          | 720           |
|    ep_rew_mean          | -4.14e+03     |
| time/                   |               |
|    fps                  | 92            |
|    iterations           | 83            |
|    time_elapsed         | 460           |
|    total_timesteps      | 42496         |
| train/                  |               |
|    approx_kl            | 0.00030882267 |
|    clip_fraction        | 0             |
|    clip_range           | 0.2           |
|    entropy_loss         | -0.796        |
|    explained_variance   | 0.514         |
|    learning_rate        | 0.0003        |
|    loss                 | 2.9e+03       |
|    n_updates            | 820           |
|    policy_gradient_loss | -0.00182      |
|    value_loss           | 7.21e+03      |
-------------------------------------------
------------------------------------------
| rollout/                |              |
|    ep_len_mean          | 720          |
|    ep_rew_mean          | -4.14e+03    |
| time/                   |              |
|    fps                  | 92           |
|    iterations           | 84           |
|    time_elapsed         | 465          |
|    total_timesteps      | 43008        |
| train/                  |              |
|    approx_kl            | 0.0006990739 |
|    clip_fraction        | 0.00313      |
|    clip_range           | 0.2          |
|    entropy_loss         | -0.741       |
|    explained_variance   | 0.407        |
|    learning_rate        | 0.0003       |
|    loss                 | 4.72e+03     |
|    n_updates            | 830          |
|    policy_gradient_loss | -0.00361     |
|    value_loss           | 1.21e+04     |
------------------------------------------
-----------------------------------------
| rollout/                |             |
|    ep_len_mean          | 720         |
|    ep_rew_mean          | -4.07e+03   |
| time/                   |             |
|    fps                  | 92          |
|    iterations           | 85          |
|    time_elapsed         | 472         |
|    total_timesteps      | 43520       |
| train/                  |             |
|    approx_kl            | 0.000972557 |
|    clip_fraction        | 0.000586    |
|    clip_range           | 0.2         |
|    entropy_loss         | -0.771      |
|    explained_variance   | 0.657       |
|    learning_rate        | 0.0003      |
|    loss                 | 3.64e+03    |
|    n_updates            | 840         |
|    policy_gradient_loss | -0.00298    |
|    value_loss           | 6.74e+03    |
-----------------------------------------
------------------------------------------
| rollout/                |              |
|    ep_len_mean          | 720          |
|    ep_rew_mean          | -4.03e+03    |
| time/                   |              |
|    fps                  | 92           |
|    iterations           | 86           |
|    time_elapsed         | 477          |
|    total_timesteps      | 44032        |
| train/                  |              |
|    approx_kl            | 0.0010967546 |
|    clip_fraction        | 0.000586     |
|    clip_range           | 0.2          |
|    entropy_loss         | -0.726       |
|    explained_variance   | 0.613        |
|    learning_rate        | 0.0003       |
|    loss                 | 2.73e+03     |
|    n_updates            | 850          |
|    policy_gradient_loss | -0.00205     |
|    value_loss           | 5.43e+03     |
------------------------------------------
-----------------------------------------
| rollout/                |             |
|    ep_len_mean          | 720         |
|    ep_rew_mean          | -4.03e+03   |
| time/                   |             |
|    fps                  | 92          |
|    iterations           | 87          |
|    time_elapsed         | 483         |
|    total_timesteps      | 44544       |
| train/                  |             |
|    approx_kl            | 0.003777149 |
|    clip_fraction        | 0.0105      |
|    clip_range           | 0.2         |
|    entropy_loss         | -0.697      |
|    explained_variance   | 0.687       |
|    learning_rate        | 0.0003      |
|    loss                 | 3.52e+03    |
|    n_updates            | 860         |
|    policy_gradient_loss | -0.0058     |
|    value_loss           | 6.98e+03    |
-----------------------------------------
------------------------------------------
| rollout/                |              |
|    ep_len_mean          | 720          |
|    ep_rew_mean          | -3.96e+03    |
| time/                   |              |
|    fps                  | 91           |
|    iterations           | 88           |
|    time_elapsed         | 490          |
|    total_timesteps      | 45056        |
| train/                  |              |
|    approx_kl            | 6.321355e-05 |
|    clip_fraction        | 0            |
|    clip_range           | 0.2          |
|    entropy_loss         | -0.699       |
|    explained_variance   | 0.567        |
|    learning_rate        | 0.0003       |
|    loss                 | 3.64e+03     |
|    n_updates            | 870          |
|    policy_gradient_loss | -0.000713    |
|    value_loss           | 8.23e+03     |
------------------------------------------
----------------------------------------
| rollout/                |            |
|    ep_len_mean          | 720        |
|    ep_rew_mean          | -3.89e+03  |
| time/                   |            |
|    fps                  | 91         |
|    iterations           | 89         |
|    time_elapsed         | 495        |
|    total_timesteps      | 45568      |
| train/                  |            |
|    approx_kl            | 0.00120948 |
|    clip_fraction        | 0          |
|    clip_range           | 0.2        |
|    entropy_loss         | -0.619     |
|    explained_variance   | 0.68       |
|    learning_rate        | 0.0003     |
|    loss                 | 3.88e+03   |
|    n_updates            | 880        |
|    policy_gradient_loss | -0.00333   |
|    value_loss           | 8.66e+03   |
----------------------------------------
-----------------------------------------
| rollout/                |             |
|    ep_len_mean          | 720         |
|    ep_rew_mean          | -3.84e+03   |
| time/                   |             |
|    fps                  | 92          |
|    iterations           | 90          |
|    time_elapsed         | 500         |
|    total_timesteps      | 46080       |
| train/                  |             |
|    approx_kl            | 0.001051562 |
|    clip_fraction        | 0.000391    |
|    clip_range           | 0.2         |
|    entropy_loss         | -0.655      |
|    explained_variance   | 0.669       |
|    learning_rate        | 0.0003      |
|    loss                 | 1.83e+03    |
|    n_updates            | 890         |
|    policy_gradient_loss | -0.00363    |
|    value_loss           | 5.03e+03    |
-----------------------------------------
-------------------------------------------
| rollout/                |               |
|    ep_len_mean          | 720           |
|    ep_rew_mean          | -3.84e+03     |
| time/                   |               |
|    fps                  | 92            |
|    iterations           | 91            |
|    time_elapsed         | 505           |
|    total_timesteps      | 46592         |
| train/                  |               |
|    approx_kl            | 0.00036048208 |
|    clip_fraction        | 0             |
|    clip_range           | 0.2           |
|    entropy_loss         | -0.637        |
|    explained_variance   | 0.633         |
|    learning_rate        | 0.0003        |
|    loss                 | 5.19e+03      |
|    n_updates            | 900           |
|    policy_gradient_loss | -0.00136      |
|    value_loss           | 1.15e+04      |
-------------------------------------------
------------------------------------------
| rollout/                |              |
|    ep_len_mean          | 720          |
|    ep_rew_mean          | -3.77e+03    |
| time/                   |              |
|    fps                  | 92           |
|    iterations           | 92           |
|    time_elapsed         | 510          |
|    total_timesteps      | 47104        |
| train/                  |              |
|    approx_kl            | 0.0008096959 |
|    clip_fraction        | 0            |
|    clip_range           | 0.2          |
|    entropy_loss         | -0.751       |
|    explained_variance   | 0.662        |
|    learning_rate        | 0.0003       |
|    loss                 | 6.57e+03     |
|    n_updates            | 910          |
|    policy_gradient_loss | -0.00319     |
|    value_loss           | 1.49e+04     |
------------------------------------------
-------------------------------------------
| rollout/                |               |
|    ep_len_mean          | 720           |
|    ep_rew_mean          | -3.7e+03      |
| time/                   |               |
|    fps                  | 92            |
|    iterations           | 93            |
|    time_elapsed         | 515           |
|    total_timesteps      | 47616         |
| train/                  |               |
|    approx_kl            | 0.00044324392 |
|    clip_fraction        | 0.000391      |
|    clip_range           | 0.2           |
|    entropy_loss         | -0.508        |
|    explained_variance   | 0.678         |
|    learning_rate        | 0.0003        |
|    loss                 | 5.22e+03      |
|    n_updates            | 920           |
|    policy_gradient_loss | -0.00245      |
|    value_loss           | 1.08e+04      |
-------------------------------------------
-------------------------------------------
| rollout/                |               |
|    ep_len_mean          | 720           |
|    ep_rew_mean          | -3.7e+03      |
| time/                   |               |
|    fps                  | 92            |
|    iterations           | 94            |
|    time_elapsed         | 522           |
|    total_timesteps      | 48128         |
| train/                  |               |
|    approx_kl            | 0.00048187774 |
|    clip_fraction        | 0.000195      |
|    clip_range           | 0.2           |
|    entropy_loss         | -0.688        |
|    explained_variance   | 0.701         |
|    learning_rate        | 0.0003        |
|    loss                 | 2.57e+03      |
|    n_updates            | 930           |
|    policy_gradient_loss | -0.00164      |
|    value_loss           | 6.66e+03      |
-------------------------------------------
------------------------------------------
| rollout/                |              |
|    ep_len_mean          | 720          |
|    ep_rew_mean          | -3.61e+03    |
| time/                   |              |
|    fps                  | 92           |
|    iterations           | 95           |
|    time_elapsed         | 527          |
|    total_timesteps      | 48640        |
| train/                  |              |
|    approx_kl            | 0.0014612081 |
|    clip_fraction        | 0.00488      |
|    clip_range           | 0.2          |
|    entropy_loss         | -0.756       |
|    explained_variance   | 0.533        |
|    learning_rate        | 0.0003       |
|    loss                 | 6.08e+03     |
|    n_updates            | 940          |
|    policy_gradient_loss | -0.00361     |
|    value_loss           | 1.81e+04     |
------------------------------------------
------------------------------------------
| rollout/                |              |
|    ep_len_mean          | 720          |
|    ep_rew_mean          | -3.55e+03    |
| time/                   |              |
|    fps                  | 91           |
|    iterations           | 96           |
|    time_elapsed         | 534          |
|    total_timesteps      | 49152        |
| train/                  |              |
|    approx_kl            | 0.0014985517 |
|    clip_fraction        | 0.00293      |
|    clip_range           | 0.2          |
|    entropy_loss         | -0.612       |
|    explained_variance   | 0.701        |
|    learning_rate        | 0.0003       |
|    loss                 | 4.9e+03      |
|    n_updates            | 950          |
|    policy_gradient_loss | -0.00454     |
|    value_loss           | 8.18e+03     |
------------------------------------------
------------------------------------------
| rollout/                |              |
|    ep_len_mean          | 720          |
|    ep_rew_mean          | -3.55e+03    |
| time/                   |              |
|    fps                  | 92           |
|    iterations           | 97           |
|    time_elapsed         | 539          |
|    total_timesteps      | 49664        |
| train/                  |              |
|    approx_kl            | 0.0008635238 |
|    clip_fraction        | 0.000195     |
|    clip_range           | 0.2          |
|    entropy_loss         | -0.614       |
|    explained_variance   | 0.617        |
|    learning_rate        | 0.0003       |
|    loss                 | 4.1e+03      |
|    n_updates            | 960          |
|    policy_gradient_loss | -0.0036      |
|    value_loss           | 6.94e+03     |
------------------------------------------
------------------------------------------
| rollout/                |              |
|    ep_len_mean          | 720          |
|    ep_rew_mean          | -3.48e+03    |
| time/                   |              |
|    fps                  | 92           |
|    iterations           | 98           |
|    time_elapsed         | 543          |
|    total_timesteps      | 50176        |
| train/                  |              |
|    approx_kl            | 0.0011856435 |
|    clip_fraction        | 0.00234      |
|    clip_range           | 0.2          |
|    entropy_loss         | -0.789       |
|    explained_variance   | 0.623        |
|    learning_rate        | 0.0003       |
|    loss                 | 3.05e+03     |
|    n_updates            | 970          |
|    policy_gradient_loss | -0.0033      |
|    value_loss           | 8.43e+03     |
------------------------------------------
------------------------------------------
| rollout/                |              |
|    ep_len_mean          | 720          |
|    ep_rew_mean          | -3.39e+03    |
| time/                   |              |
|    fps                  | 92           |
|    iterations           | 99           |
|    time_elapsed         | 549          |
|    total_timesteps      | 50688        |
| train/                  |              |
|    approx_kl            | 0.0005211072 |
|    clip_fraction        | 0            |
|    clip_range           | 0.2          |
|    entropy_loss         | -0.711       |
|    explained_variance   | 0.564        |
|    learning_rate        | 0.0003       |
|    loss                 | 6.03e+03     |
|    n_updates            | 980          |
|    policy_gradient_loss | -0.0018      |
|    value_loss           | 1.02e+04     |
------------------------------------------
------------------------------------------
| rollout/                |              |
|    ep_len_mean          | 720          |
|    ep_rew_mean          | -3.32e+03    |
| time/                   |              |
|    fps                  | 92           |
|    iterations           | 100          |
|    time_elapsed         | 553          |
|    total_timesteps      | 51200        |
| train/                  |              |
|    approx_kl            | 0.0019703903 |
|    clip_fraction        | 0.00664      |
|    clip_range           | 0.2          |
|    entropy_loss         | -0.812       |
|    explained_variance   | 0.14         |
|    learning_rate        | 0.0003       |
|    loss                 | 6.4e+03      |
|    n_updates            | 990          |
|    policy_gradient_loss | -0.00344     |
|    value_loss           | 1.52e+04     |
------------------------------------------
------------------------------------------
| rollout/                |              |
|    ep_len_mean          | 720          |
|    ep_rew_mean          | -3.32e+03    |
| time/                   |              |
|    fps                  | 92           |
|    iterations           | 101          |
|    time_elapsed         | 558          |
|    total_timesteps      | 51712        |
| train/                  |              |
|    approx_kl            | 0.0014641446 |
|    clip_fraction        | 0.00195      |
|    clip_range           | 0.2          |
|    entropy_loss         | -0.71        |
|    explained_variance   | 0.589        |
|    learning_rate        | 0.0003       |
|    loss                 | 2.1e+03      |
|    n_updates            | 1000         |
|    policy_gradient_loss | -0.00284     |
|    value_loss           | 6.19e+03     |
------------------------------------------
-------------------------------------------
| rollout/                |               |
|    ep_len_mean          | 720           |
|    ep_rew_mean          | -3.28e+03     |
| time/                   |               |
|    fps                  | 92            |
|    iterations           | 102           |
|    time_elapsed         | 564           |
|    total_timesteps      | 52224         |
| train/                  |               |
|    approx_kl            | 0.00034150315 |
|    clip_fraction        | 0             |
|    clip_range           | 0.2           |
|    entropy_loss         | -0.553        |
|    explained_variance   | 0.655         |
|    learning_rate        | 0.0003        |
|    loss                 | 3.14e+03      |
|    n_updates            | 1010          |
|    policy_gradient_loss | -0.00164      |
|    value_loss           | 8.35e+03      |
-------------------------------------------
------------------------------------------
| rollout/                |              |
|    ep_len_mean          | 720          |
|    ep_rew_mean          | -3.21e+03    |
| time/                   |              |
|    fps                  | 92           |
|    iterations           | 103          |
|    time_elapsed         | 570          |
|    total_timesteps      | 52736        |
| train/                  |              |
|    approx_kl            | 0.0010885653 |
|    clip_fraction        | 0.000195     |
|    clip_range           | 0.2          |
|    entropy_loss         | -0.805       |
|    explained_variance   | 0.644        |
|    learning_rate        | 0.0003       |
|    loss                 | 6.67e+03     |
|    n_updates            | 1020         |
|    policy_gradient_loss | -0.00345     |
|    value_loss           | 1.19e+04     |
------------------------------------------
------------------------------------------
| rollout/                |              |
|    ep_len_mean          | 720          |
|    ep_rew_mean          | -3.21e+03    |
| time/                   |              |
|    fps                  | 92           |
|    iterations           | 104          |
|    time_elapsed         | 575          |
|    total_timesteps      | 53248        |
| train/                  |              |
|    approx_kl            | 0.0014561797 |
|    clip_fraction        | 0.00117      |
|    clip_range           | 0.2          |
|    entropy_loss         | -0.846       |
|    explained_variance   | 0.466        |
|    learning_rate        | 0.0003       |
|    loss                 | 3.24e+03     |
|    n_updates            | 1030         |
|    policy_gradient_loss | -0.00365     |
|    value_loss           | 8.18e+03     |
------------------------------------------
-------------------------------------------
| rollout/                |               |
|    ep_len_mean          | 720           |
|    ep_rew_mean          | -3.15e+03     |
| time/                   |               |
|    fps                  | 92            |
|    iterations           | 105           |
|    time_elapsed         | 580           |
|    total_timesteps      | 53760         |
| train/                  |               |
|    approx_kl            | 0.00046891175 |
|    clip_fraction        | 0             |
|    clip_range           | 0.2           |
|    entropy_loss         | -0.713        |
|    explained_variance   | 0.602         |
|    learning_rate        | 0.0003        |
|    loss                 | 5.3e+03       |
|    n_updates            | 1040          |
|    policy_gradient_loss | -0.0013       |
|    value_loss           | 1.29e+04      |
-------------------------------------------
------------------------------------------
| rollout/                |              |
|    ep_len_mean          | 720          |
|    ep_rew_mean          | -3.11e+03    |
| time/                   |              |
|    fps                  | 92           |
|    iterations           | 106          |
|    time_elapsed         | 586          |
|    total_timesteps      | 54272        |
| train/                  |              |
|    approx_kl            | 0.0006907391 |
|    clip_fraction        | 0.000586     |
|    clip_range           | 0.2          |
|    entropy_loss         | -0.735       |
|    explained_variance   | 0.647        |
|    learning_rate        | 0.0003       |
|    loss                 | 2.07e+03     |
|    n_updates            | 1050         |
|    policy_gradient_loss | -0.00233     |
|    value_loss           | 4.94e+03     |
------------------------------------------
------------------------------------------
| rollout/                |              |
|    ep_len_mean          | 720          |
|    ep_rew_mean          | -3.05e+03    |
| time/                   |              |
|    fps                  | 92           |
|    iterations           | 107          |
|    time_elapsed         | 591          |
|    total_timesteps      | 54784        |
| train/                  |              |
|    approx_kl            | 0.0007057408 |
|    clip_fraction        | 0            |
|    clip_range           | 0.2          |
|    entropy_loss         | -0.757       |
|    explained_variance   | 0.601        |
|    learning_rate        | 0.0003       |
|    loss                 | 2.15e+03     |
|    n_updates            | 1060         |
|    policy_gradient_loss | -0.00228     |
|    value_loss           | 4.75e+03     |
------------------------------------------
------------------------------------------
| rollout/                |              |
|    ep_len_mean          | 720          |
|    ep_rew_mean          | -3.05e+03    |
| time/                   |              |
|    fps                  | 92           |
|    iterations           | 108          |
|    time_elapsed         | 597          |
|    total_timesteps      | 55296        |
| train/                  |              |
|    approx_kl            | 0.0029290188 |
|    clip_fraction        | 0.00977      |
|    clip_range           | 0.2          |
|    entropy_loss         | -0.855       |
|    explained_variance   | 0.632        |
|    learning_rate        | 0.0003       |
|    loss                 | 4.92e+03     |
|    n_updates            | 1070         |
|    policy_gradient_loss | -0.00536     |
|    value_loss           | 9.76e+03     |
------------------------------------------
------------------------------------------
| rollout/                |              |
|    ep_len_mean          | 720          |
|    ep_rew_mean          | -2.99e+03    |
| time/                   |              |
|    fps                  | 92           |
|    iterations           | 109          |
|    time_elapsed         | 602          |
|    total_timesteps      | 55808        |
| train/                  |              |
|    approx_kl            | 0.0008354228 |
|    clip_fraction        | 0.000977     |
|    clip_range           | 0.2          |
|    entropy_loss         | -0.719       |
|    explained_variance   | 0.659        |
|    learning_rate        | 0.0003       |
|    loss                 | 3.44e+03     |
|    n_updates            | 1080         |
|    policy_gradient_loss | -0.00295     |
|    value_loss           | 9.72e+03     |
------------------------------------------
-------------------------------------------
| rollout/                |               |
|    ep_len_mean          | 720           |
|    ep_rew_mean          | -2.93e+03     |
| time/                   |               |
|    fps                  | 92            |
|    iterations           | 110           |
|    time_elapsed         | 609           |
|    total_timesteps      | 56320         |
| train/                  |               |
|    approx_kl            | 0.00025015016 |
|    clip_fraction        | 0             |
|    clip_range           | 0.2           |
|    entropy_loss         | -0.921        |
|    explained_variance   | 0.38          |
|    learning_rate        | 0.0003        |
|    loss                 | 5.7e+03       |
|    n_updates            | 1090          |
|    policy_gradient_loss | -0.00128      |
|    value_loss           | 1.39e+04      |
-------------------------------------------
-----------------------------------------
| rollout/                |             |
|    ep_len_mean          | 720         |
|    ep_rew_mean          | -2.93e+03   |
| time/                   |             |
|    fps                  | 92          |
|    iterations           | 111         |
|    time_elapsed         | 614         |
|    total_timesteps      | 56832       |
| train/                  |             |
|    approx_kl            | 0.001616638 |
|    clip_fraction        | 0.00313     |
|    clip_range           | 0.2         |
|    entropy_loss         | -0.999      |
|    explained_variance   | 0.496       |
|    learning_rate        | 0.0003      |
|    loss                 | 4.01e+03    |
|    n_updates            | 1100        |
|    policy_gradient_loss | -0.00322    |
|    value_loss           | 9.19e+03    |
-----------------------------------------
------------------------------------------
| rollout/                |              |
|    ep_len_mean          | 720          |
|    ep_rew_mean          | -2.87e+03    |
| time/                   |              |
|    fps                  | 92           |
|    iterations           | 112          |
|    time_elapsed         | 619          |
|    total_timesteps      | 57344        |
| train/                  |              |
|    approx_kl            | 0.0035570378 |
|    clip_fraction        | 0.0277       |
|    clip_range           | 0.2          |
|    entropy_loss         | -0.742       |
|    explained_variance   | 0.702        |
|    learning_rate        | 0.0003       |
|    loss                 | 8.16e+03     |
|    n_updates            | 1110         |
|    policy_gradient_loss | -0.00503     |
|    value_loss           | 1.64e+04     |
------------------------------------------
-------------------------------------------
| rollout/                |               |
|    ep_len_mean          | 720           |
|    ep_rew_mean          | -2.81e+03     |
| time/                   |               |
|    fps                  | 92            |
|    iterations           | 113           |
|    time_elapsed         | 625           |
|    total_timesteps      | 57856         |
| train/                  |               |
|    approx_kl            | 0.00067672983 |
|    clip_fraction        | 0             |
|    clip_range           | 0.2           |
|    entropy_loss         | -0.736        |
|    explained_variance   | 0.673         |
|    learning_rate        | 0.0003        |
|    loss                 | 7.08e+03      |
|    n_updates            | 1120          |
|    policy_gradient_loss | -0.00207      |
|    value_loss           | 1.34e+04      |
-------------------------------------------
-----------------------------------------
| rollout/                |             |
|    ep_len_mean          | 720         |
|    ep_rew_mean          | -2.76e+03   |
| time/                   |             |
|    fps                  | 92          |
|    iterations           | 114         |
|    time_elapsed         | 631         |
|    total_timesteps      | 58368       |
| train/                  |             |
|    approx_kl            | 0.002335886 |
|    clip_fraction        | 0.0123      |
|    clip_range           | 0.2         |
|    entropy_loss         | -0.75       |
|    explained_variance   | 0.691       |
|    learning_rate        | 0.0003      |
|    loss                 | 3.12e+03    |
|    n_updates            | 1130        |
|    policy_gradient_loss | -0.0041     |
|    value_loss           | 8.16e+03    |
-----------------------------------------
-------------------------------------------
| rollout/                |               |
|    ep_len_mean          | 720           |
|    ep_rew_mean          | -2.76e+03     |
| time/                   |               |
|    fps                  | 92            |
|    iterations           | 115           |
|    time_elapsed         | 636           |
|    total_timesteps      | 58880         |
| train/                  |               |
|    approx_kl            | 0.00054539356 |
|    clip_fraction        | 0             |
|    clip_range           | 0.2           |
|    entropy_loss         | -0.77         |
|    explained_variance   | 0.596         |
|    learning_rate        | 0.0003        |
|    loss                 | 2.96e+03      |
|    n_updates            | 1140          |
|    policy_gradient_loss | -0.0017       |
|    value_loss           | 6.86e+03      |
-------------------------------------------
-------------------------------------------
| rollout/                |               |
|    ep_len_mean          | 720           |
|    ep_rew_mean          | -2.72e+03     |
| time/                   |               |
|    fps                  | 92            |
|    iterations           | 116           |
|    time_elapsed         | 641           |
|    total_timesteps      | 59392         |
| train/                  |               |
|    approx_kl            | 0.00038116856 |
|    clip_fraction        | 0             |
|    clip_range           | 0.2           |
|    entropy_loss         | -0.678        |
|    explained_variance   | 0.626         |
|    learning_rate        | 0.0003        |
|    loss                 | 4.3e+03       |
|    n_updates            | 1150          |
|    policy_gradient_loss | -0.000964     |
|    value_loss           | 8.8e+03       |
-------------------------------------------
------------------------------------------
| rollout/                |              |
|    ep_len_mean          | 720          |
|    ep_rew_mean          | -2.68e+03    |
| time/                   |              |
|    fps                  | 92           |
|    iterations           | 117          |
|    time_elapsed         | 646          |
|    total_timesteps      | 59904        |
| train/                  |              |
|    approx_kl            | 0.0031663962 |
|    clip_fraction        | 0.0168       |
|    clip_range           | 0.2          |
|    entropy_loss         | -0.685       |
|    explained_variance   | 0.72         |
|    learning_rate        | 0.0003       |
|    loss                 | 7.12e+03     |
|    n_updates            | 1160         |
|    policy_gradient_loss | -0.00549     |
|    value_loss           | 1.41e+04     |
------------------------------------------
------------------------------------------
| rollout/                |              |
|    ep_len_mean          | 720          |
|    ep_rew_mean          | -2.68e+03    |
| time/                   |              |
|    fps                  | 92           |
|    iterations           | 118          |
|    time_elapsed         | 652          |
|    total_timesteps      | 60416        |
| train/                  |              |
|    approx_kl            | 0.0011085821 |
|    clip_fraction        | 0            |
|    clip_range           | 0.2          |
|    entropy_loss         | -0.757       |
|    explained_variance   | 0.738        |
|    learning_rate        | 0.0003       |
|    loss                 | 5.72e+03     |
|    n_updates            | 1170         |
|    policy_gradient_loss | -0.00226     |
|    value_loss           | 1.19e+04     |
------------------------------------------
------------------------------------------
| rollout/                |              |
|    ep_len_mean          | 720          |
|    ep_rew_mean          | -2.65e+03    |
| time/                   |              |
|    fps                  | 92           |
|    iterations           | 119          |
|    time_elapsed         | 658          |
|    total_timesteps      | 60928        |
| train/                  |              |
|    approx_kl            | 0.0013749518 |
|    clip_fraction        | 0.00117      |
|    clip_range           | 0.2          |
|    entropy_loss         | -0.756       |
|    explained_variance   | 0.73         |
|    learning_rate        | 0.0003       |
|    loss                 | 5.3e+03      |
|    n_updates            | 1180         |
|    policy_gradient_loss | -0.002       |
|    value_loss           | 1.21e+04     |
------------------------------------------
-------------------------------------------
| rollout/                |               |
|    ep_len_mean          | 720           |
|    ep_rew_mean          | -2.59e+03     |
| time/                   |               |
|    fps                  | 92            |
|    iterations           | 120           |
|    time_elapsed         | 665           |
|    total_timesteps      | 61440         |
| train/                  |               |
|    approx_kl            | 0.00080292975 |
|    clip_fraction        | 0.000391      |
|    clip_range           | 0.2           |
|    entropy_loss         | -0.673        |
|    explained_variance   | 0.582         |
|    learning_rate        | 0.0003        |
|    loss                 | 5.49e+03      |
|    n_updates            | 1190          |
|    policy_gradient_loss | -0.00212      |
|    value_loss           | 9.84e+03      |
-------------------------------------------
-----------------------------------------
| rollout/                |             |
|    ep_len_mean          | 720         |
|    ep_rew_mean          | -2.53e+03   |
| time/                   |             |
|    fps                  | 92          |
|    iterations           | 121         |
|    time_elapsed         | 671         |
|    total_timesteps      | 61952       |
| train/                  |             |
|    approx_kl            | 0.007915669 |
|    clip_fraction        | 0.0846      |
|    clip_range           | 0.2         |
|    entropy_loss         | -0.914      |
|    explained_variance   | 0.0155      |
|    learning_rate        | 0.0003      |
|    loss                 | 6.73e+03    |
|    n_updates            | 1200        |
|    policy_gradient_loss | -0.0106     |
|    value_loss           | 1.25e+04    |
-----------------------------------------
-------------------------------------------
| rollout/                |               |
|    ep_len_mean          | 720           |
|    ep_rew_mean          | -2.53e+03     |
| time/                   |               |
|    fps                  | 92            |
|    iterations           | 122           |
|    time_elapsed         | 677           |
|    total_timesteps      | 62464         |
| train/                  |               |
|    approx_kl            | 0.00087745563 |
|    clip_fraction        | 0.000195      |
|    clip_range           | 0.2           |
|    entropy_loss         | -0.863        |
|    explained_variance   | 0.605         |
|    learning_rate        | 0.0003        |
|    loss                 | 4.3e+03       |
|    n_updates            | 1210          |
|    policy_gradient_loss | -0.00224      |
|    value_loss           | 8.78e+03      |
-------------------------------------------
------------------------------------------
| rollout/                |              |
|    ep_len_mean          | 720          |
|    ep_rew_mean          | -2.47e+03    |
| time/                   |              |
|    fps                  | 92           |
|    iterations           | 123          |
|    time_elapsed         | 682          |
|    total_timesteps      | 62976        |
| train/                  |              |
|    approx_kl            | 0.0025200993 |
|    clip_fraction        | 0.0123       |
|    clip_range           | 0.2          |
|    entropy_loss         | -0.746       |
|    explained_variance   | 0.154        |
|    learning_rate        | 0.0003       |
|    loss                 | 5.2e+03      |
|    n_updates            | 1220         |
|    policy_gradient_loss | -0.00359     |
|    value_loss           | 1.21e+04     |
------------------------------------------
------------------------------------------
| rollout/                |              |
|    ep_len_mean          | 720          |
|    ep_rew_mean          | -2.43e+03    |
| time/                   |              |
|    fps                  | 92           |
|    iterations           | 124          |
|    time_elapsed         | 688          |
|    total_timesteps      | 63488        |
| train/                  |              |
|    approx_kl            | 0.0014207154 |
|    clip_fraction        | 0.000586     |
|    clip_range           | 0.2          |
|    entropy_loss         | -0.808       |
|    explained_variance   | 0.509        |
|    learning_rate        | 0.0003       |
|    loss                 | 5.03e+03     |
|    n_updates            | 1230         |
|    policy_gradient_loss | -0.00166     |
|    value_loss           | 1.35e+04     |
------------------------------------------
------------------------------------------
| rollout/                |              |
|    ep_len_mean          | 720          |
|    ep_rew_mean          | -2.43e+03    |
| time/                   |              |
|    fps                  | 92           |
|    iterations           | 125          |
|    time_elapsed         | 692          |
|    total_timesteps      | 64000        |
| train/                  |              |
|    approx_kl            | 8.254316e-05 |
|    clip_fraction        | 0            |
|    clip_range           | 0.2          |
|    entropy_loss         | -0.497       |
|    explained_variance   | 0.681        |
|    learning_rate        | 0.0003       |
|    loss                 | 5.3e+03      |
|    n_updates            | 1240         |
|    policy_gradient_loss | -0.000607    |
|    value_loss           | 1.17e+04     |
------------------------------------------
------------------------------------------
| rollout/                |              |
|    ep_len_mean          | 720          |
|    ep_rew_mean          | -2.43e+03    |
| time/                   |              |
|    fps                  | 92           |
|    iterations           | 126          |
|    time_elapsed         | 699          |
|    total_timesteps      | 64512        |
| train/                  |              |
|    approx_kl            | 0.0002702425 |
|    clip_fraction        | 0            |
|    clip_range           | 0.2          |
|    entropy_loss         | -0.539       |
|    explained_variance   | 0.638        |
|    learning_rate        | 0.0003       |
|    loss                 | 9.96e+03     |
|    n_updates            | 1250         |
|    policy_gradient_loss | -0.000852    |
|    value_loss           | 1.84e+04     |
------------------------------------------
------------------------------------------
| rollout/                |              |
|    ep_len_mean          | 720          |
|    ep_rew_mean          | -2.38e+03    |
| time/                   |              |
|    fps                  | 92           |
|    iterations           | 127          |
|    time_elapsed         | 704          |
|    total_timesteps      | 65024        |
| train/                  |              |
|    approx_kl            | 0.0015750363 |
|    clip_fraction        | 0.00664      |
|    clip_range           | 0.2          |
|    entropy_loss         | -0.701       |
|    explained_variance   | 0.574        |
|    learning_rate        | 0.0003       |
|    loss                 | 7.76e+03     |
|    n_updates            | 1260         |
|    policy_gradient_loss | -0.0039      |
|    value_loss           | 1.64e+04     |
------------------------------------------
------------------------------------------
| rollout/                |              |
|    ep_len_mean          | 720          |
|    ep_rew_mean          | -2.33e+03    |
| time/                   |              |
|    fps                  | 92           |
|    iterations           | 128          |
|    time_elapsed         | 710          |
|    total_timesteps      | 65536        |
| train/                  |              |
|    approx_kl            | 0.0014681858 |
|    clip_fraction        | 0.0041       |
|    clip_range           | 0.2          |
|    entropy_loss         | -0.601       |
|    explained_variance   | 0.765        |
|    learning_rate        | 0.0003       |
|    loss                 | 3.58e+03     |
|    n_updates            | 1270         |
|    policy_gradient_loss | -0.00392     |
|    value_loss           | 5.84e+03     |
------------------------------------------
-------------------------------------------
| rollout/                |               |
|    ep_len_mean          | 720           |
|    ep_rew_mean          | -2.33e+03     |
| time/                   |               |
|    fps                  | 92            |
|    iterations           | 129           |
|    time_elapsed         | 716           |
|    total_timesteps      | 66048         |
| train/                  |               |
|    approx_kl            | 0.00087783975 |
|    clip_fraction        | 0.000391      |
|    clip_range           | 0.2           |
|    entropy_loss         | -0.714        |
|    explained_variance   | 0.378         |
|    learning_rate        | 0.0003        |
|    loss                 | 2.96e+03      |
|    n_updates            | 1280          |
|    policy_gradient_loss | -0.00167      |
|    value_loss           | 6.43e+03      |
-------------------------------------------
------------------------------------------
| rollout/                |              |
|    ep_len_mean          | 720          |
|    ep_rew_mean          | -2.32e+03    |
| time/                   |              |
|    fps                  | 92           |
|    iterations           | 130          |
|    time_elapsed         | 721          |
|    total_timesteps      | 66560        |
| train/                  |              |
|    approx_kl            | 0.0008085756 |
|    clip_fraction        | 0.00176      |
|    clip_range           | 0.2          |
|    entropy_loss         | -0.606       |
|    explained_variance   | 0.817        |
|    learning_rate        | 0.0003       |
|    loss                 | 3.99e+03     |
|    n_updates            | 1290         |
|    policy_gradient_loss | -0.00265     |
|    value_loss           | 9.52e+03     |
------------------------------------------
------------------------------------------
| rollout/                |              |
|    ep_len_mean          | 720          |
|    ep_rew_mean          | -2.28e+03    |
| time/                   |              |
|    fps                  | 92           |
|    iterations           | 131          |
|    time_elapsed         | 727          |
|    total_timesteps      | 67072        |
| train/                  |              |
|    approx_kl            | 0.0001331325 |
|    clip_fraction        | 0            |
|    clip_range           | 0.2          |
|    entropy_loss         | -0.534       |
|    explained_variance   | 0.598        |
|    learning_rate        | 0.0003       |
|    loss                 | 4.29e+03     |
|    n_updates            | 1300         |
|    policy_gradient_loss | -0.000661    |
|    value_loss           | 1.23e+04     |
------------------------------------------
------------------------------------------
| rollout/                |              |
|    ep_len_mean          | 720          |
|    ep_rew_mean          | -2.28e+03    |
| time/                   |              |
|    fps                  | 92           |
|    iterations           | 132          |
|    time_elapsed         | 732          |
|    total_timesteps      | 67584        |
| train/                  |              |
|    approx_kl            | 0.0016164666 |
|    clip_fraction        | 0.00117      |
|    clip_range           | 0.2          |
|    entropy_loss         | -0.78        |
|    explained_variance   | 0.755        |
|    learning_rate        | 0.0003       |
|    loss                 | 4.47e+03     |
|    n_updates            | 1310         |
|    policy_gradient_loss | -0.0038      |
|    value_loss           | 9.48e+03     |
------------------------------------------
------------------------------------------
| rollout/                |              |
|    ep_len_mean          | 720          |
|    ep_rew_mean          | -2.25e+03    |
| time/                   |              |
|    fps                  | 92           |
|    iterations           | 133          |
|    time_elapsed         | 738          |
|    total_timesteps      | 68096        |
| train/                  |              |
|    approx_kl            | 0.0012567539 |
|    clip_fraction        | 0.00449      |
|    clip_range           | 0.2          |
|    entropy_loss         | -0.618       |
|    explained_variance   | 0.775        |
|    learning_rate        | 0.0003       |
|    loss                 | 5.38e+03     |
|    n_updates            | 1320         |
|    policy_gradient_loss | -0.00178     |
|    value_loss           | 1.16e+04     |
------------------------------------------
-------------------------------------------
| rollout/                |               |
|    ep_len_mean          | 720           |
|    ep_rew_mean          | -2.2e+03      |
| time/                   |               |
|    fps                  | 92            |
|    iterations           | 134           |
|    time_elapsed         | 743           |
|    total_timesteps      | 68608         |
| train/                  |               |
|    approx_kl            | 0.00067565404 |
|    clip_fraction        | 0             |
|    clip_range           | 0.2           |
|    entropy_loss         | -0.694        |
|    explained_variance   | 0.666         |
|    learning_rate        | 0.0003        |
|    loss                 | 5.89e+03      |
|    n_updates            | 1330          |
|    policy_gradient_loss | -0.00144      |
|    value_loss           | 1.36e+04      |
-------------------------------------------
------------------------------------------
| rollout/                |              |
|    ep_len_mean          | 720          |
|    ep_rew_mean          | -2.17e+03    |
| time/                   |              |
|    fps                  | 92           |
|    iterations           | 135          |
|    time_elapsed         | 750          |
|    total_timesteps      | 69120        |
| train/                  |              |
|    approx_kl            | 0.0020537938 |
|    clip_fraction        | 0.0213       |
|    clip_range           | 0.2          |
|    entropy_loss         | -0.846       |
|    explained_variance   | 0.319        |
|    learning_rate        | 0.0003       |
|    loss                 | 3.39e+03     |
|    n_updates            | 1340         |
|    policy_gradient_loss | -0.00407     |
|    value_loss           | 7.21e+03     |
------------------------------------------
-------------------------------------------
| rollout/                |               |
|    ep_len_mean          | 720           |
|    ep_rew_mean          | -2.17e+03     |
| time/                   |               |
|    fps                  | 92            |
|    iterations           | 136           |
|    time_elapsed         | 755           |
|    total_timesteps      | 69632         |
| train/                  |               |
|    approx_kl            | 0.00057541556 |
|    clip_fraction        | 0             |
|    clip_range           | 0.2           |
|    entropy_loss         | -0.642        |
|    explained_variance   | 0.79          |
|    learning_rate        | 0.0003        |
|    loss                 | 2.17e+03      |
|    n_updates            | 1350          |
|    policy_gradient_loss | -0.00116      |
|    value_loss           | 5.43e+03      |
-------------------------------------------
-------------------------------------------
| rollout/                |               |
|    ep_len_mean          | 720           |
|    ep_rew_mean          | -2.12e+03     |
| time/                   |               |
|    fps                  | 92            |
|    iterations           | 137           |
|    time_elapsed         | 762           |
|    total_timesteps      | 70144         |
| train/                  |               |
|    approx_kl            | 0.00046415481 |
|    clip_fraction        | 0.000195      |
|    clip_range           | 0.2           |
|    entropy_loss         | -0.717        |
|    explained_variance   | 0.543         |
|    learning_rate        | 0.0003        |
|    loss                 | 4.02e+03      |
|    n_updates            | 1360          |
|    policy_gradient_loss | -0.00109      |
|    value_loss           | 1.18e+04      |
-------------------------------------------
------------------------------------------
| rollout/                |              |
|    ep_len_mean          | 720          |
|    ep_rew_mean          | -2.1e+03     |
| time/                   |              |
|    fps                  | 91           |
|    iterations           | 138          |
|    time_elapsed         | 768          |
|    total_timesteps      | 70656        |
| train/                  |              |
|    approx_kl            | 0.0016986683 |
|    clip_fraction        | 0.00313      |
|    clip_range           | 0.2          |
|    entropy_loss         | -0.741       |
|    explained_variance   | 0.736        |
|    learning_rate        | 0.0003       |
|    loss                 | 1.85e+03     |
|    n_updates            | 1370         |
|    policy_gradient_loss | -0.00287     |
|    value_loss           | 5.36e+03     |
------------------------------------------
------------------------------------------
| rollout/                |              |
|    ep_len_mean          | 720          |
|    ep_rew_mean          | -2.1e+03     |
| time/                   |              |
|    fps                  | 92           |
|    iterations           | 139          |
|    time_elapsed         | 773          |
|    total_timesteps      | 71168        |
| train/                  |              |
|    approx_kl            | 0.0001115657 |
|    clip_fraction        | 0            |
|    clip_range           | 0.2          |
|    entropy_loss         | -0.688       |
|    explained_variance   | 0.514        |
|    learning_rate        | 0.0003       |
|    loss                 | 3.59e+03     |
|    n_updates            | 1380         |
|    policy_gradient_loss | -0.000622    |
|    value_loss           | 8.69e+03     |
------------------------------------------
------------------------------------------
| rollout/                |              |
|    ep_len_mean          | 720          |
|    ep_rew_mean          | -2.07e+03    |
| time/                   |              |
|    fps                  | 91           |
|    iterations           | 140          |
|    time_elapsed         | 779          |
|    total_timesteps      | 71680        |
| train/                  |              |
|    approx_kl            | 0.0011953327 |
|    clip_fraction        | 0.00332      |
|    clip_range           | 0.2          |
|    entropy_loss         | -0.624       |
|    explained_variance   | 0.77         |
|    learning_rate        | 0.0003       |
|    loss                 | 4.23e+03     |
|    n_updates            | 1390         |
|    policy_gradient_loss | -0.00183     |
|    value_loss           | 9.55e+03     |
------------------------------------------
------------------------------------------
| rollout/                |              |
|    ep_len_mean          | 720          |
|    ep_rew_mean          | -2.02e+03    |
| time/                   |              |
|    fps                  | 92           |
|    iterations           | 141          |
|    time_elapsed         | 784          |
|    total_timesteps      | 72192        |
| train/                  |              |
|    approx_kl            | 0.0014500349 |
|    clip_fraction        | 0.00156      |
|    clip_range           | 0.2          |
|    entropy_loss         | -0.751       |
|    explained_variance   | 0.667        |
|    learning_rate        | 0.0003       |
|    loss                 | 5.41e+03     |
|    n_updates            | 1400         |
|    policy_gradient_loss | -0.00318     |
|    value_loss           | 1.34e+04     |
------------------------------------------
------------------------------------------
| rollout/                |              |
|    ep_len_mean          | 720          |
|    ep_rew_mean          | -2.02e+03    |
| time/                   |              |
|    fps                  | 92           |
|    iterations           | 142          |
|    time_elapsed         | 789          |
|    total_timesteps      | 72704        |
| train/                  |              |
|    approx_kl            | 0.0024620527 |
|    clip_fraction        | 0.0104       |
|    clip_range           | 0.2          |
|    entropy_loss         | -0.797       |
|    explained_variance   | 0.708        |
|    learning_rate        | 0.0003       |
|    loss                 | 4.53e+03     |
|    n_updates            | 1410         |
|    policy_gradient_loss | -0.00445     |
|    value_loss           | 9.99e+03     |
------------------------------------------
-------------------------------------------
| rollout/                |               |
|    ep_len_mean          | 720           |
|    ep_rew_mean          | -1.93e+03     |
| time/                   |               |
|    fps                  | 91            |
|    iterations           | 143           |
|    time_elapsed         | 795           |
|    total_timesteps      | 73216         |
| train/                  |               |
|    approx_kl            | 0.00088078005 |
|    clip_fraction        | 0.000977      |
|    clip_range           | 0.2           |
|    entropy_loss         | -0.624        |
|    explained_variance   | 0.786         |
|    learning_rate        | 0.0003        |
|    loss                 | 4.21e+03      |
|    n_updates            | 1420          |
|    policy_gradient_loss | -0.00241      |
|    value_loss           | 8.28e+03      |
-------------------------------------------
-------------------------------------------
| rollout/                |               |
|    ep_len_mean          | 720           |
|    ep_rew_mean          | -1.87e+03     |
| time/                   |               |
|    fps                  | 91            |
|    iterations           | 144           |
|    time_elapsed         | 801           |
|    total_timesteps      | 73728         |
| train/                  |               |
|    approx_kl            | 0.00065951224 |
|    clip_fraction        | 0.000195      |
|    clip_range           | 0.2           |
|    entropy_loss         | -0.654        |
|    explained_variance   | 0.657         |
|    learning_rate        | 0.0003        |
|    loss                 | 2.11e+03      |
|    n_updates            | 1430          |
|    policy_gradient_loss | -0.00144      |
|    value_loss           | 9.74e+03      |
-------------------------------------------
------------------------------------------
| rollout/                |              |
|    ep_len_mean          | 720          |
|    ep_rew_mean          | -1.8e+03     |
| time/                   |              |
|    fps                  | 92           |
|    iterations           | 145          |
|    time_elapsed         | 806          |
|    total_timesteps      | 74240        |
| train/                  |              |
|    approx_kl            | 0.0014123865 |
|    clip_fraction        | 0.00566      |
|    clip_range           | 0.2          |
|    entropy_loss         | -0.709       |
|    explained_variance   | 0.758        |
|    learning_rate        | 0.0003       |
|    loss                 | 2.92e+03     |
|    n_updates            | 1440         |
|    policy_gradient_loss | -0.00209     |
|    value_loss           | 5.17e+03     |
------------------------------------------
------------------------------------------
| rollout/                |              |
|    ep_len_mean          | 720          |
|    ep_rew_mean          | -1.8e+03     |
| time/                   |              |
|    fps                  | 92           |
|    iterations           | 146          |
|    time_elapsed         | 812          |
|    total_timesteps      | 74752        |
| train/                  |              |
|    approx_kl            | 0.0009290528 |
|    clip_fraction        | 0.000391     |
|    clip_range           | 0.2          |
|    entropy_loss         | -0.761       |
|    explained_variance   | 0.739        |
|    learning_rate        | 0.0003       |
|    loss                 | 7.26e+03     |
|    n_updates            | 1450         |
|    policy_gradient_loss | -0.002       |
|    value_loss           | 1.45e+04     |
------------------------------------------
------------------------------------------
| rollout/                |              |
|    ep_len_mean          | 720          |
|    ep_rew_mean          | -1.7e+03     |
| time/                   |              |
|    fps                  | 91           |
|    iterations           | 147          |
|    time_elapsed         | 818          |
|    total_timesteps      | 75264        |
| train/                  |              |
|    approx_kl            | 0.0006181585 |
|    clip_fraction        | 0            |
|    clip_range           | 0.2          |
|    entropy_loss         | -0.767       |
|    explained_variance   | 0.732        |
|    learning_rate        | 0.0003       |
|    loss                 | 5.05e+03     |
|    n_updates            | 1460         |
|    policy_gradient_loss | -0.00132     |
|    value_loss           | 9.31e+03     |
------------------------------------------
------------------------------------------
| rollout/                |              |
|    ep_len_mean          | 720          |
|    ep_rew_mean          | -1.6e+03     |
| time/                   |              |
|    fps                  | 92           |
|    iterations           | 148          |
|    time_elapsed         | 823          |
|    total_timesteps      | 75776        |
| train/                  |              |
|    approx_kl            | 0.0021809621 |
|    clip_fraction        | 0.00156      |
|    clip_range           | 0.2          |
|    entropy_loss         | -0.852       |
|    explained_variance   | 0.644        |
|    learning_rate        | 0.0003       |
|    loss                 | 6.48e+03     |
|    n_updates            | 1470         |
|    policy_gradient_loss | -0.00262     |
|    value_loss           | 1.47e+04     |
------------------------------------------
------------------------------------------
| rollout/                |              |
|    ep_len_mean          | 720          |
|    ep_rew_mean          | -1.6e+03     |
| time/                   |              |
|    fps                  | 91           |
|    iterations           | 149          |
|    time_elapsed         | 830          |
|    total_timesteps      | 76288        |
| train/                  |              |
|    approx_kl            | 0.0027360262 |
|    clip_fraction        | 0.00469      |
|    clip_range           | 0.2          |
|    entropy_loss         | -0.944       |
|    explained_variance   | 0.697        |
|    learning_rate        | 0.0003       |
|    loss                 | 6.21e+03     |
|    n_updates            | 1480         |
|    policy_gradient_loss | -0.00397     |
|    value_loss           | 1.16e+04     |
------------------------------------------
------------------------------------------
| rollout/                |              |
|    ep_len_mean          | 720          |
|    ep_rew_mean          | -1.53e+03    |
| time/                   |              |
|    fps                  | 91           |
|    iterations           | 150          |
|    time_elapsed         | 835          |
|    total_timesteps      | 76800        |
| train/                  |              |
|    approx_kl            | 0.0005534354 |
|    clip_fraction        | 0            |
|    clip_range           | 0.2          |
|    entropy_loss         | -0.714       |
|    explained_variance   | 0.496        |
|    learning_rate        | 0.0003       |
|    loss                 | 1.62e+03     |
|    n_updates            | 1490         |
|    policy_gradient_loss | -0.00146     |
|    value_loss           | 5.85e+03     |
------------------------------------------
------------------------------------------
| rollout/                |              |
|    ep_len_mean          | 720          |
|    ep_rew_mean          | -1.45e+03    |
| time/                   |              |
|    fps                  | 91           |
|    iterations           | 151          |
|    time_elapsed         | 841          |
|    total_timesteps      | 77312        |
| train/                  |              |
|    approx_kl            | 0.0009595643 |
|    clip_fraction        | 0            |
|    clip_range           | 0.2          |
|    entropy_loss         | -0.711       |
|    explained_variance   | 0.727        |
|    learning_rate        | 0.0003       |
|    loss                 | 3.91e+03     |
|    n_updates            | 1500         |
|    policy_gradient_loss | -0.00242     |
|    value_loss           | 7.33e+03     |
------------------------------------------
-------------------------------------------
| rollout/                |               |
|    ep_len_mean          | 720           |
|    ep_rew_mean          | -1.36e+03     |
| time/                   |               |
|    fps                  | 91            |
|    iterations           | 152           |
|    time_elapsed         | 846           |
|    total_timesteps      | 77824         |
| train/                  |               |
|    approx_kl            | 0.00038510736 |
|    clip_fraction        | 0.00195       |
|    clip_range           | 0.2           |
|    entropy_loss         | -0.673        |
|    explained_variance   | 0.79          |
|    learning_rate        | 0.0003        |
|    loss                 | 1.88e+03      |
|    n_updates            | 1510          |
|    policy_gradient_loss | -0.00196      |
|    value_loss           | 4.95e+03      |
-------------------------------------------
------------------------------------------
| rollout/                |              |
|    ep_len_mean          | 720          |
|    ep_rew_mean          | -1.36e+03    |
| time/                   |              |
|    fps                  | 91           |
|    iterations           | 153          |
|    time_elapsed         | 853          |
|    total_timesteps      | 78336        |
| train/                  |              |
|    approx_kl            | 0.0028353557 |
|    clip_fraction        | 0.0201       |
|    clip_range           | 0.2          |
|    entropy_loss         | -0.858       |
|    explained_variance   | 0.106        |
|    learning_rate        | 0.0003       |
|    loss                 | 7.28e+03     |
|    n_updates            | 1520         |
|    policy_gradient_loss | -0.00512     |
|    value_loss           | 1.42e+04     |
------------------------------------------
-------------------------------------------
| rollout/                |               |
|    ep_len_mean          | 720           |
|    ep_rew_mean          | -1.28e+03     |
| time/                   |               |
|    fps                  | 91            |
|    iterations           | 154           |
|    time_elapsed         | 858           |
|    total_timesteps      | 78848         |
| train/                  |               |
|    approx_kl            | 0.00035476265 |
|    clip_fraction        | 0             |
|    clip_range           | 0.2           |
|    entropy_loss         | -0.764        |
|    explained_variance   | 0.377         |
|    learning_rate        | 0.0003        |
|    loss                 | 6.26e+03      |
|    n_updates            | 1530          |
|    policy_gradient_loss | -0.000957     |
|    value_loss           | 1.64e+04      |
-------------------------------------------
-------------------------------------------
| rollout/                |               |
|    ep_len_mean          | 720           |
|    ep_rew_mean          | -1.2e+03      |
| time/                   |               |
|    fps                  | 91            |
|    iterations           | 155           |
|    time_elapsed         | 864           |
|    total_timesteps      | 79360         |
| train/                  |               |
|    approx_kl            | 0.00032010704 |
|    clip_fraction        | 0             |
|    clip_range           | 0.2           |
|    entropy_loss         | -0.744        |
|    explained_variance   | 0.686         |
|    learning_rate        | 0.0003        |
|    loss                 | 2.08e+03      |
|    n_updates            | 1540          |
|    policy_gradient_loss | -0.00126      |
|    value_loss           | 8.82e+03      |
-------------------------------------------
------------------------------------------
| rollout/                |              |
|    ep_len_mean          | 720          |
|    ep_rew_mean          | -1.2e+03     |
| time/                   |              |
|    fps                  | 91           |
|    iterations           | 156          |
|    time_elapsed         | 871          |
|    total_timesteps      | 79872        |
| train/                  |              |
|    approx_kl            | 0.0037514744 |
|    clip_fraction        | 0.0346       |
|    clip_range           | 0.2          |
|    entropy_loss         | -0.802       |
|    explained_variance   | 0.109        |
|    learning_rate        | 0.0003       |
|    loss                 | 2.2e+03      |
|    n_updates            | 1550         |
|    policy_gradient_loss | -0.00459     |
|    value_loss           | 7e+03        |
------------------------------------------
------------------------------------------
| rollout/                |              |
|    ep_len_mean          | 720          |
|    ep_rew_mean          | -1.13e+03    |
| time/                   |              |
|    fps                  | 91           |
|    iterations           | 157          |
|    time_elapsed         | 876          |
|    total_timesteps      | 80384        |
| train/                  |              |
|    approx_kl            | 0.0017545552 |
|    clip_fraction        | 0.0154       |
|    clip_range           | 0.2          |
|    entropy_loss         | -0.721       |
|    explained_variance   | 0.733        |
|    learning_rate        | 0.0003       |
|    loss                 | 3.86e+03     |
|    n_updates            | 1560         |
|    policy_gradient_loss | -0.00371     |
|    value_loss           | 8.53e+03     |
------------------------------------------
------------------------------------------
| rollout/                |              |
|    ep_len_mean          | 720          |
|    ep_rew_mean          | -1.06e+03    |
| time/                   |              |
|    fps                  | 91           |
|    iterations           | 158          |
|    time_elapsed         | 882          |
|    total_timesteps      | 80896        |
| train/                  |              |
|    approx_kl            | 0.0008674789 |
|    clip_fraction        | 0.00332      |
|    clip_range           | 0.2          |
|    entropy_loss         | -0.723       |
|    explained_variance   | 0.686        |
|    learning_rate        | 0.0003       |
|    loss                 | 2.63e+03     |
|    n_updates            | 1570         |
|    policy_gradient_loss | -0.00353     |
|    value_loss           | 9.07e+03     |
------------------------------------------
-------------------------------------------
| rollout/                |               |
|    ep_len_mean          | 720           |
|    ep_rew_mean          | -982          |
| time/                   |               |
|    fps                  | 91            |
|    iterations           | 159           |
|    time_elapsed         | 889           |
|    total_timesteps      | 81408         |
| train/                  |               |
|    approx_kl            | 0.00059731945 |
|    clip_fraction        | 0             |
|    clip_range           | 0.2           |
|    entropy_loss         | -0.769        |
|    explained_variance   | 0.778         |
|    learning_rate        | 0.0003        |
|    loss                 | 2.95e+03      |
|    n_updates            | 1580          |
|    policy_gradient_loss | -0.00158      |
|    value_loss           | 6.92e+03      |
-------------------------------------------
------------------------------------------
| rollout/                |              |
|    ep_len_mean          | 720          |
|    ep_rew_mean          | -982         |
| time/                   |              |
|    fps                  | 91           |
|    iterations           | 160          |
|    time_elapsed         | 894          |
|    total_timesteps      | 81920        |
| train/                  |              |
|    approx_kl            | 0.0020862557 |
|    clip_fraction        | 0.00469      |
|    clip_range           | 0.2          |
|    entropy_loss         | -0.845       |
|    explained_variance   | 0.792        |
|    learning_rate        | 0.0003       |
|    loss                 | 5.66e+03     |
|    n_updates            | 1590         |
|    policy_gradient_loss | -0.00235     |
|    value_loss           | 1.2e+04      |
------------------------------------------
------------------------------------------
| rollout/                |              |
|    ep_len_mean          | 720          |
|    ep_rew_mean          | -886         |
| time/                   |              |
|    fps                  | 91           |
|    iterations           | 161          |
|    time_elapsed         | 899          |
|    total_timesteps      | 82432        |
| train/                  |              |
|    approx_kl            | 0.0032468108 |
|    clip_fraction        | 0.0158       |
|    clip_range           | 0.2          |
|    entropy_loss         | -1.02        |
|    explained_variance   | 0.234        |
|    learning_rate        | 0.0003       |
|    loss                 | 1.33e+04     |
|    n_updates            | 1600         |
|    policy_gradient_loss | -0.00646     |
|    value_loss           | 2.36e+04     |
------------------------------------------
-------------------------------------------
| rollout/                |               |
|    ep_len_mean          | 720           |
|    ep_rew_mean          | -850          |
| time/                   |               |
|    fps                  | 91            |
|    iterations           | 162           |
|    time_elapsed         | 904           |
|    total_timesteps      | 82944         |
| train/                  |               |
|    approx_kl            | 0.00045091764 |
|    clip_fraction        | 0             |
|    clip_range           | 0.2           |
|    entropy_loss         | -0.851        |
|    explained_variance   | 0.717         |
|    learning_rate        | 0.0003        |
|    loss                 | 3.92e+03      |
|    n_updates            | 1610          |
|    policy_gradient_loss | -0.00143      |
|    value_loss           | 7.83e+03      |
-------------------------------------------
------------------------------------------
| rollout/                |              |
|    ep_len_mean          | 720          |
|    ep_rew_mean          | -850         |
| time/                   |              |
|    fps                  | 91           |
|    iterations           | 163          |
|    time_elapsed         | 911          |
|    total_timesteps      | 83456        |
| train/                  |              |
|    approx_kl            | 0.0008492337 |
|    clip_fraction        | 0.00215      |
|    clip_range           | 0.2          |
|    entropy_loss         | -1.01        |
|    explained_variance   | 0.807        |
|    learning_rate        | 0.0003       |
|    loss                 | 6.57e+03     |
|    n_updates            | 1620         |
|    policy_gradient_loss | -0.00233     |
|    value_loss           | 1.35e+04     |
------------------------------------------
------------------------------------------
| rollout/                |              |
|    ep_len_mean          | 720          |
|    ep_rew_mean          | -756         |
| time/                   |              |
|    fps                  | 91           |
|    iterations           | 164          |
|    time_elapsed         | 916          |
|    total_timesteps      | 83968        |
| train/                  |              |
|    approx_kl            | 0.0013968688 |
|    clip_fraction        | 0.000586     |
|    clip_range           | 0.2          |
|    entropy_loss         | -0.965       |
|    explained_variance   | 0.737        |
|    learning_rate        | 0.0003       |
|    loss                 | 8.43e+03     |
|    n_updates            | 1630         |
|    policy_gradient_loss | -0.00264     |
|    value_loss           | 1.34e+04     |
------------------------------------------
-----------------------------------------
| rollout/                |             |
|    ep_len_mean          | 720         |
|    ep_rew_mean          | -679        |
| time/                   |             |
|    fps                  | 91          |
|    iterations           | 165         |
|    time_elapsed         | 922         |
|    total_timesteps      | 84480       |
| train/                  |             |
|    approx_kl            | 0.002160142 |
|    clip_fraction        | 0.0291      |
|    clip_range           | 0.2         |
|    entropy_loss         | -0.902      |
|    explained_variance   | 0.825       |
|    learning_rate        | 0.0003      |
|    loss                 | 4.95e+03    |
|    n_updates            | 1640        |
|    policy_gradient_loss | -0.00604    |
|    value_loss           | 8.97e+03    |
-----------------------------------------
------------------------------------------
| rollout/                |              |
|    ep_len_mean          | 720          |
|    ep_rew_mean          | -587         |
| time/                   |              |
|    fps                  | 91           |
|    iterations           | 166          |
|    time_elapsed         | 927          |
|    total_timesteps      | 84992        |
| train/                  |              |
|    approx_kl            | 0.0007596887 |
|    clip_fraction        | 0            |
|    clip_range           | 0.2          |
|    entropy_loss         | -0.928       |
|    explained_variance   | 0.785        |
|    learning_rate        | 0.0003       |
|    loss                 | 3.94e+03     |
|    n_updates            | 1650         |
|    policy_gradient_loss | -0.00131     |
|    value_loss           | 9.86e+03     |
------------------------------------------
------------------------------------------
| rollout/                |              |
|    ep_len_mean          | 720          |
|    ep_rew_mean          | -587         |
| time/                   |              |
|    fps                  | 91           |
|    iterations           | 167          |
|    time_elapsed         | 932          |
|    total_timesteps      | 85504        |
| train/                  |              |
|    approx_kl            | 0.0010547182 |
|    clip_fraction        | 0.00332      |
|    clip_range           | 0.2          |
|    entropy_loss         | -1.03        |
|    explained_variance   | 0.499        |
|    learning_rate        | 0.0003       |
|    loss                 | 6.32e+03     |
|    n_updates            | 1660         |
|    policy_gradient_loss | -0.0028      |
|    value_loss           | 1.11e+04     |
------------------------------------------
------------------------------------------
| rollout/                |              |
|    ep_len_mean          | 720          |
|    ep_rew_mean          | -523         |
| time/                   |              |
|    fps                  | 91           |
|    iterations           | 168          |
|    time_elapsed         | 939          |
|    total_timesteps      | 86016        |
| train/                  |              |
|    approx_kl            | 0.0002094137 |
|    clip_fraction        | 0            |
|    clip_range           | 0.2          |
|    entropy_loss         | -0.912       |
|    explained_variance   | 0.742        |
|    learning_rate        | 0.0003       |
|    loss                 | 4.67e+03     |
|    n_updates            | 1670         |
|    policy_gradient_loss | -0.00103     |
|    value_loss           | 8.98e+03     |
------------------------------------------
------------------------------------------
| rollout/                |              |
|    ep_len_mean          | 720          |
|    ep_rew_mean          | -425         |
| time/                   |              |
|    fps                  | 91           |
|    iterations           | 169          |
|    time_elapsed         | 944          |
|    total_timesteps      | 86528        |
| train/                  |              |
|    approx_kl            | 0.0010872022 |
|    clip_fraction        | 0            |
|    clip_range           | 0.2          |
|    entropy_loss         | -0.953       |
|    explained_variance   | 0.269        |
|    learning_rate        | 0.0003       |
|    loss                 | 2.46e+03     |
|    n_updates            | 1680         |
|    policy_gradient_loss | -0.00114     |
|    value_loss           | 6.3e+03      |
------------------------------------------
------------------------------------------
| rollout/                |              |
|    ep_len_mean          | 720          |
|    ep_rew_mean          | -425         |
| time/                   |              |
|    fps                  | 91           |
|    iterations           | 170          |
|    time_elapsed         | 950          |
|    total_timesteps      | 87040        |
| train/                  |              |
|    approx_kl            | 0.0038591477 |
|    clip_fraction        | 0.0215       |
|    clip_range           | 0.2          |
|    entropy_loss         | -1.05        |
|    explained_variance   | 0.00101      |
|    learning_rate        | 0.0003       |
|    loss                 | 1.04e+04     |
|    n_updates            | 1690         |
|    policy_gradient_loss | -0.00639     |
|    value_loss           | 2.33e+04     |
------------------------------------------
------------------------------------------
| rollout/                |              |
|    ep_len_mean          | 720          |
|    ep_rew_mean          | -359         |
| time/                   |              |
|    fps                  | 91           |
|    iterations           | 171          |
|    time_elapsed         | 955          |
|    total_timesteps      | 87552        |
| train/                  |              |
|    approx_kl            | 0.0019879872 |
|    clip_fraction        | 0.00859      |
|    clip_range           | 0.2          |
|    entropy_loss         | -0.878       |
|    explained_variance   | 0.716        |
|    learning_rate        | 0.0003       |
|    loss                 | 1.76e+03     |
|    n_updates            | 1700         |
|    policy_gradient_loss | -0.00252     |
|    value_loss           | 6.26e+03     |
------------------------------------------
------------------------------------------
| rollout/                |              |
|    ep_len_mean          | 720          |
|    ep_rew_mean          | -308         |
| time/                   |              |
|    fps                  | 91           |
|    iterations           | 172          |
|    time_elapsed         | 961          |
|    total_timesteps      | 88064        |
| train/                  |              |
|    approx_kl            | 0.0016927454 |
|    clip_fraction        | 0            |
|    clip_range           | 0.2          |
|    entropy_loss         | -1.08        |
|    explained_variance   | 0.692        |
|    learning_rate        | 0.0003       |
|    loss                 | 8.44e+03     |
|    n_updates            | 1710         |
|    policy_gradient_loss | -0.00191     |
|    value_loss           | 1.55e+04     |
------------------------------------------
------------------------------------------
| rollout/                |              |
|    ep_len_mean          | 720          |
|    ep_rew_mean          | -254         |
| time/                   |              |
|    fps                  | 91           |
|    iterations           | 173          |
|    time_elapsed         | 966          |
|    total_timesteps      | 88576        |
| train/                  |              |
|    approx_kl            | 0.0001856084 |
|    clip_fraction        | 0            |
|    clip_range           | 0.2          |
|    entropy_loss         | -0.876       |
|    explained_variance   | 0.787        |
|    learning_rate        | 0.0003       |
|    loss                 | 4.47e+03     |
|    n_updates            | 1720         |
|    policy_gradient_loss | -0.000819    |
|    value_loss           | 9.73e+03     |
------------------------------------------
------------------------------------------
| rollout/                |              |
|    ep_len_mean          | 720          |
|    ep_rew_mean          | -254         |
| time/                   |              |
|    fps                  | 91           |
|    iterations           | 174          |
|    time_elapsed         | 971          |
|    total_timesteps      | 89088        |
| train/                  |              |
|    approx_kl            | 0.0009683954 |
|    clip_fraction        | 0.000977     |
|    clip_range           | 0.2          |
|    entropy_loss         | -0.907       |
|    explained_variance   | 0.795        |
|    learning_rate        | 0.0003       |
|    loss                 | 4.72e+03     |
|    n_updates            | 1730         |
|    policy_gradient_loss | -0.00208     |
|    value_loss           | 1.22e+04     |
------------------------------------------
------------------------------------------
| rollout/                |              |
|    ep_len_mean          | 720          |
|    ep_rew_mean          | -179         |
| time/                   |              |
|    fps                  | 91           |
|    iterations           | 175          |
|    time_elapsed         | 977          |
|    total_timesteps      | 89600        |
| train/                  |              |
|    approx_kl            | 0.0022625763 |
|    clip_fraction        | 0.00937      |
|    clip_range           | 0.2          |
|    entropy_loss         | -0.968       |
|    explained_variance   | 0.572        |
|    learning_rate        | 0.0003       |
|    loss                 | 7.91e+03     |
|    n_updates            | 1740         |
|    policy_gradient_loss | -0.0036      |
|    value_loss           | 1.46e+04     |
------------------------------------------
------------------------------------------
| rollout/                |              |
|    ep_len_mean          | 720          |
|    ep_rew_mean          | -115         |
| time/                   |              |
|    fps                  | 91           |
|    iterations           | 176          |
|    time_elapsed         | 982          |
|    total_timesteps      | 90112        |
| train/                  |              |
|    approx_kl            | 0.0021619485 |
|    clip_fraction        | 0.00254      |
|    clip_range           | 0.2          |
|    entropy_loss         | -0.949       |
|    explained_variance   | 0.725        |
|    learning_rate        | 0.0003       |
|    loss                 | 3.3e+03      |
|    n_updates            | 1750         |
|    policy_gradient_loss | -0.00265     |
|    value_loss           | 9.25e+03     |
------------------------------------------
------------------------------------------
| rollout/                |              |
|    ep_len_mean          | 720          |
|    ep_rew_mean          | -115         |
| time/                   |              |
|    fps                  | 91           |
|    iterations           | 177          |
|    time_elapsed         | 987          |
|    total_timesteps      | 90624        |
| train/                  |              |
|    approx_kl            | 0.0018711328 |
|    clip_fraction        | 0.00137      |
|    clip_range           | 0.2          |
|    entropy_loss         | -0.794       |
|    explained_variance   | 0.513        |
|    learning_rate        | 0.0003       |
|    loss                 | 2.02e+03     |
|    n_updates            | 1760         |
|    policy_gradient_loss | -0.00254     |
|    value_loss           | 7.25e+03     |
------------------------------------------
------------------------------------------
| rollout/                |              |
|    ep_len_mean          | 720          |
|    ep_rew_mean          | -61.4        |
| time/                   |              |
|    fps                  | 91           |
|    iterations           | 178          |
|    time_elapsed         | 992          |
|    total_timesteps      | 91136        |
| train/                  |              |
|    approx_kl            | 0.0031280385 |
|    clip_fraction        | 0.0176       |
|    clip_range           | 0.2          |
|    entropy_loss         | -0.832       |
|    explained_variance   | 0.631        |
|    learning_rate        | 0.0003       |
|    loss                 | 2.61e+03     |
|    n_updates            | 1770         |
|    policy_gradient_loss | -0.00422     |
|    value_loss           | 8.42e+03     |
------------------------------------------
-----------------------------------------
| rollout/                |             |
|    ep_len_mean          | 720         |
|    ep_rew_mean          | 26.3        |
| time/                   |             |
|    fps                  | 91          |
|    iterations           | 179         |
|    time_elapsed         | 998         |
|    total_timesteps      | 91648       |
| train/                  |             |
|    approx_kl            | 0.001699745 |
|    clip_fraction        | 0.00254     |
|    clip_range           | 0.2         |
|    entropy_loss         | -0.943      |
|    explained_variance   | 0.65        |
|    learning_rate        | 0.0003      |
|    loss                 | 7.58e+03    |
|    n_updates            | 1780        |
|    policy_gradient_loss | -0.00223    |
|    value_loss           | 1.67e+04    |
-----------------------------------------
------------------------------------------
| rollout/                |              |
|    ep_len_mean          | 720          |
|    ep_rew_mean          | 88.2         |
| time/                   |              |
|    fps                  | 91           |
|    iterations           | 180          |
|    time_elapsed         | 1004         |
|    total_timesteps      | 92160        |
| train/                  |              |
|    approx_kl            | 0.0035210093 |
|    clip_fraction        | 0.00469      |
|    clip_range           | 0.2          |
|    entropy_loss         | -1.01        |
|    explained_variance   | 0.768        |
|    learning_rate        | 0.0003       |
|    loss                 | 6.74e+03     |
|    n_updates            | 1790         |
|    policy_gradient_loss | -0.00262     |
|    value_loss           | 1.22e+04     |
------------------------------------------
------------------------------------------
| rollout/                |              |
|    ep_len_mean          | 720          |
|    ep_rew_mean          | 88.2         |
| time/                   |              |
|    fps                  | 91           |
|    iterations           | 181          |
|    time_elapsed         | 1009         |
|    total_timesteps      | 92672        |
| train/                  |              |
|    approx_kl            | 0.0017300606 |
|    clip_fraction        | 0            |
|    clip_range           | 0.2          |
|    entropy_loss         | -0.924       |
|    explained_variance   | 0.753        |
|    learning_rate        | 0.0003       |
|    loss                 | 5.56e+03     |
|    n_updates            | 1800         |
|    policy_gradient_loss | -0.00271     |
|    value_loss           | 1.26e+04     |
------------------------------------------
------------------------------------------
| rollout/                |              |
|    ep_len_mean          | 720          |
|    ep_rew_mean          | 149          |
| time/                   |              |
|    fps                  | 91           |
|    iterations           | 182          |
|    time_elapsed         | 1015         |
|    total_timesteps      | 93184        |
| train/                  |              |
|    approx_kl            | 0.0029116576 |
|    clip_fraction        | 0.0111       |
|    clip_range           | 0.2          |
|    entropy_loss         | -0.865       |
|    explained_variance   | 0.404        |
|    learning_rate        | 0.0003       |
|    loss                 | 2.13e+03     |
|    n_updates            | 1810         |
|    policy_gradient_loss | -0.00554     |
|    value_loss           | 5.76e+03     |
------------------------------------------
------------------------------------------
| rollout/                |              |
|    ep_len_mean          | 720          |
|    ep_rew_mean          | 208          |
| time/                   |              |
|    fps                  | 91           |
|    iterations           | 183          |
|    time_elapsed         | 1020         |
|    total_timesteps      | 93696        |
| train/                  |              |
|    approx_kl            | 0.0013880952 |
|    clip_fraction        | 0.00293      |
|    clip_range           | 0.2          |
|    entropy_loss         | -0.948       |
|    explained_variance   | 0.385        |
|    learning_rate        | 0.0003       |
|    loss                 | 8.16e+03     |
|    n_updates            | 1820         |
|    policy_gradient_loss | -0.00309     |
|    value_loss           | 1.49e+04     |
------------------------------------------
-----------------------------------------
| rollout/                |             |
|    ep_len_mean          | 720         |
|    ep_rew_mean          | 208         |
| time/                   |             |
|    fps                  | 91          |
|    iterations           | 184         |
|    time_elapsed         | 1026        |
|    total_timesteps      | 94208       |
| train/                  |             |
|    approx_kl            | 0.004036005 |
|    clip_fraction        | 0.0336      |
|    clip_range           | 0.2         |
|    entropy_loss         | -0.751      |
|    explained_variance   | 0.18        |
|    learning_rate        | 0.0003      |
|    loss                 | 4.41e+03    |
|    n_updates            | 1830        |
|    policy_gradient_loss | -0.00812    |
|    value_loss           | 1.05e+04    |
-----------------------------------------
------------------------------------------
| rollout/                |              |
|    ep_len_mean          | 720          |
|    ep_rew_mean          | 283          |
| time/                   |              |
|    fps                  | 91           |
|    iterations           | 185          |
|    time_elapsed         | 1031         |
|    total_timesteps      | 94720        |
| train/                  |              |
|    approx_kl            | 0.0026026652 |
|    clip_fraction        | 0.00762      |
|    clip_range           | 0.2          |
|    entropy_loss         | -0.782       |
|    explained_variance   | 0.25         |
|    learning_rate        | 0.0003       |
|    loss                 | 7.07e+03     |
|    n_updates            | 1840         |
|    policy_gradient_loss | -0.00462     |
|    value_loss           | 1.26e+04     |
------------------------------------------
-------------------------------------------
| rollout/                |               |
|    ep_len_mean          | 720           |
|    ep_rew_mean          | 321           |
| time/                   |               |
|    fps                  | 91            |
|    iterations           | 186           |
|    time_elapsed         | 1037          |
|    total_timesteps      | 95232         |
| train/                  |               |
|    approx_kl            | 0.00027930085 |
|    clip_fraction        | 0             |
|    clip_range           | 0.2           |
|    entropy_loss         | -0.743        |
|    explained_variance   | 0.514         |
|    learning_rate        | 0.0003        |
|    loss                 | 3.34e+03      |
|    n_updates            | 1850          |
|    policy_gradient_loss | -0.000986     |
|    value_loss           | 7.73e+03      |
-------------------------------------------
------------------------------------------
| rollout/                |              |
|    ep_len_mean          | 720          |
|    ep_rew_mean          | 321          |
| time/                   |              |
|    fps                  | 91           |
|    iterations           | 187          |
|    time_elapsed         | 1043         |
|    total_timesteps      | 95744        |
| train/                  |              |
|    approx_kl            | 0.0007120345 |
|    clip_fraction        | 0            |
|    clip_range           | 0.2          |
|    entropy_loss         | -0.766       |
|    explained_variance   | 0.742        |
|    learning_rate        | 0.0003       |
|    loss                 | 1.26e+03     |
|    n_updates            | 1860         |
|    policy_gradient_loss | -0.00204     |
|    value_loss           | 4.47e+03     |
------------------------------------------
------------------------------------------
| rollout/                |              |
|    ep_len_mean          | 720          |
|    ep_rew_mean          | 383          |
| time/                   |              |
|    fps                  | 91           |
|    iterations           | 188          |
|    time_elapsed         | 1048         |
|    total_timesteps      | 96256        |
| train/                  |              |
|    approx_kl            | 0.0019973791 |
|    clip_fraction        | 0.00293      |
|    clip_range           | 0.2          |
|    entropy_loss         | -0.856       |
|    explained_variance   | 0.607        |
|    learning_rate        | 0.0003       |
|    loss                 | 4.53e+03     |
|    n_updates            | 1870         |
|    policy_gradient_loss | -0.00258     |
|    value_loss           | 1.21e+04     |
------------------------------------------
------------------------------------------
| rollout/                |              |
|    ep_len_mean          | 720          |
|    ep_rew_mean          | 446          |
| time/                   |              |
|    fps                  | 91           |
|    iterations           | 189          |
|    time_elapsed         | 1054         |
|    total_timesteps      | 96768        |
| train/                  |              |
|    approx_kl            | 0.0034577956 |
|    clip_fraction        | 0.0102       |
|    clip_range           | 0.2          |
|    entropy_loss         | -0.886       |
|    explained_variance   | 0.625        |
|    learning_rate        | 0.0003       |
|    loss                 | 9.86e+03     |
|    n_updates            | 1880         |
|    policy_gradient_loss | -0.00551     |
|    value_loss           | 1.81e+04     |
------------------------------------------
------------------------------------------
| rollout/                |              |
|    ep_len_mean          | 720          |
|    ep_rew_mean          | 446          |
| time/                   |              |
|    fps                  | 91           |
|    iterations           | 190          |
|    time_elapsed         | 1059         |
|    total_timesteps      | 97280        |
| train/                  |              |
|    approx_kl            | 0.0016591833 |
|    clip_fraction        | 0.00215      |
|    clip_range           | 0.2          |
|    entropy_loss         | -0.949       |
|    explained_variance   | 0.762        |
|    learning_rate        | 0.0003       |
|    loss                 | 4.03e+03     |
|    n_updates            | 1890         |
|    policy_gradient_loss | -0.00374     |
|    value_loss           | 1.1e+04      |
------------------------------------------
------------------------------------------
| rollout/                |              |
|    ep_len_mean          | 720          |
|    ep_rew_mean          | 446          |
| time/                   |              |
|    fps                  | 91           |
|    iterations           | 191          |
|    time_elapsed         | 1065         |
|    total_timesteps      | 97792        |
| train/                  |              |
|    approx_kl            | 0.0009527708 |
|    clip_fraction        | 0            |
|    clip_range           | 0.2          |
|    entropy_loss         | -0.735       |
|    explained_variance   | 0.816        |
|    learning_rate        | 0.0003       |
|    loss                 | 3.05e+03     |
|    n_updates            | 1900         |
|    policy_gradient_loss | -0.00132     |
|    value_loss           | 6.53e+03     |
------------------------------------------
------------------------------------------
| rollout/                |              |
|    ep_len_mean          | 720          |
|    ep_rew_mean          | 494          |
| time/                   |              |
|    fps                  | 91           |
|    iterations           | 192          |
|    time_elapsed         | 1072         |
|    total_timesteps      | 98304        |
| train/                  |              |
|    approx_kl            | 0.0004077017 |
|    clip_fraction        | 0            |
|    clip_range           | 0.2          |
|    entropy_loss         | -0.788       |
|    explained_variance   | 0.804        |
|    learning_rate        | 0.0003       |
|    loss                 | 5.41e+03     |
|    n_updates            | 1910         |
|    policy_gradient_loss | -0.000687    |
|    value_loss           | 1.17e+04     |
------------------------------------------
------------------------------------------
| rollout/                |              |
|    ep_len_mean          | 720          |
|    ep_rew_mean          | 546          |
| time/                   |              |
|    fps                  | 91           |
|    iterations           | 193          |
|    time_elapsed         | 1078         |
|    total_timesteps      | 98816        |
| train/                  |              |
|    approx_kl            | 0.0039741714 |
|    clip_fraction        | 0.0201       |
|    clip_range           | 0.2          |
|    entropy_loss         | -0.951       |
|    explained_variance   | 0.234        |
|    learning_rate        | 0.0003       |
|    loss                 | 9.37e+03     |
|    n_updates            | 1920         |
|    policy_gradient_loss | -0.00612     |
|    value_loss           | 2.23e+04     |
------------------------------------------
-------------------------------------------
| rollout/                |               |
|    ep_len_mean          | 720           |
|    ep_rew_mean          | 546           |
| time/                   |               |
|    fps                  | 91            |
|    iterations           | 194           |
|    time_elapsed         | 1085          |
|    total_timesteps      | 99328         |
| train/                  |               |
|    approx_kl            | 0.00022046326 |
|    clip_fraction        | 0             |
|    clip_range           | 0.2           |
|    entropy_loss         | -0.797        |
|    explained_variance   | 0.532         |
|    learning_rate        | 0.0003        |
|    loss                 | 8.44e+03      |
|    n_updates            | 1930          |
|    policy_gradient_loss | -0.000742     |
|    value_loss           | 1.45e+04      |
-------------------------------------------
------------------------------------------
| rollout/                |              |
|    ep_len_mean          | 720          |
|    ep_rew_mean          | 574          |
| time/                   |              |
|    fps                  | 91           |
|    iterations           | 195          |
|    time_elapsed         | 1090         |
|    total_timesteps      | 99840        |
| train/                  |              |
|    approx_kl            | 0.0034643374 |
|    clip_fraction        | 0.00879      |
|    clip_range           | 0.2          |
|    entropy_loss         | -0.81        |
|    explained_variance   | 0.25         |
|    learning_rate        | 0.0003       |
|    loss                 | 3.98e+03     |
|    n_updates            | 1940         |
|    policy_gradient_loss | -0.00448     |
|    value_loss           | 1.02e+04     |
------------------------------------------
------------------------------------------
| rollout/                |              |
|    ep_len_mean          | 720          |
|    ep_rew_mean          | 622          |
| time/                   |              |
|    fps                  | 91           |
|    iterations           | 196          |
|    time_elapsed         | 1096         |
|    total_timesteps      | 100352       |
| train/                  |              |
|    approx_kl            | 0.0009857004 |
|    clip_fraction        | 0.00117      |
|    clip_range           | 0.2          |
|    entropy_loss         | -0.697       |
|    explained_variance   | 0.607        |
|    learning_rate        | 0.0003       |
|    loss                 | 5.44e+03     |
|    n_updates            | 1950         |
|    policy_gradient_loss | -0.00193     |
|    value_loss           | 1.26e+04     |
------------------------------------------
-------------------------------------------
| rollout/                |               |
|    ep_len_mean          | 720           |
|    ep_rew_mean          | 643           |
| time/                   |               |
|    fps                  | 91            |
|    iterations           | 197           |
|    time_elapsed         | 1103          |
|    total_timesteps      | 100864        |
| train/                  |               |
|    approx_kl            | 0.00079478655 |
|    clip_fraction        | 0             |
|    clip_range           | 0.2           |
|    entropy_loss         | -0.886        |
|    explained_variance   | 0.536         |
|    learning_rate        | 0.0003        |
|    loss                 | 3.29e+03      |
|    n_updates            | 1960          |
|    policy_gradient_loss | -0.00162      |
|    value_loss           | 7.1e+03       |
-------------------------------------------
------------------------------------------
| rollout/                |              |
|    ep_len_mean          | 720          |
|    ep_rew_mean          | 643          |
| time/                   |              |
|    fps                  | 91           |
|    iterations           | 198          |
|    time_elapsed         | 1108         |
|    total_timesteps      | 101376       |
| train/                  |              |
|    approx_kl            | 0.0022613797 |
|    clip_fraction        | 0.0121       |
|    clip_range           | 0.2          |
|    entropy_loss         | -0.799       |
|    explained_variance   | 0.784        |
|    learning_rate        | 0.0003       |
|    loss                 | 4.23e+03     |
|    n_updates            | 1970         |
|    policy_gradient_loss | -0.005       |
|    value_loss           | 7.32e+03     |
------------------------------------------
------------------------------------------
| rollout/                |              |
|    ep_len_mean          | 720          |
|    ep_rew_mean          | 692          |
| time/                   |              |
|    fps                  | 91           |
|    iterations           | 199          |
|    time_elapsed         | 1114         |
|    total_timesteps      | 101888       |
| train/                  |              |
|    approx_kl            | 0.0010778545 |
|    clip_fraction        | 0.000586     |
|    clip_range           | 0.2          |
|    entropy_loss         | -0.737       |
|    explained_variance   | 0.53         |
|    learning_rate        | 0.0003       |
|    loss                 | 4.22e+03     |
|    n_updates            | 1980         |
|    policy_gradient_loss | -0.00151     |
|    value_loss           | 1.07e+04     |
------------------------------------------
------------------------------------------
| rollout/                |              |
|    ep_len_mean          | 720          |
|    ep_rew_mean          | 724          |
| time/                   |              |
|    fps                  | 91           |
|    iterations           | 200          |
|    time_elapsed         | 1118         |
|    total_timesteps      | 102400       |
| train/                  |              |
|    approx_kl            | 0.0039580627 |
|    clip_fraction        | 0.00996      |
|    clip_range           | 0.2          |
|    entropy_loss         | -0.756       |
|    explained_variance   | 0.751        |
|    learning_rate        | 0.0003       |
|    loss                 | 3.12e+03     |
|    n_updates            | 1990         |
|    policy_gradient_loss | -0.00507     |
|    value_loss           | 8.8e+03      |
------------------------------------------
------------------------------------------
| rollout/                |              |
|    ep_len_mean          | 720          |
|    ep_rew_mean          | 724          |
| time/                   |              |
|    fps                  | 91           |
|    iterations           | 201          |
|    time_elapsed         | 1124         |
|    total_timesteps      | 102912       |
| train/                  |              |
|    approx_kl            | 0.0008610275 |
|    clip_fraction        | 0.000391     |
|    clip_range           | 0.2          |
|    entropy_loss         | -0.605       |
|    explained_variance   | 0.822        |
|    learning_rate        | 0.0003       |
|    loss                 | 2.1e+03      |
|    n_updates            | 2000         |
|    policy_gradient_loss | -0.00209     |
|    value_loss           | 4.44e+03     |
------------------------------------------
------------------------------------------
| rollout/                |              |
|    ep_len_mean          | 720          |
|    ep_rew_mean          | 742          |
| time/                   |              |
|    fps                  | 91           |
|    iterations           | 202          |
|    time_elapsed         | 1129         |
|    total_timesteps      | 103424       |
| train/                  |              |
|    approx_kl            | 0.0022471088 |
|    clip_fraction        | 0.0146       |
|    clip_range           | 0.2          |
|    entropy_loss         | -0.676       |
|    explained_variance   | 0.607        |
|    learning_rate        | 0.0003       |
|    loss                 | 1.92e+03     |
|    n_updates            | 2010         |
|    policy_gradient_loss | -0.00492     |
|    value_loss           | 6.18e+03     |
------------------------------------------
-------------------------------------------
| rollout/                |               |
|    ep_len_mean          | 720           |
|    ep_rew_mean          | 785           |
| time/                   |               |
|    fps                  | 91            |
|    iterations           | 203           |
|    time_elapsed         | 1135          |
|    total_timesteps      | 103936        |
| train/                  |               |
|    approx_kl            | 0.00014329443 |
|    clip_fraction        | 0             |
|    clip_range           | 0.2           |
|    entropy_loss         | -0.628        |
|    explained_variance   | 0.739         |
|    learning_rate        | 0.0003        |
|    loss                 | 3.32e+03      |
|    n_updates            | 2020          |
|    policy_gradient_loss | -0.000553     |
|    value_loss           | 9.86e+03      |
-------------------------------------------
-------------------------------------------
| rollout/                |               |
|    ep_len_mean          | 720           |
|    ep_rew_mean          | 824           |
| time/                   |               |
|    fps                  | 91            |
|    iterations           | 204           |
|    time_elapsed         | 1141          |
|    total_timesteps      | 104448        |
| train/                  |               |
|    approx_kl            | 0.00037088688 |
|    clip_fraction        | 0             |
|    clip_range           | 0.2           |
|    entropy_loss         | -0.694        |
|    explained_variance   | 0.691         |
|    learning_rate        | 0.0003        |
|    loss                 | 3.49e+03      |
|    n_updates            | 2030          |
|    policy_gradient_loss | -0.00129      |
|    value_loss           | 7.98e+03      |
-------------------------------------------
-------------------------------------------
| rollout/                |               |
|    ep_len_mean          | 720           |
|    ep_rew_mean          | 824           |
| time/                   |               |
|    fps                  | 91            |
|    iterations           | 205           |
|    time_elapsed         | 1147          |
|    total_timesteps      | 104960        |
| train/                  |               |
|    approx_kl            | 0.00039876485 |
|    clip_fraction        | 0             |
|    clip_range           | 0.2           |
|    entropy_loss         | -0.762        |
|    explained_variance   | 0.769         |
|    learning_rate        | 0.0003        |
|    loss                 | 5.39e+03      |
|    n_updates            | 2040          |
|    policy_gradient_loss | -0.00123      |
|    value_loss           | 1.25e+04      |
-------------------------------------------
-------------------------------------------
| rollout/                |               |
|    ep_len_mean          | 720           |
|    ep_rew_mean          | 871           |
| time/                   |               |
|    fps                  | 91            |
|    iterations           | 206           |
|    time_elapsed         | 1152          |
|    total_timesteps      | 105472        |
| train/                  |               |
|    approx_kl            | 0.00024612175 |
|    clip_fraction        | 0             |
|    clip_range           | 0.2           |
|    entropy_loss         | -0.673        |
|    explained_variance   | 0.797         |
|    learning_rate        | 0.0003        |
|    loss                 | 3.89e+03      |
|    n_updates            | 2050          |
|    policy_gradient_loss | -0.00211      |
|    value_loss           | 8.56e+03      |
-------------------------------------------
------------------------------------------
| rollout/                |              |
|    ep_len_mean          | 720          |
|    ep_rew_mean          | 913          |
| time/                   |              |
|    fps                  | 91           |
|    iterations           | 207          |
|    time_elapsed         | 1159         |
|    total_timesteps      | 105984       |
| train/                  |              |
|    approx_kl            | 0.0018029192 |
|    clip_fraction        | 0.0109       |
|    clip_range           | 0.2          |
|    entropy_loss         | -0.754       |
|    explained_variance   | 0.829        |
|    learning_rate        | 0.0003       |
|    loss                 | 4.09e+03     |
|    n_updates            | 2060         |
|    policy_gradient_loss | -0.00249     |
|    value_loss           | 7.55e+03     |
------------------------------------------
-------------------------------------------
| rollout/                |               |
|    ep_len_mean          | 720           |
|    ep_rew_mean          | 913           |
| time/                   |               |
|    fps                  | 91            |
|    iterations           | 208           |
|    time_elapsed         | 1164          |
|    total_timesteps      | 106496        |
| train/                  |               |
|    approx_kl            | 0.00040459784 |
|    clip_fraction        | 0             |
|    clip_range           | 0.2           |
|    entropy_loss         | -0.807        |
|    explained_variance   | 0.767         |
|    learning_rate        | 0.0003        |
|    loss                 | 3.5e+03       |
|    n_updates            | 2070          |
|    policy_gradient_loss | -0.00169      |
|    value_loss           | 7.13e+03      |
-------------------------------------------
-----------------------------------------
| rollout/                |             |
|    ep_len_mean          | 720         |
|    ep_rew_mean          | 975         |
| time/                   |             |
|    fps                  | 91          |
|    iterations           | 209         |
|    time_elapsed         | 1169        |
|    total_timesteps      | 107008      |
| train/                  |             |
|    approx_kl            | 0.002070723 |
|    clip_fraction        | 0.00371     |
|    clip_range           | 0.2         |
|    entropy_loss         | -0.776      |
|    explained_variance   | 0.335       |
|    learning_rate        | 0.0003      |
|    loss                 | 5.3e+03     |
|    n_updates            | 2080        |
|    policy_gradient_loss | -0.0054     |
|    value_loss           | 1.24e+04    |
-----------------------------------------
------------------------------------------
| rollout/                |              |
|    ep_len_mean          | 720          |
|    ep_rew_mean          | 1e+03        |
| time/                   |              |
|    fps                  | 91           |
|    iterations           | 210          |
|    time_elapsed         | 1175         |
|    total_timesteps      | 107520       |
| train/                  |              |
|    approx_kl            | 0.0014205272 |
|    clip_fraction        | 0.00313      |
|    clip_range           | 0.2          |
|    entropy_loss         | -0.761       |
|    explained_variance   | 0.602        |
|    learning_rate        | 0.0003       |
|    loss                 | 6.57e+03     |
|    n_updates            | 2090         |
|    policy_gradient_loss | -0.00308     |
|    value_loss           | 1.21e+04     |
------------------------------------------
------------------------------------------
| rollout/                |              |
|    ep_len_mean          | 720          |
|    ep_rew_mean          | 1.02e+03     |
| time/                   |              |
|    fps                  | 91           |
|    iterations           | 211          |
|    time_elapsed         | 1180         |
|    total_timesteps      | 108032       |
| train/                  |              |
|    approx_kl            | 0.0002928655 |
|    clip_fraction        | 0            |
|    clip_range           | 0.2          |
|    entropy_loss         | -0.731       |
|    explained_variance   | 0.737        |
|    learning_rate        | 0.0003       |
|    loss                 | 2.85e+03     |
|    n_updates            | 2100         |
|    policy_gradient_loss | -0.00112     |
|    value_loss           | 6.43e+03     |
------------------------------------------
------------------------------------------
| rollout/                |              |
|    ep_len_mean          | 720          |
|    ep_rew_mean          | 1.02e+03     |
| time/                   |              |
|    fps                  | 91           |
|    iterations           | 212          |
|    time_elapsed         | 1185         |
|    total_timesteps      | 108544       |
| train/                  |              |
|    approx_kl            | 0.0010216819 |
|    clip_fraction        | 0.000586     |
|    clip_range           | 0.2          |
|    entropy_loss         | -0.756       |
|    explained_variance   | 0.69         |
|    learning_rate        | 0.0003       |
|    loss                 | 3.6e+03      |
|    n_updates            | 2110         |
|    policy_gradient_loss | -0.00255     |
|    value_loss           | 6.82e+03     |
------------------------------------------
------------------------------------------
| rollout/                |              |
|    ep_len_mean          | 720          |
|    ep_rew_mean          | 1.06e+03     |
| time/                   |              |
|    fps                  | 91           |
|    iterations           | 213          |
|    time_elapsed         | 1190         |
|    total_timesteps      | 109056       |
| train/                  |              |
|    approx_kl            | 0.0018894555 |
|    clip_fraction        | 0.00156      |
|    clip_range           | 0.2          |
|    entropy_loss         | -0.742       |
|    explained_variance   | 0.361        |
|    learning_rate        | 0.0003       |
|    loss                 | 5.75e+03     |
|    n_updates            | 2120         |
|    policy_gradient_loss | -0.00321     |
|    value_loss           | 1.19e+04     |
------------------------------------------
------------------------------------------
| rollout/                |              |
|    ep_len_mean          | 720          |
|    ep_rew_mean          | 1.1e+03      |
| time/                   |              |
|    fps                  | 91           |
|    iterations           | 214          |
|    time_elapsed         | 1195         |
|    total_timesteps      | 109568       |
| train/                  |              |
|    approx_kl            | 0.0022063176 |
|    clip_fraction        | 0.0168       |
|    clip_range           | 0.2          |
|    entropy_loss         | -0.775       |
|    explained_variance   | 0.731        |
|    learning_rate        | 0.0003       |
|    loss                 | 4.63e+03     |
|    n_updates            | 2130         |
|    policy_gradient_loss | -0.0052      |
|    value_loss           | 8.73e+03     |
------------------------------------------
------------------------------------------
| rollout/                |              |
|    ep_len_mean          | 720          |
|    ep_rew_mean          | 1.1e+03      |
| time/                   |              |
|    fps                  | 91           |
|    iterations           | 215          |
|    time_elapsed         | 1200         |
|    total_timesteps      | 110080       |
| train/                  |              |
|    approx_kl            | 0.0016924955 |
|    clip_fraction        | 0.00645      |
|    clip_range           | 0.2          |
|    entropy_loss         | -0.823       |
|    explained_variance   | 0.597        |
|    learning_rate        | 0.0003       |
|    loss                 | 5.01e+03     |
|    n_updates            | 2140         |
|    policy_gradient_loss | -0.00366     |
|    value_loss           | 1.13e+04     |
------------------------------------------
------------------------------------------
| rollout/                |              |
|    ep_len_mean          | 720          |
|    ep_rew_mean          | 1.13e+03     |
| time/                   |              |
|    fps                  | 91           |
|    iterations           | 216          |
|    time_elapsed         | 1205         |
|    total_timesteps      | 110592       |
| train/                  |              |
|    approx_kl            | 0.0017644778 |
|    clip_fraction        | 0.00859      |
|    clip_range           | 0.2          |
|    entropy_loss         | -0.636       |
|    explained_variance   | 0.112        |
|    learning_rate        | 0.0003       |
|    loss                 | 4.62e+03     |
|    n_updates            | 2150         |
|    policy_gradient_loss | -0.00298     |
|    value_loss           | 1.04e+04     |
------------------------------------------
------------------------------------------
| rollout/                |              |
|    ep_len_mean          | 720          |
|    ep_rew_mean          | 1.18e+03     |
| time/                   |              |
|    fps                  | 91           |
|    iterations           | 217          |
|    time_elapsed         | 1211         |
|    total_timesteps      | 111104       |
| train/                  |              |
|    approx_kl            | 0.0021737572 |
|    clip_fraction        | 0.00508      |
|    clip_range           | 0.2          |
|    entropy_loss         | -0.807       |
|    explained_variance   | 0.187        |
|    learning_rate        | 0.0003       |
|    loss                 | 8.06e+03     |
|    n_updates            | 2160         |
|    policy_gradient_loss | -0.00223     |
|    value_loss           | 1.72e+04     |
------------------------------------------
------------------------------------------
| rollout/                |              |
|    ep_len_mean          | 720          |
|    ep_rew_mean          | 1.2e+03      |
| time/                   |              |
|    fps                  | 91           |
|    iterations           | 218          |
|    time_elapsed         | 1216         |
|    total_timesteps      | 111616       |
| train/                  |              |
|    approx_kl            | 0.0004919714 |
|    clip_fraction        | 0            |
|    clip_range           | 0.2          |
|    entropy_loss         | -0.746       |
|    explained_variance   | 0.786        |
|    learning_rate        | 0.0003       |
|    loss                 | 2.03e+03     |
|    n_updates            | 2170         |
|    policy_gradient_loss | -0.00128     |
|    value_loss           | 5.94e+03     |
------------------------------------------
------------------------------------------
| rollout/                |              |
|    ep_len_mean          | 720          |
|    ep_rew_mean          | 1.2e+03      |
| time/                   |              |
|    fps                  | 91           |
|    iterations           | 219          |
|    time_elapsed         | 1222         |
|    total_timesteps      | 112128       |
| train/                  |              |
|    approx_kl            | 0.0007834135 |
|    clip_fraction        | 0.000391     |
|    clip_range           | 0.2          |
|    entropy_loss         | -0.666       |
|    explained_variance   | 0.863        |
|    learning_rate        | 0.0003       |
|    loss                 | 3.96e+03     |
|    n_updates            | 2180         |
|    policy_gradient_loss | -0.00178     |
|    value_loss           | 8.73e+03     |
------------------------------------------
-----------------------------------------
| rollout/                |             |
|    ep_len_mean          | 720         |
|    ep_rew_mean          | 1.25e+03    |
| time/                   |             |
|    fps                  | 91          |
|    iterations           | 220         |
|    time_elapsed         | 1227        |
|    total_timesteps      | 112640      |
| train/                  |             |
|    approx_kl            | 0.002932148 |
|    clip_fraction        | 0.0178      |
|    clip_range           | 0.2         |
|    entropy_loss         | -0.782      |
|    explained_variance   | 0.0211      |
|    learning_rate        | 0.0003      |
|    loss                 | 1.32e+04    |
|    n_updates            | 2190        |
|    policy_gradient_loss | -0.0053     |
|    value_loss           | 2.66e+04    |
-----------------------------------------
------------------------------------------
| rollout/                |              |
|    ep_len_mean          | 720          |
|    ep_rew_mean          | 1.26e+03     |
| time/                   |              |
|    fps                  | 91           |
|    iterations           | 221          |
|    time_elapsed         | 1234         |
|    total_timesteps      | 113152       |
| train/                  |              |
|    approx_kl            | 0.0006713519 |
|    clip_fraction        | 0            |
|    clip_range           | 0.2          |
|    entropy_loss         | -0.728       |
|    explained_variance   | 0.403        |
|    learning_rate        | 0.0003       |
|    loss                 | 8.29e+03     |
|    n_updates            | 2200         |
|    policy_gradient_loss | -0.000835    |
|    value_loss           | 2.04e+04     |
------------------------------------------
-------------------------------------------
| rollout/                |               |
|    ep_len_mean          | 720           |
|    ep_rew_mean          | 1.26e+03      |
| time/                   |               |
|    fps                  | 91            |
|    iterations           | 222           |
|    time_elapsed         | 1239          |
|    total_timesteps      | 113664        |
| train/                  |               |
|    approx_kl            | 0.00019923909 |
|    clip_fraction        | 0             |
|    clip_range           | 0.2           |
|    entropy_loss         | -0.71         |
|    explained_variance   | 0.679         |
|    learning_rate        | 0.0003        |
|    loss                 | 3.73e+03      |
|    n_updates            | 2210          |
|    policy_gradient_loss | -0.000564     |
|    value_loss           | 8.95e+03      |
-------------------------------------------
------------------------------------------
| rollout/                |              |
|    ep_len_mean          | 720          |
|    ep_rew_mean          | 1.32e+03     |
| time/                   |              |
|    fps                  | 91           |
|    iterations           | 223          |
|    time_elapsed         | 1245         |
|    total_timesteps      | 114176       |
| train/                  |              |
|    approx_kl            | 0.0016349694 |
|    clip_fraction        | 0.000391     |
|    clip_range           | 0.2          |
|    entropy_loss         | -0.761       |
|    explained_variance   | 0.807        |
|    learning_rate        | 0.0003       |
|    loss                 | 7.81e+03     |
|    n_updates            | 2220         |
|    policy_gradient_loss | -0.00209     |
|    value_loss           | 1.47e+04     |
------------------------------------------
------------------------------------------
| rollout/                |              |
|    ep_len_mean          | 720          |
|    ep_rew_mean          | 1.37e+03     |
| time/                   |              |
|    fps                  | 91           |
|    iterations           | 224          |
|    time_elapsed         | 1251         |
|    total_timesteps      | 114688       |
| train/                  |              |
|    approx_kl            | 0.0048034415 |
|    clip_fraction        | 0.0266       |
|    clip_range           | 0.2          |
|    entropy_loss         | -0.793       |
|    explained_variance   | 0.0443       |
|    learning_rate        | 0.0003       |
|    loss                 | 7.74e+03     |
|    n_updates            | 2230         |
|    policy_gradient_loss | -0.00702     |
|    value_loss           | 1.43e+04     |
------------------------------------------
------------------------------------------
| rollout/                |              |
|    ep_len_mean          | 720          |
|    ep_rew_mean          | 1.38e+03     |
| time/                   |              |
|    fps                  | 91           |
|    iterations           | 225          |
|    time_elapsed         | 1256         |
|    total_timesteps      | 115200       |
| train/                  |              |
|    approx_kl            | 0.0016407333 |
|    clip_fraction        | 0.00215      |
|    clip_range           | 0.2          |
|    entropy_loss         | -0.72        |
|    explained_variance   | 0.627        |
|    learning_rate        | 0.0003       |
|    loss                 | 8.67e+03     |
|    n_updates            | 2240         |
|    policy_gradient_loss | -0.0034      |
|    value_loss           | 1.41e+04     |
------------------------------------------
------------------------------------------
| rollout/                |              |
|    ep_len_mean          | 720          |
|    ep_rew_mean          | 1.38e+03     |
| time/                   |              |
|    fps                  | 91           |
|    iterations           | 226          |
|    time_elapsed         | 1260         |
|    total_timesteps      | 115712       |
| train/                  |              |
|    approx_kl            | 0.0026539145 |
|    clip_fraction        | 0.0195       |
|    clip_range           | 0.2          |
|    entropy_loss         | -0.723       |
|    explained_variance   | 0.791        |
|    learning_rate        | 0.0003       |
|    loss                 | 2e+03        |
|    n_updates            | 2250         |
|    policy_gradient_loss | -0.00512     |
|    value_loss           | 3.58e+03     |
------------------------------------------
------------------------------------------
| rollout/                |              |
|    ep_len_mean          | 720          |
|    ep_rew_mean          | 1.41e+03     |
| time/                   |              |
|    fps                  | 91           |
|    iterations           | 227          |
|    time_elapsed         | 1265         |
|    total_timesteps      | 116224       |
| train/                  |              |
|    approx_kl            | 0.0009926031 |
|    clip_fraction        | 0            |
|    clip_range           | 0.2          |
|    entropy_loss         | -0.729       |
|    explained_variance   | 0.653        |
|    learning_rate        | 0.0003       |
|    loss                 | 3.19e+03     |
|    n_updates            | 2260         |
|    policy_gradient_loss | -0.00159     |
|    value_loss           | 6.67e+03     |
------------------------------------------
------------------------------------------
| rollout/                |              |
|    ep_len_mean          | 720          |
|    ep_rew_mean          | 1.41e+03     |
| time/                   |              |
|    fps                  | 91           |
|    iterations           | 228          |
|    time_elapsed         | 1271         |
|    total_timesteps      | 116736       |
| train/                  |              |
|    approx_kl            | 0.0010202166 |
|    clip_fraction        | 0            |
|    clip_range           | 0.2          |
|    entropy_loss         | -0.848       |
|    explained_variance   | 0.374        |
|    learning_rate        | 0.0003       |
|    loss                 | 7.78e+03     |
|    n_updates            | 2270         |
|    policy_gradient_loss | -0.001       |
|    value_loss           | 1.37e+04     |
------------------------------------------
------------------------------------------
| rollout/                |              |
|    ep_len_mean          | 720          |
|    ep_rew_mean          | 1.41e+03     |
| time/                   |              |
|    fps                  | 91           |
|    iterations           | 229          |
|    time_elapsed         | 1276         |
|    total_timesteps      | 117248       |
| train/                  |              |
|    approx_kl            | 0.0008151375 |
|    clip_fraction        | 0            |
|    clip_range           | 0.2          |
|    entropy_loss         | -0.704       |
|    explained_variance   | 0.867        |
|    learning_rate        | 0.0003       |
|    loss                 | 3.48e+03     |
|    n_updates            | 2280         |
|    policy_gradient_loss | -0.00118     |
|    value_loss           | 7.33e+03     |
------------------------------------------
------------------------------------------
| rollout/                |              |
|    ep_len_mean          | 720          |
|    ep_rew_mean          | 1.42e+03     |
| time/                   |              |
|    fps                  | 91           |
|    iterations           | 230          |
|    time_elapsed         | 1282         |
|    total_timesteps      | 117760       |
| train/                  |              |
|    approx_kl            | 0.0011083513 |
|    clip_fraction        | 0.000586     |
|    clip_range           | 0.2          |
|    entropy_loss         | -0.738       |
|    explained_variance   | 0.828        |
|    learning_rate        | 0.0003       |
|    loss                 | 6.36e+03     |
|    n_updates            | 2290         |
|    policy_gradient_loss | -0.00114     |
|    value_loss           | 1.32e+04     |
------------------------------------------
------------------------------------------
| rollout/                |              |
|    ep_len_mean          | 720          |
|    ep_rew_mean          | 1.43e+03     |
| time/                   |              |
|    fps                  | 91           |
|    iterations           | 231          |
|    time_elapsed         | 1288         |
|    total_timesteps      | 118272       |
| train/                  |              |
|    approx_kl            | 0.0023122518 |
|    clip_fraction        | 0.00937      |
|    clip_range           | 0.2          |
|    entropy_loss         | -0.817       |
|    explained_variance   | 0.361        |
|    learning_rate        | 0.0003       |
|    loss                 | 4.06e+03     |
|    n_updates            | 2300         |
|    policy_gradient_loss | -0.00364     |
|    value_loss           | 9.51e+03     |
------------------------------------------
------------------------------------------
| rollout/                |              |
|    ep_len_mean          | 720          |
|    ep_rew_mean          | 1.43e+03     |
| time/                   |              |
|    fps                  | 91           |
|    iterations           | 232          |
|    time_elapsed         | 1294         |
|    total_timesteps      | 118784       |
| train/                  |              |
|    approx_kl            | 0.0012869599 |
|    clip_fraction        | 0.000391     |
|    clip_range           | 0.2          |
|    entropy_loss         | -0.859       |
|    explained_variance   | 0.801        |
|    learning_rate        | 0.0003       |
|    loss                 | 2.98e+03     |
|    n_updates            | 2310         |
|    policy_gradient_loss | -0.0021      |
|    value_loss           | 6.9e+03      |
------------------------------------------
------------------------------------------
| rollout/                |              |
|    ep_len_mean          | 720          |
|    ep_rew_mean          | 1.46e+03     |
| time/                   |              |
|    fps                  | 91           |
|    iterations           | 233          |
|    time_elapsed         | 1299         |
|    total_timesteps      | 119296       |
| train/                  |              |
|    approx_kl            | 0.0023869532 |
|    clip_fraction        | 0.000391     |
|    clip_range           | 0.2          |
|    entropy_loss         | -0.835       |
|    explained_variance   | 0.462        |
|    learning_rate        | 0.0003       |
|    loss                 | 8.98e+03     |
|    n_updates            | 2320         |
|    policy_gradient_loss | -0.00339     |
|    value_loss           | 1.46e+04     |
------------------------------------------
------------------------------------------
| rollout/                |              |
|    ep_len_mean          | 720          |
|    ep_rew_mean          | 1.46e+03     |
| time/                   |              |
|    fps                  | 91           |
|    iterations           | 234          |
|    time_elapsed         | 1305         |
|    total_timesteps      | 119808       |
| train/                  |              |
|    approx_kl            | 0.0006694959 |
|    clip_fraction        | 0.000195     |
|    clip_range           | 0.2          |
|    entropy_loss         | -0.69        |
|    explained_variance   | 0.755        |
|    learning_rate        | 0.0003       |
|    loss                 | 3.51e+03     |
|    n_updates            | 2330         |
|    policy_gradient_loss | -0.00235     |
|    value_loss           | 9.32e+03     |
------------------------------------------
------------------------------------------
| rollout/                |              |
|    ep_len_mean          | 720          |
|    ep_rew_mean          | 1.47e+03     |
| time/                   |              |
|    fps                  | 91           |
|    iterations           | 235          |
|    time_elapsed         | 1311         |
|    total_timesteps      | 120320       |
| train/                  |              |
|    approx_kl            | 0.0015120863 |
|    clip_fraction        | 0.000195     |
|    clip_range           | 0.2          |
|    entropy_loss         | -0.68        |
|    explained_variance   | 0.816        |
|    learning_rate        | 0.0003       |
|    loss                 | 6.13e+03     |
|    n_updates            | 2340         |
|    policy_gradient_loss | -0.00269     |
|    value_loss           | 1.01e+04     |
------------------------------------------
------------------------------------------
| rollout/                |              |
|    ep_len_mean          | 720          |
|    ep_rew_mean          | 1.47e+03     |
| time/                   |              |
|    fps                  | 91           |
|    iterations           | 236          |
|    time_elapsed         | 1316         |
|    total_timesteps      | 120832       |
| train/                  |              |
|    approx_kl            | 0.0014424534 |
|    clip_fraction        | 0.000977     |
|    clip_range           | 0.2          |
|    entropy_loss         | -0.757       |
|    explained_variance   | 0.491        |
|    learning_rate        | 0.0003       |
|    loss                 | 5.16e+03     |
|    n_updates            | 2350         |
|    policy_gradient_loss | -0.00195     |
|    value_loss           | 1.11e+04     |
------------------------------------------
-----------------------------------------
| rollout/                |             |
|    ep_len_mean          | 720         |
|    ep_rew_mean          | 1.49e+03    |
| time/                   |             |
|    fps                  | 91          |
|    iterations           | 237         |
|    time_elapsed         | 1323        |
|    total_timesteps      | 121344      |
| train/                  |             |
|    approx_kl            | 0.002177337 |
|    clip_fraction        | 0.00488     |
|    clip_range           | 0.2         |
|    entropy_loss         | -0.733      |
|    explained_variance   | 0.34        |
|    learning_rate        | 0.0003      |
|    loss                 | 6.88e+03    |
|    n_updates            | 2360        |
|    policy_gradient_loss | -0.0035     |
|    value_loss           | 1.07e+04    |
-----------------------------------------
------------------------------------------
| rollout/                |              |
|    ep_len_mean          | 720          |
|    ep_rew_mean          | 1.5e+03      |
| time/                   |              |
|    fps                  | 91           |
|    iterations           | 238          |
|    time_elapsed         | 1327         |
|    total_timesteps      | 121856       |
| train/                  |              |
|    approx_kl            | 0.0012859982 |
|    clip_fraction        | 0.000781     |
|    clip_range           | 0.2          |
|    entropy_loss         | -0.69        |
|    explained_variance   | 0.518        |
|    learning_rate        | 0.0003       |
|    loss                 | 6.02e+03     |
|    n_updates            | 2370         |
|    policy_gradient_loss | -0.00137     |
|    value_loss           | 8.82e+03     |
------------------------------------------
------------------------------------------
| rollout/                |              |
|    ep_len_mean          | 720          |
|    ep_rew_mean          | 1.5e+03      |
| time/                   |              |
|    fps                  | 91           |
|    iterations           | 239          |
|    time_elapsed         | 1333         |
|    total_timesteps      | 122368       |
| train/                  |              |
|    approx_kl            | 0.0019162088 |
|    clip_fraction        | 0.00703      |
|    clip_range           | 0.2          |
|    entropy_loss         | -0.734       |
|    explained_variance   | 0.772        |
|    learning_rate        | 0.0003       |
|    loss                 | 2.78e+03     |
|    n_updates            | 2380         |
|    policy_gradient_loss | -0.00284     |
|    value_loss           | 5.98e+03     |
------------------------------------------
------------------------------------------
| rollout/                |              |
|    ep_len_mean          | 720          |
|    ep_rew_mean          | 1.48e+03     |
| time/                   |              |
|    fps                  | 91           |
|    iterations           | 240          |
|    time_elapsed         | 1338         |
|    total_timesteps      | 122880       |
| train/                  |              |
|    approx_kl            | 0.0002307794 |
|    clip_fraction        | 0            |
|    clip_range           | 0.2          |
|    entropy_loss         | -0.617       |
|    explained_variance   | 0.742        |
|    learning_rate        | 0.0003       |
|    loss                 | 4.13e+03     |
|    n_updates            | 2390         |
|    policy_gradient_loss | -0.000708    |
|    value_loss           | 7.95e+03     |
------------------------------------------
------------------------------------------
| rollout/                |              |
|    ep_len_mean          | 720          |
|    ep_rew_mean          | 1.5e+03      |
| time/                   |              |
|    fps                  | 91           |
|    iterations           | 241          |
|    time_elapsed         | 1344         |
|    total_timesteps      | 123392       |
| train/                  |              |
|    approx_kl            | 0.0019620245 |
|    clip_fraction        | 0.0102       |
|    clip_range           | 0.2          |
|    entropy_loss         | -0.782       |
|    explained_variance   | 0.472        |
|    learning_rate        | 0.0003       |
|    loss                 | 7.58e+03     |
|    n_updates            | 2400         |
|    policy_gradient_loss | -0.00428     |
|    value_loss           | 1.47e+04     |
------------------------------------------
------------------------------------------
| rollout/                |              |
|    ep_len_mean          | 720          |
|    ep_rew_mean          | 1.52e+03     |
| time/                   |              |
|    fps                  | 91           |
|    iterations           | 242          |
|    time_elapsed         | 1350         |
|    total_timesteps      | 123904       |
| train/                  |              |
|    approx_kl            | 0.0014658095 |
|    clip_fraction        | 0.0125       |
|    clip_range           | 0.2          |
|    entropy_loss         | -0.864       |
|    explained_variance   | 0.234        |
|    learning_rate        | 0.0003       |
|    loss                 | 4.13e+03     |
|    n_updates            | 2410         |
|    policy_gradient_loss | -0.00472     |
|    value_loss           | 9.94e+03     |
------------------------------------------
-------------------------------------------
| rollout/                |               |
|    ep_len_mean          | 720           |
|    ep_rew_mean          | 1.52e+03      |
| time/                   |               |
|    fps                  | 91            |
|    iterations           | 243           |
|    time_elapsed         | 1356          |
|    total_timesteps      | 124416        |
| train/                  |               |
|    approx_kl            | 0.00082744873 |
|    clip_fraction        | 0.000391      |
|    clip_range           | 0.2           |
|    entropy_loss         | -0.745        |
|    explained_variance   | 0.123         |
|    learning_rate        | 0.0003        |
|    loss                 | 3.11e+03      |
|    n_updates            | 2420          |
|    policy_gradient_loss | -0.00171      |
|    value_loss           | 7.77e+03      |
-------------------------------------------
------------------------------------------
| rollout/                |              |
|    ep_len_mean          | 720          |
|    ep_rew_mean          | 1.52e+03     |
| time/                   |              |
|    fps                  | 91           |
|    iterations           | 244          |
|    time_elapsed         | 1362         |
|    total_timesteps      | 124928       |
| train/                  |              |
|    approx_kl            | 0.0006992216 |
|    clip_fraction        | 0.00117      |
|    clip_range           | 0.2          |
|    entropy_loss         | -0.821       |
|    explained_variance   | 0.47         |
|    learning_rate        | 0.0003       |
|    loss                 | 4.99e+03     |
|    n_updates            | 2430         |
|    policy_gradient_loss | -0.00181     |
|    value_loss           | 8.85e+03     |
------------------------------------------
------------------------------------------
| rollout/                |              |
|    ep_len_mean          | 720          |
|    ep_rew_mean          | 1.54e+03     |
| time/                   |              |
|    fps                  | 91           |
|    iterations           | 245          |
|    time_elapsed         | 1367         |
|    total_timesteps      | 125440       |
| train/                  |              |
|    approx_kl            | 0.0010372893 |
|    clip_fraction        | 0.00332      |
|    clip_range           | 0.2          |
|    entropy_loss         | -0.905       |
|    explained_variance   | 0.293        |
|    learning_rate        | 0.0003       |
|    loss                 | 7.26e+03     |
|    n_updates            | 2440         |
|    policy_gradient_loss | -0.00299     |
|    value_loss           | 1.71e+04     |
------------------------------------------
------------------------------------------
| rollout/                |              |
|    ep_len_mean          | 720          |
|    ep_rew_mean          | 1.54e+03     |
| time/                   |              |
|    fps                  | 91           |
|    iterations           | 246          |
|    time_elapsed         | 1373         |
|    total_timesteps      | 125952       |
| train/                  |              |
|    approx_kl            | 0.0005956837 |
|    clip_fraction        | 0.000586     |
|    clip_range           | 0.2          |
|    entropy_loss         | -0.817       |
|    explained_variance   | 0.345        |
|    learning_rate        | 0.0003       |
|    loss                 | 4.35e+03     |
|    n_updates            | 2450         |
|    policy_gradient_loss | -0.00182     |
|    value_loss           | 1.24e+04     |
------------------------------------------
-----------------------------------------
| rollout/                |             |
|    ep_len_mean          | 720         |
|    ep_rew_mean          | 1.58e+03    |
| time/                   |             |
|    fps                  | 91          |
|    iterations           | 247         |
|    time_elapsed         | 1379        |
|    total_timesteps      | 126464      |
| train/                  |             |
|    approx_kl            | 0.005003476 |
|    clip_fraction        | 0.00605     |
|    clip_range           | 0.2         |
|    entropy_loss         | -0.944      |
|    explained_variance   | 0.196       |
|    learning_rate        | 0.0003      |
|    loss                 | 7.5e+03     |
|    n_updates            | 2460        |
|    policy_gradient_loss | -0.00366    |
|    value_loss           | 1.49e+04    |
-----------------------------------------
------------------------------------------
| rollout/                |              |
|    ep_len_mean          | 720          |
|    ep_rew_mean          | 1.58e+03     |
| time/                   |              |
|    fps                  | 91           |
|    iterations           | 248          |
|    time_elapsed         | 1384         |
|    total_timesteps      | 126976       |
| train/                  |              |
|    approx_kl            | 0.0012696616 |
|    clip_fraction        | 0.00293      |
|    clip_range           | 0.2          |
|    entropy_loss         | -0.841       |
|    explained_variance   | 0.589        |
|    learning_rate        | 0.0003       |
|    loss                 | 4.16e+03     |
|    n_updates            | 2470         |
|    policy_gradient_loss | -0.00207     |
|    value_loss           | 1.01e+04     |
------------------------------------------
-----------------------------------------
| rollout/                |             |
|    ep_len_mean          | 720         |
|    ep_rew_mean          | 1.6e+03     |
| time/                   |             |
|    fps                  | 91          |
|    iterations           | 249         |
|    time_elapsed         | 1390        |
|    total_timesteps      | 127488      |
| train/                  |             |
|    approx_kl            | 0.002678391 |
|    clip_fraction        | 0.0139      |
|    clip_range           | 0.2         |
|    entropy_loss         | -0.749      |
|    explained_variance   | 0.17        |
|    learning_rate        | 0.0003      |
|    loss                 | 6e+03       |
|    n_updates            | 2480        |
|    policy_gradient_loss | -0.00394    |
|    value_loss           | 9.9e+03     |
-----------------------------------------
------------------------------------------
| rollout/                |              |
|    ep_len_mean          | 720          |
|    ep_rew_mean          | 1.6e+03      |
| time/                   |              |
|    fps                  | 91           |
|    iterations           | 250          |
|    time_elapsed         | 1395         |
|    total_timesteps      | 128000       |
| train/                  |              |
|    approx_kl            | 0.0024566604 |
|    clip_fraction        | 0.0211       |
|    clip_range           | 0.2          |
|    entropy_loss         | -0.923       |
|    explained_variance   | 0.00715      |
|    learning_rate        | 0.0003       |
|    loss                 | 5.72e+03     |
|    n_updates            | 2490         |
|    policy_gradient_loss | -0.00538     |
|    value_loss           | 1.07e+04     |
------------------------------------------
------------------------------------------
| rollout/                |              |
|    ep_len_mean          | 720          |
|    ep_rew_mean          | 1.61e+03     |
| time/                   |              |
|    fps                  | 91           |
|    iterations           | 251          |
|    time_elapsed         | 1401         |
|    total_timesteps      | 128512       |
| train/                  |              |
|    approx_kl            | 0.0018695063 |
|    clip_fraction        | 0.00508      |
|    clip_range           | 0.2          |
|    entropy_loss         | -0.884       |
|    explained_variance   | 0.192        |
|    learning_rate        | 0.0003       |
|    loss                 | 4.12e+03     |
|    n_updates            | 2500         |
|    policy_gradient_loss | -0.0025      |
|    value_loss           | 1.03e+04     |
------------------------------------------
-------------------------------------------
| rollout/                |               |
|    ep_len_mean          | 720           |
|    ep_rew_mean          | 1.61e+03      |
| time/                   |               |
|    fps                  | 91            |
|    iterations           | 252           |
|    time_elapsed         | 1406          |
|    total_timesteps      | 129024        |
| train/                  |               |
|    approx_kl            | 0.00086518435 |
|    clip_fraction        | 0.00137       |
|    clip_range           | 0.2           |
|    entropy_loss         | -0.909        |
|    explained_variance   | 0.475         |
|    learning_rate        | 0.0003        |
|    loss                 | 4.58e+03      |
|    n_updates            | 2510          |
|    policy_gradient_loss | -0.00222      |
|    value_loss           | 1.07e+04      |
-------------------------------------------
------------------------------------------
| rollout/                |              |
|    ep_len_mean          | 720          |
|    ep_rew_mean          | 1.61e+03     |
| time/                   |              |
|    fps                  | 91           |
|    iterations           | 253          |
|    time_elapsed         | 1411         |
|    total_timesteps      | 129536       |
| train/                  |              |
|    approx_kl            | 0.0014114375 |
|    clip_fraction        | 0.00742      |
|    clip_range           | 0.2          |
|    entropy_loss         | -0.954       |
|    explained_variance   | 0.492        |
|    learning_rate        | 0.0003       |
|    loss                 | 5e+03        |
|    n_updates            | 2520         |
|    policy_gradient_loss | -0.00273     |
|    value_loss           | 1.13e+04     |
------------------------------------------
-------------------------------------------
| rollout/                |               |
|    ep_len_mean          | 720           |
|    ep_rew_mean          | 1.61e+03      |
| time/                   |               |
|    fps                  | 91            |
|    iterations           | 254           |
|    time_elapsed         | 1416          |
|    total_timesteps      | 130048        |
| train/                  |               |
|    approx_kl            | 0.00045724795 |
|    clip_fraction        | 0.000195      |
|    clip_range           | 0.2           |
|    entropy_loss         | -0.856        |
|    explained_variance   | 0.729         |
|    learning_rate        | 0.0003        |
|    loss                 | 2.69e+03      |
|    n_updates            | 2530          |
|    policy_gradient_loss | -0.00189      |
|    value_loss           | 9.08e+03      |
-------------------------------------------
------------------------------------------
| rollout/                |              |
|    ep_len_mean          | 720          |
|    ep_rew_mean          | 1.62e+03     |
| time/                   |              |
|    fps                  | 91           |
|    iterations           | 255          |
|    time_elapsed         | 1421         |
|    total_timesteps      | 130560       |
| train/                  |              |
|    approx_kl            | 0.0008690577 |
|    clip_fraction        | 0            |
|    clip_range           | 0.2          |
|    entropy_loss         | -0.729       |
|    explained_variance   | 0.807        |
|    learning_rate        | 0.0003       |
|    loss                 | 2.91e+03     |
|    n_updates            | 2540         |
|    policy_gradient_loss | -0.00182     |
|    value_loss           | 7.21e+03     |
------------------------------------------
------------------------------------------
| rollout/                |              |
|    ep_len_mean          | 720          |
|    ep_rew_mean          | 1.63e+03     |
| time/                   |              |
|    fps                  | 91           |
|    iterations           | 256          |
|    time_elapsed         | 1427         |
|    total_timesteps      | 131072       |
| train/                  |              |
|    approx_kl            | 0.0013827862 |
|    clip_fraction        | 0.00195      |
|    clip_range           | 0.2          |
|    entropy_loss         | -0.95        |
|    explained_variance   | 0.366        |
|    learning_rate        | 0.0003       |
|    loss                 | 7.73e+03     |
|    n_updates            | 2550         |
|    policy_gradient_loss | -0.00245     |
|    value_loss           | 1.61e+04     |
------------------------------------------
-----------------------------------------
| rollout/                |             |
|    ep_len_mean          | 720         |
|    ep_rew_mean          | 1.63e+03    |
| time/                   |             |
|    fps                  | 91          |
|    iterations           | 257         |
|    time_elapsed         | 1432        |
|    total_timesteps      | 131584      |
| train/                  |             |
|    approx_kl            | 0.001715916 |
|    clip_fraction        | 0.000391    |
|    clip_range           | 0.2         |
|    entropy_loss         | -0.953      |
|    explained_variance   | 0.653       |
|    learning_rate        | 0.0003      |
|    loss                 | 5.42e+03    |
|    n_updates            | 2560        |
|    policy_gradient_loss | -0.00135    |
|    value_loss           | 1.12e+04    |
-----------------------------------------
-----------------------------------------
| rollout/                |             |
|    ep_len_mean          | 720         |
|    ep_rew_mean          | 1.67e+03    |
| time/                   |             |
|    fps                  | 91          |
|    iterations           | 258         |
|    time_elapsed         | 1438        |
|    total_timesteps      | 132096      |
| train/                  |             |
|    approx_kl            | 0.001284962 |
|    clip_fraction        | 0.00117     |
|    clip_range           | 0.2         |
|    entropy_loss         | -0.814      |
|    explained_variance   | 0.0108      |
|    learning_rate        | 0.0003      |
|    loss                 | 9.73e+03    |
|    n_updates            | 2570        |
|    policy_gradient_loss | -0.00275    |
|    value_loss           | 2.15e+04    |
-----------------------------------------
------------------------------------------
| rollout/                |              |
|    ep_len_mean          | 720          |
|    ep_rew_mean          | 1.68e+03     |
| time/                   |              |
|    fps                  | 91           |
|    iterations           | 259          |
|    time_elapsed         | 1444         |
|    total_timesteps      | 132608       |
| train/                  |              |
|    approx_kl            | 0.0006186643 |
|    clip_fraction        | 0            |
|    clip_range           | 0.2          |
|    entropy_loss         | -0.932       |
|    explained_variance   | 0.842        |
|    learning_rate        | 0.0003       |
|    loss                 | 1.54e+03     |
|    n_updates            | 2580         |
|    policy_gradient_loss | -0.00165     |
|    value_loss           | 4.31e+03     |
------------------------------------------
------------------------------------------
| rollout/                |              |
|    ep_len_mean          | 720          |
|    ep_rew_mean          | 1.68e+03     |
| time/                   |              |
|    fps                  | 91           |
|    iterations           | 260          |
|    time_elapsed         | 1450         |
|    total_timesteps      | 133120       |
| train/                  |              |
|    approx_kl            | 0.0032669096 |
|    clip_fraction        | 0.0205       |
|    clip_range           | 0.2          |
|    entropy_loss         | -0.883       |
|    explained_variance   | 0.586        |
|    learning_rate        | 0.0003       |
|    loss                 | 3.53e+03     |
|    n_updates            | 2590         |
|    policy_gradient_loss | -0.00482     |
|    value_loss           | 9.22e+03     |
------------------------------------------
------------------------------------------
| rollout/                |              |
|    ep_len_mean          | 720          |
|    ep_rew_mean          | 1.68e+03     |
| time/                   |              |
|    fps                  | 91           |
|    iterations           | 261          |
|    time_elapsed         | 1455         |
|    total_timesteps      | 133632       |
| train/                  |              |
|    approx_kl            | 0.0004005232 |
|    clip_fraction        | 0            |
|    clip_range           | 0.2          |
|    entropy_loss         | -0.796       |
|    explained_variance   | 0.628        |
|    learning_rate        | 0.0003       |
|    loss                 | 1.68e+03     |
|    n_updates            | 2600         |
|    policy_gradient_loss | -0.000783    |
|    value_loss           | 5.25e+03     |
------------------------------------------
------------------------------------------
| rollout/                |              |
|    ep_len_mean          | 720          |
|    ep_rew_mean          | 1.66e+03     |
| time/                   |              |
|    fps                  | 91           |
|    iterations           | 262          |
|    time_elapsed         | 1459         |
|    total_timesteps      | 134144       |
| train/                  |              |
|    approx_kl            | 0.0012144005 |
|    clip_fraction        | 0            |
|    clip_range           | 0.2          |
|    entropy_loss         | -0.853       |
|    explained_variance   | 0.52         |
|    learning_rate        | 0.0003       |
|    loss                 | 3.51e+03     |
|    n_updates            | 2610         |
|    policy_gradient_loss | -0.00226     |
|    value_loss           | 7.23e+03     |
------------------------------------------
-----------------------------------------
| rollout/                |             |
|    ep_len_mean          | 720         |
|    ep_rew_mean          | 1.66e+03    |
| time/                   |             |
|    fps                  | 91          |
|    iterations           | 263         |
|    time_elapsed         | 1466        |
|    total_timesteps      | 134656      |
| train/                  |             |
|    approx_kl            | 0.003646514 |
|    clip_fraction        | 0.0236      |
|    clip_range           | 0.2         |
|    entropy_loss         | -0.851      |
|    explained_variance   | 0.0355      |
|    learning_rate        | 0.0003      |
|    loss                 | 6.26e+03    |
|    n_updates            | 2620        |
|    policy_gradient_loss | -0.00602    |
|    value_loss           | 1.44e+04    |
-----------------------------------------
------------------------------------------
| rollout/                |              |
|    ep_len_mean          | 720          |
|    ep_rew_mean          | 1.66e+03     |
| time/                   |              |
|    fps                  | 91           |
|    iterations           | 264          |
|    time_elapsed         | 1471         |
|    total_timesteps      | 135168       |
| train/                  |              |
|    approx_kl            | 0.0026713663 |
|    clip_fraction        | 0.00391      |
|    clip_range           | 0.2          |
|    entropy_loss         | -0.873       |
|    explained_variance   | 0.591        |
|    learning_rate        | 0.0003       |
|    loss                 | 4.1e+03      |
|    n_updates            | 2630         |
|    policy_gradient_loss | -0.00216     |
|    value_loss           | 9.63e+03     |
------------------------------------------
-----------------------------------------
| rollout/                |             |
|    ep_len_mean          | 720         |
|    ep_rew_mean          | 1.68e+03    |
| time/                   |             |
|    fps                  | 91          |
|    iterations           | 265         |
|    time_elapsed         | 1475        |
|    total_timesteps      | 135680      |
| train/                  |             |
|    approx_kl            | 0.003315035 |
|    clip_fraction        | 0.00273     |
|    clip_range           | 0.2         |
|    entropy_loss         | -0.853      |
|    explained_variance   | 0.519       |
|    learning_rate        | 0.0003      |
|    loss                 | 7.23e+03    |
|    n_updates            | 2640        |
|    policy_gradient_loss | -0.00299    |
|    value_loss           | 1.57e+04    |
-----------------------------------------
------------------------------------------
| rollout/                |              |
|    ep_len_mean          | 720          |
|    ep_rew_mean          | 1.73e+03     |
| time/                   |              |
|    fps                  | 91           |
|    iterations           | 266          |
|    time_elapsed         | 1481         |
|    total_timesteps      | 136192       |
| train/                  |              |
|    approx_kl            | 0.0014404709 |
|    clip_fraction        | 0            |
|    clip_range           | 0.2          |
|    entropy_loss         | -0.804       |
|    explained_variance   | 0.649        |
|    learning_rate        | 0.0003       |
|    loss                 | 2.93e+03     |
|    n_updates            | 2650         |
|    policy_gradient_loss | -0.00129     |
|    value_loss           | 8.56e+03     |
------------------------------------------
------------------------------------------
| rollout/                |              |
|    ep_len_mean          | 720          |
|    ep_rew_mean          | 1.73e+03     |
| time/                   |              |
|    fps                  | 91           |
|    iterations           | 267          |
|    time_elapsed         | 1487         |
|    total_timesteps      | 136704       |
| train/                  |              |
|    approx_kl            | 0.0019179373 |
|    clip_fraction        | 0.000781     |
|    clip_range           | 0.2          |
|    entropy_loss         | -0.86        |
|    explained_variance   | 0.595        |
|    learning_rate        | 0.0003       |
|    loss                 | 7.56e+03     |
|    n_updates            | 2660         |
|    policy_gradient_loss | -0.0037      |
|    value_loss           | 1.34e+04     |
------------------------------------------
-------------------------------------------
| rollout/                |               |
|    ep_len_mean          | 720           |
|    ep_rew_mean          | 1.72e+03      |
| time/                   |               |
|    fps                  | 91            |
|    iterations           | 268           |
|    time_elapsed         | 1491          |
|    total_timesteps      | 137216        |
| train/                  |               |
|    approx_kl            | 0.00027047473 |
|    clip_fraction        | 0             |
|    clip_range           | 0.2           |
|    entropy_loss         | -1.01         |
|    explained_variance   | 0.706         |
|    learning_rate        | 0.0003        |
|    loss                 | 6.04e+03      |
|    n_updates            | 2670          |
|    policy_gradient_loss | -0.000723     |
|    value_loss           | 1.69e+04      |
-------------------------------------------
------------------------------------------
| rollout/                |              |
|    ep_len_mean          | 720          |
|    ep_rew_mean          | 1.71e+03     |
| time/                   |              |
|    fps                  | 91           |
|    iterations           | 269          |
|    time_elapsed         | 1497         |
|    total_timesteps      | 137728       |
| train/                  |              |
|    approx_kl            | 0.0012238579 |
|    clip_fraction        | 0.00391      |
|    clip_range           | 0.2          |
|    entropy_loss         | -1.02        |
|    explained_variance   | 0.355        |
|    learning_rate        | 0.0003       |
|    loss                 | 8.12e+03     |
|    n_updates            | 2680         |
|    policy_gradient_loss | -0.00369     |
|    value_loss           | 1.39e+04     |
------------------------------------------
------------------------------------------
| rollout/                |              |
|    ep_len_mean          | 720          |
|    ep_rew_mean          | 1.74e+03     |
| time/                   |              |
|    fps                  | 91           |
|    iterations           | 270          |
|    time_elapsed         | 1502         |
|    total_timesteps      | 138240       |
| train/                  |              |
|    approx_kl            | 0.0011941879 |
|    clip_fraction        | 0.000195     |
|    clip_range           | 0.2          |
|    entropy_loss         | -1           |
|    explained_variance   | 0.836        |
|    learning_rate        | 0.0003       |
|    loss                 | 2.83e+03     |
|    n_updates            | 2690         |
|    policy_gradient_loss | -0.00178     |
|    value_loss           | 6.92e+03     |
------------------------------------------
------------------------------------------
| rollout/                |              |
|    ep_len_mean          | 720          |
|    ep_rew_mean          | 1.74e+03     |
| time/                   |              |
|    fps                  | 92           |
|    iterations           | 271          |
|    time_elapsed         | 1507         |
|    total_timesteps      | 138752       |
| train/                  |              |
|    approx_kl            | 0.0049374774 |
|    clip_fraction        | 0.0373       |
|    clip_range           | 0.2          |
|    entropy_loss         | -0.943       |
|    explained_variance   | 0.681        |
|    learning_rate        | 0.0003       |
|    loss                 | 3.81e+03     |
|    n_updates            | 2700         |
|    policy_gradient_loss | -0.00601     |
|    value_loss           | 8.9e+03      |
------------------------------------------
------------------------------------------
| rollout/                |              |
|    ep_len_mean          | 720          |
|    ep_rew_mean          | 1.75e+03     |
| time/                   |              |
|    fps                  | 91           |
|    iterations           | 272          |
|    time_elapsed         | 1513         |
|    total_timesteps      | 139264       |
| train/                  |              |
|    approx_kl            | 0.0050481246 |
|    clip_fraction        | 0.0203       |
|    clip_range           | 0.2          |
|    entropy_loss         | -0.976       |
|    explained_variance   | 0.19         |
|    learning_rate        | 0.0003       |
|    loss                 | 8.21e+03     |
|    n_updates            | 2710         |
|    policy_gradient_loss | -0.00575     |
|    value_loss           | 1.34e+04     |
------------------------------------------
------------------------------------------
| rollout/                |              |
|    ep_len_mean          | 720          |
|    ep_rew_mean          | 1.76e+03     |
| time/                   |              |
|    fps                  | 92           |
|    iterations           | 273          |
|    time_elapsed         | 1519         |
|    total_timesteps      | 139776       |
| train/                  |              |
|    approx_kl            | 0.0012454769 |
|    clip_fraction        | 0.000391     |
|    clip_range           | 0.2          |
|    entropy_loss         | -1.12        |
|    explained_variance   | 0.783        |
|    learning_rate        | 0.0003       |
|    loss                 | 789          |
|    n_updates            | 2720         |
|    policy_gradient_loss | -0.00278     |
|    value_loss           | 2.46e+03     |
------------------------------------------
------------------------------------------
| rollout/                |              |
|    ep_len_mean          | 720          |
|    ep_rew_mean          | 1.76e+03     |
| time/                   |              |
|    fps                  | 92           |
|    iterations           | 274          |
|    time_elapsed         | 1524         |
|    total_timesteps      | 140288       |
| train/                  |              |
|    approx_kl            | 7.774426e-05 |
|    clip_fraction        | 0            |
|    clip_range           | 0.2          |
|    entropy_loss         | -0.964       |
|    explained_variance   | 0.778        |
|    learning_rate        | 0.0003       |
|    loss                 | 2.94e+03     |
|    n_updates            | 2730         |
|    policy_gradient_loss | -0.000475    |
|    value_loss           | 8.17e+03     |
------------------------------------------
------------------------------------------
| rollout/                |              |
|    ep_len_mean          | 720          |
|    ep_rew_mean          | 1.74e+03     |
| time/                   |              |
|    fps                  | 91           |
|    iterations           | 275          |
|    time_elapsed         | 1530         |
|    total_timesteps      | 140800       |
| train/                  |              |
|    approx_kl            | 0.0020609694 |
|    clip_fraction        | 0.000195     |
|    clip_range           | 0.2          |
|    entropy_loss         | -1.07        |
|    explained_variance   | 0.836        |
|    learning_rate        | 0.0003       |
|    loss                 | 2.93e+03     |
|    n_updates            | 2740         |
|    policy_gradient_loss | -0.00223     |
|    value_loss           | 7.68e+03     |
------------------------------------------
-----------------------------------------
| rollout/                |             |
|    ep_len_mean          | 720         |
|    ep_rew_mean          | 1.76e+03    |
| time/                   |             |
|    fps                  | 91          |
|    iterations           | 276         |
|    time_elapsed         | 1536        |
|    total_timesteps      | 141312      |
| train/                  |             |
|    approx_kl            | 0.008719322 |
|    clip_fraction        | 0.00762     |
|    clip_range           | 0.2         |
|    entropy_loss         | -1.08       |
|    explained_variance   | 0.811       |
|    learning_rate        | 0.0003      |
|    loss                 | 5.94e+03    |
|    n_updates            | 2750        |
|    policy_gradient_loss | -0.00408    |
|    value_loss           | 1.39e+04    |
-----------------------------------------
------------------------------------------
| rollout/                |              |
|    ep_len_mean          | 720          |
|    ep_rew_mean          | 1.76e+03     |
| time/                   |              |
|    fps                  | 91           |
|    iterations           | 277          |
|    time_elapsed         | 1542         |
|    total_timesteps      | 141824       |
| train/                  |              |
|    approx_kl            | 0.0064182323 |
|    clip_fraction        | 0.015        |
|    clip_range           | 0.2          |
|    entropy_loss         | -0.982       |
|    explained_variance   | 0.534        |
|    learning_rate        | 0.0003       |
|    loss                 | 8.44e+03     |
|    n_updates            | 2760         |
|    policy_gradient_loss | -0.00633     |
|    value_loss           | 1.76e+04     |
------------------------------------------
------------------------------------------
| rollout/                |              |
|    ep_len_mean          | 720          |
|    ep_rew_mean          | 1.77e+03     |
| time/                   |              |
|    fps                  | 91           |
|    iterations           | 278          |
|    time_elapsed         | 1547         |
|    total_timesteps      | 142336       |
| train/                  |              |
|    approx_kl            | 0.0005434677 |
|    clip_fraction        | 0.000391     |
|    clip_range           | 0.2          |
|    entropy_loss         | -0.869       |
|    explained_variance   | 0.59         |
|    learning_rate        | 0.0003       |
|    loss                 | 5.68e+03     |
|    n_updates            | 2770         |
|    policy_gradient_loss | -0.00137     |
|    value_loss           | 1.24e+04     |
------------------------------------------
------------------------------------------
| rollout/                |              |
|    ep_len_mean          | 720          |
|    ep_rew_mean          | 1.79e+03     |
| time/                   |              |
|    fps                  | 91           |
|    iterations           | 279          |
|    time_elapsed         | 1553         |
|    total_timesteps      | 142848       |
| train/                  |              |
|    approx_kl            | 0.0011869393 |
|    clip_fraction        | 0            |
|    clip_range           | 0.2          |
|    entropy_loss         | -0.902       |
|    explained_variance   | 0.578        |
|    learning_rate        | 0.0003       |
|    loss                 | 4.93e+03     |
|    n_updates            | 2780         |
|    policy_gradient_loss | -0.00177     |
|    value_loss           | 1.08e+04     |
------------------------------------------
------------------------------------------
| rollout/                |              |
|    ep_len_mean          | 720          |
|    ep_rew_mean          | 1.83e+03     |
| time/                   |              |
|    fps                  | 91           |
|    iterations           | 280          |
|    time_elapsed         | 1558         |
|    total_timesteps      | 143360       |
| train/                  |              |
|    approx_kl            | 0.0030971412 |
|    clip_fraction        | 0.000977     |
|    clip_range           | 0.2          |
|    entropy_loss         | -0.856       |
|    explained_variance   | 0.755        |
|    learning_rate        | 0.0003       |
|    loss                 | 4.12e+03     |
|    n_updates            | 2790         |
|    policy_gradient_loss | -0.00234     |
|    value_loss           | 8.68e+03     |
------------------------------------------
------------------------------------------
| rollout/                |              |
|    ep_len_mean          | 720          |
|    ep_rew_mean          | 1.83e+03     |
| time/                   |              |
|    fps                  | 91           |
|    iterations           | 281          |
|    time_elapsed         | 1565         |
|    total_timesteps      | 143872       |
| train/                  |              |
|    approx_kl            | 0.0021841382 |
|    clip_fraction        | 0.00391      |
|    clip_range           | 0.2          |
|    entropy_loss         | -0.81        |
|    explained_variance   | 0.207        |
|    learning_rate        | 0.0003       |
|    loss                 | 1.25e+04     |
|    n_updates            | 2800         |
|    policy_gradient_loss | -0.00428     |
|    value_loss           | 2.43e+04     |
------------------------------------------
-----------------------------------------
| rollout/                |             |
|    ep_len_mean          | 720         |
|    ep_rew_mean          | 1.83e+03    |
| time/                   |             |
|    fps                  | 91          |
|    iterations           | 282         |
|    time_elapsed         | 1570        |
|    total_timesteps      | 144384      |
| train/                  |             |
|    approx_kl            | 0.004725256 |
|    clip_fraction        | 0.00762     |
|    clip_range           | 0.2         |
|    entropy_loss         | -0.853      |
|    explained_variance   | 0.732       |
|    learning_rate        | 0.0003      |
|    loss                 | 7.2e+03     |
|    n_updates            | 2810        |
|    policy_gradient_loss | -0.00402    |
|    value_loss           | 1.56e+04    |
-----------------------------------------
------------------------------------------
| rollout/                |              |
|    ep_len_mean          | 720          |
|    ep_rew_mean          | 1.85e+03     |
| time/                   |              |
|    fps                  | 91           |
|    iterations           | 283          |
|    time_elapsed         | 1576         |
|    total_timesteps      | 144896       |
| train/                  |              |
|    approx_kl            | 0.0030729435 |
|    clip_fraction        | 0.0186       |
|    clip_range           | 0.2          |
|    entropy_loss         | -0.891       |
|    explained_variance   | 0.587        |
|    learning_rate        | 0.0003       |
|    loss                 | 4.86e+03     |
|    n_updates            | 2820         |
|    policy_gradient_loss | -0.00441     |
|    value_loss           | 1.01e+04     |
------------------------------------------
------------------------------------------
| rollout/                |              |
|    ep_len_mean          | 720          |
|    ep_rew_mean          | 1.85e+03     |
| time/                   |              |
|    fps                  | 91           |
|    iterations           | 284          |
|    time_elapsed         | 1582         |
|    total_timesteps      | 145408       |
| train/                  |              |
|    approx_kl            | 0.0022512535 |
|    clip_fraction        | 0.00254      |
|    clip_range           | 0.2          |
|    entropy_loss         | -0.856       |
|    explained_variance   | 0.584        |
|    learning_rate        | 0.0003       |
|    loss                 | 3.77e+03     |
|    n_updates            | 2830         |
|    policy_gradient_loss | -0.00276     |
|    value_loss           | 9.08e+03     |
------------------------------------------
-------------------------------------------
| rollout/                |               |
|    ep_len_mean          | 720           |
|    ep_rew_mean          | 1.88e+03      |
| time/                   |               |
|    fps                  | 91            |
|    iterations           | 285           |
|    time_elapsed         | 1587          |
|    total_timesteps      | 145920        |
| train/                  |               |
|    approx_kl            | 0.00073320966 |
|    clip_fraction        | 0             |
|    clip_range           | 0.2           |
|    entropy_loss         | -0.83         |
|    explained_variance   | 0.722         |
|    learning_rate        | 0.0003        |
|    loss                 | 1.5e+03       |
|    n_updates            | 2840          |
|    policy_gradient_loss | -0.00213      |
|    value_loss           | 6.64e+03      |
-------------------------------------------
------------------------------------------
| rollout/                |              |
|    ep_len_mean          | 720          |
|    ep_rew_mean          | 1.92e+03     |
| time/                   |              |
|    fps                  | 91           |
|    iterations           | 286          |
|    time_elapsed         | 1593         |
|    total_timesteps      | 146432       |
| train/                  |              |
|    approx_kl            | 0.0031439182 |
|    clip_fraction        | 0.0186       |
|    clip_range           | 0.2          |
|    entropy_loss         | -0.842       |
|    explained_variance   | 0.768        |
|    learning_rate        | 0.0003       |
|    loss                 | 6.25e+03     |
|    n_updates            | 2850         |
|    policy_gradient_loss | -0.00611     |
|    value_loss           | 1.31e+04     |
------------------------------------------
------------------------------------------
| rollout/                |              |
|    ep_len_mean          | 720          |
|    ep_rew_mean          | 1.89e+03     |
| time/                   |              |
|    fps                  | 91           |
|    iterations           | 287          |
|    time_elapsed         | 1598         |
|    total_timesteps      | 146944       |
| train/                  |              |
|    approx_kl            | 0.0032760869 |
|    clip_fraction        | 0.0199       |
|    clip_range           | 0.2          |
|    entropy_loss         | -0.872       |
|    explained_variance   | 0.0138       |
|    learning_rate        | 0.0003       |
|    loss                 | 4.47e+03     |
|    n_updates            | 2860         |
|    policy_gradient_loss | -0.00492     |
|    value_loss           | 8.46e+03     |
------------------------------------------
-------------------------------------------
| rollout/                |               |
|    ep_len_mean          | 720           |
|    ep_rew_mean          | 1.89e+03      |
| time/                   |               |
|    fps                  | 91            |
|    iterations           | 288           |
|    time_elapsed         | 1604          |
|    total_timesteps      | 147456        |
| train/                  |               |
|    approx_kl            | 0.00010280397 |
|    clip_fraction        | 0             |
|    clip_range           | 0.2           |
|    entropy_loss         | -0.903        |
|    explained_variance   | 0.755         |
|    learning_rate        | 0.0003        |
|    loss                 | 1.22e+03      |
|    n_updates            | 2870          |
|    policy_gradient_loss | -0.00114      |
|    value_loss           | 4.63e+03      |
-------------------------------------------
------------------------------------------
| rollout/                |              |
|    ep_len_mean          | 720          |
|    ep_rew_mean          | 1.88e+03     |
| time/                   |              |
|    fps                  | 91           |
|    iterations           | 289          |
|    time_elapsed         | 1609         |
|    total_timesteps      | 147968       |
| train/                  |              |
|    approx_kl            | 0.0036660184 |
|    clip_fraction        | 0.0041       |
|    clip_range           | 0.2          |
|    entropy_loss         | -0.856       |
|    explained_variance   | 0.586        |
|    learning_rate        | 0.0003       |
|    loss                 | 6.41e+03     |
|    n_updates            | 2880         |
|    policy_gradient_loss | -0.00246     |
|    value_loss           | 1.21e+04     |
------------------------------------------
------------------------------------------
| rollout/                |              |
|    ep_len_mean          | 720          |
|    ep_rew_mean          | 1.92e+03     |
| time/                   |              |
|    fps                  | 91           |
|    iterations           | 290          |
|    time_elapsed         | 1614         |
|    total_timesteps      | 148480       |
| train/                  |              |
|    approx_kl            | 0.0041609644 |
|    clip_fraction        | 0.00273      |
|    clip_range           | 0.2          |
|    entropy_loss         | -0.803       |
|    explained_variance   | 0.282        |
|    learning_rate        | 0.0003       |
|    loss                 | 5.85e+03     |
|    n_updates            | 2890         |
|    policy_gradient_loss | -0.00324     |
|    value_loss           | 1.64e+04     |
------------------------------------------
------------------------------------------
| rollout/                |              |
|    ep_len_mean          | 720          |
|    ep_rew_mean          | 1.92e+03     |
| time/                   |              |
|    fps                  | 91           |
|    iterations           | 291          |
|    time_elapsed         | 1620         |
|    total_timesteps      | 148992       |
| train/                  |              |
|    approx_kl            | 0.0031783408 |
|    clip_fraction        | 0.00996      |
|    clip_range           | 0.2          |
|    entropy_loss         | -0.729       |
|    explained_variance   | 0.33         |
|    learning_rate        | 0.0003       |
|    loss                 | 1.22e+04     |
|    n_updates            | 2900         |
|    policy_gradient_loss | -0.00516     |
|    value_loss           | 2.04e+04     |
------------------------------------------
-------------------------------------------
| rollout/                |               |
|    ep_len_mean          | 720           |
|    ep_rew_mean          | 1.91e+03      |
| time/                   |               |
|    fps                  | 91            |
|    iterations           | 292           |
|    time_elapsed         | 1625          |
|    total_timesteps      | 149504        |
| train/                  |               |
|    approx_kl            | 3.7438193e-05 |
|    clip_fraction        | 0             |
|    clip_range           | 0.2           |
|    entropy_loss         | -0.738        |
|    explained_variance   | 0.67          |
|    learning_rate        | 0.0003        |
|    loss                 | 4.99e+03      |
|    n_updates            | 2910          |
|    policy_gradient_loss | -0.000397     |
|    value_loss           | 1.31e+04      |
-------------------------------------------
------------------------------------------
| rollout/                |              |
|    ep_len_mean          | 720          |
|    ep_rew_mean          | 1.92e+03     |
| time/                   |              |
|    fps                  | 91           |
|    iterations           | 293          |
|    time_elapsed         | 1632         |
|    total_timesteps      | 150016       |
| train/                  |              |
|    approx_kl            | 0.0054984093 |
|    clip_fraction        | 0.0437       |
|    clip_range           | 0.2          |
|    entropy_loss         | -0.854       |
|    explained_variance   | 0.0966       |
|    learning_rate        | 0.0003       |
|    loss                 | 9.53e+03     |
|    n_updates            | 2920         |
|    policy_gradient_loss | -0.0108      |
|    value_loss           | 1.87e+04     |
------------------------------------------
------------------------------------------
| rollout/                |              |
|    ep_len_mean          | 720          |
|    ep_rew_mean          | 1.94e+03     |
| time/                   |              |
|    fps                  | 91           |
|    iterations           | 294          |
|    time_elapsed         | 1637         |
|    total_timesteps      | 150528       |
| train/                  |              |
|    approx_kl            | 0.0006892495 |
|    clip_fraction        | 0            |
|    clip_range           | 0.2          |
|    entropy_loss         | -0.837       |
|    explained_variance   | 0.697        |
|    learning_rate        | 0.0003       |
|    loss                 | 4.69e+03     |
|    n_updates            | 2930         |
|    policy_gradient_loss | -0.00116     |
|    value_loss           | 1.04e+04     |
------------------------------------------
------------------------------------------
| rollout/                |              |
|    ep_len_mean          | 720          |
|    ep_rew_mean          | 1.94e+03     |
| time/                   |              |
|    fps                  | 91           |
|    iterations           | 295          |
|    time_elapsed         | 1643         |
|    total_timesteps      | 151040       |
| train/                  |              |
|    approx_kl            | 0.0017582948 |
|    clip_fraction        | 0            |
|    clip_range           | 0.2          |
|    entropy_loss         | -0.766       |
|    explained_variance   | 0.738        |
|    learning_rate        | 0.0003       |
|    loss                 | 3.63e+03     |
|    n_updates            | 2940         |
|    policy_gradient_loss | -0.00115     |
|    value_loss           | 8.12e+03     |
------------------------------------------
------------------------------------------
| rollout/                |              |
|    ep_len_mean          | 720          |
|    ep_rew_mean          | 1.94e+03     |
| time/                   |              |
|    fps                  | 91           |
|    iterations           | 296          |
|    time_elapsed         | 1648         |
|    total_timesteps      | 151552       |
| train/                  |              |
|    approx_kl            | 0.0022106762 |
|    clip_fraction        | 0            |
|    clip_range           | 0.2          |
|    entropy_loss         | -0.825       |
|    explained_variance   | 0.765        |
|    learning_rate        | 0.0003       |
|    loss                 | 4.02e+03     |
|    n_updates            | 2950         |
|    policy_gradient_loss | -0.00105     |
|    value_loss           | 9.04e+03     |
------------------------------------------
-----------------------------------------
| rollout/                |             |
|    ep_len_mean          | 720         |
|    ep_rew_mean          | 1.93e+03    |
| time/                   |             |
|    fps                  | 91          |
|    iterations           | 297         |
|    time_elapsed         | 1654        |
|    total_timesteps      | 152064      |
| train/                  |             |
|    approx_kl            | 0.003189131 |
|    clip_fraction        | 0.00371     |
|    clip_range           | 0.2         |
|    entropy_loss         | -0.683      |
|    explained_variance   | 0.834       |
|    learning_rate        | 0.0003      |
|    loss                 | 2.62e+03    |
|    n_updates            | 2960        |
|    policy_gradient_loss | -0.00276    |
|    value_loss           | 5.93e+03    |
-----------------------------------------
------------------------------------------
| rollout/                |              |
|    ep_len_mean          | 720          |
|    ep_rew_mean          | 1.93e+03     |
| time/                   |              |
|    fps                  | 91           |
|    iterations           | 298          |
|    time_elapsed         | 1659         |
|    total_timesteps      | 152576       |
| train/                  |              |
|    approx_kl            | 0.0011864405 |
|    clip_fraction        | 0.000781     |
|    clip_range           | 0.2          |
|    entropy_loss         | -0.749       |
|    explained_variance   | 0.745        |
|    learning_rate        | 0.0003       |
|    loss                 | 4.53e+03     |
|    n_updates            | 2970         |
|    policy_gradient_loss | -0.00183     |
|    value_loss           | 9.02e+03     |
------------------------------------------
------------------------------------------
| rollout/                |              |
|    ep_len_mean          | 720          |
|    ep_rew_mean          | 1.93e+03     |
| time/                   |              |
|    fps                  | 91           |
|    iterations           | 299          |
|    time_elapsed         | 1664         |
|    total_timesteps      | 153088       |
| train/                  |              |
|    approx_kl            | 0.0015451191 |
|    clip_fraction        | 0.000391     |
|    clip_range           | 0.2          |
|    entropy_loss         | -0.774       |
|    explained_variance   | 0.734        |
|    learning_rate        | 0.0003       |
|    loss                 | 3.17e+03     |
|    n_updates            | 2980         |
|    policy_gradient_loss | -0.00281     |
|    value_loss           | 8.68e+03     |
------------------------------------------
-------------------------------------------
| rollout/                |               |
|    ep_len_mean          | 720           |
|    ep_rew_mean          | 1.94e+03      |
| time/                   |               |
|    fps                  | 91            |
|    iterations           | 300           |
|    time_elapsed         | 1670          |
|    total_timesteps      | 153600        |
| train/                  |               |
|    approx_kl            | 0.00061113056 |
|    clip_fraction        | 0.000391      |
|    clip_range           | 0.2           |
|    entropy_loss         | -0.723        |
|    explained_variance   | 0.699         |
|    learning_rate        | 0.0003        |
|    loss                 | 3.06e+03      |
|    n_updates            | 2990          |
|    policy_gradient_loss | -0.00155      |
|    value_loss           | 7.47e+03      |
-------------------------------------------
-------------------------------------------
| rollout/                |               |
|    ep_len_mean          | 720           |
|    ep_rew_mean          | 1.92e+03      |
| time/                   |               |
|    fps                  | 91            |
|    iterations           | 301           |
|    time_elapsed         | 1675          |
|    total_timesteps      | 154112        |
| train/                  |               |
|    approx_kl            | 0.00093145354 |
|    clip_fraction        | 0.000195      |
|    clip_range           | 0.2           |
|    entropy_loss         | -0.804        |
|    explained_variance   | 0.629         |
|    learning_rate        | 0.0003        |
|    loss                 | 4.01e+03      |
|    n_updates            | 3000          |
|    policy_gradient_loss | -0.002        |
|    value_loss           | 9.09e+03      |
-------------------------------------------
------------------------------------------
| rollout/                |              |
|    ep_len_mean          | 720          |
|    ep_rew_mean          | 1.92e+03     |
| time/                   |              |
|    fps                  | 91           |
|    iterations           | 302          |
|    time_elapsed         | 1681         |
|    total_timesteps      | 154624       |
| train/                  |              |
|    approx_kl            | 0.0012663642 |
|    clip_fraction        | 0.00391      |
|    clip_range           | 0.2          |
|    entropy_loss         | -0.732       |
|    explained_variance   | 0.583        |
|    learning_rate        | 0.0003       |
|    loss                 | 1.19e+03     |
|    n_updates            | 3010         |
|    policy_gradient_loss | -0.00331     |
|    value_loss           | 3.55e+03     |
------------------------------------------
------------------------------------------
| rollout/                |              |
|    ep_len_mean          | 720          |
|    ep_rew_mean          | 1.95e+03     |
| time/                   |              |
|    fps                  | 91           |
|    iterations           | 303          |
|    time_elapsed         | 1687         |
|    total_timesteps      | 155136       |
| train/                  |              |
|    approx_kl            | 0.0027602862 |
|    clip_fraction        | 0.0219       |
|    clip_range           | 0.2          |
|    entropy_loss         | -0.683       |
|    explained_variance   | 0.618        |
|    learning_rate        | 0.0003       |
|    loss                 | 4.39e+03     |
|    n_updates            | 3020         |
|    policy_gradient_loss | -0.00428     |
|    value_loss           | 9.68e+03     |
------------------------------------------
-------------------------------------------
| rollout/                |               |
|    ep_len_mean          | 720           |
|    ep_rew_mean          | 1.96e+03      |
| time/                   |               |
|    fps                  | 91            |
|    iterations           | 304           |
|    time_elapsed         | 1693          |
|    total_timesteps      | 155648        |
| train/                  |               |
|    approx_kl            | 0.00042631643 |
|    clip_fraction        | 0.000977      |
|    clip_range           | 0.2           |
|    entropy_loss         | -0.787        |
|    explained_variance   | 0.728         |
|    learning_rate        | 0.0003        |
|    loss                 | 8.52e+03      |
|    n_updates            | 3030          |
|    policy_gradient_loss | -0.00187      |
|    value_loss           | 1.44e+04      |
-------------------------------------------
------------------------------------------
| rollout/                |              |
|    ep_len_mean          | 720          |
|    ep_rew_mean          | 1.96e+03     |
| time/                   |              |
|    fps                  | 91           |
|    iterations           | 305          |
|    time_elapsed         | 1698         |
|    total_timesteps      | 156160       |
| train/                  |              |
|    approx_kl            | 0.0025975746 |
|    clip_fraction        | 0.000977     |
|    clip_range           | 0.2          |
|    entropy_loss         | -0.734       |
|    explained_variance   | 0.673        |
|    learning_rate        | 0.0003       |
|    loss                 | 4.65e+03     |
|    n_updates            | 3040         |
|    policy_gradient_loss | -0.00304     |
|    value_loss           | 9.24e+03     |
------------------------------------------
-----------------------------------------
| rollout/                |             |
|    ep_len_mean          | 720         |
|    ep_rew_mean          | 1.94e+03    |
| time/                   |             |
|    fps                  | 91          |
|    iterations           | 306         |
|    time_elapsed         | 1702        |
|    total_timesteps      | 156672      |
| train/                  |             |
|    approx_kl            | 0.000943978 |
|    clip_fraction        | 0           |
|    clip_range           | 0.2         |
|    entropy_loss         | -0.672      |
|    explained_variance   | 0.799       |
|    learning_rate        | 0.0003      |
|    loss                 | 2.88e+03    |
|    n_updates            | 3050        |
|    policy_gradient_loss | -0.00137    |
|    value_loss           | 5.93e+03    |
-----------------------------------------
-------------------------------------------
| rollout/                |               |
|    ep_len_mean          | 720           |
|    ep_rew_mean          | 1.94e+03      |
| time/                   |               |
|    fps                  | 92            |
|    iterations           | 307           |
|    time_elapsed         | 1707          |
|    total_timesteps      | 157184        |
| train/                  |               |
|    approx_kl            | 0.00095721305 |
|    clip_fraction        | 0.000391      |
|    clip_range           | 0.2           |
|    entropy_loss         | -0.66         |
|    explained_variance   | 0.678         |
|    learning_rate        | 0.0003        |
|    loss                 | 5.15e+03      |
|    n_updates            | 3060          |
|    policy_gradient_loss | -0.00297      |
|    value_loss           | 1.38e+04      |
-------------------------------------------
------------------------------------------
| rollout/                |              |
|    ep_len_mean          | 720          |
|    ep_rew_mean          | 1.97e+03     |
| time/                   |              |
|    fps                  | 92           |
|    iterations           | 308          |
|    time_elapsed         | 1713         |
|    total_timesteps      | 157696       |
| train/                  |              |
|    approx_kl            | 0.0031102826 |
|    clip_fraction        | 0.015        |
|    clip_range           | 0.2          |
|    entropy_loss         | -0.684       |
|    explained_variance   | 0.565        |
|    learning_rate        | 0.0003       |
|    loss                 | 6.37e+03     |
|    n_updates            | 3070         |
|    policy_gradient_loss | -0.00348     |
|    value_loss           | 9.69e+03     |
------------------------------------------
------------------------------------------
| rollout/                |              |
|    ep_len_mean          | 720          |
|    ep_rew_mean          | 1.97e+03     |
| time/                   |              |
|    fps                  | 92           |
|    iterations           | 309          |
|    time_elapsed         | 1719         |
|    total_timesteps      | 158208       |
| train/                  |              |
|    approx_kl            | 0.0006576957 |
|    clip_fraction        | 0.000781     |
|    clip_range           | 0.2          |
|    entropy_loss         | -0.628       |
|    explained_variance   | 0.74         |
|    learning_rate        | 0.0003       |
|    loss                 | 6.33e+03     |
|    n_updates            | 3080         |
|    policy_gradient_loss | -0.002       |
|    value_loss           | 1.58e+04     |
------------------------------------------
-------------------------------------------
| rollout/                |               |
|    ep_len_mean          | 720           |
|    ep_rew_mean          | 1.95e+03      |
| time/                   |               |
|    fps                  | 92            |
|    iterations           | 310           |
|    time_elapsed         | 1723          |
|    total_timesteps      | 158720        |
| train/                  |               |
|    approx_kl            | 0.00023575743 |
|    clip_fraction        | 0             |
|    clip_range           | 0.2           |
|    entropy_loss         | -0.619        |
|    explained_variance   | 0.853         |
|    learning_rate        | 0.0003        |
|    loss                 | 3.74e+03      |
|    n_updates            | 3090          |
|    policy_gradient_loss | -0.000464     |
|    value_loss           | 7.01e+03      |
-------------------------------------------
-------------------------------------------
| rollout/                |               |
|    ep_len_mean          | 720           |
|    ep_rew_mean          | 1.95e+03      |
| time/                   |               |
|    fps                  | 92            |
|    iterations           | 311           |
|    time_elapsed         | 1728          |
|    total_timesteps      | 159232        |
| train/                  |               |
|    approx_kl            | 0.00095598324 |
|    clip_fraction        | 0.000391      |
|    clip_range           | 0.2           |
|    entropy_loss         | -0.606        |
|    explained_variance   | 0.732         |
|    learning_rate        | 0.0003        |
|    loss                 | 3.91e+03      |
|    n_updates            | 3100          |
|    policy_gradient_loss | -0.00152      |
|    value_loss           | 1.12e+04      |
-------------------------------------------
-------------------------------------------
| rollout/                |               |
|    ep_len_mean          | 720           |
|    ep_rew_mean          | 1.95e+03      |
| time/                   |               |
|    fps                  | 92            |
|    iterations           | 312           |
|    time_elapsed         | 1734          |
|    total_timesteps      | 159744        |
| train/                  |               |
|    approx_kl            | 0.00015161168 |
|    clip_fraction        | 0             |
|    clip_range           | 0.2           |
|    entropy_loss         | -0.625        |
|    explained_variance   | 0.753         |
|    learning_rate        | 0.0003        |
|    loss                 | 5.42e+03      |
|    n_updates            | 3110          |
|    policy_gradient_loss | -0.000689     |
|    value_loss           | 1.15e+04      |
-------------------------------------------
-----------------------------------------
| rollout/                |             |
|    ep_len_mean          | 720         |
|    ep_rew_mean          | 1.97e+03    |
| time/                   |             |
|    fps                  | 92          |
|    iterations           | 313         |
|    time_elapsed         | 1739        |
|    total_timesteps      | 160256      |
| train/                  |             |
|    approx_kl            | 0.001544765 |
|    clip_fraction        | 0.000195    |
|    clip_range           | 0.2         |
|    entropy_loss         | -0.592      |
|    explained_variance   | 0.834       |
|    learning_rate        | 0.0003      |
|    loss                 | 3.65e+03    |
|    n_updates            | 3120        |
|    policy_gradient_loss | -0.00242    |
|    value_loss           | 9.77e+03    |
-----------------------------------------
------------------------------------------
| rollout/                |              |
|    ep_len_mean          | 720          |
|    ep_rew_mean          | 2e+03        |
| time/                   |              |
|    fps                  | 92           |
|    iterations           | 314          |
|    time_elapsed         | 1747         |
|    total_timesteps      | 160768       |
| train/                  |              |
|    approx_kl            | 0.0010508903 |
|    clip_fraction        | 0            |
|    clip_range           | 0.2          |
|    entropy_loss         | -0.583       |
|    explained_variance   | 0.845        |
|    learning_rate        | 0.0003       |
|    loss                 | 6.03e+03     |
|    n_updates            | 3130         |
|    policy_gradient_loss | -0.00163     |
|    value_loss           | 1.78e+04     |
------------------------------------------
------------------------------------------
| rollout/                |              |
|    ep_len_mean          | 720          |
|    ep_rew_mean          | 2e+03        |
| time/                   |              |
|    fps                  | 91           |
|    iterations           | 315          |
|    time_elapsed         | 1753         |
|    total_timesteps      | 161280       |
| train/                  |              |
|    approx_kl            | 0.0025327585 |
|    clip_fraction        | 0.00684      |
|    clip_range           | 0.2          |
|    entropy_loss         | -0.675       |
|    explained_variance   | 0.101        |
|    learning_rate        | 0.0003       |
|    loss                 | 5.29e+03     |
|    n_updates            | 3140         |
|    policy_gradient_loss | -0.00396     |
|    value_loss           | 1.31e+04     |
------------------------------------------
-----------------------------------------
| rollout/                |             |
|    ep_len_mean          | 720         |
|    ep_rew_mean          | 2e+03       |
| time/                   |             |
|    fps                  | 91          |
|    iterations           | 316         |
|    time_elapsed         | 1758        |
|    total_timesteps      | 161792      |
| train/                  |             |
|    approx_kl            | 0.002700929 |
|    clip_fraction        | 0.0117      |
|    clip_range           | 0.2         |
|    entropy_loss         | -0.554      |
|    explained_variance   | 0.609       |
|    learning_rate        | 0.0003      |
|    loss                 | 3.8e+03     |
|    n_updates            | 3150        |
|    policy_gradient_loss | -0.00332    |
|    value_loss           | 9.25e+03    |
-----------------------------------------
------------------------------------------
| rollout/                |              |
|    ep_len_mean          | 720          |
|    ep_rew_mean          | 2.03e+03     |
| time/                   |              |
|    fps                  | 92           |
|    iterations           | 317          |
|    time_elapsed         | 1763         |
|    total_timesteps      | 162304       |
| train/                  |              |
|    approx_kl            | 0.0009987985 |
|    clip_fraction        | 0.00371      |
|    clip_range           | 0.2          |
|    entropy_loss         | -0.562       |
|    explained_variance   | 0.319        |
|    learning_rate        | 0.0003       |
|    loss                 | 8.75e+03     |
|    n_updates            | 3160         |
|    policy_gradient_loss | -0.0026      |
|    value_loss           | 1.75e+04     |
------------------------------------------
------------------------------------------
| rollout/                |              |
|    ep_len_mean          | 720          |
|    ep_rew_mean          | 2.05e+03     |
| time/                   |              |
|    fps                  | 91           |
|    iterations           | 318          |
|    time_elapsed         | 1769         |
|    total_timesteps      | 162816       |
| train/                  |              |
|    approx_kl            | 0.0019697514 |
|    clip_fraction        | 0.0107       |
|    clip_range           | 0.2          |
|    entropy_loss         | -0.606       |
|    explained_variance   | 0.62         |
|    learning_rate        | 0.0003       |
|    loss                 | 7.48e+03     |
|    n_updates            | 3170         |
|    policy_gradient_loss | -0.00342     |
|    value_loss           | 1.72e+04     |
------------------------------------------
-------------------------------------------
| rollout/                |               |
|    ep_len_mean          | 720           |
|    ep_rew_mean          | 2.05e+03      |
| time/                   |               |
|    fps                  | 92            |
|    iterations           | 319           |
|    time_elapsed         | 1774          |
|    total_timesteps      | 163328        |
| train/                  |               |
|    approx_kl            | 0.00018732196 |
|    clip_fraction        | 0             |
|    clip_range           | 0.2           |
|    entropy_loss         | -0.565        |
|    explained_variance   | 0.536         |
|    learning_rate        | 0.0003        |
|    loss                 | 2.72e+03      |
|    n_updates            | 3180          |
|    policy_gradient_loss | -0.000542     |
|    value_loss           | 8.45e+03      |
-------------------------------------------
------------------------------------------
| rollout/                |              |
|    ep_len_mean          | 720          |
|    ep_rew_mean          | 2.02e+03     |
| time/                   |              |
|    fps                  | 92           |
|    iterations           | 320          |
|    time_elapsed         | 1780         |
|    total_timesteps      | 163840       |
| train/                  |              |
|    approx_kl            | 0.0004019905 |
|    clip_fraction        | 0            |
|    clip_range           | 0.2          |
|    entropy_loss         | -0.547       |
|    explained_variance   | 0.811        |
|    learning_rate        | 0.0003       |
|    loss                 | 3.02e+03     |
|    n_updates            | 3190         |
|    policy_gradient_loss | -0.000807    |
|    value_loss           | 7.01e+03     |
------------------------------------------
-------------------------------------------
| rollout/                |               |
|    ep_len_mean          | 720           |
|    ep_rew_mean          | 2.01e+03      |
| time/                   |               |
|    fps                  | 91            |
|    iterations           | 321           |
|    time_elapsed         | 1787          |
|    total_timesteps      | 164352        |
| train/                  |               |
|    approx_kl            | 0.00023194343 |
|    clip_fraction        | 0.000195      |
|    clip_range           | 0.2           |
|    entropy_loss         | -0.638        |
|    explained_variance   | 0.695         |
|    learning_rate        | 0.0003        |
|    loss                 | 4.83e+03      |
|    n_updates            | 3200          |
|    policy_gradient_loss | -0.000679     |
|    value_loss           | 1.05e+04      |
-------------------------------------------
-----------------------------------------
| rollout/                |             |
|    ep_len_mean          | 720         |
|    ep_rew_mean          | 2.01e+03    |
| time/                   |             |
|    fps                  | 91          |
|    iterations           | 322         |
|    time_elapsed         | 1792        |
|    total_timesteps      | 164864      |
| train/                  |             |
|    approx_kl            | 0.000454812 |
|    clip_fraction        | 0           |
|    clip_range           | 0.2         |
|    entropy_loss         | -0.58       |
|    explained_variance   | 0.874       |
|    learning_rate        | 0.0003      |
|    loss                 | 3.78e+03    |
|    n_updates            | 3210        |
|    policy_gradient_loss | -0.00133    |
|    value_loss           | 9.42e+03    |
-----------------------------------------
-------------------------------------------
| rollout/                |               |
|    ep_len_mean          | 720           |
|    ep_rew_mean          | 2e+03         |
| time/                   |               |
|    fps                  | 91            |
|    iterations           | 323           |
|    time_elapsed         | 1798          |
|    total_timesteps      | 165376        |
| train/                  |               |
|    approx_kl            | 5.4594042e-05 |
|    clip_fraction        | 0             |
|    clip_range           | 0.2           |
|    entropy_loss         | -0.606        |
|    explained_variance   | 0.79          |
|    learning_rate        | 0.0003        |
|    loss                 | 3.16e+03      |
|    n_updates            | 3220          |
|    policy_gradient_loss | -0.000516     |
|    value_loss           | 1.05e+04      |
-------------------------------------------
-----------------------------------------
| rollout/                |             |
|    ep_len_mean          | 720         |
|    ep_rew_mean          | 2e+03       |
| time/                   |             |
|    fps                  | 91          |
|    iterations           | 324         |
|    time_elapsed         | 1803        |
|    total_timesteps      | 165888      |
| train/                  |             |
|    approx_kl            | 0.001052622 |
|    clip_fraction        | 0.000977    |
|    clip_range           | 0.2         |
|    entropy_loss         | -0.684      |
|    explained_variance   | 0.74        |
|    learning_rate        | 0.0003      |
|    loss                 | 5.53e+03    |
|    n_updates            | 3230        |
|    policy_gradient_loss | -0.00281    |
|    value_loss           | 1.16e+04    |
-----------------------------------------
------------------------------------------
| rollout/                |              |
|    ep_len_mean          | 720          |
|    ep_rew_mean          | 2.01e+03     |
| time/                   |              |
|    fps                  | 92           |
|    iterations           | 325          |
|    time_elapsed         | 1808         |
|    total_timesteps      | 166400       |
| train/                  |              |
|    approx_kl            | 0.0020239556 |
|    clip_fraction        | 0.00391      |
|    clip_range           | 0.2          |
|    entropy_loss         | -0.668       |
|    explained_variance   | 0.589        |
|    learning_rate        | 0.0003       |
|    loss                 | 4.39e+03     |
|    n_updates            | 3240         |
|    policy_gradient_loss | -0.00202     |
|    value_loss           | 9.81e+03     |
------------------------------------------
-----------------------------------------
| rollout/                |             |
|    ep_len_mean          | 720         |
|    ep_rew_mean          | 2.01e+03    |
| time/                   |             |
|    fps                  | 91          |
|    iterations           | 326         |
|    time_elapsed         | 1815        |
|    total_timesteps      | 166912      |
| train/                  |             |
|    approx_kl            | 0.002010494 |
|    clip_fraction        | 0.0227      |
|    clip_range           | 0.2         |
|    entropy_loss         | -0.619      |
|    explained_variance   | 0.177       |
|    learning_rate        | 0.0003      |
|    loss                 | 1.03e+04    |
|    n_updates            | 3250        |
|    policy_gradient_loss | -0.00321    |
|    value_loss           | 1.81e+04    |
-----------------------------------------
-------------------------------------------
| rollout/                |               |
|    ep_len_mean          | 720           |
|    ep_rew_mean          | 2.03e+03      |
| time/                   |               |
|    fps                  | 91            |
|    iterations           | 327           |
|    time_elapsed         | 1822          |
|    total_timesteps      | 167424        |
| train/                  |               |
|    approx_kl            | 0.00070570083 |
|    clip_fraction        | 0.000781      |
|    clip_range           | 0.2           |
|    entropy_loss         | -0.69         |
|    explained_variance   | 0.56          |
|    learning_rate        | 0.0003        |
|    loss                 | 3.99e+03      |
|    n_updates            | 3260          |
|    policy_gradient_loss | -0.00185      |
|    value_loss           | 1.03e+04      |
-------------------------------------------
-------------------------------------------
| rollout/                |               |
|    ep_len_mean          | 720           |
|    ep_rew_mean          | 2.02e+03      |
| time/                   |               |
|    fps                  | 91            |
|    iterations           | 328           |
|    time_elapsed         | 1827          |
|    total_timesteps      | 167936        |
| train/                  |               |
|    approx_kl            | 5.9445883e-05 |
|    clip_fraction        | 0             |
|    clip_range           | 0.2           |
|    entropy_loss         | -0.672        |
|    explained_variance   | 0.785         |
|    learning_rate        | 0.0003        |
|    loss                 | 3.85e+03      |
|    n_updates            | 3270          |
|    policy_gradient_loss | -0.000539     |
|    value_loss           | 7.91e+03      |
-------------------------------------------
------------------------------------------
| rollout/                |              |
|    ep_len_mean          | 720          |
|    ep_rew_mean          | 2.02e+03     |
| time/                   |              |
|    fps                  | 91           |
|    iterations           | 329          |
|    time_elapsed         | 1833         |
|    total_timesteps      | 168448       |
| train/                  |              |
|    approx_kl            | 0.0035195549 |
|    clip_fraction        | 0.0172       |
|    clip_range           | 0.2          |
|    entropy_loss         | -0.666       |
|    explained_variance   | 0.676        |
|    learning_rate        | 0.0003       |
|    loss                 | 4.86e+03     |
|    n_updates            | 3280         |
|    policy_gradient_loss | -0.00304     |
|    value_loss           | 9.09e+03     |
------------------------------------------
------------------------------------------
| rollout/                |              |
|    ep_len_mean          | 720          |
|    ep_rew_mean          | 2.02e+03     |
| time/                   |              |
|    fps                  | 91           |
|    iterations           | 330          |
|    time_elapsed         | 1838         |
|    total_timesteps      | 168960       |
| train/                  |              |
|    approx_kl            | 0.0006075091 |
|    clip_fraction        | 0.00234      |
|    clip_range           | 0.2          |
|    entropy_loss         | -0.618       |
|    explained_variance   | 0.341        |
|    learning_rate        | 0.0003       |
|    loss                 | 6.33e+03     |
|    n_updates            | 3290         |
|    policy_gradient_loss | -0.00193     |
|    value_loss           | 1.37e+04     |
------------------------------------------
-------------------------------------------
| rollout/                |               |
|    ep_len_mean          | 720           |
|    ep_rew_mean          | 2.03e+03      |
| time/                   |               |
|    fps                  | 91            |
|    iterations           | 331           |
|    time_elapsed         | 1844          |
|    total_timesteps      | 169472        |
| train/                  |               |
|    approx_kl            | 0.00022306705 |
|    clip_fraction        | 0             |
|    clip_range           | 0.2           |
|    entropy_loss         | -0.691        |
|    explained_variance   | 0.641         |
|    learning_rate        | 0.0003        |
|    loss                 | 4.6e+03       |
|    n_updates            | 3300          |
|    policy_gradient_loss | -0.000681     |
|    value_loss           | 1.23e+04      |
-------------------------------------------
------------------------------------------
| rollout/                |              |
|    ep_len_mean          | 720          |
|    ep_rew_mean          | 1.99e+03     |
| time/                   |              |
|    fps                  | 91           |
|    iterations           | 332          |
|    time_elapsed         | 1850         |
|    total_timesteps      | 169984       |
| train/                  |              |
|    approx_kl            | 0.0001804052 |
|    clip_fraction        | 0            |
|    clip_range           | 0.2          |
|    entropy_loss         | -0.599       |
|    explained_variance   | 0.776        |
|    learning_rate        | 0.0003       |
|    loss                 | 4.65e+03     |
|    n_updates            | 3310         |
|    policy_gradient_loss | -0.000983    |
|    value_loss           | 1.03e+04     |
------------------------------------------
------------------------------------------
| rollout/                |              |
|    ep_len_mean          | 720          |
|    ep_rew_mean          | 1.99e+03     |
| time/                   |              |
|    fps                  | 91           |
|    iterations           | 333          |
|    time_elapsed         | 1856         |
|    total_timesteps      | 170496       |
| train/                  |              |
|    approx_kl            | 0.0005779621 |
|    clip_fraction        | 0            |
|    clip_range           | 0.2          |
|    entropy_loss         | -0.666       |
|    explained_variance   | 0.762        |
|    learning_rate        | 0.0003       |
|    loss                 | 2.55e+03     |
|    n_updates            | 3320         |
|    policy_gradient_loss | -0.00141     |
|    value_loss           | 6.48e+03     |
------------------------------------------
------------------------------------------
| rollout/                |              |
|    ep_len_mean          | 720          |
|    ep_rew_mean          | 1.99e+03     |
| time/                   |              |
|    fps                  | 91           |
|    iterations           | 334          |
|    time_elapsed         | 1862         |
|    total_timesteps      | 171008       |
| train/                  |              |
|    approx_kl            | 0.0011200364 |
|    clip_fraction        | 0.0041       |
|    clip_range           | 0.2          |
|    entropy_loss         | -0.695       |
|    explained_variance   | 0.588        |
|    learning_rate        | 0.0003       |
|    loss                 | 8.16e+03     |
|    n_updates            | 3330         |
|    policy_gradient_loss | -0.00282     |
|    value_loss           | 1.42e+04     |
------------------------------------------
-------------------------------------------
| rollout/                |               |
|    ep_len_mean          | 720           |
|    ep_rew_mean          | 1.96e+03      |
| time/                   |               |
|    fps                  | 91            |
|    iterations           | 335           |
|    time_elapsed         | 1867          |
|    total_timesteps      | 171520        |
| train/                  |               |
|    approx_kl            | 0.00070214615 |
|    clip_fraction        | 0             |
|    clip_range           | 0.2           |
|    entropy_loss         | -0.643        |
|    explained_variance   | 0.797         |
|    learning_rate        | 0.0003        |
|    loss                 | 3.41e+03      |
|    n_updates            | 3340          |
|    policy_gradient_loss | -0.00171      |
|    value_loss           | 8.47e+03      |
-------------------------------------------
--------------------------------------------
| rollout/                |                |
|    ep_len_mean          | 720            |
|    ep_rew_mean          | 1.96e+03       |
| time/                   |                |
|    fps                  | 91             |
|    iterations           | 336            |
|    time_elapsed         | 1873           |
|    total_timesteps      | 172032         |
| train/                  |                |
|    approx_kl            | 0.000101229474 |
|    clip_fraction        | 0              |
|    clip_range           | 0.2            |
|    entropy_loss         | -0.668         |
|    explained_variance   | 0.83           |
|    learning_rate        | 0.0003         |
|    loss                 | 1.27e+03       |
|    n_updates            | 3350           |
|    policy_gradient_loss | -0.000595      |
|    value_loss           | 3.84e+03       |
--------------------------------------------
-------------------------------------------
| rollout/                |               |
|    ep_len_mean          | 720           |
|    ep_rew_mean          | 1.92e+03      |
| time/                   |               |
|    fps                  | 91            |
|    iterations           | 337           |
|    time_elapsed         | 1878          |
|    total_timesteps      | 172544        |
| train/                  |               |
|    approx_kl            | 3.3633696e-05 |
|    clip_fraction        | 0             |
|    clip_range           | 0.2           |
|    entropy_loss         | -0.665        |
|    explained_variance   | 0.882         |
|    learning_rate        | 0.0003        |
|    loss                 | 2.24e+03      |
|    n_updates            | 3360          |
|    policy_gradient_loss | -0.000326     |
|    value_loss           | 5.64e+03      |
-------------------------------------------
-------------------------------------------
| rollout/                |               |
|    ep_len_mean          | 720           |
|    ep_rew_mean          | 1.94e+03      |
| time/                   |               |
|    fps                  | 91            |
|    iterations           | 338           |
|    time_elapsed         | 1884          |
|    total_timesteps      | 173056        |
| train/                  |               |
|    approx_kl            | 0.00024056129 |
|    clip_fraction        | 0.000391      |
|    clip_range           | 0.2           |
|    entropy_loss         | -0.676        |
|    explained_variance   | 0.812         |
|    learning_rate        | 0.0003        |
|    loss                 | 6.77e+03      |
|    n_updates            | 3370          |
|    policy_gradient_loss | -0.000969     |
|    value_loss           | 1.22e+04      |
-------------------------------------------
------------------------------------------
| rollout/                |              |
|    ep_len_mean          | 720          |
|    ep_rew_mean          | 1.93e+03     |
| time/                   |              |
|    fps                  | 91           |
|    iterations           | 339          |
|    time_elapsed         | 1890         |
|    total_timesteps      | 173568       |
| train/                  |              |
|    approx_kl            | 0.0003343579 |
|    clip_fraction        | 0            |
|    clip_range           | 0.2          |
|    entropy_loss         | -0.582       |
|    explained_variance   | 0.836        |
|    learning_rate        | 0.0003       |
|    loss                 | 4.88e+03     |
|    n_updates            | 3380         |
|    policy_gradient_loss | -0.000895    |
|    value_loss           | 1.29e+04     |
------------------------------------------
-------------------------------------------
| rollout/                |               |
|    ep_len_mean          | 720           |
|    ep_rew_mean          | 1.93e+03      |
| time/                   |               |
|    fps                  | 91            |
|    iterations           | 340           |
|    time_elapsed         | 1896          |
|    total_timesteps      | 174080        |
| train/                  |               |
|    approx_kl            | 0.00017825427 |
|    clip_fraction        | 0             |
|    clip_range           | 0.2           |
|    entropy_loss         | -0.524        |
|    explained_variance   | 0.802         |
|    learning_rate        | 0.0003        |
|    loss                 | 5.01e+03      |
|    n_updates            | 3390          |
|    policy_gradient_loss | -0.000875     |
|    value_loss           | 1.17e+04      |
-------------------------------------------
-------------------------------------------
| rollout/                |               |
|    ep_len_mean          | 720           |
|    ep_rew_mean          | 1.95e+03      |
| time/                   |               |
|    fps                  | 91            |
|    iterations           | 341           |
|    time_elapsed         | 1901          |
|    total_timesteps      | 174592        |
| train/                  |               |
|    approx_kl            | 0.00011030225 |
|    clip_fraction        | 0             |
|    clip_range           | 0.2           |
|    entropy_loss         | -0.592        |
|    explained_variance   | 0.814         |
|    learning_rate        | 0.0003        |
|    loss                 | 5.92e+03      |
|    n_updates            | 3400          |
|    policy_gradient_loss | -0.000527     |
|    value_loss           | 1.15e+04      |
-------------------------------------------
-------------------------------------------
| rollout/                |               |
|    ep_len_mean          | 720           |
|    ep_rew_mean          | 1.97e+03      |
| time/                   |               |
|    fps                  | 91            |
|    iterations           | 342           |
|    time_elapsed         | 1905          |
|    total_timesteps      | 175104        |
| train/                  |               |
|    approx_kl            | 0.00034079264 |
|    clip_fraction        | 0             |
|    clip_range           | 0.2           |
|    entropy_loss         | -0.606        |
|    explained_variance   | 0.812         |
|    learning_rate        | 0.0003        |
|    loss                 | 5.45e+03      |
|    n_updates            | 3410          |
|    policy_gradient_loss | -0.00141      |
|    value_loss           | 1.01e+04      |
-------------------------------------------
-------------------------------------------
| rollout/                |               |
|    ep_len_mean          | 720           |
|    ep_rew_mean          | 1.97e+03      |
| time/                   |               |
|    fps                  | 91            |
|    iterations           | 343           |
|    time_elapsed         | 1912          |
|    total_timesteps      | 175616        |
| train/                  |               |
|    approx_kl            | 0.00010597198 |
|    clip_fraction        | 0             |
|    clip_range           | 0.2           |
|    entropy_loss         | -0.609        |
|    explained_variance   | 0.797         |
|    learning_rate        | 0.0003        |
|    loss                 | 3.44e+03      |
|    n_updates            | 3420          |
|    policy_gradient_loss | -0.000354     |
|    value_loss           | 8.18e+03      |
-------------------------------------------
------------------------------------------
| rollout/                |              |
|    ep_len_mean          | 720          |
|    ep_rew_mean          | 1.98e+03     |
| time/                   |              |
|    fps                  | 91           |
|    iterations           | 344          |
|    time_elapsed         | 1917         |
|    total_timesteps      | 176128       |
| train/                  |              |
|    approx_kl            | 0.0002841276 |
|    clip_fraction        | 0            |
|    clip_range           | 0.2          |
|    entropy_loss         | -0.524       |
|    explained_variance   | 0.845        |
|    learning_rate        | 0.0003       |
|    loss                 | 5.41e+03     |
|    n_updates            | 3430         |
|    policy_gradient_loss | -0.000863    |
|    value_loss           | 1.09e+04     |
------------------------------------------
------------------------------------------
| rollout/                |              |
|    ep_len_mean          | 720          |
|    ep_rew_mean          | 2e+03        |
| time/                   |              |
|    fps                  | 91           |
|    iterations           | 345          |
|    time_elapsed         | 1922         |
|    total_timesteps      | 176640       |
| train/                  |              |
|    approx_kl            | 0.0031545865 |
|    clip_fraction        | 0.0215       |
|    clip_range           | 0.2          |
|    entropy_loss         | -0.596       |
|    explained_variance   | 0.487        |
|    learning_rate        | 0.0003       |
|    loss                 | 7.92e+03     |
|    n_updates            | 3440         |
|    policy_gradient_loss | -0.00647     |
|    value_loss           | 1.74e+04     |
------------------------------------------
------------------------------------------
| rollout/                |              |
|    ep_len_mean          | 720          |
|    ep_rew_mean          | 1.99e+03     |
| time/                   |              |
|    fps                  | 91           |
|    iterations           | 346          |
|    time_elapsed         | 1928         |
|    total_timesteps      | 177152       |
| train/                  |              |
|    approx_kl            | 0.0009774497 |
|    clip_fraction        | 0.000195     |
|    clip_range           | 0.2          |
|    entropy_loss         | -0.616       |
|    explained_variance   | 0.802        |
|    learning_rate        | 0.0003       |
|    loss                 | 1.62e+03     |
|    n_updates            | 3450         |
|    policy_gradient_loss | -0.00285     |
|    value_loss           | 4.09e+03     |
------------------------------------------
------------------------------------------
| rollout/                |              |
|    ep_len_mean          | 720          |
|    ep_rew_mean          | 1.99e+03     |
| time/                   |              |
|    fps                  | 91           |
|    iterations           | 347          |
|    time_elapsed         | 1933         |
|    total_timesteps      | 177664       |
| train/                  |              |
|    approx_kl            | 0.0006419461 |
|    clip_fraction        | 0.000586     |
|    clip_range           | 0.2          |
|    entropy_loss         | -0.617       |
|    explained_variance   | 0.889        |
|    learning_rate        | 0.0003       |
|    loss                 | 1.74e+03     |
|    n_updates            | 3460         |
|    policy_gradient_loss | -0.00244     |
|    value_loss           | 4.64e+03     |
------------------------------------------
------------------------------------------
| rollout/                |              |
|    ep_len_mean          | 720          |
|    ep_rew_mean          | 2e+03        |
| time/                   |              |
|    fps                  | 91           |
|    iterations           | 348          |
|    time_elapsed         | 1938         |
|    total_timesteps      | 178176       |
| train/                  |              |
|    approx_kl            | 0.0003992616 |
|    clip_fraction        | 0            |
|    clip_range           | 0.2          |
|    entropy_loss         | -0.468       |
|    explained_variance   | 0.887        |
|    learning_rate        | 0.0003       |
|    loss                 | 2.4e+03      |
|    n_updates            | 3470         |
|    policy_gradient_loss | -0.00184     |
|    value_loss           | 8.44e+03     |
------------------------------------------
-------------------------------------------
| rollout/                |               |
|    ep_len_mean          | 720           |
|    ep_rew_mean          | 1.98e+03      |
| time/                   |               |
|    fps                  | 91            |
|    iterations           | 349           |
|    time_elapsed         | 1944          |
|    total_timesteps      | 178688        |
| train/                  |               |
|    approx_kl            | 0.00016955384 |
|    clip_fraction        | 0             |
|    clip_range           | 0.2           |
|    entropy_loss         | -0.516        |
|    explained_variance   | 0.812         |
|    learning_rate        | 0.0003        |
|    loss                 | 2.83e+03      |
|    n_updates            | 3480          |
|    policy_gradient_loss | -0.00109      |
|    value_loss           | 7.84e+03      |
-------------------------------------------
-------------------------------------------
| rollout/                |               |
|    ep_len_mean          | 720           |
|    ep_rew_mean          | 1.98e+03      |
| time/                   |               |
|    fps                  | 91            |
|    iterations           | 350           |
|    time_elapsed         | 1949          |
|    total_timesteps      | 179200        |
| train/                  |               |
|    approx_kl            | 0.00025203044 |
|    clip_fraction        | 0             |
|    clip_range           | 0.2           |
|    entropy_loss         | -0.51         |
|    explained_variance   | 0.744         |
|    learning_rate        | 0.0003        |
|    loss                 | 5.36e+03      |
|    n_updates            | 3490          |
|    policy_gradient_loss | -0.00071      |
|    value_loss           | 1.28e+04      |
-------------------------------------------
-------------------------------------------
| rollout/                |               |
|    ep_len_mean          | 720           |
|    ep_rew_mean          | 2e+03         |
| time/                   |               |
|    fps                  | 91            |
|    iterations           | 351           |
|    time_elapsed         | 1955          |
|    total_timesteps      | 179712        |
| train/                  |               |
|    approx_kl            | 0.00088617654 |
|    clip_fraction        | 0.00117       |
|    clip_range           | 0.2           |
|    entropy_loss         | -0.585        |
|    explained_variance   | 0.804         |
|    learning_rate        | 0.0003        |
|    loss                 | 8.24e+03      |
|    n_updates            | 3500          |
|    policy_gradient_loss | -0.00182      |
|    value_loss           | 1.47e+04      |
-------------------------------------------
------------------------------------------
| rollout/                |              |
|    ep_len_mean          | 720          |
|    ep_rew_mean          | 2.03e+03     |
| time/                   |              |
|    fps                  | 91           |
|    iterations           | 352          |
|    time_elapsed         | 1961         |
|    total_timesteps      | 180224       |
| train/                  |              |
|    approx_kl            | 0.0020507453 |
|    clip_fraction        | 0.0105       |
|    clip_range           | 0.2          |
|    entropy_loss         | -0.616       |
|    explained_variance   | 0.187        |
|    learning_rate        | 0.0003       |
|    loss                 | 6.42e+03     |
|    n_updates            | 3510         |
|    policy_gradient_loss | -0.00373     |
|    value_loss           | 1.27e+04     |
------------------------------------------
------------------------------------------
| rollout/                |              |
|    ep_len_mean          | 720          |
|    ep_rew_mean          | 2.05e+03     |
| time/                   |              |
|    fps                  | 91           |
|    iterations           | 353          |
|    time_elapsed         | 1967         |
|    total_timesteps      | 180736       |
| train/                  |              |
|    approx_kl            | 0.0005311357 |
|    clip_fraction        | 0            |
|    clip_range           | 0.2          |
|    entropy_loss         | -0.642       |
|    explained_variance   | 0.645        |
|    learning_rate        | 0.0003       |
|    loss                 | 4.57e+03     |
|    n_updates            | 3520         |
|    policy_gradient_loss | -0.000723    |
|    value_loss           | 1.23e+04     |
------------------------------------------
-------------------------------------------
| rollout/                |               |
|    ep_len_mean          | 720           |
|    ep_rew_mean          | 2.05e+03      |
| time/                   |               |
|    fps                  | 91            |
|    iterations           | 354           |
|    time_elapsed         | 1973          |
|    total_timesteps      | 181248        |
| train/                  |               |
|    approx_kl            | 0.00050616526 |
|    clip_fraction        | 0.000195      |
|    clip_range           | 0.2           |
|    entropy_loss         | -0.543        |
|    explained_variance   | 0.0445        |
|    learning_rate        | 0.0003        |
|    loss                 | 1.24e+04      |
|    n_updates            | 3530          |
|    policy_gradient_loss | -0.00191      |
|    value_loss           | 2.26e+04      |
-------------------------------------------
------------------------------------------
| rollout/                |              |
|    ep_len_mean          | 720          |
|    ep_rew_mean          | 2.04e+03     |
| time/                   |              |
|    fps                  | 91           |
|    iterations           | 355          |
|    time_elapsed         | 1978         |
|    total_timesteps      | 181760       |
| train/                  |              |
|    approx_kl            | 0.0031886222 |
|    clip_fraction        | 0.0201       |
|    clip_range           | 0.2          |
|    entropy_loss         | -0.622       |
|    explained_variance   | 0.172        |
|    learning_rate        | 0.0003       |
|    loss                 | 4.89e+03     |
|    n_updates            | 3540         |
|    policy_gradient_loss | -0.00605     |
|    value_loss           | 1.19e+04     |
------------------------------------------
------------------------------------------
| rollout/                |              |
|    ep_len_mean          | 720          |
|    ep_rew_mean          | 2.06e+03     |
| time/                   |              |
|    fps                  | 91           |
|    iterations           | 356          |
|    time_elapsed         | 1984         |
|    total_timesteps      | 182272       |
| train/                  |              |
|    approx_kl            | 0.0015994086 |
|    clip_fraction        | 0.00586      |
|    clip_range           | 0.2          |
|    entropy_loss         | -0.6         |
|    explained_variance   | 0.267        |
|    learning_rate        | 0.0003       |
|    loss                 | 8.36e+03     |
|    n_updates            | 3550         |
|    policy_gradient_loss | -0.00328     |
|    value_loss           | 1.73e+04     |
------------------------------------------
-----------------------------------------
| rollout/                |             |
|    ep_len_mean          | 720         |
|    ep_rew_mean          | 2.06e+03    |
| time/                   |             |
|    fps                  | 91          |
|    iterations           | 357         |
|    time_elapsed         | 1991        |
|    total_timesteps      | 182784      |
| train/                  |             |
|    approx_kl            | 0.004167849 |
|    clip_fraction        | 0.0229      |
|    clip_range           | 0.2         |
|    entropy_loss         | -0.674      |
|    explained_variance   | 0.0265      |
|    learning_rate        | 0.0003      |
|    loss                 | 5.71e+03    |
|    n_updates            | 3560        |
|    policy_gradient_loss | -0.00643    |
|    value_loss           | 1.08e+04    |
-----------------------------------------
------------------------------------------
| rollout/                |              |
|    ep_len_mean          | 720          |
|    ep_rew_mean          | 2.04e+03     |
| time/                   |              |
|    fps                  | 91           |
|    iterations           | 358          |
|    time_elapsed         | 1996         |
|    total_timesteps      | 183296       |
| train/                  |              |
|    approx_kl            | 0.0005014816 |
|    clip_fraction        | 0.000391     |
|    clip_range           | 0.2          |
|    entropy_loss         | -0.696       |
|    explained_variance   | 0.234        |
|    learning_rate        | 0.0003       |
|    loss                 | 6e+03        |
|    n_updates            | 3570         |
|    policy_gradient_loss | -0.00158     |
|    value_loss           | 1.3e+04      |
------------------------------------------
-------------------------------------------
| rollout/                |               |
|    ep_len_mean          | 720           |
|    ep_rew_mean          | 2.05e+03      |
| time/                   |               |
|    fps                  | 91            |
|    iterations           | 359           |
|    time_elapsed         | 2002          |
|    total_timesteps      | 183808        |
| train/                  |               |
|    approx_kl            | 0.00063352496 |
|    clip_fraction        | 0.000195      |
|    clip_range           | 0.2           |
|    entropy_loss         | -0.753        |
|    explained_variance   | 0.643         |
|    learning_rate        | 0.0003        |
|    loss                 | 2.85e+03      |
|    n_updates            | 3580          |
|    policy_gradient_loss | -0.00208      |
|    value_loss           | 7.99e+03      |
-------------------------------------------
------------------------------------------
| rollout/                |              |
|    ep_len_mean          | 720          |
|    ep_rew_mean          | 2.05e+03     |
| time/                   |              |
|    fps                  | 91           |
|    iterations           | 360          |
|    time_elapsed         | 2007         |
|    total_timesteps      | 184320       |
| train/                  |              |
|    approx_kl            | 0.0033413817 |
|    clip_fraction        | 0.0316       |
|    clip_range           | 0.2          |
|    entropy_loss         | -0.713       |
|    explained_variance   | 0.543        |
|    learning_rate        | 0.0003       |
|    loss                 | 4.06e+03     |
|    n_updates            | 3590         |
|    policy_gradient_loss | -0.00536     |
|    value_loss           | 9.01e+03     |
------------------------------------------
-----------------------------------------
| rollout/                |             |
|    ep_len_mean          | 720         |
|    ep_rew_mean          | 2.05e+03    |
| time/                   |             |
|    fps                  | 91          |
|    iterations           | 361         |
|    time_elapsed         | 2013        |
|    total_timesteps      | 184832      |
| train/                  |             |
|    approx_kl            | 0.001240816 |
|    clip_fraction        | 0.0043      |
|    clip_range           | 0.2         |
|    entropy_loss         | -0.513      |
|    explained_variance   | 0.418       |
|    learning_rate        | 0.0003      |
|    loss                 | 6.04e+03    |
|    n_updates            | 3600        |
|    policy_gradient_loss | -0.0033     |
|    value_loss           | 1.53e+04    |
-----------------------------------------
-------------------------------------------
| rollout/                |               |
|    ep_len_mean          | 720           |
|    ep_rew_mean          | 2.04e+03      |
| time/                   |               |
|    fps                  | 91            |
|    iterations           | 362           |
|    time_elapsed         | 2018          |
|    total_timesteps      | 185344        |
| train/                  |               |
|    approx_kl            | 0.00076194137 |
|    clip_fraction        | 0             |
|    clip_range           | 0.2           |
|    entropy_loss         | -0.784        |
|    explained_variance   | 0.73          |
|    learning_rate        | 0.0003        |
|    loss                 | 4.05e+03      |
|    n_updates            | 3610          |
|    policy_gradient_loss | -0.00145      |
|    value_loss           | 1.09e+04      |
-------------------------------------------
------------------------------------------
| rollout/                |              |
|    ep_len_mean          | 720          |
|    ep_rew_mean          | 2.04e+03     |
| time/                   |              |
|    fps                  | 91           |
|    iterations           | 363          |
|    time_elapsed         | 2024         |
|    total_timesteps      | 185856       |
| train/                  |              |
|    approx_kl            | 0.0003541013 |
|    clip_fraction        | 0            |
|    clip_range           | 0.2          |
|    entropy_loss         | -0.716       |
|    explained_variance   | 0.504        |
|    learning_rate        | 0.0003       |
|    loss                 | 6.53e+03     |
|    n_updates            | 3620         |
|    policy_gradient_loss | -0.00113     |
|    value_loss           | 1.22e+04     |
------------------------------------------
-------------------------------------------
| rollout/                |               |
|    ep_len_mean          | 720           |
|    ep_rew_mean          | 2.04e+03      |
| time/                   |               |
|    fps                  | 91            |
|    iterations           | 364           |
|    time_elapsed         | 2029          |
|    total_timesteps      | 186368        |
| train/                  |               |
|    approx_kl            | 0.00035590917 |
|    clip_fraction        | 0             |
|    clip_range           | 0.2           |
|    entropy_loss         | -0.61         |
|    explained_variance   | 0.67          |
|    learning_rate        | 0.0003        |
|    loss                 | 5.34e+03      |
|    n_updates            | 3630          |
|    policy_gradient_loss | -0.00164      |
|    value_loss           | 8.54e+03      |
-------------------------------------------
-------------------------------------------
| rollout/                |               |
|    ep_len_mean          | 720           |
|    ep_rew_mean          | 2.01e+03      |
| time/                   |               |
|    fps                  | 91            |
|    iterations           | 365           |
|    time_elapsed         | 2034          |
|    total_timesteps      | 186880        |
| train/                  |               |
|    approx_kl            | 0.00010690988 |
|    clip_fraction        | 0             |
|    clip_range           | 0.2           |
|    entropy_loss         | -0.703        |
|    explained_variance   | 0.816         |
|    learning_rate        | 0.0003        |
|    loss                 | 1.6e+03       |
|    n_updates            | 3640          |
|    policy_gradient_loss | -0.000856     |
|    value_loss           | 3.46e+03      |
-------------------------------------------
------------------------------------------
| rollout/                |              |
|    ep_len_mean          | 720          |
|    ep_rew_mean          | 2.03e+03     |
| time/                   |              |
|    fps                  | 91           |
|    iterations           | 366          |
|    time_elapsed         | 2040         |
|    total_timesteps      | 187392       |
| train/                  |              |
|    approx_kl            | 0.0006089157 |
|    clip_fraction        | 0.000195     |
|    clip_range           | 0.2          |
|    entropy_loss         | -0.641       |
|    explained_variance   | 0.714        |
|    learning_rate        | 0.0003       |
|    loss                 | 3.99e+03     |
|    n_updates            | 3650         |
|    policy_gradient_loss | -0.00137     |
|    value_loss           | 1.26e+04     |
------------------------------------------
------------------------------------------
| rollout/                |              |
|    ep_len_mean          | 720          |
|    ep_rew_mean          | 2.03e+03     |
| time/                   |              |
|    fps                  | 91           |
|    iterations           | 367          |
|    time_elapsed         | 2046         |
|    total_timesteps      | 187904       |
| train/                  |              |
|    approx_kl            | 0.0015290816 |
|    clip_fraction        | 0.00723      |
|    clip_range           | 0.2          |
|    entropy_loss         | -0.599       |
|    explained_variance   | 0.212        |
|    learning_rate        | 0.0003       |
|    loss                 | 8.35e+03     |
|    n_updates            | 3660         |
|    policy_gradient_loss | -0.0038      |
|    value_loss           | 1.79e+04     |
------------------------------------------
-------------------------------------------
| rollout/                |               |
|    ep_len_mean          | 720           |
|    ep_rew_mean          | 2.06e+03      |
| time/                   |               |
|    fps                  | 91            |
|    iterations           | 368           |
|    time_elapsed         | 2052          |
|    total_timesteps      | 188416        |
| train/                  |               |
|    approx_kl            | 0.00072997366 |
|    clip_fraction        | 0             |
|    clip_range           | 0.2           |
|    entropy_loss         | -0.49         |
|    explained_variance   | 0.582         |
|    learning_rate        | 0.0003        |
|    loss                 | 1.2e+04       |
|    n_updates            | 3670          |
|    policy_gradient_loss | -0.00184      |
|    value_loss           | 2.66e+04      |
-------------------------------------------
------------------------------------------
| rollout/                |              |
|    ep_len_mean          | 720          |
|    ep_rew_mean          | 2.09e+03     |
| time/                   |              |
|    fps                  | 91           |
|    iterations           | 369          |
|    time_elapsed         | 2057         |
|    total_timesteps      | 188928       |
| train/                  |              |
|    approx_kl            | 0.0007693127 |
|    clip_fraction        | 0.000781     |
|    clip_range           | 0.2          |
|    entropy_loss         | -0.531       |
|    explained_variance   | 0.548        |
|    learning_rate        | 0.0003       |
|    loss                 | 5.56e+03     |
|    n_updates            | 3680         |
|    policy_gradient_loss | -0.00183     |
|    value_loss           | 1.56e+04     |
------------------------------------------
------------------------------------------
| rollout/                |              |
|    ep_len_mean          | 720          |
|    ep_rew_mean          | 2.09e+03     |
| time/                   |              |
|    fps                  | 91           |
|    iterations           | 370          |
|    time_elapsed         | 2064         |
|    total_timesteps      | 189440       |
| train/                  |              |
|    approx_kl            | 0.0002776537 |
|    clip_fraction        | 0            |
|    clip_range           | 0.2          |
|    entropy_loss         | -0.542       |
|    explained_variance   | 0.673        |
|    learning_rate        | 0.0003       |
|    loss                 | 2.55e+03     |
|    n_updates            | 3690         |
|    policy_gradient_loss | -0.00122     |
|    value_loss           | 4.81e+03     |
------------------------------------------
-------------------------------------------
| rollout/                |               |
|    ep_len_mean          | 720           |
|    ep_rew_mean          | 2.09e+03      |
| time/                   |               |
|    fps                  | 91            |
|    iterations           | 371           |
|    time_elapsed         | 2070          |
|    total_timesteps      | 189952        |
| train/                  |               |
|    approx_kl            | 0.00045839633 |
|    clip_fraction        | 0             |
|    clip_range           | 0.2           |
|    entropy_loss         | -0.524        |
|    explained_variance   | 0.77          |
|    learning_rate        | 0.0003        |
|    loss                 | 2.02e+03      |
|    n_updates            | 3700          |
|    policy_gradient_loss | -0.00125      |
|    value_loss           | 6.2e+03       |
-------------------------------------------
--------------------------------------------
| rollout/                |                |
|    ep_len_mean          | 720            |
|    ep_rew_mean          | 2.09e+03       |
| time/                   |                |
|    fps                  | 91             |
|    iterations           | 372            |
|    time_elapsed         | 2076           |
|    total_timesteps      | 190464         |
| train/                  |                |
|    approx_kl            | 0.000106489344 |
|    clip_fraction        | 0              |
|    clip_range           | 0.2            |
|    entropy_loss         | -0.496         |
|    explained_variance   | 0.532          |
|    learning_rate        | 0.0003         |
|    loss                 | 2.69e+03       |
|    n_updates            | 3710           |
|    policy_gradient_loss | -0.000628      |
|    value_loss           | 6.52e+03       |
--------------------------------------------
-------------------------------------------
| rollout/                |               |
|    ep_len_mean          | 720           |
|    ep_rew_mean          | 2.05e+03      |
| time/                   |               |
|    fps                  | 91            |
|    iterations           | 373           |
|    time_elapsed         | 2081          |
|    total_timesteps      | 190976        |
| train/                  |               |
|    approx_kl            | 0.00037054095 |
|    clip_fraction        | 0             |
|    clip_range           | 0.2           |
|    entropy_loss         | -0.677        |
|    explained_variance   | 0.837         |
|    learning_rate        | 0.0003        |
|    loss                 | 2.81e+03      |
|    n_updates            | 3720          |
|    policy_gradient_loss | -0.000738     |
|    value_loss           | 7.45e+03      |
-------------------------------------------
------------------------------------------
| rollout/                |              |
|    ep_len_mean          | 720          |
|    ep_rew_mean          | 2.05e+03     |
| time/                   |              |
|    fps                  | 91           |
|    iterations           | 374          |
|    time_elapsed         | 2087         |
|    total_timesteps      | 191488       |
| train/                  |              |
|    approx_kl            | 0.0008482722 |
|    clip_fraction        | 0.000391     |
|    clip_range           | 0.2          |
|    entropy_loss         | -0.534       |
|    explained_variance   | 0.742        |
|    learning_rate        | 0.0003       |
|    loss                 | 1.51e+03     |
|    n_updates            | 3730         |
|    policy_gradient_loss | -0.00139     |
|    value_loss           | 4.59e+03     |
------------------------------------------
-------------------------------------------
| rollout/                |               |
|    ep_len_mean          | 720           |
|    ep_rew_mean          | 2.06e+03      |
| time/                   |               |
|    fps                  | 91            |
|    iterations           | 375           |
|    time_elapsed         | 2092          |
|    total_timesteps      | 192000        |
| train/                  |               |
|    approx_kl            | 0.00025038858 |
|    clip_fraction        | 0             |
|    clip_range           | 0.2           |
|    entropy_loss         | -0.6          |
|    explained_variance   | 0.745         |
|    learning_rate        | 0.0003        |
|    loss                 | 5.74e+03      |
|    n_updates            | 3740          |
|    policy_gradient_loss | -0.000984     |
|    value_loss           | 1.46e+04      |
-------------------------------------------
------------------------------------------
| rollout/                |              |
|    ep_len_mean          | 720          |
|    ep_rew_mean          | 2.06e+03     |
| time/                   |              |
|    fps                  | 91           |
|    iterations           | 376          |
|    time_elapsed         | 2098         |
|    total_timesteps      | 192512       |
| train/                  |              |
|    approx_kl            | 0.0015825408 |
|    clip_fraction        | 0.000977     |
|    clip_range           | 0.2          |
|    entropy_loss         | -0.597       |
|    explained_variance   | 0.709        |
|    learning_rate        | 0.0003       |
|    loss                 | 5.25e+03     |
|    n_updates            | 3750         |
|    policy_gradient_loss | -0.00216     |
|    value_loss           | 1.3e+04      |
------------------------------------------
-------------------------------------------
| rollout/                |               |
|    ep_len_mean          | 720           |
|    ep_rew_mean          | 2.05e+03      |
| time/                   |               |
|    fps                  | 91            |
|    iterations           | 377           |
|    time_elapsed         | 2105          |
|    total_timesteps      | 193024        |
| train/                  |               |
|    approx_kl            | 0.00028850022 |
|    clip_fraction        | 0.000391      |
|    clip_range           | 0.2           |
|    entropy_loss         | -0.603        |
|    explained_variance   | 0.855         |
|    learning_rate        | 0.0003        |
|    loss                 | 1.91e+03      |
|    n_updates            | 3760          |
|    policy_gradient_loss | -0.00143      |
|    value_loss           | 5.3e+03       |
-------------------------------------------
------------------------------------------
| rollout/                |              |
|    ep_len_mean          | 720          |
|    ep_rew_mean          | 2.05e+03     |
| time/                   |              |
|    fps                  | 91           |
|    iterations           | 378          |
|    time_elapsed         | 2111         |
|    total_timesteps      | 193536       |
| train/                  |              |
|    approx_kl            | 0.0003066828 |
|    clip_fraction        | 0            |
|    clip_range           | 0.2          |
|    entropy_loss         | -0.547       |
|    explained_variance   | 0.752        |
|    learning_rate        | 0.0003       |
|    loss                 | 2.28e+03     |
|    n_updates            | 3770         |
|    policy_gradient_loss | -0.00143     |
|    value_loss           | 6.84e+03     |
------------------------------------------
------------------------------------------
| rollout/                |              |
|    ep_len_mean          | 720          |
|    ep_rew_mean          | 2.06e+03     |
| time/                   |              |
|    fps                  | 91           |
|    iterations           | 379          |
|    time_elapsed         | 2117         |
|    total_timesteps      | 194048       |
| train/                  |              |
|    approx_kl            | 0.0005931769 |
|    clip_fraction        | 0.000977     |
|    clip_range           | 0.2          |
|    entropy_loss         | -0.528       |
|    explained_variance   | 0.688        |
|    learning_rate        | 0.0003       |
|    loss                 | 6.88e+03     |
|    n_updates            | 3780         |
|    policy_gradient_loss | -0.00178     |
|    value_loss           | 1.46e+04     |
------------------------------------------
-------------------------------------------
| rollout/                |               |
|    ep_len_mean          | 720           |
|    ep_rew_mean          | 2.08e+03      |
| time/                   |               |
|    fps                  | 91            |
|    iterations           | 380           |
|    time_elapsed         | 2122          |
|    total_timesteps      | 194560        |
| train/                  |               |
|    approx_kl            | 0.00025969296 |
|    clip_fraction        | 0             |
|    clip_range           | 0.2           |
|    entropy_loss         | -0.482        |
|    explained_variance   | 0.787         |
|    learning_rate        | 0.0003        |
|    loss                 | 2.77e+03      |
|    n_updates            | 3790          |
|    policy_gradient_loss | -0.000685     |
|    value_loss           | 8.3e+03       |
-------------------------------------------
------------------------------------------
| rollout/                |              |
|    ep_len_mean          | 720          |
|    ep_rew_mean          | 2.08e+03     |
| time/                   |              |
|    fps                  | 91           |
|    iterations           | 381          |
|    time_elapsed         | 2128         |
|    total_timesteps      | 195072       |
| train/                  |              |
|    approx_kl            | 0.0008103929 |
|    clip_fraction        | 0.000586     |
|    clip_range           | 0.2          |
|    entropy_loss         | -0.59        |
|    explained_variance   | 0.526        |
|    learning_rate        | 0.0003       |
|    loss                 | 1.04e+04     |
|    n_updates            | 3800         |
|    policy_gradient_loss | -0.00237     |
|    value_loss           | 1.85e+04     |
------------------------------------------
------------------------------------------
| rollout/                |              |
|    ep_len_mean          | 720          |
|    ep_rew_mean          | 2.08e+03     |
| time/                   |              |
|    fps                  | 91           |
|    iterations           | 382          |
|    time_elapsed         | 2134         |
|    total_timesteps      | 195584       |
| train/                  |              |
|    approx_kl            | 0.0011711908 |
|    clip_fraction        | 0.00449      |
|    clip_range           | 0.2          |
|    entropy_loss         | -0.472       |
|    explained_variance   | 0.257        |
|    learning_rate        | 0.0003       |
|    loss                 | 5.85e+03     |
|    n_updates            | 3810         |
|    policy_gradient_loss | -0.00281     |
|    value_loss           | 1.48e+04     |
------------------------------------------
-----------------------------------------
| rollout/                |             |
|    ep_len_mean          | 720         |
|    ep_rew_mean          | 2.09e+03    |
| time/                   |             |
|    fps                  | 91          |
|    iterations           | 383         |
|    time_elapsed         | 2140        |
|    total_timesteps      | 196096      |
| train/                  |             |
|    approx_kl            | 0.001026287 |
|    clip_fraction        | 0.00684     |
|    clip_range           | 0.2         |
|    entropy_loss         | -0.514      |
|    explained_variance   | 0.461       |
|    learning_rate        | 0.0003      |
|    loss                 | 7.44e+03    |
|    n_updates            | 3820        |
|    policy_gradient_loss | -0.00341    |
|    value_loss           | 1.82e+04    |
-----------------------------------------
------------------------------------------
| rollout/                |              |
|    ep_len_mean          | 720          |
|    ep_rew_mean          | 2.07e+03     |
| time/                   |              |
|    fps                  | 91           |
|    iterations           | 384          |
|    time_elapsed         | 2145         |
|    total_timesteps      | 196608       |
| train/                  |              |
|    approx_kl            | 0.0011254108 |
|    clip_fraction        | 0.00176      |
|    clip_range           | 0.2          |
|    entropy_loss         | -0.551       |
|    explained_variance   | 0.405        |
|    learning_rate        | 0.0003       |
|    loss                 | 1.55e+03     |
|    n_updates            | 3830         |
|    policy_gradient_loss | -0.00316     |
|    value_loss           | 3.61e+03     |
------------------------------------------
-----------------------------------------
| rollout/                |             |
|    ep_len_mean          | 720         |
|    ep_rew_mean          | 2.07e+03    |
| time/                   |             |
|    fps                  | 91          |
|    iterations           | 385         |
|    time_elapsed         | 2151        |
|    total_timesteps      | 197120      |
| train/                  |             |
|    approx_kl            | 0.000514696 |
|    clip_fraction        | 0           |
|    clip_range           | 0.2         |
|    entropy_loss         | -0.534      |
|    explained_variance   | 0.782       |
|    learning_rate        | 0.0003      |
|    loss                 | 1.74e+03    |
|    n_updates            | 3840        |
|    policy_gradient_loss | -0.00158    |
|    value_loss           | 4.48e+03    |
-----------------------------------------
------------------------------------------
| rollout/                |              |
|    ep_len_mean          | 720          |
|    ep_rew_mean          | 2.07e+03     |
| time/                   |              |
|    fps                  | 91           |
|    iterations           | 386          |
|    time_elapsed         | 2156         |
|    total_timesteps      | 197632       |
| train/                  |              |
|    approx_kl            | 0.0009609868 |
|    clip_fraction        | 0.00781      |
|    clip_range           | 0.2          |
|    entropy_loss         | -0.515       |
|    explained_variance   | 0.602        |
|    learning_rate        | 0.0003       |
|    loss                 | 2.24e+03     |
|    n_updates            | 3850         |
|    policy_gradient_loss | -0.00293     |
|    value_loss           | 7.36e+03     |
------------------------------------------
------------------------------------------
| rollout/                |              |
|    ep_len_mean          | 720          |
|    ep_rew_mean          | 2.07e+03     |
| time/                   |              |
|    fps                  | 91           |
|    iterations           | 387          |
|    time_elapsed         | 2161         |
|    total_timesteps      | 198144       |
| train/                  |              |
|    approx_kl            | 0.0038821525 |
|    clip_fraction        | 0.0391       |
|    clip_range           | 0.2          |
|    entropy_loss         | -0.651       |
|    explained_variance   | 0.0575       |
|    learning_rate        | 0.0003       |
|    loss                 | 9.74e+03     |
|    n_updates            | 3860         |
|    policy_gradient_loss | -0.00993     |
|    value_loss           | 2.15e+04     |
------------------------------------------
------------------------------------------
| rollout/                |              |
|    ep_len_mean          | 720          |
|    ep_rew_mean          | 2.07e+03     |
| time/                   |              |
|    fps                  | 91           |
|    iterations           | 388          |
|    time_elapsed         | 2165         |
|    total_timesteps      | 198656       |
| train/                  |              |
|    approx_kl            | 0.0018015332 |
|    clip_fraction        | 0.00957      |
|    clip_range           | 0.2          |
|    entropy_loss         | -0.653       |
|    explained_variance   | 0.522        |
|    learning_rate        | 0.0003       |
|    loss                 | 7.65e+03     |
|    n_updates            | 3870         |
|    policy_gradient_loss | -0.00526     |
|    value_loss           | 1.56e+04     |
------------------------------------------
------------------------------------------
| rollout/                |              |
|    ep_len_mean          | 720          |
|    ep_rew_mean          | 2.07e+03     |
| time/                   |              |
|    fps                  | 91           |
|    iterations           | 389          |
|    time_elapsed         | 2170         |
|    total_timesteps      | 199168       |
| train/                  |              |
|    approx_kl            | 0.0013603983 |
|    clip_fraction        | 0.00176      |
|    clip_range           | 0.2          |
|    entropy_loss         | -0.509       |
|    explained_variance   | 0.622        |
|    learning_rate        | 0.0003       |
|    loss                 | 6.05e+03     |
|    n_updates            | 3880         |
|    policy_gradient_loss | -0.00267     |
|    value_loss           | 8.63e+03     |
------------------------------------------
------------------------------------------
| rollout/                |              |
|    ep_len_mean          | 720          |
|    ep_rew_mean          | 2.05e+03     |
| time/                   |              |
|    fps                  | 91           |
|    iterations           | 390          |
|    time_elapsed         | 2175         |
|    total_timesteps      | 199680       |
| train/                  |              |
|    approx_kl            | 0.0014242587 |
|    clip_fraction        | 0.0199       |
|    clip_range           | 0.2          |
|    entropy_loss         | -0.519       |
|    explained_variance   | 0.732        |
|    learning_rate        | 0.0003       |
|    loss                 | 6.39e+03     |
|    n_updates            | 3890         |
|    policy_gradient_loss | -0.00587     |
|    value_loss           | 1.27e+04     |
------------------------------------------
------------------------------------------
| rollout/                |              |
|    ep_len_mean          | 720          |
|    ep_rew_mean          | 2.03e+03     |
| time/                   |              |
|    fps                  | 91           |
|    iterations           | 391          |
|    time_elapsed         | 2181         |
|    total_timesteps      | 200192       |
| train/                  |              |
|    approx_kl            | 0.0020538531 |
|    clip_fraction        | 0.000977     |
|    clip_range           | 0.2          |
|    entropy_loss         | -0.588       |
|    explained_variance   | 0.831        |
|    learning_rate        | 0.0003       |
|    loss                 | 1.55e+03     |
|    n_updates            | 3900         |
|    policy_gradient_loss | -0.00328     |
|    value_loss           | 4.41e+03     |
------------------------------------------
[17:07:01] saved model -> output\rl_ppo\ppo_phase1_720h_inj80_ts200000.zip
[17:07:01] evaluating vs baselines ...
policy            storage%   loss%  shortfall EUR      total EUR
----------------------------------------------------------------
idle                  2.2%   56.3%              0      5,563,833
greedy_shuttle       82.0%    0.7%              0      1,528,595
ppo                   2.2%   56.3%              0      5,563,833
[17:07:22] DONE. results in output\rl_ppo
