controller,test_seed,event_index,hour,vessel_id,greedy_native_action,greedy_action_label,selected_native_action,selected_action_label,physical_action_changed,joint_action_index,candidate_joint_action_index,accepted_override,active_policy_window,head_agreement,positive_heads,ensemble_advantage,advantage_std,lower_confidence_advantage
greedy,9000031,0,0.0,northern_pathfinder,0,Wait,0,Wait,0,215,215,0,,0,0,0.0,0.0,0.0
greedy,9000031,0,0.0,northern_phoenix,0,Wait,0,Wait,0,215,215,0,,0,0,0.0,0.0,0.0
greedy,9000031,0,0.0,northern_pioneer,0,Wait,0,Wait,0,215,215,0,,0,0,0.0,0.0,0.0
greedy,9000031,1,1.0,northern_pathfinder,0,Wait,0,Wait,0,215,215,0,,0,0,0.0,0.0,0.0
greedy,9000031,1,1.0,northern_phoenix,0,Wait,0,Wait,0,215,215,0,,0,0,0.0,0.0,0.0
greedy,9000031,1,1.0,northern_pioneer,0,Wait,0,Wait,0,215,215,0,,0,0,0.0,0.0,0.0
greedy,9000031,2,2.0,northern_pathfinder,0,Wait,0,Wait,0,215,215,0,,0,0,0.0,0.0,0.0
greedy,9000031,2,2.0,northern_phoenix,0,Wait,0,Wait,0,215,215,0,,0,0,0.0,0.0,0.0
greedy,9000031,2,2.0,northern_pioneer,0,Wait,0,Wait,0,215,215,0,,0,0,0.0,0.0,0.0
greedy,9000031,3,3.0,northern_pathfinder,0,Wait,0,Wait,0,215,215,0,,0,0,0.0,0.0,0.0
greedy,9000031,3,3.0,northern_phoenix,0,Wait,0,Wait,0,215,215,0,,0,0,0.0,0.0,0.0
greedy,9000031,3,3.0,northern_pioneer,0,Wait,0,Wait,0,215,215,0,,0,0,0.0,0.0,0.0
greedy,9000031,4,4.0,northern_pathfinder,0,Wait,0,Wait,0,215,215,0,,0,0,0.0,0.0,0.0
greedy,9000031,4,4.0,northern_phoenix,0,Wait,0,Wait,0,215,215,0,,0,0,0.0,0.0,0.0
greedy,9000031,4,4.0,northern_pioneer,0,Wait,0,Wait,0,215,215,0,,0,0,0.0,0.0,0.0
greedy,9000031,5,5.0,northern_pathfinder,0,Wait,0,Wait,0,215,215,0,,0,0,0.0,0.0,0.0
greedy,9000031,5,5.0,northern_phoenix,0,Wait,0,Wait,0,215,215,0,,0,0,0.0,0.0,0.0
greedy,9000031,5,5.0,northern_pioneer,0,Wait,0,Wait,0,215,215,0,,0,0,0.0,0.0,0.0
greedy,9000031,6,6.0,northern_pathfinder,0,Wait,0,Wait,0,215,215,0,,0,0,0.0,0.0,0.0
greedy,9000031,6,6.0,northern_phoenix,0,Wait,0,Wait,0,215,215,0,,0,0,0.0,0.0,0.0
greedy,9000031,6,6.0,northern_pioneer,0,Wait,0,Wait,0,215,215,0,,0,0,0.0,0.0,0.0
greedy,9000031,7,7.0,northern_pathfinder,0,Wait,0,Wait,0,215,215,0,,0,0,0.0,0.0,0.0
greedy,9000031,7,7.0,northern_phoenix,0,Wait,0,Wait,0,215,215,0,,0,0,0.0,0.0,0.0
greedy,9000031,7,7.0,northern_pioneer,0,Wait,0,Wait,0,215,215,0,,0,0,0.0,0.0,0.0
greedy,9000031,8,8.0,northern_pathfinder,0,Wait,0,Wait,0,215,215,0,,0,0,0.0,0.0,0.0
greedy,9000031,8,8.0,northern_phoenix,0,Wait,0,Wait,0,215,215,0,,0,0,0.0,0.0,0.0
greedy,9000031,8,8.0,northern_pioneer,0,Wait,0,Wait,0,215,215,0,,0,0,0.0,0.0,0.0
greedy,9000031,9,9.0,northern_pathfinder,0,Wait,0,Wait,0,215,215,0,,0,0,0.0,0.0,0.0
greedy,9000031,9,9.0,northern_phoenix,0,Wait,0,Wait,0,215,215,0,,0,0,0.0,0.0,0.0
greedy,9000031,9,9.0,northern_pioneer,0,Wait,0,Wait,0,215,215,0,,0,0,0.0,0.0,0.0
greedy,9000031,10,10.0,northern_pathfinder,0,Wait,0,Wait,0,215,215,0,,0,0,0.0,0.0,0.0
greedy,9000031,10,10.0,northern_phoenix,1,Terminal,1,Terminal,0,215,215,0,,0,0,0.0,0.0,0.0
greedy,9000031,10,10.0,northern_pioneer,0,Wait,0,Wait,0,215,215,0,,0,0,0.0,0.0,0.0
greedy,9000031,11,11.0,northern_pathfinder,0,Wait,0,Wait,0,215,215,0,,0,0,0.0,0.0,0.0
greedy,9000031,11,11.0,northern_phoenix,0,Wait,0,Wait,0,215,215,0,,0,0,0.0,0.0,0.0
greedy,9000031,11,11.0,northern_pioneer,0,Wait,0,Wait,0,215,215,0,,0,0,0.0,0.0,0.0
greedy,9000031,12,12.0,northern_pathfinder,0,Wait,0,Wait,0,215,215,0,,0,0,0.0,0.0,0.0
greedy,9000031,12,12.0,northern_phoenix,0,Wait,0,Wait,0,215,215,0,,0,0,0.0,0.0,0.0
greedy,9000031,12,12.0,northern_pioneer,0,Wait,0,Wait,0,215,215,0,,0,0,0.0,0.0,0.0
greedy,9000031,13,13.0,northern_pathfinder,0,Wait,0,Wait,0,215,215,0,,0,0,0.0,0.0,0.0
greedy,9000031,13,13.0,northern_phoenix,0,Wait,0,Wait,0,215,215,0,,0,0,0.0,0.0,0.0
greedy,9000031,13,13.0,northern_pioneer,0,Wait,0,Wait,0,215,215,0,,0,0,0.0,0.0,0.0
greedy,9000031,14,14.0,northern_pathfinder,0,Wait,0,Wait,0,215,215,0,,0,0,0.0,0.0,0.0
greedy,9000031,14,14.0,northern_phoenix,0,Wait,0,Wait,0,215,215,0,,0,0,0.0,0.0,0.0
greedy,9000031,14,14.0,northern_pioneer,0,Wait,0,Wait,0,215,215,0,,0,0,0.0,0.0,0.0
greedy,9000031,15,15.0,northern_pathfinder,0,Wait,0,Wait,0,215,215,0,,0,0,0.0,0.0,0.0
greedy,9000031,15,15.0,northern_phoenix,0,Wait,0,Wait,0,215,215,0,,0,0,0.0,0.0,0.0
greedy,9000031,15,15.0,northern_pioneer,0,Wait,0,Wait,0,215,215,0,,0,0,0.0,0.0,0.0
greedy,9000031,16,16.0,northern_pathfinder,4,Yara Sluiskil,4,Yara Sluiskil,0,215,215,0,,0,0,0.0,0.0,0.0
greedy,9000031,16,16.0,northern_phoenix,0,Wait,0,Wait,0,215,215,0,,0,0,0.0,0.0,0.0
greedy,9000031,16,16.0,northern_pioneer,0,Wait,0,Wait,0,215,215,0,,0,0,0.0,0.0,0.0
greedy,9000031,17,17.0,northern_pathfinder,0,Wait,0,Wait,0,215,215,0,,0,0,0.0,0.0,0.0
greedy,9000031,17,17.0,northern_phoenix,0,Wait,0,Wait,0,215,215,0,,0,0,0.0,0.0,0.0
greedy,9000031,17,17.0,northern_pioneer,0,Wait,0,Wait,0,215,215,0,,0,0,0.0,0.0,0.0
greedy,9000031,18,18.0,northern_pathfinder,0,Wait,0,Wait,0,215,215,0,,0,0,0.0,0.0,0.0
greedy,9000031,18,18.0,northern_phoenix,0,Wait,0,Wait,0,215,215,0,,0,0,0.0,0.0,0.0
greedy,9000031,18,18.0,northern_pioneer,0,Wait,0,Wait,0,215,215,0,,0,0,0.0,0.0,0.0
greedy,9000031,19,19.0,northern_pathfinder,0,Wait,0,Wait,0,215,215,0,,0,0,0.0,0.0,0.0
greedy,9000031,19,19.0,northern_phoenix,0,Wait,0,Wait,0,215,215,0,,0,0,0.0,0.0,0.0
greedy,9000031,19,19.0,northern_pioneer,0,Wait,0,Wait,0,215,215,0,,0,0,0.0,0.0,0.0
greedy,9000031,20,20.0,northern_pathfinder,0,Wait,0,Wait,0,215,215,0,,0,0,0.0,0.0,0.0
greedy,9000031,20,20.0,northern_phoenix,0,Wait,0,Wait,0,215,215,0,,0,0,0.0,0.0,0.0
greedy,9000031,20,20.0,northern_pioneer,0,Wait,0,Wait,0,215,215,0,,0,0,0.0,0.0,0.0
greedy,9000031,21,21.0,northern_pathfinder,0,Wait,0,Wait,0,215,215,0,,0,0,0.0,0.0,0.0
greedy,9000031,21,21.0,northern_phoenix,0,Wait,0,Wait,0,215,215,0,,0,0,0.0,0.0,0.0
greedy,9000031,21,21.0,northern_pioneer,0,Wait,0,Wait,0,215,215,0,,0,0,0.0,0.0,0.0
greedy,9000031,22,22.0,northern_pathfinder,0,Wait,0,Wait,0,215,215,0,,0,0,0.0,0.0,0.0
greedy,9000031,22,22.0,northern_phoenix,0,Wait,0,Wait,0,215,215,0,,0,0,0.0,0.0,0.0
greedy,9000031,22,22.0,northern_pioneer,0,Wait,0,Wait,0,215,215,0,,0,0,0.0,0.0,0.0
greedy,9000031,23,23.0,northern_pathfinder,0,Wait,0,Wait,0,215,215,0,,0,0,0.0,0.0,0.0
greedy,9000031,23,23.0,northern_phoenix,0,Wait,0,Wait,0,215,215,0,,0,0,0.0,0.0,0.0
greedy,9000031,23,23.0,northern_pioneer,0,Wait,0,Wait,0,215,215,0,,0,0,0.0,0.0,0.0
greedy,9000031,24,24.0,northern_pathfinder,0,Wait,0,Wait,0,215,215,0,,0,0,0.0,0.0,0.0
greedy,9000031,24,24.0,northern_phoenix,0,Wait,0,Wait,0,215,215,0,,0,0,0.0,0.0,0.0
greedy,9000031,24,24.0,northern_pioneer,0,Wait,0,Wait,0,215,215,0,,0,0,0.0,0.0,0.0
greedy,9000031,25,25.0,northern_pathfinder,0,Wait,0,Wait,0,215,215,0,,0,0,0.0,0.0,0.0
greedy,9000031,25,25.0,northern_phoenix,0,Wait,0,Wait,0,215,215,0,,0,0,0.0,0.0,0.0
greedy,9000031,25,25.0,northern_pioneer,0,Wait,0,Wait,0,215,215,0,,0,0,0.0,0.0,0.0
greedy,9000031,26,26.0,northern_pathfinder,0,Wait,0,Wait,0,215,215,0,,0,0,0.0,0.0,0.0
greedy,9000031,26,26.0,northern_phoenix,0,Wait,0,Wait,0,215,215,0,,0,0,0.0,0.0,0.0
greedy,9000031,26,26.0,northern_pioneer,0,Wait,0,Wait,0,215,215,0,,0,0,0.0,0.0,0.0
greedy,9000031,27,27.0,northern_pathfinder,0,Wait,0,Wait,0,215,215,0,,0,0,0.0,0.0,0.0
greedy,9000031,27,27.0,northern_phoenix,0,Wait,0,Wait,0,215,215,0,,0,0,0.0,0.0,0.0
greedy,9000031,27,27.0,northern_pioneer,0,Wait,0,Wait,0,215,215,0,,0,0,0.0,0.0,0.0
greedy,9000031,28,28.0,northern_pathfinder,0,Wait,0,Wait,0,215,215,0,,0,0,0.0,0.0,0.0
greedy,9000031,28,28.0,northern_phoenix,0,Wait,0,Wait,0,215,215,0,,0,0,0.0,0.0,0.0
greedy,9000031,28,28.0,northern_pioneer,0,Wait,0,Wait,0,215,215,0,,0,0,0.0,0.0,0.0
greedy,9000031,29,29.0,northern_pathfinder,0,Wait,0,Wait,0,215,215,0,,0,0,0.0,0.0,0.0
greedy,9000031,29,29.0,northern_phoenix,0,Wait,0,Wait,0,215,215,0,,0,0,0.0,0.0,0.0
greedy,9000031,29,29.0,northern_pioneer,0,Wait,0,Wait,0,215,215,0,,0,0,0.0,0.0,0.0
greedy,9000031,30,30.0,northern_pathfinder,0,Wait,0,Wait,0,215,215,0,,0,0,0.0,0.0,0.0
greedy,9000031,30,30.0,northern_phoenix,0,Wait,0,Wait,0,215,215,0,,0,0,0.0,0.0,0.0
greedy,9000031,30,30.0,northern_pioneer,0,Wait,0,Wait,0,215,215,0,,0,0,0.0,0.0,0.0
greedy,9000031,31,31.0,northern_pathfinder,0,Wait,0,Wait,0,215,215,0,,0,0,0.0,0.0,0.0
greedy,9000031,31,31.0,northern_phoenix,0,Wait,0,Wait,0,215,215,0,,0,0,0.0,0.0,0.0
greedy,9000031,31,31.0,northern_pioneer,0,Wait,0,Wait,0,215,215,0,,0,0,0.0,0.0,0.0
greedy,9000031,32,32.0,northern_pathfinder,0,Wait,0,Wait,0,215,215,0,,0,0,0.0,0.0,0.0
greedy,9000031,32,32.0,northern_phoenix,0,Wait,0,Wait,0,215,215,0,,0,0,0.0,0.0,0.0
greedy,9000031,32,32.0,northern_pioneer,0,Wait,0,Wait,0,215,215,0,,0,0,0.0,0.0,0.0
greedy,9000031,33,33.0,northern_pathfinder,0,Wait,0,Wait,0,215,215,0,,0,0,0.0,0.0,0.0
greedy,9000031,33,33.0,northern_phoenix,0,Wait,0,Wait,0,215,215,0,,0,0,0.0,0.0,0.0
greedy,9000031,33,33.0,northern_pioneer,0,Wait,0,Wait,0,215,215,0,,0,0,0.0,0.0,0.0
greedy,9000031,34,34.0,northern_pathfinder,0,Wait,0,Wait,0,215,215,0,,0,0,0.0,0.0,0.0
greedy,9000031,34,34.0,northern_phoenix,0,Wait,0,Wait,0,215,215,0,,0,0,0.0,0.0,0.0
greedy,9000031,34,34.0,northern_pioneer,0,Wait,0,Wait,0,215,215,0,,0,0,0.0,0.0,0.0
greedy,9000031,35,35.0,northern_pathfinder,0,Wait,0,Wait,0,215,215,0,,0,0,0.0,0.0,0.0
greedy,9000031,35,35.0,northern_phoenix,0,Wait,0,Wait,0,215,215,0,,0,0,0.0,0.0,0.0
greedy,9000031,35,35.0,northern_pioneer,0,Wait,0,Wait,0,215,215,0,,0,0,0.0,0.0,0.0
greedy,9000031,36,36.0,northern_pathfinder,0,Wait,0,Wait,0,215,215,0,,0,0,0.0,0.0,0.0
greedy,9000031,36,36.0,northern_phoenix,0,Wait,0,Wait,0,215,215,0,,0,0,0.0,0.0,0.0
greedy,9000031,36,36.0,northern_pioneer,0,Wait,0,Wait,0,215,215,0,,0,0,0.0,0.0,0.0
greedy,9000031,37,37.0,northern_pathfinder,0,Wait,0,Wait,0,215,215,0,,0,0,0.0,0.0,0.0
greedy,9000031,37,37.0,northern_phoenix,0,Wait,0,Wait,0,215,215,0,,0,0,0.0,0.0,0.0
greedy,9000031,37,37.0,northern_pioneer,0,Wait,0,Wait,0,215,215,0,,0,0,0.0,0.0,0.0
greedy,9000031,38,38.0,northern_pathfinder,0,Wait,0,Wait,0,215,215,0,,0,0,0.0,0.0,0.0
greedy,9000031,38,38.0,northern_phoenix,0,Wait,0,Wait,0,215,215,0,,0,0,0.0,0.0,0.0
greedy,9000031,38,38.0,northern_pioneer,0,Wait,0,Wait,0,215,215,0,,0,0,0.0,0.0,0.0
greedy,9000031,39,39.0,northern_pathfinder,0,Wait,0,Wait,0,215,215,0,,0,0,0.0,0.0,0.0
greedy,9000031,39,39.0,northern_phoenix,0,Wait,0,Wait,0,215,215,0,,0,0,0.0,0.0,0.0
greedy,9000031,39,39.0,northern_pioneer,0,Wait,0,Wait,0,215,215,0,,0,0,0.0,0.0,0.0
greedy,9000031,40,40.0,northern_pathfinder,0,Wait,0,Wait,0,215,215,0,,0,0,0.0,0.0,0.0
greedy,9000031,40,40.0,northern_phoenix,0,Wait,0,Wait,0,215,215,0,,0,0,0.0,0.0,0.0
greedy,9000031,40,40.0,northern_pioneer,0,Wait,0,Wait,0,215,215,0,,0,0,0.0,0.0,0.0
greedy,9000031,41,41.0,northern_pathfinder,0,Wait,0,Wait,0,215,215,0,,0,0,0.0,0.0,0.0
greedy,9000031,41,41.0,northern_phoenix,0,Wait,0,Wait,0,215,215,0,,0,0,0.0,0.0,0.0
greedy,9000031,41,41.0,northern_pioneer,0,Wait,0,Wait,0,215,215,0,,0,0,0.0,0.0,0.0
greedy,9000031,42,42.0,northern_pathfinder,0,Wait,0,Wait,0,215,215,0,,0,0,0.0,0.0,0.0
greedy,9000031,42,42.0,northern_phoenix,0,Wait,0,Wait,0,215,215,0,,0,0,0.0,0.0,0.0
greedy,9000031,42,42.0,northern_pioneer,0,Wait,0,Wait,0,215,215,0,,0,0,0.0,0.0,0.0
greedy,9000031,43,43.0,northern_pathfinder,0,Wait,0,Wait,0,215,215,0,,0,0,0.0,0.0,0.0
greedy,9000031,43,43.0,northern_phoenix,0,Wait,0,Wait,0,215,215,0,,0,0,0.0,0.0,0.0
greedy,9000031,43,43.0,northern_pioneer,0,Wait,0,Wait,0,215,215,0,,0,0,0.0,0.0,0.0
greedy,9000031,44,44.0,northern_pathfinder,0,Wait,0,Wait,0,215,215,0,,0,0,0.0,0.0,0.0
greedy,9000031,44,44.0,northern_phoenix,0,Wait,0,Wait,0,215,215,0,,0,0,0.0,0.0,0.0
greedy,9000031,44,44.0,northern_pioneer,0,Wait,0,Wait,0,215,215,0,,0,0,0.0,0.0,0.0
greedy,9000031,45,45.0,northern_pathfinder,0,Wait,0,Wait,0,215,215,0,,0,0,0.0,0.0,0.0
greedy,9000031,45,45.0,northern_phoenix,0,Wait,0,Wait,0,215,215,0,,0,0,0.0,0.0,0.0
greedy,9000031,45,45.0,northern_pioneer,0,Wait,0,Wait,0,215,215,0,,0,0,0.0,0.0,0.0
greedy,9000031,46,46.0,northern_pathfinder,0,Wait,0,Wait,0,215,215,0,,0,0,0.0,0.0,0.0
greedy,9000031,46,46.0,northern_phoenix,0,Wait,0,Wait,0,215,215,0,,0,0,0.0,0.0,0.0
greedy,9000031,46,46.0,northern_pioneer,0,Wait,0,Wait,0,215,215,0,,0,0,0.0,0.0,0.0
greedy,9000031,47,47.0,northern_pathfinder,0,Wait,0,Wait,0,215,215,0,,0,0,0.0,0.0,0.0
greedy,9000031,47,47.0,northern_phoenix,0,Wait,0,Wait,0,215,215,0,,0,0,0.0,0.0,0.0
greedy,9000031,47,47.0,northern_pioneer,0,Wait,0,Wait,0,215,215,0,,0,0,0.0,0.0,0.0
greedy,9000031,48,48.0,northern_pathfinder,0,Wait,0,Wait,0,215,215,0,,0,0,0.0,0.0,0.0
greedy,9000031,48,48.0,northern_phoenix,0,Wait,0,Wait,0,215,215,0,,0,0,0.0,0.0,0.0
greedy,9000031,48,48.0,northern_pioneer,0,Wait,0,Wait,0,215,215,0,,0,0,0.0,0.0,0.0
greedy,9000031,49,49.0,northern_pathfinder,0,Wait,0,Wait,0,215,215,0,,0,0,0.0,0.0,0.0
greedy,9000031,49,49.0,northern_phoenix,0,Wait,0,Wait,0,215,215,0,,0,0,0.0,0.0,0.0
greedy,9000031,49,49.0,northern_pioneer,0,Wait,0,Wait,0,215,215,0,,0,0,0.0,0.0,0.0
greedy,9000031,50,50.0,northern_pathfinder,0,Wait,0,Wait,0,215,215,0,,0,0,0.0,0.0,0.0
greedy,9000031,50,50.0,northern_phoenix,0,Wait,0,Wait,0,215,215,0,,0,0,0.0,0.0,0.0
greedy,9000031,50,50.0,northern_pioneer,0,Wait,0,Wait,0,215,215,0,,0,0,0.0,0.0,0.0
greedy,9000031,51,51.0,northern_pathfinder,0,Wait,0,Wait,0,215,215,0,,0,0,0.0,0.0,0.0
greedy,9000031,51,51.0,northern_phoenix,0,Wait,0,Wait,0,215,215,0,,0,0,0.0,0.0,0.0
greedy,9000031,51,51.0,northern_pioneer,0,Wait,0,Wait,0,215,215,0,,0,0,0.0,0.0,0.0
greedy,9000031,52,52.0,northern_pathfinder,0,Wait,0,Wait,0,215,215,0,,0,0,0.0,0.0,0.0
greedy,9000031,52,52.0,northern_phoenix,0,Wait,0,Wait,0,215,215,0,,0,0,0.0,0.0,0.0
greedy,9000031,52,52.0,northern_pioneer,0,Wait,0,Wait,0,215,215,0,,0,0,0.0,0.0,0.0
greedy,9000031,53,53.0,northern_pathfinder,0,Wait,0,Wait,0,215,215,0,,0,0,0.0,0.0,0.0
greedy,9000031,53,53.0,northern_phoenix,0,Wait,0,Wait,0,215,215,0,,0,0,0.0,0.0,0.0
greedy,9000031,53,53.0,northern_pioneer,0,Wait,0,Wait,0,215,215,0,,0,0,0.0,0.0,0.0
greedy,9000031,54,54.0,northern_pathfinder,0,Wait,0,Wait,0,215,215,0,,0,0,0.0,0.0,0.0
greedy,9000031,54,54.0,northern_phoenix,0,Wait,0,Wait,0,215,215,0,,0,0,0.0,0.0,0.0
greedy,9000031,54,54.0,northern_pioneer,0,Wait,0,Wait,0,215,215,0,,0,0,0.0,0.0,0.0
greedy,9000031,55,55.0,northern_pathfinder,0,Wait,0,Wait,0,215,215,0,,0,0,0.0,0.0,0.0
greedy,9000031,55,55.0,northern_phoenix,0,Wait,0,Wait,0,215,215,0,,0,0,0.0,0.0,0.0
greedy,9000031,55,55.0,northern_pioneer,0,Wait,0,Wait,0,215,215,0,,0,0,0.0,0.0,0.0
greedy,9000031,56,56.0,northern_pathfinder,0,Wait,0,Wait,0,215,215,0,,0,0,0.0,0.0,0.0
greedy,9000031,56,56.0,northern_phoenix,0,Wait,0,Wait,0,215,215,0,,0,0,0.0,0.0,0.0
greedy,9000031,56,56.0,northern_pioneer,0,Wait,0,Wait,0,215,215,0,,0,0,0.0,0.0,0.0
greedy,9000031,57,57.0,northern_pathfinder,0,Wait,0,Wait,0,215,215,0,,0,0,0.0,0.0,0.0
greedy,9000031,57,57.0,northern_phoenix,0,Wait,0,Wait,0,215,215,0,,0,0,0.0,0.0,0.0
greedy,9000031,57,57.0,northern_pioneer,0,Wait,0,Wait,0,215,215,0,,0,0,0.0,0.0,0.0
greedy,9000031,58,58.0,northern_pathfinder,0,Wait,0,Wait,0,215,215,0,,0,0,0.0,0.0,0.0
greedy,9000031,58,58.0,northern_phoenix,0,Wait,0,Wait,0,215,215,0,,0,0,0.0,0.0,0.0
greedy,9000031,58,58.0,northern_pioneer,0,Wait,0,Wait,0,215,215,0,,0,0,0.0,0.0,0.0
greedy,9000031,59,59.0,northern_pathfinder,0,Wait,0,Wait,0,215,215,0,,0,0,0.0,0.0,0.0
greedy,9000031,59,59.0,northern_phoenix,0,Wait,0,Wait,0,215,215,0,,0,0,0.0,0.0,0.0
greedy,9000031,59,59.0,northern_pioneer,0,Wait,0,Wait,0,215,215,0,,0,0,0.0,0.0,0.0
greedy,9000031,60,60.0,northern_pathfinder,0,Wait,0,Wait,0,215,215,0,,0,0,0.0,0.0,0.0
greedy,9000031,60,60.0,northern_phoenix,0,Wait,0,Wait,0,215,215,0,,0,0,0.0,0.0,0.0
greedy,9000031,60,60.0,northern_pioneer,0,Wait,0,Wait,0,215,215,0,,0,0,0.0,0.0,0.0
greedy,9000031,61,61.0,northern_pathfinder,0,Wait,0,Wait,0,215,215,0,,0,0,0.0,0.0,0.0
greedy,9000031,61,61.0,northern_phoenix,0,Wait,0,Wait,0,215,215,0,,0,0,0.0,0.0,0.0
greedy,9000031,61,61.0,northern_pioneer,0,Wait,0,Wait,0,215,215,0,,0,0,0.0,0.0,0.0
greedy,9000031,62,62.0,northern_pathfinder,0,Wait,0,Wait,0,215,215,0,,0,0,0.0,0.0,0.0
greedy,9000031,62,62.0,northern_phoenix,0,Wait,0,Wait,0,215,215,0,,0,0,0.0,0.0,0.0
greedy,9000031,62,62.0,northern_pioneer,0,Wait,0,Wait,0,215,215,0,,0,0,0.0,0.0,0.0
greedy,9000031,63,63.0,northern_pathfinder,0,Wait,0,Wait,0,215,215,0,,0,0,0.0,0.0,0.0
greedy,9000031,63,63.0,northern_phoenix,0,Wait,0,Wait,0,215,215,0,,0,0,0.0,0.0,0.0
greedy,9000031,63,63.0,northern_pioneer,0,Wait,0,Wait,0,215,215,0,,0,0,0.0,0.0,0.0
greedy,9000031,64,64.0,northern_pathfinder,0,Wait,0,Wait,0,215,215,0,,0,0,0.0,0.0,0.0
greedy,9000031,64,64.0,northern_phoenix,3,Celsio,3,Celsio,0,215,215,0,,0,0,0.0,0.0,0.0
greedy,9000031,64,64.0,northern_pioneer,0,Wait,0,Wait,0,215,215,0,,0,0,0.0,0.0,0.0
greedy,9000031,65,65.0,northern_pathfinder,0,Wait,0,Wait,0,215,215,0,,0,0,0.0,0.0,0.0
greedy,9000031,65,65.0,northern_phoenix,0,Wait,0,Wait,0,215,215,0,,0,0,0.0,0.0,0.0
greedy,9000031,65,65.0,northern_pioneer,0,Wait,0,Wait,0,215,215,0,,0,0,0.0,0.0,0.0
greedy,9000031,66,66.0,northern_pathfinder,0,Wait,0,Wait,0,215,215,0,,0,0,0.0,0.0,0.0
greedy,9000031,66,66.0,northern_phoenix,0,Wait,0,Wait,0,215,215,0,,0,0,0.0,0.0,0.0
greedy,9000031,66,66.0,northern_pioneer,0,Wait,0,Wait,0,215,215,0,,0,0,0.0,0.0,0.0
greedy,9000031,67,67.0,northern_pathfinder,0,Wait,0,Wait,0,215,215,0,,0,0,0.0,0.0,0.0
greedy,9000031,67,67.0,northern_phoenix,0,Wait,0,Wait,0,215,215,0,,0,0,0.0,0.0,0.0
greedy,9000031,67,67.0,northern_pioneer,0,Wait,0,Wait,0,215,215,0,,0,0,0.0,0.0,0.0
greedy,9000031,68,68.0,northern_pathfinder,0,Wait,0,Wait,0,215,215,0,,0,0,0.0,0.0,0.0
greedy,9000031,68,68.0,northern_phoenix,0,Wait,0,Wait,0,215,215,0,,0,0,0.0,0.0,0.0
greedy,9000031,68,68.0,northern_pioneer,0,Wait,0,Wait,0,215,215,0,,0,0,0.0,0.0,0.0
greedy,9000031,69,69.0,northern_pathfinder,0,Wait,0,Wait,0,215,215,0,,0,0,0.0,0.0,0.0
greedy,9000031,69,69.0,northern_phoenix,0,Wait,0,Wait,0,215,215,0,,0,0,0.0,0.0,0.0
greedy,9000031,69,69.0,northern_pioneer,0,Wait,0,Wait,0,215,215,0,,0,0,0.0,0.0,0.0
greedy,9000031,70,70.0,northern_pathfinder,0,Wait,0,Wait,0,215,215,0,,0,0,0.0,0.0,0.0
greedy,9000031,70,70.0,northern_phoenix,0,Wait,0,Wait,0,215,215,0,,0,0,0.0,0.0,0.0
greedy,9000031,70,70.0,northern_pioneer,0,Wait,0,Wait,0,215,215,0,,0,0,0.0,0.0,0.0
greedy,9000031,71,71.0,northern_pathfinder,0,Wait,0,Wait,0,215,215,0,,0,0,0.0,0.0,0.0
greedy,9000031,71,71.0,northern_phoenix,0,Wait,0,Wait,0,215,215,0,,0,0,0.0,0.0,0.0
greedy,9000031,71,71.0,northern_pioneer,0,Wait,0,Wait,0,215,215,0,,0,0,0.0,0.0,0.0
greedy,9000031,72,72.0,northern_pathfinder,0,Wait,0,Wait,0,215,215,0,,0,0,0.0,0.0,0.0
greedy,9000031,72,72.0,northern_phoenix,0,Wait,0,Wait,0,215,215,0,,0,0,0.0,0.0,0.0
greedy,9000031,72,72.0,northern_pioneer,0,Wait,0,Wait,0,215,215,0,,0,0,0.0,0.0,0.0
greedy,9000031,73,73.0,northern_pathfinder,0,Wait,0,Wait,0,215,215,0,,0,0,0.0,0.0,0.0
greedy,9000031,73,73.0,northern_phoenix,0,Wait,0,Wait,0,215,215,0,,0,0,0.0,0.0,0.0
greedy,9000031,73,73.0,northern_pioneer,0,Wait,0,Wait,0,215,215,0,,0,0,0.0,0.0,0.0
greedy,9000031,74,74.0,northern_pathfinder,0,Wait,0,Wait,0,215,215,0,,0,0,0.0,0.0,0.0
greedy,9000031,74,74.0,northern_phoenix,0,Wait,0,Wait,0,215,215,0,,0,0,0.0,0.0,0.0
greedy,9000031,74,74.0,northern_pioneer,0,Wait,0,Wait,0,215,215,0,,0,0,0.0,0.0,0.0
greedy,9000031,75,75.0,northern_pathfinder,0,Wait,0,Wait,0,215,215,0,,0,0,0.0,0.0,0.0
greedy,9000031,75,75.0,northern_phoenix,0,Wait,0,Wait,0,215,215,0,,0,0,0.0,0.0,0.0
greedy,9000031,75,75.0,northern_pioneer,0,Wait,0,Wait,0,215,215,0,,0,0,0.0,0.0,0.0
greedy,9000031,76,76.0,northern_pathfinder,0,Wait,0,Wait,0,215,215,0,,0,0,0.0,0.0,0.0
greedy,9000031,76,76.0,northern_phoenix,0,Wait,0,Wait,0,215,215,0,,0,0,0.0,0.0,0.0
greedy,9000031,76,76.0,northern_pioneer,0,Wait,0,Wait,0,215,215,0,,0,0,0.0,0.0,0.0
greedy,9000031,77,77.0,northern_pathfinder,1,Terminal,1,Terminal,0,215,215,0,,0,0,0.0,0.0,0.0
greedy,9000031,77,77.0,northern_phoenix,0,Wait,0,Wait,0,215,215,0,,0,0,0.0,0.0,0.0
greedy,9000031,77,77.0,northern_pioneer,0,Wait,0,Wait,0,215,215,0,,0,0,0.0,0.0,0.0
greedy,9000031,78,78.0,northern_pathfinder,0,Wait,0,Wait,0,215,215,0,,0,0,0.0,0.0,0.0
greedy,9000031,78,78.0,northern_phoenix,0,Wait,0,Wait,0,215,215,0,,0,0,0.0,0.0,0.0
greedy,9000031,78,78.0,northern_pioneer,0,Wait,0,Wait,0,215,215,0,,0,0,0.0,0.0,0.0
greedy,9000031,79,79.0,northern_pathfinder,0,Wait,0,Wait,0,215,215,0,,0,0,0.0,0.0,0.0
greedy,9000031,79,79.0,northern_phoenix,0,Wait,0,Wait,0,215,215,0,,0,0,0.0,0.0,0.0
greedy,9000031,79,79.0,northern_pioneer,0,Wait,0,Wait,0,215,215,0,,0,0,0.0,0.0,0.0
greedy,9000031,80,80.0,northern_pathfinder,0,Wait,0,Wait,0,215,215,0,,0,0,0.0,0.0,0.0
greedy,9000031,80,80.0,northern_phoenix,0,Wait,0,Wait,0,215,215,0,,0,0,0.0,0.0,0.0
greedy,9000031,80,80.0,northern_pioneer,0,Wait,0,Wait,0,215,215,0,,0,0,0.0,0.0,0.0
greedy,9000031,81,81.0,northern_pathfinder,0,Wait,0,Wait,0,215,215,0,,0,0,0.0,0.0,0.0
greedy,9000031,81,81.0,northern_phoenix,0,Wait,0,Wait,0,215,215,0,,0,0,0.0,0.0,0.0
greedy,9000031,81,81.0,northern_pioneer,0,Wait,0,Wait,0,215,215,0,,0,0,0.0,0.0,0.0
greedy,9000031,82,82.0,northern_pathfinder,0,Wait,0,Wait,0,215,215,0,,0,0,0.0,0.0,0.0
greedy,9000031,82,82.0,northern_phoenix,0,Wait,0,Wait,0,215,215,0,,0,0,0.0,0.0,0.0
greedy,9000031,82,82.0,northern_pioneer,0,Wait,0,Wait,0,215,215,0,,0,0,0.0,0.0,0.0
greedy,9000031,83,83.0,northern_pathfinder,0,Wait,0,Wait,0,215,215,0,,0,0,0.0,0.0,0.0
greedy,9000031,83,83.0,northern_phoenix,0,Wait,0,Wait,0,215,215,0,,0,0,0.0,0.0,0.0
greedy,9000031,83,83.0,northern_pioneer,0,Wait,0,Wait,0,215,215,0,,0,0,0.0,0.0,0.0
greedy,9000031,84,84.0,northern_pathfinder,0,Wait,0,Wait,0,215,215,0,,0,0,0.0,0.0,0.0
greedy,9000031,84,84.0,northern_phoenix,0,Wait,0,Wait,0,215,215,0,,0,0,0.0,0.0,0.0
greedy,9000031,84,84.0,northern_pioneer,0,Wait,0,Wait,0,215,215,0,,0,0,0.0,0.0,0.0
greedy,9000031,85,85.0,northern_pathfinder,0,Wait,0,Wait,0,215,215,0,,0,0,0.0,0.0,0.0
greedy,9000031,85,85.0,northern_phoenix,0,Wait,0,Wait,0,215,215,0,,0,0,0.0,0.0,0.0
greedy,9000031,85,85.0,northern_pioneer,0,Wait,0,Wait,0,215,215,0,,0,0,0.0,0.0,0.0
greedy,9000031,86,86.0,northern_pathfinder,0,Wait,0,Wait,0,215,215,0,,0,0,0.0,0.0,0.0
greedy,9000031,86,86.0,northern_phoenix,0,Wait,0,Wait,0,215,215,0,,0,0,0.0,0.0,0.0
greedy,9000031,86,86.0,northern_pioneer,0,Wait,0,Wait,0,215,215,0,,0,0,0.0,0.0,0.0
greedy,9000031,87,87.0,northern_pathfinder,0,Wait,0,Wait,0,215,215,0,,0,0,0.0,0.0,0.0
greedy,9000031,87,87.0,northern_phoenix,0,Wait,0,Wait,0,215,215,0,,0,0,0.0,0.0,0.0
greedy,9000031,87,87.0,northern_pioneer,1,Terminal,1,Terminal,0,215,215,0,,0,0,0.0,0.0,0.0
greedy,9000031,88,97.0,northern_pathfinder,0,Wait,0,Wait,0,215,215,0,,0,0,0.0,0.0,0.0
greedy,9000031,88,97.0,northern_phoenix,0,Wait,0,Wait,0,215,215,0,,0,0,0.0,0.0,0.0
greedy,9000031,88,97.0,northern_pioneer,0,Wait,0,Wait,0,215,215,0,,0,0,0.0,0.0,0.0
greedy,9000031,89,98.0,northern_pathfinder,0,Wait,0,Wait,0,215,215,0,,0,0,0.0,0.0,0.0
greedy,9000031,89,98.0,northern_phoenix,0,Wait,0,Wait,0,215,215,0,,0,0,0.0,0.0,0.0
greedy,9000031,89,98.0,northern_pioneer,0,Wait,0,Wait,0,215,215,0,,0,0,0.0,0.0,0.0
greedy,9000031,90,99.0,northern_pathfinder,0,Wait,0,Wait,0,215,215,0,,0,0,0.0,0.0,0.0
greedy,9000031,90,99.0,northern_phoenix,0,Wait,0,Wait,0,215,215,0,,0,0,0.0,0.0,0.0
greedy,9000031,90,99.0,northern_pioneer,0,Wait,0,Wait,0,215,215,0,,0,0,0.0,0.0,0.0
greedy,9000031,91,100.0,northern_pathfinder,0,Wait,0,Wait,0,215,215,0,,0,0,0.0,0.0,0.0
greedy,9000031,91,100.0,northern_phoenix,0,Wait,0,Wait,0,215,215,0,,0,0,0.0,0.0,0.0
greedy,9000031,91,100.0,northern_pioneer,0,Wait,0,Wait,0,215,215,0,,0,0,0.0,0.0,0.0
greedy,9000031,92,101.0,northern_pathfinder,0,Wait,0,Wait,0,215,215,0,,0,0,0.0,0.0,0.0
greedy,9000031,92,101.0,northern_phoenix,0,Wait,0,Wait,0,215,215,0,,0,0,0.0,0.0,0.0
greedy,9000031,92,101.0,northern_pioneer,0,Wait,0,Wait,0,215,215,0,,0,0,0.0,0.0,0.0
greedy,9000031,93,102.0,northern_pathfinder,0,Wait,0,Wait,0,215,215,0,,0,0,0.0,0.0,0.0
greedy,9000031,93,102.0,northern_phoenix,0,Wait,0,Wait,0,215,215,0,,0,0,0.0,0.0,0.0
greedy,9000031,93,102.0,northern_pioneer,0,Wait,0,Wait,0,215,215,0,,0,0,0.0,0.0,0.0
greedy,9000031,94,103.0,northern_pathfinder,0,Wait,0,Wait,0,215,215,0,,0,0,0.0,0.0,0.0
greedy,9000031,94,103.0,northern_phoenix,0,Wait,0,Wait,0,215,215,0,,0,0,0.0,0.0,0.0
greedy,9000031,94,103.0,northern_pioneer,0,Wait,0,Wait,0,215,215,0,,0,0,0.0,0.0,0.0
greedy,9000031,95,104.0,northern_pathfinder,0,Wait,0,Wait,0,215,215,0,,0,0,0.0,0.0,0.0
greedy,9000031,95,104.0,northern_phoenix,0,Wait,0,Wait,0,215,215,0,,0,0,0.0,0.0,0.0
greedy,9000031,95,104.0,northern_pioneer,0,Wait,0,Wait,0,215,215,0,,0,0,0.0,0.0,0.0
greedy,9000031,96,105.0,northern_pathfinder,0,Wait,0,Wait,0,215,215,0,,0,0,0.0,0.0,0.0
greedy,9000031,96,105.0,northern_phoenix,0,Wait,0,Wait,0,215,215,0,,0,0,0.0,0.0,0.0
greedy,9000031,96,105.0,northern_pioneer,0,Wait,0,Wait,0,215,215,0,,0,0,0.0,0.0,0.0
greedy,9000031,97,106.0,northern_pathfinder,0,Wait,0,Wait,0,215,215,0,,0,0,0.0,0.0,0.0
greedy,9000031,97,106.0,northern_phoenix,0,Wait,0,Wait,0,215,215,0,,0,0,0.0,0.0,0.0
greedy,9000031,97,106.0,northern_pioneer,0,Wait,0,Wait,0,215,215,0,,0,0,0.0,0.0,0.0
greedy,9000031,98,107.0,northern_pathfinder,0,Wait,0,Wait,0,215,215,0,,0,0,0.0,0.0,0.0
greedy,9000031,98,107.0,northern_phoenix,0,Wait,0,Wait,0,215,215,0,,0,0,0.0,0.0,0.0
greedy,9000031,98,107.0,northern_pioneer,0,Wait,0,Wait,0,215,215,0,,0,0,0.0,0.0,0.0
greedy,9000031,99,108.0,northern_pathfinder,0,Wait,0,Wait,0,215,215,0,,0,0,0.0,0.0,0.0
greedy,9000031,99,108.0,northern_phoenix,0,Wait,0,Wait,0,215,215,0,,0,0,0.0,0.0,0.0
greedy,9000031,99,108.0,northern_pioneer,0,Wait,0,Wait,0,215,215,0,,0,0,0.0,0.0,0.0
greedy,9000031,100,109.0,northern_pathfinder,0,Wait,0,Wait,0,215,215,0,,0,0,0.0,0.0,0.0
greedy,9000031,100,109.0,northern_phoenix,0,Wait,0,Wait,0,215,215,0,,0,0,0.0,0.0,0.0
greedy,9000031,100,109.0,northern_pioneer,0,Wait,0,Wait,0,215,215,0,,0,0,0.0,0.0,0.0
greedy,9000031,101,110.0,northern_pathfinder,0,Wait,0,Wait,0,215,215,0,,0,0,0.0,0.0,0.0
greedy,9000031,101,110.0,northern_phoenix,0,Wait,0,Wait,0,215,215,0,,0,0,0.0,0.0,0.0
greedy,9000031,101,110.0,northern_pioneer,0,Wait,0,Wait,0,215,215,0,,0,0,0.0,0.0,0.0
greedy,9000031,102,111.0,northern_pathfinder,0,Wait,0,Wait,0,215,215,0,,0,0,0.0,0.0,0.0
greedy,9000031,102,111.0,northern_phoenix,0,Wait,0,Wait,0,215,215,0,,0,0,0.0,0.0,0.0
greedy,9000031,102,111.0,northern_pioneer,0,Wait,0,Wait,0,215,215,0,,0,0,0.0,0.0,0.0
greedy,9000031,103,112.0,northern_pathfinder,0,Wait,0,Wait,0,215,215,0,,0,0,0.0,0.0,0.0
greedy,9000031,103,112.0,northern_phoenix,0,Wait,0,Wait,0,215,215,0,,0,0,0.0,0.0,0.0
greedy,9000031,103,112.0,northern_pioneer,0,Wait,0,Wait,0,215,215,0,,0,0,0.0,0.0,0.0
greedy,9000031,104,113.0,northern_pathfinder,0,Wait,0,Wait,0,215,215,0,,0,0,0.0,0.0,0.0
greedy,9000031,104,113.0,northern_phoenix,0,Wait,0,Wait,0,215,215,0,,0,0,0.0,0.0,0.0
greedy,9000031,104,113.0,northern_pioneer,0,Wait,0,Wait,0,215,215,0,,0,0,0.0,0.0,0.0
greedy,9000031,105,114.0,northern_pathfinder,0,Wait,0,Wait,0,215,215,0,,0,0,0.0,0.0,0.0
greedy,9000031,105,114.0,northern_phoenix,0,Wait,0,Wait,0,215,215,0,,0,0,0.0,0.0,0.0
greedy,9000031,105,114.0,northern_pioneer,0,Wait,0,Wait,0,215,215,0,,0,0,0.0,0.0,0.0
greedy,9000031,106,115.0,northern_pathfinder,0,Wait,0,Wait,0,215,215,0,,0,0,0.0,0.0,0.0
greedy,9000031,106,115.0,northern_phoenix,0,Wait,0,Wait,0,215,215,0,,0,0,0.0,0.0,0.0
greedy,9000031,106,115.0,northern_pioneer,0,Wait,0,Wait,0,215,215,0,,0,0,0.0,0.0,0.0
greedy,9000031,107,116.0,northern_pathfinder,0,Wait,0,Wait,0,215,215,0,,0,0,0.0,0.0,0.0
greedy,9000031,107,116.0,northern_phoenix,0,Wait,0,Wait,0,215,215,0,,0,0,0.0,0.0,0.0
greedy,9000031,107,116.0,northern_pioneer,0,Wait,0,Wait,0,215,215,0,,0,0,0.0,0.0,0.0
greedy,9000031,108,117.0,northern_pathfinder,0,Wait,0,Wait,0,215,215,0,,0,0,0.0,0.0,0.0
greedy,9000031,108,117.0,northern_phoenix,0,Wait,0,Wait,0,215,215,0,,0,0,0.0,0.0,0.0
greedy,9000031,108,117.0,northern_pioneer,0,Wait,0,Wait,0,215,215,0,,0,0,0.0,0.0,0.0
greedy,9000031,109,118.0,northern_pathfinder,0,Wait,0,Wait,0,215,215,0,,0,0,0.0,0.0,0.0
greedy,9000031,109,118.0,northern_phoenix,0,Wait,0,Wait,0,215,215,0,,0,0,0.0,0.0,0.0
greedy,9000031,109,118.0,northern_pioneer,0,Wait,0,Wait,0,215,215,0,,0,0,0.0,0.0,0.0
greedy,9000031,110,119.0,northern_pathfinder,0,Wait,0,Wait,0,215,215,0,,0,0,0.0,0.0,0.0
greedy,9000031,110,119.0,northern_phoenix,0,Wait,0,Wait,0,215,215,0,,0,0,0.0,0.0,0.0
greedy,9000031,110,119.0,northern_pioneer,0,Wait,0,Wait,0,215,215,0,,0,0,0.0,0.0,0.0
greedy,9000031,111,120.0,northern_pathfinder,0,Wait,0,Wait,0,215,215,0,,0,0,0.0,0.0,0.0
greedy,9000031,111,120.0,northern_phoenix,0,Wait,0,Wait,0,215,215,0,,0,0,0.0,0.0,0.0
greedy,9000031,111,120.0,northern_pioneer,0,Wait,0,Wait,0,215,215,0,,0,0,0.0,0.0,0.0
greedy,9000031,112,121.0,northern_pathfinder,0,Wait,0,Wait,0,215,215,0,,0,0,0.0,0.0,0.0
greedy,9000031,112,121.0,northern_phoenix,0,Wait,0,Wait,0,215,215,0,,0,0,0.0,0.0,0.0
greedy,9000031,112,121.0,northern_pioneer,0,Wait,0,Wait,0,215,215,0,,0,0,0.0,0.0,0.0
greedy,9000031,113,122.0,northern_pathfinder,0,Wait,0,Wait,0,215,215,0,,0,0,0.0,0.0,0.0
greedy,9000031,113,122.0,northern_phoenix,0,Wait,0,Wait,0,215,215,0,,0,0,0.0,0.0,0.0
greedy,9000031,113,122.0,northern_pioneer,0,Wait,0,Wait,0,215,215,0,,0,0,0.0,0.0,0.0
greedy,9000031,114,123.0,northern_pathfinder,0,Wait,0,Wait,0,215,215,0,,0,0,0.0,0.0,0.0
greedy,9000031,114,123.0,northern_phoenix,0,Wait,0,Wait,0,215,215,0,,0,0,0.0,0.0,0.0
greedy,9000031,114,123.0,northern_pioneer,0,Wait,0,Wait,0,215,215,0,,0,0,0.0,0.0,0.0
greedy,9000031,115,124.0,northern_pathfinder,0,Wait,0,Wait,0,215,215,0,,0,0,0.0,0.0,0.0
greedy,9000031,115,124.0,northern_phoenix,0,Wait,0,Wait,0,215,215,0,,0,0,0.0,0.0,0.0
greedy,9000031,115,124.0,northern_pioneer,4,Yara Sluiskil,4,Yara Sluiskil,0,215,215,0,,0,0,0.0,0.0,0.0
greedy,9000031,116,125.0,northern_pathfinder,0,Wait,0,Wait,0,215,215,0,,0,0,0.0,0.0,0.0
greedy,9000031,116,125.0,northern_phoenix,0,Wait,0,Wait,0,215,215,0,,0,0,0.0,0.0,0.0
greedy,9000031,116,125.0,northern_pioneer,0,Wait,0,Wait,0,215,215,0,,0,0,0.0,0.0,0.0
greedy,9000031,117,126.0,northern_pathfinder,0,Wait,0,Wait,0,215,215,0,,0,0,0.0,0.0,0.0
greedy,9000031,117,126.0,northern_phoenix,0,Wait,0,Wait,0,215,215,0,,0,0,0.0,0.0,0.0
greedy,9000031,117,126.0,northern_pioneer,0,Wait,0,Wait,0,215,215,0,,0,0,0.0,0.0,0.0
greedy,9000031,118,127.0,northern_pathfinder,0,Wait,0,Wait,0,215,215,0,,0,0,0.0,0.0,0.0
greedy,9000031,118,127.0,northern_phoenix,0,Wait,0,Wait,0,215,215,0,,0,0,0.0,0.0,0.0
greedy,9000031,118,127.0,northern_pioneer,0,Wait,0,Wait,0,215,215,0,,0,0,0.0,0.0,0.0
greedy,9000031,119,128.0,northern_pathfinder,0,Wait,0,Wait,0,215,215,0,,0,0,0.0,0.0,0.0
greedy,9000031,119,128.0,northern_phoenix,0,Wait,0,Wait,0,215,215,0,,0,0,0.0,0.0,0.0
greedy,9000031,119,128.0,northern_pioneer,0,Wait,0,Wait,0,215,215,0,,0,0,0.0,0.0,0.0
greedy,9000031,120,129.0,northern_pathfinder,0,Wait,0,Wait,0,215,215,0,,0,0,0.0,0.0,0.0
greedy,9000031,120,129.0,northern_phoenix,0,Wait,0,Wait,0,215,215,0,,0,0,0.0,0.0,0.0
greedy,9000031,120,129.0,northern_pioneer,0,Wait,0,Wait,0,215,215,0,,0,0,0.0,0.0,0.0
greedy,9000031,121,130.0,northern_pathfinder,0,Wait,0,Wait,0,215,215,0,,0,0,0.0,0.0,0.0
greedy,9000031,121,130.0,northern_phoenix,0,Wait,0,Wait,0,215,215,0,,0,0,0.0,0.0,0.0
greedy,9000031,121,130.0,northern_pioneer,0,Wait,0,Wait,0,215,215,0,,0,0,0.0,0.0,0.0
greedy,9000031,122,131.0,northern_pathfinder,0,Wait,0,Wait,0,215,215,0,,0,0,0.0,0.0,0.0
greedy,9000031,122,131.0,northern_phoenix,0,Wait,0,Wait,0,215,215,0,,0,0,0.0,0.0,0.0
greedy,9000031,122,131.0,northern_pioneer,0,Wait,0,Wait,0,215,215,0,,0,0,0.0,0.0,0.0
greedy,9000031,123,132.0,northern_pathfinder,0,Wait,0,Wait,0,215,215,0,,0,0,0.0,0.0,0.0
greedy,9000031,123,132.0,northern_phoenix,0,Wait,0,Wait,0,215,215,0,,0,0,0.0,0.0,0.0
greedy,9000031,123,132.0,northern_pioneer,0,Wait,0,Wait,0,215,215,0,,0,0,0.0,0.0,0.0
greedy,9000031,124,133.0,northern_pathfinder,0,Wait,0,Wait,0,215,215,0,,0,0,0.0,0.0,0.0
greedy,9000031,124,133.0,northern_phoenix,0,Wait,0,Wait,0,215,215,0,,0,0,0.0,0.0,0.0
greedy,9000031,124,133.0,northern_pioneer,0,Wait,0,Wait,0,215,215,0,,0,0,0.0,0.0,0.0
greedy,9000031,125,134.0,northern_pathfinder,0,Wait,0,Wait,0,215,215,0,,0,0,0.0,0.0,0.0
greedy,9000031,125,134.0,northern_phoenix,0,Wait,0,Wait,0,215,215,0,,0,0,0.0,0.0,0.0
greedy,9000031,125,134.0,northern_pioneer,0,Wait,0,Wait,0,215,215,0,,0,0,0.0,0.0,0.0
greedy,9000031,126,135.0,northern_pathfinder,0,Wait,0,Wait,0,215,215,0,,0,0,0.0,0.0,0.0
greedy,9000031,126,135.0,northern_phoenix,0,Wait,0,Wait,0,215,215,0,,0,0,0.0,0.0,0.0
greedy,9000031,126,135.0,northern_pioneer,0,Wait,0,Wait,0,215,215,0,,0,0,0.0,0.0,0.0
greedy,9000031,127,136.0,northern_pathfinder,4,Yara Sluiskil,4,Yara Sluiskil,0,215,215,0,,0,0,0.0,0.0,0.0
greedy,9000031,127,136.0,northern_phoenix,0,Wait,0,Wait,0,215,215,0,,0,0,0.0,0.0,0.0
greedy,9000031,127,136.0,northern_pioneer,0,Wait,0,Wait,0,215,215,0,,0,0,0.0,0.0,0.0
greedy,9000031,128,137.0,northern_pathfinder,0,Wait,0,Wait,0,215,215,0,,0,0,0.0,0.0,0.0
greedy,9000031,128,137.0,northern_phoenix,0,Wait,0,Wait,0,215,215,0,,0,0,0.0,0.0,0.0
greedy,9000031,128,137.0,northern_pioneer,0,Wait,0,Wait,0,215,215,0,,0,0,0.0,0.0,0.0
greedy,9000031,129,138.0,northern_pathfinder,0,Wait,0,Wait,0,215,215,0,,0,0,0.0,0.0,0.0
greedy,9000031,129,138.0,northern_phoenix,0,Wait,0,Wait,0,215,215,0,,0,0,0.0,0.0,0.0
greedy,9000031,129,138.0,northern_pioneer,0,Wait,0,Wait,0,215,215,0,,0,0,0.0,0.0,0.0
greedy,9000031,130,139.0,northern_pathfinder,0,Wait,0,Wait,0,215,215,0,,0,0,0.0,0.0,0.0
greedy,9000031,130,139.0,northern_phoenix,0,Wait,0,Wait,0,215,215,0,,0,0,0.0,0.0,0.0
greedy,9000031,130,139.0,northern_pioneer,0,Wait,0,Wait,0,215,215,0,,0,0,0.0,0.0,0.0
greedy,9000031,131,140.0,northern_pathfinder,0,Wait,0,Wait,0,215,215,0,,0,0,0.0,0.0,0.0
greedy,9000031,131,140.0,northern_phoenix,0,Wait,0,Wait,0,215,215,0,,0,0,0.0,0.0,0.0
greedy,9000031,131,140.0,northern_pioneer,0,Wait,0,Wait,0,215,215,0,,0,0,0.0,0.0,0.0
greedy,9000031,132,141.0,northern_pathfinder,0,Wait,0,Wait,0,215,215,0,,0,0,0.0,0.0,0.0
greedy,9000031,132,141.0,northern_phoenix,0,Wait,0,Wait,0,215,215,0,,0,0,0.0,0.0,0.0
greedy,9000031,132,141.0,northern_pioneer,0,Wait,0,Wait,0,215,215,0,,0,0,0.0,0.0,0.0
greedy,9000031,133,142.0,northern_pathfinder,0,Wait,0,Wait,0,215,215,0,,0,0,0.0,0.0,0.0
greedy,9000031,133,142.0,northern_phoenix,0,Wait,0,Wait,0,215,215,0,,0,0,0.0,0.0,0.0
greedy,9000031,133,142.0,northern_pioneer,0,Wait,0,Wait,0,215,215,0,,0,0,0.0,0.0,0.0
greedy,9000031,134,143.0,northern_pathfinder,0,Wait,0,Wait,0,215,215,0,,0,0,0.0,0.0,0.0
greedy,9000031,134,143.0,northern_phoenix,0,Wait,0,Wait,0,215,215,0,,0,0,0.0,0.0,0.0
greedy,9000031,134,143.0,northern_pioneer,0,Wait,0,Wait,0,215,215,0,,0,0,0.0,0.0,0.0
greedy,9000031,135,144.0,northern_pathfinder,0,Wait,0,Wait,0,215,215,0,,0,0,0.0,0.0,0.0
greedy,9000031,135,144.0,northern_phoenix,0,Wait,0,Wait,0,215,215,0,,0,0,0.0,0.0,0.0
greedy,9000031,135,144.0,northern_pioneer,0,Wait,0,Wait,0,215,215,0,,0,0,0.0,0.0,0.0
greedy,9000031,136,145.0,northern_pathfinder,0,Wait,0,Wait,0,215,215,0,,0,0,0.0,0.0,0.0
greedy,9000031,136,145.0,northern_phoenix,0,Wait,0,Wait,0,215,215,0,,0,0,0.0,0.0,0.0
greedy,9000031,136,145.0,northern_pioneer,0,Wait,0,Wait,0,215,215,0,,0,0,0.0,0.0,0.0
greedy,9000031,137,146.0,northern_pathfinder,0,Wait,0,Wait,0,215,215,0,,0,0,0.0,0.0,0.0
greedy,9000031,137,146.0,northern_phoenix,0,Wait,0,Wait,0,215,215,0,,0,0,0.0,0.0,0.0
greedy,9000031,137,146.0,northern_pioneer,0,Wait,0,Wait,0,215,215,0,,0,0,0.0,0.0,0.0
greedy,9000031,138,147.0,northern_pathfinder,0,Wait,0,Wait,0,215,215,0,,0,0,0.0,0.0,0.0
greedy,9000031,138,147.0,northern_phoenix,0,Wait,0,Wait,0,215,215,0,,0,0,0.0,0.0,0.0
greedy,9000031,138,147.0,northern_pioneer,0,Wait,0,Wait,0,215,215,0,,0,0,0.0,0.0,0.0
greedy,9000031,139,148.0,northern_pathfinder,0,Wait,0,Wait,0,215,215,0,,0,0,0.0,0.0,0.0
greedy,9000031,139,148.0,northern_phoenix,0,Wait,0,Wait,0,215,215,0,,0,0,0.0,0.0,0.0
greedy,9000031,139,148.0,northern_pioneer,0,Wait,0,Wait,0,215,215,0,,0,0,0.0,0.0,0.0
greedy,9000031,140,149.0,northern_pathfinder,0,Wait,0,Wait,0,215,215,0,,0,0,0.0,0.0,0.0
greedy,9000031,140,149.0,northern_phoenix,0,Wait,0,Wait,0,215,215,0,,0,0,0.0,0.0,0.0
greedy,9000031,140,149.0,northern_pioneer,0,Wait,0,Wait,0,215,215,0,,0,0,0.0,0.0,0.0
greedy,9000031,141,150.0,northern_pathfinder,0,Wait,0,Wait,0,215,215,0,,0,0,0.0,0.0,0.0
greedy,9000031,141,150.0,northern_phoenix,0,Wait,0,Wait,0,215,215,0,,0,0,0.0,0.0,0.0
greedy,9000031,141,150.0,northern_pioneer,0,Wait,0,Wait,0,215,215,0,,0,0,0.0,0.0,0.0
greedy,9000031,142,151.0,northern_pathfinder,0,Wait,0,Wait,0,215,215,0,,0,0,0.0,0.0,0.0
greedy,9000031,142,151.0,northern_phoenix,0,Wait,0,Wait,0,215,215,0,,0,0,0.0,0.0,0.0
greedy,9000031,142,151.0,northern_pioneer,0,Wait,0,Wait,0,215,215,0,,0,0,0.0,0.0,0.0
greedy,9000031,143,152.0,northern_pathfinder,0,Wait,0,Wait,0,215,215,0,,0,0,0.0,0.0,0.0
greedy,9000031,143,152.0,northern_phoenix,0,Wait,0,Wait,0,215,215,0,,0,0,0.0,0.0,0.0
greedy,9000031,143,152.0,northern_pioneer,0,Wait,0,Wait,0,215,215,0,,0,0,0.0,0.0,0.0
greedy,9000031,144,153.0,northern_pathfinder,0,Wait,0,Wait,0,215,215,0,,0,0,0.0,0.0,0.0
greedy,9000031,144,153.0,northern_phoenix,0,Wait,0,Wait,0,215,215,0,,0,0,0.0,0.0,0.0
greedy,9000031,144,153.0,northern_pioneer,0,Wait,0,Wait,0,215,215,0,,0,0,0.0,0.0,0.0
greedy,9000031,145,154.0,northern_pathfinder,0,Wait,0,Wait,0,215,215,0,,0,0,0.0,0.0,0.0
greedy,9000031,145,154.0,northern_phoenix,0,Wait,0,Wait,0,215,215,0,,0,0,0.0,0.0,0.0
greedy,9000031,145,154.0,northern_pioneer,0,Wait,0,Wait,0,215,215,0,,0,0,0.0,0.0,0.0
greedy,9000031,146,155.0,northern_pathfinder,0,Wait,0,Wait,0,215,215,0,,0,0,0.0,0.0,0.0
greedy,9000031,146,155.0,northern_phoenix,0,Wait,0,Wait,0,215,215,0,,0,0,0.0,0.0,0.0
greedy,9000031,146,155.0,northern_pioneer,0,Wait,0,Wait,0,215,215,0,,0,0,0.0,0.0,0.0
greedy,9000031,147,156.0,northern_pathfinder,0,Wait,0,Wait,0,215,215,0,,0,0,0.0,0.0,0.0
greedy,9000031,147,156.0,northern_phoenix,0,Wait,0,Wait,0,215,215,0,,0,0,0.0,0.0,0.0
greedy,9000031,147,156.0,northern_pioneer,0,Wait,0,Wait,0,215,215,0,,0,0,0.0,0.0,0.0
greedy,9000031,148,157.0,northern_pathfinder,0,Wait,0,Wait,0,215,215,0,,0,0,0.0,0.0,0.0
greedy,9000031,148,157.0,northern_phoenix,0,Wait,0,Wait,0,215,215,0,,0,0,0.0,0.0,0.0
greedy,9000031,148,157.0,northern_pioneer,0,Wait,0,Wait,0,215,215,0,,0,0,0.0,0.0,0.0
greedy,9000031,149,158.0,northern_pathfinder,0,Wait,0,Wait,0,215,215,0,,0,0,0.0,0.0,0.0
greedy,9000031,149,158.0,northern_phoenix,0,Wait,0,Wait,0,215,215,0,,0,0,0.0,0.0,0.0
greedy,9000031,149,158.0,northern_pioneer,0,Wait,0,Wait,0,215,215,0,,0,0,0.0,0.0,0.0
greedy,9000031,150,159.0,northern_pathfinder,0,Wait,0,Wait,0,215,215,0,,0,0,0.0,0.0,0.0
greedy,9000031,150,159.0,northern_phoenix,0,Wait,0,Wait,0,215,215,0,,0,0,0.0,0.0,0.0
greedy,9000031,150,159.0,northern_pioneer,0,Wait,0,Wait,0,215,215,0,,0,0,0.0,0.0,0.0
greedy,9000031,151,160.0,northern_pathfinder,0,Wait,0,Wait,0,215,215,0,,0,0,0.0,0.0,0.0
greedy,9000031,151,160.0,northern_phoenix,0,Wait,0,Wait,0,215,215,0,,0,0,0.0,0.0,0.0
greedy,9000031,151,160.0,northern_pioneer,0,Wait,0,Wait,0,215,215,0,,0,0,0.0,0.0,0.0
greedy,9000031,152,161.0,northern_pathfinder,0,Wait,0,Wait,0,215,215,0,,0,0,0.0,0.0,0.0
greedy,9000031,152,161.0,northern_phoenix,0,Wait,0,Wait,0,215,215,0,,0,0,0.0,0.0,0.0
greedy,9000031,152,161.0,northern_pioneer,0,Wait,0,Wait,0,215,215,0,,0,0,0.0,0.0,0.0
greedy,9000031,153,162.0,northern_pathfinder,0,Wait,0,Wait,0,215,215,0,,0,0,0.0,0.0,0.0
greedy,9000031,153,162.0,northern_phoenix,0,Wait,0,Wait,0,215,215,0,,0,0,0.0,0.0,0.0
greedy,9000031,153,162.0,northern_pioneer,0,Wait,0,Wait,0,215,215,0,,0,0,0.0,0.0,0.0
greedy,9000031,154,163.0,northern_pathfinder,0,Wait,0,Wait,0,215,215,0,,0,0,0.0,0.0,0.0
greedy,9000031,154,163.0,northern_phoenix,0,Wait,0,Wait,0,215,215,0,,0,0,0.0,0.0,0.0
greedy,9000031,154,163.0,northern_pioneer,0,Wait,0,Wait,0,215,215,0,,0,0,0.0,0.0,0.0
greedy,9000031,155,164.0,northern_pathfinder,0,Wait,0,Wait,0,215,215,0,,0,0,0.0,0.0,0.0
greedy,9000031,155,164.0,northern_phoenix,0,Wait,0,Wait,0,215,215,0,,0,0,0.0,0.0,0.0
greedy,9000031,155,164.0,northern_pioneer,0,Wait,0,Wait,0,215,215,0,,0,0,0.0,0.0,0.0
greedy,9000031,156,165.0,northern_pathfinder,0,Wait,0,Wait,0,215,215,0,,0,0,0.0,0.0,0.0
greedy,9000031,156,165.0,northern_phoenix,0,Wait,0,Wait,0,215,215,0,,0,0,0.0,0.0,0.0
greedy,9000031,156,165.0,northern_pioneer,0,Wait,0,Wait,0,215,215,0,,0,0,0.0,0.0,0.0
greedy,9000031,157,166.0,northern_pathfinder,0,Wait,0,Wait,0,215,215,0,,0,0,0.0,0.0,0.0
greedy,9000031,157,166.0,northern_phoenix,0,Wait,0,Wait,0,215,215,0,,0,0,0.0,0.0,0.0
greedy,9000031,157,166.0,northern_pioneer,0,Wait,0,Wait,0,215,215,0,,0,0,0.0,0.0,0.0
greedy,9000031,158,167.0,northern_pathfinder,0,Wait,0,Wait,0,215,215,0,,0,0,0.0,0.0,0.0
greedy,9000031,158,167.0,northern_phoenix,0,Wait,0,Wait,0,215,215,0,,0,0,0.0,0.0,0.0
greedy,9000031,158,167.0,northern_pioneer,0,Wait,0,Wait,0,215,215,0,,0,0,0.0,0.0,0.0
greedy,9000031,159,168.0,northern_pathfinder,0,Wait,0,Wait,0,215,215,0,,0,0,0.0,0.0,0.0
greedy,9000031,159,168.0,northern_phoenix,0,Wait,0,Wait,0,215,215,0,,0,0,0.0,0.0,0.0
greedy,9000031,159,168.0,northern_pioneer,0,Wait,0,Wait,0,215,215,0,,0,0,0.0,0.0,0.0
greedy,9000031,160,169.0,northern_pathfinder,0,Wait,0,Wait,0,215,215,0,,0,0,0.0,0.0,0.0
greedy,9000031,160,169.0,northern_phoenix,0,Wait,0,Wait,0,215,215,0,,0,0,0.0,0.0,0.0
greedy,9000031,160,169.0,northern_pioneer,0,Wait,0,Wait,0,215,215,0,,0,0,0.0,0.0,0.0
greedy,9000031,161,170.0,northern_pathfinder,0,Wait,0,Wait,0,215,215,0,,0,0,0.0,0.0,0.0
greedy,9000031,161,170.0,northern_phoenix,0,Wait,0,Wait,0,215,215,0,,0,0,0.0,0.0,0.0
greedy,9000031,161,170.0,northern_pioneer,0,Wait,0,Wait,0,215,215,0,,0,0,0.0,0.0,0.0
greedy,9000031,162,171.0,northern_pathfinder,0,Wait,0,Wait,0,215,215,0,,0,0,0.0,0.0,0.0
greedy,9000031,162,171.0,northern_phoenix,0,Wait,0,Wait,0,215,215,0,,0,0,0.0,0.0,0.0
greedy,9000031,162,171.0,northern_pioneer,0,Wait,0,Wait,0,215,215,0,,0,0,0.0,0.0,0.0
greedy,9000031,163,172.0,northern_pathfinder,0,Wait,0,Wait,0,215,215,0,,0,0,0.0,0.0,0.0
greedy,9000031,163,172.0,northern_phoenix,0,Wait,0,Wait,0,215,215,0,,0,0,0.0,0.0,0.0
greedy,9000031,163,172.0,northern_pioneer,0,Wait,0,Wait,0,215,215,0,,0,0,0.0,0.0,0.0
greedy,9000031,164,173.0,northern_pathfinder,0,Wait,0,Wait,0,215,215,0,,0,0,0.0,0.0,0.0
greedy,9000031,164,173.0,northern_phoenix,0,Wait,0,Wait,0,215,215,0,,0,0,0.0,0.0,0.0
greedy,9000031,164,173.0,northern_pioneer,0,Wait,0,Wait,0,215,215,0,,0,0,0.0,0.0,0.0
greedy,9000031,165,174.0,northern_pathfinder,0,Wait,0,Wait,0,215,215,0,,0,0,0.0,0.0,0.0
greedy,9000031,165,174.0,northern_phoenix,0,Wait,0,Wait,0,215,215,0,,0,0,0.0,0.0,0.0
greedy,9000031,165,174.0,northern_pioneer,0,Wait,0,Wait,0,215,215,0,,0,0,0.0,0.0,0.0
greedy,9000031,166,175.0,northern_pathfinder,0,Wait,0,Wait,0,215,215,0,,0,0,0.0,0.0,0.0
greedy,9000031,166,175.0,northern_phoenix,0,Wait,0,Wait,0,215,215,0,,0,0,0.0,0.0,0.0
greedy,9000031,166,175.0,northern_pioneer,0,Wait,0,Wait,0,215,215,0,,0,0,0.0,0.0,0.0
greedy,9000031,167,176.0,northern_pathfinder,0,Wait,0,Wait,0,215,215,0,,0,0,0.0,0.0,0.0
greedy,9000031,167,176.0,northern_phoenix,0,Wait,0,Wait,0,215,215,0,,0,0,0.0,0.0,0.0
greedy,9000031,167,176.0,northern_pioneer,0,Wait,0,Wait,0,215,215,0,,0,0,0.0,0.0,0.0
greedy,9000031,168,177.0,northern_pathfinder,0,Wait,0,Wait,0,215,215,0,,0,0,0.0,0.0,0.0
greedy,9000031,168,177.0,northern_phoenix,0,Wait,0,Wait,0,215,215,0,,0,0,0.0,0.0,0.0
greedy,9000031,168,177.0,northern_pioneer,0,Wait,0,Wait,0,215,215,0,,0,0,0.0,0.0,0.0
greedy,9000031,169,178.0,northern_pathfinder,0,Wait,0,Wait,0,215,215,0,,0,0,0.0,0.0,0.0
greedy,9000031,169,178.0,northern_phoenix,0,Wait,0,Wait,0,215,215,0,,0,0,0.0,0.0,0.0
greedy,9000031,169,178.0,northern_pioneer,0,Wait,0,Wait,0,215,215,0,,0,0,0.0,0.0,0.0
greedy,9000031,170,179.0,northern_pathfinder,0,Wait,0,Wait,0,215,215,0,,0,0,0.0,0.0,0.0
greedy,9000031,170,179.0,northern_phoenix,0,Wait,0,Wait,0,215,215,0,,0,0,0.0,0.0,0.0
greedy,9000031,170,179.0,northern_pioneer,0,Wait,0,Wait,0,215,215,0,,0,0,0.0,0.0,0.0
greedy,9000031,171,180.0,northern_pathfinder,0,Wait,0,Wait,0,215,215,0,,0,0,0.0,0.0,0.0
greedy,9000031,171,180.0,northern_phoenix,0,Wait,0,Wait,0,215,215,0,,0,0,0.0,0.0,0.0
greedy,9000031,171,180.0,northern_pioneer,1,Terminal,1,Terminal,0,215,215,0,,0,0,0.0,0.0,0.0
greedy,9000031,172,181.0,northern_pathfinder,0,Wait,0,Wait,0,215,215,0,,0,0,0.0,0.0,0.0
greedy,9000031,172,181.0,northern_phoenix,0,Wait,0,Wait,0,215,215,0,,0,0,0.0,0.0,0.0
greedy,9000031,172,181.0,northern_pioneer,0,Wait,0,Wait,0,215,215,0,,0,0,0.0,0.0,0.0
greedy,9000031,173,182.0,northern_pathfinder,0,Wait,0,Wait,0,215,215,0,,0,0,0.0,0.0,0.0
greedy,9000031,173,182.0,northern_phoenix,0,Wait,0,Wait,0,215,215,0,,0,0,0.0,0.0,0.0
greedy,9000031,173,182.0,northern_pioneer,0,Wait,0,Wait,0,215,215,0,,0,0,0.0,0.0,0.0
greedy,9000031,174,183.0,northern_pathfinder,0,Wait,0,Wait,0,215,215,0,,0,0,0.0,0.0,0.0
greedy,9000031,174,183.0,northern_phoenix,0,Wait,0,Wait,0,215,215,0,,0,0,0.0,0.0,0.0
greedy,9000031,174,183.0,northern_pioneer,0,Wait,0,Wait,0,215,215,0,,0,0,0.0,0.0,0.0
greedy,9000031,175,184.0,northern_pathfinder,0,Wait,0,Wait,0,215,215,0,,0,0,0.0,0.0,0.0
greedy,9000031,175,184.0,northern_phoenix,0,Wait,0,Wait,0,215,215,0,,0,0,0.0,0.0,0.0
greedy,9000031,175,184.0,northern_pioneer,0,Wait,0,Wait,0,215,215,0,,0,0,0.0,0.0,0.0
greedy,9000031,176,185.0,northern_pathfinder,0,Wait,0,Wait,0,215,215,0,,0,0,0.0,0.0,0.0
greedy,9000031,176,185.0,northern_phoenix,0,Wait,0,Wait,0,215,215,0,,0,0,0.0,0.0,0.0
greedy,9000031,176,185.0,northern_pioneer,0,Wait,0,Wait,0,215,215,0,,0,0,0.0,0.0,0.0
greedy,9000031,177,186.0,northern_pathfinder,0,Wait,0,Wait,0,215,215,0,,0,0,0.0,0.0,0.0
greedy,9000031,177,186.0,northern_phoenix,0,Wait,0,Wait,0,215,215,0,,0,0,0.0,0.0,0.0
greedy,9000031,177,186.0,northern_pioneer,0,Wait,0,Wait,0,215,215,0,,0,0,0.0,0.0,0.0
greedy,9000031,178,187.0,northern_pathfinder,0,Wait,0,Wait,0,215,215,0,,0,0,0.0,0.0,0.0
greedy,9000031,178,187.0,northern_phoenix,0,Wait,0,Wait,0,215,215,0,,0,0,0.0,0.0,0.0
greedy,9000031,178,187.0,northern_pioneer,0,Wait,0,Wait,0,215,215,0,,0,0,0.0,0.0,0.0
greedy,9000031,179,188.0,northern_pathfinder,0,Wait,0,Wait,0,215,215,0,,0,0,0.0,0.0,0.0
greedy,9000031,179,188.0,northern_phoenix,0,Wait,0,Wait,0,215,215,0,,0,0,0.0,0.0,0.0
greedy,9000031,179,188.0,northern_pioneer,0,Wait,0,Wait,0,215,215,0,,0,0,0.0,0.0,0.0
greedy,9000031,180,189.0,northern_pathfinder,0,Wait,0,Wait,0,215,215,0,,0,0,0.0,0.0,0.0
greedy,9000031,180,189.0,northern_phoenix,0,Wait,0,Wait,0,215,215,0,,0,0,0.0,0.0,0.0
greedy,9000031,180,189.0,northern_pioneer,0,Wait,0,Wait,0,215,215,0,,0,0,0.0,0.0,0.0
greedy,9000031,181,190.0,northern_pathfinder,0,Wait,0,Wait,0,215,215,0,,0,0,0.0,0.0,0.0
greedy,9000031,181,190.0,northern_phoenix,0,Wait,0,Wait,0,215,215,0,,0,0,0.0,0.0,0.0
greedy,9000031,181,190.0,northern_pioneer,0,Wait,0,Wait,0,215,215,0,,0,0,0.0,0.0,0.0
greedy,9000031,182,191.0,northern_pathfinder,0,Wait,0,Wait,0,215,215,0,,0,0,0.0,0.0,0.0
greedy,9000031,182,191.0,northern_phoenix,0,Wait,0,Wait,0,215,215,0,,0,0,0.0,0.0,0.0
greedy,9000031,182,191.0,northern_pioneer,0,Wait,0,Wait,0,215,215,0,,0,0,0.0,0.0,0.0
greedy,9000031,183,192.0,northern_pathfinder,0,Wait,0,Wait,0,215,215,0,,0,0,0.0,0.0,0.0
greedy,9000031,183,192.0,northern_phoenix,0,Wait,0,Wait,0,215,215,0,,0,0,0.0,0.0,0.0
greedy,9000031,183,192.0,northern_pioneer,0,Wait,0,Wait,0,215,215,0,,0,0,0.0,0.0,0.0
greedy,9000031,184,193.0,northern_pathfinder,0,Wait,0,Wait,0,215,215,0,,0,0,0.0,0.0,0.0
greedy,9000031,184,193.0,northern_phoenix,0,Wait,0,Wait,0,215,215,0,,0,0,0.0,0.0,0.0
greedy,9000031,184,193.0,northern_pioneer,0,Wait,0,Wait,0,215,215,0,,0,0,0.0,0.0,0.0
greedy,9000031,185,194.0,northern_pathfinder,0,Wait,0,Wait,0,215,215,0,,0,0,0.0,0.0,0.0
greedy,9000031,185,194.0,northern_phoenix,0,Wait,0,Wait,0,215,215,0,,0,0,0.0,0.0,0.0
greedy,9000031,185,194.0,northern_pioneer,0,Wait,0,Wait,0,215,215,0,,0,0,0.0,0.0,0.0
greedy,9000031,186,195.0,northern_pathfinder,0,Wait,0,Wait,0,215,215,0,,0,0,0.0,0.0,0.0
greedy,9000031,186,195.0,northern_phoenix,0,Wait,0,Wait,0,215,215,0,,0,0,0.0,0.0,0.0
greedy,9000031,186,195.0,northern_pioneer,0,Wait,0,Wait,0,215,215,0,,0,0,0.0,0.0,0.0
greedy,9000031,187,196.0,northern_pathfinder,0,Wait,0,Wait,0,215,215,0,,0,0,0.0,0.0,0.0
greedy,9000031,187,196.0,northern_phoenix,0,Wait,0,Wait,0,215,215,0,,0,0,0.0,0.0,0.0
greedy,9000031,187,196.0,northern_pioneer,0,Wait,0,Wait,0,215,215,0,,0,0,0.0,0.0,0.0
greedy,9000031,188,197.0,northern_pathfinder,0,Wait,0,Wait,0,215,215,0,,0,0,0.0,0.0,0.0
greedy,9000031,188,197.0,northern_phoenix,0,Wait,0,Wait,0,215,215,0,,0,0,0.0,0.0,0.0
greedy,9000031,188,197.0,northern_pioneer,0,Wait,0,Wait,0,215,215,0,,0,0,0.0,0.0,0.0
greedy,9000031,189,198.0,northern_pathfinder,0,Wait,0,Wait,0,215,215,0,,0,0,0.0,0.0,0.0
greedy,9000031,189,198.0,northern_phoenix,0,Wait,0,Wait,0,215,215,0,,0,0,0.0,0.0,0.0
greedy,9000031,189,198.0,northern_pioneer,0,Wait,0,Wait,0,215,215,0,,0,0,0.0,0.0,0.0
greedy,9000031,190,199.0,northern_pathfinder,0,Wait,0,Wait,0,215,215,0,,0,0,0.0,0.0,0.0
greedy,9000031,190,199.0,northern_phoenix,1,Terminal,1,Terminal,0,215,215,0,,0,0,0.0,0.0,0.0
greedy,9000031,190,199.0,northern_pioneer,0,Wait,0,Wait,0,215,215,0,,0,0,0.0,0.0,0.0
greedy,9000031,191,200.0,northern_pathfinder,0,Wait,0,Wait,0,215,215,0,,0,0,0.0,0.0,0.0
greedy,9000031,191,200.0,northern_phoenix,0,Wait,0,Wait,0,215,215,0,,0,0,0.0,0.0,0.0
greedy,9000031,191,200.0,northern_pioneer,0,Wait,0,Wait,0,215,215,0,,0,0,0.0,0.0,0.0
greedy,9000031,192,201.0,northern_pathfinder,0,Wait,0,Wait,0,215,215,0,,0,0,0.0,0.0,0.0
greedy,9000031,192,201.0,northern_phoenix,0,Wait,0,Wait,0,215,215,0,,0,0,0.0,0.0,0.0
greedy,9000031,192,201.0,northern_pioneer,0,Wait,0,Wait,0,215,215,0,,0,0,0.0,0.0,0.0
greedy,9000031,193,202.0,northern_pathfinder,0,Wait,0,Wait,0,215,215,0,,0,0,0.0,0.0,0.0
greedy,9000031,193,202.0,northern_phoenix,0,Wait,0,Wait,0,215,215,0,,0,0,0.0,0.0,0.0
greedy,9000031,193,202.0,northern_pioneer,0,Wait,0,Wait,0,215,215,0,,0,0,0.0,0.0,0.0
greedy,9000031,194,203.0,northern_pathfinder,0,Wait,0,Wait,0,215,215,0,,0,0,0.0,0.0,0.0
greedy,9000031,194,203.0,northern_phoenix,0,Wait,0,Wait,0,215,215,0,,0,0,0.0,0.0,0.0
greedy,9000031,194,203.0,northern_pioneer,0,Wait,0,Wait,0,215,215,0,,0,0,0.0,0.0,0.0
greedy,9000031,195,204.0,northern_pathfinder,0,Wait,0,Wait,0,215,215,0,,0,0,0.0,0.0,0.0
greedy,9000031,195,204.0,northern_phoenix,0,Wait,0,Wait,0,215,215,0,,0,0,0.0,0.0,0.0
greedy,9000031,195,204.0,northern_pioneer,0,Wait,0,Wait,0,215,215,0,,0,0,0.0,0.0,0.0
greedy,9000031,196,205.0,northern_pathfinder,0,Wait,0,Wait,0,215,215,0,,0,0,0.0,0.0,0.0
greedy,9000031,196,205.0,northern_phoenix,0,Wait,0,Wait,0,215,215,0,,0,0,0.0,0.0,0.0
greedy,9000031,196,205.0,northern_pioneer,0,Wait,0,Wait,0,215,215,0,,0,0,0.0,0.0,0.0
greedy,9000031,197,206.0,northern_pathfinder,0,Wait,0,Wait,0,215,215,0,,0,0,0.0,0.0,0.0
greedy,9000031,197,206.0,northern_phoenix,0,Wait,0,Wait,0,215,215,0,,0,0,0.0,0.0,0.0
greedy,9000031,197,206.0,northern_pioneer,0,Wait,0,Wait,0,215,215,0,,0,0,0.0,0.0,0.0
greedy,9000031,198,207.0,northern_pathfinder,0,Wait,0,Wait,0,215,215,0,,0,0,0.0,0.0,0.0
greedy,9000031,198,207.0,northern_phoenix,0,Wait,0,Wait,0,215,215,0,,0,0,0.0,0.0,0.0
greedy,9000031,198,207.0,northern_pioneer,0,Wait,0,Wait,0,215,215,0,,0,0,0.0,0.0,0.0
greedy,9000031,199,208.0,northern_pathfinder,0,Wait,0,Wait,0,215,215,0,,0,0,0.0,0.0,0.0
greedy,9000031,199,208.0,northern_phoenix,0,Wait,0,Wait,0,215,215,0,,0,0,0.0,0.0,0.0
greedy,9000031,199,208.0,northern_pioneer,0,Wait,0,Wait,0,215,215,0,,0,0,0.0,0.0,0.0
greedy,9000031,200,209.0,northern_pathfinder,0,Wait,0,Wait,0,215,215,0,,0,0,0.0,0.0,0.0
greedy,9000031,200,209.0,northern_phoenix,0,Wait,0,Wait,0,215,215,0,,0,0,0.0,0.0,0.0
greedy,9000031,200,209.0,northern_pioneer,0,Wait,0,Wait,0,215,215,0,,0,0,0.0,0.0,0.0
greedy,9000031,201,210.0,northern_pathfinder,0,Wait,0,Wait,0,215,215,0,,0,0,0.0,0.0,0.0
greedy,9000031,201,210.0,northern_phoenix,0,Wait,0,Wait,0,215,215,0,,0,0,0.0,0.0,0.0
greedy,9000031,201,210.0,northern_pioneer,0,Wait,0,Wait,0,215,215,0,,0,0,0.0,0.0,0.0
greedy,9000031,202,211.0,northern_pathfinder,0,Wait,0,Wait,0,215,215,0,,0,0,0.0,0.0,0.0
greedy,9000031,202,211.0,northern_phoenix,0,Wait,0,Wait,0,215,215,0,,0,0,0.0,0.0,0.0
greedy,9000031,202,211.0,northern_pioneer,0,Wait,0,Wait,0,215,215,0,,0,0,0.0,0.0,0.0
greedy,9000031,203,212.0,northern_pathfinder,0,Wait,0,Wait,0,215,215,0,,0,0,0.0,0.0,0.0
greedy,9000031,203,212.0,northern_phoenix,0,Wait,0,Wait,0,215,215,0,,0,0,0.0,0.0,0.0
greedy,9000031,203,212.0,northern_pioneer,0,Wait,0,Wait,0,215,215,0,,0,0,0.0,0.0,0.0
greedy,9000031,204,213.0,northern_pathfinder,0,Wait,0,Wait,0,215,215,0,,0,0,0.0,0.0,0.0
greedy,9000031,204,213.0,northern_phoenix,0,Wait,0,Wait,0,215,215,0,,0,0,0.0,0.0,0.0
greedy,9000031,204,213.0,northern_pioneer,0,Wait,0,Wait,0,215,215,0,,0,0,0.0,0.0,0.0
greedy,9000031,205,214.0,northern_pathfinder,0,Wait,0,Wait,0,215,215,0,,0,0,0.0,0.0,0.0
greedy,9000031,205,214.0,northern_phoenix,0,Wait,0,Wait,0,215,215,0,,0,0,0.0,0.0,0.0
greedy,9000031,205,214.0,northern_pioneer,0,Wait,0,Wait,0,215,215,0,,0,0,0.0,0.0,0.0
greedy,9000031,206,215.0,northern_pathfinder,0,Wait,0,Wait,0,215,215,0,,0,0,0.0,0.0,0.0
greedy,9000031,206,215.0,northern_phoenix,0,Wait,0,Wait,0,215,215,0,,0,0,0.0,0.0,0.0
greedy,9000031,206,215.0,northern_pioneer,0,Wait,0,Wait,0,215,215,0,,0,0,0.0,0.0,0.0
greedy,9000031,207,216.0,northern_pathfinder,0,Wait,0,Wait,0,215,215,0,,0,0,0.0,0.0,0.0
greedy,9000031,207,216.0,northern_phoenix,0,Wait,0,Wait,0,215,215,0,,0,0,0.0,0.0,0.0
greedy,9000031,207,216.0,northern_pioneer,0,Wait,0,Wait,0,215,215,0,,0,0,0.0,0.0,0.0
greedy,9000031,208,217.0,northern_pathfinder,0,Wait,0,Wait,0,215,215,0,,0,0,0.0,0.0,0.0
greedy,9000031,208,217.0,northern_phoenix,0,Wait,0,Wait,0,215,215,0,,0,0,0.0,0.0,0.0
greedy,9000031,208,217.0,northern_pioneer,0,Wait,0,Wait,0,215,215,0,,0,0,0.0,0.0,0.0
greedy,9000031,209,218.0,northern_pathfinder,0,Wait,0,Wait,0,215,215,0,,0,0,0.0,0.0,0.0
greedy,9000031,209,218.0,northern_phoenix,0,Wait,0,Wait,0,215,215,0,,0,0,0.0,0.0,0.0
greedy,9000031,209,218.0,northern_pioneer,0,Wait,0,Wait,0,215,215,0,,0,0,0.0,0.0,0.0
greedy,9000031,210,219.0,northern_pathfinder,0,Wait,0,Wait,0,215,215,0,,0,0,0.0,0.0,0.0
greedy,9000031,210,219.0,northern_phoenix,0,Wait,0,Wait,0,215,215,0,,0,0,0.0,0.0,0.0
greedy,9000031,210,219.0,northern_pioneer,0,Wait,0,Wait,0,215,215,0,,0,0,0.0,0.0,0.0
greedy,9000031,211,220.0,northern_pathfinder,0,Wait,0,Wait,0,215,215,0,,0,0,0.0,0.0,0.0
greedy,9000031,211,220.0,northern_phoenix,0,Wait,0,Wait,0,215,215,0,,0,0,0.0,0.0,0.0
greedy,9000031,211,220.0,northern_pioneer,0,Wait,0,Wait,0,215,215,0,,0,0,0.0,0.0,0.0
greedy,9000031,212,221.0,northern_pathfinder,0,Wait,0,Wait,0,215,215,0,,0,0,0.0,0.0,0.0
greedy,9000031,212,221.0,northern_phoenix,0,Wait,0,Wait,0,215,215,0,,0,0,0.0,0.0,0.0
greedy,9000031,212,221.0,northern_pioneer,0,Wait,0,Wait,0,215,215,0,,0,0,0.0,0.0,0.0
greedy,9000031,213,222.0,northern_pathfinder,0,Wait,0,Wait,0,215,215,0,,0,0,0.0,0.0,0.0
greedy,9000031,213,222.0,northern_phoenix,0,Wait,0,Wait,0,215,215,0,,0,0,0.0,0.0,0.0
greedy,9000031,213,222.0,northern_pioneer,0,Wait,0,Wait,0,215,215,0,,0,0,0.0,0.0,0.0
greedy,9000031,214,223.0,northern_pathfinder,0,Wait,0,Wait,0,215,215,0,,0,0,0.0,0.0,0.0
greedy,9000031,214,223.0,northern_phoenix,0,Wait,0,Wait,0,215,215,0,,0,0,0.0,0.0,0.0
greedy,9000031,214,223.0,northern_pioneer,0,Wait,0,Wait,0,215,215,0,,0,0,0.0,0.0,0.0
greedy,9000031,215,224.0,northern_pathfinder,0,Wait,0,Wait,0,215,215,0,,0,0,0.0,0.0,0.0
greedy,9000031,215,224.0,northern_phoenix,0,Wait,0,Wait,0,215,215,0,,0,0,0.0,0.0,0.0
greedy,9000031,215,224.0,northern_pioneer,0,Wait,0,Wait,0,215,215,0,,0,0,0.0,0.0,0.0
greedy,9000031,216,225.0,northern_pathfinder,0,Wait,0,Wait,0,215,215,0,,0,0,0.0,0.0,0.0
greedy,9000031,216,225.0,northern_phoenix,0,Wait,0,Wait,0,215,215,0,,0,0,0.0,0.0,0.0
greedy,9000031,216,225.0,northern_pioneer,0,Wait,0,Wait,0,215,215,0,,0,0,0.0,0.0,0.0
greedy,9000031,217,226.0,northern_pathfinder,0,Wait,0,Wait,0,215,215,0,,0,0,0.0,0.0,0.0
greedy,9000031,217,226.0,northern_phoenix,0,Wait,0,Wait,0,215,215,0,,0,0,0.0,0.0,0.0
greedy,9000031,217,226.0,northern_pioneer,0,Wait,0,Wait,0,215,215,0,,0,0,0.0,0.0,0.0
greedy,9000031,218,227.0,northern_pathfinder,0,Wait,0,Wait,0,215,215,0,,0,0,0.0,0.0,0.0
greedy,9000031,218,227.0,northern_phoenix,0,Wait,0,Wait,0,215,215,0,,0,0,0.0,0.0,0.0
greedy,9000031,218,227.0,northern_pioneer,0,Wait,0,Wait,0,215,215,0,,0,0,0.0,0.0,0.0
greedy,9000031,219,228.0,northern_pathfinder,0,Wait,0,Wait,0,215,215,0,,0,0,0.0,0.0,0.0
greedy,9000031,219,228.0,northern_phoenix,0,Wait,0,Wait,0,215,215,0,,0,0,0.0,0.0,0.0
greedy,9000031,219,228.0,northern_pioneer,0,Wait,0,Wait,0,215,215,0,,0,0,0.0,0.0,0.0
greedy,9000031,220,229.0,northern_pathfinder,0,Wait,0,Wait,0,215,215,0,,0,0,0.0,0.0,0.0
greedy,9000031,220,229.0,northern_phoenix,0,Wait,0,Wait,0,215,215,0,,0,0,0.0,0.0,0.0
greedy,9000031,220,229.0,northern_pioneer,0,Wait,0,Wait,0,215,215,0,,0,0,0.0,0.0,0.0
greedy,9000031,221,230.0,northern_pathfinder,0,Wait,0,Wait,0,215,215,0,,0,0,0.0,0.0,0.0
greedy,9000031,221,230.0,northern_phoenix,0,Wait,0,Wait,0,215,215,0,,0,0,0.0,0.0,0.0
greedy,9000031,221,230.0,northern_pioneer,0,Wait,0,Wait,0,215,215,0,,0,0,0.0,0.0,0.0
greedy,9000031,222,231.0,northern_pathfinder,0,Wait,0,Wait,0,215,215,0,,0,0,0.0,0.0,0.0
greedy,9000031,222,231.0,northern_phoenix,0,Wait,0,Wait,0,215,215,0,,0,0,0.0,0.0,0.0
greedy,9000031,222,231.0,northern_pioneer,0,Wait,0,Wait,0,215,215,0,,0,0,0.0,0.0,0.0
greedy,9000031,223,232.0,northern_pathfinder,0,Wait,0,Wait,0,215,215,0,,0,0,0.0,0.0,0.0
greedy,9000031,223,232.0,northern_phoenix,0,Wait,0,Wait,0,215,215,0,,0,0,0.0,0.0,0.0
greedy,9000031,223,232.0,northern_pioneer,0,Wait,0,Wait,0,215,215,0,,0,0,0.0,0.0,0.0
greedy,9000031,224,233.0,northern_pathfinder,0,Wait,0,Wait,0,215,215,0,,0,0,0.0,0.0,0.0
greedy,9000031,224,233.0,northern_phoenix,0,Wait,0,Wait,0,215,215,0,,0,0,0.0,0.0,0.0
greedy,9000031,224,233.0,northern_pioneer,0,Wait,0,Wait,0,215,215,0,,0,0,0.0,0.0,0.0
greedy,9000031,225,234.0,northern_pathfinder,1,Terminal,1,Terminal,0,215,215,0,,0,0,0.0,0.0,0.0
greedy,9000031,225,234.0,northern_phoenix,0,Wait,0,Wait,0,215,215,0,,0,0,0.0,0.0,0.0
greedy,9000031,225,234.0,northern_pioneer,0,Wait,0,Wait,0,215,215,0,,0,0,0.0,0.0,0.0
greedy,9000031,226,236.0,northern_pathfinder,0,Wait,0,Wait,0,215,215,0,,0,0,0.0,0.0,0.0
greedy,9000031,226,236.0,northern_phoenix,0,Wait,0,Wait,0,215,215,0,,0,0,0.0,0.0,0.0
greedy,9000031,226,236.0,northern_pioneer,2,Brevik,2,Brevik,0,215,215,0,,0,0,0.0,0.0,0.0
greedy,9000031,227,248.0,northern_pathfinder,0,Wait,0,Wait,0,215,215,0,,0,0,0.0,0.0,0.0
greedy,9000031,227,248.0,northern_phoenix,2,Brevik,2,Brevik,0,215,215,0,,0,0,0.0,0.0,0.0
greedy,9000031,227,248.0,northern_pioneer,0,Wait,0,Wait,0,215,215,0,,0,0,0.0,0.0,0.0
greedy,9000031,228,263.0,northern_pathfinder,0,Wait,0,Wait,0,215,215,0,,0,0,0.0,0.0,0.0
greedy,9000031,228,263.0,northern_phoenix,0,Wait,0,Wait,0,215,215,0,,0,0,0.0,0.0,0.0
greedy,9000031,228,263.0,northern_pioneer,0,Wait,0,Wait,0,215,215,0,,0,0,0.0,0.0,0.0
greedy,9000031,229,264.0,northern_pathfinder,0,Wait,0,Wait,0,215,215,0,,0,0,0.0,0.0,0.0
greedy,9000031,229,264.0,northern_phoenix,0,Wait,0,Wait,0,215,215,0,,0,0,0.0,0.0,0.0
greedy,9000031,229,264.0,northern_pioneer,0,Wait,0,Wait,0,215,215,0,,0,0,0.0,0.0,0.0
greedy,9000031,230,265.0,northern_pathfinder,0,Wait,0,Wait,0,215,215,0,,0,0,0.0,0.0,0.0
greedy,9000031,230,265.0,northern_phoenix,0,Wait,0,Wait,0,215,215,0,,0,0,0.0,0.0,0.0
greedy,9000031,230,265.0,northern_pioneer,0,Wait,0,Wait,0,215,215,0,,0,0,0.0,0.0,0.0
greedy,9000031,231,266.0,northern_pathfinder,0,Wait,0,Wait,0,215,215,0,,0,0,0.0,0.0,0.0
greedy,9000031,231,266.0,northern_phoenix,0,Wait,0,Wait,0,215,215,0,,0,0,0.0,0.0,0.0
greedy,9000031,231,266.0,northern_pioneer,0,Wait,0,Wait,0,215,215,0,,0,0,0.0,0.0,0.0
greedy,9000031,232,267.0,northern_pathfinder,0,Wait,0,Wait,0,215,215,0,,0,0,0.0,0.0,0.0
greedy,9000031,232,267.0,northern_phoenix,0,Wait,0,Wait,0,215,215,0,,0,0,0.0,0.0,0.0
greedy,9000031,232,267.0,northern_pioneer,0,Wait,0,Wait,0,215,215,0,,0,0,0.0,0.0,0.0
greedy,9000031,233,268.0,northern_pathfinder,0,Wait,0,Wait,0,215,215,0,,0,0,0.0,0.0,0.0
greedy,9000031,233,268.0,northern_phoenix,0,Wait,0,Wait,0,215,215,0,,0,0,0.0,0.0,0.0
greedy,9000031,233,268.0,northern_pioneer,0,Wait,0,Wait,0,215,215,0,,0,0,0.0,0.0,0.0
greedy,9000031,234,269.0,northern_pathfinder,0,Wait,0,Wait,0,215,215,0,,0,0,0.0,0.0,0.0
greedy,9000031,234,269.0,northern_phoenix,0,Wait,0,Wait,0,215,215,0,,0,0,0.0,0.0,0.0
greedy,9000031,234,269.0,northern_pioneer,0,Wait,0,Wait,0,215,215,0,,0,0,0.0,0.0,0.0
greedy,9000031,235,270.0,northern_pathfinder,0,Wait,0,Wait,0,215,215,0,,0,0,0.0,0.0,0.0
greedy,9000031,235,270.0,northern_phoenix,0,Wait,0,Wait,0,215,215,0,,0,0,0.0,0.0,0.0
greedy,9000031,235,270.0,northern_pioneer,0,Wait,0,Wait,0,215,215,0,,0,0,0.0,0.0,0.0
greedy,9000031,236,271.0,northern_pathfinder,0,Wait,0,Wait,0,215,215,0,,0,0,0.0,0.0,0.0
greedy,9000031,236,271.0,northern_phoenix,0,Wait,0,Wait,0,215,215,0,,0,0,0.0,0.0,0.0
greedy,9000031,236,271.0,northern_pioneer,0,Wait,0,Wait,0,215,215,0,,0,0,0.0,0.0,0.0
greedy,9000031,237,272.0,northern_pathfinder,0,Wait,0,Wait,0,215,215,0,,0,0,0.0,0.0,0.0
greedy,9000031,237,272.0,northern_phoenix,0,Wait,0,Wait,0,215,215,0,,0,0,0.0,0.0,0.0
greedy,9000031,237,272.0,northern_pioneer,0,Wait,0,Wait,0,215,215,0,,0,0,0.0,0.0,0.0
greedy,9000031,238,273.0,northern_pathfinder,0,Wait,0,Wait,0,215,215,0,,0,0,0.0,0.0,0.0
greedy,9000031,238,273.0,northern_phoenix,0,Wait,0,Wait,0,215,215,0,,0,0,0.0,0.0,0.0
greedy,9000031,238,273.0,northern_pioneer,1,Terminal,1,Terminal,0,215,215,0,,0,0,0.0,0.0,0.0
greedy,9000031,239,281.0,northern_pathfinder,0,Wait,0,Wait,0,215,215,0,,0,0,0.0,0.0,0.0
greedy,9000031,239,281.0,northern_phoenix,0,Wait,0,Wait,0,215,215,0,,0,0,0.0,0.0,0.0
greedy,9000031,239,281.0,northern_pioneer,0,Wait,0,Wait,0,215,215,0,,0,0,0.0,0.0,0.0
greedy,9000031,240,282.0,northern_pathfinder,0,Wait,0,Wait,0,215,215,0,,0,0,0.0,0.0,0.0
greedy,9000031,240,282.0,northern_phoenix,0,Wait,0,Wait,0,215,215,0,,0,0,0.0,0.0,0.0
greedy,9000031,240,282.0,northern_pioneer,0,Wait,0,Wait,0,215,215,0,,0,0,0.0,0.0,0.0
greedy,9000031,241,283.0,northern_pathfinder,0,Wait,0,Wait,0,215,215,0,,0,0,0.0,0.0,0.0
greedy,9000031,241,283.0,northern_phoenix,0,Wait,0,Wait,0,215,215,0,,0,0,0.0,0.0,0.0
greedy,9000031,241,283.0,northern_pioneer,0,Wait,0,Wait,0,215,215,0,,0,0,0.0,0.0,0.0
greedy,9000031,242,284.0,northern_pathfinder,0,Wait,0,Wait,0,215,215,0,,0,0,0.0,0.0,0.0
greedy,9000031,242,284.0,northern_phoenix,0,Wait,0,Wait,0,215,215,0,,0,0,0.0,0.0,0.0
greedy,9000031,242,284.0,northern_pioneer,0,Wait,0,Wait,0,215,215,0,,0,0,0.0,0.0,0.0
greedy,9000031,243,285.0,northern_pathfinder,0,Wait,0,Wait,0,215,215,0,,0,0,0.0,0.0,0.0
greedy,9000031,243,285.0,northern_phoenix,0,Wait,0,Wait,0,215,215,0,,0,0,0.0,0.0,0.0
greedy,9000031,243,285.0,northern_pioneer,0,Wait,0,Wait,0,215,215,0,,0,0,0.0,0.0,0.0
greedy,9000031,244,286.0,northern_pathfinder,0,Wait,0,Wait,0,215,215,0,,0,0,0.0,0.0,0.0
greedy,9000031,244,286.0,northern_phoenix,0,Wait,0,Wait,0,215,215,0,,0,0,0.0,0.0,0.0
greedy,9000031,244,286.0,northern_pioneer,0,Wait,0,Wait,0,215,215,0,,0,0,0.0,0.0,0.0
greedy,9000031,245,287.0,northern_pathfinder,0,Wait,0,Wait,0,215,215,0,,0,0,0.0,0.0,0.0
greedy,9000031,245,287.0,northern_phoenix,0,Wait,0,Wait,0,215,215,0,,0,0,0.0,0.0,0.0
greedy,9000031,245,287.0,northern_pioneer,0,Wait,0,Wait,0,215,215,0,,0,0,0.0,0.0,0.0
greedy,9000031,246,288.0,northern_pathfinder,0,Wait,0,Wait,0,215,215,0,,0,0,0.0,0.0,0.0
greedy,9000031,246,288.0,northern_phoenix,0,Wait,0,Wait,0,215,215,0,,0,0,0.0,0.0,0.0
greedy,9000031,246,288.0,northern_pioneer,0,Wait,0,Wait,0,215,215,0,,0,0,0.0,0.0,0.0
greedy,9000031,247,289.0,northern_pathfinder,0,Wait,0,Wait,0,215,215,0,,0,0,0.0,0.0,0.0
greedy,9000031,247,289.0,northern_phoenix,0,Wait,0,Wait,0,215,215,0,,0,0,0.0,0.0,0.0
greedy,9000031,247,289.0,northern_pioneer,0,Wait,0,Wait,0,215,215,0,,0,0,0.0,0.0,0.0
greedy,9000031,248,290.0,northern_pathfinder,0,Wait,0,Wait,0,215,215,0,,0,0,0.0,0.0,0.0
greedy,9000031,248,290.0,northern_phoenix,0,Wait,0,Wait,0,215,215,0,,0,0,0.0,0.0,0.0
greedy,9000031,248,290.0,northern_pioneer,0,Wait,0,Wait,0,215,215,0,,0,0,0.0,0.0,0.0
greedy,9000031,249,291.0,northern_pathfinder,0,Wait,0,Wait,0,215,215,0,,0,0,0.0,0.0,0.0
greedy,9000031,249,291.0,northern_phoenix,0,Wait,0,Wait,0,215,215,0,,0,0,0.0,0.0,0.0
greedy,9000031,249,291.0,northern_pioneer,0,Wait,0,Wait,0,215,215,0,,0,0,0.0,0.0,0.0
greedy,9000031,250,292.0,northern_pathfinder,0,Wait,0,Wait,0,215,215,0,,0,0,0.0,0.0,0.0
greedy,9000031,250,292.0,northern_phoenix,0,Wait,0,Wait,0,215,215,0,,0,0,0.0,0.0,0.0
greedy,9000031,250,292.0,northern_pioneer,0,Wait,0,Wait,0,215,215,0,,0,0,0.0,0.0,0.0
greedy,9000031,251,293.0,northern_pathfinder,0,Wait,0,Wait,0,215,215,0,,0,0,0.0,0.0,0.0
greedy,9000031,251,293.0,northern_phoenix,0,Wait,0,Wait,0,215,215,0,,0,0,0.0,0.0,0.0
greedy,9000031,251,293.0,northern_pioneer,0,Wait,0,Wait,0,215,215,0,,0,0,0.0,0.0,0.0
greedy,9000031,252,294.0,northern_pathfinder,0,Wait,0,Wait,0,215,215,0,,0,0,0.0,0.0,0.0
greedy,9000031,252,294.0,northern_phoenix,0,Wait,0,Wait,0,215,215,0,,0,0,0.0,0.0,0.0
greedy,9000031,252,294.0,northern_pioneer,0,Wait,0,Wait,0,215,215,0,,0,0,0.0,0.0,0.0
greedy,9000031,253,295.0,northern_pathfinder,0,Wait,0,Wait,0,215,215,0,,0,0,0.0,0.0,0.0
greedy,9000031,253,295.0,northern_phoenix,0,Wait,0,Wait,0,215,215,0,,0,0,0.0,0.0,0.0
greedy,9000031,253,295.0,northern_pioneer,0,Wait,0,Wait,0,215,215,0,,0,0,0.0,0.0,0.0
greedy,9000031,254,296.0,northern_pathfinder,4,Yara Sluiskil,4,Yara Sluiskil,0,215,215,0,,0,0,0.0,0.0,0.0
greedy,9000031,254,296.0,northern_phoenix,0,Wait,0,Wait,0,215,215,0,,0,0,0.0,0.0,0.0
greedy,9000031,254,296.0,northern_pioneer,0,Wait,0,Wait,0,215,215,0,,0,0,0.0,0.0,0.0
greedy,9000031,255,297.0,northern_pathfinder,0,Wait,0,Wait,0,215,215,0,,0,0,0.0,0.0,0.0
greedy,9000031,255,297.0,northern_phoenix,0,Wait,0,Wait,0,215,215,0,,0,0,0.0,0.0,0.0
greedy,9000031,255,297.0,northern_pioneer,0,Wait,0,Wait,0,215,215,0,,0,0,0.0,0.0,0.0
greedy,9000031,256,298.0,northern_pathfinder,0,Wait,0,Wait,0,215,215,0,,0,0,0.0,0.0,0.0
greedy,9000031,256,298.0,northern_phoenix,0,Wait,0,Wait,0,215,215,0,,0,0,0.0,0.0,0.0
greedy,9000031,256,298.0,northern_pioneer,0,Wait,0,Wait,0,215,215,0,,0,0,0.0,0.0,0.0
greedy,9000031,257,299.0,northern_pathfinder,0,Wait,0,Wait,0,215,215,0,,0,0,0.0,0.0,0.0
greedy,9000031,257,299.0,northern_phoenix,0,Wait,0,Wait,0,215,215,0,,0,0,0.0,0.0,0.0
greedy,9000031,257,299.0,northern_pioneer,0,Wait,0,Wait,0,215,215,0,,0,0,0.0,0.0,0.0
greedy,9000031,258,300.0,northern_pathfinder,0,Wait,0,Wait,0,215,215,0,,0,0,0.0,0.0,0.0
greedy,9000031,258,300.0,northern_phoenix,0,Wait,0,Wait,0,215,215,0,,0,0,0.0,0.0,0.0
greedy,9000031,258,300.0,northern_pioneer,0,Wait,0,Wait,0,215,215,0,,0,0,0.0,0.0,0.0
greedy,9000031,259,301.0,northern_pathfinder,0,Wait,0,Wait,0,215,215,0,,0,0,0.0,0.0,0.0
greedy,9000031,259,301.0,northern_phoenix,0,Wait,0,Wait,0,215,215,0,,0,0,0.0,0.0,0.0
greedy,9000031,259,301.0,northern_pioneer,0,Wait,0,Wait,0,215,215,0,,0,0,0.0,0.0,0.0
greedy,9000031,260,302.0,northern_pathfinder,0,Wait,0,Wait,0,215,215,0,,0,0,0.0,0.0,0.0
greedy,9000031,260,302.0,northern_phoenix,0,Wait,0,Wait,0,215,215,0,,0,0,0.0,0.0,0.0
greedy,9000031,260,302.0,northern_pioneer,0,Wait,0,Wait,0,215,215,0,,0,0,0.0,0.0,0.0
greedy,9000031,261,303.0,northern_pathfinder,0,Wait,0,Wait,0,215,215,0,,0,0,0.0,0.0,0.0
greedy,9000031,261,303.0,northern_phoenix,0,Wait,0,Wait,0,215,215,0,,0,0,0.0,0.0,0.0
greedy,9000031,261,303.0,northern_pioneer,0,Wait,0,Wait,0,215,215,0,,0,0,0.0,0.0,0.0
greedy,9000031,262,304.0,northern_pathfinder,0,Wait,0,Wait,0,215,215,0,,0,0,0.0,0.0,0.0
greedy,9000031,262,304.0,northern_phoenix,0,Wait,0,Wait,0,215,215,0,,0,0,0.0,0.0,0.0
greedy,9000031,262,304.0,northern_pioneer,0,Wait,0,Wait,0,215,215,0,,0,0,0.0,0.0,0.0
greedy,9000031,263,305.0,northern_pathfinder,0,Wait,0,Wait,0,215,215,0,,0,0,0.0,0.0,0.0
greedy,9000031,263,305.0,northern_phoenix,0,Wait,0,Wait,0,215,215,0,,0,0,0.0,0.0,0.0
greedy,9000031,263,305.0,northern_pioneer,0,Wait,0,Wait,0,215,215,0,,0,0,0.0,0.0,0.0
greedy,9000031,264,306.0,northern_pathfinder,0,Wait,0,Wait,0,215,215,0,,0,0,0.0,0.0,0.0
greedy,9000031,264,306.0,northern_phoenix,0,Wait,0,Wait,0,215,215,0,,0,0,0.0,0.0,0.0
greedy,9000031,264,306.0,northern_pioneer,0,Wait,0,Wait,0,215,215,0,,0,0,0.0,0.0,0.0
greedy,9000031,265,307.0,northern_pathfinder,0,Wait,0,Wait,0,215,215,0,,0,0,0.0,0.0,0.0
greedy,9000031,265,307.0,northern_phoenix,0,Wait,0,Wait,0,215,215,0,,0,0,0.0,0.0,0.0
greedy,9000031,265,307.0,northern_pioneer,0,Wait,0,Wait,0,215,215,0,,0,0,0.0,0.0,0.0
greedy,9000031,266,308.0,northern_pathfinder,0,Wait,0,Wait,0,215,215,0,,0,0,0.0,0.0,0.0
greedy,9000031,266,308.0,northern_phoenix,0,Wait,0,Wait,0,215,215,0,,0,0,0.0,0.0,0.0
greedy,9000031,266,308.0,northern_pioneer,0,Wait,0,Wait,0,215,215,0,,0,0,0.0,0.0,0.0
greedy,9000031,267,309.0,northern_pathfinder,0,Wait,0,Wait,0,215,215,0,,0,0,0.0,0.0,0.0
greedy,9000031,267,309.0,northern_phoenix,0,Wait,0,Wait,0,215,215,0,,0,0,0.0,0.0,0.0
greedy,9000031,267,309.0,northern_pioneer,0,Wait,0,Wait,0,215,215,0,,0,0,0.0,0.0,0.0
greedy,9000031,268,310.0,northern_pathfinder,0,Wait,0,Wait,0,215,215,0,,0,0,0.0,0.0,0.0
greedy,9000031,268,310.0,northern_phoenix,0,Wait,0,Wait,0,215,215,0,,0,0,0.0,0.0,0.0
greedy,9000031,268,310.0,northern_pioneer,0,Wait,0,Wait,0,215,215,0,,0,0,0.0,0.0,0.0
greedy,9000031,269,311.0,northern_pathfinder,0,Wait,0,Wait,0,215,215,0,,0,0,0.0,0.0,0.0
greedy,9000031,269,311.0,northern_phoenix,0,Wait,0,Wait,0,215,215,0,,0,0,0.0,0.0,0.0
greedy,9000031,269,311.0,northern_pioneer,0,Wait,0,Wait,0,215,215,0,,0,0,0.0,0.0,0.0
greedy,9000031,270,312.0,northern_pathfinder,0,Wait,0,Wait,0,215,215,0,,0,0,0.0,0.0,0.0
greedy,9000031,270,312.0,northern_phoenix,0,Wait,0,Wait,0,215,215,0,,0,0,0.0,0.0,0.0
greedy,9000031,270,312.0,northern_pioneer,0,Wait,0,Wait,0,215,215,0,,0,0,0.0,0.0,0.0
greedy,9000031,271,313.0,northern_pathfinder,0,Wait,0,Wait,0,215,215,0,,0,0,0.0,0.0,0.0
greedy,9000031,271,313.0,northern_phoenix,0,Wait,0,Wait,0,215,215,0,,0,0,0.0,0.0,0.0
greedy,9000031,271,313.0,northern_pioneer,4,Yara Sluiskil,4,Yara Sluiskil,0,215,215,0,,0,0,0.0,0.0,0.0
greedy,9000031,272,314.0,northern_pathfinder,0,Wait,0,Wait,0,215,215,0,,0,0,0.0,0.0,0.0
greedy,9000031,272,314.0,northern_phoenix,0,Wait,0,Wait,0,215,215,0,,0,0,0.0,0.0,0.0
greedy,9000031,272,314.0,northern_pioneer,0,Wait,0,Wait,0,215,215,0,,0,0,0.0,0.0,0.0
greedy,9000031,273,315.0,northern_pathfinder,0,Wait,0,Wait,0,215,215,0,,0,0,0.0,0.0,0.0
greedy,9000031,273,315.0,northern_phoenix,0,Wait,0,Wait,0,215,215,0,,0,0,0.0,0.0,0.0
greedy,9000031,273,315.0,northern_pioneer,0,Wait,0,Wait,0,215,215,0,,0,0,0.0,0.0,0.0
greedy,9000031,274,316.0,northern_pathfinder,0,Wait,0,Wait,0,215,215,0,,0,0,0.0,0.0,0.0
greedy,9000031,274,316.0,northern_phoenix,0,Wait,0,Wait,0,215,215,0,,0,0,0.0,0.0,0.0
greedy,9000031,274,316.0,northern_pioneer,0,Wait,0,Wait,0,215,215,0,,0,0,0.0,0.0,0.0
greedy,9000031,275,317.0,northern_pathfinder,0,Wait,0,Wait,0,215,215,0,,0,0,0.0,0.0,0.0
greedy,9000031,275,317.0,northern_phoenix,0,Wait,0,Wait,0,215,215,0,,0,0,0.0,0.0,0.0
greedy,9000031,275,317.0,northern_pioneer,0,Wait,0,Wait,0,215,215,0,,0,0,0.0,0.0,0.0
greedy,9000031,276,318.0,northern_pathfinder,0,Wait,0,Wait,0,215,215,0,,0,0,0.0,0.0,0.0
greedy,9000031,276,318.0,northern_phoenix,0,Wait,0,Wait,0,215,215,0,,0,0,0.0,0.0,0.0
greedy,9000031,276,318.0,northern_pioneer,0,Wait,0,Wait,0,215,215,0,,0,0,0.0,0.0,0.0
greedy,9000031,277,319.0,northern_pathfinder,0,Wait,0,Wait,0,215,215,0,,0,0,0.0,0.0,0.0
greedy,9000031,277,319.0,northern_phoenix,0,Wait,0,Wait,0,215,215,0,,0,0,0.0,0.0,0.0
greedy,9000031,277,319.0,northern_pioneer,0,Wait,0,Wait,0,215,215,0,,0,0,0.0,0.0,0.0
greedy,9000031,278,320.0,northern_pathfinder,0,Wait,0,Wait,0,215,215,0,,0,0,0.0,0.0,0.0
greedy,9000031,278,320.0,northern_phoenix,0,Wait,0,Wait,0,215,215,0,,0,0,0.0,0.0,0.0
greedy,9000031,278,320.0,northern_pioneer,0,Wait,0,Wait,0,215,215,0,,0,0,0.0,0.0,0.0
greedy,9000031,279,321.0,northern_pathfinder,0,Wait,0,Wait,0,215,215,0,,0,0,0.0,0.0,0.0
greedy,9000031,279,321.0,northern_phoenix,0,Wait,0,Wait,0,215,215,0,,0,0,0.0,0.0,0.0
greedy,9000031,279,321.0,northern_pioneer,0,Wait,0,Wait,0,215,215,0,,0,0,0.0,0.0,0.0
greedy,9000031,280,322.0,northern_pathfinder,0,Wait,0,Wait,0,215,215,0,,0,0,0.0,0.0,0.0
greedy,9000031,280,322.0,northern_phoenix,0,Wait,0,Wait,0,215,215,0,,0,0,0.0,0.0,0.0
greedy,9000031,280,322.0,northern_pioneer,0,Wait,0,Wait,0,215,215,0,,0,0,0.0,0.0,0.0
greedy,9000031,281,323.0,northern_pathfinder,0,Wait,0,Wait,0,215,215,0,,0,0,0.0,0.0,0.0
greedy,9000031,281,323.0,northern_phoenix,0,Wait,0,Wait,0,215,215,0,,0,0,0.0,0.0,0.0
greedy,9000031,281,323.0,northern_pioneer,0,Wait,0,Wait,0,215,215,0,,0,0,0.0,0.0,0.0
greedy,9000031,282,324.0,northern_pathfinder,0,Wait,0,Wait,0,215,215,0,,0,0,0.0,0.0,0.0
greedy,9000031,282,324.0,northern_phoenix,0,Wait,0,Wait,0,215,215,0,,0,0,0.0,0.0,0.0
greedy,9000031,282,324.0,northern_pioneer,0,Wait,0,Wait,0,215,215,0,,0,0,0.0,0.0,0.0
greedy,9000031,283,325.0,northern_pathfinder,0,Wait,0,Wait,0,215,215,0,,0,0,0.0,0.0,0.0
greedy,9000031,283,325.0,northern_phoenix,0,Wait,0,Wait,0,215,215,0,,0,0,0.0,0.0,0.0
greedy,9000031,283,325.0,northern_pioneer,0,Wait,0,Wait,0,215,215,0,,0,0,0.0,0.0,0.0
greedy,9000031,284,326.0,northern_pathfinder,0,Wait,0,Wait,0,215,215,0,,0,0,0.0,0.0,0.0
greedy,9000031,284,326.0,northern_phoenix,0,Wait,0,Wait,0,215,215,0,,0,0,0.0,0.0,0.0
greedy,9000031,284,326.0,northern_pioneer,0,Wait,0,Wait,0,215,215,0,,0,0,0.0,0.0,0.0
greedy,9000031,285,327.0,northern_pathfinder,0,Wait,0,Wait,0,215,215,0,,0,0,0.0,0.0,0.0
greedy,9000031,285,327.0,northern_phoenix,0,Wait,0,Wait,0,215,215,0,,0,0,0.0,0.0,0.0
greedy,9000031,285,327.0,northern_pioneer,0,Wait,0,Wait,0,215,215,0,,0,0,0.0,0.0,0.0
greedy,9000031,286,328.0,northern_pathfinder,0,Wait,0,Wait,0,215,215,0,,0,0,0.0,0.0,0.0
greedy,9000031,286,328.0,northern_phoenix,0,Wait,0,Wait,0,215,215,0,,0,0,0.0,0.0,0.0
greedy,9000031,286,328.0,northern_pioneer,0,Wait,0,Wait,0,215,215,0,,0,0,0.0,0.0,0.0
greedy,9000031,287,329.0,northern_pathfinder,0,Wait,0,Wait,0,215,215,0,,0,0,0.0,0.0,0.0
greedy,9000031,287,329.0,northern_phoenix,0,Wait,0,Wait,0,215,215,0,,0,0,0.0,0.0,0.0
greedy,9000031,287,329.0,northern_pioneer,0,Wait,0,Wait,0,215,215,0,,0,0,0.0,0.0,0.0
greedy,9000031,288,330.0,northern_pathfinder,0,Wait,0,Wait,0,215,215,0,,0,0,0.0,0.0,0.0
greedy,9000031,288,330.0,northern_phoenix,0,Wait,0,Wait,0,215,215,0,,0,0,0.0,0.0,0.0
greedy,9000031,288,330.0,northern_pioneer,0,Wait,0,Wait,0,215,215,0,,0,0,0.0,0.0,0.0
greedy,9000031,289,331.0,northern_pathfinder,0,Wait,0,Wait,0,215,215,0,,0,0,0.0,0.0,0.0
greedy,9000031,289,331.0,northern_phoenix,0,Wait,0,Wait,0,215,215,0,,0,0,0.0,0.0,0.0
greedy,9000031,289,331.0,northern_pioneer,0,Wait,0,Wait,0,215,215,0,,0,0,0.0,0.0,0.0
greedy,9000031,290,332.0,northern_pathfinder,0,Wait,0,Wait,0,215,215,0,,0,0,0.0,0.0,0.0
greedy,9000031,290,332.0,northern_phoenix,0,Wait,0,Wait,0,215,215,0,,0,0,0.0,0.0,0.0
greedy,9000031,290,332.0,northern_pioneer,0,Wait,0,Wait,0,215,215,0,,0,0,0.0,0.0,0.0
greedy,9000031,291,333.0,northern_pathfinder,0,Wait,0,Wait,0,215,215,0,,0,0,0.0,0.0,0.0
greedy,9000031,291,333.0,northern_phoenix,0,Wait,0,Wait,0,215,215,0,,0,0,0.0,0.0,0.0
greedy,9000031,291,333.0,northern_pioneer,0,Wait,0,Wait,0,215,215,0,,0,0,0.0,0.0,0.0
greedy,9000031,292,334.0,northern_pathfinder,0,Wait,0,Wait,0,215,215,0,,0,0,0.0,0.0,0.0
greedy,9000031,292,334.0,northern_phoenix,0,Wait,0,Wait,0,215,215,0,,0,0,0.0,0.0,0.0
greedy,9000031,292,334.0,northern_pioneer,0,Wait,0,Wait,0,215,215,0,,0,0,0.0,0.0,0.0
greedy,9000031,293,335.0,northern_pathfinder,0,Wait,0,Wait,0,215,215,0,,0,0,0.0,0.0,0.0
greedy,9000031,293,335.0,northern_phoenix,0,Wait,0,Wait,0,215,215,0,,0,0,0.0,0.0,0.0
greedy,9000031,293,335.0,northern_pioneer,0,Wait,0,Wait,0,215,215,0,,0,0,0.0,0.0,0.0
greedy,9000031,294,336.0,northern_pathfinder,0,Wait,0,Wait,0,215,215,0,,0,0,0.0,0.0,0.0
greedy,9000031,294,336.0,northern_phoenix,0,Wait,0,Wait,0,215,215,0,,0,0,0.0,0.0,0.0
greedy,9000031,294,336.0,northern_pioneer,0,Wait,0,Wait,0,215,215,0,,0,0,0.0,0.0,0.0
greedy,9000031,295,337.0,northern_pathfinder,0,Wait,0,Wait,0,215,215,0,,0,0,0.0,0.0,0.0
greedy,9000031,295,337.0,northern_phoenix,0,Wait,0,Wait,0,215,215,0,,0,0,0.0,0.0,0.0
greedy,9000031,295,337.0,northern_pioneer,0,Wait,0,Wait,0,215,215,0,,0,0,0.0,0.0,0.0
greedy,9000031,296,338.0,northern_pathfinder,0,Wait,0,Wait,0,215,215,0,,0,0,0.0,0.0,0.0
greedy,9000031,296,338.0,northern_phoenix,0,Wait,0,Wait,0,215,215,0,,0,0,0.0,0.0,0.0
greedy,9000031,296,338.0,northern_pioneer,0,Wait,0,Wait,0,215,215,0,,0,0,0.0,0.0,0.0
greedy,9000031,297,339.0,northern_pathfinder,0,Wait,0,Wait,0,215,215,0,,0,0,0.0,0.0,0.0
greedy,9000031,297,339.0,northern_phoenix,0,Wait,0,Wait,0,215,215,0,,0,0,0.0,0.0,0.0
greedy,9000031,297,339.0,northern_pioneer,0,Wait,0,Wait,0,215,215,0,,0,0,0.0,0.0,0.0
greedy,9000031,298,340.0,northern_pathfinder,0,Wait,0,Wait,0,215,215,0,,0,0,0.0,0.0,0.0
greedy,9000031,298,340.0,northern_phoenix,0,Wait,0,Wait,0,215,215,0,,0,0,0.0,0.0,0.0
greedy,9000031,298,340.0,northern_pioneer,0,Wait,0,Wait,0,215,215,0,,0,0,0.0,0.0,0.0
greedy,9000031,299,341.0,northern_pathfinder,0,Wait,0,Wait,0,215,215,0,,0,0,0.0,0.0,0.0
greedy,9000031,299,341.0,northern_phoenix,0,Wait,0,Wait,0,215,215,0,,0,0,0.0,0.0,0.0
greedy,9000031,299,341.0,northern_pioneer,0,Wait,0,Wait,0,215,215,0,,0,0,0.0,0.0,0.0
greedy,9000031,300,342.0,northern_pathfinder,0,Wait,0,Wait,0,215,215,0,,0,0,0.0,0.0,0.0
greedy,9000031,300,342.0,northern_phoenix,0,Wait,0,Wait,0,215,215,0,,0,0,0.0,0.0,0.0
greedy,9000031,300,342.0,northern_pioneer,0,Wait,0,Wait,0,215,215,0,,0,0,0.0,0.0,0.0
greedy,9000031,301,343.0,northern_pathfinder,0,Wait,0,Wait,0,215,215,0,,0,0,0.0,0.0,0.0
greedy,9000031,301,343.0,northern_phoenix,0,Wait,0,Wait,0,215,215,0,,0,0,0.0,0.0,0.0
greedy,9000031,301,343.0,northern_pioneer,0,Wait,0,Wait,0,215,215,0,,0,0,0.0,0.0,0.0
greedy,9000031,302,344.0,northern_pathfinder,0,Wait,0,Wait,0,215,215,0,,0,0,0.0,0.0,0.0
greedy,9000031,302,344.0,northern_phoenix,0,Wait,0,Wait,0,215,215,0,,0,0,0.0,0.0,0.0
greedy,9000031,302,344.0,northern_pioneer,0,Wait,0,Wait,0,215,215,0,,0,0,0.0,0.0,0.0
greedy,9000031,303,345.0,northern_pathfinder,0,Wait,0,Wait,0,215,215,0,,0,0,0.0,0.0,0.0
greedy,9000031,303,345.0,northern_phoenix,0,Wait,0,Wait,0,215,215,0,,0,0,0.0,0.0,0.0
greedy,9000031,303,345.0,northern_pioneer,0,Wait,0,Wait,0,215,215,0,,0,0,0.0,0.0,0.0
greedy,9000031,304,346.0,northern_pathfinder,0,Wait,0,Wait,0,215,215,0,,0,0,0.0,0.0,0.0
greedy,9000031,304,346.0,northern_phoenix,0,Wait,0,Wait,0,215,215,0,,0,0,0.0,0.0,0.0
greedy,9000031,304,346.0,northern_pioneer,0,Wait,0,Wait,0,215,215,0,,0,0,0.0,0.0,0.0
greedy,9000031,305,347.0,northern_pathfinder,0,Wait,0,Wait,0,215,215,0,,0,0,0.0,0.0,0.0
greedy,9000031,305,347.0,northern_phoenix,0,Wait,0,Wait,0,215,215,0,,0,0,0.0,0.0,0.0
greedy,9000031,305,347.0,northern_pioneer,0,Wait,0,Wait,0,215,215,0,,0,0,0.0,0.0,0.0
greedy,9000031,306,348.0,northern_pathfinder,0,Wait,0,Wait,0,215,215,0,,0,0,0.0,0.0,0.0
greedy,9000031,306,348.0,northern_phoenix,0,Wait,0,Wait,0,215,215,0,,0,0,0.0,0.0,0.0
greedy,9000031,306,348.0,northern_pioneer,0,Wait,0,Wait,0,215,215,0,,0,0,0.0,0.0,0.0
greedy,9000031,307,349.0,northern_pathfinder,0,Wait,0,Wait,0,215,215,0,,0,0,0.0,0.0,0.0
greedy,9000031,307,349.0,northern_phoenix,0,Wait,0,Wait,0,215,215,0,,0,0,0.0,0.0,0.0
greedy,9000031,307,349.0,northern_pioneer,0,Wait,0,Wait,0,215,215,0,,0,0,0.0,0.0,0.0
greedy,9000031,308,350.0,northern_pathfinder,0,Wait,0,Wait,0,215,215,0,,0,0,0.0,0.0,0.0
greedy,9000031,308,350.0,northern_phoenix,0,Wait,0,Wait,0,215,215,0,,0,0,0.0,0.0,0.0
greedy,9000031,308,350.0,northern_pioneer,0,Wait,0,Wait,0,215,215,0,,0,0,0.0,0.0,0.0
greedy,9000031,309,351.0,northern_pathfinder,0,Wait,0,Wait,0,215,215,0,,0,0,0.0,0.0,0.0
greedy,9000031,309,351.0,northern_phoenix,0,Wait,0,Wait,0,215,215,0,,0,0,0.0,0.0,0.0
greedy,9000031,309,351.0,northern_pioneer,0,Wait,0,Wait,0,215,215,0,,0,0,0.0,0.0,0.0
greedy,9000031,310,352.0,northern_pathfinder,1,Terminal,1,Terminal,0,215,215,0,,0,0,0.0,0.0,0.0
greedy,9000031,310,352.0,northern_phoenix,0,Wait,0,Wait,0,215,215,0,,0,0,0.0,0.0,0.0
greedy,9000031,310,352.0,northern_pioneer,0,Wait,0,Wait,0,215,215,0,,0,0,0.0,0.0,0.0
greedy,9000031,311,353.0,northern_pathfinder,0,Wait,0,Wait,0,215,215,0,,0,0,0.0,0.0,0.0
greedy,9000031,311,353.0,northern_phoenix,0,Wait,0,Wait,0,215,215,0,,0,0,0.0,0.0,0.0
greedy,9000031,311,353.0,northern_pioneer,0,Wait,0,Wait,0,215,215,0,,0,0,0.0,0.0,0.0
greedy,9000031,312,354.0,northern_pathfinder,0,Wait,0,Wait,0,215,215,0,,0,0,0.0,0.0,0.0
greedy,9000031,312,354.0,northern_phoenix,0,Wait,0,Wait,0,215,215,0,,0,0,0.0,0.0,0.0
greedy,9000031,312,354.0,northern_pioneer,0,Wait,0,Wait,0,215,215,0,,0,0,0.0,0.0,0.0
greedy,9000031,313,355.0,northern_pathfinder,0,Wait,0,Wait,0,215,215,0,,0,0,0.0,0.0,0.0
greedy,9000031,313,355.0,northern_phoenix,0,Wait,0,Wait,0,215,215,0,,0,0,0.0,0.0,0.0
greedy,9000031,313,355.0,northern_pioneer,0,Wait,0,Wait,0,215,215,0,,0,0,0.0,0.0,0.0
greedy,9000031,314,356.0,northern_pathfinder,0,Wait,0,Wait,0,215,215,0,,0,0,0.0,0.0,0.0
greedy,9000031,314,356.0,northern_phoenix,0,Wait,0,Wait,0,215,215,0,,0,0,0.0,0.0,0.0
greedy,9000031,314,356.0,northern_pioneer,0,Wait,0,Wait,0,215,215,0,,0,0,0.0,0.0,0.0
greedy,9000031,315,357.0,northern_pathfinder,0,Wait,0,Wait,0,215,215,0,,0,0,0.0,0.0,0.0
greedy,9000031,315,357.0,northern_phoenix,0,Wait,0,Wait,0,215,215,0,,0,0,0.0,0.0,0.0
greedy,9000031,315,357.0,northern_pioneer,0,Wait,0,Wait,0,215,215,0,,0,0,0.0,0.0,0.0
greedy,9000031,316,358.0,northern_pathfinder,0,Wait,0,Wait,0,215,215,0,,0,0,0.0,0.0,0.0
greedy,9000031,316,358.0,northern_phoenix,0,Wait,0,Wait,0,215,215,0,,0,0,0.0,0.0,0.0
greedy,9000031,316,358.0,northern_pioneer,0,Wait,0,Wait,0,215,215,0,,0,0,0.0,0.0,0.0
greedy,9000031,317,359.0,northern_pathfinder,0,Wait,0,Wait,0,215,215,0,,0,0,0.0,0.0,0.0
greedy,9000031,317,359.0,northern_phoenix,0,Wait,0,Wait,0,215,215,0,,0,0,0.0,0.0,0.0
greedy,9000031,317,359.0,northern_pioneer,0,Wait,0,Wait,0,215,215,0,,0,0,0.0,0.0,0.0
greedy,9000031,318,360.0,northern_pathfinder,0,Wait,0,Wait,0,215,215,0,,0,0,0.0,0.0,0.0
greedy,9000031,318,360.0,northern_phoenix,0,Wait,0,Wait,0,215,215,0,,0,0,0.0,0.0,0.0
greedy,9000031,318,360.0,northern_pioneer,0,Wait,0,Wait,0,215,215,0,,0,0,0.0,0.0,0.0
greedy,9000031,319,361.0,northern_pathfinder,0,Wait,0,Wait,0,215,215,0,,0,0,0.0,0.0,0.0
greedy,9000031,319,361.0,northern_phoenix,0,Wait,0,Wait,0,215,215,0,,0,0,0.0,0.0,0.0
greedy,9000031,319,361.0,northern_pioneer,0,Wait,0,Wait,0,215,215,0,,0,0,0.0,0.0,0.0
greedy,9000031,320,362.0,northern_pathfinder,0,Wait,0,Wait,0,215,215,0,,0,0,0.0,0.0,0.0
greedy,9000031,320,362.0,northern_phoenix,0,Wait,0,Wait,0,215,215,0,,0,0,0.0,0.0,0.0
greedy,9000031,320,362.0,northern_pioneer,0,Wait,0,Wait,0,215,215,0,,0,0,0.0,0.0,0.0
greedy,9000031,321,363.0,northern_pathfinder,0,Wait,0,Wait,0,215,215,0,,0,0,0.0,0.0,0.0
greedy,9000031,321,363.0,northern_phoenix,0,Wait,0,Wait,0,215,215,0,,0,0,0.0,0.0,0.0
greedy,9000031,321,363.0,northern_pioneer,0,Wait,0,Wait,0,215,215,0,,0,0,0.0,0.0,0.0
greedy,9000031,322,364.0,northern_pathfinder,0,Wait,0,Wait,0,215,215,0,,0,0,0.0,0.0,0.0
greedy,9000031,322,364.0,northern_phoenix,0,Wait,0,Wait,0,215,215,0,,0,0,0.0,0.0,0.0
greedy,9000031,322,364.0,northern_pioneer,0,Wait,0,Wait,0,215,215,0,,0,0,0.0,0.0,0.0
greedy,9000031,323,365.0,northern_pathfinder,0,Wait,0,Wait,0,215,215,0,,0,0,0.0,0.0,0.0
greedy,9000031,323,365.0,northern_phoenix,0,Wait,0,Wait,0,215,215,0,,0,0,0.0,0.0,0.0
greedy,9000031,323,365.0,northern_pioneer,0,Wait,0,Wait,0,215,215,0,,0,0,0.0,0.0,0.0
greedy,9000031,324,366.0,northern_pathfinder,0,Wait,0,Wait,0,215,215,0,,0,0,0.0,0.0,0.0
greedy,9000031,324,366.0,northern_phoenix,0,Wait,0,Wait,0,215,215,0,,0,0,0.0,0.0,0.0
greedy,9000031,324,366.0,northern_pioneer,0,Wait,0,Wait,0,215,215,0,,0,0,0.0,0.0,0.0
greedy,9000031,325,367.0,northern_pathfinder,0,Wait,0,Wait,0,215,215,0,,0,0,0.0,0.0,0.0
greedy,9000031,325,367.0,northern_phoenix,0,Wait,0,Wait,0,215,215,0,,0,0,0.0,0.0,0.0
greedy,9000031,325,367.0,northern_pioneer,0,Wait,0,Wait,0,215,215,0,,0,0,0.0,0.0,0.0
greedy,9000031,326,368.0,northern_pathfinder,0,Wait,0,Wait,0,215,215,0,,0,0,0.0,0.0,0.0
greedy,9000031,326,368.0,northern_phoenix,0,Wait,0,Wait,0,215,215,0,,0,0,0.0,0.0,0.0
greedy,9000031,326,368.0,northern_pioneer,0,Wait,0,Wait,0,215,215,0,,0,0,0.0,0.0,0.0
greedy,9000031,327,369.0,northern_pathfinder,0,Wait,0,Wait,0,215,215,0,,0,0,0.0,0.0,0.0
greedy,9000031,327,369.0,northern_phoenix,0,Wait,0,Wait,0,215,215,0,,0,0,0.0,0.0,0.0
greedy,9000031,327,369.0,northern_pioneer,0,Wait,0,Wait,0,215,215,0,,0,0,0.0,0.0,0.0
greedy,9000031,328,370.0,northern_pathfinder,0,Wait,0,Wait,0,215,215,0,,0,0,0.0,0.0,0.0
greedy,9000031,328,370.0,northern_phoenix,0,Wait,0,Wait,0,215,215,0,,0,0,0.0,0.0,0.0
greedy,9000031,328,370.0,northern_pioneer,0,Wait,0,Wait,0,215,215,0,,0,0,0.0,0.0,0.0
greedy,9000031,329,371.0,northern_pathfinder,0,Wait,0,Wait,0,215,215,0,,0,0,0.0,0.0,0.0
greedy,9000031,329,371.0,northern_phoenix,0,Wait,0,Wait,0,215,215,0,,0,0,0.0,0.0,0.0
greedy,9000031,329,371.0,northern_pioneer,0,Wait,0,Wait,0,215,215,0,,0,0,0.0,0.0,0.0
greedy,9000031,330,372.0,northern_pathfinder,0,Wait,0,Wait,0,215,215,0,,0,0,0.0,0.0,0.0
greedy,9000031,330,372.0,northern_phoenix,0,Wait,0,Wait,0,215,215,0,,0,0,0.0,0.0,0.0
greedy,9000031,330,372.0,northern_pioneer,0,Wait,0,Wait,0,215,215,0,,0,0,0.0,0.0,0.0
greedy,9000031,331,373.0,northern_pathfinder,0,Wait,0,Wait,0,215,215,0,,0,0,0.0,0.0,0.0
greedy,9000031,331,373.0,northern_phoenix,0,Wait,0,Wait,0,215,215,0,,0,0,0.0,0.0,0.0
greedy,9000031,331,373.0,northern_pioneer,0,Wait,0,Wait,0,215,215,0,,0,0,0.0,0.0,0.0
greedy,9000031,332,374.0,northern_pathfinder,0,Wait,0,Wait,0,215,215,0,,0,0,0.0,0.0,0.0
greedy,9000031,332,374.0,northern_phoenix,0,Wait,0,Wait,0,215,215,0,,0,0,0.0,0.0,0.0
greedy,9000031,332,374.0,northern_pioneer,0,Wait,0,Wait,0,215,215,0,,0,0,0.0,0.0,0.0
greedy,9000031,333,375.0,northern_pathfinder,0,Wait,0,Wait,0,215,215,0,,0,0,0.0,0.0,0.0
greedy,9000031,333,375.0,northern_phoenix,0,Wait,0,Wait,0,215,215,0,,0,0,0.0,0.0,0.0
greedy,9000031,333,375.0,northern_pioneer,0,Wait,0,Wait,0,215,215,0,,0,0,0.0,0.0,0.0
greedy,9000031,334,376.0,northern_pathfinder,0,Wait,0,Wait,0,215,215,0,,0,0,0.0,0.0,0.0
greedy,9000031,334,376.0,northern_phoenix,0,Wait,0,Wait,0,215,215,0,,0,0,0.0,0.0,0.0
greedy,9000031,334,376.0,northern_pioneer,0,Wait,0,Wait,0,215,215,0,,0,0,0.0,0.0,0.0
greedy,9000031,335,377.0,northern_pathfinder,0,Wait,0,Wait,0,215,215,0,,0,0,0.0,0.0,0.0
greedy,9000031,335,377.0,northern_phoenix,0,Wait,0,Wait,0,215,215,0,,0,0,0.0,0.0,0.0
greedy,9000031,335,377.0,northern_pioneer,0,Wait,0,Wait,0,215,215,0,,0,0,0.0,0.0,0.0
greedy,9000031,336,378.0,northern_pathfinder,0,Wait,0,Wait,0,215,215,0,,0,0,0.0,0.0,0.0
greedy,9000031,336,378.0,northern_phoenix,0,Wait,0,Wait,0,215,215,0,,0,0,0.0,0.0,0.0
greedy,9000031,336,378.0,northern_pioneer,0,Wait,0,Wait,0,215,215,0,,0,0,0.0,0.0,0.0
greedy,9000031,337,379.0,northern_pathfinder,0,Wait,0,Wait,0,215,215,0,,0,0,0.0,0.0,0.0
greedy,9000031,337,379.0,northern_phoenix,0,Wait,0,Wait,0,215,215,0,,0,0,0.0,0.0,0.0
greedy,9000031,337,379.0,northern_pioneer,0,Wait,0,Wait,0,215,215,0,,0,0,0.0,0.0,0.0
greedy,9000031,338,380.0,northern_pathfinder,0,Wait,0,Wait,0,215,215,0,,0,0,0.0,0.0,0.0
greedy,9000031,338,380.0,northern_phoenix,0,Wait,0,Wait,0,215,215,0,,0,0,0.0,0.0,0.0
greedy,9000031,338,380.0,northern_pioneer,0,Wait,0,Wait,0,215,215,0,,0,0,0.0,0.0,0.0
greedy,9000031,339,381.0,northern_pathfinder,0,Wait,0,Wait,0,215,215,0,,0,0,0.0,0.0,0.0
greedy,9000031,339,381.0,northern_phoenix,0,Wait,0,Wait,0,215,215,0,,0,0,0.0,0.0,0.0
greedy,9000031,339,381.0,northern_pioneer,0,Wait,0,Wait,0,215,215,0,,0,0,0.0,0.0,0.0
greedy,9000031,340,382.0,northern_pathfinder,0,Wait,0,Wait,0,215,215,0,,0,0,0.0,0.0,0.0
greedy,9000031,340,382.0,northern_phoenix,0,Wait,0,Wait,0,215,215,0,,0,0,0.0,0.0,0.0
greedy,9000031,340,382.0,northern_pioneer,0,Wait,0,Wait,0,215,215,0,,0,0,0.0,0.0,0.0
greedy,9000031,341,383.0,northern_pathfinder,0,Wait,0,Wait,0,215,215,0,,0,0,0.0,0.0,0.0
greedy,9000031,341,383.0,northern_phoenix,0,Wait,0,Wait,0,215,215,0,,0,0,0.0,0.0,0.0
greedy,9000031,341,383.0,northern_pioneer,0,Wait,0,Wait,0,215,215,0,,0,0,0.0,0.0,0.0
greedy,9000031,342,384.0,northern_pathfinder,0,Wait,0,Wait,0,215,215,0,,0,0,0.0,0.0,0.0
greedy,9000031,342,384.0,northern_phoenix,0,Wait,0,Wait,0,215,215,0,,0,0,0.0,0.0,0.0
greedy,9000031,342,384.0,northern_pioneer,0,Wait,0,Wait,0,215,215,0,,0,0,0.0,0.0,0.0
greedy,9000031,343,385.0,northern_pathfinder,0,Wait,0,Wait,0,215,215,0,,0,0,0.0,0.0,0.0
greedy,9000031,343,385.0,northern_phoenix,0,Wait,0,Wait,0,215,215,0,,0,0,0.0,0.0,0.0
greedy,9000031,343,385.0,northern_pioneer,0,Wait,0,Wait,0,215,215,0,,0,0,0.0,0.0,0.0
greedy,9000031,344,386.0,northern_pathfinder,0,Wait,0,Wait,0,215,215,0,,0,0,0.0,0.0,0.0
greedy,9000031,344,386.0,northern_phoenix,0,Wait,0,Wait,0,215,215,0,,0,0,0.0,0.0,0.0
greedy,9000031,344,386.0,northern_pioneer,0,Wait,0,Wait,0,215,215,0,,0,0,0.0,0.0,0.0
greedy,9000031,345,387.0,northern_pathfinder,0,Wait,0,Wait,0,215,215,0,,0,0,0.0,0.0,0.0
greedy,9000031,345,387.0,northern_phoenix,0,Wait,0,Wait,0,215,215,0,,0,0,0.0,0.0,0.0
greedy,9000031,345,387.0,northern_pioneer,0,Wait,0,Wait,0,215,215,0,,0,0,0.0,0.0,0.0
greedy,9000031,346,388.0,northern_pathfinder,0,Wait,0,Wait,0,215,215,0,,0,0,0.0,0.0,0.0
greedy,9000031,346,388.0,northern_phoenix,0,Wait,0,Wait,0,215,215,0,,0,0,0.0,0.0,0.0
greedy,9000031,346,388.0,northern_pioneer,0,Wait,0,Wait,0,215,215,0,,0,0,0.0,0.0,0.0
greedy,9000031,347,389.0,northern_pathfinder,0,Wait,0,Wait,0,215,215,0,,0,0,0.0,0.0,0.0
greedy,9000031,347,389.0,northern_phoenix,0,Wait,0,Wait,0,215,215,0,,0,0,0.0,0.0,0.0
greedy,9000031,347,389.0,northern_pioneer,0,Wait,0,Wait,0,215,215,0,,0,0,0.0,0.0,0.0
greedy,9000031,348,390.0,northern_pathfinder,0,Wait,0,Wait,0,215,215,0,,0,0,0.0,0.0,0.0
greedy,9000031,348,390.0,northern_phoenix,0,Wait,0,Wait,0,215,215,0,,0,0,0.0,0.0,0.0
greedy,9000031,348,390.0,northern_pioneer,0,Wait,0,Wait,0,215,215,0,,0,0,0.0,0.0,0.0
greedy,9000031,349,391.0,northern_pathfinder,0,Wait,0,Wait,0,215,215,0,,0,0,0.0,0.0,0.0
greedy,9000031,349,391.0,northern_phoenix,0,Wait,0,Wait,0,215,215,0,,0,0,0.0,0.0,0.0
greedy,9000031,349,391.0,northern_pioneer,1,Terminal,1,Terminal,0,215,215,0,,0,0,0.0,0.0,0.0
greedy,9000031,350,392.0,northern_pathfinder,0,Wait,0,Wait,0,215,215,0,,0,0,0.0,0.0,0.0
greedy,9000031,350,392.0,northern_phoenix,0,Wait,0,Wait,0,215,215,0,,0,0,0.0,0.0,0.0
greedy,9000031,350,392.0,northern_pioneer,0,Wait,0,Wait,0,215,215,0,,0,0,0.0,0.0,0.0
greedy,9000031,351,393.0,northern_pathfinder,0,Wait,0,Wait,0,215,215,0,,0,0,0.0,0.0,0.0
greedy,9000031,351,393.0,northern_phoenix,0,Wait,0,Wait,0,215,215,0,,0,0,0.0,0.0,0.0
greedy,9000031,351,393.0,northern_pioneer,0,Wait,0,Wait,0,215,215,0,,0,0,0.0,0.0,0.0
greedy,9000031,352,394.0,northern_pathfinder,0,Wait,0,Wait,0,215,215,0,,0,0,0.0,0.0,0.0
greedy,9000031,352,394.0,northern_phoenix,0,Wait,0,Wait,0,215,215,0,,0,0,0.0,0.0,0.0
greedy,9000031,352,394.0,northern_pioneer,0,Wait,0,Wait,0,215,215,0,,0,0,0.0,0.0,0.0
greedy,9000031,353,395.0,northern_pathfinder,0,Wait,0,Wait,0,215,215,0,,0,0,0.0,0.0,0.0
greedy,9000031,353,395.0,northern_phoenix,0,Wait,0,Wait,0,215,215,0,,0,0,0.0,0.0,0.0
greedy,9000031,353,395.0,northern_pioneer,0,Wait,0,Wait,0,215,215,0,,0,0,0.0,0.0,0.0
greedy,9000031,354,396.0,northern_pathfinder,0,Wait,0,Wait,0,215,215,0,,0,0,0.0,0.0,0.0
greedy,9000031,354,396.0,northern_phoenix,0,Wait,0,Wait,0,215,215,0,,0,0,0.0,0.0,0.0
greedy,9000031,354,396.0,northern_pioneer,0,Wait,0,Wait,0,215,215,0,,0,0,0.0,0.0,0.0
greedy,9000031,355,397.0,northern_pathfinder,0,Wait,0,Wait,0,215,215,0,,0,0,0.0,0.0,0.0
greedy,9000031,355,397.0,northern_phoenix,0,Wait,0,Wait,0,215,215,0,,0,0,0.0,0.0,0.0
greedy,9000031,355,397.0,northern_pioneer,0,Wait,0,Wait,0,215,215,0,,0,0,0.0,0.0,0.0
greedy,9000031,356,398.0,northern_pathfinder,0,Wait,0,Wait,0,215,215,0,,0,0,0.0,0.0,0.0
greedy,9000031,356,398.0,northern_phoenix,0,Wait,0,Wait,0,215,215,0,,0,0,0.0,0.0,0.0
greedy,9000031,356,398.0,northern_pioneer,0,Wait,0,Wait,0,215,215,0,,0,0,0.0,0.0,0.0
greedy,9000031,357,399.0,northern_pathfinder,0,Wait,0,Wait,0,215,215,0,,0,0,0.0,0.0,0.0
greedy,9000031,357,399.0,northern_phoenix,0,Wait,0,Wait,0,215,215,0,,0,0,0.0,0.0,0.0
greedy,9000031,357,399.0,northern_pioneer,0,Wait,0,Wait,0,215,215,0,,0,0,0.0,0.0,0.0
greedy,9000031,358,400.0,northern_pathfinder,0,Wait,0,Wait,0,215,215,0,,0,0,0.0,0.0,0.0
greedy,9000031,358,400.0,northern_phoenix,0,Wait,0,Wait,0,215,215,0,,0,0,0.0,0.0,0.0
greedy,9000031,358,400.0,northern_pioneer,0,Wait,0,Wait,0,215,215,0,,0,0,0.0,0.0,0.0
greedy,9000031,359,401.0,northern_pathfinder,0,Wait,0,Wait,0,215,215,0,,0,0,0.0,0.0,0.0
greedy,9000031,359,401.0,northern_phoenix,0,Wait,0,Wait,0,215,215,0,,0,0,0.0,0.0,0.0
greedy,9000031,359,401.0,northern_pioneer,0,Wait,0,Wait,0,215,215,0,,0,0,0.0,0.0,0.0
greedy,9000031,360,402.0,northern_pathfinder,0,Wait,0,Wait,0,215,215,0,,0,0,0.0,0.0,0.0
greedy,9000031,360,402.0,northern_phoenix,0,Wait,0,Wait,0,215,215,0,,0,0,0.0,0.0,0.0
greedy,9000031,360,402.0,northern_pioneer,0,Wait,0,Wait,0,215,215,0,,0,0,0.0,0.0,0.0
greedy,9000031,361,403.0,northern_pathfinder,0,Wait,0,Wait,0,215,215,0,,0,0,0.0,0.0,0.0
greedy,9000031,361,403.0,northern_phoenix,0,Wait,0,Wait,0,215,215,0,,0,0,0.0,0.0,0.0
greedy,9000031,361,403.0,northern_pioneer,0,Wait,0,Wait,0,215,215,0,,0,0,0.0,0.0,0.0
greedy,9000031,362,404.0,northern_pathfinder,0,Wait,0,Wait,0,215,215,0,,0,0,0.0,0.0,0.0
greedy,9000031,362,404.0,northern_phoenix,0,Wait,0,Wait,0,215,215,0,,0,0,0.0,0.0,0.0
greedy,9000031,362,404.0,northern_pioneer,0,Wait,0,Wait,0,215,215,0,,0,0,0.0,0.0,0.0
greedy,9000031,363,405.0,northern_pathfinder,0,Wait,0,Wait,0,215,215,0,,0,0,0.0,0.0,0.0
greedy,9000031,363,405.0,northern_phoenix,0,Wait,0,Wait,0,215,215,0,,0,0,0.0,0.0,0.0
greedy,9000031,363,405.0,northern_pioneer,0,Wait,0,Wait,0,215,215,0,,0,0,0.0,0.0,0.0
greedy,9000031,364,406.0,northern_pathfinder,0,Wait,0,Wait,0,215,215,0,,0,0,0.0,0.0,0.0
greedy,9000031,364,406.0,northern_phoenix,0,Wait,0,Wait,0,215,215,0,,0,0,0.0,0.0,0.0
greedy,9000031,364,406.0,northern_pioneer,0,Wait,0,Wait,0,215,215,0,,0,0,0.0,0.0,0.0
greedy,9000031,365,407.0,northern_pathfinder,0,Wait,0,Wait,0,215,215,0,,0,0,0.0,0.0,0.0
greedy,9000031,365,407.0,northern_phoenix,0,Wait,0,Wait,0,215,215,0,,0,0,0.0,0.0,0.0
greedy,9000031,365,407.0,northern_pioneer,0,Wait,0,Wait,0,215,215,0,,0,0,0.0,0.0,0.0
greedy,9000031,366,408.0,northern_pathfinder,3,Celsio,3,Celsio,0,215,215,0,,0,0,0.0,0.0,0.0
greedy,9000031,366,408.0,northern_phoenix,0,Wait,0,Wait,0,215,215,0,,0,0,0.0,0.0,0.0
greedy,9000031,366,408.0,northern_pioneer,0,Wait,0,Wait,0,215,215,0,,0,0,0.0,0.0,0.0
greedy,9000031,367,409.0,northern_pathfinder,0,Wait,0,Wait,0,215,215,0,,0,0,0.0,0.0,0.0
greedy,9000031,367,409.0,northern_phoenix,0,Wait,0,Wait,0,215,215,0,,0,0,0.0,0.0,0.0
greedy,9000031,367,409.0,northern_pioneer,0,Wait,0,Wait,0,215,215,0,,0,0,0.0,0.0,0.0
greedy,9000031,368,410.0,northern_pathfinder,0,Wait,0,Wait,0,215,215,0,,0,0,0.0,0.0,0.0
greedy,9000031,368,410.0,northern_phoenix,0,Wait,0,Wait,0,215,215,0,,0,0,0.0,0.0,0.0
greedy,9000031,368,410.0,northern_pioneer,0,Wait,0,Wait,0,215,215,0,,0,0,0.0,0.0,0.0
greedy,9000031,369,411.0,northern_pathfinder,0,Wait,0,Wait,0,215,215,0,,0,0,0.0,0.0,0.0
greedy,9000031,369,411.0,northern_phoenix,0,Wait,0,Wait,0,215,215,0,,0,0,0.0,0.0,0.0
greedy,9000031,369,411.0,northern_pioneer,0,Wait,0,Wait,0,215,215,0,,0,0,0.0,0.0,0.0
greedy,9000031,370,412.0,northern_pathfinder,0,Wait,0,Wait,0,215,215,0,,0,0,0.0,0.0,0.0
greedy,9000031,370,412.0,northern_phoenix,0,Wait,0,Wait,0,215,215,0,,0,0,0.0,0.0,0.0
greedy,9000031,370,412.0,northern_pioneer,0,Wait,0,Wait,0,215,215,0,,0,0,0.0,0.0,0.0
greedy,9000031,371,413.0,northern_pathfinder,0,Wait,0,Wait,0,215,215,0,,0,0,0.0,0.0,0.0
greedy,9000031,371,413.0,northern_phoenix,0,Wait,0,Wait,0,215,215,0,,0,0,0.0,0.0,0.0
greedy,9000031,371,413.0,northern_pioneer,0,Wait,0,Wait,0,215,215,0,,0,0,0.0,0.0,0.0
greedy,9000031,372,414.0,northern_pathfinder,0,Wait,0,Wait,0,215,215,0,,0,0,0.0,0.0,0.0
greedy,9000031,372,414.0,northern_phoenix,0,Wait,0,Wait,0,215,215,0,,0,0,0.0,0.0,0.0
greedy,9000031,372,414.0,northern_pioneer,0,Wait,0,Wait,0,215,215,0,,0,0,0.0,0.0,0.0
greedy,9000031,373,415.0,northern_pathfinder,0,Wait,0,Wait,0,215,215,0,,0,0,0.0,0.0,0.0
greedy,9000031,373,415.0,northern_phoenix,0,Wait,0,Wait,0,215,215,0,,0,0,0.0,0.0,0.0
greedy,9000031,373,415.0,northern_pioneer,0,Wait,0,Wait,0,215,215,0,,0,0,0.0,0.0,0.0
greedy,9000031,374,416.0,northern_pathfinder,0,Wait,0,Wait,0,215,215,0,,0,0,0.0,0.0,0.0
greedy,9000031,374,416.0,northern_phoenix,0,Wait,0,Wait,0,215,215,0,,0,0,0.0,0.0,0.0
greedy,9000031,374,416.0,northern_pioneer,0,Wait,0,Wait,0,215,215,0,,0,0,0.0,0.0,0.0
greedy,9000031,375,417.0,northern_pathfinder,0,Wait,0,Wait,0,215,215,0,,0,0,0.0,0.0,0.0
greedy,9000031,375,417.0,northern_phoenix,0,Wait,0,Wait,0,215,215,0,,0,0,0.0,0.0,0.0
greedy,9000031,375,417.0,northern_pioneer,0,Wait,0,Wait,0,215,215,0,,0,0,0.0,0.0,0.0
greedy,9000031,376,418.0,northern_pathfinder,0,Wait,0,Wait,0,215,215,0,,0,0,0.0,0.0,0.0
greedy,9000031,376,418.0,northern_phoenix,1,Terminal,1,Terminal,0,215,215,0,,0,0,0.0,0.0,0.0
greedy,9000031,376,418.0,northern_pioneer,0,Wait,0,Wait,0,215,215,0,,0,0,0.0,0.0,0.0
greedy,9000031,377,439.0,northern_pathfinder,0,Wait,0,Wait,0,215,215,0,,0,0,0.0,0.0,0.0
greedy,9000031,377,439.0,northern_phoenix,0,Wait,0,Wait,0,215,215,0,,0,0,0.0,0.0,0.0
greedy,9000031,377,439.0,northern_pioneer,0,Wait,0,Wait,0,215,215,0,,0,0,0.0,0.0,0.0
greedy,9000031,378,440.0,northern_pathfinder,0,Wait,0,Wait,0,215,215,0,,0,0,0.0,0.0,0.0
greedy,9000031,378,440.0,northern_phoenix,0,Wait,0,Wait,0,215,215,0,,0,0,0.0,0.0,0.0
greedy,9000031,378,440.0,northern_pioneer,0,Wait,0,Wait,0,215,215,0,,0,0,0.0,0.0,0.0
greedy,9000031,379,441.0,northern_pathfinder,0,Wait,0,Wait,0,215,215,0,,0,0,0.0,0.0,0.0
greedy,9000031,379,441.0,northern_phoenix,0,Wait,0,Wait,0,215,215,0,,0,0,0.0,0.0,0.0
greedy,9000031,379,441.0,northern_pioneer,0,Wait,0,Wait,0,215,215,0,,0,0,0.0,0.0,0.0
greedy,9000031,380,442.0,northern_pathfinder,0,Wait,0,Wait,0,215,215,0,,0,0,0.0,0.0,0.0
greedy,9000031,380,442.0,northern_phoenix,0,Wait,0,Wait,0,215,215,0,,0,0,0.0,0.0,0.0
greedy,9000031,380,442.0,northern_pioneer,0,Wait,0,Wait,0,215,215,0,,0,0,0.0,0.0,0.0
greedy,9000031,381,443.0,northern_pathfinder,0,Wait,0,Wait,0,215,215,0,,0,0,0.0,0.0,0.0
greedy,9000031,381,443.0,northern_phoenix,0,Wait,0,Wait,0,215,215,0,,0,0,0.0,0.0,0.0
greedy,9000031,381,443.0,northern_pioneer,0,Wait,0,Wait,0,215,215,0,,0,0,0.0,0.0,0.0
greedy,9000031,382,444.0,northern_pathfinder,0,Wait,0,Wait,0,215,215,0,,0,0,0.0,0.0,0.0
greedy,9000031,382,444.0,northern_phoenix,0,Wait,0,Wait,0,215,215,0,,0,0,0.0,0.0,0.0
greedy,9000031,382,444.0,northern_pioneer,0,Wait,0,Wait,0,215,215,0,,0,0,0.0,0.0,0.0
greedy,9000031,383,445.0,northern_pathfinder,0,Wait,0,Wait,0,215,215,0,,0,0,0.0,0.0,0.0
greedy,9000031,383,445.0,northern_phoenix,0,Wait,0,Wait,0,215,215,0,,0,0,0.0,0.0,0.0
greedy,9000031,383,445.0,northern_pioneer,0,Wait,0,Wait,0,215,215,0,,0,0,0.0,0.0,0.0
greedy,9000031,384,446.0,northern_pathfinder,0,Wait,0,Wait,0,215,215,0,,0,0,0.0,0.0,0.0
greedy,9000031,384,446.0,northern_phoenix,0,Wait,0,Wait,0,215,215,0,,0,0,0.0,0.0,0.0
greedy,9000031,384,446.0,northern_pioneer,0,Wait,0,Wait,0,215,215,0,,0,0,0.0,0.0,0.0
greedy,9000031,385,447.0,northern_pathfinder,0,Wait,0,Wait,0,215,215,0,,0,0,0.0,0.0,0.0
greedy,9000031,385,447.0,northern_phoenix,0,Wait,0,Wait,0,215,215,0,,0,0,0.0,0.0,0.0
greedy,9000031,385,447.0,northern_pioneer,4,Yara Sluiskil,4,Yara Sluiskil,0,215,215,0,,0,0,0.0,0.0,0.0
greedy,9000031,386,448.0,northern_pathfinder,0,Wait,0,Wait,0,215,215,0,,0,0,0.0,0.0,0.0
greedy,9000031,386,448.0,northern_phoenix,0,Wait,0,Wait,0,215,215,0,,0,0,0.0,0.0,0.0
greedy,9000031,386,448.0,northern_pioneer,0,Wait,0,Wait,0,215,215,0,,0,0,0.0,0.0,0.0
greedy,9000031,387,449.0,northern_pathfinder,1,Terminal,1,Terminal,0,215,215,0,,0,0,0.0,0.0,0.0
greedy,9000031,387,449.0,northern_phoenix,0,Wait,0,Wait,0,215,215,0,,0,0,0.0,0.0,0.0
greedy,9000031,387,449.0,northern_pioneer,0,Wait,0,Wait,0,215,215,0,,0,0,0.0,0.0,0.0
greedy,9000031,388,461.0,northern_pathfinder,0,Wait,0,Wait,0,215,215,0,,0,0,0.0,0.0,0.0
greedy,9000031,388,461.0,northern_phoenix,4,Yara Sluiskil,4,Yara Sluiskil,0,215,215,0,,0,0,0.0,0.0,0.0
greedy,9000031,388,461.0,northern_pioneer,0,Wait,0,Wait,0,215,215,0,,0,0,0.0,0.0,0.0
greedy,9000031,389,492.0,northern_pathfinder,4,Yara Sluiskil,4,Yara Sluiskil,0,215,215,0,,0,0,0.0,0.0,0.0
greedy,9000031,389,492.0,northern_phoenix,0,Wait,0,Wait,0,215,215,0,,0,0,0.0,0.0,0.0
greedy,9000031,389,492.0,northern_pioneer,0,Wait,0,Wait,0,215,215,0,,0,0,0.0,0.0,0.0
greedy,9000031,390,499.0,northern_pathfinder,0,Wait,0,Wait,0,215,215,0,,0,0,0.0,0.0,0.0
greedy,9000031,390,499.0,northern_phoenix,0,Wait,0,Wait,0,215,215,0,,0,0,0.0,0.0,0.0
greedy,9000031,390,499.0,northern_pioneer,0,Wait,0,Wait,0,215,215,0,,0,0,0.0,0.0,0.0
greedy,9000031,391,500.0,northern_pathfinder,0,Wait,0,Wait,0,215,215,0,,0,0,0.0,0.0,0.0
greedy,9000031,391,500.0,northern_phoenix,0,Wait,0,Wait,0,215,215,0,,0,0,0.0,0.0,0.0
greedy,9000031,391,500.0,northern_pioneer,0,Wait,0,Wait,0,215,215,0,,0,0,0.0,0.0,0.0
greedy,9000031,392,501.0,northern_pathfinder,0,Wait,0,Wait,0,215,215,0,,0,0,0.0,0.0,0.0
greedy,9000031,392,501.0,northern_phoenix,0,Wait,0,Wait,0,215,215,0,,0,0,0.0,0.0,0.0
greedy,9000031,392,501.0,northern_pioneer,0,Wait,0,Wait,0,215,215,0,,0,0,0.0,0.0,0.0
greedy,9000031,393,502.0,northern_pathfinder,0,Wait,0,Wait,0,215,215,0,,0,0,0.0,0.0,0.0
greedy,9000031,393,502.0,northern_phoenix,0,Wait,0,Wait,0,215,215,0,,0,0,0.0,0.0,0.0
greedy,9000031,393,502.0,northern_pioneer,0,Wait,0,Wait,0,215,215,0,,0,0,0.0,0.0,0.0
greedy,9000031,394,503.0,northern_pathfinder,0,Wait,0,Wait,0,215,215,0,,0,0,0.0,0.0,0.0
greedy,9000031,394,503.0,northern_phoenix,0,Wait,0,Wait,0,215,215,0,,0,0,0.0,0.0,0.0
greedy,9000031,394,503.0,northern_pioneer,0,Wait,0,Wait,0,215,215,0,,0,0,0.0,0.0,0.0
greedy,9000031,395,504.0,northern_pathfinder,0,Wait,0,Wait,0,215,215,0,,0,0,0.0,0.0,0.0
greedy,9000031,395,504.0,northern_phoenix,0,Wait,0,Wait,0,215,215,0,,0,0,0.0,0.0,0.0
greedy,9000031,395,504.0,northern_pioneer,0,Wait,0,Wait,0,215,215,0,,0,0,0.0,0.0,0.0
greedy,9000031,396,505.0,northern_pathfinder,0,Wait,0,Wait,0,215,215,0,,0,0,0.0,0.0,0.0
greedy,9000031,396,505.0,northern_phoenix,0,Wait,0,Wait,0,215,215,0,,0,0,0.0,0.0,0.0
greedy,9000031,396,505.0,northern_pioneer,0,Wait,0,Wait,0,215,215,0,,0,0,0.0,0.0,0.0
greedy,9000031,397,506.0,northern_pathfinder,0,Wait,0,Wait,0,215,215,0,,0,0,0.0,0.0,0.0
greedy,9000031,397,506.0,northern_phoenix,0,Wait,0,Wait,0,215,215,0,,0,0,0.0,0.0,0.0
greedy,9000031,397,506.0,northern_pioneer,0,Wait,0,Wait,0,215,215,0,,0,0,0.0,0.0,0.0
greedy,9000031,398,507.0,northern_pathfinder,0,Wait,0,Wait,0,215,215,0,,0,0,0.0,0.0,0.0
greedy,9000031,398,507.0,northern_phoenix,0,Wait,0,Wait,0,215,215,0,,0,0,0.0,0.0,0.0
greedy,9000031,398,507.0,northern_pioneer,0,Wait,0,Wait,0,215,215,0,,0,0,0.0,0.0,0.0
greedy,9000031,399,508.0,northern_pathfinder,0,Wait,0,Wait,0,215,215,0,,0,0,0.0,0.0,0.0
greedy,9000031,399,508.0,northern_phoenix,0,Wait,0,Wait,0,215,215,0,,0,0,0.0,0.0,0.0
greedy,9000031,399,508.0,northern_pioneer,0,Wait,0,Wait,0,215,215,0,,0,0,0.0,0.0,0.0
greedy,9000031,400,509.0,northern_pathfinder,0,Wait,0,Wait,0,215,215,0,,0,0,0.0,0.0,0.0
greedy,9000031,400,509.0,northern_phoenix,0,Wait,0,Wait,0,215,215,0,,0,0,0.0,0.0,0.0
greedy,9000031,400,509.0,northern_pioneer,1,Terminal,1,Terminal,0,215,215,0,,0,0,0.0,0.0,0.0
greedy,9000031,401,516.0,northern_pathfinder,0,Wait,0,Wait,0,215,215,0,,0,0,0.0,0.0,0.0
greedy,9000031,401,516.0,northern_phoenix,0,Wait,0,Wait,0,215,215,0,,0,0,0.0,0.0,0.0
greedy,9000031,401,516.0,northern_pioneer,0,Wait,0,Wait,0,215,215,0,,0,0,0.0,0.0,0.0
greedy,9000031,402,517.0,northern_pathfinder,0,Wait,0,Wait,0,215,215,0,,0,0,0.0,0.0,0.0
greedy,9000031,402,517.0,northern_phoenix,0,Wait,0,Wait,0,215,215,0,,0,0,0.0,0.0,0.0
greedy,9000031,402,517.0,northern_pioneer,0,Wait,0,Wait,0,215,215,0,,0,0,0.0,0.0,0.0
greedy,9000031,403,518.0,northern_pathfinder,0,Wait,0,Wait,0,215,215,0,,0,0,0.0,0.0,0.0
greedy,9000031,403,518.0,northern_phoenix,0,Wait,0,Wait,0,215,215,0,,0,0,0.0,0.0,0.0
greedy,9000031,403,518.0,northern_pioneer,0,Wait,0,Wait,0,215,215,0,,0,0,0.0,0.0,0.0
greedy,9000031,404,519.0,northern_pathfinder,0,Wait,0,Wait,0,215,215,0,,0,0,0.0,0.0,0.0
greedy,9000031,404,519.0,northern_phoenix,0,Wait,0,Wait,0,215,215,0,,0,0,0.0,0.0,0.0
greedy,9000031,404,519.0,northern_pioneer,0,Wait,0,Wait,0,215,215,0,,0,0,0.0,0.0,0.0
greedy,9000031,405,520.0,northern_pathfinder,0,Wait,0,Wait,0,215,215,0,,0,0,0.0,0.0,0.0
greedy,9000031,405,520.0,northern_phoenix,0,Wait,0,Wait,0,215,215,0,,0,0,0.0,0.0,0.0
greedy,9000031,405,520.0,northern_pioneer,0,Wait,0,Wait,0,215,215,0,,0,0,0.0,0.0,0.0
greedy,9000031,406,521.0,northern_pathfinder,0,Wait,0,Wait,0,215,215,0,,0,0,0.0,0.0,0.0
greedy,9000031,406,521.0,northern_phoenix,0,Wait,0,Wait,0,215,215,0,,0,0,0.0,0.0,0.0
greedy,9000031,406,521.0,northern_pioneer,0,Wait,0,Wait,0,215,215,0,,0,0,0.0,0.0,0.0
greedy,9000031,407,522.0,northern_pathfinder,0,Wait,0,Wait,0,215,215,0,,0,0,0.0,0.0,0.0
greedy,9000031,407,522.0,northern_phoenix,0,Wait,0,Wait,0,215,215,0,,0,0,0.0,0.0,0.0
greedy,9000031,407,522.0,northern_pioneer,0,Wait,0,Wait,0,215,215,0,,0,0,0.0,0.0,0.0
greedy,9000031,408,523.0,northern_pathfinder,0,Wait,0,Wait,0,215,215,0,,0,0,0.0,0.0,0.0
greedy,9000031,408,523.0,northern_phoenix,0,Wait,0,Wait,0,215,215,0,,0,0,0.0,0.0,0.0
greedy,9000031,408,523.0,northern_pioneer,0,Wait,0,Wait,0,215,215,0,,0,0,0.0,0.0,0.0
greedy,9000031,409,524.0,northern_pathfinder,0,Wait,0,Wait,0,215,215,0,,0,0,0.0,0.0,0.0
greedy,9000031,409,524.0,northern_phoenix,0,Wait,0,Wait,0,215,215,0,,0,0,0.0,0.0,0.0
greedy,9000031,409,524.0,northern_pioneer,0,Wait,0,Wait,0,215,215,0,,0,0,0.0,0.0,0.0
greedy,9000031,410,525.0,northern_pathfinder,0,Wait,0,Wait,0,215,215,0,,0,0,0.0,0.0,0.0
greedy,9000031,410,525.0,northern_phoenix,0,Wait,0,Wait,0,215,215,0,,0,0,0.0,0.0,0.0
greedy,9000031,410,525.0,northern_pioneer,0,Wait,0,Wait,0,215,215,0,,0,0,0.0,0.0,0.0
greedy,9000031,411,526.0,northern_pathfinder,0,Wait,0,Wait,0,215,215,0,,0,0,0.0,0.0,0.0
greedy,9000031,411,526.0,northern_phoenix,1,Terminal,1,Terminal,0,215,215,0,,0,0,0.0,0.0,0.0
greedy,9000031,411,526.0,northern_pioneer,0,Wait,0,Wait,0,215,215,0,,0,0,0.0,0.0,0.0
greedy,9000031,412,544.0,northern_pathfinder,0,Wait,0,Wait,0,215,215,0,,0,0,0.0,0.0,0.0
greedy,9000031,412,544.0,northern_phoenix,0,Wait,0,Wait,0,215,215,0,,0,0,0.0,0.0,0.0
greedy,9000031,412,544.0,northern_pioneer,0,Wait,0,Wait,0,215,215,0,,0,0,0.0,0.0,0.0
greedy,9000031,413,545.0,northern_pathfinder,0,Wait,0,Wait,0,215,215,0,,0,0,0.0,0.0,0.0
greedy,9000031,413,545.0,northern_phoenix,0,Wait,0,Wait,0,215,215,0,,0,0,0.0,0.0,0.0
greedy,9000031,413,545.0,northern_pioneer,0,Wait,0,Wait,0,215,215,0,,0,0,0.0,0.0,0.0
greedy,9000031,414,546.0,northern_pathfinder,0,Wait,0,Wait,0,215,215,0,,0,0,0.0,0.0,0.0
greedy,9000031,414,546.0,northern_phoenix,0,Wait,0,Wait,0,215,215,0,,0,0,0.0,0.0,0.0
greedy,9000031,414,546.0,northern_pioneer,0,Wait,0,Wait,0,215,215,0,,0,0,0.0,0.0,0.0
greedy,9000031,415,547.0,northern_pathfinder,0,Wait,0,Wait,0,215,215,0,,0,0,0.0,0.0,0.0
greedy,9000031,415,547.0,northern_phoenix,0,Wait,0,Wait,0,215,215,0,,0,0,0.0,0.0,0.0
greedy,9000031,415,547.0,northern_pioneer,0,Wait,0,Wait,0,215,215,0,,0,0,0.0,0.0,0.0
greedy,9000031,416,548.0,northern_pathfinder,0,Wait,0,Wait,0,215,215,0,,0,0,0.0,0.0,0.0
greedy,9000031,416,548.0,northern_phoenix,0,Wait,0,Wait,0,215,215,0,,0,0,0.0,0.0,0.0
greedy,9000031,416,548.0,northern_pioneer,0,Wait,0,Wait,0,215,215,0,,0,0,0.0,0.0,0.0
greedy,9000031,417,549.0,northern_pathfinder,0,Wait,0,Wait,0,215,215,0,,0,0,0.0,0.0,0.0
greedy,9000031,417,549.0,northern_phoenix,0,Wait,0,Wait,0,215,215,0,,0,0,0.0,0.0,0.0
greedy,9000031,417,549.0,northern_pioneer,0,Wait,0,Wait,0,215,215,0,,0,0,0.0,0.0,0.0
greedy,9000031,418,550.0,northern_pathfinder,0,Wait,0,Wait,0,215,215,0,,0,0,0.0,0.0,0.0
greedy,9000031,418,550.0,northern_phoenix,0,Wait,0,Wait,0,215,215,0,,0,0,0.0,0.0,0.0
greedy,9000031,418,550.0,northern_pioneer,0,Wait,0,Wait,0,215,215,0,,0,0,0.0,0.0,0.0
greedy,9000031,419,551.0,northern_pathfinder,0,Wait,0,Wait,0,215,215,0,,0,0,0.0,0.0,0.0
greedy,9000031,419,551.0,northern_phoenix,0,Wait,0,Wait,0,215,215,0,,0,0,0.0,0.0,0.0
greedy,9000031,419,551.0,northern_pioneer,0,Wait,0,Wait,0,215,215,0,,0,0,0.0,0.0,0.0
greedy,9000031,420,552.0,northern_pathfinder,0,Wait,0,Wait,0,215,215,0,,0,0,0.0,0.0,0.0
greedy,9000031,420,552.0,northern_phoenix,0,Wait,0,Wait,0,215,215,0,,0,0,0.0,0.0,0.0
greedy,9000031,420,552.0,northern_pioneer,0,Wait,0,Wait,0,215,215,0,,0,0,0.0,0.0,0.0
greedy,9000031,421,553.0,northern_pathfinder,0,Wait,0,Wait,0,215,215,0,,0,0,0.0,0.0,0.0
greedy,9000031,421,553.0,northern_phoenix,0,Wait,0,Wait,0,215,215,0,,0,0,0.0,0.0,0.0
greedy,9000031,421,553.0,northern_pioneer,0,Wait,0,Wait,0,215,215,0,,0,0,0.0,0.0,0.0
greedy,9000031,422,554.0,northern_pathfinder,0,Wait,0,Wait,0,215,215,0,,0,0,0.0,0.0,0.0
greedy,9000031,422,554.0,northern_phoenix,0,Wait,0,Wait,0,215,215,0,,0,0,0.0,0.0,0.0
greedy,9000031,422,554.0,northern_pioneer,0,Wait,0,Wait,0,215,215,0,,0,0,0.0,0.0,0.0
greedy,9000031,423,555.0,northern_pathfinder,0,Wait,0,Wait,0,215,215,0,,0,0,0.0,0.0,0.0
greedy,9000031,423,555.0,northern_phoenix,0,Wait,0,Wait,0,215,215,0,,0,0,0.0,0.0,0.0
greedy,9000031,423,555.0,northern_pioneer,0,Wait,0,Wait,0,215,215,0,,0,0,0.0,0.0,0.0
greedy,9000031,424,556.0,northern_pathfinder,0,Wait,0,Wait,0,215,215,0,,0,0,0.0,0.0,0.0
greedy,9000031,424,556.0,northern_phoenix,0,Wait,0,Wait,0,215,215,0,,0,0,0.0,0.0,0.0
greedy,9000031,424,556.0,northern_pioneer,0,Wait,0,Wait,0,215,215,0,,0,0,0.0,0.0,0.0
greedy,9000031,425,557.0,northern_pathfinder,0,Wait,0,Wait,0,215,215,0,,0,0,0.0,0.0,0.0
greedy,9000031,425,557.0,northern_phoenix,0,Wait,0,Wait,0,215,215,0,,0,0,0.0,0.0,0.0
greedy,9000031,425,557.0,northern_pioneer,0,Wait,0,Wait,0,215,215,0,,0,0,0.0,0.0,0.0
greedy,9000031,426,558.0,northern_pathfinder,0,Wait,0,Wait,0,215,215,0,,0,0,0.0,0.0,0.0
greedy,9000031,426,558.0,northern_phoenix,0,Wait,0,Wait,0,215,215,0,,0,0,0.0,0.0,0.0
greedy,9000031,426,558.0,northern_pioneer,0,Wait,0,Wait,0,215,215,0,,0,0,0.0,0.0,0.0
greedy,9000031,427,559.0,northern_pathfinder,0,Wait,0,Wait,0,215,215,0,,0,0,0.0,0.0,0.0
greedy,9000031,427,559.0,northern_phoenix,0,Wait,0,Wait,0,215,215,0,,0,0,0.0,0.0,0.0
greedy,9000031,427,559.0,northern_pioneer,0,Wait,0,Wait,0,215,215,0,,0,0,0.0,0.0,0.0
greedy,9000031,428,560.0,northern_pathfinder,0,Wait,0,Wait,0,215,215,0,,0,0,0.0,0.0,0.0
greedy,9000031,428,560.0,northern_phoenix,0,Wait,0,Wait,0,215,215,0,,0,0,0.0,0.0,0.0
greedy,9000031,428,560.0,northern_pioneer,0,Wait,0,Wait,0,215,215,0,,0,0,0.0,0.0,0.0
greedy,9000031,429,561.0,northern_pathfinder,0,Wait,0,Wait,0,215,215,0,,0,0,0.0,0.0,0.0
greedy,9000031,429,561.0,northern_phoenix,0,Wait,0,Wait,0,215,215,0,,0,0,0.0,0.0,0.0
greedy,9000031,429,561.0,northern_pioneer,0,Wait,0,Wait,0,215,215,0,,0,0,0.0,0.0,0.0
greedy,9000031,430,562.0,northern_pathfinder,0,Wait,0,Wait,0,215,215,0,,0,0,0.0,0.0,0.0
greedy,9000031,430,562.0,northern_phoenix,0,Wait,0,Wait,0,215,215,0,,0,0,0.0,0.0,0.0
greedy,9000031,430,562.0,northern_pioneer,0,Wait,0,Wait,0,215,215,0,,0,0,0.0,0.0,0.0
greedy,9000031,431,563.0,northern_pathfinder,0,Wait,0,Wait,0,215,215,0,,0,0,0.0,0.0,0.0
greedy,9000031,431,563.0,northern_phoenix,0,Wait,0,Wait,0,215,215,0,,0,0,0.0,0.0,0.0
greedy,9000031,431,563.0,northern_pioneer,0,Wait,0,Wait,0,215,215,0,,0,0,0.0,0.0,0.0
greedy,9000031,432,564.0,northern_pathfinder,0,Wait,0,Wait,0,215,215,0,,0,0,0.0,0.0,0.0
greedy,9000031,432,564.0,northern_phoenix,0,Wait,0,Wait,0,215,215,0,,0,0,0.0,0.0,0.0
greedy,9000031,432,564.0,northern_pioneer,0,Wait,0,Wait,0,215,215,0,,0,0,0.0,0.0,0.0
greedy,9000031,433,565.0,northern_pathfinder,0,Wait,0,Wait,0,215,215,0,,0,0,0.0,0.0,0.0
greedy,9000031,433,565.0,northern_phoenix,0,Wait,0,Wait,0,215,215,0,,0,0,0.0,0.0,0.0
greedy,9000031,433,565.0,northern_pioneer,0,Wait,0,Wait,0,215,215,0,,0,0,0.0,0.0,0.0
greedy,9000031,434,566.0,northern_pathfinder,0,Wait,0,Wait,0,215,215,0,,0,0,0.0,0.0,0.0
greedy,9000031,434,566.0,northern_phoenix,0,Wait,0,Wait,0,215,215,0,,0,0,0.0,0.0,0.0
greedy,9000031,434,566.0,northern_pioneer,2,Brevik,2,Brevik,0,215,215,0,,0,0,0.0,0.0,0.0
greedy,9000031,435,567.0,northern_pathfinder,0,Wait,0,Wait,0,215,215,0,,0,0,0.0,0.0,0.0
greedy,9000031,435,567.0,northern_phoenix,0,Wait,0,Wait,0,215,215,0,,0,0,0.0,0.0,0.0
greedy,9000031,435,567.0,northern_pioneer,0,Wait,0,Wait,0,215,215,0,,0,0,0.0,0.0,0.0
greedy,9000031,436,568.0,northern_pathfinder,0,Wait,0,Wait,0,215,215,0,,0,0,0.0,0.0,0.0
greedy,9000031,436,568.0,northern_phoenix,0,Wait,0,Wait,0,215,215,0,,0,0,0.0,0.0,0.0
greedy,9000031,436,568.0,northern_pioneer,0,Wait,0,Wait,0,215,215,0,,0,0,0.0,0.0,0.0
greedy,9000031,437,569.0,northern_pathfinder,0,Wait,0,Wait,0,215,215,0,,0,0,0.0,0.0,0.0
greedy,9000031,437,569.0,northern_phoenix,0,Wait,0,Wait,0,215,215,0,,0,0,0.0,0.0,0.0
greedy,9000031,437,569.0,northern_pioneer,0,Wait,0,Wait,0,215,215,0,,0,0,0.0,0.0,0.0
greedy,9000031,438,570.0,northern_pathfinder,0,Wait,0,Wait,0,215,215,0,,0,0,0.0,0.0,0.0
greedy,9000031,438,570.0,northern_phoenix,0,Wait,0,Wait,0,215,215,0,,0,0,0.0,0.0,0.0
greedy,9000031,438,570.0,northern_pioneer,0,Wait,0,Wait,0,215,215,0,,0,0,0.0,0.0,0.0
greedy,9000031,439,571.0,northern_pathfinder,0,Wait,0,Wait,0,215,215,0,,0,0,0.0,0.0,0.0
greedy,9000031,439,571.0,northern_phoenix,0,Wait,0,Wait,0,215,215,0,,0,0,0.0,0.0,0.0
greedy,9000031,439,571.0,northern_pioneer,0,Wait,0,Wait,0,215,215,0,,0,0,0.0,0.0,0.0
greedy,9000031,440,572.0,northern_pathfinder,0,Wait,0,Wait,0,215,215,0,,0,0,0.0,0.0,0.0
greedy,9000031,440,572.0,northern_phoenix,0,Wait,0,Wait,0,215,215,0,,0,0,0.0,0.0,0.0
greedy,9000031,440,572.0,northern_pioneer,0,Wait,0,Wait,0,215,215,0,,0,0,0.0,0.0,0.0
greedy,9000031,441,573.0,northern_pathfinder,0,Wait,0,Wait,0,215,215,0,,0,0,0.0,0.0,0.0
greedy,9000031,441,573.0,northern_phoenix,0,Wait,0,Wait,0,215,215,0,,0,0,0.0,0.0,0.0
greedy,9000031,441,573.0,northern_pioneer,0,Wait,0,Wait,0,215,215,0,,0,0,0.0,0.0,0.0
greedy,9000031,442,574.0,northern_pathfinder,0,Wait,0,Wait,0,215,215,0,,0,0,0.0,0.0,0.0
greedy,9000031,442,574.0,northern_phoenix,0,Wait,0,Wait,0,215,215,0,,0,0,0.0,0.0,0.0
greedy,9000031,442,574.0,northern_pioneer,0,Wait,0,Wait,0,215,215,0,,0,0,0.0,0.0,0.0
greedy,9000031,443,575.0,northern_pathfinder,0,Wait,0,Wait,0,215,215,0,,0,0,0.0,0.0,0.0
greedy,9000031,443,575.0,northern_phoenix,0,Wait,0,Wait,0,215,215,0,,0,0,0.0,0.0,0.0
greedy,9000031,443,575.0,northern_pioneer,0,Wait,0,Wait,0,215,215,0,,0,0,0.0,0.0,0.0
greedy,9000031,444,576.0,northern_pathfinder,0,Wait,0,Wait,0,215,215,0,,0,0,0.0,0.0,0.0
greedy,9000031,444,576.0,northern_phoenix,0,Wait,0,Wait,0,215,215,0,,0,0,0.0,0.0,0.0
greedy,9000031,444,576.0,northern_pioneer,0,Wait,0,Wait,0,215,215,0,,0,0,0.0,0.0,0.0
greedy,9000031,445,577.0,northern_pathfinder,0,Wait,0,Wait,0,215,215,0,,0,0,0.0,0.0,0.0
greedy,9000031,445,577.0,northern_phoenix,0,Wait,0,Wait,0,215,215,0,,0,0,0.0,0.0,0.0
greedy,9000031,445,577.0,northern_pioneer,0,Wait,0,Wait,0,215,215,0,,0,0,0.0,0.0,0.0
greedy,9000031,446,578.0,northern_pathfinder,0,Wait,0,Wait,0,215,215,0,,0,0,0.0,0.0,0.0
greedy,9000031,446,578.0,northern_phoenix,0,Wait,0,Wait,0,215,215,0,,0,0,0.0,0.0,0.0
greedy,9000031,446,578.0,northern_pioneer,0,Wait,0,Wait,0,215,215,0,,0,0,0.0,0.0,0.0
greedy,9000031,447,579.0,northern_pathfinder,0,Wait,0,Wait,0,215,215,0,,0,0,0.0,0.0,0.0
greedy,9000031,447,579.0,northern_phoenix,0,Wait,0,Wait,0,215,215,0,,0,0,0.0,0.0,0.0
greedy,9000031,447,579.0,northern_pioneer,0,Wait,0,Wait,0,215,215,0,,0,0,0.0,0.0,0.0
greedy,9000031,448,580.0,northern_pathfinder,0,Wait,0,Wait,0,215,215,0,,0,0,0.0,0.0,0.0
greedy,9000031,448,580.0,northern_phoenix,2,Brevik,2,Brevik,0,215,215,0,,0,0,0.0,0.0,0.0
greedy,9000031,448,580.0,northern_pioneer,0,Wait,0,Wait,0,215,215,0,,0,0,0.0,0.0,0.0
greedy,9000031,449,581.0,northern_pathfinder,0,Wait,0,Wait,0,215,215,0,,0,0,0.0,0.0,0.0
greedy,9000031,449,581.0,northern_phoenix,0,Wait,0,Wait,0,215,215,0,,0,0,0.0,0.0,0.0
greedy,9000031,449,581.0,northern_pioneer,0,Wait,0,Wait,0,215,215,0,,0,0,0.0,0.0,0.0
greedy,9000031,450,582.0,northern_pathfinder,0,Wait,0,Wait,0,215,215,0,,0,0,0.0,0.0,0.0
greedy,9000031,450,582.0,northern_phoenix,0,Wait,0,Wait,0,215,215,0,,0,0,0.0,0.0,0.0
greedy,9000031,450,582.0,northern_pioneer,0,Wait,0,Wait,0,215,215,0,,0,0,0.0,0.0,0.0
greedy,9000031,451,583.0,northern_pathfinder,0,Wait,0,Wait,0,215,215,0,,0,0,0.0,0.0,0.0
greedy,9000031,451,583.0,northern_phoenix,0,Wait,0,Wait,0,215,215,0,,0,0,0.0,0.0,0.0
greedy,9000031,451,583.0,northern_pioneer,0,Wait,0,Wait,0,215,215,0,,0,0,0.0,0.0,0.0
greedy,9000031,452,584.0,northern_pathfinder,0,Wait,0,Wait,0,215,215,0,,0,0,0.0,0.0,0.0
greedy,9000031,452,584.0,northern_phoenix,0,Wait,0,Wait,0,215,215,0,,0,0,0.0,0.0,0.0
greedy,9000031,452,584.0,northern_pioneer,0,Wait,0,Wait,0,215,215,0,,0,0,0.0,0.0,0.0
greedy,9000031,453,585.0,northern_pathfinder,0,Wait,0,Wait,0,215,215,0,,0,0,0.0,0.0,0.0
greedy,9000031,453,585.0,northern_phoenix,0,Wait,0,Wait,0,215,215,0,,0,0,0.0,0.0,0.0
greedy,9000031,453,585.0,northern_pioneer,0,Wait,0,Wait,0,215,215,0,,0,0,0.0,0.0,0.0
greedy,9000031,454,586.0,northern_pathfinder,0,Wait,0,Wait,0,215,215,0,,0,0,0.0,0.0,0.0
greedy,9000031,454,586.0,northern_phoenix,0,Wait,0,Wait,0,215,215,0,,0,0,0.0,0.0,0.0
greedy,9000031,454,586.0,northern_pioneer,0,Wait,0,Wait,0,215,215,0,,0,0,0.0,0.0,0.0
greedy,9000031,455,587.0,northern_pathfinder,0,Wait,0,Wait,0,215,215,0,,0,0,0.0,0.0,0.0
greedy,9000031,455,587.0,northern_phoenix,0,Wait,0,Wait,0,215,215,0,,0,0,0.0,0.0,0.0
greedy,9000031,455,587.0,northern_pioneer,0,Wait,0,Wait,0,215,215,0,,0,0,0.0,0.0,0.0
greedy,9000031,456,588.0,northern_pathfinder,0,Wait,0,Wait,0,215,215,0,,0,0,0.0,0.0,0.0
greedy,9000031,456,588.0,northern_phoenix,0,Wait,0,Wait,0,215,215,0,,0,0,0.0,0.0,0.0
greedy,9000031,456,588.0,northern_pioneer,0,Wait,0,Wait,0,215,215,0,,0,0,0.0,0.0,0.0
greedy,9000031,457,589.0,northern_pathfinder,0,Wait,0,Wait,0,215,215,0,,0,0,0.0,0.0,0.0
greedy,9000031,457,589.0,northern_phoenix,0,Wait,0,Wait,0,215,215,0,,0,0,0.0,0.0,0.0
greedy,9000031,457,589.0,northern_pioneer,0,Wait,0,Wait,0,215,215,0,,0,0,0.0,0.0,0.0
greedy,9000031,458,590.0,northern_pathfinder,0,Wait,0,Wait,0,215,215,0,,0,0,0.0,0.0,0.0
greedy,9000031,458,590.0,northern_phoenix,0,Wait,0,Wait,0,215,215,0,,0,0,0.0,0.0,0.0
greedy,9000031,458,590.0,northern_pioneer,0,Wait,0,Wait,0,215,215,0,,0,0,0.0,0.0,0.0
greedy,9000031,459,591.0,northern_pathfinder,0,Wait,0,Wait,0,215,215,0,,0,0,0.0,0.0,0.0
greedy,9000031,459,591.0,northern_phoenix,0,Wait,0,Wait,0,215,215,0,,0,0,0.0,0.0,0.0
greedy,9000031,459,591.0,northern_pioneer,0,Wait,0,Wait,0,215,215,0,,0,0,0.0,0.0,0.0
greedy,9000031,460,592.0,northern_pathfinder,0,Wait,0,Wait,0,215,215,0,,0,0,0.0,0.0,0.0
greedy,9000031,460,592.0,northern_phoenix,0,Wait,0,Wait,0,215,215,0,,0,0,0.0,0.0,0.0
greedy,9000031,460,592.0,northern_pioneer,0,Wait,0,Wait,0,215,215,0,,0,0,0.0,0.0,0.0
greedy,9000031,461,593.0,northern_pathfinder,0,Wait,0,Wait,0,215,215,0,,0,0,0.0,0.0,0.0
greedy,9000031,461,593.0,northern_phoenix,0,Wait,0,Wait,0,215,215,0,,0,0,0.0,0.0,0.0
greedy,9000031,461,593.0,northern_pioneer,0,Wait,0,Wait,0,215,215,0,,0,0,0.0,0.0,0.0
greedy,9000031,462,594.0,northern_pathfinder,1,Terminal,1,Terminal,0,215,215,0,,0,0,0.0,0.0,0.0
greedy,9000031,462,594.0,northern_phoenix,0,Wait,0,Wait,0,215,215,0,,0,0,0.0,0.0,0.0
greedy,9000031,462,594.0,northern_pioneer,0,Wait,0,Wait,0,215,215,0,,0,0,0.0,0.0,0.0
greedy,9000031,463,595.0,northern_pathfinder,0,Wait,0,Wait,0,215,215,0,,0,0,0.0,0.0,0.0
greedy,9000031,463,595.0,northern_phoenix,0,Wait,0,Wait,0,215,215,0,,0,0,0.0,0.0,0.0
greedy,9000031,463,595.0,northern_pioneer,0,Wait,0,Wait,0,215,215,0,,0,0,0.0,0.0,0.0
greedy,9000031,464,596.0,northern_pathfinder,0,Wait,0,Wait,0,215,215,0,,0,0,0.0,0.0,0.0
greedy,9000031,464,596.0,northern_phoenix,0,Wait,0,Wait,0,215,215,0,,0,0,0.0,0.0,0.0
greedy,9000031,464,596.0,northern_pioneer,0,Wait,0,Wait,0,215,215,0,,0,0,0.0,0.0,0.0
greedy,9000031,465,597.0,northern_pathfinder,0,Wait,0,Wait,0,215,215,0,,0,0,0.0,0.0,0.0
greedy,9000031,465,597.0,northern_phoenix,0,Wait,0,Wait,0,215,215,0,,0,0,0.0,0.0,0.0
greedy,9000031,465,597.0,northern_pioneer,0,Wait,0,Wait,0,215,215,0,,0,0,0.0,0.0,0.0
greedy,9000031,466,598.0,northern_pathfinder,0,Wait,0,Wait,0,215,215,0,,0,0,0.0,0.0,0.0
greedy,9000031,466,598.0,northern_phoenix,0,Wait,0,Wait,0,215,215,0,,0,0,0.0,0.0,0.0
greedy,9000031,466,598.0,northern_pioneer,0,Wait,0,Wait,0,215,215,0,,0,0,0.0,0.0,0.0
greedy,9000031,467,599.0,northern_pathfinder,0,Wait,0,Wait,0,215,215,0,,0,0,0.0,0.0,0.0
greedy,9000031,467,599.0,northern_phoenix,0,Wait,0,Wait,0,215,215,0,,0,0,0.0,0.0,0.0
greedy,9000031,467,599.0,northern_pioneer,0,Wait,0,Wait,0,215,215,0,,0,0,0.0,0.0,0.0
greedy,9000031,468,600.0,northern_pathfinder,0,Wait,0,Wait,0,215,215,0,,0,0,0.0,0.0,0.0
greedy,9000031,468,600.0,northern_phoenix,0,Wait,0,Wait,0,215,215,0,,0,0,0.0,0.0,0.0
greedy,9000031,468,600.0,northern_pioneer,0,Wait,0,Wait,0,215,215,0,,0,0,0.0,0.0,0.0
greedy,9000031,469,601.0,northern_pathfinder,0,Wait,0,Wait,0,215,215,0,,0,0,0.0,0.0,0.0
greedy,9000031,469,601.0,northern_phoenix,0,Wait,0,Wait,0,215,215,0,,0,0,0.0,0.0,0.0
greedy,9000031,469,601.0,northern_pioneer,0,Wait,0,Wait,0,215,215,0,,0,0,0.0,0.0,0.0
greedy,9000031,470,602.0,northern_pathfinder,0,Wait,0,Wait,0,215,215,0,,0,0,0.0,0.0,0.0
greedy,9000031,470,602.0,northern_phoenix,0,Wait,0,Wait,0,215,215,0,,0,0,0.0,0.0,0.0
greedy,9000031,470,602.0,northern_pioneer,0,Wait,0,Wait,0,215,215,0,,0,0,0.0,0.0,0.0
greedy,9000031,471,603.0,northern_pathfinder,0,Wait,0,Wait,0,215,215,0,,0,0,0.0,0.0,0.0
greedy,9000031,471,603.0,northern_phoenix,0,Wait,0,Wait,0,215,215,0,,0,0,0.0,0.0,0.0
greedy,9000031,471,603.0,northern_pioneer,1,Terminal,1,Terminal,0,215,215,0,,0,0,0.0,0.0,0.0
greedy,9000031,472,608.0,northern_pathfinder,0,Wait,0,Wait,0,215,215,0,,0,0,0.0,0.0,0.0
greedy,9000031,472,608.0,northern_phoenix,0,Wait,0,Wait,0,215,215,0,,0,0,0.0,0.0,0.0
greedy,9000031,472,608.0,northern_pioneer,0,Wait,0,Wait,0,215,215,0,,0,0,0.0,0.0,0.0
greedy,9000031,473,609.0,northern_pathfinder,0,Wait,0,Wait,0,215,215,0,,0,0,0.0,0.0,0.0
greedy,9000031,473,609.0,northern_phoenix,0,Wait,0,Wait,0,215,215,0,,0,0,0.0,0.0,0.0
greedy,9000031,473,609.0,northern_pioneer,0,Wait,0,Wait,0,215,215,0,,0,0,0.0,0.0,0.0
greedy,9000031,474,610.0,northern_pathfinder,0,Wait,0,Wait,0,215,215,0,,0,0,0.0,0.0,0.0
greedy,9000031,474,610.0,northern_phoenix,0,Wait,0,Wait,0,215,215,0,,0,0,0.0,0.0,0.0
greedy,9000031,474,610.0,northern_pioneer,0,Wait,0,Wait,0,215,215,0,,0,0,0.0,0.0,0.0
greedy,9000031,475,611.0,northern_pathfinder,0,Wait,0,Wait,0,215,215,0,,0,0,0.0,0.0,0.0
greedy,9000031,475,611.0,northern_phoenix,0,Wait,0,Wait,0,215,215,0,,0,0,0.0,0.0,0.0
greedy,9000031,475,611.0,northern_pioneer,0,Wait,0,Wait,0,215,215,0,,0,0,0.0,0.0,0.0
greedy,9000031,476,612.0,northern_pathfinder,0,Wait,0,Wait,0,215,215,0,,0,0,0.0,0.0,0.0
greedy,9000031,476,612.0,northern_phoenix,0,Wait,0,Wait,0,215,215,0,,0,0,0.0,0.0,0.0
greedy,9000031,476,612.0,northern_pioneer,0,Wait,0,Wait,0,215,215,0,,0,0,0.0,0.0,0.0
greedy,9000031,477,613.0,northern_pathfinder,0,Wait,0,Wait,0,215,215,0,,0,0,0.0,0.0,0.0
greedy,9000031,477,613.0,northern_phoenix,0,Wait,0,Wait,0,215,215,0,,0,0,0.0,0.0,0.0
greedy,9000031,477,613.0,northern_pioneer,0,Wait,0,Wait,0,215,215,0,,0,0,0.0,0.0,0.0
greedy,9000031,478,614.0,northern_pathfinder,0,Wait,0,Wait,0,215,215,0,,0,0,0.0,0.0,0.0
greedy,9000031,478,614.0,northern_phoenix,0,Wait,0,Wait,0,215,215,0,,0,0,0.0,0.0,0.0
greedy,9000031,478,614.0,northern_pioneer,0,Wait,0,Wait,0,215,215,0,,0,0,0.0,0.0,0.0
greedy,9000031,479,615.0,northern_pathfinder,0,Wait,0,Wait,0,215,215,0,,0,0,0.0,0.0,0.0
greedy,9000031,479,615.0,northern_phoenix,0,Wait,0,Wait,0,215,215,0,,0,0,0.0,0.0,0.0
greedy,9000031,479,615.0,northern_pioneer,0,Wait,0,Wait,0,215,215,0,,0,0,0.0,0.0,0.0
greedy,9000031,480,616.0,northern_pathfinder,0,Wait,0,Wait,0,215,215,0,,0,0,0.0,0.0,0.0
greedy,9000031,480,616.0,northern_phoenix,0,Wait,0,Wait,0,215,215,0,,0,0,0.0,0.0,0.0
greedy,9000031,480,616.0,northern_pioneer,0,Wait,0,Wait,0,215,215,0,,0,0,0.0,0.0,0.0
greedy,9000031,481,617.0,northern_pathfinder,0,Wait,0,Wait,0,215,215,0,,0,0,0.0,0.0,0.0
greedy,9000031,481,617.0,northern_phoenix,0,Wait,0,Wait,0,215,215,0,,0,0,0.0,0.0,0.0
greedy,9000031,481,617.0,northern_pioneer,0,Wait,0,Wait,0,215,215,0,,0,0,0.0,0.0,0.0
greedy,9000031,482,618.0,northern_pathfinder,0,Wait,0,Wait,0,215,215,0,,0,0,0.0,0.0,0.0
greedy,9000031,482,618.0,northern_phoenix,0,Wait,0,Wait,0,215,215,0,,0,0,0.0,0.0,0.0
greedy,9000031,482,618.0,northern_pioneer,0,Wait,0,Wait,0,215,215,0,,0,0,0.0,0.0,0.0
greedy,9000031,483,619.0,northern_pathfinder,0,Wait,0,Wait,0,215,215,0,,0,0,0.0,0.0,0.0
greedy,9000031,483,619.0,northern_phoenix,0,Wait,0,Wait,0,215,215,0,,0,0,0.0,0.0,0.0
greedy,9000031,483,619.0,northern_pioneer,0,Wait,0,Wait,0,215,215,0,,0,0,0.0,0.0,0.0
greedy,9000031,484,620.0,northern_pathfinder,0,Wait,0,Wait,0,215,215,0,,0,0,0.0,0.0,0.0
greedy,9000031,484,620.0,northern_phoenix,0,Wait,0,Wait,0,215,215,0,,0,0,0.0,0.0,0.0
greedy,9000031,484,620.0,northern_pioneer,0,Wait,0,Wait,0,215,215,0,,0,0,0.0,0.0,0.0
greedy,9000031,485,621.0,northern_pathfinder,0,Wait,0,Wait,0,215,215,0,,0,0,0.0,0.0,0.0
greedy,9000031,485,621.0,northern_phoenix,0,Wait,0,Wait,0,215,215,0,,0,0,0.0,0.0,0.0
greedy,9000031,485,621.0,northern_pioneer,0,Wait,0,Wait,0,215,215,0,,0,0,0.0,0.0,0.0
greedy,9000031,486,622.0,northern_pathfinder,0,Wait,0,Wait,0,215,215,0,,0,0,0.0,0.0,0.0
greedy,9000031,486,622.0,northern_phoenix,0,Wait,0,Wait,0,215,215,0,,0,0,0.0,0.0,0.0
greedy,9000031,486,622.0,northern_pioneer,0,Wait,0,Wait,0,215,215,0,,0,0,0.0,0.0,0.0
greedy,9000031,487,623.0,northern_pathfinder,0,Wait,0,Wait,0,215,215,0,,0,0,0.0,0.0,0.0
greedy,9000031,487,623.0,northern_phoenix,0,Wait,0,Wait,0,215,215,0,,0,0,0.0,0.0,0.0
greedy,9000031,487,623.0,northern_pioneer,0,Wait,0,Wait,0,215,215,0,,0,0,0.0,0.0,0.0
greedy,9000031,488,624.0,northern_pathfinder,0,Wait,0,Wait,0,215,215,0,,0,0,0.0,0.0,0.0
greedy,9000031,488,624.0,northern_phoenix,0,Wait,0,Wait,0,215,215,0,,0,0,0.0,0.0,0.0
greedy,9000031,488,624.0,northern_pioneer,0,Wait,0,Wait,0,215,215,0,,0,0,0.0,0.0,0.0
greedy,9000031,489,625.0,northern_pathfinder,0,Wait,0,Wait,0,215,215,0,,0,0,0.0,0.0,0.0
greedy,9000031,489,625.0,northern_phoenix,0,Wait,0,Wait,0,215,215,0,,0,0,0.0,0.0,0.0
greedy,9000031,489,625.0,northern_pioneer,0,Wait,0,Wait,0,215,215,0,,0,0,0.0,0.0,0.0
greedy,9000031,490,626.0,northern_pathfinder,0,Wait,0,Wait,0,215,215,0,,0,0,0.0,0.0,0.0
greedy,9000031,490,626.0,northern_phoenix,0,Wait,0,Wait,0,215,215,0,,0,0,0.0,0.0,0.0
greedy,9000031,490,626.0,northern_pioneer,0,Wait,0,Wait,0,215,215,0,,0,0,0.0,0.0,0.0
greedy,9000031,491,627.0,northern_pathfinder,0,Wait,0,Wait,0,215,215,0,,0,0,0.0,0.0,0.0
greedy,9000031,491,627.0,northern_phoenix,0,Wait,0,Wait,0,215,215,0,,0,0,0.0,0.0,0.0
greedy,9000031,491,627.0,northern_pioneer,0,Wait,0,Wait,0,215,215,0,,0,0,0.0,0.0,0.0
greedy,9000031,492,628.0,northern_pathfinder,0,Wait,0,Wait,0,215,215,0,,0,0,0.0,0.0,0.0
greedy,9000031,492,628.0,northern_phoenix,0,Wait,0,Wait,0,215,215,0,,0,0,0.0,0.0,0.0
greedy,9000031,492,628.0,northern_pioneer,0,Wait,0,Wait,0,215,215,0,,0,0,0.0,0.0,0.0
greedy,9000031,493,629.0,northern_pathfinder,0,Wait,0,Wait,0,215,215,0,,0,0,0.0,0.0,0.0
greedy,9000031,493,629.0,northern_phoenix,0,Wait,0,Wait,0,215,215,0,,0,0,0.0,0.0,0.0
greedy,9000031,493,629.0,northern_pioneer,0,Wait,0,Wait,0,215,215,0,,0,0,0.0,0.0,0.0
greedy,9000031,494,630.0,northern_pathfinder,0,Wait,0,Wait,0,215,215,0,,0,0,0.0,0.0,0.0
greedy,9000031,494,630.0,northern_phoenix,0,Wait,0,Wait,0,215,215,0,,0,0,0.0,0.0,0.0
greedy,9000031,494,630.0,northern_pioneer,0,Wait,0,Wait,0,215,215,0,,0,0,0.0,0.0,0.0
greedy,9000031,495,631.0,northern_pathfinder,0,Wait,0,Wait,0,215,215,0,,0,0,0.0,0.0,0.0
greedy,9000031,495,631.0,northern_phoenix,0,Wait,0,Wait,0,215,215,0,,0,0,0.0,0.0,0.0
greedy,9000031,495,631.0,northern_pioneer,0,Wait,0,Wait,0,215,215,0,,0,0,0.0,0.0,0.0
greedy,9000031,496,632.0,northern_pathfinder,0,Wait,0,Wait,0,215,215,0,,0,0,0.0,0.0,0.0
greedy,9000031,496,632.0,northern_phoenix,0,Wait,0,Wait,0,215,215,0,,0,0,0.0,0.0,0.0
greedy,9000031,496,632.0,northern_pioneer,0,Wait,0,Wait,0,215,215,0,,0,0,0.0,0.0,0.0
greedy,9000031,497,633.0,northern_pathfinder,0,Wait,0,Wait,0,215,215,0,,0,0,0.0,0.0,0.0
greedy,9000031,497,633.0,northern_phoenix,0,Wait,0,Wait,0,215,215,0,,0,0,0.0,0.0,0.0
greedy,9000031,497,633.0,northern_pioneer,0,Wait,0,Wait,0,215,215,0,,0,0,0.0,0.0,0.0
greedy,9000031,498,634.0,northern_pathfinder,0,Wait,0,Wait,0,215,215,0,,0,0,0.0,0.0,0.0
greedy,9000031,498,634.0,northern_phoenix,0,Wait,0,Wait,0,215,215,0,,0,0,0.0,0.0,0.0
greedy,9000031,498,634.0,northern_pioneer,0,Wait,0,Wait,0,215,215,0,,0,0,0.0,0.0,0.0
greedy,9000031,499,635.0,northern_pathfinder,0,Wait,0,Wait,0,215,215,0,,0,0,0.0,0.0,0.0
greedy,9000031,499,635.0,northern_phoenix,0,Wait,0,Wait,0,215,215,0,,0,0,0.0,0.0,0.0
greedy,9000031,499,635.0,northern_pioneer,0,Wait,0,Wait,0,215,215,0,,0,0,0.0,0.0,0.0
greedy,9000031,500,636.0,northern_pathfinder,0,Wait,0,Wait,0,215,215,0,,0,0,0.0,0.0,0.0
greedy,9000031,500,636.0,northern_phoenix,0,Wait,0,Wait,0,215,215,0,,0,0,0.0,0.0,0.0
greedy,9000031,500,636.0,northern_pioneer,0,Wait,0,Wait,0,215,215,0,,0,0,0.0,0.0,0.0
greedy,9000031,501,637.0,northern_pathfinder,0,Wait,0,Wait,0,215,215,0,,0,0,0.0,0.0,0.0
greedy,9000031,501,637.0,northern_phoenix,0,Wait,0,Wait,0,215,215,0,,0,0,0.0,0.0,0.0
greedy,9000031,501,637.0,northern_pioneer,0,Wait,0,Wait,0,215,215,0,,0,0,0.0,0.0,0.0
greedy,9000031,502,638.0,northern_pathfinder,0,Wait,0,Wait,0,215,215,0,,0,0,0.0,0.0,0.0
greedy,9000031,502,638.0,northern_phoenix,0,Wait,0,Wait,0,215,215,0,,0,0,0.0,0.0,0.0
greedy,9000031,502,638.0,northern_pioneer,0,Wait,0,Wait,0,215,215,0,,0,0,0.0,0.0,0.0
greedy,9000031,503,639.0,northern_pathfinder,0,Wait,0,Wait,0,215,215,0,,0,0,0.0,0.0,0.0
greedy,9000031,503,639.0,northern_phoenix,0,Wait,0,Wait,0,215,215,0,,0,0,0.0,0.0,0.0
greedy,9000031,503,639.0,northern_pioneer,0,Wait,0,Wait,0,215,215,0,,0,0,0.0,0.0,0.0
greedy,9000031,504,640.0,northern_pathfinder,0,Wait,0,Wait,0,215,215,0,,0,0,0.0,0.0,0.0
greedy,9000031,504,640.0,northern_phoenix,0,Wait,0,Wait,0,215,215,0,,0,0,0.0,0.0,0.0
greedy,9000031,504,640.0,northern_pioneer,0,Wait,0,Wait,0,215,215,0,,0,0,0.0,0.0,0.0
greedy,9000031,505,641.0,northern_pathfinder,0,Wait,0,Wait,0,215,215,0,,0,0,0.0,0.0,0.0
greedy,9000031,505,641.0,northern_phoenix,0,Wait,0,Wait,0,215,215,0,,0,0,0.0,0.0,0.0
greedy,9000031,505,641.0,northern_pioneer,3,Celsio,3,Celsio,0,215,215,0,,0,0,0.0,0.0,0.0
greedy,9000031,506,642.0,northern_pathfinder,0,Wait,0,Wait,0,215,215,0,,0,0,0.0,0.0,0.0
greedy,9000031,506,642.0,northern_phoenix,0,Wait,0,Wait,0,215,215,0,,0,0,0.0,0.0,0.0
greedy,9000031,506,642.0,northern_pioneer,0,Wait,0,Wait,0,215,215,0,,0,0,0.0,0.0,0.0
greedy,9000031,507,643.0,northern_pathfinder,0,Wait,0,Wait,0,215,215,0,,0,0,0.0,0.0,0.0
greedy,9000031,507,643.0,northern_phoenix,0,Wait,0,Wait,0,215,215,0,,0,0,0.0,0.0,0.0
greedy,9000031,507,643.0,northern_pioneer,0,Wait,0,Wait,0,215,215,0,,0,0,0.0,0.0,0.0
greedy,9000031,508,644.0,northern_pathfinder,0,Wait,0,Wait,0,215,215,0,,0,0,0.0,0.0,0.0
greedy,9000031,508,644.0,northern_phoenix,0,Wait,0,Wait,0,215,215,0,,0,0,0.0,0.0,0.0
greedy,9000031,508,644.0,northern_pioneer,0,Wait,0,Wait,0,215,215,0,,0,0,0.0,0.0,0.0
greedy,9000031,509,645.0,northern_pathfinder,0,Wait,0,Wait,0,215,215,0,,0,0,0.0,0.0,0.0
greedy,9000031,509,645.0,northern_phoenix,0,Wait,0,Wait,0,215,215,0,,0,0,0.0,0.0,0.0
greedy,9000031,509,645.0,northern_pioneer,0,Wait,0,Wait,0,215,215,0,,0,0,0.0,0.0,0.0
greedy,9000031,510,646.0,northern_pathfinder,0,Wait,0,Wait,0,215,215,0,,0,0,0.0,0.0,0.0
greedy,9000031,510,646.0,northern_phoenix,0,Wait,0,Wait,0,215,215,0,,0,0,0.0,0.0,0.0
greedy,9000031,510,646.0,northern_pioneer,0,Wait,0,Wait,0,215,215,0,,0,0,0.0,0.0,0.0
greedy,9000031,511,647.0,northern_pathfinder,0,Wait,0,Wait,0,215,215,0,,0,0,0.0,0.0,0.0
greedy,9000031,511,647.0,northern_phoenix,0,Wait,0,Wait,0,215,215,0,,0,0,0.0,0.0,0.0
greedy,9000031,511,647.0,northern_pioneer,0,Wait,0,Wait,0,215,215,0,,0,0,0.0,0.0,0.0
greedy,9000031,512,648.0,northern_pathfinder,0,Wait,0,Wait,0,215,215,0,,0,0,0.0,0.0,0.0
greedy,9000031,512,648.0,northern_phoenix,0,Wait,0,Wait,0,215,215,0,,0,0,0.0,0.0,0.0
greedy,9000031,512,648.0,northern_pioneer,0,Wait,0,Wait,0,215,215,0,,0,0,0.0,0.0,0.0
greedy,9000031,513,649.0,northern_pathfinder,0,Wait,0,Wait,0,215,215,0,,0,0,0.0,0.0,0.0
greedy,9000031,513,649.0,northern_phoenix,0,Wait,0,Wait,0,215,215,0,,0,0,0.0,0.0,0.0
greedy,9000031,513,649.0,northern_pioneer,0,Wait,0,Wait,0,215,215,0,,0,0,0.0,0.0,0.0
greedy,9000031,514,650.0,northern_pathfinder,0,Wait,0,Wait,0,215,215,0,,0,0,0.0,0.0,0.0
greedy,9000031,514,650.0,northern_phoenix,0,Wait,0,Wait,0,215,215,0,,0,0,0.0,0.0,0.0
greedy,9000031,514,650.0,northern_pioneer,0,Wait,0,Wait,0,215,215,0,,0,0,0.0,0.0,0.0
greedy,9000031,515,651.0,northern_pathfinder,0,Wait,0,Wait,0,215,215,0,,0,0,0.0,0.0,0.0
greedy,9000031,515,651.0,northern_phoenix,0,Wait,0,Wait,0,215,215,0,,0,0,0.0,0.0,0.0
greedy,9000031,515,651.0,northern_pioneer,0,Wait,0,Wait,0,215,215,0,,0,0,0.0,0.0,0.0
greedy,9000031,516,652.0,northern_pathfinder,0,Wait,0,Wait,0,215,215,0,,0,0,0.0,0.0,0.0
greedy,9000031,516,652.0,northern_phoenix,0,Wait,0,Wait,0,215,215,0,,0,0,0.0,0.0,0.0
greedy,9000031,516,652.0,northern_pioneer,0,Wait,0,Wait,0,215,215,0,,0,0,0.0,0.0,0.0
greedy,9000031,517,653.0,northern_pathfinder,0,Wait,0,Wait,0,215,215,0,,0,0,0.0,0.0,0.0
greedy,9000031,517,653.0,northern_phoenix,0,Wait,0,Wait,0,215,215,0,,0,0,0.0,0.0,0.0
greedy,9000031,517,653.0,northern_pioneer,0,Wait,0,Wait,0,215,215,0,,0,0,0.0,0.0,0.0
greedy,9000031,518,654.0,northern_pathfinder,0,Wait,0,Wait,0,215,215,0,,0,0,0.0,0.0,0.0
greedy,9000031,518,654.0,northern_phoenix,0,Wait,0,Wait,0,215,215,0,,0,0,0.0,0.0,0.0
greedy,9000031,518,654.0,northern_pioneer,0,Wait,0,Wait,0,215,215,0,,0,0,0.0,0.0,0.0
greedy,9000031,519,655.0,northern_pathfinder,3,Celsio,3,Celsio,0,215,215,0,,0,0,0.0,0.0,0.0
greedy,9000031,519,655.0,northern_phoenix,0,Wait,0,Wait,0,215,215,0,,0,0,0.0,0.0,0.0
greedy,9000031,519,655.0,northern_pioneer,0,Wait,0,Wait,0,215,215,0,,0,0,0.0,0.0,0.0
greedy,9000031,520,656.0,northern_pathfinder,0,Wait,0,Wait,0,215,215,0,,0,0,0.0,0.0,0.0
greedy,9000031,520,656.0,northern_phoenix,0,Wait,0,Wait,0,215,215,0,,0,0,0.0,0.0,0.0
greedy,9000031,520,656.0,northern_pioneer,0,Wait,0,Wait,0,215,215,0,,0,0,0.0,0.0,0.0
greedy,9000031,521,657.0,northern_pathfinder,0,Wait,0,Wait,0,215,215,0,,0,0,0.0,0.0,0.0
greedy,9000031,521,657.0,northern_phoenix,0,Wait,0,Wait,0,215,215,0,,0,0,0.0,0.0,0.0
greedy,9000031,521,657.0,northern_pioneer,0,Wait,0,Wait,0,215,215,0,,0,0,0.0,0.0,0.0
greedy,9000031,522,658.0,northern_pathfinder,0,Wait,0,Wait,0,215,215,0,,0,0,0.0,0.0,0.0
greedy,9000031,522,658.0,northern_phoenix,0,Wait,0,Wait,0,215,215,0,,0,0,0.0,0.0,0.0
greedy,9000031,522,658.0,northern_pioneer,0,Wait,0,Wait,0,215,215,0,,0,0,0.0,0.0,0.0
greedy,9000031,523,659.0,northern_pathfinder,0,Wait,0,Wait,0,215,215,0,,0,0,0.0,0.0,0.0
greedy,9000031,523,659.0,northern_phoenix,0,Wait,0,Wait,0,215,215,0,,0,0,0.0,0.0,0.0
greedy,9000031,523,659.0,northern_pioneer,0,Wait,0,Wait,0,215,215,0,,0,0,0.0,0.0,0.0
greedy,9000031,524,660.0,northern_pathfinder,0,Wait,0,Wait,0,215,215,0,,0,0,0.0,0.0,0.0
greedy,9000031,524,660.0,northern_phoenix,0,Wait,0,Wait,0,215,215,0,,0,0,0.0,0.0,0.0
greedy,9000031,524,660.0,northern_pioneer,0,Wait,0,Wait,0,215,215,0,,0,0,0.0,0.0,0.0
greedy,9000031,525,661.0,northern_pathfinder,0,Wait,0,Wait,0,215,215,0,,0,0,0.0,0.0,0.0
greedy,9000031,525,661.0,northern_phoenix,0,Wait,0,Wait,0,215,215,0,,0,0,0.0,0.0,0.0
greedy,9000031,525,661.0,northern_pioneer,0,Wait,0,Wait,0,215,215,0,,0,0,0.0,0.0,0.0
greedy,9000031,526,662.0,northern_pathfinder,0,Wait,0,Wait,0,215,215,0,,0,0,0.0,0.0,0.0
greedy,9000031,526,662.0,northern_phoenix,0,Wait,0,Wait,0,215,215,0,,0,0,0.0,0.0,0.0
greedy,9000031,526,662.0,northern_pioneer,0,Wait,0,Wait,0,215,215,0,,0,0,0.0,0.0,0.0
greedy,9000031,527,663.0,northern_pathfinder,0,Wait,0,Wait,0,215,215,0,,0,0,0.0,0.0,0.0
greedy,9000031,527,663.0,northern_phoenix,0,Wait,0,Wait,0,215,215,0,,0,0,0.0,0.0,0.0
greedy,9000031,527,663.0,northern_pioneer,0,Wait,0,Wait,0,215,215,0,,0,0,0.0,0.0,0.0
greedy,9000031,528,664.0,northern_pathfinder,0,Wait,0,Wait,0,215,215,0,,0,0,0.0,0.0,0.0
greedy,9000031,528,664.0,northern_phoenix,0,Wait,0,Wait,0,215,215,0,,0,0,0.0,0.0,0.0
greedy,9000031,528,664.0,northern_pioneer,0,Wait,0,Wait,0,215,215,0,,0,0,0.0,0.0,0.0
greedy,9000031,529,665.0,northern_pathfinder,0,Wait,0,Wait,0,215,215,0,,0,0,0.0,0.0,0.0
greedy,9000031,529,665.0,northern_phoenix,0,Wait,0,Wait,0,215,215,0,,0,0,0.0,0.0,0.0
greedy,9000031,529,665.0,northern_pioneer,0,Wait,0,Wait,0,215,215,0,,0,0,0.0,0.0,0.0
greedy,9000031,530,666.0,northern_pathfinder,0,Wait,0,Wait,0,215,215,0,,0,0,0.0,0.0,0.0
greedy,9000031,530,666.0,northern_phoenix,0,Wait,0,Wait,0,215,215,0,,0,0,0.0,0.0,0.0
greedy,9000031,530,666.0,northern_pioneer,0,Wait,0,Wait,0,215,215,0,,0,0,0.0,0.0,0.0
greedy,9000031,531,667.0,northern_pathfinder,0,Wait,0,Wait,0,215,215,0,,0,0,0.0,0.0,0.0
greedy,9000031,531,667.0,northern_phoenix,0,Wait,0,Wait,0,215,215,0,,0,0,0.0,0.0,0.0
greedy,9000031,531,667.0,northern_pioneer,0,Wait,0,Wait,0,215,215,0,,0,0,0.0,0.0,0.0
greedy,9000031,532,668.0,northern_pathfinder,0,Wait,0,Wait,0,215,215,0,,0,0,0.0,0.0,0.0
greedy,9000031,532,668.0,northern_phoenix,0,Wait,0,Wait,0,215,215,0,,0,0,0.0,0.0,0.0
greedy,9000031,532,668.0,northern_pioneer,0,Wait,0,Wait,0,215,215,0,,0,0,0.0,0.0,0.0
greedy,9000031,533,669.0,northern_pathfinder,0,Wait,0,Wait,0,215,215,0,,0,0,0.0,0.0,0.0
greedy,9000031,533,669.0,northern_phoenix,0,Wait,0,Wait,0,215,215,0,,0,0,0.0,0.0,0.0
greedy,9000031,533,669.0,northern_pioneer,0,Wait,0,Wait,0,215,215,0,,0,0,0.0,0.0,0.0
greedy,9000031,534,670.0,northern_pathfinder,0,Wait,0,Wait,0,215,215,0,,0,0,0.0,0.0,0.0
greedy,9000031,534,670.0,northern_phoenix,0,Wait,0,Wait,0,215,215,0,,0,0,0.0,0.0,0.0
greedy,9000031,534,670.0,northern_pioneer,0,Wait,0,Wait,0,215,215,0,,0,0,0.0,0.0,0.0
greedy,9000031,535,671.0,northern_pathfinder,0,Wait,0,Wait,0,215,215,0,,0,0,0.0,0.0,0.0
greedy,9000031,535,671.0,northern_phoenix,0,Wait,0,Wait,0,215,215,0,,0,0,0.0,0.0,0.0
greedy,9000031,535,671.0,northern_pioneer,0,Wait,0,Wait,0,215,215,0,,0,0,0.0,0.0,0.0
greedy,9000031,536,672.0,northern_pathfinder,0,Wait,0,Wait,0,215,215,0,,0,0,0.0,0.0,0.0
greedy,9000031,536,672.0,northern_phoenix,0,Wait,0,Wait,0,215,215,0,,0,0,0.0,0.0,0.0
greedy,9000031,536,672.0,northern_pioneer,0,Wait,0,Wait,0,215,215,0,,0,0,0.0,0.0,0.0
greedy,9000031,537,673.0,northern_pathfinder,0,Wait,0,Wait,0,215,215,0,,0,0,0.0,0.0,0.0
greedy,9000031,537,673.0,northern_phoenix,0,Wait,0,Wait,0,215,215,0,,0,0,0.0,0.0,0.0
greedy,9000031,537,673.0,northern_pioneer,0,Wait,0,Wait,0,215,215,0,,0,0,0.0,0.0,0.0
greedy,9000031,538,674.0,northern_pathfinder,0,Wait,0,Wait,0,215,215,0,,0,0,0.0,0.0,0.0
greedy,9000031,538,674.0,northern_phoenix,0,Wait,0,Wait,0,215,215,0,,0,0,0.0,0.0,0.0
greedy,9000031,538,674.0,northern_pioneer,0,Wait,0,Wait,0,215,215,0,,0,0,0.0,0.0,0.0
greedy,9000031,539,675.0,northern_pathfinder,0,Wait,0,Wait,0,215,215,0,,0,0,0.0,0.0,0.0
greedy,9000031,539,675.0,northern_phoenix,0,Wait,0,Wait,0,215,215,0,,0,0,0.0,0.0,0.0
greedy,9000031,539,675.0,northern_pioneer,0,Wait,0,Wait,0,215,215,0,,0,0,0.0,0.0,0.0
greedy,9000031,540,676.0,northern_pathfinder,0,Wait,0,Wait,0,215,215,0,,0,0,0.0,0.0,0.0
greedy,9000031,540,676.0,northern_phoenix,0,Wait,0,Wait,0,215,215,0,,0,0,0.0,0.0,0.0
greedy,9000031,540,676.0,northern_pioneer,0,Wait,0,Wait,0,215,215,0,,0,0,0.0,0.0,0.0
greedy,9000031,541,677.0,northern_pathfinder,0,Wait,0,Wait,0,215,215,0,,0,0,0.0,0.0,0.0
greedy,9000031,541,677.0,northern_phoenix,0,Wait,0,Wait,0,215,215,0,,0,0,0.0,0.0,0.0
greedy,9000031,541,677.0,northern_pioneer,0,Wait,0,Wait,0,215,215,0,,0,0,0.0,0.0,0.0
greedy,9000031,542,678.0,northern_pathfinder,0,Wait,0,Wait,0,215,215,0,,0,0,0.0,0.0,0.0
greedy,9000031,542,678.0,northern_phoenix,0,Wait,0,Wait,0,215,215,0,,0,0,0.0,0.0,0.0
greedy,9000031,542,678.0,northern_pioneer,0,Wait,0,Wait,0,215,215,0,,0,0,0.0,0.0,0.0
greedy,9000031,543,679.0,northern_pathfinder,0,Wait,0,Wait,0,215,215,0,,0,0,0.0,0.0,0.0
greedy,9000031,543,679.0,northern_phoenix,0,Wait,0,Wait,0,215,215,0,,0,0,0.0,0.0,0.0
greedy,9000031,543,679.0,northern_pioneer,0,Wait,0,Wait,0,215,215,0,,0,0,0.0,0.0,0.0
greedy,9000031,544,680.0,northern_pathfinder,0,Wait,0,Wait,0,215,215,0,,0,0,0.0,0.0,0.0
greedy,9000031,544,680.0,northern_phoenix,0,Wait,0,Wait,0,215,215,0,,0,0,0.0,0.0,0.0
greedy,9000031,544,680.0,northern_pioneer,0,Wait,0,Wait,0,215,215,0,,0,0,0.0,0.0,0.0
greedy,9000031,545,681.0,northern_pathfinder,0,Wait,0,Wait,0,215,215,0,,0,0,0.0,0.0,0.0
greedy,9000031,545,681.0,northern_phoenix,0,Wait,0,Wait,0,215,215,0,,0,0,0.0,0.0,0.0
greedy,9000031,545,681.0,northern_pioneer,0,Wait,0,Wait,0,215,215,0,,0,0,0.0,0.0,0.0
greedy,9000031,546,682.0,northern_pathfinder,0,Wait,0,Wait,0,215,215,0,,0,0,0.0,0.0,0.0
greedy,9000031,546,682.0,northern_phoenix,0,Wait,0,Wait,0,215,215,0,,0,0,0.0,0.0,0.0
greedy,9000031,546,682.0,northern_pioneer,0,Wait,0,Wait,0,215,215,0,,0,0,0.0,0.0,0.0
greedy,9000031,547,683.0,northern_pathfinder,0,Wait,0,Wait,0,215,215,0,,0,0,0.0,0.0,0.0
greedy,9000031,547,683.0,northern_phoenix,0,Wait,0,Wait,0,215,215,0,,0,0,0.0,0.0,0.0
greedy,9000031,547,683.0,northern_pioneer,0,Wait,0,Wait,0,215,215,0,,0,0,0.0,0.0,0.0
greedy,9000031,548,684.0,northern_pathfinder,0,Wait,0,Wait,0,215,215,0,,0,0,0.0,0.0,0.0
greedy,9000031,548,684.0,northern_phoenix,0,Wait,0,Wait,0,215,215,0,,0,0,0.0,0.0,0.0
greedy,9000031,548,684.0,northern_pioneer,1,Terminal,1,Terminal,0,215,215,0,,0,0,0.0,0.0,0.0
greedy,9000031,549,685.0,northern_pathfinder,0,Wait,0,Wait,0,215,215,0,,0,0,0.0,0.0,0.0
greedy,9000031,549,685.0,northern_phoenix,0,Wait,0,Wait,0,215,215,0,,0,0,0.0,0.0,0.0
greedy,9000031,549,685.0,northern_pioneer,0,Wait,0,Wait,0,215,215,0,,0,0,0.0,0.0,0.0
greedy,9000031,550,686.0,northern_pathfinder,0,Wait,0,Wait,0,215,215,0,,0,0,0.0,0.0,0.0
greedy,9000031,550,686.0,northern_phoenix,0,Wait,0,Wait,0,215,215,0,,0,0,0.0,0.0,0.0
greedy,9000031,550,686.0,northern_pioneer,0,Wait,0,Wait,0,215,215,0,,0,0,0.0,0.0,0.0
greedy,9000031,551,687.0,northern_pathfinder,0,Wait,0,Wait,0,215,215,0,,0,0,0.0,0.0,0.0
greedy,9000031,551,687.0,northern_phoenix,0,Wait,0,Wait,0,215,215,0,,0,0,0.0,0.0,0.0
greedy,9000031,551,687.0,northern_pioneer,0,Wait,0,Wait,0,215,215,0,,0,0,0.0,0.0,0.0
greedy,9000031,552,688.0,northern_pathfinder,0,Wait,0,Wait,0,215,215,0,,0,0,0.0,0.0,0.0
greedy,9000031,552,688.0,northern_phoenix,0,Wait,0,Wait,0,215,215,0,,0,0,0.0,0.0,0.0
greedy,9000031,552,688.0,northern_pioneer,0,Wait,0,Wait,0,215,215,0,,0,0,0.0,0.0,0.0
greedy,9000031,553,689.0,northern_pathfinder,0,Wait,0,Wait,0,215,215,0,,0,0,0.0,0.0,0.0
greedy,9000031,553,689.0,northern_phoenix,0,Wait,0,Wait,0,215,215,0,,0,0,0.0,0.0,0.0
greedy,9000031,553,689.0,northern_pioneer,0,Wait,0,Wait,0,215,215,0,,0,0,0.0,0.0,0.0
greedy,9000031,554,690.0,northern_pathfinder,0,Wait,0,Wait,0,215,215,0,,0,0,0.0,0.0,0.0
greedy,9000031,554,690.0,northern_phoenix,0,Wait,0,Wait,0,215,215,0,,0,0,0.0,0.0,0.0
greedy,9000031,554,690.0,northern_pioneer,0,Wait,0,Wait,0,215,215,0,,0,0,0.0,0.0,0.0
greedy,9000031,555,691.0,northern_pathfinder,0,Wait,0,Wait,0,215,215,0,,0,0,0.0,0.0,0.0
greedy,9000031,555,691.0,northern_phoenix,0,Wait,0,Wait,0,215,215,0,,0,0,0.0,0.0,0.0
greedy,9000031,555,691.0,northern_pioneer,0,Wait,0,Wait,0,215,215,0,,0,0,0.0,0.0,0.0
greedy,9000031,556,692.0,northern_pathfinder,0,Wait,0,Wait,0,215,215,0,,0,0,0.0,0.0,0.0
greedy,9000031,556,692.0,northern_phoenix,0,Wait,0,Wait,0,215,215,0,,0,0,0.0,0.0,0.0
greedy,9000031,556,692.0,northern_pioneer,0,Wait,0,Wait,0,215,215,0,,0,0,0.0,0.0,0.0
greedy,9000031,557,693.0,northern_pathfinder,0,Wait,0,Wait,0,215,215,0,,0,0,0.0,0.0,0.0
greedy,9000031,557,693.0,northern_phoenix,0,Wait,0,Wait,0,215,215,0,,0,0,0.0,0.0,0.0
greedy,9000031,557,693.0,northern_pioneer,0,Wait,0,Wait,0,215,215,0,,0,0,0.0,0.0,0.0
greedy,9000031,558,694.0,northern_pathfinder,0,Wait,0,Wait,0,215,215,0,,0,0,0.0,0.0,0.0
greedy,9000031,558,694.0,northern_phoenix,0,Wait,0,Wait,0,215,215,0,,0,0,0.0,0.0,0.0
greedy,9000031,558,694.0,northern_pioneer,0,Wait,0,Wait,0,215,215,0,,0,0,0.0,0.0,0.0
greedy,9000031,559,695.0,northern_pathfinder,0,Wait,0,Wait,0,215,215,0,,0,0,0.0,0.0,0.0
greedy,9000031,559,695.0,northern_phoenix,0,Wait,0,Wait,0,215,215,0,,0,0,0.0,0.0,0.0
greedy,9000031,559,695.0,northern_pioneer,0,Wait,0,Wait,0,215,215,0,,0,0,0.0,0.0,0.0
greedy,9000031,560,696.0,northern_pathfinder,0,Wait,0,Wait,0,215,215,0,,0,0,0.0,0.0,0.0
greedy,9000031,560,696.0,northern_phoenix,0,Wait,0,Wait,0,215,215,0,,0,0,0.0,0.0,0.0
greedy,9000031,560,696.0,northern_pioneer,0,Wait,0,Wait,0,215,215,0,,0,0,0.0,0.0,0.0
greedy,9000031,561,697.0,northern_pathfinder,0,Wait,0,Wait,0,215,215,0,,0,0,0.0,0.0,0.0
greedy,9000031,561,697.0,northern_phoenix,0,Wait,0,Wait,0,215,215,0,,0,0,0.0,0.0,0.0
greedy,9000031,561,697.0,northern_pioneer,0,Wait,0,Wait,0,215,215,0,,0,0,0.0,0.0,0.0
greedy,9000031,562,698.0,northern_pathfinder,0,Wait,0,Wait,0,215,215,0,,0,0,0.0,0.0,0.0
greedy,9000031,562,698.0,northern_phoenix,0,Wait,0,Wait,0,215,215,0,,0,0,0.0,0.0,0.0
greedy,9000031,562,698.0,northern_pioneer,0,Wait,0,Wait,0,215,215,0,,0,0,0.0,0.0,0.0
greedy,9000031,563,699.0,northern_pathfinder,0,Wait,0,Wait,0,215,215,0,,0,0,0.0,0.0,0.0
greedy,9000031,563,699.0,northern_phoenix,0,Wait,0,Wait,0,215,215,0,,0,0,0.0,0.0,0.0
greedy,9000031,563,699.0,northern_pioneer,0,Wait,0,Wait,0,215,215,0,,0,0,0.0,0.0,0.0
greedy,9000031,564,700.0,northern_pathfinder,0,Wait,0,Wait,0,215,215,0,,0,0,0.0,0.0,0.0
greedy,9000031,564,700.0,northern_phoenix,0,Wait,0,Wait,0,215,215,0,,0,0,0.0,0.0,0.0
greedy,9000031,564,700.0,northern_pioneer,0,Wait,0,Wait,0,215,215,0,,0,0,0.0,0.0,0.0
greedy,9000031,565,701.0,northern_pathfinder,0,Wait,0,Wait,0,215,215,0,,0,0,0.0,0.0,0.0
greedy,9000031,565,701.0,northern_phoenix,0,Wait,0,Wait,0,215,215,0,,0,0,0.0,0.0,0.0
greedy,9000031,565,701.0,northern_pioneer,0,Wait,0,Wait,0,215,215,0,,0,0,0.0,0.0,0.0
greedy,9000031,566,702.0,northern_pathfinder,0,Wait,0,Wait,0,215,215,0,,0,0,0.0,0.0,0.0
greedy,9000031,566,702.0,northern_phoenix,0,Wait,0,Wait,0,215,215,0,,0,0,0.0,0.0,0.0
greedy,9000031,566,702.0,northern_pioneer,0,Wait,0,Wait,0,215,215,0,,0,0,0.0,0.0,0.0
greedy,9000031,567,703.0,northern_pathfinder,0,Wait,0,Wait,0,215,215,0,,0,0,0.0,0.0,0.0
greedy,9000031,567,703.0,northern_phoenix,0,Wait,0,Wait,0,215,215,0,,0,0,0.0,0.0,0.0
greedy,9000031,567,703.0,northern_pioneer,0,Wait,0,Wait,0,215,215,0,,0,0,0.0,0.0,0.0
greedy,9000031,568,704.0,northern_pathfinder,0,Wait,0,Wait,0,215,215,0,,0,0,0.0,0.0,0.0
greedy,9000031,568,704.0,northern_phoenix,0,Wait,0,Wait,0,215,215,0,,0,0,0.0,0.0,0.0
greedy,9000031,568,704.0,northern_pioneer,0,Wait,0,Wait,0,215,215,0,,0,0,0.0,0.0,0.0
greedy,9000031,569,705.0,northern_pathfinder,0,Wait,0,Wait,0,215,215,0,,0,0,0.0,0.0,0.0
greedy,9000031,569,705.0,northern_phoenix,0,Wait,0,Wait,0,215,215,0,,0,0,0.0,0.0,0.0
greedy,9000031,569,705.0,northern_pioneer,0,Wait,0,Wait,0,215,215,0,,0,0,0.0,0.0,0.0
greedy,9000031,570,706.0,northern_pathfinder,0,Wait,0,Wait,0,215,215,0,,0,0,0.0,0.0,0.0
greedy,9000031,570,706.0,northern_phoenix,0,Wait,0,Wait,0,215,215,0,,0,0,0.0,0.0,0.0
greedy,9000031,570,706.0,northern_pioneer,0,Wait,0,Wait,0,215,215,0,,0,0,0.0,0.0,0.0
greedy,9000031,571,707.0,northern_pathfinder,0,Wait,0,Wait,0,215,215,0,,0,0,0.0,0.0,0.0
greedy,9000031,571,707.0,northern_phoenix,0,Wait,0,Wait,0,215,215,0,,0,0,0.0,0.0,0.0
greedy,9000031,571,707.0,northern_pioneer,0,Wait,0,Wait,0,215,215,0,,0,0,0.0,0.0,0.0
greedy,9000031,572,708.0,northern_pathfinder,0,Wait,0,Wait,0,215,215,0,,0,0,0.0,0.0,0.0
greedy,9000031,572,708.0,northern_phoenix,0,Wait,0,Wait,0,215,215,0,,0,0,0.0,0.0,0.0
greedy,9000031,572,708.0,northern_pioneer,0,Wait,0,Wait,0,215,215,0,,0,0,0.0,0.0,0.0
greedy,9000031,573,709.0,northern_pathfinder,0,Wait,0,Wait,0,215,215,0,,0,0,0.0,0.0,0.0
greedy,9000031,573,709.0,northern_phoenix,0,Wait,0,Wait,0,215,215,0,,0,0,0.0,0.0,0.0
greedy,9000031,573,709.0,northern_pioneer,0,Wait,0,Wait,0,215,215,0,,0,0,0.0,0.0,0.0
greedy,9000031,574,710.0,northern_pathfinder,0,Wait,0,Wait,0,215,215,0,,0,0,0.0,0.0,0.0
greedy,9000031,574,710.0,northern_phoenix,0,Wait,0,Wait,0,215,215,0,,0,0,0.0,0.0,0.0
greedy,9000031,574,710.0,northern_pioneer,0,Wait,0,Wait,0,215,215,0,,0,0,0.0,0.0,0.0
greedy,9000031,575,711.0,northern_pathfinder,0,Wait,0,Wait,0,215,215,0,,0,0,0.0,0.0,0.0
greedy,9000031,575,711.0,northern_phoenix,0,Wait,0,Wait,0,215,215,0,,0,0,0.0,0.0,0.0
greedy,9000031,575,711.0,northern_pioneer,0,Wait,0,Wait,0,215,215,0,,0,0,0.0,0.0,0.0
greedy,9000031,576,712.0,northern_pathfinder,0,Wait,0,Wait,0,215,215,0,,0,0,0.0,0.0,0.0
greedy,9000031,576,712.0,northern_phoenix,0,Wait,0,Wait,0,215,215,0,,0,0,0.0,0.0,0.0
greedy,9000031,576,712.0,northern_pioneer,0,Wait,0,Wait,0,215,215,0,,0,0,0.0,0.0,0.0
greedy,9000031,577,713.0,northern_pathfinder,0,Wait,0,Wait,0,215,215,0,,0,0,0.0,0.0,0.0
greedy,9000031,577,713.0,northern_phoenix,0,Wait,0,Wait,0,215,215,0,,0,0,0.0,0.0,0.0
greedy,9000031,577,713.0,northern_pioneer,0,Wait,0,Wait,0,215,215,0,,0,0,0.0,0.0,0.0
greedy,9000031,578,714.0,northern_pathfinder,0,Wait,0,Wait,0,215,215,0,,0,0,0.0,0.0,0.0
greedy,9000031,578,714.0,northern_phoenix,0,Wait,0,Wait,0,215,215,0,,0,0,0.0,0.0,0.0
greedy,9000031,578,714.0,northern_pioneer,0,Wait,0,Wait,0,215,215,0,,0,0,0.0,0.0,0.0
greedy,9000031,579,715.0,northern_pathfinder,0,Wait,0,Wait,0,215,215,0,,0,0,0.0,0.0,0.0
greedy,9000031,579,715.0,northern_phoenix,0,Wait,0,Wait,0,215,215,0,,0,0,0.0,0.0,0.0
greedy,9000031,579,715.0,northern_pioneer,0,Wait,0,Wait,0,215,215,0,,0,0,0.0,0.0,0.0
greedy,9000031,580,716.0,northern_pathfinder,0,Wait,0,Wait,0,215,215,0,,0,0,0.0,0.0,0.0
greedy,9000031,580,716.0,northern_phoenix,0,Wait,0,Wait,0,215,215,0,,0,0,0.0,0.0,0.0
greedy,9000031,580,716.0,northern_pioneer,0,Wait,0,Wait,0,215,215,0,,0,0,0.0,0.0,0.0
greedy,9000031,581,717.0,northern_pathfinder,0,Wait,0,Wait,0,215,215,0,,0,0,0.0,0.0,0.0
greedy,9000031,581,717.0,northern_phoenix,0,Wait,0,Wait,0,215,215,0,,0,0,0.0,0.0,0.0
greedy,9000031,581,717.0,northern_pioneer,0,Wait,0,Wait,0,215,215,0,,0,0,0.0,0.0,0.0
greedy,9000031,582,718.0,northern_pathfinder,0,Wait,0,Wait,0,215,215,0,,0,0,0.0,0.0,0.0
greedy,9000031,582,718.0,northern_phoenix,0,Wait,0,Wait,0,215,215,0,,0,0,0.0,0.0,0.0
greedy,9000031,582,718.0,northern_pioneer,0,Wait,0,Wait,0,215,215,0,,0,0,0.0,0.0,0.0
greedy,9000031,583,719.0,northern_pathfinder,0,Wait,0,Wait,0,215,215,0,,0,0,0.0,0.0,0.0
greedy,9000031,583,719.0,northern_phoenix,0,Wait,0,Wait,0,215,215,0,,0,0,0.0,0.0,0.0
greedy,9000031,583,719.0,northern_pioneer,0,Wait,0,Wait,0,215,215,0,,0,0,0.0,0.0,0.0
iterative_q,9000031,0,0.0,northern_pathfinder,0,Wait,0,Wait,0,215,105,0,,5,0,0.17998003959655762,0.0313454307615757,0.17998003959655762
iterative_q,9000031,0,0.0,northern_phoenix,0,Wait,0,Wait,0,215,105,0,,5,0,0.17998003959655762,0.0313454307615757,0.17998003959655762
iterative_q,9000031,0,0.0,northern_pioneer,0,Wait,0,Wait,0,215,105,0,,5,0,0.17998003959655762,0.0313454307615757,0.17998003959655762
iterative_q,9000031,1,1.0,northern_pathfinder,0,Wait,0,Wait,0,215,105,0,,5,0,0.20115962624549866,0.027281317859888077,0.20115962624549866
iterative_q,9000031,1,1.0,northern_phoenix,0,Wait,0,Wait,0,215,105,0,,5,0,0.20115962624549866,0.027281317859888077,0.20115962624549866
iterative_q,9000031,1,1.0,northern_pioneer,0,Wait,0,Wait,0,215,105,0,,5,0,0.20115962624549866,0.027281317859888077,0.20115962624549866
iterative_q,9000031,2,2.0,northern_pathfinder,0,Wait,0,Wait,0,215,105,0,,5,5,0.60564786195755,0.027026232331991196,0.60564786195755
iterative_q,9000031,2,2.0,northern_phoenix,0,Wait,0,Wait,0,215,105,0,,5,5,0.60564786195755,0.027026232331991196,0.60564786195755
iterative_q,9000031,2,2.0,northern_pioneer,0,Wait,0,Wait,0,215,105,0,,5,5,0.60564786195755,0.027026232331991196,0.60564786195755
iterative_q,9000031,3,3.0,northern_pathfinder,0,Wait,0,Wait,0,215,105,0,,5,5,0.570986270904541,0.02498697116971016,0.570986270904541
iterative_q,9000031,3,3.0,northern_phoenix,0,Wait,0,Wait,0,215,105,0,,5,5,0.570986270904541,0.02498697116971016,0.570986270904541
iterative_q,9000031,3,3.0,northern_pioneer,0,Wait,0,Wait,0,215,105,0,,5,5,0.570986270904541,0.02498697116971016,0.570986270904541
iterative_q,9000031,4,4.0,northern_pathfinder,0,Wait,0,Wait,0,215,105,0,,5,5,0.509900689125061,0.028767019510269165,0.509900689125061
iterative_q,9000031,4,4.0,northern_phoenix,0,Wait,0,Wait,0,215,105,0,,5,5,0.509900689125061,0.028767019510269165,0.509900689125061
iterative_q,9000031,4,4.0,northern_pioneer,0,Wait,0,Wait,0,215,105,0,,5,5,0.509900689125061,0.028767019510269165,0.509900689125061
iterative_q,9000031,5,5.0,northern_pathfinder,0,Wait,0,Wait,0,215,105,0,,5,5,0.5359804034233093,0.02753075212240219,0.5359804034233093
iterative_q,9000031,5,5.0,northern_phoenix,0,Wait,0,Wait,0,215,105,0,,5,5,0.5359804034233093,0.02753075212240219,0.5359804034233093
iterative_q,9000031,5,5.0,northern_pioneer,0,Wait,0,Wait,0,215,105,0,,5,5,0.5359804034233093,0.02753075212240219,0.5359804034233093
iterative_q,9000031,6,6.0,northern_pathfinder,0,Wait,0,Wait,0,215,105,0,,5,5,0.5404077768325806,0.029996005818247795,0.5404077768325806
iterative_q,9000031,6,6.0,northern_phoenix,0,Wait,0,Wait,0,215,105,0,,5,5,0.5404077768325806,0.029996005818247795,0.5404077768325806
iterative_q,9000031,6,6.0,northern_pioneer,0,Wait,0,Wait,0,215,105,0,,5,5,0.5404077768325806,0.029996005818247795,0.5404077768325806
iterative_q,9000031,7,7.0,northern_pathfinder,0,Wait,0,Wait,0,215,105,0,,5,5,0.6161172389984131,0.028693215921521187,0.6161172389984131
iterative_q,9000031,7,7.0,northern_phoenix,0,Wait,0,Wait,0,215,105,0,,5,5,0.6161172389984131,0.028693215921521187,0.6161172389984131
iterative_q,9000031,7,7.0,northern_pioneer,0,Wait,0,Wait,0,215,105,0,,5,5,0.6161172389984131,0.028693215921521187,0.6161172389984131
iterative_q,9000031,8,8.0,northern_pathfinder,0,Wait,0,Wait,0,215,105,0,,5,5,0.5997242331504822,0.028440115973353386,0.5997242331504822
iterative_q,9000031,8,8.0,northern_phoenix,0,Wait,0,Wait,0,215,105,0,,5,5,0.5997242331504822,0.028440115973353386,0.5997242331504822
iterative_q,9000031,8,8.0,northern_pioneer,0,Wait,0,Wait,0,215,105,0,,5,5,0.5997242331504822,0.028440115973353386,0.5997242331504822
iterative_q,9000031,9,9.0,northern_pathfinder,0,Wait,0,Wait,0,215,105,0,,5,5,0.6514850854873657,0.029632683843374252,0.6514850854873657
iterative_q,9000031,9,9.0,northern_phoenix,0,Wait,0,Wait,0,215,105,0,,5,5,0.6514850854873657,0.029632683843374252,0.6514850854873657
iterative_q,9000031,9,9.0,northern_pioneer,0,Wait,0,Wait,0,215,105,0,,5,5,0.6514850854873657,0.029632683843374252,0.6514850854873657
iterative_q,9000031,10,10.0,northern_pathfinder,0,Wait,0,Wait,0,215,105,0,,5,5,1.5033628940582275,0.023816019296646118,1.5033628940582275
iterative_q,9000031,10,10.0,northern_phoenix,1,Terminal,1,Terminal,0,215,105,0,,5,5,1.5033628940582275,0.023816019296646118,1.5033628940582275
iterative_q,9000031,10,10.0,northern_pioneer,0,Wait,0,Wait,0,215,105,0,,5,5,1.5033628940582275,0.023816019296646118,1.5033628940582275
iterative_q,9000031,11,11.0,northern_pathfinder,0,Wait,0,Wait,0,215,213,0,,3,5,0.5467252731323242,0.007083363365381956,0.5467252731323242
iterative_q,9000031,11,11.0,northern_phoenix,0,Wait,0,Wait,0,215,213,0,,3,5,0.5467252731323242,0.007083363365381956,0.5467252731323242
iterative_q,9000031,11,11.0,northern_pioneer,0,Wait,0,Wait,0,215,213,0,,3,5,0.5467252731323242,0.007083363365381956,0.5467252731323242
iterative_q,9000031,12,12.0,northern_pathfinder,0,Wait,0,Wait,0,215,105,0,,4,5,0.49006137251853943,0.022980786859989166,0.49006137251853943
iterative_q,9000031,12,12.0,northern_phoenix,0,Wait,0,Wait,0,215,105,0,,4,5,0.49006137251853943,0.022980786859989166,0.49006137251853943
iterative_q,9000031,12,12.0,northern_pioneer,0,Wait,0,Wait,0,215,105,0,,4,5,0.49006137251853943,0.022980786859989166,0.49006137251853943
iterative_q,9000031,13,13.0,northern_pathfinder,0,Wait,0,Wait,0,215,213,0,,3,5,0.46243858337402344,0.0071210297755897045,0.46243858337402344
iterative_q,9000031,13,13.0,northern_phoenix,0,Wait,0,Wait,0,215,213,0,,3,5,0.46243858337402344,0.0071210297755897045,0.46243858337402344
iterative_q,9000031,13,13.0,northern_pioneer,0,Wait,0,Wait,0,215,213,0,,3,5,0.46243858337402344,0.0071210297755897045,0.46243858337402344
iterative_q,9000031,14,14.0,northern_pathfinder,0,Wait,0,Wait,0,215,105,0,,5,5,0.5424865484237671,0.021770667284727097,0.5424865484237671
iterative_q,9000031,14,14.0,northern_phoenix,0,Wait,0,Wait,0,215,105,0,,5,5,0.5424865484237671,0.021770667284727097,0.5424865484237671
iterative_q,9000031,14,14.0,northern_pioneer,0,Wait,0,Wait,0,215,105,0,,5,5,0.5424865484237671,0.021770667284727097,0.5424865484237671
iterative_q,9000031,15,15.0,northern_pathfinder,0,Wait,0,Wait,0,215,105,0,,4,4,0.424520343542099,0.024888986721634865,0.424520343542099
iterative_q,9000031,15,15.0,northern_phoenix,0,Wait,0,Wait,0,215,105,0,,4,4,0.424520343542099,0.024888986721634865,0.424520343542099
iterative_q,9000031,15,15.0,northern_pioneer,0,Wait,0,Wait,0,215,105,0,,4,4,0.424520343542099,0.024888986721634865,0.424520343542099
iterative_q,9000031,16,16.0,northern_pathfinder,4,Yara Sluiskil,4,Yara Sluiskil,0,215,33,0,,5,5,0.42415112257003784,0.021381082013249397,0.42415112257003784
iterative_q,9000031,16,16.0,northern_phoenix,0,Wait,0,Wait,0,215,33,0,,5,5,0.42415112257003784,0.021381082013249397,0.42415112257003784
iterative_q,9000031,16,16.0,northern_pioneer,0,Wait,0,Wait,0,215,33,0,,5,5,0.42415112257003784,0.021381082013249397,0.42415112257003784
iterative_q,9000031,17,17.0,northern_pathfinder,0,Wait,0,Wait,0,215,213,0,,5,0,0.3877662718296051,0.004875912331044674,0.3877662718296051
iterative_q,9000031,17,17.0,northern_phoenix,0,Wait,0,Wait,0,215,213,0,,5,0,0.3877662718296051,0.004875912331044674,0.3877662718296051
iterative_q,9000031,17,17.0,northern_pioneer,0,Wait,0,Wait,0,215,213,0,,5,0,0.3877662718296051,0.004875912331044674,0.3877662718296051
iterative_q,9000031,18,18.0,northern_pathfinder,0,Wait,0,Wait,0,215,213,0,,5,0,0.3808211088180542,0.004778250120580196,0.3808211088180542
iterative_q,9000031,18,18.0,northern_phoenix,0,Wait,0,Wait,0,215,213,0,,5,0,0.3808211088180542,0.004778250120580196,0.3808211088180542
iterative_q,9000031,18,18.0,northern_pioneer,0,Wait,0,Wait,0,215,213,0,,5,0,0.3808211088180542,0.004778250120580196,0.3808211088180542
iterative_q,9000031,19,19.0,northern_pathfinder,0,Wait,0,Wait,0,215,213,0,,5,0,0.381355345249176,0.004640846513211727,0.381355345249176
iterative_q,9000031,19,19.0,northern_phoenix,0,Wait,0,Wait,0,215,213,0,,5,0,0.381355345249176,0.004640846513211727,0.381355345249176
iterative_q,9000031,19,19.0,northern_pioneer,0,Wait,0,Wait,0,215,213,0,,5,0,0.381355345249176,0.004640846513211727,0.381355345249176
iterative_q,9000031,20,20.0,northern_pathfinder,0,Wait,0,Wait,0,215,213,0,,5,0,0.38219356536865234,0.004773507826030254,0.38219356536865234
iterative_q,9000031,20,20.0,northern_phoenix,0,Wait,0,Wait,0,215,213,0,,5,0,0.38219356536865234,0.004773507826030254,0.38219356536865234
iterative_q,9000031,20,20.0,northern_pioneer,0,Wait,0,Wait,0,215,213,0,,5,0,0.38219356536865234,0.004773507826030254,0.38219356536865234
iterative_q,9000031,21,21.0,northern_pathfinder,0,Wait,0,Wait,0,215,213,0,,5,0,0.3921229839324951,0.004892314318567514,0.3921229839324951
iterative_q,9000031,21,21.0,northern_phoenix,0,Wait,0,Wait,0,215,213,0,,5,0,0.3921229839324951,0.004892314318567514,0.3921229839324951
iterative_q,9000031,21,21.0,northern_pioneer,0,Wait,0,Wait,0,215,213,0,,5,0,0.3921229839324951,0.004892314318567514,0.3921229839324951
iterative_q,9000031,22,22.0,northern_pathfinder,0,Wait,0,Wait,0,215,213,0,,5,5,0.6469405889511108,0.006515942979604006,0.6469405889511108
iterative_q,9000031,22,22.0,northern_phoenix,0,Wait,0,Wait,0,215,213,0,,5,5,0.6469405889511108,0.006515942979604006,0.6469405889511108
iterative_q,9000031,22,22.0,northern_pioneer,0,Wait,0,Wait,0,215,213,0,,5,5,0.6469405889511108,0.006515942979604006,0.6469405889511108
iterative_q,9000031,23,23.0,northern_pathfinder,0,Wait,0,Wait,0,215,213,0,,5,5,0.6550373435020447,0.005792170763015747,0.6550373435020447
iterative_q,9000031,23,23.0,northern_phoenix,0,Wait,0,Wait,0,215,213,0,,5,5,0.6550373435020447,0.005792170763015747,0.6550373435020447
iterative_q,9000031,23,23.0,northern_pioneer,0,Wait,0,Wait,0,215,213,0,,5,5,0.6550373435020447,0.005792170763015747,0.6550373435020447
iterative_q,9000031,24,24.0,northern_pathfinder,0,Wait,0,Wait,0,215,213,0,,5,5,0.5750007033348083,0.005211023613810539,0.5750007033348083
iterative_q,9000031,24,24.0,northern_phoenix,0,Wait,0,Wait,0,215,213,0,,5,5,0.5750007033348083,0.005211023613810539,0.5750007033348083
iterative_q,9000031,24,24.0,northern_pioneer,0,Wait,0,Wait,0,215,213,0,,5,5,0.5750007033348083,0.005211023613810539,0.5750007033348083
iterative_q,9000031,25,25.0,northern_pathfinder,0,Wait,0,Wait,0,215,213,0,,5,5,0.6234049797058105,0.006041787564754486,0.6234049797058105
iterative_q,9000031,25,25.0,northern_phoenix,0,Wait,0,Wait,0,215,213,0,,5,5,0.6234049797058105,0.006041787564754486,0.6234049797058105
iterative_q,9000031,25,25.0,northern_pioneer,0,Wait,0,Wait,0,215,213,0,,5,5,0.6234049797058105,0.006041787564754486,0.6234049797058105
iterative_q,9000031,26,26.0,northern_pathfinder,0,Wait,0,Wait,0,215,213,0,,5,5,0.6160890460014343,0.006123502738773823,0.6160890460014343
iterative_q,9000031,26,26.0,northern_phoenix,0,Wait,0,Wait,0,215,213,0,,5,5,0.6160890460014343,0.006123502738773823,0.6160890460014343
iterative_q,9000031,26,26.0,northern_pioneer,0,Wait,0,Wait,0,215,213,0,,5,5,0.6160890460014343,0.006123502738773823,0.6160890460014343
iterative_q,9000031,27,27.0,northern_pathfinder,0,Wait,0,Wait,0,215,213,0,,5,5,0.5812438130378723,0.005427970550954342,0.5812438130378723
iterative_q,9000031,27,27.0,northern_phoenix,0,Wait,0,Wait,0,215,213,0,,5,5,0.5812438130378723,0.005427970550954342,0.5812438130378723
iterative_q,9000031,27,27.0,northern_pioneer,0,Wait,0,Wait,0,215,213,0,,5,5,0.5812438130378723,0.005427970550954342,0.5812438130378723
iterative_q,9000031,28,28.0,northern_pathfinder,0,Wait,0,Wait,0,215,213,0,,5,5,0.5254839062690735,0.005102215334773064,0.5254839062690735
iterative_q,9000031,28,28.0,northern_phoenix,0,Wait,0,Wait,0,215,213,0,,5,5,0.5254839062690735,0.005102215334773064,0.5254839062690735
iterative_q,9000031,28,28.0,northern_pioneer,0,Wait,0,Wait,0,215,213,0,,5,5,0.5254839062690735,0.005102215334773064,0.5254839062690735
iterative_q,9000031,29,29.0,northern_pathfinder,0,Wait,0,Wait,0,215,213,0,,5,5,0.6376200318336487,0.006273506674915552,0.6376200318336487
iterative_q,9000031,29,29.0,northern_phoenix,0,Wait,0,Wait,0,215,213,0,,5,5,0.6376200318336487,0.006273506674915552,0.6376200318336487
iterative_q,9000031,29,29.0,northern_pioneer,0,Wait,0,Wait,0,215,213,0,,5,5,0.6376200318336487,0.006273506674915552,0.6376200318336487
iterative_q,9000031,30,30.0,northern_pathfinder,0,Wait,0,Wait,0,215,213,0,,5,5,0.6460093259811401,0.006093931850045919,0.6460093259811401
iterative_q,9000031,30,30.0,northern_phoenix,0,Wait,0,Wait,0,215,213,0,,5,5,0.6460093259811401,0.006093931850045919,0.6460093259811401
iterative_q,9000031,30,30.0,northern_pioneer,0,Wait,0,Wait,0,215,213,0,,5,5,0.6460093259811401,0.006093931850045919,0.6460093259811401
iterative_q,9000031,31,31.0,northern_pathfinder,0,Wait,0,Wait,0,215,213,0,,5,5,0.614327073097229,0.005722525995224714,0.614327073097229
iterative_q,9000031,31,31.0,northern_phoenix,0,Wait,0,Wait,0,215,213,0,,5,5,0.614327073097229,0.005722525995224714,0.614327073097229
iterative_q,9000031,31,31.0,northern_pioneer,0,Wait,0,Wait,0,215,213,0,,5,5,0.614327073097229,0.005722525995224714,0.614327073097229
iterative_q,9000031,32,32.0,northern_pathfinder,0,Wait,0,Wait,0,215,213,0,,5,5,0.6562545299530029,0.0062831491231918335,0.6562545299530029
iterative_q,9000031,32,32.0,northern_phoenix,0,Wait,0,Wait,0,215,213,0,,5,5,0.6562545299530029,0.0062831491231918335,0.6562545299530029
iterative_q,9000031,32,32.0,northern_pioneer,0,Wait,0,Wait,0,215,213,0,,5,5,0.6562545299530029,0.0062831491231918335,0.6562545299530029
iterative_q,9000031,33,33.0,northern_pathfinder,0,Wait,0,Wait,0,215,213,0,,5,5,0.596194863319397,0.00555269792675972,0.596194863319397
iterative_q,9000031,33,33.0,northern_phoenix,0,Wait,0,Wait,0,215,213,0,,5,5,0.596194863319397,0.00555269792675972,0.596194863319397
iterative_q,9000031,33,33.0,northern_pioneer,0,Wait,0,Wait,0,215,213,0,,5,5,0.596194863319397,0.00555269792675972,0.596194863319397
iterative_q,9000031,34,34.0,northern_pathfinder,0,Wait,0,Wait,0,215,213,0,,5,5,0.5530001521110535,0.0055801779963076115,0.5530001521110535
iterative_q,9000031,34,34.0,northern_phoenix,0,Wait,0,Wait,0,215,213,0,,5,5,0.5530001521110535,0.0055801779963076115,0.5530001521110535
iterative_q,9000031,34,34.0,northern_pioneer,0,Wait,0,Wait,0,215,213,0,,5,5,0.5530001521110535,0.0055801779963076115,0.5530001521110535
iterative_q,9000031,35,35.0,northern_pathfinder,0,Wait,0,Wait,0,215,213,0,,5,5,0.63417649269104,0.006478809751570225,0.63417649269104
iterative_q,9000031,35,35.0,northern_phoenix,0,Wait,0,Wait,0,215,213,0,,5,5,0.63417649269104,0.006478809751570225,0.63417649269104
iterative_q,9000031,35,35.0,northern_pioneer,0,Wait,0,Wait,0,215,213,0,,5,5,0.63417649269104,0.006478809751570225,0.63417649269104
iterative_q,9000031,36,36.0,northern_pathfinder,0,Wait,0,Wait,0,215,213,0,,5,5,0.7538502812385559,0.007559249177575111,0.7538502812385559
iterative_q,9000031,36,36.0,northern_phoenix,0,Wait,0,Wait,0,215,213,0,,5,5,0.7538502812385559,0.007559249177575111,0.7538502812385559
iterative_q,9000031,36,36.0,northern_pioneer,0,Wait,0,Wait,0,215,213,0,,5,5,0.7538502812385559,0.007559249177575111,0.7538502812385559
iterative_q,9000031,37,37.0,northern_pathfinder,0,Wait,0,Wait,0,215,213,0,,5,5,0.6191970109939575,0.005827078130096197,0.6191970109939575
iterative_q,9000031,37,37.0,northern_phoenix,0,Wait,0,Wait,0,215,213,0,,5,5,0.6191970109939575,0.005827078130096197,0.6191970109939575
iterative_q,9000031,37,37.0,northern_pioneer,0,Wait,0,Wait,0,215,213,0,,5,5,0.6191970109939575,0.005827078130096197,0.6191970109939575
iterative_q,9000031,38,38.0,northern_pathfinder,0,Wait,0,Wait,0,215,213,0,,5,5,0.5939124822616577,0.005972445942461491,0.5939124822616577
iterative_q,9000031,38,38.0,northern_phoenix,0,Wait,0,Wait,0,215,213,0,,5,5,0.5939124822616577,0.005972445942461491,0.5939124822616577
iterative_q,9000031,38,38.0,northern_pioneer,0,Wait,0,Wait,0,215,213,0,,5,5,0.5939124822616577,0.005972445942461491,0.5939124822616577
iterative_q,9000031,39,39.0,northern_pathfinder,0,Wait,0,Wait,0,215,213,0,,5,5,0.6664633750915527,0.006934002973139286,0.6664633750915527
iterative_q,9000031,39,39.0,northern_phoenix,0,Wait,0,Wait,0,215,213,0,,5,5,0.6664633750915527,0.006934002973139286,0.6664633750915527
iterative_q,9000031,39,39.0,northern_pioneer,0,Wait,0,Wait,0,215,213,0,,5,5,0.6664633750915527,0.006934002973139286,0.6664633750915527
iterative_q,9000031,40,40.0,northern_pathfinder,0,Wait,0,Wait,0,215,213,0,,5,5,0.6283494234085083,0.006582001689821482,0.6283494234085083
iterative_q,9000031,40,40.0,northern_phoenix,0,Wait,0,Wait,0,215,213,0,,5,5,0.6283494234085083,0.006582001689821482,0.6283494234085083
iterative_q,9000031,40,40.0,northern_pioneer,0,Wait,0,Wait,0,215,213,0,,5,5,0.6283494234085083,0.006582001689821482,0.6283494234085083
iterative_q,9000031,41,41.0,northern_pathfinder,0,Wait,0,Wait,0,215,213,0,,5,5,0.6379492878913879,0.00691470829769969,0.6379492878913879
iterative_q,9000031,41,41.0,northern_phoenix,0,Wait,0,Wait,0,215,213,0,,5,5,0.6379492878913879,0.00691470829769969,0.6379492878913879
iterative_q,9000031,41,41.0,northern_pioneer,0,Wait,0,Wait,0,215,213,0,,5,5,0.6379492878913879,0.00691470829769969,0.6379492878913879
iterative_q,9000031,42,42.0,northern_pathfinder,0,Wait,0,Wait,0,215,213,0,,5,5,0.5934031009674072,0.006213097833096981,0.5934031009674072
iterative_q,9000031,42,42.0,northern_phoenix,0,Wait,0,Wait,0,215,213,0,,5,5,0.5934031009674072,0.006213097833096981,0.5934031009674072
iterative_q,9000031,42,42.0,northern_pioneer,0,Wait,0,Wait,0,215,213,0,,5,5,0.5934031009674072,0.006213097833096981,0.5934031009674072
iterative_q,9000031,43,43.0,northern_pathfinder,0,Wait,0,Wait,0,215,213,0,,5,5,0.5961600542068481,0.006152593996375799,0.5961600542068481
iterative_q,9000031,43,43.0,northern_phoenix,0,Wait,0,Wait,0,215,213,0,,5,5,0.5961600542068481,0.006152593996375799,0.5961600542068481
iterative_q,9000031,43,43.0,northern_pioneer,0,Wait,0,Wait,0,215,213,0,,5,5,0.5961600542068481,0.006152593996375799,0.5961600542068481
iterative_q,9000031,44,44.0,northern_pathfinder,0,Wait,0,Wait,0,215,213,0,,5,5,0.5839722752571106,0.0064829564653337,0.5839722752571106
iterative_q,9000031,44,44.0,northern_phoenix,0,Wait,0,Wait,0,215,213,0,,5,5,0.5839722752571106,0.0064829564653337,0.5839722752571106
iterative_q,9000031,44,44.0,northern_pioneer,0,Wait,0,Wait,0,215,213,0,,5,5,0.5839722752571106,0.0064829564653337,0.5839722752571106
iterative_q,9000031,45,45.0,northern_pathfinder,0,Wait,0,Wait,0,215,213,0,,5,5,0.5945826172828674,0.006737955845892429,0.5945826172828674
iterative_q,9000031,45,45.0,northern_phoenix,0,Wait,0,Wait,0,215,213,0,,5,5,0.5945826172828674,0.006737955845892429,0.5945826172828674
iterative_q,9000031,45,45.0,northern_pioneer,0,Wait,0,Wait,0,215,213,0,,5,5,0.5945826172828674,0.006737955845892429,0.5945826172828674
iterative_q,9000031,46,46.0,northern_pathfinder,0,Wait,0,Wait,0,215,213,0,,5,5,0.6587986350059509,0.006998722441494465,0.6587986350059509
iterative_q,9000031,46,46.0,northern_phoenix,0,Wait,0,Wait,0,215,213,0,,5,5,0.6587986350059509,0.006998722441494465,0.6587986350059509
iterative_q,9000031,46,46.0,northern_pioneer,0,Wait,0,Wait,0,215,213,0,,5,5,0.6587986350059509,0.006998722441494465,0.6587986350059509
iterative_q,9000031,47,47.0,northern_pathfinder,0,Wait,0,Wait,0,215,213,0,,5,5,0.6205880045890808,0.006534113548696041,0.6205880045890808
iterative_q,9000031,47,47.0,northern_phoenix,0,Wait,0,Wait,0,215,213,0,,5,5,0.6205880045890808,0.006534113548696041,0.6205880045890808
iterative_q,9000031,47,47.0,northern_pioneer,0,Wait,0,Wait,0,215,213,0,,5,5,0.6205880045890808,0.006534113548696041,0.6205880045890808
iterative_q,9000031,48,48.0,northern_pathfinder,0,Wait,0,Wait,0,215,213,0,,5,5,0.6184773445129395,0.006784842815250158,0.6184773445129395
iterative_q,9000031,48,48.0,northern_phoenix,0,Wait,0,Wait,0,215,213,0,,5,5,0.6184773445129395,0.006784842815250158,0.6184773445129395
iterative_q,9000031,48,48.0,northern_pioneer,0,Wait,0,Wait,0,215,213,0,,5,5,0.6184773445129395,0.006784842815250158,0.6184773445129395
iterative_q,9000031,49,49.0,northern_pathfinder,0,Wait,0,Wait,0,215,213,0,,5,5,0.583329975605011,0.006503816228359938,0.583329975605011
iterative_q,9000031,49,49.0,northern_phoenix,0,Wait,0,Wait,0,215,213,0,,5,5,0.583329975605011,0.006503816228359938,0.583329975605011
iterative_q,9000031,49,49.0,northern_pioneer,0,Wait,0,Wait,0,215,213,0,,5,5,0.583329975605011,0.006503816228359938,0.583329975605011
iterative_q,9000031,50,50.0,northern_pathfinder,0,Wait,0,Wait,0,215,213,0,,5,5,0.6383699178695679,0.006606188602745533,0.6383699178695679
iterative_q,9000031,50,50.0,northern_phoenix,0,Wait,0,Wait,0,215,213,0,,5,5,0.6383699178695679,0.006606188602745533,0.6383699178695679
iterative_q,9000031,50,50.0,northern_pioneer,0,Wait,0,Wait,0,215,213,0,,5,5,0.6383699178695679,0.006606188602745533,0.6383699178695679
iterative_q,9000031,51,51.0,northern_pathfinder,0,Wait,0,Wait,0,215,213,0,,5,5,0.6747366189956665,0.007015487644821405,0.6747366189956665
iterative_q,9000031,51,51.0,northern_phoenix,0,Wait,0,Wait,0,215,213,0,,5,5,0.6747366189956665,0.007015487644821405,0.6747366189956665
iterative_q,9000031,51,51.0,northern_pioneer,0,Wait,0,Wait,0,215,213,0,,5,5,0.6747366189956665,0.007015487644821405,0.6747366189956665
iterative_q,9000031,52,52.0,northern_pathfinder,0,Wait,0,Wait,0,215,213,0,,5,5,0.690670371055603,0.007214185316115618,0.690670371055603
iterative_q,9000031,52,52.0,northern_phoenix,0,Wait,0,Wait,0,215,213,0,,5,5,0.690670371055603,0.007214185316115618,0.690670371055603
iterative_q,9000031,52,52.0,northern_pioneer,0,Wait,0,Wait,0,215,213,0,,5,5,0.690670371055603,0.007214185316115618,0.690670371055603
iterative_q,9000031,53,53.0,northern_pathfinder,0,Wait,0,Wait,0,215,213,0,,5,5,0.6067884564399719,0.006685931235551834,0.6067884564399719
iterative_q,9000031,53,53.0,northern_phoenix,0,Wait,0,Wait,0,215,213,0,,5,5,0.6067884564399719,0.006685931235551834,0.6067884564399719
iterative_q,9000031,53,53.0,northern_pioneer,0,Wait,0,Wait,0,215,213,0,,5,5,0.6067884564399719,0.006685931235551834,0.6067884564399719
iterative_q,9000031,54,54.0,northern_pathfinder,0,Wait,0,Wait,0,215,213,0,,5,5,0.7359374761581421,0.009542739950120449,0.7359374761581421
iterative_q,9000031,54,54.0,northern_phoenix,0,Wait,0,Wait,0,215,213,0,,5,5,0.7359374761581421,0.009542739950120449,0.7359374761581421
iterative_q,9000031,54,54.0,northern_pioneer,0,Wait,0,Wait,0,215,213,0,,5,5,0.7359374761581421,0.009542739950120449,0.7359374761581421
iterative_q,9000031,55,55.0,northern_pathfinder,0,Wait,0,Wait,0,215,213,0,,5,5,0.6963313817977905,0.010013451799750328,0.6963313817977905
iterative_q,9000031,55,55.0,northern_phoenix,0,Wait,0,Wait,0,215,213,0,,5,5,0.6963313817977905,0.010013451799750328,0.6963313817977905
iterative_q,9000031,55,55.0,northern_pioneer,0,Wait,0,Wait,0,215,213,0,,5,5,0.6963313817977905,0.010013451799750328,0.6963313817977905
iterative_q,9000031,56,56.0,northern_pathfinder,0,Wait,0,Wait,0,215,213,0,,5,5,0.6557194590568542,0.009261961095035076,0.6557194590568542
iterative_q,9000031,56,56.0,northern_phoenix,0,Wait,0,Wait,0,215,213,0,,5,5,0.6557194590568542,0.009261961095035076,0.6557194590568542
iterative_q,9000031,56,56.0,northern_pioneer,0,Wait,0,Wait,0,215,213,0,,5,5,0.6557194590568542,0.009261961095035076,0.6557194590568542
iterative_q,9000031,57,57.0,northern_pathfinder,0,Wait,0,Wait,0,215,213,0,,5,5,0.577019453048706,0.008189295418560505,0.577019453048706
iterative_q,9000031,57,57.0,northern_phoenix,0,Wait,0,Wait,0,215,213,0,,5,5,0.577019453048706,0.008189295418560505,0.577019453048706
iterative_q,9000031,57,57.0,northern_pioneer,0,Wait,0,Wait,0,215,213,0,,5,5,0.577019453048706,0.008189295418560505,0.577019453048706
iterative_q,9000031,58,58.0,northern_pathfinder,0,Wait,0,Wait,0,215,213,0,,5,5,0.7600769400596619,0.010456047020852566,0.7600769400596619
iterative_q,9000031,58,58.0,northern_phoenix,0,Wait,0,Wait,0,215,213,0,,5,5,0.7600769400596619,0.010456047020852566,0.7600769400596619
iterative_q,9000031,58,58.0,northern_pioneer,0,Wait,0,Wait,0,215,213,0,,5,5,0.7600769400596619,0.010456047020852566,0.7600769400596619
iterative_q,9000031,59,59.0,northern_pathfinder,0,Wait,0,Wait,0,215,213,0,,5,5,0.6199744939804077,0.00851804856210947,0.6199744939804077
iterative_q,9000031,59,59.0,northern_phoenix,0,Wait,0,Wait,0,215,213,0,,5,5,0.6199744939804077,0.00851804856210947,0.6199744939804077
iterative_q,9000031,59,59.0,northern_pioneer,0,Wait,0,Wait,0,215,213,0,,5,5,0.6199744939804077,0.00851804856210947,0.6199744939804077
iterative_q,9000031,60,60.0,northern_pathfinder,0,Wait,0,Wait,0,215,211,0,,5,5,0.6698533296585083,0.019715657457709312,0.6698533296585083
iterative_q,9000031,60,60.0,northern_phoenix,0,Wait,0,Wait,0,215,211,0,,5,5,0.6698533296585083,0.019715657457709312,0.6698533296585083
iterative_q,9000031,60,60.0,northern_pioneer,0,Wait,0,Wait,0,215,211,0,,5,5,0.6698533296585083,0.019715657457709312,0.6698533296585083
iterative_q,9000031,61,61.0,northern_pathfinder,0,Wait,0,Wait,0,215,211,0,,5,5,0.7099031209945679,0.021389011293649673,0.7099031209945679
iterative_q,9000031,61,61.0,northern_phoenix,0,Wait,0,Wait,0,215,211,0,,5,5,0.7099031209945679,0.021389011293649673,0.7099031209945679
iterative_q,9000031,61,61.0,northern_pioneer,0,Wait,0,Wait,0,215,211,0,,5,5,0.7099031209945679,0.021389011293649673,0.7099031209945679
iterative_q,9000031,62,62.0,northern_pathfinder,0,Wait,0,Wait,0,215,211,0,,5,5,0.6675589084625244,0.02151089906692505,0.6675589084625244
iterative_q,9000031,62,62.0,northern_phoenix,0,Wait,0,Wait,0,215,211,0,,5,5,0.6675589084625244,0.02151089906692505,0.6675589084625244
iterative_q,9000031,62,62.0,northern_pioneer,0,Wait,0,Wait,0,215,211,0,,5,5,0.6675589084625244,0.02151089906692505,0.6675589084625244
iterative_q,9000031,63,63.0,northern_pathfinder,0,Wait,0,Wait,0,215,211,0,,5,5,0.5411688089370728,0.02107383869588375,0.5411688089370728
iterative_q,9000031,63,63.0,northern_phoenix,0,Wait,0,Wait,0,215,211,0,,5,5,0.5411688089370728,0.02107383869588375,0.5411688089370728
iterative_q,9000031,63,63.0,northern_pioneer,0,Wait,0,Wait,0,215,211,0,,5,5,0.5411688089370728,0.02107383869588375,0.5411688089370728
iterative_q,9000031,64,64.0,northern_pathfinder,0,Wait,0,Wait,0,215,183,0,,5,5,0.9315160512924194,0.01453730184584856,0.9315160512924194
iterative_q,9000031,64,64.0,northern_phoenix,3,Celsio,3,Celsio,0,215,183,0,,5,5,0.9315160512924194,0.01453730184584856,0.9315160512924194
iterative_q,9000031,64,64.0,northern_pioneer,0,Wait,0,Wait,0,215,183,0,,5,5,0.9315160512924194,0.01453730184584856,0.9315160512924194
iterative_q,9000031,65,65.0,northern_pathfinder,0,Wait,0,Wait,0,215,211,0,,5,5,0.5667105913162231,0.0219135619699955,0.5667105913162231
iterative_q,9000031,65,65.0,northern_phoenix,0,Wait,0,Wait,0,215,211,0,,5,5,0.5667105913162231,0.0219135619699955,0.5667105913162231
iterative_q,9000031,65,65.0,northern_pioneer,0,Wait,0,Wait,0,215,211,0,,5,5,0.5667105913162231,0.0219135619699955,0.5667105913162231
iterative_q,9000031,66,66.0,northern_pathfinder,0,Wait,0,Wait,0,215,211,0,,5,5,0.5996338129043579,0.016004834324121475,0.5996338129043579
iterative_q,9000031,66,66.0,northern_phoenix,0,Wait,0,Wait,0,215,211,0,,5,5,0.5996338129043579,0.016004834324121475,0.5996338129043579
iterative_q,9000031,66,66.0,northern_pioneer,0,Wait,0,Wait,0,215,211,0,,5,5,0.5996338129043579,0.016004834324121475,0.5996338129043579
iterative_q,9000031,67,67.0,northern_pathfinder,0,Wait,0,Wait,0,215,211,0,,5,5,0.6990083456039429,0.015522032976150513,0.6990083456039429
iterative_q,9000031,67,67.0,northern_phoenix,0,Wait,0,Wait,0,215,211,0,,5,5,0.6990083456039429,0.015522032976150513,0.6990083456039429
iterative_q,9000031,67,67.0,northern_pioneer,0,Wait,0,Wait,0,215,211,0,,5,5,0.6990083456039429,0.015522032976150513,0.6990083456039429
iterative_q,9000031,68,68.0,northern_pathfinder,0,Wait,0,Wait,0,215,211,0,,5,5,0.5788480043411255,0.01557501032948494,0.5788480043411255
iterative_q,9000031,68,68.0,northern_phoenix,0,Wait,0,Wait,0,215,211,0,,5,5,0.5788480043411255,0.01557501032948494,0.5788480043411255
iterative_q,9000031,68,68.0,northern_pioneer,0,Wait,0,Wait,0,215,211,0,,5,5,0.5788480043411255,0.01557501032948494,0.5788480043411255
iterative_q,9000031,69,69.0,northern_pathfinder,0,Wait,0,Wait,0,215,211,0,,5,5,0.5164896249771118,0.015021238476037979,0.5164896249771118
iterative_q,9000031,69,69.0,northern_phoenix,0,Wait,0,Wait,0,215,211,0,,5,5,0.5164896249771118,0.015021238476037979,0.5164896249771118
iterative_q,9000031,69,69.0,northern_pioneer,0,Wait,0,Wait,0,215,211,0,,5,5,0.5164896249771118,0.015021238476037979,0.5164896249771118
iterative_q,9000031,70,70.0,northern_pathfinder,0,Wait,0,Wait,0,215,211,0,,5,5,0.6558851003646851,0.014360148459672928,0.6558851003646851
iterative_q,9000031,70,70.0,northern_phoenix,0,Wait,0,Wait,0,215,211,0,,5,5,0.6558851003646851,0.014360148459672928,0.6558851003646851
iterative_q,9000031,70,70.0,northern_pioneer,0,Wait,0,Wait,0,215,211,0,,5,5,0.6558851003646851,0.014360148459672928,0.6558851003646851
iterative_q,9000031,71,71.0,northern_pathfinder,0,Wait,0,Wait,0,215,211,0,,5,5,0.5334147214889526,0.014771301299333572,0.5334147214889526
iterative_q,9000031,71,71.0,northern_phoenix,0,Wait,0,Wait,0,215,211,0,,5,5,0.5334147214889526,0.014771301299333572,0.5334147214889526
iterative_q,9000031,71,71.0,northern_pioneer,0,Wait,0,Wait,0,215,211,0,,5,5,0.5334147214889526,0.014771301299333572,0.5334147214889526
iterative_q,9000031,72,72.0,northern_pathfinder,0,Wait,0,Wait,0,215,211,0,,5,5,0.6112136244773865,0.01607968471944332,0.6112136244773865
iterative_q,9000031,72,72.0,northern_phoenix,0,Wait,0,Wait,0,215,211,0,,5,5,0.6112136244773865,0.01607968471944332,0.6112136244773865
iterative_q,9000031,72,72.0,northern_pioneer,0,Wait,0,Wait,0,215,211,0,,5,5,0.6112136244773865,0.01607968471944332,0.6112136244773865
iterative_q,9000031,73,73.0,northern_pathfinder,0,Wait,0,Wait,0,215,211,0,,5,5,0.688559353351593,0.01674947515130043,0.688559353351593
iterative_q,9000031,73,73.0,northern_phoenix,0,Wait,0,Wait,0,215,211,0,,5,5,0.688559353351593,0.01674947515130043,0.688559353351593
iterative_q,9000031,73,73.0,northern_pioneer,0,Wait,0,Wait,0,215,211,0,,5,5,0.688559353351593,0.01674947515130043,0.688559353351593
iterative_q,9000031,74,74.0,northern_pathfinder,0,Wait,0,Wait,0,215,211,0,,5,5,0.6899555325508118,0.01547749899327755,0.6899555325508118
iterative_q,9000031,74,74.0,northern_phoenix,0,Wait,0,Wait,0,215,211,0,,5,5,0.6899555325508118,0.01547749899327755,0.6899555325508118
iterative_q,9000031,74,74.0,northern_pioneer,0,Wait,0,Wait,0,215,211,0,,5,5,0.6899555325508118,0.01547749899327755,0.6899555325508118
iterative_q,9000031,75,75.0,northern_pathfinder,0,Wait,0,Wait,0,215,211,0,,5,5,0.46585679054260254,0.014459538273513317,0.46585679054260254
iterative_q,9000031,75,75.0,northern_phoenix,0,Wait,0,Wait,0,215,211,0,,5,5,0.46585679054260254,0.014459538273513317,0.46585679054260254
iterative_q,9000031,75,75.0,northern_pioneer,0,Wait,0,Wait,0,215,211,0,,5,5,0.46585679054260254,0.014459538273513317,0.46585679054260254
iterative_q,9000031,76,76.0,northern_pathfinder,0,Wait,0,Wait,0,215,211,0,,5,5,0.6613156199455261,0.014852114021778107,0.6613156199455261
iterative_q,9000031,76,76.0,northern_phoenix,0,Wait,0,Wait,0,215,211,0,,5,5,0.6613156199455261,0.014852114021778107,0.6613156199455261
iterative_q,9000031,76,76.0,northern_pioneer,0,Wait,0,Wait,0,215,211,0,,5,5,0.6613156199455261,0.014852114021778107,0.6613156199455261
iterative_q,9000031,77,77.0,northern_pathfinder,1,Terminal,1,Terminal,0,215,213,0,,5,0,0.13211548328399658,0.02212580107152462,0.13211548328399658
iterative_q,9000031,77,77.0,northern_phoenix,0,Wait,0,Wait,0,215,213,0,,5,0,0.13211548328399658,0.02212580107152462,0.13211548328399658
iterative_q,9000031,77,77.0,northern_pioneer,0,Wait,0,Wait,0,215,213,0,,5,0,0.13211548328399658,0.02212580107152462,0.13211548328399658
iterative_q,9000031,78,78.0,northern_pathfinder,0,Wait,0,Wait,0,215,213,0,,1,5,0.525933027267456,0.008561906404793262,0.525933027267456
iterative_q,9000031,78,78.0,northern_phoenix,0,Wait,0,Wait,0,215,213,0,,1,5,0.525933027267456,0.008561906404793262,0.525933027267456
iterative_q,9000031,78,78.0,northern_pioneer,0,Wait,0,Wait,0,215,213,0,,1,5,0.525933027267456,0.008561906404793262,0.525933027267456
iterative_q,9000031,79,79.0,northern_pathfinder,0,Wait,0,Wait,0,215,211,0,,4,0,0.37076765298843384,0.009536352939903736,0.37076765298843384
iterative_q,9000031,79,79.0,northern_phoenix,0,Wait,0,Wait,0,215,211,0,,4,0,0.37076765298843384,0.009536352939903736,0.37076765298843384
iterative_q,9000031,79,79.0,northern_pioneer,0,Wait,0,Wait,0,215,211,0,,4,0,0.37076765298843384,0.009536352939903736,0.37076765298843384
iterative_q,9000031,80,80.0,northern_pathfinder,0,Wait,0,Wait,0,215,213,0,,5,5,0.5612087845802307,0.009058166295289993,0.5612087845802307
iterative_q,9000031,80,80.0,northern_phoenix,0,Wait,0,Wait,0,215,213,0,,5,5,0.5612087845802307,0.009058166295289993,0.5612087845802307
iterative_q,9000031,80,80.0,northern_pioneer,0,Wait,0,Wait,0,215,213,0,,5,5,0.5612087845802307,0.009058166295289993,0.5612087845802307
iterative_q,9000031,81,81.0,northern_pathfinder,0,Wait,0,Wait,0,215,213,0,,1,5,0.5086215734481812,0.008251563645899296,0.5086215734481812
iterative_q,9000031,81,81.0,northern_phoenix,0,Wait,0,Wait,0,215,213,0,,1,5,0.5086215734481812,0.008251563645899296,0.5086215734481812
iterative_q,9000031,81,81.0,northern_pioneer,0,Wait,0,Wait,0,215,213,0,,1,5,0.5086215734481812,0.008251563645899296,0.5086215734481812
iterative_q,9000031,82,82.0,northern_pathfinder,0,Wait,0,Wait,0,215,211,0,,4,3,0.40060025453567505,0.009720365516841412,0.40060025453567505
iterative_q,9000031,82,82.0,northern_phoenix,0,Wait,0,Wait,0,215,211,0,,4,3,0.40060025453567505,0.009720365516841412,0.40060025453567505
iterative_q,9000031,82,82.0,northern_pioneer,0,Wait,0,Wait,0,215,211,0,,4,3,0.40060025453567505,0.009720365516841412,0.40060025453567505
iterative_q,9000031,83,83.0,northern_pathfinder,0,Wait,0,Wait,0,215,211,0,,5,5,0.5613099932670593,0.010906754061579704,0.5613099932670593
iterative_q,9000031,83,83.0,northern_phoenix,0,Wait,0,Wait,0,215,211,0,,5,5,0.5613099932670593,0.010906754061579704,0.5613099932670593
iterative_q,9000031,83,83.0,northern_pioneer,0,Wait,0,Wait,0,215,211,0,,5,5,0.5613099932670593,0.010906754061579704,0.5613099932670593
iterative_q,9000031,84,84.0,northern_pathfinder,0,Wait,0,Wait,0,215,211,0,,5,5,0.5697119235992432,0.010995951481163502,0.5697119235992432
iterative_q,9000031,84,84.0,northern_phoenix,0,Wait,0,Wait,0,215,211,0,,5,5,0.5697119235992432,0.010995951481163502,0.5697119235992432
iterative_q,9000031,84,84.0,northern_pioneer,0,Wait,0,Wait,0,215,211,0,,5,5,0.5697119235992432,0.010995951481163502,0.5697119235992432
iterative_q,9000031,85,85.0,northern_pathfinder,0,Wait,0,Wait,0,215,213,0,,5,5,0.4405513405799866,0.0070939334109425545,0.4405513405799866
iterative_q,9000031,85,85.0,northern_phoenix,0,Wait,0,Wait,0,215,213,0,,5,5,0.4405513405799866,0.0070939334109425545,0.4405513405799866
iterative_q,9000031,85,85.0,northern_pioneer,0,Wait,0,Wait,0,215,213,0,,5,5,0.4405513405799866,0.0070939334109425545,0.4405513405799866
iterative_q,9000031,86,86.0,northern_pathfinder,0,Wait,0,Wait,0,215,211,0,,4,5,0.5104383230209351,0.009413265623152256,0.5104383230209351
iterative_q,9000031,86,86.0,northern_phoenix,0,Wait,0,Wait,0,215,211,0,,4,5,0.5104383230209351,0.009413265623152256,0.5104383230209351
iterative_q,9000031,86,86.0,northern_pioneer,0,Wait,0,Wait,0,215,211,0,,4,5,0.5104383230209351,0.009413265623152256,0.5104383230209351
iterative_q,9000031,87,87.0,northern_pathfinder,0,Wait,0,Wait,0,215,210,0,,5,0,0.32349693775177,0.016234317794442177,0.32349693775177
iterative_q,9000031,87,87.0,northern_phoenix,0,Wait,0,Wait,0,215,210,0,,5,0,0.32349693775177,0.016234317794442177,0.32349693775177
iterative_q,9000031,87,87.0,northern_pioneer,1,Terminal,1,Terminal,0,215,210,0,,5,0,0.32349693775177,0.016234317794442177,0.32349693775177
iterative_q,9000031,88,97.0,northern_pathfinder,0,Wait,0,Wait,0,215,197,0,,5,0,0.07328161597251892,0.014830859377980232,0.07328161597251892
iterative_q,9000031,88,97.0,northern_phoenix,0,Wait,0,Wait,0,215,197,0,,5,0,0.07328161597251892,0.014830859377980232,0.07328161597251892
iterative_q,9000031,88,97.0,northern_pioneer,0,Wait,0,Wait,0,215,197,0,,5,0,0.07328161597251892,0.014830859377980232,0.07328161597251892
iterative_q,9000031,89,98.0,northern_pathfinder,0,Wait,0,Wait,0,215,197,0,,5,0,0.18468329310417175,0.013466212898492813,0.18468329310417175
iterative_q,9000031,89,98.0,northern_phoenix,0,Wait,0,Wait,0,215,197,0,,5,0,0.18468329310417175,0.013466212898492813,0.18468329310417175
iterative_q,9000031,89,98.0,northern_pioneer,0,Wait,0,Wait,0,215,197,0,,5,0,0.18468329310417175,0.013466212898492813,0.18468329310417175
iterative_q,9000031,90,99.0,northern_pathfinder,0,Wait,0,Wait,0,215,197,0,,5,0,0.2739695608615875,0.012401181273162365,0.2739695608615875
iterative_q,9000031,90,99.0,northern_phoenix,0,Wait,0,Wait,0,215,197,0,,5,0,0.2739695608615875,0.012401181273162365,0.2739695608615875
iterative_q,9000031,90,99.0,northern_pioneer,0,Wait,0,Wait,0,215,197,0,,5,0,0.2739695608615875,0.012401181273162365,0.2739695608615875
iterative_q,9000031,91,100.0,northern_pathfinder,0,Wait,0,Wait,0,215,197,0,,5,0,0.17395751178264618,0.013187658041715622,0.17395751178264618
iterative_q,9000031,91,100.0,northern_phoenix,0,Wait,0,Wait,0,215,197,0,,5,0,0.17395751178264618,0.013187658041715622,0.17395751178264618
iterative_q,9000031,91,100.0,northern_pioneer,0,Wait,0,Wait,0,215,197,0,,5,0,0.17395751178264618,0.013187658041715622,0.17395751178264618
iterative_q,9000031,92,101.0,northern_pathfinder,0,Wait,0,Wait,0,215,197,0,,5,0,0.16266679763793945,0.013368114829063416,0.16266679763793945
iterative_q,9000031,92,101.0,northern_phoenix,0,Wait,0,Wait,0,215,197,0,,5,0,0.16266679763793945,0.013368114829063416,0.16266679763793945
iterative_q,9000031,92,101.0,northern_pioneer,0,Wait,0,Wait,0,215,197,0,,5,0,0.16266679763793945,0.013368114829063416,0.16266679763793945
iterative_q,9000031,93,102.0,northern_pathfinder,0,Wait,0,Wait,0,215,197,0,,5,0,0.34512758255004883,0.010794801637530327,0.34512758255004883
iterative_q,9000031,93,102.0,northern_phoenix,0,Wait,0,Wait,0,215,197,0,,5,0,0.34512758255004883,0.010794801637530327,0.34512758255004883
iterative_q,9000031,93,102.0,northern_pioneer,0,Wait,0,Wait,0,215,197,0,,5,0,0.34512758255004883,0.010794801637530327,0.34512758255004883
iterative_q,9000031,94,103.0,northern_pathfinder,0,Wait,0,Wait,0,215,197,0,,5,0,0.3377273380756378,0.009895745664834976,0.3377273380756378
iterative_q,9000031,94,103.0,northern_phoenix,0,Wait,0,Wait,0,215,197,0,,5,0,0.3377273380756378,0.009895745664834976,0.3377273380756378
iterative_q,9000031,94,103.0,northern_pioneer,0,Wait,0,Wait,0,215,197,0,,5,0,0.3377273380756378,0.009895745664834976,0.3377273380756378
iterative_q,9000031,95,104.0,northern_pathfinder,0,Wait,0,Wait,0,215,197,0,,5,0,0.3523356318473816,0.009536703117191792,0.3523356318473816
iterative_q,9000031,95,104.0,northern_phoenix,0,Wait,0,Wait,0,215,197,0,,5,0,0.3523356318473816,0.009536703117191792,0.3523356318473816
iterative_q,9000031,95,104.0,northern_pioneer,0,Wait,0,Wait,0,215,197,0,,5,0,0.3523356318473816,0.009536703117191792,0.3523356318473816
iterative_q,9000031,96,105.0,northern_pathfinder,0,Wait,0,Wait,0,215,197,0,,5,0,0.37223854660987854,0.009335576556622982,0.37223854660987854
iterative_q,9000031,96,105.0,northern_phoenix,0,Wait,0,Wait,0,215,197,0,,5,0,0.37223854660987854,0.009335576556622982,0.37223854660987854
iterative_q,9000031,96,105.0,northern_pioneer,0,Wait,0,Wait,0,215,197,0,,5,0,0.37223854660987854,0.009335576556622982,0.37223854660987854
iterative_q,9000031,97,106.0,northern_pathfinder,0,Wait,0,Wait,0,215,197,0,,5,5,0.42859992384910583,0.009423188865184784,0.42859992384910583
iterative_q,9000031,97,106.0,northern_phoenix,0,Wait,0,Wait,0,215,197,0,,5,5,0.42859992384910583,0.009423188865184784,0.42859992384910583
iterative_q,9000031,97,106.0,northern_pioneer,0,Wait,0,Wait,0,215,197,0,,5,5,0.42859992384910583,0.009423188865184784,0.42859992384910583
iterative_q,9000031,98,107.0,northern_pathfinder,0,Wait,0,Wait,0,215,197,0,,5,4,0.4112170338630676,0.009146935306489468,0.4112170338630676
iterative_q,9000031,98,107.0,northern_phoenix,0,Wait,0,Wait,0,215,197,0,,5,4,0.4112170338630676,0.009146935306489468,0.4112170338630676
iterative_q,9000031,98,107.0,northern_pioneer,0,Wait,0,Wait,0,215,197,0,,5,4,0.4112170338630676,0.009146935306489468,0.4112170338630676
iterative_q,9000031,99,108.0,northern_pathfinder,0,Wait,0,Wait,0,197,197,1,0,5,5,0.4536351263523102,0.008883476257324219,0.4536351263523102
iterative_q,9000031,99,108.0,northern_phoenix,0,Wait,2,Brevik,1,197,197,1,0,5,5,0.4536351263523102,0.008883476257324219,0.4536351263523102
iterative_q,9000031,99,108.0,northern_pioneer,0,Wait,0,Wait,0,197,197,1,0,5,5,0.4536351263523102,0.008883476257324219,0.4536351263523102
iterative_q,9000031,100,115.0,northern_pathfinder,0,Wait,0,Wait,0,215,203,0,0,5,0,0.02706131897866726,0.016766436398029327,0.02706131897866726
iterative_q,9000031,100,115.0,northern_phoenix,0,Wait,0,Wait,0,215,203,0,0,5,0,0.02706131897866726,0.016766436398029327,0.02706131897866726
iterative_q,9000031,100,115.0,northern_pioneer,0,Wait,0,Wait,0,215,203,0,0,5,0,0.02706131897866726,0.016766436398029327,0.02706131897866726
iterative_q,9000031,101,116.0,northern_pathfinder,0,Wait,0,Wait,0,215,203,0,0,5,0,0.1341090202331543,0.01830492541193962,0.1341090202331543
iterative_q,9000031,101,116.0,northern_phoenix,0,Wait,0,Wait,0,215,203,0,0,5,0,0.1341090202331543,0.01830492541193962,0.1341090202331543
iterative_q,9000031,101,116.0,northern_pioneer,0,Wait,0,Wait,0,215,203,0,0,5,0,0.1341090202331543,0.01830492541193962,0.1341090202331543
iterative_q,9000031,102,117.0,northern_pathfinder,0,Wait,0,Wait,0,215,203,0,0,5,0,0.17774233222007751,0.018663479015231133,0.17774233222007751
iterative_q,9000031,102,117.0,northern_phoenix,0,Wait,0,Wait,0,215,203,0,0,5,0,0.17774233222007751,0.018663479015231133,0.17774233222007751
iterative_q,9000031,102,117.0,northern_pioneer,0,Wait,0,Wait,0,215,203,0,0,5,0,0.17774233222007751,0.018663479015231133,0.17774233222007751
iterative_q,9000031,103,118.0,northern_pathfinder,0,Wait,0,Wait,0,215,203,0,0,5,5,0.42812100052833557,0.02182762697339058,0.42812100052833557
iterative_q,9000031,103,118.0,northern_phoenix,0,Wait,0,Wait,0,215,203,0,0,5,5,0.42812100052833557,0.02182762697339058,0.42812100052833557
iterative_q,9000031,103,118.0,northern_pioneer,0,Wait,0,Wait,0,215,203,0,0,5,5,0.42812100052833557,0.02182762697339058,0.42812100052833557
iterative_q,9000031,104,119.0,northern_pathfinder,0,Wait,0,Wait,0,215,203,0,0,5,1,0.38801828026771545,0.01995706558227539,0.38801828026771545
iterative_q,9000031,104,119.0,northern_phoenix,0,Wait,0,Wait,0,215,203,0,0,5,1,0.38801828026771545,0.01995706558227539,0.38801828026771545
iterative_q,9000031,104,119.0,northern_pioneer,0,Wait,0,Wait,0,215,203,0,0,5,1,0.38801828026771545,0.01995706558227539,0.38801828026771545
iterative_q,9000031,105,120.0,northern_pathfinder,0,Wait,0,Wait,0,215,203,0,0,5,5,0.4231942594051361,0.01953815296292305,0.4231942594051361
iterative_q,9000031,105,120.0,northern_phoenix,0,Wait,0,Wait,0,215,203,0,0,5,5,0.4231942594051361,0.01953815296292305,0.4231942594051361
iterative_q,9000031,105,120.0,northern_pioneer,0,Wait,0,Wait,0,215,203,0,0,5,5,0.4231942594051361,0.01953815296292305,0.4231942594051361
iterative_q,9000031,106,121.0,northern_pathfinder,0,Wait,0,Wait,0,215,203,0,0,5,4,0.4167323112487793,0.01954064518213272,0.4167323112487793
iterative_q,9000031,106,121.0,northern_phoenix,0,Wait,0,Wait,0,215,203,0,0,5,4,0.4167323112487793,0.01954064518213272,0.4167323112487793
iterative_q,9000031,106,121.0,northern_pioneer,0,Wait,0,Wait,0,215,203,0,0,5,4,0.4167323112487793,0.01954064518213272,0.4167323112487793
iterative_q,9000031,107,122.0,northern_pathfinder,0,Wait,0,Wait,0,215,203,0,0,5,4,0.4178449511528015,0.020205926150083542,0.4178449511528015
iterative_q,9000031,107,122.0,northern_phoenix,0,Wait,0,Wait,0,215,203,0,0,5,4,0.4178449511528015,0.020205926150083542,0.4178449511528015
iterative_q,9000031,107,122.0,northern_pioneer,0,Wait,0,Wait,0,215,203,0,0,5,4,0.4178449511528015,0.020205926150083542,0.4178449511528015
iterative_q,9000031,108,123.0,northern_pathfinder,0,Wait,0,Wait,0,215,215,0,0,5,0,0.0,0.0,0.0
iterative_q,9000031,108,123.0,northern_phoenix,0,Wait,0,Wait,0,215,215,0,0,5,0,0.0,0.0,0.0
iterative_q,9000031,108,123.0,northern_pioneer,0,Wait,0,Wait,0,215,215,0,0,5,0,0.0,0.0,0.0
iterative_q,9000031,109,124.0,northern_pathfinder,0,Wait,0,Wait,0,215,213,0,0,2,5,0.5874823331832886,0.017182203009724617,0.5874823331832886
iterative_q,9000031,109,124.0,northern_phoenix,0,Wait,0,Wait,0,215,213,0,0,2,5,0.5874823331832886,0.017182203009724617,0.5874823331832886
iterative_q,9000031,109,124.0,northern_pioneer,4,Yara Sluiskil,4,Yara Sluiskil,0,215,213,0,0,2,5,0.5874823331832886,0.017182203009724617,0.5874823331832886
iterative_q,9000031,110,125.0,northern_pathfinder,0,Wait,0,Wait,0,215,203,0,0,5,5,0.7468779683113098,0.020395785570144653,0.7468779683113098
iterative_q,9000031,110,125.0,northern_phoenix,0,Wait,0,Wait,0,215,203,0,0,5,5,0.7468779683113098,0.020395785570144653,0.7468779683113098
iterative_q,9000031,110,125.0,northern_pioneer,0,Wait,0,Wait,0,215,203,0,0,5,5,0.7468779683113098,0.020395785570144653,0.7468779683113098
iterative_q,9000031,111,126.0,northern_pathfinder,0,Wait,0,Wait,0,215,203,0,0,5,5,0.7778304815292358,0.02029331400990486,0.7778304815292358
iterative_q,9000031,111,126.0,northern_phoenix,0,Wait,0,Wait,0,215,203,0,0,5,5,0.7778304815292358,0.02029331400990486,0.7778304815292358
iterative_q,9000031,111,126.0,northern_pioneer,0,Wait,0,Wait,0,215,203,0,0,5,5,0.7778304815292358,0.02029331400990486,0.7778304815292358
iterative_q,9000031,112,127.0,northern_pathfinder,0,Wait,0,Wait,0,215,203,0,0,5,5,0.8221314549446106,0.024066241458058357,0.8221314549446106
iterative_q,9000031,112,127.0,northern_phoenix,0,Wait,0,Wait,0,215,203,0,0,5,5,0.8221314549446106,0.024066241458058357,0.8221314549446106
iterative_q,9000031,112,127.0,northern_pioneer,0,Wait,0,Wait,0,215,203,0,0,5,5,0.8221314549446106,0.024066241458058357,0.8221314549446106
iterative_q,9000031,113,128.0,northern_pathfinder,0,Wait,0,Wait,0,215,203,0,0,5,5,0.8036470413208008,0.022235803306102753,0.8036470413208008
iterative_q,9000031,113,128.0,northern_phoenix,0,Wait,0,Wait,0,215,203,0,0,5,5,0.8036470413208008,0.022235803306102753,0.8036470413208008
iterative_q,9000031,113,128.0,northern_pioneer,0,Wait,0,Wait,0,215,203,0,0,5,5,0.8036470413208008,0.022235803306102753,0.8036470413208008
iterative_q,9000031,114,129.0,northern_pathfinder,0,Wait,0,Wait,0,215,203,0,0,5,5,0.8612998723983765,0.02522983029484749,0.8612998723983765
iterative_q,9000031,114,129.0,northern_phoenix,0,Wait,0,Wait,0,215,203,0,0,5,5,0.8612998723983765,0.02522983029484749,0.8612998723983765
iterative_q,9000031,114,129.0,northern_pioneer,0,Wait,0,Wait,0,215,203,0,0,5,5,0.8612998723983765,0.02522983029484749,0.8612998723983765
iterative_q,9000031,115,130.0,northern_pathfinder,0,Wait,0,Wait,0,215,203,0,0,5,5,0.8833187222480774,0.0260575283318758,0.8833187222480774
iterative_q,9000031,115,130.0,northern_phoenix,0,Wait,0,Wait,0,215,203,0,0,5,5,0.8833187222480774,0.0260575283318758,0.8833187222480774
iterative_q,9000031,115,130.0,northern_pioneer,0,Wait,0,Wait,0,215,203,0,0,5,5,0.8833187222480774,0.0260575283318758,0.8833187222480774
iterative_q,9000031,116,131.0,northern_pathfinder,0,Wait,0,Wait,0,215,203,0,0,5,5,1.0152027606964111,0.028298767283558846,1.0152027606964111
iterative_q,9000031,116,131.0,northern_phoenix,0,Wait,0,Wait,0,215,203,0,0,5,5,1.0152027606964111,0.028298767283558846,1.0152027606964111
iterative_q,9000031,116,131.0,northern_pioneer,0,Wait,0,Wait,0,215,203,0,0,5,5,1.0152027606964111,0.028298767283558846,1.0152027606964111
iterative_q,9000031,117,132.0,northern_pathfinder,0,Wait,0,Wait,0,215,203,0,0,5,5,0.969351589679718,0.03059888631105423,0.969351589679718
iterative_q,9000031,117,132.0,northern_phoenix,0,Wait,0,Wait,0,215,203,0,0,5,5,0.969351589679718,0.03059888631105423,0.969351589679718
iterative_q,9000031,117,132.0,northern_pioneer,0,Wait,0,Wait,0,215,203,0,0,5,5,0.969351589679718,0.03059888631105423,0.969351589679718
iterative_q,9000031,118,133.0,northern_pathfinder,0,Wait,0,Wait,0,215,203,0,0,5,5,0.9555039405822754,0.029482312500476837,0.9555039405822754
iterative_q,9000031,118,133.0,northern_phoenix,0,Wait,0,Wait,0,215,203,0,0,5,5,0.9555039405822754,0.029482312500476837,0.9555039405822754
iterative_q,9000031,118,133.0,northern_pioneer,0,Wait,0,Wait,0,215,203,0,0,5,5,0.9555039405822754,0.029482312500476837,0.9555039405822754
iterative_q,9000031,119,134.0,northern_pathfinder,0,Wait,0,Wait,0,215,203,0,0,5,5,0.8201658129692078,0.02518758550286293,0.8201658129692078
iterative_q,9000031,119,134.0,northern_phoenix,0,Wait,0,Wait,0,215,203,0,0,5,5,0.8201658129692078,0.02518758550286293,0.8201658129692078
iterative_q,9000031,119,134.0,northern_pioneer,0,Wait,0,Wait,0,215,203,0,0,5,5,0.8201658129692078,0.02518758550286293,0.8201658129692078
iterative_q,9000031,120,135.0,northern_pathfinder,0,Wait,0,Wait,0,215,203,0,0,5,5,0.8238999247550964,0.02710001729428768,0.8238999247550964
iterative_q,9000031,120,135.0,northern_phoenix,0,Wait,0,Wait,0,215,203,0,0,5,5,0.8238999247550964,0.02710001729428768,0.8238999247550964
iterative_q,9000031,120,135.0,northern_pioneer,0,Wait,0,Wait,0,215,203,0,0,5,5,0.8238999247550964,0.02710001729428768,0.8238999247550964
iterative_q,9000031,121,136.0,northern_pathfinder,4,Yara Sluiskil,4,Yara Sluiskil,0,215,119,0,0,5,5,1.5798267126083374,0.00963277742266655,1.5798267126083374
iterative_q,9000031,121,136.0,northern_phoenix,0,Wait,0,Wait,0,215,119,0,0,5,5,1.5798267126083374,0.00963277742266655,1.5798267126083374
iterative_q,9000031,121,136.0,northern_pioneer,0,Wait,0,Wait,0,215,119,0,0,5,5,1.5798267126083374,0.00963277742266655,1.5798267126083374
iterative_q,9000031,122,137.0,northern_pathfinder,0,Wait,0,Wait,0,215,203,0,0,5,5,1.010547399520874,0.02894546464085579,1.010547399520874
iterative_q,9000031,122,137.0,northern_phoenix,0,Wait,0,Wait,0,215,203,0,0,5,5,1.010547399520874,0.02894546464085579,1.010547399520874
iterative_q,9000031,122,137.0,northern_pioneer,0,Wait,0,Wait,0,215,203,0,0,5,5,1.010547399520874,0.02894546464085579,1.010547399520874
iterative_q,9000031,123,138.0,northern_pathfinder,0,Wait,0,Wait,0,215,203,0,0,5,5,1.0230939388275146,0.030340267345309258,1.0230939388275146
iterative_q,9000031,123,138.0,northern_phoenix,0,Wait,0,Wait,0,215,203,0,0,5,5,1.0230939388275146,0.030340267345309258,1.0230939388275146
iterative_q,9000031,123,138.0,northern_pioneer,0,Wait,0,Wait,0,215,203,0,0,5,5,1.0230939388275146,0.030340267345309258,1.0230939388275146
iterative_q,9000031,124,139.0,northern_pathfinder,0,Wait,0,Wait,0,215,203,0,0,5,5,0.9263157844543457,0.02818426489830017,0.9263157844543457
iterative_q,9000031,124,139.0,northern_phoenix,0,Wait,0,Wait,0,215,203,0,0,5,5,0.9263157844543457,0.02818426489830017,0.9263157844543457
iterative_q,9000031,124,139.0,northern_pioneer,0,Wait,0,Wait,0,215,203,0,0,5,5,0.9263157844543457,0.02818426489830017,0.9263157844543457
iterative_q,9000031,125,140.0,northern_pathfinder,0,Wait,0,Wait,0,215,203,0,0,5,5,1.0440770387649536,0.0306285060942173,1.0440770387649536
iterative_q,9000031,125,140.0,northern_phoenix,0,Wait,0,Wait,0,215,203,0,0,5,5,1.0440770387649536,0.0306285060942173,1.0440770387649536
iterative_q,9000031,125,140.0,northern_pioneer,0,Wait,0,Wait,0,215,203,0,0,5,5,1.0440770387649536,0.0306285060942173,1.0440770387649536
iterative_q,9000031,126,141.0,northern_pathfinder,0,Wait,0,Wait,0,215,203,0,0,5,5,0.904979407787323,0.027162006124854088,0.904979407787323
iterative_q,9000031,126,141.0,northern_phoenix,0,Wait,0,Wait,0,215,203,0,0,5,5,0.904979407787323,0.027162006124854088,0.904979407787323
iterative_q,9000031,126,141.0,northern_pioneer,0,Wait,0,Wait,0,215,203,0,0,5,5,0.904979407787323,0.027162006124854088,0.904979407787323
iterative_q,9000031,127,142.0,northern_pathfinder,0,Wait,0,Wait,0,215,203,0,0,5,5,1.042995572090149,0.03000301867723465,1.042995572090149
iterative_q,9000031,127,142.0,northern_phoenix,0,Wait,0,Wait,0,215,203,0,0,5,5,1.042995572090149,0.03000301867723465,1.042995572090149
iterative_q,9000031,127,142.0,northern_pioneer,0,Wait,0,Wait,0,215,203,0,0,5,5,1.042995572090149,0.03000301867723465,1.042995572090149
iterative_q,9000031,128,143.0,northern_pathfinder,0,Wait,0,Wait,0,215,203,0,0,5,5,1.0254347324371338,0.03104667365550995,1.0254347324371338
iterative_q,9000031,128,143.0,northern_phoenix,0,Wait,0,Wait,0,215,203,0,0,5,5,1.0254347324371338,0.03104667365550995,1.0254347324371338
iterative_q,9000031,128,143.0,northern_pioneer,0,Wait,0,Wait,0,215,203,0,0,5,5,1.0254347324371338,0.03104667365550995,1.0254347324371338
iterative_q,9000031,129,144.0,northern_pathfinder,0,Wait,0,Wait,0,215,203,0,0,5,5,0.8462675213813782,0.025667032226920128,0.8462675213813782
iterative_q,9000031,129,144.0,northern_phoenix,0,Wait,0,Wait,0,215,203,0,0,5,5,0.8462675213813782,0.025667032226920128,0.8462675213813782
iterative_q,9000031,129,144.0,northern_pioneer,0,Wait,0,Wait,0,215,203,0,0,5,5,0.8462675213813782,0.025667032226920128,0.8462675213813782
iterative_q,9000031,130,145.0,northern_pathfinder,0,Wait,0,Wait,0,215,203,0,0,5,5,1.0304620265960693,0.031617190688848495,1.0304620265960693
iterative_q,9000031,130,145.0,northern_phoenix,0,Wait,0,Wait,0,215,203,0,0,5,5,1.0304620265960693,0.031617190688848495,1.0304620265960693
iterative_q,9000031,130,145.0,northern_pioneer,0,Wait,0,Wait,0,215,203,0,0,5,5,1.0304620265960693,0.031617190688848495,1.0304620265960693
iterative_q,9000031,131,146.0,northern_pathfinder,0,Wait,0,Wait,0,215,203,0,0,5,5,0.9873577952384949,0.030032547190785408,0.9873577952384949
iterative_q,9000031,131,146.0,northern_phoenix,0,Wait,0,Wait,0,215,203,0,0,5,5,0.9873577952384949,0.030032547190785408,0.9873577952384949
iterative_q,9000031,131,146.0,northern_pioneer,0,Wait,0,Wait,0,215,203,0,0,5,5,0.9873577952384949,0.030032547190785408,0.9873577952384949
iterative_q,9000031,132,147.0,northern_pathfinder,0,Wait,0,Wait,0,215,203,0,0,5,5,0.9629581570625305,0.030177230015397072,0.9629581570625305
iterative_q,9000031,132,147.0,northern_phoenix,0,Wait,0,Wait,0,215,203,0,0,5,5,0.9629581570625305,0.030177230015397072,0.9629581570625305
iterative_q,9000031,132,147.0,northern_pioneer,0,Wait,0,Wait,0,215,203,0,0,5,5,0.9629581570625305,0.030177230015397072,0.9629581570625305
iterative_q,9000031,133,148.0,northern_pathfinder,0,Wait,0,Wait,0,215,215,0,0,4,0,0.0,0.0,0.0
iterative_q,9000031,133,148.0,northern_phoenix,1,Terminal,1,Terminal,0,215,215,0,0,4,0,0.0,0.0,0.0
iterative_q,9000031,133,148.0,northern_pioneer,0,Wait,0,Wait,0,215,215,0,0,4,0,0.0,0.0,0.0
iterative_q,9000031,134,170.0,northern_pathfinder,0,Wait,0,Wait,0,215,213,0,1,5,0,0.10887034237384796,0.015896763652563095,0.10887034237384796
iterative_q,9000031,134,170.0,northern_phoenix,0,Wait,0,Wait,0,215,213,0,1,5,0,0.10887034237384796,0.015896763652563095,0.10887034237384796
iterative_q,9000031,134,170.0,northern_pioneer,0,Wait,0,Wait,0,215,213,0,1,5,0,0.10887034237384796,0.015896763652563095,0.10887034237384796
iterative_q,9000031,135,171.0,northern_pathfinder,0,Wait,0,Wait,0,215,215,0,1,5,0,0.0,0.0,0.0
iterative_q,9000031,135,171.0,northern_phoenix,0,Wait,0,Wait,0,215,215,0,1,5,0,0.0,0.0,0.0
iterative_q,9000031,135,171.0,northern_pioneer,0,Wait,0,Wait,0,215,215,0,1,5,0,0.0,0.0,0.0
iterative_q,9000031,136,172.0,northern_pathfinder,0,Wait,0,Wait,0,215,213,0,1,5,0,0.1608942300081253,0.015450048260390759,0.1608942300081253
iterative_q,9000031,136,172.0,northern_phoenix,0,Wait,0,Wait,0,215,213,0,1,5,0,0.1608942300081253,0.015450048260390759,0.1608942300081253
iterative_q,9000031,136,172.0,northern_pioneer,0,Wait,0,Wait,0,215,213,0,1,5,0,0.1608942300081253,0.015450048260390759,0.1608942300081253
iterative_q,9000031,137,173.0,northern_pathfinder,0,Wait,0,Wait,0,215,213,0,1,5,0,0.10624085366725922,0.014654591679573059,0.10624085366725922
iterative_q,9000031,137,173.0,northern_phoenix,0,Wait,0,Wait,0,215,213,0,1,5,0,0.10624085366725922,0.014654591679573059,0.10624085366725922
iterative_q,9000031,137,173.0,northern_pioneer,0,Wait,0,Wait,0,215,213,0,1,5,0,0.10624085366725922,0.014654591679573059,0.10624085366725922
iterative_q,9000031,138,174.0,northern_pathfinder,0,Wait,0,Wait,0,215,213,0,1,5,0,0.0933474525809288,0.015147040598094463,0.0933474525809288
iterative_q,9000031,138,174.0,northern_phoenix,0,Wait,0,Wait,0,215,213,0,1,5,0,0.0933474525809288,0.015147040598094463,0.0933474525809288
iterative_q,9000031,138,174.0,northern_pioneer,0,Wait,0,Wait,0,215,213,0,1,5,0,0.0933474525809288,0.015147040598094463,0.0933474525809288
iterative_q,9000031,139,175.0,northern_pathfinder,0,Wait,0,Wait,0,215,213,0,1,5,0,0.1755731850862503,0.015760833397507668,0.1755731850862503
iterative_q,9000031,139,175.0,northern_phoenix,0,Wait,0,Wait,0,215,213,0,1,5,0,0.1755731850862503,0.015760833397507668,0.1755731850862503
iterative_q,9000031,139,175.0,northern_pioneer,0,Wait,0,Wait,0,215,213,0,1,5,0,0.1755731850862503,0.015760833397507668,0.1755731850862503
iterative_q,9000031,140,176.0,northern_pathfinder,0,Wait,0,Wait,0,215,213,0,1,5,0,0.17867137491703033,0.01616126112639904,0.17867137491703033
iterative_q,9000031,140,176.0,northern_phoenix,0,Wait,0,Wait,0,215,213,0,1,5,0,0.17867137491703033,0.01616126112639904,0.17867137491703033
iterative_q,9000031,140,176.0,northern_pioneer,0,Wait,0,Wait,0,215,213,0,1,5,0,0.17867137491703033,0.01616126112639904,0.17867137491703033
iterative_q,9000031,141,177.0,northern_pathfinder,0,Wait,0,Wait,0,215,213,0,1,5,0,0.08598747849464417,0.016735203564167023,0.08598747849464417
iterative_q,9000031,141,177.0,northern_phoenix,0,Wait,0,Wait,0,215,213,0,1,5,0,0.08598747849464417,0.016735203564167023,0.08598747849464417
iterative_q,9000031,141,177.0,northern_pioneer,0,Wait,0,Wait,0,215,213,0,1,5,0,0.08598747849464417,0.016735203564167023,0.08598747849464417
iterative_q,9000031,142,178.0,northern_pathfinder,0,Wait,0,Wait,0,215,213,0,1,4,0,0.21435320377349854,0.016169268637895584,0.21435320377349854
iterative_q,9000031,142,178.0,northern_phoenix,0,Wait,0,Wait,0,215,213,0,1,4,0,0.21435320377349854,0.016169268637895584,0.21435320377349854
iterative_q,9000031,142,178.0,northern_pioneer,0,Wait,0,Wait,0,215,213,0,1,4,0,0.21435320377349854,0.016169268637895584,0.21435320377349854
iterative_q,9000031,143,179.0,northern_pathfinder,0,Wait,0,Wait,0,215,213,0,1,5,0,0.13422539830207825,0.01540160458534956,0.13422539830207825
iterative_q,9000031,143,179.0,northern_phoenix,0,Wait,0,Wait,0,215,213,0,1,5,0,0.13422539830207825,0.01540160458534956,0.13422539830207825
iterative_q,9000031,143,179.0,northern_pioneer,0,Wait,0,Wait,0,215,213,0,1,5,0,0.13422539830207825,0.01540160458534956,0.13422539830207825
iterative_q,9000031,144,180.0,northern_pathfinder,0,Wait,0,Wait,0,215,213,0,1,3,0,0.28224125504493713,0.02334865927696228,0.28224125504493713
iterative_q,9000031,144,180.0,northern_phoenix,0,Wait,0,Wait,0,215,213,0,1,3,0,0.28224125504493713,0.02334865927696228,0.28224125504493713
iterative_q,9000031,144,180.0,northern_pioneer,1,Terminal,1,Terminal,0,215,213,0,1,3,0,0.28224125504493713,0.02334865927696228,0.28224125504493713
iterative_q,9000031,145,182.0,northern_pathfinder,0,Wait,0,Wait,0,215,143,0,1,3,0,0.003580427262932062,0.018700074404478073,0.003580427262932062
iterative_q,9000031,145,182.0,northern_phoenix,0,Wait,0,Wait,0,215,143,0,1,3,0,0.003580427262932062,0.018700074404478073,0.003580427262932062
iterative_q,9000031,145,182.0,northern_pioneer,0,Wait,0,Wait,0,215,143,0,1,3,0,0.003580427262932062,0.018700074404478073,0.003580427262932062
iterative_q,9000031,146,183.0,northern_pathfinder,0,Wait,0,Wait,0,215,215,0,1,5,0,0.0,0.0,0.0
iterative_q,9000031,146,183.0,northern_phoenix,0,Wait,0,Wait,0,215,215,0,1,5,0,0.0,0.0,0.0
iterative_q,9000031,146,183.0,northern_pioneer,0,Wait,0,Wait,0,215,215,0,1,5,0,0.0,0.0,0.0
iterative_q,9000031,147,184.0,northern_pathfinder,0,Wait,0,Wait,0,215,215,0,1,5,0,0.0,0.0,0.0
iterative_q,9000031,147,184.0,northern_phoenix,0,Wait,0,Wait,0,215,215,0,1,5,0,0.0,0.0,0.0
iterative_q,9000031,147,184.0,northern_pioneer,0,Wait,0,Wait,0,215,215,0,1,5,0,0.0,0.0,0.0
iterative_q,9000031,148,185.0,northern_pathfinder,0,Wait,0,Wait,0,215,215,0,1,5,0,0.0,0.0,0.0
iterative_q,9000031,148,185.0,northern_phoenix,0,Wait,0,Wait,0,215,215,0,1,5,0,0.0,0.0,0.0
iterative_q,9000031,148,185.0,northern_pioneer,0,Wait,0,Wait,0,215,215,0,1,5,0,0.0,0.0,0.0
iterative_q,9000031,149,186.0,northern_pathfinder,0,Wait,3,Celsio,1,113,113,1,1,5,5,0.6375756859779358,0.014829150401055813,0.6375756859779358
iterative_q,9000031,149,186.0,northern_phoenix,3,Celsio,0,Wait,1,113,113,1,1,5,5,0.6375756859779358,0.014829150401055813,0.6375756859779358
iterative_q,9000031,149,186.0,northern_pioneer,0,Wait,0,Wait,0,113,113,1,1,5,5,0.6375756859779358,0.014829150401055813,0.6375756859779358
iterative_q,9000031,150,187.0,northern_pathfinder,0,Wait,0,Wait,0,215,209,0,1,5,5,0.44177350401878357,0.019100308418273926,0.44177350401878357
iterative_q,9000031,150,187.0,northern_phoenix,3,Celsio,3,Celsio,0,215,209,0,1,5,5,0.44177350401878357,0.019100308418273926,0.44177350401878357
iterative_q,9000031,150,187.0,northern_pioneer,0,Wait,0,Wait,0,215,209,0,1,5,5,0.44177350401878357,0.019100308418273926,0.44177350401878357
iterative_q,9000031,151,220.0,northern_pathfinder,0,Wait,0,Wait,0,215,197,0,2,4,0,0.3408837914466858,0.012320256792008877,0.3408837914466858
iterative_q,9000031,151,220.0,northern_phoenix,0,Wait,0,Wait,0,215,197,0,2,4,0,0.3408837914466858,0.012320256792008877,0.3408837914466858
iterative_q,9000031,151,220.0,northern_pioneer,0,Wait,0,Wait,0,215,197,0,2,4,0,0.3408837914466858,0.012320256792008877,0.3408837914466858
iterative_q,9000031,152,221.0,northern_pathfinder,0,Wait,0,Wait,0,215,197,0,2,5,0,0.3262045979499817,0.01365372072905302,0.3262045979499817
iterative_q,9000031,152,221.0,northern_phoenix,0,Wait,0,Wait,0,215,197,0,2,5,0,0.3262045979499817,0.01365372072905302,0.3262045979499817
iterative_q,9000031,152,221.0,northern_pioneer,0,Wait,0,Wait,0,215,197,0,2,5,0,0.3262045979499817,0.01365372072905302,0.3262045979499817
iterative_q,9000031,153,222.0,northern_pathfinder,0,Wait,0,Wait,0,215,197,0,2,5,0,0.3062687814235687,0.012132539413869381,0.3062687814235687
iterative_q,9000031,153,222.0,northern_phoenix,0,Wait,0,Wait,0,215,197,0,2,5,0,0.3062687814235687,0.012132539413869381,0.3062687814235687
iterative_q,9000031,153,222.0,northern_pioneer,0,Wait,0,Wait,0,215,197,0,2,5,0,0.3062687814235687,0.012132539413869381,0.3062687814235687
iterative_q,9000031,154,223.0,northern_pathfinder,0,Wait,0,Wait,0,215,197,0,2,5,0,0.3577398359775543,0.01272651832550764,0.3577398359775543
iterative_q,9000031,154,223.0,northern_phoenix,0,Wait,0,Wait,0,215,197,0,2,5,0,0.3577398359775543,0.01272651832550764,0.3577398359775543
iterative_q,9000031,154,223.0,northern_pioneer,0,Wait,0,Wait,0,215,197,0,2,5,0,0.3577398359775543,0.01272651832550764,0.3577398359775543
iterative_q,9000031,155,224.0,northern_pathfinder,0,Wait,0,Wait,0,215,197,0,2,5,0,0.3630819022655487,0.01258372887969017,0.3630819022655487
iterative_q,9000031,155,224.0,northern_phoenix,0,Wait,0,Wait,0,215,197,0,2,5,0,0.3630819022655487,0.01258372887969017,0.3630819022655487
iterative_q,9000031,155,224.0,northern_pioneer,0,Wait,0,Wait,0,215,197,0,2,5,0,0.3630819022655487,0.01258372887969017,0.3630819022655487
iterative_q,9000031,156,225.0,northern_pathfinder,0,Wait,0,Wait,0,215,197,0,2,5,0,0.29897913336753845,0.013810294680297375,0.29897913336753845
iterative_q,9000031,156,225.0,northern_phoenix,0,Wait,0,Wait,0,215,197,0,2,5,0,0.29897913336753845,0.013810294680297375,0.29897913336753845
iterative_q,9000031,156,225.0,northern_pioneer,0,Wait,0,Wait,0,215,197,0,2,5,0,0.29897913336753845,0.013810294680297375,0.29897913336753845
iterative_q,9000031,157,226.0,northern_pathfinder,0,Wait,0,Wait,0,215,197,0,2,5,0,0.38392072916030884,0.014510245993733406,0.38392072916030884
iterative_q,9000031,157,226.0,northern_phoenix,0,Wait,0,Wait,0,215,197,0,2,5,0,0.38392072916030884,0.014510245993733406,0.38392072916030884
iterative_q,9000031,157,226.0,northern_pioneer,0,Wait,0,Wait,0,215,197,0,2,5,0,0.38392072916030884,0.014510245993733406,0.38392072916030884
iterative_q,9000031,158,227.0,northern_pathfinder,0,Wait,0,Wait,0,197,197,1,2,5,5,0.5447241067886353,0.012398705817759037,0.5447241067886353
iterative_q,9000031,158,227.0,northern_phoenix,0,Wait,2,Brevik,1,197,197,1,2,5,5,0.5447241067886353,0.012398705817759037,0.5447241067886353
iterative_q,9000031,158,227.0,northern_pioneer,0,Wait,0,Wait,0,197,197,1,2,5,5,0.5447241067886353,0.012398705817759037,0.5447241067886353
iterative_q,9000031,159,230.0,northern_pathfinder,0,Wait,0,Wait,0,215,71,0,2,5,0,0.053332872688770294,0.01805579476058483,0.053332872688770294
iterative_q,9000031,159,230.0,northern_phoenix,0,Wait,0,Wait,0,215,71,0,2,5,0,0.053332872688770294,0.01805579476058483,0.053332872688770294
iterative_q,9000031,159,230.0,northern_pioneer,0,Wait,0,Wait,0,215,71,0,2,5,0,0.053332872688770294,0.01805579476058483,0.053332872688770294
iterative_q,9000031,160,231.0,northern_pathfinder,0,Wait,0,Wait,0,215,71,0,2,5,5,0.5047642588615417,0.017447248101234436,0.5047642588615417
iterative_q,9000031,160,231.0,northern_phoenix,0,Wait,0,Wait,0,215,71,0,2,5,5,0.5047642588615417,0.017447248101234436,0.5047642588615417
iterative_q,9000031,160,231.0,northern_pioneer,0,Wait,0,Wait,0,215,71,0,2,5,5,0.5047642588615417,0.017447248101234436,0.5047642588615417
iterative_q,9000031,161,232.0,northern_pathfinder,0,Wait,0,Wait,0,215,71,0,2,5,5,0.5132647156715393,0.01773715950548649,0.5132647156715393
iterative_q,9000031,161,232.0,northern_phoenix,0,Wait,0,Wait,0,215,71,0,2,5,5,0.5132647156715393,0.01773715950548649,0.5132647156715393
iterative_q,9000031,161,232.0,northern_pioneer,0,Wait,0,Wait,0,215,71,0,2,5,5,0.5132647156715393,0.01773715950548649,0.5132647156715393
iterative_q,9000031,162,233.0,northern_pathfinder,0,Wait,0,Wait,0,215,71,0,2,5,0,0.33398404717445374,0.01666973903775215,0.33398404717445374
iterative_q,9000031,162,233.0,northern_phoenix,0,Wait,0,Wait,0,215,71,0,2,5,0,0.33398404717445374,0.01666973903775215,0.33398404717445374
iterative_q,9000031,162,233.0,northern_pioneer,0,Wait,0,Wait,0,215,71,0,2,5,0,0.33398404717445374,0.01666973903775215,0.33398404717445374
iterative_q,9000031,163,234.0,northern_pathfinder,0,Wait,0,Wait,0,215,107,0,2,5,5,0.6925172209739685,0.030851421877741814,0.6925172209739685
iterative_q,9000031,163,234.0,northern_phoenix,0,Wait,0,Wait,0,215,107,0,2,5,5,0.6925172209739685,0.030851421877741814,0.6925172209739685
iterative_q,9000031,163,234.0,northern_pioneer,0,Wait,0,Wait,0,215,107,0,2,5,5,0.6925172209739685,0.030851421877741814,0.6925172209739685
iterative_q,9000031,164,235.0,northern_pathfinder,0,Wait,0,Wait,0,215,107,0,2,5,5,0.606447696685791,0.03082306869328022,0.606447696685791
iterative_q,9000031,164,235.0,northern_phoenix,0,Wait,0,Wait,0,215,107,0,2,5,5,0.606447696685791,0.03082306869328022,0.606447696685791
iterative_q,9000031,164,235.0,northern_pioneer,0,Wait,0,Wait,0,215,107,0,2,5,5,0.606447696685791,0.03082306869328022,0.606447696685791
iterative_q,9000031,165,236.0,northern_pathfinder,0,Wait,0,Wait,0,215,69,0,2,2,5,0.7953039407730103,0.012936066836118698,0.7953039407730103
iterative_q,9000031,165,236.0,northern_phoenix,0,Wait,0,Wait,0,215,69,0,2,2,5,0.7953039407730103,0.012936066836118698,0.7953039407730103
iterative_q,9000031,165,236.0,northern_pioneer,4,Yara Sluiskil,4,Yara Sluiskil,0,215,69,0,2,2,5,0.7953039407730103,0.012936066836118698,0.7953039407730103
iterative_q,9000031,166,237.0,northern_pathfinder,0,Wait,0,Wait,0,215,95,0,2,5,5,0.9429389238357544,0.019884226843714714,0.9429389238357544
iterative_q,9000031,166,237.0,northern_phoenix,0,Wait,0,Wait,0,215,95,0,2,5,5,0.9429389238357544,0.019884226843714714,0.9429389238357544
iterative_q,9000031,166,237.0,northern_pioneer,0,Wait,0,Wait,0,215,95,0,2,5,5,0.9429389238357544,0.019884226843714714,0.9429389238357544
iterative_q,9000031,167,238.0,northern_pathfinder,0,Wait,0,Wait,0,215,107,0,2,5,5,0.9610852003097534,0.02723533846437931,0.9610852003097534
iterative_q,9000031,167,238.0,northern_phoenix,1,Terminal,1,Terminal,0,215,107,0,2,5,5,0.9610852003097534,0.02723533846437931,0.9610852003097534
iterative_q,9000031,167,238.0,northern_pioneer,0,Wait,0,Wait,0,215,107,0,2,5,5,0.9610852003097534,0.02723533846437931,0.9610852003097534
iterative_q,9000031,168,239.0,northern_pathfinder,0,Wait,0,Wait,0,215,107,0,2,5,0,0.34070777893066406,0.028417004272341728,0.34070777893066406
iterative_q,9000031,168,239.0,northern_phoenix,0,Wait,0,Wait,0,215,107,0,2,5,0,0.34070777893066406,0.028417004272341728,0.34070777893066406
iterative_q,9000031,168,239.0,northern_pioneer,0,Wait,0,Wait,0,215,107,0,2,5,0,0.34070777893066406,0.028417004272341728,0.34070777893066406
iterative_q,9000031,169,240.0,northern_pathfinder,0,Wait,0,Wait,0,215,107,0,2,5,4,0.41436296701431274,0.028748657554388046,0.41436296701431274
iterative_q,9000031,169,240.0,northern_phoenix,0,Wait,0,Wait,0,215,107,0,2,5,4,0.41436296701431274,0.028748657554388046,0.41436296701431274
iterative_q,9000031,169,240.0,northern_pioneer,0,Wait,0,Wait,0,215,107,0,2,5,4,0.41436296701431274,0.028748657554388046,0.41436296701431274
iterative_q,9000031,170,241.0,northern_pathfinder,0,Wait,0,Wait,0,215,107,0,2,5,0,0.3385069966316223,0.02815416269004345,0.3385069966316223
iterative_q,9000031,170,241.0,northern_phoenix,0,Wait,0,Wait,0,215,107,0,2,5,0,0.3385069966316223,0.02815416269004345,0.3385069966316223
iterative_q,9000031,170,241.0,northern_pioneer,0,Wait,0,Wait,0,215,107,0,2,5,0,0.3385069966316223,0.02815416269004345,0.3385069966316223
iterative_q,9000031,171,242.0,northern_pathfinder,0,Wait,0,Wait,0,215,107,0,2,5,0,0.3009032905101776,0.02794230915606022,0.3009032905101776
iterative_q,9000031,171,242.0,northern_phoenix,0,Wait,0,Wait,0,215,107,0,2,5,0,0.3009032905101776,0.02794230915606022,0.3009032905101776
iterative_q,9000031,171,242.0,northern_pioneer,0,Wait,0,Wait,0,215,107,0,2,5,0,0.3009032905101776,0.02794230915606022,0.3009032905101776
iterative_q,9000031,172,243.0,northern_pathfinder,0,Wait,0,Wait,0,215,107,0,2,5,0,0.3473019003868103,0.028011804446578026,0.3473019003868103
iterative_q,9000031,172,243.0,northern_phoenix,0,Wait,0,Wait,0,215,107,0,2,5,0,0.3473019003868103,0.028011804446578026,0.3473019003868103
iterative_q,9000031,172,243.0,northern_pioneer,0,Wait,0,Wait,0,215,107,0,2,5,0,0.3473019003868103,0.028011804446578026,0.3473019003868103
iterative_q,9000031,173,244.0,northern_pathfinder,0,Wait,0,Wait,0,215,107,0,2,5,0,0.30466634035110474,0.028137734159827232,0.30466634035110474
iterative_q,9000031,173,244.0,northern_phoenix,0,Wait,0,Wait,0,215,107,0,2,5,0,0.30466634035110474,0.028137734159827232,0.30466634035110474
iterative_q,9000031,173,244.0,northern_pioneer,0,Wait,0,Wait,0,215,107,0,2,5,0,0.30466634035110474,0.028137734159827232,0.30466634035110474
iterative_q,9000031,174,245.0,northern_pathfinder,0,Wait,0,Wait,0,215,107,0,2,5,1,0.3796767592430115,0.027522454038262367,0.3796767592430115
iterative_q,9000031,174,245.0,northern_phoenix,0,Wait,0,Wait,0,215,107,0,2,5,1,0.3796767592430115,0.027522454038262367,0.3796767592430115
iterative_q,9000031,174,245.0,northern_pioneer,0,Wait,0,Wait,0,215,107,0,2,5,1,0.3796767592430115,0.027522454038262367,0.3796767592430115
iterative_q,9000031,175,246.0,northern_pathfinder,0,Wait,0,Wait,0,215,107,0,2,5,0,0.3213440477848053,0.027828343212604523,0.3213440477848053
iterative_q,9000031,175,246.0,northern_phoenix,0,Wait,0,Wait,0,215,107,0,2,5,0,0.3213440477848053,0.027828343212604523,0.3213440477848053
iterative_q,9000031,175,246.0,northern_pioneer,0,Wait,0,Wait,0,215,107,0,2,5,0,0.3213440477848053,0.027828343212604523,0.3213440477848053
iterative_q,9000031,176,247.0,northern_pathfinder,0,Wait,0,Wait,0,215,107,0,2,5,4,0.4071412980556488,0.02691045217216015,0.4071412980556488
iterative_q,9000031,176,247.0,northern_phoenix,0,Wait,0,Wait,0,215,107,0,2,5,4,0.4071412980556488,0.02691045217216015,0.4071412980556488
iterative_q,9000031,176,247.0,northern_pioneer,0,Wait,0,Wait,0,215,107,0,2,5,4,0.4071412980556488,0.02691045217216015,0.4071412980556488
iterative_q,9000031,177,248.0,northern_pathfinder,0,Wait,0,Wait,0,215,107,0,2,5,0,0.32793280482292175,0.02781348116695881,0.32793280482292175
iterative_q,9000031,177,248.0,northern_phoenix,0,Wait,0,Wait,0,215,107,0,2,5,0,0.32793280482292175,0.02781348116695881,0.32793280482292175
iterative_q,9000031,177,248.0,northern_pioneer,0,Wait,0,Wait,0,215,107,0,2,5,0,0.32793280482292175,0.02781348116695881,0.32793280482292175
iterative_q,9000031,178,249.0,northern_pathfinder,0,Wait,0,Wait,0,215,107,0,2,5,0,0.3636179566383362,0.027257530018687248,0.3636179566383362
iterative_q,9000031,178,249.0,northern_phoenix,0,Wait,0,Wait,0,215,107,0,2,5,0,0.3636179566383362,0.027257530018687248,0.3636179566383362
iterative_q,9000031,178,249.0,northern_pioneer,0,Wait,0,Wait,0,215,107,0,2,5,0,0.3636179566383362,0.027257530018687248,0.3636179566383362
iterative_q,9000031,179,250.0,northern_pathfinder,0,Wait,0,Wait,0,215,107,0,2,5,0,0.33149081468582153,0.027176549658179283,0.33149081468582153
iterative_q,9000031,179,250.0,northern_phoenix,0,Wait,0,Wait,0,215,107,0,2,5,0,0.33149081468582153,0.027176549658179283,0.33149081468582153
iterative_q,9000031,179,250.0,northern_pioneer,0,Wait,0,Wait,0,215,107,0,2,5,0,0.33149081468582153,0.027176549658179283,0.33149081468582153
iterative_q,9000031,180,251.0,northern_pathfinder,0,Wait,0,Wait,0,215,107,0,2,5,3,0.39354434609413147,0.027070889249444008,0.39354434609413147
iterative_q,9000031,180,251.0,northern_phoenix,0,Wait,0,Wait,0,215,107,0,2,5,3,0.39354434609413147,0.027070889249444008,0.39354434609413147
iterative_q,9000031,180,251.0,northern_pioneer,0,Wait,0,Wait,0,215,107,0,2,5,3,0.39354434609413147,0.027070889249444008,0.39354434609413147
iterative_q,9000031,181,252.0,northern_pathfinder,0,Wait,0,Wait,0,215,107,0,3,5,0,0.32311365008354187,0.02713383361697197,0.32311365008354187
iterative_q,9000031,181,252.0,northern_phoenix,0,Wait,0,Wait,0,215,107,0,3,5,0,0.32311365008354187,0.02713383361697197,0.32311365008354187
iterative_q,9000031,181,252.0,northern_pioneer,0,Wait,0,Wait,0,215,107,0,3,5,0,0.32311365008354187,0.02713383361697197,0.32311365008354187
iterative_q,9000031,182,253.0,northern_pathfinder,0,Wait,0,Wait,0,215,107,0,3,5,0,0.3131658434867859,0.026133324950933456,0.3131658434867859
iterative_q,9000031,182,253.0,northern_phoenix,0,Wait,0,Wait,0,215,107,0,3,5,0,0.3131658434867859,0.026133324950933456,0.3131658434867859
iterative_q,9000031,182,253.0,northern_pioneer,0,Wait,0,Wait,0,215,107,0,3,5,0,0.3131658434867859,0.026133324950933456,0.3131658434867859
iterative_q,9000031,183,254.0,northern_pathfinder,0,Wait,2,Brevik,1,107,107,1,3,5,5,0.49287375807762146,0.026271048933267593,0.49287375807762146
iterative_q,9000031,183,254.0,northern_phoenix,0,Wait,0,Wait,0,107,107,1,3,5,5,0.49287375807762146,0.026271048933267593,0.49287375807762146
iterative_q,9000031,183,254.0,northern_pioneer,0,Wait,0,Wait,0,107,107,1,3,5,5,0.49287375807762146,0.026271048933267593,0.49287375807762146
iterative_q,9000031,184,261.0,northern_pathfinder,0,Wait,0,Wait,0,215,215,0,3,5,0,0.0,0.0,0.0
iterative_q,9000031,184,261.0,northern_phoenix,0,Wait,0,Wait,0,215,215,0,3,5,0,0.0,0.0,0.0
iterative_q,9000031,184,261.0,northern_pioneer,0,Wait,0,Wait,0,215,215,0,3,5,0,0.0,0.0,0.0
iterative_q,9000031,185,262.0,northern_pathfinder,0,Wait,0,Wait,0,215,215,0,3,5,0,0.0,0.0,0.0
iterative_q,9000031,185,262.0,northern_phoenix,0,Wait,0,Wait,0,215,215,0,3,5,0,0.0,0.0,0.0
iterative_q,9000031,185,262.0,northern_pioneer,0,Wait,0,Wait,0,215,215,0,3,5,0,0.0,0.0,0.0
iterative_q,9000031,186,263.0,northern_pathfinder,0,Wait,0,Wait,0,215,215,0,3,5,0,0.0,0.0,0.0
iterative_q,9000031,186,263.0,northern_phoenix,0,Wait,0,Wait,0,215,215,0,3,5,0,0.0,0.0,0.0
iterative_q,9000031,186,263.0,northern_pioneer,0,Wait,0,Wait,0,215,215,0,3,5,0,0.0,0.0,0.0
iterative_q,9000031,187,264.0,northern_pathfinder,0,Wait,0,Wait,0,215,143,0,3,5,0,0.22529271245002747,0.016593998298048973,0.22529271245002747
iterative_q,9000031,187,264.0,northern_phoenix,0,Wait,0,Wait,0,215,143,0,3,5,0,0.22529271245002747,0.016593998298048973,0.22529271245002747
iterative_q,9000031,187,264.0,northern_pioneer,0,Wait,0,Wait,0,215,143,0,3,5,0,0.22529271245002747,0.016593998298048973,0.22529271245002747
iterative_q,9000031,188,265.0,northern_pathfinder,0,Wait,0,Wait,0,215,143,0,3,5,0,0.16444462537765503,0.016619298607110977,0.16444462537765503
iterative_q,9000031,188,265.0,northern_phoenix,0,Wait,0,Wait,0,215,143,0,3,5,0,0.16444462537765503,0.016619298607110977,0.16444462537765503
iterative_q,9000031,188,265.0,northern_pioneer,0,Wait,0,Wait,0,215,143,0,3,5,0,0.16444462537765503,0.016619298607110977,0.16444462537765503
iterative_q,9000031,189,266.0,northern_pathfinder,0,Wait,0,Wait,0,215,143,0,3,5,0,0.15652598440647125,0.01650037057697773,0.15652598440647125
iterative_q,9000031,189,266.0,northern_phoenix,0,Wait,0,Wait,0,215,143,0,3,5,0,0.15652598440647125,0.01650037057697773,0.15652598440647125
iterative_q,9000031,189,266.0,northern_pioneer,0,Wait,0,Wait,0,215,143,0,3,5,0,0.15652598440647125,0.01650037057697773,0.15652598440647125
iterative_q,9000031,190,267.0,northern_pathfinder,0,Wait,0,Wait,0,215,143,0,3,5,2,0.3966667056083679,0.014065371826291084,0.3966667056083679
iterative_q,9000031,190,267.0,northern_phoenix,0,Wait,0,Wait,0,215,143,0,3,5,2,0.3966667056083679,0.014065371826291084,0.3966667056083679
iterative_q,9000031,190,267.0,northern_pioneer,0,Wait,0,Wait,0,215,143,0,3,5,2,0.3966667056083679,0.014065371826291084,0.3966667056083679
iterative_q,9000031,191,268.0,northern_pathfinder,0,Wait,0,Wait,0,215,143,0,3,5,4,0.4098730981349945,0.014539678581058979,0.4098730981349945
iterative_q,9000031,191,268.0,northern_phoenix,0,Wait,0,Wait,0,215,143,0,3,5,4,0.4098730981349945,0.014539678581058979,0.4098730981349945
iterative_q,9000031,191,268.0,northern_pioneer,0,Wait,0,Wait,0,215,143,0,3,5,4,0.4098730981349945,0.014539678581058979,0.4098730981349945
iterative_q,9000031,192,269.0,northern_pathfinder,0,Wait,0,Wait,0,215,143,0,3,5,0,0.32823997735977173,0.016044730320572853,0.32823997735977173
iterative_q,9000031,192,269.0,northern_phoenix,0,Wait,0,Wait,0,215,143,0,3,5,0,0.32823997735977173,0.016044730320572853,0.32823997735977173
iterative_q,9000031,192,269.0,northern_pioneer,0,Wait,0,Wait,0,215,143,0,3,5,0,0.32823997735977173,0.016044730320572853,0.32823997735977173
iterative_q,9000031,193,270.0,northern_pathfinder,0,Wait,0,Wait,0,215,143,0,3,5,0,0.3007528483867645,0.015471278689801693,0.3007528483867645
iterative_q,9000031,193,270.0,northern_phoenix,0,Wait,0,Wait,0,215,143,0,3,5,0,0.3007528483867645,0.015471278689801693,0.3007528483867645
iterative_q,9000031,193,270.0,northern_pioneer,0,Wait,0,Wait,0,215,143,0,3,5,0,0.3007528483867645,0.015471278689801693,0.3007528483867645
iterative_q,9000031,194,271.0,northern_pathfinder,0,Wait,0,Wait,0,215,143,0,3,5,0,0.266344279050827,0.016452904790639877,0.266344279050827
iterative_q,9000031,194,271.0,northern_phoenix,0,Wait,0,Wait,0,215,143,0,3,5,0,0.266344279050827,0.016452904790639877,0.266344279050827
iterative_q,9000031,194,271.0,northern_pioneer,0,Wait,0,Wait,0,215,143,0,3,5,0,0.266344279050827,0.016452904790639877,0.266344279050827
iterative_q,9000031,195,272.0,northern_pathfinder,0,Wait,0,Wait,0,215,143,0,3,5,0,0.22094503045082092,0.017081521451473236,0.22094503045082092
iterative_q,9000031,195,272.0,northern_phoenix,0,Wait,0,Wait,0,215,143,0,3,5,0,0.22094503045082092,0.017081521451473236,0.22094503045082092
iterative_q,9000031,195,272.0,northern_pioneer,0,Wait,0,Wait,0,215,143,0,3,5,0,0.22094503045082092,0.017081521451473236,0.22094503045082092
iterative_q,9000031,196,273.0,northern_pathfinder,0,Wait,0,Wait,0,215,143,0,3,5,0,0.16425225138664246,0.018249602988362312,0.16425225138664246
iterative_q,9000031,196,273.0,northern_phoenix,0,Wait,0,Wait,0,215,143,0,3,5,0,0.16425225138664246,0.018249602988362312,0.16425225138664246
iterative_q,9000031,196,273.0,northern_pioneer,0,Wait,0,Wait,0,215,143,0,3,5,0,0.16425225138664246,0.018249602988362312,0.16425225138664246
iterative_q,9000031,197,274.0,northern_pathfinder,0,Wait,0,Wait,0,215,143,0,3,5,0,0.15159131586551666,0.017207175493240356,0.15159131586551666
iterative_q,9000031,197,274.0,northern_phoenix,0,Wait,0,Wait,0,215,143,0,3,5,0,0.15159131586551666,0.017207175493240356,0.15159131586551666
iterative_q,9000031,197,274.0,northern_pioneer,0,Wait,0,Wait,0,215,143,0,3,5,0,0.15159131586551666,0.017207175493240356,0.15159131586551666
iterative_q,9000031,198,275.0,northern_pathfinder,0,Wait,0,Wait,0,215,143,0,3,5,0,0.09644739329814911,0.018821189180016518,0.09644739329814911
iterative_q,9000031,198,275.0,northern_phoenix,0,Wait,0,Wait,0,215,143,0,3,5,0,0.09644739329814911,0.018821189180016518,0.09644739329814911
iterative_q,9000031,198,275.0,northern_pioneer,0,Wait,0,Wait,0,215,143,0,3,5,0,0.09644739329814911,0.018821189180016518,0.09644739329814911
iterative_q,9000031,199,276.0,northern_pathfinder,0,Wait,0,Wait,0,215,143,0,3,3,0,0.050523221492767334,0.019053418189287186,0.050523221492767334
iterative_q,9000031,199,276.0,northern_phoenix,0,Wait,0,Wait,0,215,143,0,3,3,0,0.050523221492767334,0.019053418189287186,0.050523221492767334
iterative_q,9000031,199,276.0,northern_pioneer,0,Wait,0,Wait,0,215,143,0,3,3,0,0.050523221492767334,0.019053418189287186,0.050523221492767334
iterative_q,9000031,200,277.0,northern_pathfinder,0,Wait,0,Wait,0,215,113,0,3,5,5,0.5653978586196899,0.016699621453881264,0.5653978586196899
iterative_q,9000031,200,277.0,northern_phoenix,4,Yara Sluiskil,4,Yara Sluiskil,0,215,113,0,3,5,5,0.5653978586196899,0.016699621453881264,0.5653978586196899
iterative_q,9000031,200,277.0,northern_pioneer,0,Wait,0,Wait,0,215,113,0,3,5,5,0.5653978586196899,0.016699621453881264,0.5653978586196899
iterative_q,9000031,201,278.0,northern_pathfinder,0,Wait,0,Wait,0,215,143,0,3,5,0,0.3036249577999115,0.017254630103707314,0.3036249577999115
iterative_q,9000031,201,278.0,northern_phoenix,0,Wait,0,Wait,0,215,143,0,3,5,0,0.3036249577999115,0.017254630103707314,0.3036249577999115
iterative_q,9000031,201,278.0,northern_pioneer,0,Wait,0,Wait,0,215,143,0,3,5,0,0.3036249577999115,0.017254630103707314,0.3036249577999115
iterative_q,9000031,202,279.0,northern_pathfinder,0,Wait,0,Wait,0,215,143,0,3,5,0,0.33380311727523804,0.01680818758904934,0.33380311727523804
iterative_q,9000031,202,279.0,northern_phoenix,0,Wait,0,Wait,0,215,143,0,3,5,0,0.33380311727523804,0.01680818758904934,0.33380311727523804
iterative_q,9000031,202,279.0,northern_pioneer,0,Wait,0,Wait,0,215,143,0,3,5,0,0.33380311727523804,0.01680818758904934,0.33380311727523804
iterative_q,9000031,203,280.0,northern_pathfinder,0,Wait,0,Wait,0,215,143,0,3,5,0,0.24928338825702667,0.01911727711558342,0.24928338825702667
iterative_q,9000031,203,280.0,northern_phoenix,0,Wait,0,Wait,0,215,143,0,3,5,0,0.24928338825702667,0.01911727711558342,0.24928338825702667
iterative_q,9000031,203,280.0,northern_pioneer,0,Wait,0,Wait,0,215,143,0,3,5,0,0.24928338825702667,0.01911727711558342,0.24928338825702667
iterative_q,9000031,204,281.0,northern_pathfinder,0,Wait,0,Wait,0,215,143,0,3,5,0,0.33111870288848877,0.01723378896713257,0.33111870288848877
iterative_q,9000031,204,281.0,northern_phoenix,0,Wait,0,Wait,0,215,143,0,3,5,0,0.33111870288848877,0.01723378896713257,0.33111870288848877
iterative_q,9000031,204,281.0,northern_pioneer,0,Wait,0,Wait,0,215,143,0,3,5,0,0.33111870288848877,0.01723378896713257,0.33111870288848877
iterative_q,9000031,205,282.0,northern_pathfinder,0,Wait,0,Wait,0,215,143,0,3,5,0,0.28023186326026917,0.017392538487911224,0.28023186326026917
iterative_q,9000031,205,282.0,northern_phoenix,0,Wait,0,Wait,0,215,143,0,3,5,0,0.28023186326026917,0.017392538487911224,0.28023186326026917
iterative_q,9000031,205,282.0,northern_pioneer,0,Wait,0,Wait,0,215,143,0,3,5,0,0.28023186326026917,0.017392538487911224,0.28023186326026917
iterative_q,9000031,206,283.0,northern_pathfinder,0,Wait,0,Wait,0,215,143,0,3,5,0,0.2733840346336365,0.017568571493029594,0.2733840346336365
iterative_q,9000031,206,283.0,northern_phoenix,0,Wait,0,Wait,0,215,143,0,3,5,0,0.2733840346336365,0.017568571493029594,0.2733840346336365
iterative_q,9000031,206,283.0,northern_pioneer,0,Wait,0,Wait,0,215,143,0,3,5,0,0.2733840346336365,0.017568571493029594,0.2733840346336365
iterative_q,9000031,207,284.0,northern_pathfinder,0,Wait,0,Wait,0,215,143,0,3,5,2,0.39456555247306824,0.014954268001019955,0.39456555247306824
iterative_q,9000031,207,284.0,northern_phoenix,0,Wait,0,Wait,0,215,143,0,3,5,2,0.39456555247306824,0.014954268001019955,0.39456555247306824
iterative_q,9000031,207,284.0,northern_pioneer,0,Wait,0,Wait,0,215,143,0,3,5,2,0.39456555247306824,0.014954268001019955,0.39456555247306824
iterative_q,9000031,208,285.0,northern_pathfinder,0,Wait,0,Wait,0,215,143,0,3,5,0,0.3377048075199127,0.01585538499057293,0.3377048075199127
iterative_q,9000031,208,285.0,northern_phoenix,0,Wait,0,Wait,0,215,143,0,3,5,0,0.3377048075199127,0.01585538499057293,0.3377048075199127
iterative_q,9000031,208,285.0,northern_pioneer,0,Wait,0,Wait,0,215,143,0,3,5,0,0.3377048075199127,0.01585538499057293,0.3377048075199127
iterative_q,9000031,209,286.0,northern_pathfinder,0,Wait,0,Wait,0,215,143,0,3,5,0,0.37103766202926636,0.021208588033914566,0.37103766202926636
iterative_q,9000031,209,286.0,northern_phoenix,0,Wait,0,Wait,0,215,143,0,3,5,0,0.37103766202926636,0.021208588033914566,0.37103766202926636
iterative_q,9000031,209,286.0,northern_pioneer,0,Wait,0,Wait,0,215,143,0,3,5,0,0.37103766202926636,0.021208588033914566,0.37103766202926636
iterative_q,9000031,210,287.0,northern_pathfinder,0,Wait,0,Wait,0,215,143,0,3,5,0,0.32121777534484863,0.022720444947481155,0.32121777534484863
iterative_q,9000031,210,287.0,northern_phoenix,0,Wait,0,Wait,0,215,143,0,3,5,0,0.32121777534484863,0.022720444947481155,0.32121777534484863
iterative_q,9000031,210,287.0,northern_pioneer,0,Wait,0,Wait,0,215,143,0,3,5,0,0.32121777534484863,0.022720444947481155,0.32121777534484863
iterative_q,9000031,211,288.0,northern_pathfinder,0,Wait,0,Wait,0,215,71,0,3,5,2,0.3917616605758667,0.0095215467736125,0.3917616605758667
iterative_q,9000031,211,288.0,northern_phoenix,0,Wait,0,Wait,0,215,71,0,3,5,2,0.3917616605758667,0.0095215467736125,0.3917616605758667
iterative_q,9000031,211,288.0,northern_pioneer,0,Wait,0,Wait,0,215,71,0,3,5,2,0.3917616605758667,0.0095215467736125,0.3917616605758667
iterative_q,9000031,212,289.0,northern_pathfinder,0,Wait,0,Wait,0,215,71,0,3,5,0,0.3642922341823578,0.009199660271406174,0.3642922341823578
iterative_q,9000031,212,289.0,northern_phoenix,0,Wait,0,Wait,0,215,71,0,3,5,0,0.3642922341823578,0.009199660271406174,0.3642922341823578
iterative_q,9000031,212,289.0,northern_pioneer,0,Wait,0,Wait,0,215,71,0,3,5,0,0.3642922341823578,0.009199660271406174,0.3642922341823578
iterative_q,9000031,213,290.0,northern_pathfinder,0,Wait,0,Wait,0,215,71,0,3,5,0,0.3511579930782318,0.009161729365587234,0.3511579930782318
iterative_q,9000031,213,290.0,northern_phoenix,0,Wait,0,Wait,0,215,71,0,3,5,0,0.3511579930782318,0.009161729365587234,0.3511579930782318
iterative_q,9000031,213,290.0,northern_pioneer,0,Wait,0,Wait,0,215,71,0,3,5,0,0.3511579930782318,0.009161729365587234,0.3511579930782318
iterative_q,9000031,214,291.0,northern_pathfinder,0,Wait,0,Wait,0,215,71,0,3,5,0,0.38012224435806274,0.009860183112323284,0.38012224435806274
iterative_q,9000031,214,291.0,northern_phoenix,0,Wait,0,Wait,0,215,71,0,3,5,0,0.38012224435806274,0.009860183112323284,0.38012224435806274
iterative_q,9000031,214,291.0,northern_pioneer,0,Wait,0,Wait,0,215,71,0,3,5,0,0.38012224435806274,0.009860183112323284,0.38012224435806274
iterative_q,9000031,215,292.0,northern_pathfinder,0,Wait,0,Wait,0,215,71,0,3,5,0,0.27926453948020935,0.009369593113660812,0.27926453948020935
iterative_q,9000031,215,292.0,northern_phoenix,0,Wait,0,Wait,0,215,71,0,3,5,0,0.27926453948020935,0.009369593113660812,0.27926453948020935
iterative_q,9000031,215,292.0,northern_pioneer,0,Wait,0,Wait,0,215,71,0,3,5,0,0.27926453948020935,0.009369593113660812,0.27926453948020935
iterative_q,9000031,216,293.0,northern_pathfinder,0,Wait,0,Wait,0,215,71,0,3,5,0,0.3530014455318451,0.00995436031371355,0.3530014455318451
iterative_q,9000031,216,293.0,northern_phoenix,0,Wait,0,Wait,0,215,71,0,3,5,0,0.3530014455318451,0.00995436031371355,0.3530014455318451
iterative_q,9000031,216,293.0,northern_pioneer,0,Wait,0,Wait,0,215,71,0,3,5,0,0.3530014455318451,0.00995436031371355,0.3530014455318451
iterative_q,9000031,217,294.0,northern_pathfinder,0,Wait,0,Wait,0,215,71,0,3,5,0,0.3537434935569763,0.009874150156974792,0.3537434935569763
iterative_q,9000031,217,294.0,northern_phoenix,0,Wait,0,Wait,0,215,71,0,3,5,0,0.3537434935569763,0.009874150156974792,0.3537434935569763
iterative_q,9000031,217,294.0,northern_pioneer,0,Wait,0,Wait,0,215,71,0,3,5,0,0.3537434935569763,0.009874150156974792,0.3537434935569763
iterative_q,9000031,218,295.0,northern_pathfinder,0,Wait,0,Wait,0,215,71,0,3,5,0,0.2675037682056427,0.009476285427808762,0.2675037682056427
iterative_q,9000031,218,295.0,northern_phoenix,0,Wait,0,Wait,0,215,71,0,3,5,0,0.2675037682056427,0.009476285427808762,0.2675037682056427
iterative_q,9000031,218,295.0,northern_pioneer,0,Wait,0,Wait,0,215,71,0,3,5,0,0.2675037682056427,0.009476285427808762,0.2675037682056427
iterative_q,9000031,219,296.0,northern_pathfinder,0,Wait,0,Wait,0,215,71,0,3,5,3,0.40284547209739685,0.010696419514715672,0.40284547209739685
iterative_q,9000031,219,296.0,northern_phoenix,0,Wait,0,Wait,0,215,71,0,3,5,3,0.40284547209739685,0.010696419514715672,0.40284547209739685
iterative_q,9000031,219,296.0,northern_pioneer,0,Wait,0,Wait,0,215,71,0,3,5,3,0.40284547209739685,0.010696419514715672,0.40284547209739685
iterative_q,9000031,220,297.0,northern_pathfinder,0,Wait,0,Wait,0,215,71,0,3,5,0,0.3376515805721283,0.010244104079902172,0.3376515805721283
iterative_q,9000031,220,297.0,northern_phoenix,0,Wait,0,Wait,0,215,71,0,3,5,0,0.3376515805721283,0.010244104079902172,0.3376515805721283
iterative_q,9000031,220,297.0,northern_pioneer,0,Wait,0,Wait,0,215,71,0,3,5,0,0.3376515805721283,0.010244104079902172,0.3376515805721283
iterative_q,9000031,221,298.0,northern_pathfinder,0,Wait,0,Wait,0,215,138,0,3,5,5,0.554462194442749,0.03904266282916069,0.554462194442749
iterative_q,9000031,221,298.0,northern_phoenix,0,Wait,0,Wait,0,215,138,0,3,5,5,0.554462194442749,0.03904266282916069,0.554462194442749
iterative_q,9000031,221,298.0,northern_pioneer,1,Terminal,1,Terminal,0,215,138,0,3,5,5,0.554462194442749,0.03904266282916069,0.554462194442749
iterative_q,9000031,222,299.0,northern_pathfinder,0,Wait,0,Wait,0,215,143,0,3,5,0,0.12509088218212128,0.023309309035539627,0.12509088218212128
iterative_q,9000031,222,299.0,northern_phoenix,0,Wait,0,Wait,0,215,143,0,3,5,0,0.12509088218212128,0.023309309035539627,0.12509088218212128
iterative_q,9000031,222,299.0,northern_pioneer,0,Wait,0,Wait,0,215,143,0,3,5,0,0.12509088218212128,0.023309309035539627,0.12509088218212128
iterative_q,9000031,223,300.0,northern_pathfinder,0,Wait,0,Wait,0,215,143,0,4,5,0,0.07707159221172333,0.02519473433494568,0.07707159221172333
iterative_q,9000031,223,300.0,northern_phoenix,0,Wait,0,Wait,0,215,143,0,4,5,0,0.07707159221172333,0.02519473433494568,0.07707159221172333
iterative_q,9000031,223,300.0,northern_pioneer,0,Wait,0,Wait,0,215,143,0,4,5,0,0.07707159221172333,0.02519473433494568,0.07707159221172333
iterative_q,9000031,224,301.0,northern_pathfinder,0,Wait,0,Wait,0,215,143,0,4,5,0,0.13924627006053925,0.022740034386515617,0.13924627006053925
iterative_q,9000031,224,301.0,northern_phoenix,0,Wait,0,Wait,0,215,143,0,4,5,0,0.13924627006053925,0.022740034386515617,0.13924627006053925
iterative_q,9000031,224,301.0,northern_pioneer,0,Wait,0,Wait,0,215,143,0,4,5,0,0.13924627006053925,0.022740034386515617,0.13924627006053925
iterative_q,9000031,225,302.0,northern_pathfinder,1,Terminal,1,Terminal,0,215,35,0,4,5,0,0.08908344805240631,0.01600879803299904,0.08908344805240631
iterative_q,9000031,225,302.0,northern_phoenix,0,Wait,0,Wait,0,215,35,0,4,5,0,0.08908344805240631,0.01600879803299904,0.08908344805240631
iterative_q,9000031,225,302.0,northern_pioneer,0,Wait,0,Wait,0,215,35,0,4,5,0,0.08908344805240631,0.01600879803299904,0.08908344805240631
iterative_q,9000031,226,324.0,northern_pathfinder,0,Wait,0,Wait,0,215,215,0,4,5,0,0.0,0.0,0.0
iterative_q,9000031,226,324.0,northern_phoenix,0,Wait,0,Wait,0,215,215,0,4,5,0,0.0,0.0,0.0
iterative_q,9000031,226,324.0,northern_pioneer,0,Wait,0,Wait,0,215,215,0,4,5,0,0.0,0.0,0.0
iterative_q,9000031,227,325.0,northern_pathfinder,0,Wait,0,Wait,0,215,215,0,4,5,0,0.0,0.0,0.0
iterative_q,9000031,227,325.0,northern_phoenix,0,Wait,0,Wait,0,215,215,0,4,5,0,0.0,0.0,0.0
iterative_q,9000031,227,325.0,northern_pioneer,0,Wait,0,Wait,0,215,215,0,4,5,0,0.0,0.0,0.0
iterative_q,9000031,228,326.0,northern_pathfinder,0,Wait,0,Wait,0,215,215,0,4,5,0,0.0,0.0,0.0
iterative_q,9000031,228,326.0,northern_phoenix,0,Wait,0,Wait,0,215,215,0,4,5,0,0.0,0.0,0.0
iterative_q,9000031,228,326.0,northern_pioneer,0,Wait,0,Wait,0,215,215,0,4,5,0,0.0,0.0,0.0
iterative_q,9000031,229,327.0,northern_pathfinder,0,Wait,0,Wait,0,215,215,0,4,5,0,0.0,0.0,0.0
iterative_q,9000031,229,327.0,northern_phoenix,0,Wait,0,Wait,0,215,215,0,4,5,0,0.0,0.0,0.0
iterative_q,9000031,229,327.0,northern_pioneer,0,Wait,0,Wait,0,215,215,0,4,5,0,0.0,0.0,0.0
iterative_q,9000031,230,328.0,northern_pathfinder,0,Wait,0,Wait,0,215,215,0,4,5,0,0.0,0.0,0.0
iterative_q,9000031,230,328.0,northern_phoenix,0,Wait,0,Wait,0,215,215,0,4,5,0,0.0,0.0,0.0
iterative_q,9000031,230,328.0,northern_pioneer,0,Wait,0,Wait,0,215,215,0,4,5,0,0.0,0.0,0.0
iterative_q,9000031,231,329.0,northern_pathfinder,0,Wait,0,Wait,0,215,215,0,4,5,0,0.0,0.0,0.0
iterative_q,9000031,231,329.0,northern_phoenix,0,Wait,0,Wait,0,215,215,0,4,5,0,0.0,0.0,0.0
iterative_q,9000031,231,329.0,northern_pioneer,0,Wait,0,Wait,0,215,215,0,4,5,0,0.0,0.0,0.0
iterative_q,9000031,232,330.0,northern_pathfinder,0,Wait,0,Wait,0,215,215,0,4,5,0,0.0,0.0,0.0
iterative_q,9000031,232,330.0,northern_phoenix,0,Wait,0,Wait,0,215,215,0,4,5,0,0.0,0.0,0.0
iterative_q,9000031,232,330.0,northern_pioneer,0,Wait,0,Wait,0,215,215,0,4,5,0,0.0,0.0,0.0
iterative_q,9000031,233,331.0,northern_pathfinder,0,Wait,0,Wait,0,215,215,0,4,5,0,0.0,0.0,0.0
iterative_q,9000031,233,331.0,northern_phoenix,0,Wait,0,Wait,0,215,215,0,4,5,0,0.0,0.0,0.0
iterative_q,9000031,233,331.0,northern_pioneer,0,Wait,0,Wait,0,215,215,0,4,5,0,0.0,0.0,0.0
iterative_q,9000031,234,332.0,northern_pathfinder,0,Wait,0,Wait,0,215,215,0,4,5,0,0.0,0.0,0.0
iterative_q,9000031,234,332.0,northern_phoenix,0,Wait,0,Wait,0,215,215,0,4,5,0,0.0,0.0,0.0
iterative_q,9000031,234,332.0,northern_pioneer,0,Wait,0,Wait,0,215,215,0,4,5,0,0.0,0.0,0.0
iterative_q,9000031,235,333.0,northern_pathfinder,0,Wait,0,Wait,0,215,215,0,4,5,0,0.0,0.0,0.0
iterative_q,9000031,235,333.0,northern_phoenix,0,Wait,0,Wait,0,215,215,0,4,5,0,0.0,0.0,0.0
iterative_q,9000031,235,333.0,northern_pioneer,0,Wait,0,Wait,0,215,215,0,4,5,0,0.0,0.0,0.0
iterative_q,9000031,236,334.0,northern_pathfinder,0,Wait,0,Wait,0,215,215,0,4,5,0,0.0,0.0,0.0
iterative_q,9000031,236,334.0,northern_phoenix,0,Wait,0,Wait,0,215,215,0,4,5,0,0.0,0.0,0.0
iterative_q,9000031,236,334.0,northern_pioneer,0,Wait,0,Wait,0,215,215,0,4,5,0,0.0,0.0,0.0
iterative_q,9000031,237,335.0,northern_pathfinder,0,Wait,0,Wait,0,215,215,0,4,5,0,0.0,0.0,0.0
iterative_q,9000031,237,335.0,northern_phoenix,0,Wait,0,Wait,0,215,215,0,4,5,0,0.0,0.0,0.0
iterative_q,9000031,237,335.0,northern_pioneer,0,Wait,0,Wait,0,215,215,0,4,5,0,0.0,0.0,0.0
iterative_q,9000031,238,336.0,northern_pathfinder,0,Wait,0,Wait,0,215,215,0,4,5,0,0.0,0.0,0.0
iterative_q,9000031,238,336.0,northern_phoenix,0,Wait,0,Wait,0,215,215,0,4,5,0,0.0,0.0,0.0
iterative_q,9000031,238,336.0,northern_pioneer,0,Wait,0,Wait,0,215,215,0,4,5,0,0.0,0.0,0.0
iterative_q,9000031,239,337.0,northern_pathfinder,0,Wait,0,Wait,0,215,215,0,4,5,0,0.0,0.0,0.0
iterative_q,9000031,239,337.0,northern_phoenix,0,Wait,0,Wait,0,215,215,0,4,5,0,0.0,0.0,0.0
iterative_q,9000031,239,337.0,northern_pioneer,0,Wait,0,Wait,0,215,215,0,4,5,0,0.0,0.0,0.0
iterative_q,9000031,240,338.0,northern_pathfinder,0,Wait,0,Wait,0,215,215,0,4,5,0,0.0,0.0,0.0
iterative_q,9000031,240,338.0,northern_phoenix,0,Wait,0,Wait,0,215,215,0,4,5,0,0.0,0.0,0.0
iterative_q,9000031,240,338.0,northern_pioneer,0,Wait,0,Wait,0,215,215,0,4,5,0,0.0,0.0,0.0
iterative_q,9000031,241,339.0,northern_pathfinder,0,Wait,0,Wait,0,215,215,0,4,5,0,0.0,0.0,0.0
iterative_q,9000031,241,339.0,northern_phoenix,0,Wait,0,Wait,0,215,215,0,4,5,0,0.0,0.0,0.0
iterative_q,9000031,241,339.0,northern_pioneer,0,Wait,0,Wait,0,215,215,0,4,5,0,0.0,0.0,0.0
iterative_q,9000031,242,340.0,northern_pathfinder,3,Celsio,3,Celsio,0,215,35,0,4,5,0,0.362165629863739,0.023956170305609703,0.362165629863739
iterative_q,9000031,242,340.0,northern_phoenix,0,Wait,0,Wait,0,215,35,0,4,5,0,0.362165629863739,0.023956170305609703,0.362165629863739
iterative_q,9000031,242,340.0,northern_pioneer,0,Wait,0,Wait,0,215,35,0,4,5,0,0.362165629863739,0.023956170305609703,0.362165629863739
iterative_q,9000031,243,341.0,northern_pathfinder,0,Wait,0,Wait,0,215,215,0,4,5,0,0.0,0.0,0.0
iterative_q,9000031,243,341.0,northern_phoenix,0,Wait,0,Wait,0,215,215,0,4,5,0,0.0,0.0,0.0
iterative_q,9000031,243,341.0,northern_pioneer,0,Wait,0,Wait,0,215,215,0,4,5,0,0.0,0.0,0.0
iterative_q,9000031,244,342.0,northern_pathfinder,0,Wait,0,Wait,0,215,215,0,4,5,0,0.0,0.0,0.0
iterative_q,9000031,244,342.0,northern_phoenix,0,Wait,0,Wait,0,215,215,0,4,5,0,0.0,0.0,0.0
iterative_q,9000031,244,342.0,northern_pioneer,0,Wait,0,Wait,0,215,215,0,4,5,0,0.0,0.0,0.0
iterative_q,9000031,245,343.0,northern_pathfinder,0,Wait,0,Wait,0,215,215,0,4,5,0,0.0,0.0,0.0
iterative_q,9000031,245,343.0,northern_phoenix,0,Wait,0,Wait,0,215,215,0,4,5,0,0.0,0.0,0.0
iterative_q,9000031,245,343.0,northern_pioneer,0,Wait,0,Wait,0,215,215,0,4,5,0,0.0,0.0,0.0
iterative_q,9000031,246,344.0,northern_pathfinder,0,Wait,0,Wait,0,215,197,0,4,5,0,0.04325047880411148,0.01701953448355198,0.04325047880411148
iterative_q,9000031,246,344.0,northern_phoenix,0,Wait,0,Wait,0,215,197,0,4,5,0,0.04325047880411148,0.01701953448355198,0.04325047880411148
iterative_q,9000031,246,344.0,northern_pioneer,0,Wait,0,Wait,0,215,197,0,4,5,0,0.04325047880411148,0.01701953448355198,0.04325047880411148
iterative_q,9000031,247,345.0,northern_pathfinder,0,Wait,0,Wait,0,215,215,0,4,5,0,0.0,0.0,0.0
iterative_q,9000031,247,345.0,northern_phoenix,0,Wait,0,Wait,0,215,215,0,4,5,0,0.0,0.0,0.0
iterative_q,9000031,247,345.0,northern_pioneer,0,Wait,0,Wait,0,215,215,0,4,5,0,0.0,0.0,0.0
iterative_q,9000031,248,346.0,northern_pathfinder,0,Wait,0,Wait,0,215,197,0,4,5,0,0.15885616838932037,0.015520501881837845,0.15885616838932037
iterative_q,9000031,248,346.0,northern_phoenix,0,Wait,0,Wait,0,215,197,0,4,5,0,0.15885616838932037,0.015520501881837845,0.15885616838932037
iterative_q,9000031,248,346.0,northern_pioneer,0,Wait,0,Wait,0,215,197,0,4,5,0,0.15885616838932037,0.015520501881837845,0.15885616838932037
iterative_q,9000031,249,347.0,northern_pathfinder,0,Wait,0,Wait,0,215,197,0,4,5,0,0.034072279930114746,0.01694054715335369,0.034072279930114746
iterative_q,9000031,249,347.0,northern_phoenix,0,Wait,0,Wait,0,215,197,0,4,5,0,0.034072279930114746,0.01694054715335369,0.034072279930114746
iterative_q,9000031,249,347.0,northern_pioneer,0,Wait,0,Wait,0,215,197,0,4,5,0,0.034072279930114746,0.01694054715335369,0.034072279930114746
iterative_q,9000031,250,348.0,northern_pathfinder,0,Wait,0,Wait,0,215,197,0,5,4,0,0.01200180035084486,0.017834987491369247,0.01200180035084486
iterative_q,9000031,250,348.0,northern_phoenix,0,Wait,0,Wait,0,215,197,0,5,4,0,0.01200180035084486,0.017834987491369247,0.01200180035084486
iterative_q,9000031,250,348.0,northern_pioneer,0,Wait,0,Wait,0,215,197,0,5,4,0,0.01200180035084486,0.017834987491369247,0.01200180035084486
iterative_q,9000031,251,349.0,northern_pathfinder,0,Wait,0,Wait,0,215,197,0,5,5,0,0.12754866480827332,0.016871731728315353,0.12754866480827332
iterative_q,9000031,251,349.0,northern_phoenix,0,Wait,0,Wait,0,215,197,0,5,5,0,0.12754866480827332,0.016871731728315353,0.12754866480827332
iterative_q,9000031,251,349.0,northern_pioneer,0,Wait,0,Wait,0,215,197,0,5,5,0,0.12754866480827332,0.016871731728315353,0.12754866480827332
iterative_q,9000031,252,350.0,northern_pathfinder,0,Wait,0,Wait,0,215,197,0,5,5,0,0.16907677054405212,0.015670208260416985,0.16907677054405212
iterative_q,9000031,252,350.0,northern_phoenix,0,Wait,0,Wait,0,215,197,0,5,5,0,0.16907677054405212,0.015670208260416985,0.16907677054405212
iterative_q,9000031,252,350.0,northern_pioneer,0,Wait,0,Wait,0,215,197,0,5,5,0,0.16907677054405212,0.015670208260416985,0.16907677054405212
iterative_q,9000031,253,351.0,northern_pathfinder,0,Wait,0,Wait,0,215,197,0,5,5,0,0.14629551768302917,0.015636436641216278,0.14629551768302917
iterative_q,9000031,253,351.0,northern_phoenix,0,Wait,0,Wait,0,215,197,0,5,5,0,0.14629551768302917,0.015636436641216278,0.14629551768302917
iterative_q,9000031,253,351.0,northern_pioneer,0,Wait,0,Wait,0,215,197,0,5,5,0,0.14629551768302917,0.015636436641216278,0.14629551768302917
iterative_q,9000031,254,352.0,northern_pathfinder,0,Wait,0,Wait,0,215,197,0,5,5,0,0.04260759428143501,0.0161152221262455,0.04260759428143501
iterative_q,9000031,254,352.0,northern_phoenix,0,Wait,0,Wait,0,215,197,0,5,5,0,0.04260759428143501,0.0161152221262455,0.04260759428143501
iterative_q,9000031,254,352.0,northern_pioneer,0,Wait,0,Wait,0,215,197,0,5,5,0,0.04260759428143501,0.0161152221262455,0.04260759428143501
iterative_q,9000031,255,353.0,northern_pathfinder,0,Wait,0,Wait,0,215,197,0,5,5,0,0.10043086111545563,0.016154184937477112,0.10043086111545563
iterative_q,9000031,255,353.0,northern_phoenix,0,Wait,0,Wait,0,215,197,0,5,5,0,0.10043086111545563,0.016154184937477112,0.10043086111545563
iterative_q,9000031,255,353.0,northern_pioneer,0,Wait,0,Wait,0,215,197,0,5,5,0,0.10043086111545563,0.016154184937477112,0.10043086111545563
iterative_q,9000031,256,354.0,northern_pathfinder,0,Wait,0,Wait,0,186,186,1,5,4,5,0.7649487257003784,0.020896438509225845,0.7649487257003784
iterative_q,9000031,256,354.0,northern_phoenix,0,Wait,1,Terminal,1,186,186,1,5,4,5,0.7649487257003784,0.020896438509225845,0.7649487257003784
iterative_q,9000031,256,354.0,northern_pioneer,3,Celsio,0,Wait,1,186,186,1,5,4,5,0.7649487257003784,0.020896438509225845,0.7649487257003784
iterative_q,9000031,257,355.0,northern_pathfinder,0,Wait,0,Wait,0,215,210,0,5,5,5,0.5832432508468628,0.021536946296691895,0.5832432508468628
iterative_q,9000031,257,355.0,northern_phoenix,0,Wait,0,Wait,0,215,210,0,5,5,5,0.5832432508468628,0.021536946296691895,0.5832432508468628
iterative_q,9000031,257,355.0,northern_pioneer,3,Celsio,3,Celsio,0,215,210,0,5,5,5,0.5832432508468628,0.021536946296691895,0.5832432508468628
iterative_q,9000031,258,371.0,northern_pathfinder,0,Wait,0,Wait,0,215,107,0,5,4,0,0.024821043014526367,0.025314191356301308,0.024821043014526367
iterative_q,9000031,258,371.0,northern_phoenix,0,Wait,0,Wait,0,215,107,0,5,4,0,0.024821043014526367,0.025314191356301308,0.024821043014526367
iterative_q,9000031,258,371.0,northern_pioneer,0,Wait,0,Wait,0,215,107,0,5,4,0,0.024821043014526367,0.025314191356301308,0.024821043014526367
iterative_q,9000031,259,372.0,northern_pathfinder,0,Wait,0,Wait,0,215,215,0,5,5,0,0.0,0.0,0.0
iterative_q,9000031,259,372.0,northern_phoenix,0,Wait,0,Wait,0,215,215,0,5,5,0,0.0,0.0,0.0
iterative_q,9000031,259,372.0,northern_pioneer,0,Wait,0,Wait,0,215,215,0,5,5,0,0.0,0.0,0.0
iterative_q,9000031,260,373.0,northern_pathfinder,0,Wait,0,Wait,0,215,215,0,5,5,0,0.0,0.0,0.0
iterative_q,9000031,260,373.0,northern_phoenix,0,Wait,0,Wait,0,215,215,0,5,5,0,0.0,0.0,0.0
iterative_q,9000031,260,373.0,northern_pioneer,0,Wait,0,Wait,0,215,215,0,5,5,0,0.0,0.0,0.0
iterative_q,9000031,261,374.0,northern_pathfinder,0,Wait,0,Wait,0,215,215,0,5,5,0,0.0,0.0,0.0
iterative_q,9000031,261,374.0,northern_phoenix,0,Wait,0,Wait,0,215,215,0,5,5,0,0.0,0.0,0.0
iterative_q,9000031,261,374.0,northern_pioneer,0,Wait,0,Wait,0,215,215,0,5,5,0,0.0,0.0,0.0
iterative_q,9000031,262,375.0,northern_pathfinder,0,Wait,0,Wait,0,215,215,0,5,5,0,0.0,0.0,0.0
iterative_q,9000031,262,375.0,northern_phoenix,0,Wait,0,Wait,0,215,215,0,5,5,0,0.0,0.0,0.0
iterative_q,9000031,262,375.0,northern_pioneer,0,Wait,0,Wait,0,215,215,0,5,5,0,0.0,0.0,0.0
iterative_q,9000031,263,376.0,northern_pathfinder,0,Wait,0,Wait,0,215,215,0,5,5,0,0.0,0.0,0.0
iterative_q,9000031,263,376.0,northern_phoenix,0,Wait,0,Wait,0,215,215,0,5,5,0,0.0,0.0,0.0
iterative_q,9000031,263,376.0,northern_pioneer,0,Wait,0,Wait,0,215,215,0,5,5,0,0.0,0.0,0.0
iterative_q,9000031,264,377.0,northern_pathfinder,2,Brevik,2,Brevik,0,215,35,0,5,5,0,0.1431945115327835,0.012892796657979488,0.1431945115327835
iterative_q,9000031,264,377.0,northern_phoenix,0,Wait,0,Wait,0,215,35,0,5,5,0,0.1431945115327835,0.012892796657979488,0.1431945115327835
iterative_q,9000031,264,377.0,northern_pioneer,0,Wait,0,Wait,0,215,35,0,5,5,0,0.1431945115327835,0.012892796657979488,0.1431945115327835
iterative_q,9000031,265,384.0,northern_pathfinder,0,Wait,0,Wait,0,215,215,0,5,5,0,0.0,0.0,0.0
iterative_q,9000031,265,384.0,northern_phoenix,0,Wait,0,Wait,0,215,215,0,5,5,0,0.0,0.0,0.0
iterative_q,9000031,265,384.0,northern_pioneer,0,Wait,0,Wait,0,215,215,0,5,5,0,0.0,0.0,0.0
iterative_q,9000031,266,385.0,northern_pathfinder,0,Wait,0,Wait,0,215,215,0,5,5,0,0.0,0.0,0.0
iterative_q,9000031,266,385.0,northern_phoenix,0,Wait,0,Wait,0,215,215,0,5,5,0,0.0,0.0,0.0
iterative_q,9000031,266,385.0,northern_pioneer,0,Wait,0,Wait,0,215,215,0,5,5,0,0.0,0.0,0.0
iterative_q,9000031,267,386.0,northern_pathfinder,0,Wait,0,Wait,0,215,215,0,5,5,0,0.0,0.0,0.0
iterative_q,9000031,267,386.0,northern_phoenix,0,Wait,0,Wait,0,215,215,0,5,5,0,0.0,0.0,0.0
iterative_q,9000031,267,386.0,northern_pioneer,0,Wait,0,Wait,0,215,215,0,5,5,0,0.0,0.0,0.0
iterative_q,9000031,268,387.0,northern_pathfinder,0,Wait,0,Wait,0,215,215,0,5,5,0,0.0,0.0,0.0
iterative_q,9000031,268,387.0,northern_phoenix,0,Wait,0,Wait,0,215,215,0,5,5,0,0.0,0.0,0.0
iterative_q,9000031,268,387.0,northern_pioneer,0,Wait,0,Wait,0,215,215,0,5,5,0,0.0,0.0,0.0
iterative_q,9000031,269,388.0,northern_pathfinder,1,Terminal,1,Terminal,0,215,32,0,5,5,5,0.5187939405441284,0.028197500854730606,0.5187939405441284
iterative_q,9000031,269,388.0,northern_phoenix,0,Wait,0,Wait,0,215,32,0,5,5,5,0.5187939405441284,0.028197500854730606,0.5187939405441284
iterative_q,9000031,269,388.0,northern_pioneer,0,Wait,0,Wait,0,215,32,0,5,5,5,0.5187939405441284,0.028197500854730606,0.5187939405441284
iterative_q,9000031,270,389.0,northern_pathfinder,0,Wait,0,Wait,0,215,212,0,5,5,0,0.10251100361347198,0.010827013291418552,0.10251100361347198
iterative_q,9000031,270,389.0,northern_phoenix,0,Wait,0,Wait,0,215,212,0,5,5,0,0.10251100361347198,0.010827013291418552,0.10251100361347198
iterative_q,9000031,270,389.0,northern_pioneer,0,Wait,0,Wait,0,215,212,0,5,5,0,0.10251100361347198,0.010827013291418552,0.10251100361347198
iterative_q,9000031,271,390.0,northern_pathfinder,0,Wait,0,Wait,0,215,212,0,5,5,0,0.28594300150871277,0.01048928964883089,0.28594300150871277
iterative_q,9000031,271,390.0,northern_phoenix,0,Wait,0,Wait,0,215,212,0,5,5,0,0.28594300150871277,0.01048928964883089,0.28594300150871277
iterative_q,9000031,271,390.0,northern_pioneer,0,Wait,0,Wait,0,215,212,0,5,5,0,0.28594300150871277,0.01048928964883089,0.28594300150871277
iterative_q,9000031,272,391.0,northern_pathfinder,0,Wait,0,Wait,0,215,212,0,5,5,5,0.6415375471115112,0.011280038394033909,0.6415375471115112
iterative_q,9000031,272,391.0,northern_phoenix,0,Wait,0,Wait,0,215,212,0,5,5,5,0.6415375471115112,0.011280038394033909,0.6415375471115112
iterative_q,9000031,272,391.0,northern_pioneer,0,Wait,0,Wait,0,215,212,0,5,5,5,0.6415375471115112,0.011280038394033909,0.6415375471115112
iterative_q,9000031,273,392.0,northern_pathfinder,0,Wait,0,Wait,0,215,212,0,5,5,5,0.6325474977493286,0.011488348245620728,0.6325474977493286
iterative_q,9000031,273,392.0,northern_phoenix,0,Wait,0,Wait,0,215,212,0,5,5,5,0.6325474977493286,0.011488348245620728,0.6325474977493286
iterative_q,9000031,273,392.0,northern_pioneer,0,Wait,0,Wait,0,215,212,0,5,5,5,0.6325474977493286,0.011488348245620728,0.6325474977493286
iterative_q,9000031,274,393.0,northern_pathfinder,0,Wait,0,Wait,0,215,212,0,5,5,5,0.48396939039230347,0.010806283913552761,0.48396939039230347
iterative_q,9000031,274,393.0,northern_phoenix,0,Wait,0,Wait,0,215,212,0,5,5,5,0.48396939039230347,0.010806283913552761,0.48396939039230347
iterative_q,9000031,274,393.0,northern_pioneer,0,Wait,0,Wait,0,215,212,0,5,5,5,0.48396939039230347,0.010806283913552761,0.48396939039230347
iterative_q,9000031,275,394.0,northern_pathfinder,0,Wait,0,Wait,0,215,212,0,5,5,0,0.34686079621315,0.010803107172250748,0.34686079621315
iterative_q,9000031,275,394.0,northern_phoenix,0,Wait,0,Wait,0,215,212,0,5,5,0,0.34686079621315,0.010803107172250748,0.34686079621315
iterative_q,9000031,275,394.0,northern_pioneer,0,Wait,0,Wait,0,215,212,0,5,5,0,0.34686079621315,0.010803107172250748,0.34686079621315
iterative_q,9000031,276,395.0,northern_pathfinder,0,Wait,0,Wait,0,215,212,0,5,5,5,0.5062938928604126,0.011312734335660934,0.5062938928604126
iterative_q,9000031,276,395.0,northern_phoenix,0,Wait,0,Wait,0,215,212,0,5,5,5,0.5062938928604126,0.011312734335660934,0.5062938928604126
iterative_q,9000031,276,395.0,northern_pioneer,0,Wait,0,Wait,0,215,212,0,5,5,5,0.5062938928604126,0.011312734335660934,0.5062938928604126
iterative_q,9000031,277,396.0,northern_pathfinder,0,Wait,0,Wait,0,212,212,1,6,5,5,0.41868504881858826,0.011259244754910469,0.41868504881858826
iterative_q,9000031,277,396.0,northern_phoenix,0,Wait,0,Wait,0,212,212,1,6,5,5,0.41868504881858826,0.011259244754910469,0.41868504881858826
iterative_q,9000031,277,396.0,northern_pioneer,0,Wait,2,Brevik,1,212,212,1,6,5,5,0.41868504881858826,0.011259244754910469,0.41868504881858826
iterative_q,9000031,278,403.0,northern_pathfinder,0,Wait,0,Wait,0,215,215,0,6,5,0,0.0,0.0,0.0
iterative_q,9000031,278,403.0,northern_phoenix,0,Wait,0,Wait,0,215,215,0,6,5,0,0.0,0.0,0.0
iterative_q,9000031,278,403.0,northern_pioneer,0,Wait,0,Wait,0,215,215,0,6,5,0,0.0,0.0,0.0
iterative_q,9000031,279,404.0,northern_pathfinder,0,Wait,0,Wait,0,215,213,0,6,5,0,0.06584586948156357,0.009250829927623272,0.06584586948156357
iterative_q,9000031,279,404.0,northern_phoenix,0,Wait,0,Wait,0,215,213,0,6,5,0,0.06584586948156357,0.009250829927623272,0.06584586948156357
iterative_q,9000031,279,404.0,northern_pioneer,0,Wait,0,Wait,0,215,213,0,6,5,0,0.06584586948156357,0.009250829927623272,0.06584586948156357
iterative_q,9000031,280,405.0,northern_pathfinder,0,Wait,0,Wait,0,215,215,0,6,5,0,0.0,0.0,0.0
iterative_q,9000031,280,405.0,northern_phoenix,0,Wait,0,Wait,0,215,215,0,6,5,0,0.0,0.0,0.0
iterative_q,9000031,280,405.0,northern_pioneer,0,Wait,0,Wait,0,215,215,0,6,5,0,0.0,0.0,0.0
iterative_q,9000031,281,406.0,northern_pathfinder,0,Wait,0,Wait,0,215,215,0,6,5,0,0.0,0.0,0.0
iterative_q,9000031,281,406.0,northern_phoenix,0,Wait,0,Wait,0,215,215,0,6,5,0,0.0,0.0,0.0
iterative_q,9000031,281,406.0,northern_pioneer,0,Wait,0,Wait,0,215,215,0,6,5,0,0.0,0.0,0.0
iterative_q,9000031,282,407.0,northern_pathfinder,0,Wait,0,Wait,0,215,183,0,6,5,5,0.9744464755058289,0.011040465906262398,0.9744464755058289
iterative_q,9000031,282,407.0,northern_phoenix,4,Yara Sluiskil,4,Yara Sluiskil,0,215,183,0,6,5,5,0.9744464755058289,0.011040465906262398,0.9744464755058289
iterative_q,9000031,282,407.0,northern_pioneer,0,Wait,0,Wait,0,215,183,0,6,5,5,0.9744464755058289,0.011040465906262398,0.9744464755058289
iterative_q,9000031,283,408.0,northern_pathfinder,0,Wait,0,Wait,0,215,213,0,6,5,5,0.43451863527297974,0.00813695602118969,0.43451863527297974
iterative_q,9000031,283,408.0,northern_phoenix,0,Wait,0,Wait,0,215,213,0,6,5,5,0.43451863527297974,0.00813695602118969,0.43451863527297974
iterative_q,9000031,283,408.0,northern_pioneer,0,Wait,0,Wait,0,215,213,0,6,5,5,0.43451863527297974,0.00813695602118969,0.43451863527297974
iterative_q,9000031,284,409.0,northern_pathfinder,0,Wait,0,Wait,0,215,213,0,6,5,0,0.08075320720672607,0.007434078026562929,0.08075320720672607
iterative_q,9000031,284,409.0,northern_phoenix,0,Wait,0,Wait,0,215,213,0,6,5,0,0.08075320720672607,0.007434078026562929,0.08075320720672607
iterative_q,9000031,284,409.0,northern_pioneer,0,Wait,0,Wait,0,215,213,0,6,5,0,0.08075320720672607,0.007434078026562929,0.08075320720672607
iterative_q,9000031,285,410.0,northern_pathfinder,0,Wait,0,Wait,0,215,213,0,6,5,0,0.31335800886154175,0.007156990934163332,0.31335800886154175
iterative_q,9000031,285,410.0,northern_phoenix,0,Wait,0,Wait,0,215,213,0,6,5,0,0.31335800886154175,0.007156990934163332,0.31335800886154175
iterative_q,9000031,285,410.0,northern_pioneer,0,Wait,0,Wait,0,215,213,0,6,5,0,0.31335800886154175,0.007156990934163332,0.31335800886154175
iterative_q,9000031,286,411.0,northern_pathfinder,0,Wait,0,Wait,0,215,213,0,6,5,0,0.22811205685138702,0.006457904353737831,0.22811205685138702
iterative_q,9000031,286,411.0,northern_phoenix,0,Wait,0,Wait,0,215,213,0,6,5,0,0.22811205685138702,0.006457904353737831,0.22811205685138702
iterative_q,9000031,286,411.0,northern_pioneer,0,Wait,0,Wait,0,215,213,0,6,5,0,0.22811205685138702,0.006457904353737831,0.22811205685138702
iterative_q,9000031,287,412.0,northern_pathfinder,0,Wait,0,Wait,0,215,213,0,6,5,0,0.28820064663887024,0.00662792706862092,0.28820064663887024
iterative_q,9000031,287,412.0,northern_phoenix,0,Wait,0,Wait,0,215,213,0,6,5,0,0.28820064663887024,0.00662792706862092,0.28820064663887024
iterative_q,9000031,287,412.0,northern_pioneer,0,Wait,0,Wait,0,215,213,0,6,5,0,0.28820064663887024,0.00662792706862092,0.28820064663887024
iterative_q,9000031,288,413.0,northern_pathfinder,0,Wait,0,Wait,0,215,213,0,6,5,0,0.31956416368484497,0.006774452049285173,0.31956416368484497
iterative_q,9000031,288,413.0,northern_phoenix,0,Wait,0,Wait,0,215,213,0,6,5,0,0.31956416368484497,0.006774452049285173,0.31956416368484497
iterative_q,9000031,288,413.0,northern_pioneer,0,Wait,0,Wait,0,215,213,0,6,5,0,0.31956416368484497,0.006774452049285173,0.31956416368484497
iterative_q,9000031,289,414.0,northern_pathfinder,0,Wait,0,Wait,0,215,213,0,6,5,0,0.31734657287597656,0.007019613403826952,0.31734657287597656
iterative_q,9000031,289,414.0,northern_phoenix,0,Wait,0,Wait,0,215,213,0,6,5,0,0.31734657287597656,0.007019613403826952,0.31734657287597656
iterative_q,9000031,289,414.0,northern_pioneer,0,Wait,0,Wait,0,215,213,0,6,5,0,0.31734657287597656,0.007019613403826952,0.31734657287597656
iterative_q,9000031,290,415.0,northern_pathfinder,0,Wait,0,Wait,0,215,213,0,6,5,0,0.32890039682388306,0.007057689595967531,0.32890039682388306
iterative_q,9000031,290,415.0,northern_phoenix,0,Wait,0,Wait,0,215,213,0,6,5,0,0.32890039682388306,0.007057689595967531,0.32890039682388306
iterative_q,9000031,290,415.0,northern_pioneer,0,Wait,0,Wait,0,215,213,0,6,5,0,0.32890039682388306,0.007057689595967531,0.32890039682388306
iterative_q,9000031,291,416.0,northern_pathfinder,0,Wait,0,Wait,0,215,213,0,6,5,0,0.3632807731628418,0.008014309220016003,0.3632807731628418
iterative_q,9000031,291,416.0,northern_phoenix,0,Wait,0,Wait,0,215,213,0,6,5,0,0.3632807731628418,0.008014309220016003,0.3632807731628418
iterative_q,9000031,291,416.0,northern_pioneer,0,Wait,0,Wait,0,215,213,0,6,5,0,0.3632807731628418,0.008014309220016003,0.3632807731628418
iterative_q,9000031,292,417.0,northern_pathfinder,0,Wait,0,Wait,0,215,213,0,6,5,5,0.5319868922233582,0.010066164657473564,0.5319868922233582
iterative_q,9000031,292,417.0,northern_phoenix,0,Wait,0,Wait,0,215,213,0,6,5,5,0.5319868922233582,0.010066164657473564,0.5319868922233582
iterative_q,9000031,292,417.0,northern_pioneer,0,Wait,0,Wait,0,215,213,0,6,5,5,0.5319868922233582,0.010066164657473564,0.5319868922233582
iterative_q,9000031,293,418.0,northern_pathfinder,0,Wait,0,Wait,0,215,213,0,6,5,0,0.21940878033638,0.007953312247991562,0.21940878033638
iterative_q,9000031,293,418.0,northern_phoenix,0,Wait,0,Wait,0,215,213,0,6,5,0,0.21940878033638,0.007953312247991562,0.21940878033638
iterative_q,9000031,293,418.0,northern_pioneer,0,Wait,0,Wait,0,215,213,0,6,5,0,0.21940878033638,0.007953312247991562,0.21940878033638
iterative_q,9000031,294,419.0,northern_pathfinder,0,Wait,0,Wait,0,215,213,0,6,5,1,0.39014047384262085,0.008708449080586433,0.39014047384262085
iterative_q,9000031,294,419.0,northern_phoenix,0,Wait,0,Wait,0,215,213,0,6,5,1,0.39014047384262085,0.008708449080586433,0.39014047384262085
iterative_q,9000031,294,419.0,northern_pioneer,0,Wait,0,Wait,0,215,213,0,6,5,1,0.39014047384262085,0.008708449080586433,0.39014047384262085
iterative_q,9000031,295,420.0,northern_pathfinder,0,Wait,0,Wait,0,215,213,0,6,5,2,0.3953903317451477,0.009021999314427376,0.3953903317451477
iterative_q,9000031,295,420.0,northern_phoenix,0,Wait,0,Wait,0,215,213,0,6,5,2,0.3953903317451477,0.009021999314427376,0.3953903317451477
iterative_q,9000031,295,420.0,northern_pioneer,0,Wait,0,Wait,0,215,213,0,6,5,2,0.3953903317451477,0.009021999314427376,0.3953903317451477
iterative_q,9000031,296,421.0,northern_pathfinder,0,Wait,0,Wait,0,215,213,0,6,5,5,0.43272536993026733,0.008886693976819515,0.43272536993026733
iterative_q,9000031,296,421.0,northern_phoenix,0,Wait,0,Wait,0,215,213,0,6,5,5,0.43272536993026733,0.008886693976819515,0.43272536993026733
iterative_q,9000031,296,421.0,northern_pioneer,0,Wait,0,Wait,0,215,213,0,6,5,5,0.43272536993026733,0.008886693976819515,0.43272536993026733
iterative_q,9000031,297,422.0,northern_pathfinder,0,Wait,0,Wait,0,215,213,0,6,5,0,0.33578047156333923,0.00999523140490055,0.33578047156333923
iterative_q,9000031,297,422.0,northern_phoenix,0,Wait,0,Wait,0,215,213,0,6,5,0,0.33578047156333923,0.00999523140490055,0.33578047156333923
iterative_q,9000031,297,422.0,northern_pioneer,0,Wait,0,Wait,0,215,213,0,6,5,0,0.33578047156333923,0.00999523140490055,0.33578047156333923
iterative_q,9000031,298,423.0,northern_pathfinder,0,Wait,0,Wait,0,215,213,0,6,5,5,0.5276128053665161,0.010268849320709705,0.5276128053665161
iterative_q,9000031,298,423.0,northern_phoenix,0,Wait,0,Wait,0,215,213,0,6,5,5,0.5276128053665161,0.010268849320709705,0.5276128053665161
iterative_q,9000031,298,423.0,northern_pioneer,0,Wait,0,Wait,0,215,213,0,6,5,5,0.5276128053665161,0.010268849320709705,0.5276128053665161
iterative_q,9000031,299,424.0,northern_pathfinder,0,Wait,0,Wait,0,215,213,0,6,5,0,0.37212225794792175,0.008429735898971558,0.37212225794792175
iterative_q,9000031,299,424.0,northern_phoenix,0,Wait,0,Wait,0,215,213,0,6,5,0,0.37212225794792175,0.008429735898971558,0.37212225794792175
iterative_q,9000031,299,424.0,northern_pioneer,0,Wait,0,Wait,0,215,213,0,6,5,0,0.37212225794792175,0.008429735898971558,0.37212225794792175
iterative_q,9000031,300,425.0,northern_pathfinder,0,Wait,0,Wait,0,215,213,0,6,5,5,0.6021378636360168,0.010637766681611538,0.6021378636360168
iterative_q,9000031,300,425.0,northern_phoenix,0,Wait,0,Wait,0,215,213,0,6,5,5,0.6021378636360168,0.010637766681611538,0.6021378636360168
iterative_q,9000031,300,425.0,northern_pioneer,0,Wait,0,Wait,0,215,213,0,6,5,5,0.6021378636360168,0.010637766681611538,0.6021378636360168
iterative_q,9000031,301,426.0,northern_pathfinder,4,Yara Sluiskil,4,Yara Sluiskil,0,215,31,0,6,3,5,0.5289102792739868,0.025128765031695366,0.5289102792739868
iterative_q,9000031,301,426.0,northern_phoenix,0,Wait,0,Wait,0,215,31,0,6,3,5,0.5289102792739868,0.025128765031695366,0.5289102792739868
iterative_q,9000031,301,426.0,northern_pioneer,0,Wait,0,Wait,0,215,31,0,6,3,5,0.5289102792739868,0.025128765031695366,0.5289102792739868
iterative_q,9000031,302,427.0,northern_pathfinder,0,Wait,0,Wait,0,215,213,0,6,5,5,0.5356673002243042,0.00599296111613512,0.5356673002243042
iterative_q,9000031,302,427.0,northern_phoenix,0,Wait,0,Wait,0,215,213,0,6,5,5,0.5356673002243042,0.00599296111613512,0.5356673002243042
iterative_q,9000031,302,427.0,northern_pioneer,0,Wait,0,Wait,0,215,213,0,6,5,5,0.5356673002243042,0.00599296111613512,0.5356673002243042
iterative_q,9000031,303,428.0,northern_pathfinder,0,Wait,0,Wait,0,215,213,0,6,5,3,0.40502023696899414,0.005153528414666653,0.40502023696899414
iterative_q,9000031,303,428.0,northern_phoenix,0,Wait,0,Wait,0,215,213,0,6,5,3,0.40502023696899414,0.005153528414666653,0.40502023696899414
iterative_q,9000031,303,428.0,northern_pioneer,0,Wait,0,Wait,0,215,213,0,6,5,3,0.40502023696899414,0.005153528414666653,0.40502023696899414
iterative_q,9000031,304,429.0,northern_pathfinder,0,Wait,0,Wait,0,215,213,0,6,5,5,0.6239123940467834,0.007600091863423586,0.6239123940467834
iterative_q,9000031,304,429.0,northern_phoenix,0,Wait,0,Wait,0,215,213,0,6,5,5,0.6239123940467834,0.007600091863423586,0.6239123940467834
iterative_q,9000031,304,429.0,northern_pioneer,0,Wait,0,Wait,0,215,213,0,6,5,5,0.6239123940467834,0.007600091863423586,0.6239123940467834
iterative_q,9000031,305,430.0,northern_pathfinder,0,Wait,0,Wait,0,215,213,0,6,5,5,0.6016669869422913,0.00654612435027957,0.6016669869422913
iterative_q,9000031,305,430.0,northern_phoenix,0,Wait,0,Wait,0,215,213,0,6,5,5,0.6016669869422913,0.00654612435027957,0.6016669869422913
iterative_q,9000031,305,430.0,northern_pioneer,0,Wait,0,Wait,0,215,213,0,6,5,5,0.6016669869422913,0.00654612435027957,0.6016669869422913
iterative_q,9000031,306,431.0,northern_pathfinder,0,Wait,0,Wait,0,215,213,0,6,5,5,0.6058211326599121,0.0067628114484250546,0.6058211326599121
iterative_q,9000031,306,431.0,northern_phoenix,0,Wait,0,Wait,0,215,213,0,6,5,5,0.6058211326599121,0.0067628114484250546,0.6058211326599121
iterative_q,9000031,306,431.0,northern_pioneer,0,Wait,0,Wait,0,215,213,0,6,5,5,0.6058211326599121,0.0067628114484250546,0.6058211326599121
iterative_q,9000031,307,432.0,northern_pathfinder,0,Wait,0,Wait,0,215,213,0,6,5,5,0.467642217874527,0.007263731211423874,0.467642217874527
iterative_q,9000031,307,432.0,northern_phoenix,0,Wait,0,Wait,0,215,213,0,6,5,5,0.467642217874527,0.007263731211423874,0.467642217874527
iterative_q,9000031,307,432.0,northern_pioneer,0,Wait,0,Wait,0,215,213,0,6,5,5,0.467642217874527,0.007263731211423874,0.467642217874527
iterative_q,9000031,308,433.0,northern_pathfinder,0,Wait,0,Wait,0,215,211,0,6,5,5,0.6482535600662231,0.014953539706766605,0.6482535600662231
iterative_q,9000031,308,433.0,northern_phoenix,0,Wait,0,Wait,0,215,211,0,6,5,5,0.6482535600662231,0.014953539706766605,0.6482535600662231
iterative_q,9000031,308,433.0,northern_pioneer,0,Wait,0,Wait,0,215,211,0,6,5,5,0.6482535600662231,0.014953539706766605,0.6482535600662231
iterative_q,9000031,309,434.0,northern_pathfinder,0,Wait,0,Wait,0,215,213,0,6,5,5,0.6342114210128784,0.006898464169353247,0.6342114210128784
iterative_q,9000031,309,434.0,northern_phoenix,0,Wait,0,Wait,0,215,213,0,6,5,5,0.6342114210128784,0.006898464169353247,0.6342114210128784
iterative_q,9000031,309,434.0,northern_pioneer,0,Wait,0,Wait,0,215,213,0,6,5,5,0.6342114210128784,0.006898464169353247,0.6342114210128784
iterative_q,9000031,310,435.0,northern_pathfinder,0,Wait,0,Wait,0,215,213,0,6,5,5,0.4644891619682312,0.00636757118627429,0.4644891619682312
iterative_q,9000031,310,435.0,northern_phoenix,0,Wait,0,Wait,0,215,213,0,6,5,5,0.4644891619682312,0.00636757118627429,0.4644891619682312
iterative_q,9000031,310,435.0,northern_pioneer,0,Wait,0,Wait,0,215,213,0,6,5,5,0.4644891619682312,0.00636757118627429,0.4644891619682312
iterative_q,9000031,311,436.0,northern_pathfinder,0,Wait,0,Wait,0,215,213,0,6,5,5,0.7643800973892212,0.008815504610538483,0.7643800973892212
iterative_q,9000031,311,436.0,northern_phoenix,0,Wait,0,Wait,0,215,213,0,6,5,5,0.7643800973892212,0.008815504610538483,0.7643800973892212
iterative_q,9000031,311,436.0,northern_pioneer,0,Wait,0,Wait,0,215,213,0,6,5,5,0.7643800973892212,0.008815504610538483,0.7643800973892212
iterative_q,9000031,312,437.0,northern_pathfinder,0,Wait,0,Wait,0,215,213,0,6,5,5,0.6865081191062927,0.008559982292354107,0.6865081191062927
iterative_q,9000031,312,437.0,northern_phoenix,0,Wait,0,Wait,0,215,213,0,6,5,5,0.6865081191062927,0.008559982292354107,0.6865081191062927
iterative_q,9000031,312,437.0,northern_pioneer,0,Wait,0,Wait,0,215,213,0,6,5,5,0.6865081191062927,0.008559982292354107,0.6865081191062927
iterative_q,9000031,313,438.0,northern_pathfinder,0,Wait,0,Wait,0,215,213,0,6,5,5,0.6514772176742554,0.008106768131256104,0.6514772176742554
iterative_q,9000031,313,438.0,northern_phoenix,0,Wait,0,Wait,0,215,213,0,6,5,5,0.6514772176742554,0.008106768131256104,0.6514772176742554
iterative_q,9000031,313,438.0,northern_pioneer,0,Wait,0,Wait,0,215,213,0,6,5,5,0.6514772176742554,0.008106768131256104,0.6514772176742554
iterative_q,9000031,314,439.0,northern_pathfinder,0,Wait,0,Wait,0,215,213,0,6,5,5,0.6197618246078491,0.008019190281629562,0.6197618246078491
iterative_q,9000031,314,439.0,northern_phoenix,0,Wait,0,Wait,0,215,213,0,6,5,5,0.6197618246078491,0.008019190281629562,0.6197618246078491
iterative_q,9000031,314,439.0,northern_pioneer,0,Wait,0,Wait,0,215,213,0,6,5,5,0.6197618246078491,0.008019190281629562,0.6197618246078491
iterative_q,9000031,315,440.0,northern_pathfinder,0,Wait,0,Wait,0,215,213,0,6,5,5,0.4782674312591553,0.006444816943258047,0.4782674312591553
iterative_q,9000031,315,440.0,northern_phoenix,0,Wait,0,Wait,0,215,213,0,6,5,5,0.4782674312591553,0.006444816943258047,0.4782674312591553
iterative_q,9000031,315,440.0,northern_pioneer,0,Wait,0,Wait,0,215,213,0,6,5,5,0.4782674312591553,0.006444816943258047,0.4782674312591553
iterative_q,9000031,316,441.0,northern_pathfinder,0,Wait,0,Wait,0,215,213,0,6,5,5,0.7366294264793396,0.007742817513644695,0.7366294264793396
iterative_q,9000031,316,441.0,northern_phoenix,0,Wait,0,Wait,0,215,213,0,6,5,5,0.7366294264793396,0.007742817513644695,0.7366294264793396
iterative_q,9000031,316,441.0,northern_pioneer,0,Wait,0,Wait,0,215,213,0,6,5,5,0.7366294264793396,0.007742817513644695,0.7366294264793396
iterative_q,9000031,317,442.0,northern_pathfinder,0,Wait,0,Wait,0,215,213,0,6,5,5,0.6522406339645386,0.007743512745946646,0.6522406339645386
iterative_q,9000031,317,442.0,northern_phoenix,0,Wait,0,Wait,0,215,213,0,6,5,5,0.6522406339645386,0.007743512745946646,0.6522406339645386
iterative_q,9000031,317,442.0,northern_pioneer,0,Wait,0,Wait,0,215,213,0,6,5,5,0.6522406339645386,0.007743512745946646,0.6522406339645386
iterative_q,9000031,318,443.0,northern_pathfinder,0,Wait,0,Wait,0,215,213,0,6,5,5,0.6092219948768616,0.007866146042943,0.6092219948768616
iterative_q,9000031,318,443.0,northern_phoenix,0,Wait,0,Wait,0,215,213,0,6,5,5,0.6092219948768616,0.007866146042943,0.6092219948768616
iterative_q,9000031,318,443.0,northern_pioneer,0,Wait,0,Wait,0,215,213,0,6,5,5,0.6092219948768616,0.007866146042943,0.6092219948768616
iterative_q,9000031,319,444.0,northern_pathfinder,0,Wait,0,Wait,0,213,213,1,7,5,5,0.6419708132743835,0.00731846084818244,0.6419708132743835
iterative_q,9000031,319,444.0,northern_phoenix,0,Wait,0,Wait,0,213,213,1,7,5,5,0.6419708132743835,0.00731846084818244,0.6419708132743835
iterative_q,9000031,319,444.0,northern_pioneer,0,Wait,3,Celsio,1,213,213,1,7,5,5,0.6419708132743835,0.00731846084818244,0.6419708132743835
iterative_q,9000031,320,451.0,northern_pathfinder,0,Wait,0,Wait,0,215,212,0,7,5,0,0.14771327376365662,0.01750853657722473,0.14771327376365662
iterative_q,9000031,320,451.0,northern_phoenix,0,Wait,0,Wait,0,215,212,0,7,5,0,0.14771327376365662,0.01750853657722473,0.14771327376365662
iterative_q,9000031,320,451.0,northern_pioneer,0,Wait,0,Wait,0,215,212,0,7,5,0,0.14771327376365662,0.01750853657722473,0.14771327376365662
iterative_q,9000031,321,452.0,northern_pathfinder,0,Wait,0,Wait,0,215,212,0,7,5,0,0.22043266892433167,0.017584389075636864,0.22043266892433167
iterative_q,9000031,321,452.0,northern_phoenix,0,Wait,0,Wait,0,215,212,0,7,5,0,0.22043266892433167,0.017584389075636864,0.22043266892433167
iterative_q,9000031,321,452.0,northern_pioneer,0,Wait,0,Wait,0,215,212,0,7,5,0,0.22043266892433167,0.017584389075636864,0.22043266892433167
iterative_q,9000031,322,453.0,northern_pathfinder,0,Wait,0,Wait,0,215,212,0,7,5,0,0.3540499806404114,0.017275093123316765,0.3540499806404114
iterative_q,9000031,322,453.0,northern_phoenix,0,Wait,0,Wait,0,215,212,0,7,5,0,0.3540499806404114,0.017275093123316765,0.3540499806404114
iterative_q,9000031,322,453.0,northern_pioneer,0,Wait,0,Wait,0,215,212,0,7,5,0,0.3540499806404114,0.017275093123316765,0.3540499806404114
iterative_q,9000031,323,454.0,northern_pathfinder,0,Wait,0,Wait,0,215,198,0,7,5,5,0.6697510480880737,0.011748281307518482,0.6697510480880737
iterative_q,9000031,323,454.0,northern_phoenix,0,Wait,0,Wait,0,215,198,0,7,5,5,0.6697510480880737,0.011748281307518482,0.6697510480880737
iterative_q,9000031,323,454.0,northern_pioneer,1,Terminal,1,Terminal,0,215,198,0,7,5,5,0.6697510480880737,0.011748281307518482,0.6697510480880737
iterative_q,9000031,324,455.0,northern_pathfinder,0,Wait,0,Wait,0,215,215,0,7,5,0,0.0,0.0,0.0
iterative_q,9000031,324,455.0,northern_phoenix,0,Wait,0,Wait,0,215,215,0,7,5,0,0.0,0.0,0.0
iterative_q,9000031,324,455.0,northern_pioneer,0,Wait,0,Wait,0,215,215,0,7,5,0,0.0,0.0,0.0
iterative_q,9000031,325,456.0,northern_pathfinder,0,Wait,0,Wait,0,215,215,0,7,5,0,0.0,0.0,0.0
iterative_q,9000031,325,456.0,northern_phoenix,0,Wait,0,Wait,0,215,215,0,7,5,0,0.0,0.0,0.0
iterative_q,9000031,325,456.0,northern_pioneer,0,Wait,0,Wait,0,215,215,0,7,5,0,0.0,0.0,0.0
iterative_q,9000031,326,457.0,northern_pathfinder,0,Wait,0,Wait,0,215,215,0,7,5,0,0.0,0.0,0.0
iterative_q,9000031,326,457.0,northern_phoenix,0,Wait,0,Wait,0,215,215,0,7,5,0,0.0,0.0,0.0
iterative_q,9000031,326,457.0,northern_pioneer,0,Wait,0,Wait,0,215,215,0,7,5,0,0.0,0.0,0.0
iterative_q,9000031,327,458.0,northern_pathfinder,0,Wait,0,Wait,0,215,215,0,7,5,0,0.0,0.0,0.0
iterative_q,9000031,327,458.0,northern_phoenix,0,Wait,0,Wait,0,215,215,0,7,5,0,0.0,0.0,0.0
iterative_q,9000031,327,458.0,northern_pioneer,0,Wait,0,Wait,0,215,215,0,7,5,0,0.0,0.0,0.0
iterative_q,9000031,328,459.0,northern_pathfinder,0,Wait,0,Wait,0,215,215,0,7,5,0,0.0,0.0,0.0
iterative_q,9000031,328,459.0,northern_phoenix,0,Wait,0,Wait,0,215,215,0,7,5,0,0.0,0.0,0.0
iterative_q,9000031,328,459.0,northern_pioneer,0,Wait,0,Wait,0,215,215,0,7,5,0,0.0,0.0,0.0
iterative_q,9000031,329,460.0,northern_pathfinder,0,Wait,0,Wait,0,215,215,0,7,5,0,0.0,0.0,0.0
iterative_q,9000031,329,460.0,northern_phoenix,0,Wait,0,Wait,0,215,215,0,7,5,0,0.0,0.0,0.0
iterative_q,9000031,329,460.0,northern_pioneer,0,Wait,0,Wait,0,215,215,0,7,5,0,0.0,0.0,0.0
iterative_q,9000031,330,461.0,northern_pathfinder,0,Wait,0,Wait,0,215,215,0,7,5,0,0.0,0.0,0.0
iterative_q,9000031,330,461.0,northern_phoenix,1,Terminal,1,Terminal,0,215,215,0,7,5,0,0.0,0.0,0.0
iterative_q,9000031,330,461.0,northern_pioneer,0,Wait,0,Wait,0,215,215,0,7,5,0,0.0,0.0,0.0
iterative_q,9000031,331,472.0,northern_pathfinder,0,Wait,0,Wait,0,215,215,0,7,5,0,0.0,0.0,0.0
iterative_q,9000031,331,472.0,northern_phoenix,0,Wait,0,Wait,0,215,215,0,7,5,0,0.0,0.0,0.0
iterative_q,9000031,331,472.0,northern_pioneer,0,Wait,0,Wait,0,215,215,0,7,5,0,0.0,0.0,0.0
iterative_q,9000031,332,473.0,northern_pathfinder,0,Wait,0,Wait,0,215,215,0,7,5,0,0.0,0.0,0.0
iterative_q,9000031,332,473.0,northern_phoenix,0,Wait,0,Wait,0,215,215,0,7,5,0,0.0,0.0,0.0
iterative_q,9000031,332,473.0,northern_pioneer,0,Wait,0,Wait,0,215,215,0,7,5,0,0.0,0.0,0.0
iterative_q,9000031,333,474.0,northern_pathfinder,0,Wait,0,Wait,0,215,215,0,7,5,0,0.0,0.0,0.0
iterative_q,9000031,333,474.0,northern_phoenix,0,Wait,0,Wait,0,215,215,0,7,5,0,0.0,0.0,0.0
iterative_q,9000031,333,474.0,northern_pioneer,0,Wait,0,Wait,0,215,215,0,7,5,0,0.0,0.0,0.0
iterative_q,9000031,334,475.0,northern_pathfinder,0,Wait,0,Wait,0,215,215,0,7,5,0,0.0,0.0,0.0
iterative_q,9000031,334,475.0,northern_phoenix,0,Wait,0,Wait,0,215,215,0,7,5,0,0.0,0.0,0.0
iterative_q,9000031,334,475.0,northern_pioneer,0,Wait,0,Wait,0,215,215,0,7,5,0,0.0,0.0,0.0
iterative_q,9000031,335,476.0,northern_pathfinder,0,Wait,0,Wait,0,215,215,0,7,5,0,0.0,0.0,0.0
iterative_q,9000031,335,476.0,northern_phoenix,0,Wait,0,Wait,0,215,215,0,7,5,0,0.0,0.0,0.0
iterative_q,9000031,335,476.0,northern_pioneer,0,Wait,0,Wait,0,215,215,0,7,5,0,0.0,0.0,0.0
iterative_q,9000031,336,477.0,northern_pathfinder,0,Wait,0,Wait,0,215,215,0,7,5,0,0.0,0.0,0.0
iterative_q,9000031,336,477.0,northern_phoenix,0,Wait,0,Wait,0,215,215,0,7,5,0,0.0,0.0,0.0
iterative_q,9000031,336,477.0,northern_pioneer,0,Wait,0,Wait,0,215,215,0,7,5,0,0.0,0.0,0.0
iterative_q,9000031,337,478.0,northern_pathfinder,0,Wait,0,Wait,0,215,215,0,7,5,0,0.0,0.0,0.0
iterative_q,9000031,337,478.0,northern_phoenix,0,Wait,0,Wait,0,215,215,0,7,5,0,0.0,0.0,0.0
iterative_q,9000031,337,478.0,northern_pioneer,0,Wait,0,Wait,0,215,215,0,7,5,0,0.0,0.0,0.0
iterative_q,9000031,338,479.0,northern_pathfinder,0,Wait,0,Wait,0,215,215,0,7,5,0,0.0,0.0,0.0
iterative_q,9000031,338,479.0,northern_phoenix,0,Wait,0,Wait,0,215,215,0,7,5,0,0.0,0.0,0.0
iterative_q,9000031,338,479.0,northern_pioneer,0,Wait,0,Wait,0,215,215,0,7,5,0,0.0,0.0,0.0
iterative_q,9000031,339,480.0,northern_pathfinder,0,Wait,0,Wait,0,215,215,0,7,5,0,0.0,0.0,0.0
iterative_q,9000031,339,480.0,northern_phoenix,0,Wait,0,Wait,0,215,215,0,7,5,0,0.0,0.0,0.0
iterative_q,9000031,339,480.0,northern_pioneer,0,Wait,0,Wait,0,215,215,0,7,5,0,0.0,0.0,0.0
iterative_q,9000031,340,481.0,northern_pathfinder,0,Wait,0,Wait,0,215,215,0,7,5,0,0.0,0.0,0.0
iterative_q,9000031,340,481.0,northern_phoenix,0,Wait,0,Wait,0,215,215,0,7,5,0,0.0,0.0,0.0
iterative_q,9000031,340,481.0,northern_pioneer,0,Wait,0,Wait,0,215,215,0,7,5,0,0.0,0.0,0.0
iterative_q,9000031,341,482.0,northern_pathfinder,1,Terminal,1,Terminal,0,215,35,0,7,5,0,0.04692323878407478,0.011462041176855564,0.04692323878407478
iterative_q,9000031,341,482.0,northern_phoenix,0,Wait,0,Wait,0,215,35,0,7,5,0,0.04692323878407478,0.011462041176855564,0.04692323878407478
iterative_q,9000031,341,482.0,northern_pioneer,0,Wait,0,Wait,0,215,35,0,7,5,0,0.04692323878407478,0.011462041176855564,0.04692323878407478
iterative_q,9000031,342,501.0,northern_pathfinder,0,Wait,0,Wait,0,212,212,1,8,5,5,0.537514328956604,0.019626015797257423,0.537514328956604
iterative_q,9000031,342,501.0,northern_phoenix,0,Wait,0,Wait,0,212,212,1,8,5,5,0.537514328956604,0.019626015797257423,0.537514328956604
iterative_q,9000031,342,501.0,northern_pioneer,4,Yara Sluiskil,2,Brevik,1,212,212,1,8,5,5,0.537514328956604,0.019626015797257423,0.537514328956604
iterative_q,9000031,343,526.0,northern_pathfinder,0,Wait,0,Wait,0,215,203,0,8,5,5,0.6727613806724548,0.014089693315327168,0.6727613806724548
iterative_q,9000031,343,526.0,northern_phoenix,4,Yara Sluiskil,4,Yara Sluiskil,0,215,203,0,8,5,5,0.6727613806724548,0.014089693315327168,0.6727613806724548
iterative_q,9000031,343,526.0,northern_pioneer,0,Wait,0,Wait,0,215,203,0,8,5,5,0.6727613806724548,0.014089693315327168,0.6727613806724548
iterative_q,9000031,344,531.0,northern_pathfinder,0,Wait,0,Wait,0,215,213,0,8,5,5,0.4491511285305023,0.011871790513396263,0.4491511285305023
iterative_q,9000031,344,531.0,northern_phoenix,0,Wait,0,Wait,0,215,213,0,8,5,5,0.4491511285305023,0.011871790513396263,0.4491511285305023
iterative_q,9000031,344,531.0,northern_pioneer,0,Wait,0,Wait,0,215,213,0,8,5,5,0.4491511285305023,0.011871790513396263,0.4491511285305023
iterative_q,9000031,345,532.0,northern_pathfinder,0,Wait,0,Wait,0,215,213,0,8,5,5,0.5103277564048767,0.011985895223915577,0.5103277564048767
iterative_q,9000031,345,532.0,northern_phoenix,0,Wait,0,Wait,0,215,213,0,8,5,5,0.5103277564048767,0.011985895223915577,0.5103277564048767
iterative_q,9000031,345,532.0,northern_pioneer,0,Wait,0,Wait,0,215,213,0,8,5,5,0.5103277564048767,0.011985895223915577,0.5103277564048767
iterative_q,9000031,346,533.0,northern_pathfinder,0,Wait,0,Wait,0,215,213,0,8,5,5,0.4705154299736023,0.011690220795571804,0.4705154299736023
iterative_q,9000031,346,533.0,northern_phoenix,0,Wait,0,Wait,0,215,213,0,8,5,5,0.4705154299736023,0.011690220795571804,0.4705154299736023
iterative_q,9000031,346,533.0,northern_pioneer,0,Wait,0,Wait,0,215,213,0,8,5,5,0.4705154299736023,0.011690220795571804,0.4705154299736023
iterative_q,9000031,347,534.0,northern_pathfinder,0,Wait,0,Wait,0,215,213,0,8,5,5,0.5173071026802063,0.012097901664674282,0.5173071026802063
iterative_q,9000031,347,534.0,northern_phoenix,0,Wait,0,Wait,0,215,213,0,8,5,5,0.5173071026802063,0.012097901664674282,0.5173071026802063
iterative_q,9000031,347,534.0,northern_pioneer,0,Wait,0,Wait,0,215,213,0,8,5,5,0.5173071026802063,0.012097901664674282,0.5173071026802063
iterative_q,9000031,348,535.0,northern_pathfinder,0,Wait,0,Wait,0,215,213,0,8,5,5,0.5179468989372253,0.012203524820506573,0.5179468989372253
iterative_q,9000031,348,535.0,northern_phoenix,0,Wait,0,Wait,0,215,213,0,8,5,5,0.5179468989372253,0.012203524820506573,0.5179468989372253
iterative_q,9000031,348,535.0,northern_pioneer,0,Wait,0,Wait,0,215,213,0,8,5,5,0.5179468989372253,0.012203524820506573,0.5179468989372253
iterative_q,9000031,349,536.0,northern_pathfinder,0,Wait,0,Wait,0,215,213,0,8,5,5,0.4710666537284851,0.0121229887008667,0.4710666537284851
iterative_q,9000031,349,536.0,northern_phoenix,0,Wait,0,Wait,0,215,213,0,8,5,5,0.4710666537284851,0.0121229887008667,0.4710666537284851
iterative_q,9000031,349,536.0,northern_pioneer,0,Wait,0,Wait,0,215,213,0,8,5,5,0.4710666537284851,0.0121229887008667,0.4710666537284851
iterative_q,9000031,350,537.0,northern_pathfinder,0,Wait,0,Wait,0,215,213,0,8,5,5,0.8516168594360352,0.010769546031951904,0.8516168594360352
iterative_q,9000031,350,537.0,northern_phoenix,0,Wait,0,Wait,0,215,213,0,8,5,5,0.8516168594360352,0.010769546031951904,0.8516168594360352
iterative_q,9000031,350,537.0,northern_pioneer,0,Wait,0,Wait,0,215,213,0,8,5,5,0.8516168594360352,0.010769546031951904,0.8516168594360352
iterative_q,9000031,351,538.0,northern_pathfinder,0,Wait,0,Wait,0,215,213,0,8,5,5,0.8867784738540649,0.011391006410121918,0.8867784738540649
iterative_q,9000031,351,538.0,northern_phoenix,0,Wait,0,Wait,0,215,213,0,8,5,5,0.8867784738540649,0.011391006410121918,0.8867784738540649
iterative_q,9000031,351,538.0,northern_pioneer,0,Wait,0,Wait,0,215,213,0,8,5,5,0.8867784738540649,0.011391006410121918,0.8867784738540649
iterative_q,9000031,352,539.0,northern_pathfinder,0,Wait,0,Wait,0,215,213,0,8,5,5,0.8302450180053711,0.010593430139124393,0.8302450180053711
iterative_q,9000031,352,539.0,northern_phoenix,0,Wait,0,Wait,0,215,213,0,8,5,5,0.8302450180053711,0.010593430139124393,0.8302450180053711
iterative_q,9000031,352,539.0,northern_pioneer,0,Wait,0,Wait,0,215,213,0,8,5,5,0.8302450180053711,0.010593430139124393,0.8302450180053711
iterative_q,9000031,353,540.0,northern_pathfinder,0,Wait,0,Wait,0,213,213,1,9,5,5,0.9812053442001343,0.012195969931781292,0.9812053442001343
iterative_q,9000031,353,540.0,northern_phoenix,0,Wait,0,Wait,0,213,213,1,9,5,5,0.9812053442001343,0.012195969931781292,0.9812053442001343
iterative_q,9000031,353,540.0,northern_pioneer,0,Wait,3,Celsio,1,213,213,1,9,5,5,0.9812053442001343,0.012195969931781292,0.9812053442001343
iterative_q,9000031,354,546.0,northern_pathfinder,4,Yara Sluiskil,4,Yara Sluiskil,0,215,143,0,9,4,0,0.2707970440387726,0.01648673415184021,0.2707970440387726
iterative_q,9000031,354,546.0,northern_phoenix,0,Wait,0,Wait,0,215,143,0,9,4,0,0.2707970440387726,0.01648673415184021,0.2707970440387726
iterative_q,9000031,354,546.0,northern_pioneer,0,Wait,0,Wait,0,215,143,0,9,4,0,0.2707970440387726,0.01648673415184021,0.2707970440387726
iterative_q,9000031,355,547.0,northern_pathfinder,0,Wait,0,Wait,0,215,212,0,9,5,5,0.47019752860069275,0.02214936912059784,0.47019752860069275
iterative_q,9000031,355,547.0,northern_phoenix,0,Wait,0,Wait,0,215,212,0,9,5,5,0.47019752860069275,0.02214936912059784,0.47019752860069275
iterative_q,9000031,355,547.0,northern_pioneer,0,Wait,0,Wait,0,215,212,0,9,5,5,0.47019752860069275,0.02214936912059784,0.47019752860069275
iterative_q,9000031,356,548.0,northern_pathfinder,0,Wait,0,Wait,0,215,212,0,9,5,5,0.44729214906692505,0.021784085780382156,0.44729214906692505
iterative_q,9000031,356,548.0,northern_phoenix,0,Wait,0,Wait,0,215,212,0,9,5,5,0.44729214906692505,0.021784085780382156,0.44729214906692505
iterative_q,9000031,356,548.0,northern_pioneer,0,Wait,0,Wait,0,215,212,0,9,5,5,0.44729214906692505,0.021784085780382156,0.44729214906692505
iterative_q,9000031,357,549.0,northern_pathfinder,0,Wait,0,Wait,0,215,212,0,9,5,4,0.405942440032959,0.021017281338572502,0.405942440032959
iterative_q,9000031,357,549.0,northern_phoenix,0,Wait,0,Wait,0,215,212,0,9,5,4,0.405942440032959,0.021017281338572502,0.405942440032959
iterative_q,9000031,357,549.0,northern_pioneer,0,Wait,0,Wait,0,215,212,0,9,5,4,0.405942440032959,0.021017281338572502,0.405942440032959
iterative_q,9000031,358,550.0,northern_pathfinder,0,Wait,0,Wait,0,215,212,0,9,5,3,0.39368441700935364,0.020609067752957344,0.39368441700935364
iterative_q,9000031,358,550.0,northern_phoenix,0,Wait,0,Wait,0,215,212,0,9,5,3,0.39368441700935364,0.020609067752957344,0.39368441700935364
iterative_q,9000031,358,550.0,northern_pioneer,0,Wait,0,Wait,0,215,212,0,9,5,3,0.39368441700935364,0.020609067752957344,0.39368441700935364
iterative_q,9000031,359,551.0,northern_pathfinder,0,Wait,0,Wait,0,215,210,0,9,5,0,0.2637633979320526,0.016941286623477936,0.2637633979320526
iterative_q,9000031,359,551.0,northern_phoenix,0,Wait,0,Wait,0,215,210,0,9,5,0,0.2637633979320526,0.016941286623477936,0.2637633979320526
iterative_q,9000031,359,551.0,northern_pioneer,1,Terminal,1,Terminal,0,215,210,0,9,5,0,0.2637633979320526,0.016941286623477936,0.2637633979320526
iterative_q,9000031,360,570.0,northern_pathfinder,0,Wait,0,Wait,0,215,215,0,9,5,0,0.0,0.0,0.0
iterative_q,9000031,360,570.0,northern_phoenix,0,Wait,0,Wait,0,215,215,0,9,5,0,0.0,0.0,0.0
iterative_q,9000031,360,570.0,northern_pioneer,0,Wait,0,Wait,0,215,215,0,9,5,0,0.0,0.0,0.0
iterative_q,9000031,361,571.0,northern_pathfinder,0,Wait,0,Wait,0,215,215,0,9,5,0,0.0,0.0,0.0
iterative_q,9000031,361,571.0,northern_phoenix,0,Wait,0,Wait,0,215,215,0,9,5,0,0.0,0.0,0.0
iterative_q,9000031,361,571.0,northern_pioneer,0,Wait,0,Wait,0,215,215,0,9,5,0,0.0,0.0,0.0
iterative_q,9000031,362,572.0,northern_pathfinder,0,Wait,0,Wait,0,215,215,0,9,5,0,0.0,0.0,0.0
iterative_q,9000031,362,572.0,northern_phoenix,0,Wait,0,Wait,0,215,215,0,9,5,0,0.0,0.0,0.0
iterative_q,9000031,362,572.0,northern_pioneer,0,Wait,0,Wait,0,215,215,0,9,5,0,0.0,0.0,0.0
iterative_q,9000031,363,573.0,northern_pathfinder,0,Wait,0,Wait,0,215,215,0,9,5,0,0.0,0.0,0.0
iterative_q,9000031,363,573.0,northern_phoenix,0,Wait,0,Wait,0,215,215,0,9,5,0,0.0,0.0,0.0
iterative_q,9000031,363,573.0,northern_pioneer,0,Wait,0,Wait,0,215,215,0,9,5,0,0.0,0.0,0.0
iterative_q,9000031,364,574.0,northern_pathfinder,0,Wait,0,Wait,0,215,215,0,9,5,0,0.0,0.0,0.0
iterative_q,9000031,364,574.0,northern_phoenix,0,Wait,0,Wait,0,215,215,0,9,5,0,0.0,0.0,0.0
iterative_q,9000031,364,574.0,northern_pioneer,0,Wait,0,Wait,0,215,215,0,9,5,0,0.0,0.0,0.0
iterative_q,9000031,365,575.0,northern_pathfinder,0,Wait,0,Wait,0,215,215,0,9,5,0,0.0,0.0,0.0
iterative_q,9000031,365,575.0,northern_phoenix,0,Wait,0,Wait,0,215,215,0,9,5,0,0.0,0.0,0.0
iterative_q,9000031,365,575.0,northern_pioneer,0,Wait,0,Wait,0,215,215,0,9,5,0,0.0,0.0,0.0
iterative_q,9000031,366,576.0,northern_pathfinder,0,Wait,0,Wait,0,215,215,0,9,5,0,0.0,0.0,0.0
iterative_q,9000031,366,576.0,northern_phoenix,0,Wait,0,Wait,0,215,215,0,9,5,0,0.0,0.0,0.0
iterative_q,9000031,366,576.0,northern_pioneer,0,Wait,0,Wait,0,215,215,0,9,5,0,0.0,0.0,0.0
iterative_q,9000031,367,577.0,northern_pathfinder,0,Wait,0,Wait,0,215,215,0,9,5,0,0.0,0.0,0.0
iterative_q,9000031,367,577.0,northern_phoenix,0,Wait,0,Wait,0,215,215,0,9,5,0,0.0,0.0,0.0
iterative_q,9000031,367,577.0,northern_pioneer,0,Wait,0,Wait,0,215,215,0,9,5,0,0.0,0.0,0.0
iterative_q,9000031,368,578.0,northern_pathfinder,0,Wait,0,Wait,0,215,215,0,9,5,0,0.0,0.0,0.0
iterative_q,9000031,368,578.0,northern_phoenix,0,Wait,0,Wait,0,215,215,0,9,5,0,0.0,0.0,0.0
iterative_q,9000031,368,578.0,northern_pioneer,0,Wait,0,Wait,0,215,215,0,9,5,0,0.0,0.0,0.0
iterative_q,9000031,369,579.0,northern_pathfinder,0,Wait,0,Wait,0,215,215,0,9,5,0,0.0,0.0,0.0
iterative_q,9000031,369,579.0,northern_phoenix,0,Wait,0,Wait,0,215,215,0,9,5,0,0.0,0.0,0.0
iterative_q,9000031,369,579.0,northern_pioneer,0,Wait,0,Wait,0,215,215,0,9,5,0,0.0,0.0,0.0
iterative_q,9000031,370,580.0,northern_pathfinder,0,Wait,0,Wait,0,215,215,0,9,5,0,0.0,0.0,0.0
iterative_q,9000031,370,580.0,northern_phoenix,1,Terminal,1,Terminal,0,215,215,0,9,5,0,0.0,0.0,0.0
iterative_q,9000031,370,580.0,northern_pioneer,0,Wait,0,Wait,0,215,215,0,9,5,0,0.0,0.0,0.0
iterative_q,9000031,371,592.0,northern_pathfinder,0,Wait,0,Wait,0,215,215,0,10,4,0,0.0,0.0,0.0
iterative_q,9000031,371,592.0,northern_phoenix,0,Wait,0,Wait,0,215,215,0,10,4,0,0.0,0.0,0.0
iterative_q,9000031,371,592.0,northern_pioneer,0,Wait,0,Wait,0,215,215,0,10,4,0,0.0,0.0,0.0
iterative_q,9000031,372,593.0,northern_pathfinder,0,Wait,0,Wait,0,215,143,0,10,5,0,0.03154570981860161,0.015006006695330143,0.03154570981860161
iterative_q,9000031,372,593.0,northern_phoenix,0,Wait,0,Wait,0,215,143,0,10,5,0,0.03154570981860161,0.015006006695330143,0.03154570981860161
iterative_q,9000031,372,593.0,northern_pioneer,0,Wait,0,Wait,0,215,143,0,10,5,0,0.03154570981860161,0.015006006695330143,0.03154570981860161
iterative_q,9000031,373,594.0,northern_pathfinder,0,Wait,3,Celsio,1,138,138,1,10,5,5,0.5427547693252563,0.011108608916401863,0.5427547693252563
iterative_q,9000031,373,594.0,northern_phoenix,0,Wait,0,Wait,0,138,138,1,10,5,5,0.5427547693252563,0.011108608916401863,0.5427547693252563
iterative_q,9000031,373,594.0,northern_pioneer,3,Celsio,0,Wait,1,138,138,1,10,5,5,0.5427547693252563,0.011108608916401863,0.5427547693252563
iterative_q,9000031,374,595.0,northern_pathfinder,0,Wait,0,Wait,0,215,212,0,10,5,0,0.3450770080089569,0.017003890126943588,0.3450770080089569
iterative_q,9000031,374,595.0,northern_phoenix,0,Wait,0,Wait,0,215,212,0,10,5,0,0.3450770080089569,0.017003890126943588,0.3450770080089569
iterative_q,9000031,374,595.0,northern_pioneer,3,Celsio,3,Celsio,0,215,212,0,10,5,0,0.3450770080089569,0.017003890126943588,0.3450770080089569
iterative_q,9000031,375,630.0,northern_pathfinder,0,Wait,0,Wait,0,215,212,0,10,5,5,0.46527591347694397,0.01599239371716976,0.46527591347694397
iterative_q,9000031,375,630.0,northern_phoenix,0,Wait,0,Wait,0,215,212,0,10,5,5,0.46527591347694397,0.01599239371716976,0.46527591347694397
iterative_q,9000031,375,630.0,northern_pioneer,0,Wait,0,Wait,0,215,212,0,10,5,5,0.46527591347694397,0.01599239371716976,0.46527591347694397
iterative_q,9000031,376,631.0,northern_pathfinder,0,Wait,0,Wait,0,215,212,0,10,5,5,0.5305818319320679,0.01575532741844654,0.5305818319320679
iterative_q,9000031,376,631.0,northern_phoenix,0,Wait,0,Wait,0,215,212,0,10,5,5,0.5305818319320679,0.01575532741844654,0.5305818319320679
iterative_q,9000031,376,631.0,northern_pioneer,0,Wait,0,Wait,0,215,212,0,10,5,5,0.5305818319320679,0.01575532741844654,0.5305818319320679
iterative_q,9000031,377,632.0,northern_pathfinder,0,Wait,0,Wait,0,215,212,0,10,5,5,0.5638266801834106,0.015931930392980576,0.5638266801834106
iterative_q,9000031,377,632.0,northern_phoenix,0,Wait,0,Wait,0,215,212,0,10,5,5,0.5638266801834106,0.015931930392980576,0.5638266801834106
iterative_q,9000031,377,632.0,northern_pioneer,0,Wait,0,Wait,0,215,212,0,10,5,5,0.5638266801834106,0.015931930392980576,0.5638266801834106
iterative_q,9000031,378,633.0,northern_pathfinder,0,Wait,0,Wait,0,215,212,0,10,5,5,0.480269193649292,0.015975872054696083,0.480269193649292
iterative_q,9000031,378,633.0,northern_phoenix,0,Wait,0,Wait,0,215,212,0,10,5,5,0.480269193649292,0.015975872054696083,0.480269193649292
iterative_q,9000031,378,633.0,northern_pioneer,0,Wait,0,Wait,0,215,212,0,10,5,5,0.480269193649292,0.015975872054696083,0.480269193649292
iterative_q,9000031,379,634.0,northern_pathfinder,0,Wait,0,Wait,0,215,212,0,10,5,5,0.5824319124221802,0.01563756912946701,0.5824319124221802
iterative_q,9000031,379,634.0,northern_phoenix,0,Wait,0,Wait,0,215,212,0,10,5,5,0.5824319124221802,0.01563756912946701,0.5824319124221802
iterative_q,9000031,379,634.0,northern_pioneer,0,Wait,0,Wait,0,215,212,0,10,5,5,0.5824319124221802,0.01563756912946701,0.5824319124221802
iterative_q,9000031,380,635.0,northern_pathfinder,0,Wait,0,Wait,0,215,212,0,10,5,5,0.5114632844924927,0.0149845564737916,0.5114632844924927
iterative_q,9000031,380,635.0,northern_phoenix,0,Wait,0,Wait,0,215,212,0,10,5,5,0.5114632844924927,0.0149845564737916,0.5114632844924927
iterative_q,9000031,380,635.0,northern_pioneer,0,Wait,0,Wait,0,215,212,0,10,5,5,0.5114632844924927,0.0149845564737916,0.5114632844924927
iterative_q,9000031,381,636.0,northern_pathfinder,0,Wait,0,Wait,0,182,182,1,11,5,5,0.6423918604850769,0.01911316066980362,0.6423918604850769
iterative_q,9000031,381,636.0,northern_phoenix,4,Yara Sluiskil,0,Wait,1,182,182,1,11,5,5,0.6423918604850769,0.01911316066980362,0.6423918604850769
iterative_q,9000031,381,636.0,northern_pioneer,0,Wait,2,Brevik,1,182,182,1,11,5,5,0.6423918604850769,0.01911316066980362,0.6423918604850769
iterative_q,9000031,382,637.0,northern_pathfinder,0,Wait,0,Wait,0,215,197,0,11,5,0,0.2364293783903122,0.008515522815287113,0.2364293783903122
iterative_q,9000031,382,637.0,northern_phoenix,4,Yara Sluiskil,4,Yara Sluiskil,0,215,197,0,11,5,0,0.2364293783903122,0.008515522815287113,0.2364293783903122
iterative_q,9000031,382,637.0,northern_pioneer,0,Wait,0,Wait,0,215,197,0,11,5,0,0.2364293783903122,0.008515522815287113,0.2364293783903122
iterative_q,9000031,383,639.0,northern_pathfinder,0,Wait,0,Wait,0,215,215,0,11,5,0,0.0,0.0,0.0
iterative_q,9000031,383,639.0,northern_phoenix,0,Wait,0,Wait,0,215,215,0,11,5,0,0.0,0.0,0.0
iterative_q,9000031,383,639.0,northern_pioneer,0,Wait,0,Wait,0,215,215,0,11,5,0,0.0,0.0,0.0
iterative_q,9000031,384,640.0,northern_pathfinder,0,Wait,0,Wait,0,215,215,0,11,5,0,0.0,0.0,0.0
iterative_q,9000031,384,640.0,northern_phoenix,0,Wait,0,Wait,0,215,215,0,11,5,0,0.0,0.0,0.0
iterative_q,9000031,384,640.0,northern_pioneer,0,Wait,0,Wait,0,215,215,0,11,5,0,0.0,0.0,0.0
iterative_q,9000031,385,641.0,northern_pathfinder,0,Wait,0,Wait,0,215,107,0,11,5,0,0.1769605576992035,0.025714876130223274,0.1769605576992035
iterative_q,9000031,385,641.0,northern_phoenix,0,Wait,0,Wait,0,215,107,0,11,5,0,0.1769605576992035,0.025714876130223274,0.1769605576992035
iterative_q,9000031,385,641.0,northern_pioneer,0,Wait,0,Wait,0,215,107,0,11,5,0,0.1769605576992035,0.025714876130223274,0.1769605576992035
iterative_q,9000031,386,642.0,northern_pathfinder,0,Wait,0,Wait,0,215,107,0,11,5,0,0.10074107348918915,0.02429051324725151,0.10074107348918915
iterative_q,9000031,386,642.0,northern_phoenix,0,Wait,0,Wait,0,215,107,0,11,5,0,0.10074107348918915,0.02429051324725151,0.10074107348918915
iterative_q,9000031,386,642.0,northern_pioneer,0,Wait,0,Wait,0,215,107,0,11,5,0,0.10074107348918915,0.02429051324725151,0.10074107348918915
iterative_q,9000031,387,643.0,northern_pathfinder,0,Wait,0,Wait,0,215,107,0,11,3,5,0.47563105821609497,0.020689725875854492,0.47563105821609497
iterative_q,9000031,387,643.0,northern_phoenix,0,Wait,0,Wait,0,215,107,0,11,3,5,0.47563105821609497,0.020689725875854492,0.47563105821609497
iterative_q,9000031,387,643.0,northern_pioneer,0,Wait,0,Wait,0,215,107,0,11,3,5,0.47563105821609497,0.020689725875854492,0.47563105821609497
iterative_q,9000031,388,644.0,northern_pathfinder,0,Wait,0,Wait,0,215,105,0,11,5,4,0.40694761276245117,0.019485650584101677,0.40694761276245117
iterative_q,9000031,388,644.0,northern_phoenix,0,Wait,0,Wait,0,215,105,0,11,5,4,0.40694761276245117,0.019485650584101677,0.40694761276245117
iterative_q,9000031,388,644.0,northern_pioneer,0,Wait,0,Wait,0,215,105,0,11,5,4,0.40694761276245117,0.019485650584101677,0.40694761276245117
iterative_q,9000031,389,645.0,northern_pathfinder,0,Wait,0,Wait,0,215,107,0,11,5,0,0.2679504156112671,0.019338473677635193,0.2679504156112671
iterative_q,9000031,389,645.0,northern_phoenix,0,Wait,0,Wait,0,215,107,0,11,5,0,0.2679504156112671,0.019338473677635193,0.2679504156112671
iterative_q,9000031,389,645.0,northern_pioneer,0,Wait,0,Wait,0,215,107,0,11,5,0,0.2679504156112671,0.019338473677635193,0.2679504156112671
iterative_q,9000031,390,646.0,northern_pathfinder,0,Wait,0,Wait,0,215,105,0,11,5,0,0.2538950443267822,0.02096301130950451,0.2538950443267822
iterative_q,9000031,390,646.0,northern_phoenix,0,Wait,0,Wait,0,215,105,0,11,5,0,0.2538950443267822,0.02096301130950451,0.2538950443267822
iterative_q,9000031,390,646.0,northern_pioneer,0,Wait,0,Wait,0,215,105,0,11,5,0,0.2538950443267822,0.02096301130950451,0.2538950443267822
iterative_q,9000031,391,647.0,northern_pathfinder,0,Wait,0,Wait,0,215,210,0,11,3,0,0.20638123154640198,0.014766630716621876,0.20638123154640198
iterative_q,9000031,391,647.0,northern_phoenix,0,Wait,0,Wait,0,215,210,0,11,3,0,0.20638123154640198,0.014766630716621876,0.20638123154640198
iterative_q,9000031,391,647.0,northern_pioneer,1,Terminal,1,Terminal,0,215,210,0,11,3,0,0.20638123154640198,0.014766630716621876,0.20638123154640198
iterative_q,9000031,392,648.0,northern_pathfinder,0,Wait,0,Wait,0,215,107,0,11,5,0,0.1134801059961319,0.018888384103775024,0.1134801059961319
iterative_q,9000031,392,648.0,northern_phoenix,0,Wait,0,Wait,0,215,107,0,11,5,0,0.1134801059961319,0.018888384103775024,0.1134801059961319
iterative_q,9000031,392,648.0,northern_pioneer,0,Wait,0,Wait,0,215,107,0,11,5,0,0.1134801059961319,0.018888384103775024,0.1134801059961319
iterative_q,9000031,393,649.0,northern_pathfinder,0,Wait,0,Wait,0,215,215,0,11,4,0,0.0,0.0,0.0
iterative_q,9000031,393,649.0,northern_phoenix,0,Wait,0,Wait,0,215,215,0,11,4,0,0.0,0.0,0.0
iterative_q,9000031,393,649.0,northern_pioneer,0,Wait,0,Wait,0,215,215,0,11,4,0,0.0,0.0,0.0
iterative_q,9000031,394,650.0,northern_pathfinder,0,Wait,0,Wait,0,215,107,0,11,5,0,0.11335228383541107,0.019825005903840065,0.11335228383541107
iterative_q,9000031,394,650.0,northern_phoenix,0,Wait,0,Wait,0,215,107,0,11,5,0,0.11335228383541107,0.019825005903840065,0.11335228383541107
iterative_q,9000031,394,650.0,northern_pioneer,0,Wait,0,Wait,0,215,107,0,11,5,0,0.11335228383541107,0.019825005903840065,0.11335228383541107
iterative_q,9000031,395,651.0,northern_pathfinder,0,Wait,0,Wait,0,215,107,0,11,5,0,0.06279538571834564,0.018896667286753654,0.06279538571834564
iterative_q,9000031,395,651.0,northern_phoenix,0,Wait,0,Wait,0,215,107,0,11,5,0,0.06279538571834564,0.018896667286753654,0.06279538571834564
iterative_q,9000031,395,651.0,northern_pioneer,0,Wait,0,Wait,0,215,107,0,11,5,0,0.06279538571834564,0.018896667286753654,0.06279538571834564
iterative_q,9000031,396,652.0,northern_pathfinder,0,Wait,0,Wait,0,215,107,0,11,4,0,0.02894517220556736,0.01878986321389675,0.02894517220556736
iterative_q,9000031,396,652.0,northern_phoenix,0,Wait,0,Wait,0,215,107,0,11,4,0,0.02894517220556736,0.01878986321389675,0.02894517220556736
iterative_q,9000031,396,652.0,northern_pioneer,0,Wait,0,Wait,0,215,107,0,11,4,0,0.02894517220556736,0.01878986321389675,0.02894517220556736
iterative_q,9000031,397,653.0,northern_pathfinder,0,Wait,0,Wait,0,215,107,0,11,5,0,0.04314176365733147,0.019091440364718437,0.04314176365733147
iterative_q,9000031,397,653.0,northern_phoenix,0,Wait,0,Wait,0,215,107,0,11,5,0,0.04314176365733147,0.019091440364718437,0.04314176365733147
iterative_q,9000031,397,653.0,northern_pioneer,0,Wait,0,Wait,0,215,107,0,11,5,0,0.04314176365733147,0.019091440364718437,0.04314176365733147
iterative_q,9000031,398,654.0,northern_pathfinder,0,Wait,0,Wait,0,215,107,0,11,5,0,0.043058525770902634,0.018710194155573845,0.043058525770902634
iterative_q,9000031,398,654.0,northern_phoenix,0,Wait,0,Wait,0,215,107,0,11,5,0,0.043058525770902634,0.018710194155573845,0.043058525770902634
iterative_q,9000031,398,654.0,northern_pioneer,0,Wait,0,Wait,0,215,107,0,11,5,0,0.043058525770902634,0.018710194155573845,0.043058525770902634
iterative_q,9000031,399,655.0,northern_pathfinder,0,Wait,0,Wait,0,215,107,0,11,5,0,0.06970487534999847,0.0171878132969141,0.06970487534999847
iterative_q,9000031,399,655.0,northern_phoenix,0,Wait,0,Wait,0,215,107,0,11,5,0,0.06970487534999847,0.0171878132969141,0.06970487534999847
iterative_q,9000031,399,655.0,northern_pioneer,0,Wait,0,Wait,0,215,107,0,11,5,0,0.06970487534999847,0.0171878132969141,0.06970487534999847
iterative_q,9000031,400,656.0,northern_pathfinder,0,Wait,0,Wait,0,215,107,0,11,5,0,0.11328008025884628,0.01961483433842659,0.11328008025884628
iterative_q,9000031,400,656.0,northern_phoenix,0,Wait,0,Wait,0,215,107,0,11,5,0,0.11328008025884628,0.01961483433842659,0.11328008025884628
iterative_q,9000031,400,656.0,northern_pioneer,0,Wait,0,Wait,0,215,107,0,11,5,0,0.11328008025884628,0.01961483433842659,0.11328008025884628
iterative_q,9000031,401,657.0,northern_pathfinder,0,Wait,0,Wait,0,215,107,0,11,5,0,0.07916043698787689,0.017657915130257607,0.07916043698787689
iterative_q,9000031,401,657.0,northern_phoenix,0,Wait,0,Wait,0,215,107,0,11,5,0,0.07916043698787689,0.017657915130257607,0.07916043698787689
iterative_q,9000031,401,657.0,northern_pioneer,0,Wait,0,Wait,0,215,107,0,11,5,0,0.07916043698787689,0.017657915130257607,0.07916043698787689
iterative_q,9000031,402,658.0,northern_pathfinder,0,Wait,0,Wait,0,215,107,0,11,5,0,0.09307296574115753,0.018847059458494186,0.09307296574115753
iterative_q,9000031,402,658.0,northern_phoenix,0,Wait,0,Wait,0,215,107,0,11,5,0,0.09307296574115753,0.018847059458494186,0.09307296574115753
iterative_q,9000031,402,658.0,northern_pioneer,0,Wait,0,Wait,0,215,107,0,11,5,0,0.09307296574115753,0.018847059458494186,0.09307296574115753
iterative_q,9000031,403,659.0,northern_pathfinder,0,Wait,0,Wait,0,215,107,0,11,5,0,0.12857750058174133,0.019866768270730972,0.12857750058174133
iterative_q,9000031,403,659.0,northern_phoenix,0,Wait,0,Wait,0,215,107,0,11,5,0,0.12857750058174133,0.019866768270730972,0.12857750058174133
iterative_q,9000031,403,659.0,northern_pioneer,0,Wait,0,Wait,0,215,107,0,11,5,0,0.12857750058174133,0.019866768270730972,0.12857750058174133
iterative_q,9000031,404,660.0,northern_pathfinder,0,Wait,0,Wait,0,215,107,0,11,5,0,0.1569885015487671,0.018203366547822952,0.1569885015487671
iterative_q,9000031,404,660.0,northern_phoenix,0,Wait,0,Wait,0,215,107,0,11,5,0,0.1569885015487671,0.018203366547822952,0.1569885015487671
iterative_q,9000031,404,660.0,northern_pioneer,0,Wait,0,Wait,0,215,107,0,11,5,0,0.1569885015487671,0.018203366547822952,0.1569885015487671
iterative_q,9000031,405,661.0,northern_pathfinder,0,Wait,0,Wait,0,215,107,0,11,5,0,0.18437011539936066,0.01883012056350708,0.18437011539936066
iterative_q,9000031,405,661.0,northern_phoenix,0,Wait,0,Wait,0,215,107,0,11,5,0,0.18437011539936066,0.01883012056350708,0.18437011539936066
iterative_q,9000031,405,661.0,northern_pioneer,0,Wait,0,Wait,0,215,107,0,11,5,0,0.18437011539936066,0.01883012056350708,0.18437011539936066
iterative_q,9000031,406,662.0,northern_pathfinder,0,Wait,0,Wait,0,215,107,0,11,5,0,0.08402635157108307,0.019188905134797096,0.08402635157108307
iterative_q,9000031,406,662.0,northern_phoenix,0,Wait,0,Wait,0,215,107,0,11,5,0,0.08402635157108307,0.019188905134797096,0.08402635157108307
iterative_q,9000031,406,662.0,northern_pioneer,0,Wait,0,Wait,0,215,107,0,11,5,0,0.08402635157108307,0.019188905134797096,0.08402635157108307
iterative_q,9000031,407,663.0,northern_pathfinder,0,Wait,0,Wait,0,215,107,0,11,5,0,0.08089487254619598,0.018374472856521606,0.08089487254619598
iterative_q,9000031,407,663.0,northern_phoenix,0,Wait,0,Wait,0,215,107,0,11,5,0,0.08089487254619598,0.018374472856521606,0.08089487254619598
iterative_q,9000031,407,663.0,northern_pioneer,0,Wait,0,Wait,0,215,107,0,11,5,0,0.08089487254619598,0.018374472856521606,0.08089487254619598
iterative_q,9000031,408,664.0,northern_pathfinder,0,Wait,0,Wait,0,215,107,0,11,5,0,0.0781099945306778,0.018632695078849792,0.0781099945306778
iterative_q,9000031,408,664.0,northern_phoenix,0,Wait,0,Wait,0,215,107,0,11,5,0,0.0781099945306778,0.018632695078849792,0.0781099945306778
iterative_q,9000031,408,664.0,northern_pioneer,0,Wait,0,Wait,0,215,107,0,11,5,0,0.0781099945306778,0.018632695078849792,0.0781099945306778
iterative_q,9000031,409,665.0,northern_pathfinder,0,Wait,0,Wait,0,215,107,0,11,5,0,0.053595948964357376,0.019059982150793076,0.053595948964357376
iterative_q,9000031,409,665.0,northern_phoenix,0,Wait,0,Wait,0,215,107,0,11,5,0,0.053595948964357376,0.019059982150793076,0.053595948964357376
iterative_q,9000031,409,665.0,northern_pioneer,0,Wait,0,Wait,0,215,107,0,11,5,0,0.053595948964357376,0.019059982150793076,0.053595948964357376
iterative_q,9000031,410,666.0,northern_pathfinder,0,Wait,0,Wait,0,215,107,0,11,5,0,0.09762498736381531,0.018829897046089172,0.09762498736381531
iterative_q,9000031,410,666.0,northern_phoenix,0,Wait,0,Wait,0,215,107,0,11,5,0,0.09762498736381531,0.018829897046089172,0.09762498736381531
iterative_q,9000031,410,666.0,northern_pioneer,0,Wait,0,Wait,0,215,107,0,11,5,0,0.09762498736381531,0.018829897046089172,0.09762498736381531
iterative_q,9000031,411,667.0,northern_pathfinder,0,Wait,0,Wait,0,215,107,0,11,5,0,0.06283675134181976,0.019517336040735245,0.06283675134181976
iterative_q,9000031,411,667.0,northern_phoenix,0,Wait,0,Wait,0,215,107,0,11,5,0,0.06283675134181976,0.019517336040735245,0.06283675134181976
iterative_q,9000031,411,667.0,northern_pioneer,0,Wait,0,Wait,0,215,107,0,11,5,0,0.06283675134181976,0.019517336040735245,0.06283675134181976
iterative_q,9000031,412,668.0,northern_pathfinder,0,Wait,0,Wait,0,215,107,0,11,5,0,0.06278461962938309,0.01952180452644825,0.06278461962938309
iterative_q,9000031,412,668.0,northern_phoenix,0,Wait,0,Wait,0,215,107,0,11,5,0,0.06278461962938309,0.01952180452644825,0.06278461962938309
iterative_q,9000031,412,668.0,northern_pioneer,0,Wait,0,Wait,0,215,107,0,11,5,0,0.06278461962938309,0.01952180452644825,0.06278461962938309
iterative_q,9000031,413,669.0,northern_pathfinder,0,Wait,0,Wait,0,215,107,0,11,5,0,0.08752913773059845,0.018805498257279396,0.08752913773059845
iterative_q,9000031,413,669.0,northern_phoenix,0,Wait,0,Wait,0,215,107,0,11,5,0,0.08752913773059845,0.018805498257279396,0.08752913773059845
iterative_q,9000031,413,669.0,northern_pioneer,0,Wait,0,Wait,0,215,107,0,11,5,0,0.08752913773059845,0.018805498257279396,0.08752913773059845
iterative_q,9000031,414,670.0,northern_pathfinder,0,Wait,0,Wait,0,215,107,0,11,5,0,0.05938149243593216,0.01835256814956665,0.05938149243593216
iterative_q,9000031,414,670.0,northern_phoenix,0,Wait,0,Wait,0,215,107,0,11,5,0,0.05938149243593216,0.01835256814956665,0.05938149243593216
iterative_q,9000031,414,670.0,northern_pioneer,0,Wait,0,Wait,0,215,107,0,11,5,0,0.05938149243593216,0.01835256814956665,0.05938149243593216
iterative_q,9000031,415,671.0,northern_pathfinder,0,Wait,0,Wait,0,215,107,0,11,5,0,0.04259827733039856,0.01882808655500412,0.04259827733039856
iterative_q,9000031,415,671.0,northern_phoenix,0,Wait,0,Wait,0,215,107,0,11,5,0,0.04259827733039856,0.01882808655500412,0.04259827733039856
iterative_q,9000031,415,671.0,northern_pioneer,0,Wait,0,Wait,0,215,107,0,11,5,0,0.04259827733039856,0.01882808655500412,0.04259827733039856
iterative_q,9000031,416,672.0,northern_pathfinder,0,Wait,0,Wait,0,215,107,0,11,5,0,0.12032464891672134,0.018279585987329483,0.12032464891672134
iterative_q,9000031,416,672.0,northern_phoenix,0,Wait,0,Wait,0,215,107,0,11,5,0,0.12032464891672134,0.018279585987329483,0.12032464891672134
iterative_q,9000031,416,672.0,northern_pioneer,0,Wait,0,Wait,0,215,107,0,11,5,0,0.12032464891672134,0.018279585987329483,0.12032464891672134
iterative_q,9000031,417,673.0,northern_pathfinder,0,Wait,0,Wait,0,215,215,0,11,2,0,0.0,0.0,0.0
iterative_q,9000031,417,673.0,northern_phoenix,0,Wait,0,Wait,0,215,215,0,11,2,0,0.0,0.0,0.0
iterative_q,9000031,417,673.0,northern_pioneer,0,Wait,0,Wait,0,215,215,0,11,2,0,0.0,0.0,0.0
iterative_q,9000031,418,674.0,northern_pathfinder,0,Wait,0,Wait,0,215,107,0,11,5,0,0.20502635836601257,0.021206101402640343,0.20502635836601257
iterative_q,9000031,418,674.0,northern_phoenix,0,Wait,0,Wait,0,215,107,0,11,5,0,0.20502635836601257,0.021206101402640343,0.20502635836601257
iterative_q,9000031,418,674.0,northern_pioneer,0,Wait,0,Wait,0,215,107,0,11,5,0,0.20502635836601257,0.021206101402640343,0.20502635836601257
iterative_q,9000031,419,675.0,northern_pathfinder,0,Wait,0,Wait,0,215,107,0,11,5,0,0.1465771496295929,0.021103747189044952,0.1465771496295929
iterative_q,9000031,419,675.0,northern_phoenix,0,Wait,0,Wait,0,215,107,0,11,5,0,0.1465771496295929,0.021103747189044952,0.1465771496295929
iterative_q,9000031,419,675.0,northern_pioneer,0,Wait,0,Wait,0,215,107,0,11,5,0,0.1465771496295929,0.021103747189044952,0.1465771496295929
iterative_q,9000031,420,676.0,northern_pathfinder,0,Wait,0,Wait,0,215,107,0,11,5,0,0.23973970115184784,0.021710922941565514,0.23973970115184784
iterative_q,9000031,420,676.0,northern_phoenix,0,Wait,0,Wait,0,215,107,0,11,5,0,0.23973970115184784,0.021710922941565514,0.23973970115184784
iterative_q,9000031,420,676.0,northern_pioneer,0,Wait,0,Wait,0,215,107,0,11,5,0,0.23973970115184784,0.021710922941565514,0.23973970115184784
iterative_q,9000031,421,677.0,northern_pathfinder,0,Wait,0,Wait,0,215,107,0,11,5,0,0.15010592341423035,0.020940955728292465,0.15010592341423035
iterative_q,9000031,421,677.0,northern_phoenix,0,Wait,0,Wait,0,215,107,0,11,5,0,0.15010592341423035,0.020940955728292465,0.15010592341423035
iterative_q,9000031,421,677.0,northern_pioneer,0,Wait,0,Wait,0,215,107,0,11,5,0,0.15010592341423035,0.020940955728292465,0.15010592341423035
iterative_q,9000031,422,678.0,northern_pathfinder,0,Wait,0,Wait,0,215,107,0,11,5,0,0.19030465185642242,0.021079255267977715,0.19030465185642242
iterative_q,9000031,422,678.0,northern_phoenix,0,Wait,0,Wait,0,215,107,0,11,5,0,0.19030465185642242,0.021079255267977715,0.19030465185642242
iterative_q,9000031,422,678.0,northern_pioneer,0,Wait,0,Wait,0,215,107,0,11,5,0,0.19030465185642242,0.021079255267977715,0.19030465185642242
iterative_q,9000031,423,679.0,northern_pathfinder,0,Wait,0,Wait,0,215,107,0,11,5,0,0.11214883625507355,0.02173282951116562,0.11214883625507355
iterative_q,9000031,423,679.0,northern_phoenix,0,Wait,0,Wait,0,215,107,0,11,5,0,0.11214883625507355,0.02173282951116562,0.11214883625507355
iterative_q,9000031,423,679.0,northern_pioneer,0,Wait,0,Wait,0,215,107,0,11,5,0,0.11214883625507355,0.02173282951116562,0.11214883625507355
iterative_q,9000031,424,680.0,northern_pathfinder,0,Wait,0,Wait,0,215,107,0,11,5,0,0.10173028707504272,0.02058303728699684,0.10173028707504272
iterative_q,9000031,424,680.0,northern_phoenix,0,Wait,0,Wait,0,215,107,0,11,5,0,0.10173028707504272,0.02058303728699684,0.10173028707504272
iterative_q,9000031,424,680.0,northern_pioneer,0,Wait,0,Wait,0,215,107,0,11,5,0,0.10173028707504272,0.02058303728699684,0.10173028707504272
iterative_q,9000031,425,681.0,northern_pathfinder,0,Wait,0,Wait,0,215,107,0,,5,0,0.10340775549411774,0.0202737208455801,0.10340775549411774
iterative_q,9000031,425,681.0,northern_phoenix,0,Wait,0,Wait,0,215,107,0,,5,0,0.10340775549411774,0.0202737208455801,0.10340775549411774
iterative_q,9000031,425,681.0,northern_pioneer,0,Wait,0,Wait,0,215,107,0,,5,0,0.10340775549411774,0.0202737208455801,0.10340775549411774
iterative_q,9000031,426,682.0,northern_pathfinder,0,Wait,0,Wait,0,215,107,0,,5,0,0.14391237497329712,0.02040109783411026,0.14391237497329712
iterative_q,9000031,426,682.0,northern_phoenix,0,Wait,0,Wait,0,215,107,0,,5,0,0.14391237497329712,0.02040109783411026,0.14391237497329712
iterative_q,9000031,426,682.0,northern_pioneer,0,Wait,0,Wait,0,215,107,0,,5,0,0.14391237497329712,0.02040109783411026,0.14391237497329712
iterative_q,9000031,427,683.0,northern_pathfinder,0,Wait,0,Wait,0,215,107,0,,5,0,0.1497076451778412,0.020233232527971268,0.1497076451778412
iterative_q,9000031,427,683.0,northern_phoenix,0,Wait,0,Wait,0,215,107,0,,5,0,0.1497076451778412,0.020233232527971268,0.1497076451778412
iterative_q,9000031,427,683.0,northern_pioneer,0,Wait,0,Wait,0,215,107,0,,5,0,0.1497076451778412,0.020233232527971268,0.1497076451778412
iterative_q,9000031,428,684.0,northern_pathfinder,0,Wait,0,Wait,0,215,102,0,,5,5,0.8783637881278992,0.01834118738770485,0.8783637881278992
iterative_q,9000031,428,684.0,northern_phoenix,0,Wait,0,Wait,0,215,102,0,,5,5,0.8783637881278992,0.01834118738770485,0.8783637881278992
iterative_q,9000031,428,684.0,northern_pioneer,4,Yara Sluiskil,4,Yara Sluiskil,0,215,102,0,,5,5,0.8783637881278992,0.01834118738770485,0.8783637881278992
iterative_q,9000031,429,685.0,northern_pathfinder,0,Wait,0,Wait,0,215,107,0,,5,0,0.3009997606277466,0.019817417487502098,0.3009997606277466
iterative_q,9000031,429,685.0,northern_phoenix,0,Wait,0,Wait,0,215,107,0,,5,0,0.3009997606277466,0.019817417487502098,0.3009997606277466
iterative_q,9000031,429,685.0,northern_pioneer,0,Wait,0,Wait,0,215,107,0,,5,0,0.3009997606277466,0.019817417487502098,0.3009997606277466
iterative_q,9000031,430,686.0,northern_pathfinder,0,Wait,0,Wait,0,215,107,0,,5,0,0.31880438327789307,0.019641418009996414,0.31880438327789307
iterative_q,9000031,430,686.0,northern_phoenix,0,Wait,0,Wait,0,215,107,0,,5,0,0.31880438327789307,0.019641418009996414,0.31880438327789307
iterative_q,9000031,430,686.0,northern_pioneer,0,Wait,0,Wait,0,215,107,0,,5,0,0.31880438327789307,0.019641418009996414,0.31880438327789307
iterative_q,9000031,431,687.0,northern_pathfinder,0,Wait,0,Wait,0,215,107,0,,5,0,0.3479836881160736,0.019690195098519325,0.3479836881160736
iterative_q,9000031,431,687.0,northern_phoenix,0,Wait,0,Wait,0,215,107,0,,5,0,0.3479836881160736,0.019690195098519325,0.3479836881160736
iterative_q,9000031,431,687.0,northern_pioneer,0,Wait,0,Wait,0,215,107,0,,5,0,0.3479836881160736,0.019690195098519325,0.3479836881160736
iterative_q,9000031,432,688.0,northern_pathfinder,0,Wait,0,Wait,0,215,107,0,,5,0,0.3791055679321289,0.01990070380270481,0.3791055679321289
iterative_q,9000031,432,688.0,northern_phoenix,0,Wait,0,Wait,0,215,107,0,,5,0,0.3791055679321289,0.01990070380270481,0.3791055679321289
iterative_q,9000031,432,688.0,northern_pioneer,0,Wait,0,Wait,0,215,107,0,,5,0,0.3791055679321289,0.01990070380270481,0.3791055679321289
iterative_q,9000031,433,689.0,northern_pathfinder,0,Wait,0,Wait,0,215,107,0,,5,4,0.40652385354042053,0.01892951875925064,0.40652385354042053
iterative_q,9000031,433,689.0,northern_phoenix,0,Wait,0,Wait,0,215,107,0,,5,4,0.40652385354042053,0.01892951875925064,0.40652385354042053
iterative_q,9000031,433,689.0,northern_pioneer,0,Wait,0,Wait,0,215,107,0,,5,4,0.40652385354042053,0.01892951875925064,0.40652385354042053
iterative_q,9000031,434,690.0,northern_pathfinder,0,Wait,0,Wait,0,215,107,0,,5,5,0.45500755310058594,0.019032470881938934,0.45500755310058594
iterative_q,9000031,434,690.0,northern_phoenix,0,Wait,0,Wait,0,215,107,0,,5,5,0.45500755310058594,0.019032470881938934,0.45500755310058594
iterative_q,9000031,434,690.0,northern_pioneer,0,Wait,0,Wait,0,215,107,0,,5,5,0.45500755310058594,0.019032470881938934,0.45500755310058594
iterative_q,9000031,435,691.0,northern_pathfinder,0,Wait,0,Wait,0,215,107,0,,5,5,1.0007030963897705,0.015972163528203964,1.0007030963897705
iterative_q,9000031,435,691.0,northern_phoenix,1,Terminal,1,Terminal,0,215,107,0,,5,5,1.0007030963897705,0.015972163528203964,1.0007030963897705
iterative_q,9000031,435,691.0,northern_pioneer,0,Wait,0,Wait,0,215,107,0,,5,5,1.0007030963897705,0.015972163528203964,1.0007030963897705
iterative_q,9000031,436,692.0,northern_pathfinder,0,Wait,0,Wait,0,215,107,0,,5,0,0.24265798926353455,0.017563316971063614,0.24265798926353455
iterative_q,9000031,436,692.0,northern_phoenix,0,Wait,0,Wait,0,215,107,0,,5,0,0.24265798926353455,0.017563316971063614,0.24265798926353455
iterative_q,9000031,436,692.0,northern_pioneer,0,Wait,0,Wait,0,215,107,0,,5,0,0.24265798926353455,0.017563316971063614,0.24265798926353455
iterative_q,9000031,437,693.0,northern_pathfinder,0,Wait,0,Wait,0,215,107,0,,5,0,0.25604480504989624,0.01697314716875553,0.25604480504989624
iterative_q,9000031,437,693.0,northern_phoenix,0,Wait,0,Wait,0,215,107,0,,5,0,0.25604480504989624,0.01697314716875553,0.25604480504989624
iterative_q,9000031,437,693.0,northern_pioneer,0,Wait,0,Wait,0,215,107,0,,5,0,0.25604480504989624,0.01697314716875553,0.25604480504989624
iterative_q,9000031,438,694.0,northern_pathfinder,0,Wait,0,Wait,0,215,107,0,,5,5,0.47600263357162476,0.01686956360936165,0.47600263357162476
iterative_q,9000031,438,694.0,northern_phoenix,0,Wait,0,Wait,0,215,107,0,,5,5,0.47600263357162476,0.01686956360936165,0.47600263357162476
iterative_q,9000031,438,694.0,northern_pioneer,0,Wait,0,Wait,0,215,107,0,,5,5,0.47600263357162476,0.01686956360936165,0.47600263357162476
iterative_q,9000031,439,695.0,northern_pathfinder,0,Wait,0,Wait,0,215,107,0,,5,5,0.46083229780197144,0.018041664734482765,0.46083229780197144
iterative_q,9000031,439,695.0,northern_phoenix,0,Wait,0,Wait,0,215,107,0,,5,5,0.46083229780197144,0.018041664734482765,0.46083229780197144
iterative_q,9000031,439,695.0,northern_pioneer,0,Wait,0,Wait,0,215,107,0,,5,5,0.46083229780197144,0.018041664734482765,0.46083229780197144
iterative_q,9000031,440,696.0,northern_pathfinder,0,Wait,0,Wait,0,215,107,0,,5,0,0.3264229893684387,0.018533853814005852,0.3264229893684387
iterative_q,9000031,440,696.0,northern_phoenix,0,Wait,0,Wait,0,215,107,0,,5,0,0.3264229893684387,0.018533853814005852,0.3264229893684387
iterative_q,9000031,440,696.0,northern_pioneer,0,Wait,0,Wait,0,215,107,0,,5,0,0.3264229893684387,0.018533853814005852,0.3264229893684387
iterative_q,9000031,441,697.0,northern_pathfinder,0,Wait,0,Wait,0,215,107,0,,5,0,0.36882781982421875,0.017810510471463203,0.36882781982421875
iterative_q,9000031,441,697.0,northern_phoenix,0,Wait,0,Wait,0,215,107,0,,5,0,0.36882781982421875,0.017810510471463203,0.36882781982421875
iterative_q,9000031,441,697.0,northern_pioneer,0,Wait,0,Wait,0,215,107,0,,5,0,0.36882781982421875,0.017810510471463203,0.36882781982421875
iterative_q,9000031,442,698.0,northern_pathfinder,0,Wait,0,Wait,0,215,107,0,,5,0,0.3540031313896179,0.01694646291434765,0.3540031313896179
iterative_q,9000031,442,698.0,northern_phoenix,0,Wait,0,Wait,0,215,107,0,,5,0,0.3540031313896179,0.01694646291434765,0.3540031313896179
iterative_q,9000031,442,698.0,northern_pioneer,0,Wait,0,Wait,0,215,107,0,,5,0,0.3540031313896179,0.01694646291434765,0.3540031313896179
iterative_q,9000031,443,699.0,northern_pathfinder,0,Wait,0,Wait,0,215,107,0,,5,0,0.3716147541999817,0.017340684309601784,0.3716147541999817
iterative_q,9000031,443,699.0,northern_phoenix,0,Wait,0,Wait,0,215,107,0,,5,0,0.3716147541999817,0.017340684309601784,0.3716147541999817
iterative_q,9000031,443,699.0,northern_pioneer,0,Wait,0,Wait,0,215,107,0,,5,0,0.3716147541999817,0.017340684309601784,0.3716147541999817
iterative_q,9000031,444,700.0,northern_pathfinder,0,Wait,0,Wait,0,215,107,0,,5,0,0.33984896540641785,0.017257453873753548,0.33984896540641785
iterative_q,9000031,444,700.0,northern_phoenix,0,Wait,0,Wait,0,215,107,0,,5,0,0.33984896540641785,0.017257453873753548,0.33984896540641785
iterative_q,9000031,444,700.0,northern_pioneer,0,Wait,0,Wait,0,215,107,0,,5,0,0.33984896540641785,0.017257453873753548,0.33984896540641785
iterative_q,9000031,445,701.0,northern_pathfinder,0,Wait,0,Wait,0,215,107,0,,5,0,0.3499668538570404,0.016619710251688957,0.3499668538570404
iterative_q,9000031,445,701.0,northern_phoenix,0,Wait,0,Wait,0,215,107,0,,5,0,0.3499668538570404,0.016619710251688957,0.3499668538570404
iterative_q,9000031,445,701.0,northern_pioneer,0,Wait,0,Wait,0,215,107,0,,5,0,0.3499668538570404,0.016619710251688957,0.3499668538570404
iterative_q,9000031,446,702.0,northern_pathfinder,0,Wait,0,Wait,0,215,107,0,,5,5,0.4510602056980133,0.016964394599199295,0.4510602056980133
iterative_q,9000031,446,702.0,northern_phoenix,0,Wait,0,Wait,0,215,107,0,,5,5,0.4510602056980133,0.016964394599199295,0.4510602056980133
iterative_q,9000031,446,702.0,northern_pioneer,0,Wait,0,Wait,0,215,107,0,,5,5,0.4510602056980133,0.016964394599199295,0.4510602056980133
iterative_q,9000031,447,703.0,northern_pathfinder,0,Wait,0,Wait,0,215,107,0,,5,5,0.4878067970275879,0.01847526617348194,0.4878067970275879
iterative_q,9000031,447,703.0,northern_phoenix,0,Wait,0,Wait,0,215,107,0,,5,5,0.4878067970275879,0.01847526617348194,0.4878067970275879
iterative_q,9000031,447,703.0,northern_pioneer,0,Wait,0,Wait,0,215,107,0,,5,5,0.4878067970275879,0.01847526617348194,0.4878067970275879
iterative_q,9000031,448,704.0,northern_pathfinder,0,Wait,0,Wait,0,215,107,0,,5,0,0.22780553996562958,0.016503706574440002,0.22780553996562958
iterative_q,9000031,448,704.0,northern_phoenix,0,Wait,0,Wait,0,215,107,0,,5,0,0.22780553996562958,0.016503706574440002,0.22780553996562958
iterative_q,9000031,448,704.0,northern_pioneer,0,Wait,0,Wait,0,215,107,0,,5,0,0.22780553996562958,0.016503706574440002,0.22780553996562958
iterative_q,9000031,449,705.0,northern_pathfinder,0,Wait,0,Wait,0,215,107,0,,5,5,0.6058177947998047,0.017938869073987007,0.6058177947998047
iterative_q,9000031,449,705.0,northern_phoenix,0,Wait,0,Wait,0,215,107,0,,5,5,0.6058177947998047,0.017938869073987007,0.6058177947998047
iterative_q,9000031,449,705.0,northern_pioneer,0,Wait,0,Wait,0,215,107,0,,5,5,0.6058177947998047,0.017938869073987007,0.6058177947998047
iterative_q,9000031,450,706.0,northern_pathfinder,0,Wait,0,Wait,0,215,107,0,,5,5,0.44801369309425354,0.017883069813251495,0.44801369309425354
iterative_q,9000031,450,706.0,northern_phoenix,0,Wait,0,Wait,0,215,107,0,,5,5,0.44801369309425354,0.017883069813251495,0.44801369309425354
iterative_q,9000031,450,706.0,northern_pioneer,0,Wait,0,Wait,0,215,107,0,,5,5,0.44801369309425354,0.017883069813251495,0.44801369309425354
iterative_q,9000031,451,707.0,northern_pathfinder,0,Wait,0,Wait,0,215,107,0,,5,3,0.39849716424942017,0.01901807077229023,0.39849716424942017
iterative_q,9000031,451,707.0,northern_phoenix,0,Wait,0,Wait,0,215,107,0,,5,3,0.39849716424942017,0.01901807077229023,0.39849716424942017
iterative_q,9000031,451,707.0,northern_pioneer,0,Wait,0,Wait,0,215,107,0,,5,3,0.39849716424942017,0.01901807077229023,0.39849716424942017
iterative_q,9000031,452,708.0,northern_pathfinder,0,Wait,0,Wait,0,215,107,0,,5,2,0.3911340832710266,0.018890734761953354,0.3911340832710266
iterative_q,9000031,452,708.0,northern_phoenix,0,Wait,0,Wait,0,215,107,0,,5,2,0.3911340832710266,0.018890734761953354,0.3911340832710266
iterative_q,9000031,452,708.0,northern_pioneer,0,Wait,0,Wait,0,215,107,0,,5,2,0.3911340832710266,0.018890734761953354,0.3911340832710266
iterative_q,9000031,453,709.0,northern_pathfinder,0,Wait,0,Wait,0,215,107,0,,5,5,0.5037871599197388,0.01880764216184616,0.5037871599197388
iterative_q,9000031,453,709.0,northern_phoenix,0,Wait,0,Wait,0,215,107,0,,5,5,0.5037871599197388,0.01880764216184616,0.5037871599197388
iterative_q,9000031,453,709.0,northern_pioneer,0,Wait,0,Wait,0,215,107,0,,5,5,0.5037871599197388,0.01880764216184616,0.5037871599197388
iterative_q,9000031,454,710.0,northern_pathfinder,0,Wait,0,Wait,0,215,107,0,,5,4,0.4103901982307434,0.019366927444934845,0.4103901982307434
iterative_q,9000031,454,710.0,northern_phoenix,0,Wait,0,Wait,0,215,107,0,,5,4,0.4103901982307434,0.019366927444934845,0.4103901982307434
iterative_q,9000031,454,710.0,northern_pioneer,0,Wait,0,Wait,0,215,107,0,,5,4,0.4103901982307434,0.019366927444934845,0.4103901982307434
iterative_q,9000031,455,711.0,northern_pathfinder,0,Wait,0,Wait,0,215,107,0,,5,0,0.35533466935157776,0.01881539821624756,0.35533466935157776
iterative_q,9000031,455,711.0,northern_phoenix,0,Wait,0,Wait,0,215,107,0,,5,0,0.35533466935157776,0.01881539821624756,0.35533466935157776
iterative_q,9000031,455,711.0,northern_pioneer,0,Wait,0,Wait,0,215,107,0,,5,0,0.35533466935157776,0.01881539821624756,0.35533466935157776
iterative_q,9000031,456,712.0,northern_pathfinder,0,Wait,0,Wait,0,215,107,0,,5,4,0.43184155225753784,0.019999027252197266,0.43184155225753784
iterative_q,9000031,456,712.0,northern_phoenix,0,Wait,0,Wait,0,215,107,0,,5,4,0.43184155225753784,0.019999027252197266,0.43184155225753784
iterative_q,9000031,456,712.0,northern_pioneer,0,Wait,0,Wait,0,215,107,0,,5,4,0.43184155225753784,0.019999027252197266,0.43184155225753784
iterative_q,9000031,457,713.0,northern_pathfinder,0,Wait,0,Wait,0,215,107,0,,5,5,0.45292606949806213,0.020165668800473213,0.45292606949806213
iterative_q,9000031,457,713.0,northern_phoenix,0,Wait,0,Wait,0,215,107,0,,5,5,0.45292606949806213,0.020165668800473213,0.45292606949806213
iterative_q,9000031,457,713.0,northern_pioneer,0,Wait,0,Wait,0,215,107,0,,5,5,0.45292606949806213,0.020165668800473213,0.45292606949806213
iterative_q,9000031,458,714.0,northern_pathfinder,0,Wait,0,Wait,0,215,107,0,,5,0,0.3018125891685486,0.02016589045524597,0.3018125891685486
iterative_q,9000031,458,714.0,northern_phoenix,0,Wait,0,Wait,0,215,107,0,,5,0,0.3018125891685486,0.02016589045524597,0.3018125891685486
iterative_q,9000031,458,714.0,northern_pioneer,0,Wait,0,Wait,0,215,107,0,,5,0,0.3018125891685486,0.02016589045524597,0.3018125891685486
iterative_q,9000031,459,715.0,northern_pathfinder,0,Wait,0,Wait,0,215,107,0,,5,0,0.3797414004802704,0.02017456293106079,0.3797414004802704
iterative_q,9000031,459,715.0,northern_phoenix,0,Wait,0,Wait,0,215,107,0,,5,0,0.3797414004802704,0.02017456293106079,0.3797414004802704
iterative_q,9000031,459,715.0,northern_pioneer,0,Wait,0,Wait,0,215,107,0,,5,0,0.3797414004802704,0.02017456293106079,0.3797414004802704
iterative_q,9000031,460,716.0,northern_pathfinder,0,Wait,0,Wait,0,215,107,0,,5,5,0.47050565481185913,0.01994730532169342,0.47050565481185913
iterative_q,9000031,460,716.0,northern_phoenix,0,Wait,0,Wait,0,215,107,0,,5,5,0.47050565481185913,0.01994730532169342,0.47050565481185913
iterative_q,9000031,460,716.0,northern_pioneer,0,Wait,0,Wait,0,215,107,0,,5,5,0.47050565481185913,0.01994730532169342,0.47050565481185913
iterative_q,9000031,461,717.0,northern_pathfinder,0,Wait,0,Wait,0,215,107,0,,5,0,0.38325434923171997,0.019907880574464798,0.38325434923171997
iterative_q,9000031,461,717.0,northern_phoenix,0,Wait,0,Wait,0,215,107,0,,5,0,0.38325434923171997,0.019907880574464798,0.38325434923171997
iterative_q,9000031,461,717.0,northern_pioneer,0,Wait,0,Wait,0,215,107,0,,5,0,0.38325434923171997,0.019907880574464798,0.38325434923171997
iterative_q,9000031,462,718.0,northern_pathfinder,0,Wait,0,Wait,0,215,107,0,,5,0,0.35279878973960876,0.019467668607831,0.35279878973960876
iterative_q,9000031,462,718.0,northern_phoenix,0,Wait,0,Wait,0,215,107,0,,5,0,0.35279878973960876,0.019467668607831,0.35279878973960876
iterative_q,9000031,462,718.0,northern_pioneer,0,Wait,0,Wait,0,215,107,0,,5,0,0.35279878973960876,0.019467668607831,0.35279878973960876
iterative_q,9000031,463,719.0,northern_pathfinder,0,Wait,0,Wait,0,215,107,0,,5,5,0.5911713242530823,0.020173033699393272,0.5911713242530823
iterative_q,9000031,463,719.0,northern_phoenix,0,Wait,0,Wait,0,215,107,0,,5,5,0.5911713242530823,0.020173033699393272,0.5911713242530823
iterative_q,9000031,463,719.0,northern_pioneer,0,Wait,0,Wait,0,215,107,0,,5,5,0.5911713242530823,0.020173033699393272,0.5911713242530823
