controller,test_seed,hour,cumulative_vent_t,weather_speed_factor,brevik_inventory_t,brevik_capture_availability,brevik_capture_outage,brevik_capture_high_output_factor,brevik_capture_high_output,celsio_inventory_t,celsio_capture_availability,celsio_capture_outage,celsio_capture_high_output_factor,celsio_capture_high_output,yara_sluiskil_inventory_t,yara_sluiskil_capture_availability,yara_sluiskil_capture_outage,yara_sluiskil_capture_high_output_factor,yara_sluiskil_capture_high_output,northern_pathfinder_inventory_t,northern_pathfinder_mode,northern_pathfinder_destination,northern_pathfinder_operational_state,northern_phoenix_inventory_t,northern_phoenix_mode,northern_phoenix_destination,northern_phoenix_operational_state,northern_pioneer_inventory_t,northern_pioneer_mode,northern_pioneer_destination,northern_pioneer_operational_state,oygarden_terminal_inventory_t,aurora_well_a7_ah_available,cumulative_operating_cost_eur,cumulative_vent_penalty_eur,cumulative_episode_cost_eur,cumulative_stored_t
greedy,9000031,0.0,0.0,1.0,3624.15511280919,0.8169554103394303,0,1.0,0,1222.3460051418738,1.2366416201784851,0,1.0,0,6682.150993695087,0.837667349017896,0,1.0,0,0.0,loading,celsio,loading,0.0,loading,yara_sluiskil,loading,0.0,loading,brevik,loading,1153.6807216858697,1,0.0,0.0,0.0,0.0
greedy,9000031,1.0,0.0,1.0,2854.6221438209004,0.8145516412108503,0,1.0,0,474.7229914375032,0.8539936719053446,0,1.0,0,5958.507588363021,0.747967917736079,0,1.0,0,800.0,loading,celsio,loading,800.0,loading,yara_sluiskil,loading,800.0,loading,brevik,loading,868.2925938319884,1,18958.26913242009,0.0,18958.26913242009,285.3881278538813
greedy,9000031,2.0,0.0,1.0,2084.9995252625454,0.7351463046782166,0,1.0,0,0.0,1.4207789127021042,0,1.0,0,5226.68768539965,1.047212314258738,0,1.0,0,1310.8932238800153,idle,celsio,idle,1600.0,loading,yara_sluiskil,loading,1600.0,loading,brevik,loading,582.904465978107,1,35646.89829124084,0.0,35646.89829124084,570.7762557077626
greedy,9000031,3.0,0.0,1.0,1312.4156091421892,1.1463934827433386,0,1.0,0,0.0,0.8697051308174291,0,1.0,0,4522.144967765958,0.49920878115199074,0,1.0,0,1371.0692008368453,idle,celsio,idle,2400.0,loading,yara_sluiskil,loading,2400.0,loading,brevik,loading,297.51633812422574,1,48797.16043515995,0.0,48797.16043515995,856.164383561644
greedy,9000031,4.0,0.0,1.0,555.1684785813643,1.2286714363016362,0,1.0,0,0.0,1.2059640827757023,0,1.0,0,3767.649664289508,1.471422151137584,0,1.0,0,1407.904879803795,idle,celsio,idle,3200.0,loading,yara_sluiskil,loading,3200.0,loading,brevik,loading,12.128210270344425,1,61764.18898620205,0.0,61764.18898620205,1141.5525114155253
greedy,9000031,5.0,0.0,1.0,0.0,0.5444752425668844,0,1.0,0,0.0,0.4668424179394215,0,1.0,0,3101.7750478142007,1.054782964267624,0,1.0,0,1458.982543053919,idle,celsio,idle,4000.0,loading,yara_sluiskil,loading,3800.9897623197353,idle,brevik,idle,0.0,1,73168.65317853472,0.0,73168.65317853472,1153.6807216858697
greedy,9000031,6.0,0.0,1.0,0.0,1.068274868412035,0,1.0,0,0.0,0.8639585971783336,0,1.0,0,2397.922210966701,0.8191288605632764,0,1.0,0,1478.7552876612876,idle,celsio,idle,4800.0,loading,yara_sluiskil,loading,3821.2950691960673,idle,brevik,idle,0.0,1,79763.7069236588,0.0,79763.7069236588,1153.6807216858697
greedy,9000031,7.0,0.0,1.0,0.0,1.4172312353723295,0,1.0,0,0.0,1.208003999505691,0,1.0,0,1672.5886219529375,0.8022200280565045,0,1.0,0,1515.3475767012358,idle,celsio,idle,5600.0,loading,yara_sluiskil,loading,3861.134613486862,idle,brevik,idle,0.0,1,86644.15694201762,0.0,86644.15694201762,1153.6807216858697
greedy,9000031,8.0,0.0,1.0,0.0,0.7038760926194021,0,1.0,0,0.0,0.6336560929245816,0,1.0,0,945.7136809917824,0.6922117573105571,0,1.0,0,1566.5116390251637,idle,celsio,idle,6400.0,loading,yara_sluiskil,loading,3913.9878998062222,idle,brevik,idle,0.0,1,93741.16773797548,0.0,93741.16773797548,1153.6807216858697
greedy,9000031,9.0,0.0,1.0,0.0,1.3874674887113165,0,1.0,0,0.0,1.4582897206396395,0,1.0,0,208.81106904607407,1.1860050728222746,0,1.0,0,1593.3496460546075,idle,celsio,idle,7200.0,loading,yara_sluiskil,loading,3940.2377853190164,idle,brevik,idle,0.0,1,100438.35556557562,0.0,100438.35556557562,1153.6807216858697
greedy,9000031,10.0,0.0,1.0,0.0,0.7831062367912128,0,1.0,0,0.0,0.8380546648352639,0,1.0,0,16.91926934624007,1.1732503563934573,0,1.0,0,1655.1143638731585,idle,celsio,idle,7500.0,idle,yara_sluiskil,idle,3991.9810640773962,idle,brevik,idle,0.0,1,103684.61043040274,0.0,103684.61043040274,1153.6807216858697
greedy,9000031,11.0,0.0,1.0,0.0,1.1557303387641922,0,1.0,0,0.0,1.3551072683496264,0,1.0,0,123.86475736188312,1.0709112476037257,0,1.0,0,1690.6095121673989,idle,celsio,idle,7500.0,sailing,oygarden_terminal,sailing_to_terminal,4021.185696343153,idle,brevik,idle,0.0,1,104607.67767518351,0.0,104607.67767518351,1153.6807216858697
greedy,9000031,12.0,0.0,1.0,0.0,1.1678541827435018,0,1.0,0,0.0,0.9224299158079865,0,1.0,0,221.48163954765278,0.8322503547201991,0,1.0,0,1748.004018114249,idle,celsio,idle,7500.0,sailing,oygarden_terminal,sailing_to_terminal,4064.2867119217426,idle,brevik,idle,0.0,1,105811.76027930701,0.0,105811.76027930701,1153.6807216858697
greedy,9000031,13.0,0.0,1.0,0.0,1.0147246755954697,0,1.0,0,0.0,0.9129772177813599,0,1.0,0,297.3437852602255,1.1291997463155359,0,1.0,0,1787.0728140132424,idle,celsio,idle,7500.0,sailing,oygarden_terminal,sailing_to_terminal,4107.839857657885,idle,brevik,idle,0.0,1,106875.52589766218,0.0,106875.52589766218,1153.6807216858697
greedy,9000031,14.0,0.0,1.0,0.0,1.268869575707832,0,1.0,0,0.0,0.9811826862526052,0,1.0,0,400.27369360173367,0.0,1,1.0,0,1825.7412482982331,idle,celsio,idle,7500.0,sailing,oygarden_terminal,sailing_to_terminal,4145.682291431719,idle,brevik,idle,0.0,1,107891.31638012968,0.0,107891.31638012968,1153.6807216858697
greedy,9000031,15.0,0.0,1.0,0.0,0.8413567579913765,0,1.0,0,0.0,0.8900743991195557,0,1.0,0,400.27369360173367,0.0,1,1.0,0,1867.2984717272361,idle,celsio,idle,7500.0,sailing,oygarden_terminal,sailing_to_terminal,4193.0026201039855,idle,brevik,idle,0.0,1,109004.1918248395,0.0,109004.1918248395,1153.6807216858697
greedy,9000031,16.0,0.0,1.0,0.0,1.2956539040039785,0,1.0,0,0.0,0.0,1,1.0,0,400.27369360173367,0.0,1,1.0,0,1904.996875083616,idle,celsio,idle,7500.0,sailing,oygarden_terminal,sailing_to_terminal,4224.379581673218,idle,brevik,idle,0.0,1,109961.60970407214,0.0,109961.60970407214,1153.6807216858697
greedy,9000031,17.0,0.0,1.0,0.0,1.1753167503922288,0,1.0,0,0.0,0.0,1,1.0,0,400.27369360173367,0.0,1,1.0,0,1904.996875083616,sailing,yara_sluiskil,sailing_to_emitter,7500.0,sailing,oygarden_terminal,sailing_to_terminal,4272.698770680947,idle,brevik,idle,0.0,1,111171.22070535705,0.0,111171.22070535705,1153.6807216858697
greedy,9000031,18.0,0.0,1.0,0.0,1.1084528923939427,0,1.0,0,0.0,0.0,1,1.0,0,400.27369360173367,0.0,1,1.0,0,1904.996875083616,sailing,yara_sluiskil,sailing_to_emitter,7500.0,sailing,oygarden_terminal,sailing_to_terminal,4316.530183816064,idle,brevik,idle,0.0,1,112345.60030995961,0.0,112345.60030995961,1153.6807216858697
greedy,9000031,19.0,0.0,1.0,0.0,1.1213492665056406,0,1.0,0,0.0,0.0,1,1.0,0,400.27369360173367,0.0,1,1.0,0,1904.996875083616,sailing,yara_sluiskil,sailing_to_emitter,7500.0,sailing,oygarden_terminal,sailing_to_terminal,4357.868017922845,idle,brevik,idle,0.0,1,113500.40401006075,0.0,113500.40401006075,1153.6807216858697
greedy,9000031,20.0,0.0,1.0,0.0,0.7942854754012951,0,1.0,0,0.0,0.0,1,1.0,0,400.27369360173367,0.0,1,1.0,0,1904.996875083616,sailing,yara_sluiskil,sailing_to_emitter,7500.0,sailing,oygarden_terminal,sailing_to_terminal,4399.686793276195,idle,brevik,idle,0.0,1,114658.98335144161,0.0,114658.98335144161,1153.6807216858697
greedy,9000031,21.0,0.0,1.0,0.0,1.0827465048025369,0,1.0,0,0.0,0.0,1,1.0,0,400.27369360173367,0.6895805303972942,0,1.0,0,1904.996875083616,sailing,yara_sluiskil,sailing_to_emitter,7500.0,sailing,oygarden_terminal,sailing_to_terminal,4429.308287230274,idle,brevik,idle,0.0,1,115721.80763026548,0.0,115721.80763026548,1153.6807216858697
greedy,9000031,22.0,0.0,1.0,0.0,0.7587208766644542,0,1.0,0,0.0,1.6252196809344057,0,1.0,0,463.13063600729697,1.2029597495375515,0,1.0,0,1904.996875083616,sailing,yara_sluiskil,sailing_to_emitter,7500.0,sailing,oygarden_terminal,sailing_to_terminal,4469.68742656874,idle,brevik,idle,0.0,1,116869.0850731206,0.0,116869.0850731206,1153.6807216858697
greedy,9000031,23.0,0.0,1.0,0.0,0.8314970029865607,0,1.0,0,68.83490541374691,1.259470147370752,0,1.0,0,572.7832609744927,0.7961383322866649,0,1.0,0,1904.996875083616,sailing,yara_sluiskil,sailing_to_emitter,7500.0,sailing,oygarden_terminal,sailing_to_terminal,4497.982590867523,idle,brevik,idle,0.0,1,117921.49696782729,0.0,117921.49696782729,1153.6807216858697
greedy,9000031,24.0,0.0,1.0,0.0,1.0408627383636166,0,1.0,0,122.17877608103957,0.8338752264918737,0,1.0,0,645.3530986921714,1.1630730566449479,0,1.0,0,1904.996875083616,sailing,yara_sluiskil,sailing_to_emitter,7500.0,sailing,oygarden_terminal,sailing_to_terminal,4528.991808159181,idle,brevik,idle,0.0,1,118995.2156034059,0.0,118995.2156034059,1153.6807216858697
greedy,9000031,25.0,0.0,1.0,0.0,1.0366256874729491,0,1.0,0,157.49690754092532,0.9135806744666556,0,1.0,0,751.3698014582748,0.8361326948491545,0,1.0,0,1904.996875083616,sailing,yara_sluiskil,sailing_to_emitter,7500.0,sailing,oygarden_terminal,sailing_to_terminal,4567.808945822857,idle,brevik,idle,0.0,1,120130.23051306303,0.0,120130.23051306303,1153.6807216858697
greedy,9000031,26.0,0.0,1.0,0.0,0.4592190947123713,0,1.0,0,196.19090076071174,0.9914760390051298,0,1.0,0,827.5851051487941,0.5574706670534947,0,1.0,0,1904.996875083616,sailing,yara_sluiskil,sailing_to_emitter,7500.0,sailing,oygarden_terminal,sailing_to_terminal,4606.468063936442,idle,brevik,idle,0.0,1,121264.00488629167,0.0,121264.00488629167,1153.6807216858697
greedy,9000031,27.0,0.0,1.0,0.0,0.9479694665795766,0,1.0,0,238.18409107555942,1.1496905955884686,0,1.0,0,878.3997249092383,0.7741172751990858,0,1.0,0,1904.996875083616,sailing,yara_sluiskil,sailing_to_emitter,7500.0,sailing,oygarden_terminal,sailing_to_terminal,4623.5938235821895,idle,brevik,idle,0.0,1,122228.73109053461,0.0,122228.73109053461,1153.6807216858697
greedy,9000031,28.0,0.0,1.0,0.0,1.219212980400736,0,1.0,0,286.8783348942821,0.4619682333125734,0,1.0,0,948.9620852275864,1.1718854180541907,0,1.0,0,1904.996875083616,sailing,yara_sluiskil,sailing_to_emitter,7500.0,sailing,oygarden_terminal,sailing_to_terminal,4658.946652712777,idle,brevik,idle,0.0,1,123336.54935944501,0.0,123336.54935944501,1153.6807216858697
greedy,9000031,29.0,0.0,1.0,0.0,1.0658074536840911,0,1.0,0,306.44463723314124,1.011648761451442,0,1.0,0,1055.781740322416,1.1196021225949377,0,1.0,0,1904.996875083616,sailing,yara_sluiskil,sailing_to_emitter,7500.0,sailing,oygarden_terminal,sailing_to_terminal,4704.415017206375,idle,brevik,idle,0.0,1,124523.77989161112,0.0,124523.77989161112,1153.6807216858697
greedy,9000031,30.0,0.0,1.0,0.0,0.5701514534574132,0,1.0,0,349.29222739178806,1.1066239967134526,0,1.0,0,1157.835595442967,1.0358313674944308,0,1.0,0,1904.996875083616,sailing,yara_sluiskil,sailing_to_emitter,7500.0,sailing,oygarden_terminal,sailing_to_terminal,4744.1623909355285,idle,brevik,idle,0.0,1,125666.09764275618,0.0,125666.09764275618,1153.6807216858697
greedy,9000031,31.0,0.0,1.0,0.0,0.7127402817566413,0,1.0,0,396.16241917937293,1.0720819338113383,0,1.0,0,1252.253518089824,0.8618621715541231,0,1.0,0,1904.996875083616,sailing,yara_sluiskil,sailing_to_emitter,7500.0,sailing,oygarden_terminal,sailing_to_terminal,4765.425161409152,idle,brevik,idle,0.0,1,126663.30155392863,0.0,126663.30155392863,1153.6807216858697
greedy,9000031,32.0,0.0,1.0,0.0,1.4135809422269818,0,1.0,0,441.5696089737161,1.6443567120778189,0,1.0,0,1330.8137727662663,1.0721368790789834,0,1.0,0,1904.996875083616,sailing,yara_sluiskil,sailing_to_emitter,7500.0,sailing,oygarden_terminal,sailing_to_terminal,4792.005520870096,idle,brevik,idle,0.0,1,127702.25133038576,0.0,127702.25133038576,1153.6807216858697
greedy,9000031,33.0,0.0,1.0,0.0,0.7886710582199782,0,1.0,0,511.2150483381098,0.9292268926256415,0,1.0,0,1428.540865494189,1.4955826715732745,0,1.0,0,1904.996875083616,sailing,yara_sluiskil,sailing_to_emitter,7500.0,sailing,oygarden_terminal,sailing_to_terminal,4844.72245504746,idle,brevik,idle,0.0,1,128946.3869400685,0.0,128946.3869400685,1153.6807216858697
greedy,9000031,34.0,0.0,1.0,0.0,1.2282641567619164,0,1.0,0,550.5717248613851,0.4238698879652203,0,1.0,0,1564.8656593210994,1.0398019851155766,0,1.0,0,1904.996875083616,sailing,yara_sluiskil,sailing_to_emitter,7500.0,sailing,oygarden_terminal,sailing_to_terminal,4874.1345052051065,idle,brevik,idle,0.0,1,130007.56697513236,0.0,130007.56697513236,1153.6807216858697
greedy,9000031,35.0,0.0,1.0,0.0,1.3635499295309543,0,1.0,0,568.5244016521598,1.170225650413384,0,1.0,0,1659.645232355481,1.3416276266330058,0,1.0,0,1904.996875083616,sailing,yara_sluiskil,sailing_to_emitter,7500.0,sailing,oygarden_terminal,sailing_to_terminal,4919.940371664664,idle,brevik,idle,0.0,1,131197.44707491976,0.0,131197.44707491976,1153.6807216858697
greedy,9000031,36.0,0.0,1.0,0.0,0.40001022153549126,0,1.0,0,618.0883916185087,1.6816087266902922,0,1.0,0,1781.9365935731262,1.1013969216464266,0,1.0,0,1904.996875083616,sailing,yara_sluiskil,sailing_to_emitter,7500.0,sailing,oygarden_terminal,sailing_to_terminal,4970.79146553595,idle,brevik,idle,0.0,1,132426.93485863364,0.0,132426.93485863364,1153.6807216858697
greedy,9000031,37.0,0.0,1.0,0.0,1.1073723276340548,0,1.0,0,689.3116108562343,1.398099362028659,0,1.0,0,1882.3304935732083,1.0670818874730912,0,1.0,0,1904.996875083616,sailing,yara_sluiskil,sailing_to_emitter,7500.0,sailing,oygarden_terminal,sailing_to_terminal,4985.709110729308,idle,brevik,idle,0.0,1,133374.3262051652,0.0,133374.3262051652,1153.6807216858697
greedy,9000031,38.0,0.0,1.0,0.0,1.276444100569598,0,1.0,0,748.5270132250583,1.0593373292253616,0,1.0,0,1979.5964577806656,1.4265951235119632,0,1.0,0,1904.996875083616,sailing,yara_sluiskil,sailing_to_emitter,7500.0,sailing,oygarden_terminal,sailing_to_terminal,5027.006516371731,idle,brevik,idle,0.0,1,134528.8125205962,0.0,134528.8125205962,1153.6807216858697
greedy,9000031,39.0,0.0,1.0,0.0,1.0530969018190703,0,1.0,0,793.3944152839324,1.0678516578394226,0,1.0,0,2109.6324464496806,0.9260391491378329,0,1.0,0,1904.996875083616,sailing,yara_sluiskil,sailing_to_emitter,7500.0,sailing,oygarden_terminal,sailing_to_terminal,5074.609133851555,idle,brevik,idle,0.0,1,135732.79805918701,0.0,135732.79805918701,1153.6807216858697
greedy,9000031,40.0,0.0,1.0,0.0,1.2274468128764184,0,1.0,0,838.6224350560215,1.1699274015136933,0,1.0,0,2194.042049291552,0.7302475204139924,0,1.0,0,1904.996875083616,sailing,yara_sluiskil,sailing_to_emitter,7500.0,sailing,oygarden_terminal,sailing_to_terminal,5113.882425097757,idle,brevik,idle,0.0,1,136871.3940139476,0.0,136871.3940139476,1153.6807216858697
greedy,9000031,41.0,0.0,1.0,0.0,1.324368247779315,0,1.0,0,888.1737929240512,1.2320439203750877,0,1.0,0,2260.604956403916,0.26983123068475334,0,1.0,0,1904.996875083616,sailing,yara_sluiskil,sailing_to_emitter,7500.0,sailing,oygarden_terminal,sailing_to_terminal,5159.6577647956765,idle,brevik,idle,0.0,1,138061.03446262958,0.0,138061.03446262958,1153.6807216858697
greedy,9000031,42.0,0.0,1.0,0.0,0.7096401817972628,0,1.0,0,940.3560472491044,1.4233104393062814,0,1.0,0,2285.200367466704,1.3999796326166047,0,1.0,0,1904.996875083616,sailing,yara_sluiskil,sailing_to_emitter,7500.0,sailing,oygarden_terminal,sailing_to_terminal,5209.047599379246,idle,brevik,idle,0.0,1,139279.05059377378,0.0,139279.05059377378,1153.6807216858697
greedy,9000031,43.0,0.0,1.0,0.0,1.1422498959998622,0,1.0,0,1000.6392450305376,0.8978671792414642,0,1.0,0,2412.8099445588514,1.010525709518407,0,1.0,0,1904.996875083616,sailing,yara_sluiskil,sailing_to_emitter,7500.0,sailing,oygarden_terminal,sailing_to_terminal,5235.5122972551135,idle,brevik,idle,0.0,1,140317.0923660657,0.0,140317.0923660657,1153.6807216858697
greedy,9000031,44.0,0.0,1.0,0.0,1.1487289544609458,0,1.0,0,1038.6677054794413,0.7109177970517713,0,1.0,0,2504.9203300545582,0.6939553325676273,0,1.0,0,1904.996875083616,sailing,yara_sluiskil,sailing_to_emitter,7500.0,sailing,oygarden_terminal,sailing_to_terminal,5278.110355127625,idle,brevik,idle,0.0,1,141481.78948434533,0.0,141481.78948434533,1153.6807216858697
greedy,9000031,45.0,0.0,1.0,0.0,1.6932324603249342,0,1.0,0,1068.7780714140163,1.0802147798815311,0,1.0,0,2568.1749762383433,1.0229041435825277,0,1.0,0,1904.996875083616,sailing,yara_sluiskil,sailing_to_emitter,7500.0,sailing,oygarden_terminal,sailing_to_terminal,5320.950030386522,idle,brevik,idle,0.0,1,142648.38342595714,0.0,142648.38342595714,1153.6807216858697
greedy,9000031,46.0,0.0,1.0,0.0,1.0519471066266022,0,1.0,0,1114.5297215275111,1.2357140595158587,0,1.0,0,2661.4135307760007,1.1521871294281316,0,1.0,0,1904.996875083616,sailing,yara_sluiskil,sailing_to_emitter,7500.0,sailing,oygarden_terminal,sailing_to_terminal,5384.095924625595,idle,brevik,idle,0.0,1,143974.39184732837,0.0,143974.39184732837,1153.6807216858697
greedy,9000031,47.0,0.0,1.0,0.0,0.8039230849508736,0,1.0,0,1166.8674217184825,0.9112462825661296,0,1.0,0,2766.436257524658,0.9636069914706656,0,1.0,0,1904.996875083616,sailing,yara_sluiskil,sailing_to_emitter,7500.0,sailing,oygarden_terminal,sailing_to_terminal,5423.326290111891,idle,brevik,idle,0.0,1,145112.65081233764,0.0,145112.65081233764,1153.6807216858697
greedy,9000031,48.0,0.0,1.0,0.0,1.1608300499433095,0,1.0,0,1205.4625435994853,1.047064801865438,0,1.0,0,2854.269697758819,0.6164196492755878,0,1.0,0,1904.996875083616,sailing,yara_sluiskil,sailing_to_emitter,7500.0,sailing,oygarden_terminal,sailing_to_terminal,5453.307066875965,idle,brevik,idle,0.0,1,146178.29564984344,0.0,146178.29564984344,1153.6807216858697
greedy,9000031,49.0,0.0,1.0,0.0,0.9577726677097989,0,1.0,0,1249.8101523836913,0.8891693939082655,0,1.0,0,2910.456731586891,0.9099769812257142,0,1.0,0,1904.996875083616,sailing,yara_sluiskil,sailing_to_emitter,7500.0,sailing,oygarden_terminal,sailing_to_terminal,5496.598000599055,idle,brevik,idle,0.0,1,147348.4322073099,0.0,147348.4322073099,1153.6807216858697
greedy,9000031,50.0,0.0,1.0,0.0,0.9352350028839412,0,1.0,0,1287.4702249538711,1.292759000377564,0,1.0,0,2993.401637552862,1.5096307279354435,0,1.0,0,1904.996875083616,sailing,yara_sluiskil,sailing_to_emitter,7500.0,sailing,oygarden_terminal,sailing_to_terminal,5532.3162923599975,idle,brevik,idle,0.0,1,148459.11954973647,0.0,148459.11954973647,1153.6807216858697
greedy,9000031,51.0,0.0,1.0,0.0,0.986326779663025,0,1.0,0,1342.2240188918065,1.1503874072716975,0,1.0,0,3131.0052135943424,1.1393918173970956,0,1.0,0,1904.996875083616,sailing,yara_sluiskil,sailing_to_emitter,7500.0,sailing,oygarden_terminal,sailing_to_terminal,5567.194079594704,idle,brevik,idle,0.0,1,149563.20849036722,0.0,149563.20849036722,1153.6807216858697
greedy,9000031,52.0,0.0,1.0,0.0,0.910114677683762,0,1.0,0,1390.947775623072,1.4560905085817448,0,1.0,0,3234.861256294651,1.1441113044857996,0,1.0,0,1904.996875083616,sailing,yara_sluiskil,sailing_to_emitter,7500.0,sailing,oygarden_terminal,sailing_to_terminal,5603.977229286244,idle,brevik,idle,0.0,1,150682.2555265994,0.0,150682.2555265994,1153.6807216858697
greedy,9000031,53.0,0.0,1.0,0.0,1.5959743870523262,0,1.0,0,1452.619347539093,1.1080914325371647,0,1.0,0,3339.1474055698222,1.120459754937484,0,1.0,0,1904.996875083616,sailing,yara_sluiskil,sailing_to_emitter,7500.0,sailing,oygarden_terminal,sailing_to_terminal,5637.918190567985,idle,brevik,idle,0.0,1,151778.98989166573,0.0,151778.98989166573,1153.6807216858697
greedy,9000031,54.0,0.0,1.0,0.0,1.126898630490241,0,1.0,0,1499.5516914205216,0.9800135972237985,0,1.0,0,3441.277632683864,0.8856435686534772,0,1.0,0,1904.996875083616,sailing,yara_sluiskil,sailing_to_emitter,7500.0,unloading,oygarden_terminal,unloading,5697.436949566944,idle,brevik,idle,0.0,1,152661.38339715602,0.0,152661.38339715602,1153.6807216858697
greedy,9000031,55.0,0.0,1.0,0.0,0.8459853797295022,0,1.0,0,1541.0593990002753,1.07324319035684,0,1.0,0,3522.0042379225697,1.0905466464305789,0,1.0,0,1904.996875083616,sailing,yara_sluiskil,sailing_to_emitter,6700.0,unloading,oygarden_terminal,unloading,5739.462434284951,idle,brevik,idle,514.6118721461187,1,153547.87464799194,0.0,153547.87464799194,1439.068849539751
greedy,9000031,56.0,0.0,1.0,0.0,1.534785479134477,0,1.0,0,1586.515772905178,0.7621118194245577,0,1.0,0,3621.407730507807,0.8261258193529625,0,1.0,0,1904.996875083616,sailing,yara_sluiskil,sailing_to_emitter,5900.0,unloading,oygarden_terminal,unloading,5771.01180258259,idle,brevik,idle,1029.2237442922374,1,154352.12288496687,0.0,154352.12288496687,1724.4569773936323
greedy,9000031,57.0,0.0,1.0,0.0,0.8198235952061433,0,1.0,0,1618.7944215212387,0.756020186798359,0,1.0,0,3696.709169162524,1.6503566050396794,0,1.0,0,1904.996875083616,sailing,yara_sluiskil,sailing_to_emitter,5100.0,unloading,oygarden_terminal,unloading,5828.248611173443,idle,brevik,idle,1543.835616438356,1,155358.03101414966,0.0,155358.03101414966,2009.8451052475136
greedy,9000031,58.0,0.0,1.0,0.0,1.7713926590237343,0,1.0,0,1650.8150638132568,1.1281517184350631,0,1.0,0,3847.13920341831,0.682503998977223,0,1.0,0,1904.996875083616,sailing,yara_sluiskil,sailing_to_emitter,4300.0,unloading,oygarden_terminal,unloading,5858.822316284351,idle,brevik,idle,2058.4474885844747,1,156154.61978288554,0.0,156154.61978288554,2295.233233101395
greedy,9000031,59.0,0.0,1.0,0.0,1.0568451176903628,0,1.0,0,1698.5970453766265,0.8533144025794517,0,1.0,0,3909.3494094823877,0.9295798958324664,0,1.0,0,1904.996875083616,sailing,yara_sluiskil,sailing_to_emitter,3500.0,unloading,oygarden_terminal,unloading,5924.882903459354,idle,brevik,idle,2573.0593607305937,1,157229.7992064377,0.0,157229.7992064377,2580.621360955276
greedy,9000031,60.0,0.0,1.0,0.0,0.9230910063589769,0,1.0,0,1734.7385078993875,1.2882171441763868,0,1.0,0,3994.0805091562493,1.0907647879869264,0,1.0,0,1904.996875083616,loading,yara_sluiskil,loading,2700.0,unloading,oygarden_terminal,unloading,5964.2958463997475,idle,brevik,idle,3087.6712328767126,1,157680.64063273487,0.0,157680.64063273487,2866.009488809157
greedy,9000031,61.0,0.0,1.0,0.0,0.48104853773972633,0,1.0,0,1789.2999350787372,1.016915477262517,0,1.0,0,3293.5035199713016,1.4910299948839996,0,1.0,0,2704.996875083616,loading,yara_sluiskil,loading,1900.0,unloading,oygarden_terminal,unloading,5998.720689453894,idle,brevik,idle,3602.2831050228315,1,164372.74285617264,0.0,164372.74285617264,3151.397616663038
greedy,9000031,62.0,0.0,1.0,0.0,1.0330006564393823,0,1.0,0,1832.370592856457,0.2657937515863237,0,1.0,0,2629.4105312474794,0.9757952436491946,0,1.0,0,3504.996875083616,loading,yara_sluiskil,loading,1100.0,unloading,oygarden_terminal,unloading,6016.660434496016,idle,brevik,idle,4116.89497716895,1,170935.4284055395,0.0,170935.4284055395,3436.7857445169193
greedy,9000031,63.0,0.0,1.0,0.0,1.8419353290246483,0,1.6223214051544965,1,1843.6280788225945,0.5805634302970499,0,1.0,0,1918.3539583790111,0.9014598385030779,0,1.0,0,4304.996875083616,loading,yara_sluiskil,loading,300.0,unloading,oygarden_terminal,unloading,6055.184125910609,idle,brevik,idle,4632.547830656177,1,177659.2819381523,0.0,177659.2819381523,3721.132891029692
greedy,9000031,64.0,0.0,1.0,0.0,1.0214452988729623,0,1.6223214051544965,1,1868.2173877510968,1.1746916665836376,0,1.0,0,1200.5216764979887,1.2612453659168386,0,1.0,0,5104.996875083616,loading,yara_sluiskil,loading,0.0,idle,oygarden_terminal,idle,6123.875405400442,idle,brevik,idle,4650.3498730615365,1,184603.82320768305,0.0,184603.82320768305,4003.330848624333
greedy,9000031,65.0,0.0,1.0,0.0,1.794234090418948,0,1.6223214051544965,1,1917.9705323309802,1.1467132690830333,0,1.0,0,515.4836227796484,1.3477034703307345,0,1.0,0,5904.996875083616,loading,yara_sluiskil,loading,0.0,sailing,celsio,sailing_to_emitter,6161.968150631077,idle,brevik,idle,4370.001544077415,1,191713.37407131828,0.0,191713.37407131828,4283.679177608455
greedy,9000031,66.0,0.0,1.0,0.0,2.4635257114163953,0,1.6223214051544965,1,1966.538673819789,1.2152340034760958,0,1.0,0,0.0,1.0066866846498168,0,1.0,0,6543.322971073513,idle,yara_sluiskil,idle,0.0,sailing,celsio,sailing_to_emitter,6228.880486680389,idle,brevik,idle,4091.288256071976,1,197779.2784610851,0.0,197779.2784610851,4562.392465613894
greedy,9000031,67.0,0.0,1.0,0.0,0.935550787058733,0,1.6223214051544965,1,2018.0089572935603,0.7112622506467048,0,1.0,0,0.0,0.9804730273609968,0,1.0,0,6635.081873467633,idle,yara_sluiskil,idle,0.0,sailing,celsio,sailing_to_emitter,6320.752684521047,idle,brevik,idle,3814.04273292361,1,199749.68966874655,0.0,199749.68966874655,4839.63798876226
greedy,9000031,68.0,0.0,1.0,0.0,1.4631963357142104,0,1.6223214051544965,1,2048.133912290097,1.0036259216337,0,1.0,0,0.0,0.8934502123005659,0,1.0,0,6724.451350643174,idle,yara_sluiskil,idle,0.0,sailing,celsio,sailing_to_emitter,6355.642149149652,idle,brevik,idle,3538.129337071811,1,201253.45209015283,0.0,201253.45209015283,5115.551384614058
greedy,9000031,69.0,0.0,1.0,0.0,2.200754028344976,0,1.6223214051544965,1,2090.64170135817,0.7360367895627448,0,1.0,0,0.0,0.8098412116158278,0,1.0,0,6805.8886951036675,idle,yara_sluiskil,idle,0.0,sailing,celsio,sailing_to_emitter,6410.209073032785,idle,brevik,idle,3263.4353218757674,1,202848.92154512156,0.0,202848.92154512156,5390.245399810102
greedy,9000031,70.0,0.0,1.0,0.0,1.554833337972734,0,1.6223214051544965,1,2121.815962527257,1.1126566906946773,0,1.0,0,0.0,0.44189121461337977,0,1.0,0,6879.705085007258,idle,yara_sluiskil,idle,0.0,sailing,celsio,sailing_to_emitter,6492.281693977923,idle,brevik,idle,2989.8652721996227,1,204600.03584238194,0.0,204600.03584238194,5663.8154494862465
greedy,9000031,71.0,0.0,1.0,0.0,1.3689691864693398,0,1.6223214051544965,1,2168.9416643387844,0.8813423249666452,0,1.0,0,0.0,1.0907080098725153,0,1.0,0,6919.98309184417,idle,yara_sluiskil,idle,0.0,sailing,celsio,sailing_to_emitter,6550.266012799607,idle,brevik,idle,2717.337303748361,1,205898.32315358796,0.0,205898.32315358796,5936.343417937508
greedy,9000031,72.0,0.0,1.0,0.0,0.9422122019656753,0,1.6223214051544965,1,2206.270227540364,0.7979221413253168,0,1.0,0,0.0,1.712967078337101,0,1.0,0,7019.400122401973,idle,yara_sluiskil,idle,0.0,sailing,celsio,sailing_to_emitter,6601.318901270395,idle,brevik,idle,2445.780338841866,1,207606.0693702815,0.0,207606.0693702815,6207.900382844003
greedy,9000031,73.0,0.0,1.0,0.0,1.6501588339639155,0,1.6223214051544965,1,2240.065594265239,1.881178387716223,0,1.0,0,0.0,1.5606107472807658,0,1.0,0,7175.535379180927,idle,yara_sluiskil,idle,0.0,sailing,celsio,sailing_to_emitter,6636.45676061672,idle,brevik,idle,2175.132086650613,1,209633.76953364932,0.0,209633.76953364932,6478.548635035256
greedy,9000031,74.0,0.0,1.0,0.0,1.25136125889525,0,1.6223214051544965,1,2319.7414300331034,0.938220168255174,0,1.0,0,0.0,0.8647023049210687,0,1.0,0,7317.78340235123,idle,yara_sluiskil,idle,0.0,sailing,celsio,sailing_to_emitter,6697.996018500618,idle,brevik,idle,1905.3375066153264,1,211759.36245606185,0.0,211759.36245606185,6748.343215070542
greedy,9000031,75.0,0.0,1.0,0.0,2.5847249221264623,0,1.6223214051544965,1,2359.479009694939,0.9767359603036235,0,1.0,0,0.0,1.0055539152906832,0,1.0,0,7396.600047248799,idle,yara_sluiskil,idle,0.0,sailing,celsio,sailing_to_emitter,6744.662938825143,idle,brevik,idle,1636.3476151057896,1,213269.90017744593,0.0,213269.90017744593,7017.333106580079
greedy,9000031,76.0,0.0,1.0,0.0,1.606223023113842,0,1.6223214051544965,1,2400.8478955326063,1.5847231992897808,0,1.0,0,0.0,1.5758570686197038,0,1.0,0,7488.255091023939,idle,yara_sluiskil,idle,0.0,sailing,celsio,sailing_to_emitter,6841.054870813837,idle,brevik,idle,1368.118542701836,1,215271.28158153992,0.0,215271.28158153992,7285.562178984033
greedy,9000031,77.0,0.0,1.0,0.0,1.9223159516234851,0,1.6223214051544965,1,2467.967604215537,0.7799895182685836,0,1.0,0,131.89248355214662,0.9035688573056961,0,1.0,0,7500.0,idle,yara_sluiskil,idle,0.0,sailing,celsio,sailing_to_emitter,6900.955603060972,idle,brevik,idle,1100.6107786072405,1,216358.55566238242,0.0,216358.55566238242,7553.069943078629
greedy,9000031,78.0,0.0,1.0,0.0,1.539940677902067,0,1.6223214051544965,1,2501.0034487500207,1.3426495591280672,0,1.0,0,214.2515894739626,0.7049358930124265,0,1.0,0,7500.0,sailing,oygarden_terminal,sailing_to_terminal,0.0,sailing,celsio,sailing_to_emitter,6972.644349224851,idle,brevik,idle,833.7885574273757,1,217861.02706704437,0.0,217861.02706704437,7819.892164258494
greedy,9000031,79.0,0.0,1.0,0.0,1.9410112436144644,0,1.6223214051544965,1,2557.870318189636,0.6567894879372492,0,1.0,0,278.505516261154,1.5180105681282317,0,1.0,0,7500.0,sailing,oygarden_terminal,sailing_to_terminal,0.0,sailing,celsio,sailing_to_emitter,7030.073201391844,idle,brevik,idle,567.6193559961199,1,219251.28307928945,0.0,219251.28307928945,8086.061365689749
greedy,9000031,80.0,0.0,1.0,0.0,1.6796808720086907,0,1.6223214051544965,1,2585.6881220282594,1.0520158532173738,0,1.0,0,416.8699678046446,0.9364065079040993,0,1.0,0,7500.0,sailing,oygarden_terminal,sailing_to_terminal,0.0,sailing,celsio,sailing_to_emitter,7102.459126011755,idle,brevik,idle,302.0734764620431,1,220758.7044007751,0.0,220758.7044007751,8351.607245223826
greedy,9000031,81.0,0.0,1.0,0.0,1.4893219230440815,0,1.6223214051544965,1,2630.245428710852,1.1439388006105622,0,1.0,0,502.22199391658523,0.560263378372876,0,1.0,0,7500.0,sailing,oygarden_terminal,sailing_to_terminal,0.0,sailing,celsio,sailing_to_emitter,7165.099273287956,idle,brevik,idle,37.12369781910212,1,222189.37185221424,0.0,222189.37185221424,8616.557023866766
greedy,9000031,82.0,0.0,1.0,0.0,1.7102376957072272,0,1.6223214051544965,1,2678.696059762693,0.8092260145021826,0,1.0,0,553.2891094762379,1.4320873006211037,0,1.0,0,7500.0,sailing,oygarden_terminal,sailing_to_terminal,0.0,sailing,celsio,sailing_to_emitter,7220.640377045408,idle,brevik,idle,0.0,1,223470.8993918955,0.0,223470.8993918955,8653.680721685869
greedy,9000031,83.0,0.0,1.0,0.0,1.2027722952693982,0,1.6223214051544965,1,2712.9701931737377,0.8278926648419622,0,1.0,0,683.821492527107,1.1387210816362416,0,1.0,0,7500.0,sailing,oygarden_terminal,sailing_to_terminal,0.0,sailing,celsio,sailing_to_emitter,7284.420055941468,idle,brevik,idle,0.0,1,224801.88335556103,0.0,224801.88335556103,8653.680721685869
greedy,9000031,84.0,0.0,1.0,0.0,1.2000264482437502,0,1.6223214051544965,1,2748.03493792527,1.4789894691947112,0,1.0,0,787.6139548243846,0.8611803246205196,0,1.0,0,7500.0,sailing,oygarden_terminal,sailing_to_terminal,0.0,sailing,celsio,sailing_to_emitter,7329.274884383006,idle,brevik,idle,0.0,1,225984.29730761203,0.0,225984.29730761203,8653.680721685869
greedy,9000031,85.0,0.0,1.0,0.0,2.167193523722691,0,1.6223214051544965,1,2810.676377365268,0.9350972409183672,0,1.0,0,866.1089981784032,0.5791486532816983,0,1.0,0,7500.0,sailing,oygarden_terminal,sailing_to_terminal,0.0,sailing,celsio,sailing_to_emitter,7374.02730511371,idle,brevik,idle,0.0,1,227165.90730536898,0.0,227165.90730536898,8653.680721685869
greedy,9000031,86.0,0.0,1.0,0.0,1.599193727896136,0,1.6223214051544965,1,2850.2816878881285,1.2100125874327763,0,1.0,0,918.8973212876836,0.6639849292218822,0,1.0,0,7500.0,sailing,oygarden_terminal,sailing_to_terminal,0.0,sailing,celsio,sailing_to_emitter,7454.84813895084,idle,brevik,idle,0.0,1,228630.67328192818,0.0,228630.67328192818,8653.680721685869
greedy,9000031,87.0,0.0,1.0,14.48662916701739,0.920640408963299,0,1.6223214051544965,1,2901.5308223789752,0.9471677740938946,0,1.0,0,979.4182687512845,1.042171581164546,0,1.0,0,7500.0,sailing,oygarden_terminal,sailing_to_terminal,0.0,sailing,celsio,sailing_to_emitter,7500.0,idle,brevik,idle,0.0,1,229815.41909589118,0.0,229815.41909589118,8653.680721685869
greedy,9000031,88.0,0.0,1.0,48.81992739794149,1.4838400060214567,0,1.6223214051544965,1,2941.6473708711874,0.8778269463131423,0,1.0,0,1074.4101313264716,0.6998933273254597,0,1.0,0,7500.0,sailing,oygarden_terminal,sailing_to_terminal,0.0,sailing,celsio,sailing_to_emitter,7500.0,sailing,oygarden_terminal,sailing_to_terminal,0.0,1,231060.83909589116,0.0,231060.83909589116,8653.680721685869
greedy,9000031,89.0,0.0,1.0,104.1565308765787,0.9294945679766214,0,1.6223214051544965,1,2978.8270429659547,0.7464647138564692,0,1.0,0,1138.203966331933,1.0450401798808457,0,1.0,0,7500.0,sailing,oygarden_terminal,sailing_to_terminal,0.0,sailing,celsio,sailing_to_emitter,7500.0,sailing,oygarden_terminal,sailing_to_terminal,0.0,1,232306.25909589115,0.0,232306.25909589115,8653.680721685869
greedy,9000031,90.0,0.0,1.0,138.82001471554887,1.7632301370934922,0,1.6223214051544965,1,3010.4429706930096,1.1298924392379497,0,1.0,0,1233.4571559276096,1.097103906715443,0,1.0,0,7500.0,sailing,oygarden_terminal,sailing_to_terminal,0.0,sailing,celsio,sailing_to_emitter,7500.0,sailing,oygarden_terminal,sailing_to_terminal,0.0,1,233551.67909589116,0.0,233551.67909589116,8653.680721685869
greedy,9000031,91.0,0.0,1.0,204.57584588967234,2.0638069295335475,0,1.6223214051544965,1,3058.2986791212606,1.0722325899572362,0,1.0,0,1333.4557699787508,1.1359060972921255,0,1.0,0,7500.0,sailing,oygarden_terminal,sailing_to_terminal,0.0,sailing,celsio,sailing_to_emitter,7500.0,sailing,oygarden_terminal,sailing_to_terminal,0.0,1,234797.09909589117,0.0,234797.09909589117,8653.680721685869
greedy,9000031,92.0,0.0,1.0,281.5410220999057,1.4192458188911763,0,1.6223214051544965,1,3103.712249838549,1.096583752115974,0,1.0,0,1436.9910424632421,0.7900994807652274,0,1.0,0,7500.0,sailing,oygarden_terminal,sailing_to_terminal,0.0,sailing,celsio,sailing_to_emitter,7500.0,sailing,oygarden_terminal,sailing_to_terminal,0.0,1,236042.51909589116,0.0,236042.51909589116,8653.680721685869
greedy,9000031,93.0,0.0,1.0,334.4686896056004,2.5114729969269836,0,1.6223214051544965,1,3150.1571949377594,1.3013710353974126,0,1.0,0,1509.0067707834014,1.204049559661829,0,1.0,0,7500.0,sailing,oygarden_terminal,sailing_to_terminal,0.0,sailing,celsio,sailing_to_emitter,7500.0,sailing,oygarden_terminal,sailing_to_terminal,0.0,1,237287.93909589114,0.0,237287.93909589114,8653.680721685869
greedy,9000031,94.0,0.0,1.0,428.12856485423697,1.1669900444731858,0,1.6223214051544965,1,3205.275744867125,0.9041792482510466,0,1.0,0,1618.7530044478817,1.0068743144367807,0,1.0,0,7500.0,sailing,oygarden_terminal,sailing_to_terminal,0.0,sailing,celsio,sailing_to_emitter,7500.0,sailing,oygarden_terminal,sailing_to_terminal,0.0,1,238533.35909589115,0.0,238533.35909589115,8653.680721685869
greedy,9000031,95.0,0.0,1.0,471.64889118476657,2.162417406398623,0,1.6223214051544965,1,3243.5715480502677,1.0289023273948663,0,1.0,0,1710.5271182773579,1.2914630374288536,0,1.0,0,7500.0,sailing,oygarden_terminal,sailing_to_terminal,0.0,sailing,celsio,sailing_to_emitter,7500.0,sailing,oygarden_terminal,sailing_to_terminal,0.0,1,239778.77909589116,0.0,239778.77909589116,8653.680721685869
greedy,9000031,96.0,0.0,1.0,552.2914759011873,1.887837557765326,0,1.6223214051544965,1,3287.1498994676526,0.7611105441587218,0,1.0,0,1828.2407067375132,0.8353602597546246,0,1.0,0,7500.0,sailing,oygarden_terminal,sailing_to_terminal,0.0,sailing,celsio,sailing_to_emitter,7500.0,sailing,oygarden_terminal,sailing_to_terminal,0.0,1,241024.19909589115,0.0,241024.19909589115,8653.680721685869
greedy,9000031,97.0,0.0,1.0,622.6941998335298,2.59139616878476,0,1.6223214051544965,1,3319.386139854829,0.9581941014571873,0,1.0,0,1904.3816249835527,1.4241763067679134,0,1.0,0,7500.0,sailing,oygarden_terminal,sailing_to_terminal,0.0,loading,celsio,loading,7500.0,sailing,oygarden_terminal,sailing_to_terminal,0.0,1,241854.47909589115,0.0,241854.47909589115,8653.680721685869
greedy,9000031,98.0,0.0,1.0,719.3345696402588,2.228962262510175,0,1.6223214051544965,1,2559.9696997978726,0.9977118607755678,0,1.0,0,2034.1915013397668,1.5902592129186548,0,1.0,0,7500.0,sailing,oygarden_terminal,sailing_to_terminal,800.0,loading,celsio,loading,7500.0,sailing,oygarden_terminal,sailing_to_terminal,0.0,1,248965.17909589116,0.0,248965.17909589116,8653.680721685869
greedy,9000031,99.0,0.0,1.0,802.4587577795417,1.5443784488500323,0,1.6223214051544965,1,1802.2270034549229,0.9414763162301139,0,1.0,0,2179.1392855993918,0.9239930070086566,0,1.0,0,7500.0,sailing,oygarden_terminal,sailing_to_terminal,1600.0,loading,celsio,loading,7500.0,sailing,oygarden_terminal,sailing_to_terminal,0.0,1,256075.87909589114,0.0,256075.87909589114,8653.680721685869
greedy,9000031,100.0,0.0,1.0,860.0529049767058,1.3597955167740723,0,1.6223214051544965,1,1042.1024947114174,0.9480228744024528,0,1.0,0,2263.3586628557973,1.068696502700427,0,1.0,0,7500.0,sailing,oygarden_terminal,sailing_to_terminal,2400.0,loading,celsio,loading,7500.0,sailing,oygarden_terminal,sailing_to_terminal,0.0,1,263186.57909589115,0.0,263186.57909589115,8653.680721685869
greedy,9000031,101.0,0.0,1.0,910.7634355524283,1.4375995949789906,0,1.6223214051544965,1,282.25526030679976,0.7714312386309293,0,1.0,0,2360.767287261461,0.9424522318507127,0,1.0,0,7500.0,sailing,oygarden_terminal,sailing_to_terminal,3200.0,loading,celsio,loading,7500.0,sailing,oygarden_terminal,sailing_to_terminal,0.0,1,270297.27909589116,0.0,270297.27909589116,8653.680721685869
greedy,9000031,102.0,0.0,1.0,964.3754864736786,2.587382579958023,0,1.6223214051544965,1,0.0,1.0328898889582205,0,1.0,0,2446.66904492471,0.9177238371424445,0,1.0,0,7500.0,sailing,oygarden_terminal,sailing_to_terminal,3514.9286256169216,idle,celsio,idle,7500.0,sailing,oygarden_terminal,sailing_to_terminal,0.0,1,273599.91414451244,0.0,273599.91414451244,8653.680721685869
greedy,9000031,103.0,0.0,1.0,1060.8660981824082,2.1723683637957456,0,1.6223214051544965,1,0.0,0.5037894600584101,0,1.0,0,2530.316820426456,0.5332065774007011,0,1.0,0,7500.0,sailing,oygarden_terminal,sailing_to_terminal,3558.675867078074,idle,celsio,idle,7500.0,sailing,oygarden_terminal,sailing_to_terminal,0.0,1,274773.6329572843,0.0,274773.6329572843,8653.680721685869
greedy,9000031,104.0,0.0,1.0,1141.8796754471418,1.6991415213940968,0,1.6223214051544965,1,0.0,0.8060780998082224,0,1.0,0,2578.916965145164,0.8573080533257497,0,1.0,0,7500.0,sailing,oygarden_terminal,sailing_to_terminal,3580.013474687911,idle,celsio,idle,7500.0,sailing,oygarden_terminal,sailing_to_terminal,0.0,1,275771.42437926546,0.0,275771.42437926546,8653.680721685869
greedy,9000031,105.0,0.0,1.0,1205.2453133302718,1.3522659037565872,0,1.6223214051544965,1,0.0,0.8164948039883033,0,1.0,0,2657.057908259675,1.2443274332425822,0,1.0,0,7500.0,sailing,oygarden_terminal,sailing_to_terminal,3614.154280640058,idle,celsio,idle,7500.0,sailing,oygarden_terminal,sailing_to_terminal,0.0,1,276869.72762991296,0.0,276869.72762991296,8653.680721685869
greedy,9000031,106.0,0.0,1.0,1255.675001919538,1.7226378187314313,0,1.6223214051544965,1,0.0,0.8880938864298519,0,1.0,0,2770.47437195195,0.7887983327944996,0,1.0,0,7500.0,sailing,oygarden_terminal,sailing_to_terminal,3648.736277931056,idle,celsio,idle,7500.0,sailing,oygarden_terminal,sailing_to_terminal,0.0,1,277971.4944641959,0.0,277971.4944641959,8653.680721685869
greedy,9000031,107.0,0.0,1.0,1319.9168603680891,1.436412416180547,0,1.6223214051544965,1,0.0,1.1851602373424044,0,1.0,0,2842.3707629820155,0.9196768109661011,0,1.0,0,7500.0,sailing,oygarden_terminal,sailing_to_terminal,3686.3507982251854,idle,celsio,idle,7500.0,sailing,oygarden_terminal,sailing_to_terminal,0.0,1,279097.06819612795,0.0,279097.06819612795,8653.680721685869
greedy,9000031,108.0,0.0,1.0,1373.4845849728213,1.1839293694965014,0,1.6223214051544965,1,0.0,1.551521014034344,0,1.0,0,2926.196238099088,1.1203472431347932,0,1.0,0,7500.0,sailing,oygarden_terminal,sailing_to_terminal,3736.5473309121967,idle,celsio,idle,7500.0,sailing,oygarden_terminal,sailing_to_terminal,0.0,1,280321.4173309007,0.0,280321.4173309007,8653.680721685869
greedy,9000031,109.0,0.0,1.0,1417.6365231617253,1.616060626360746,0,1.6223214051544965,1,0.0,1.408053772813931,0,1.0,0,3028.3120790098505,1.1890803149974685,0,1.0,0,7500.0,sailing,oygarden_terminal,sailing_to_terminal,3802.2607870691463,idle,celsio,idle,7500.0,sailing,oygarden_terminal,sailing_to_terminal,0.0,1,281667.5824612972,0.0,281667.5824612972,8653.680721685869
greedy,9000031,110.0,0.0,1.0,1477.9037969787726,1.6890417628469592,0,1.6223214051544965,1,0.0,1.2123711632441032,0,1.0,0,3136.6926259913375,0.5764707333423906,0,1.0,0,7500.0,sailing,oygarden_terminal,sailing_to_terminal,3861.8978007025225,idle,celsio,idle,7500.0,sailing,oygarden_terminal,sailing_to_terminal,0.0,1,282966.0443277514,0.0,282966.0443277514,8653.680721685869
greedy,9000031,111.0,0.0,1.0,1540.8927247280953,0.7747892467276252,0,1.6223214051544965,1,0.0,0.9059971105057798,0,1.0,0,3189.235895511454,1.0515850495867531,0,1.0,0,7500.0,sailing,oygarden_terminal,sailing_to_terminal,3913.2468308227344,idle,celsio,idle,7500.0,sailing,oygarden_terminal,sailing_to_terminal,0.0,1,284199.4411724358,0.0,284199.4411724358,8653.680721685869
greedy,9000031,112.0,0.0,1.0,1569.7867030207992,1.4635727364139766,0,1.6223214051544965,1,0.0,1.3210701492209826,0,1.0,0,3285.084084971938,1.3328923571610602,0,1.0,0,7500.0,sailing,oygarden_terminal,sailing_to_terminal,3951.619628136472,idle,celsio,idle,7500.0,sailing,oygarden_terminal,sailing_to_terminal,0.0,1,285330.9677770673,0.0,285330.9677770673,8653.680721685869
greedy,9000031,113.0,0.0,1.0,1624.367264445192,1.4117863973429683,0,1.6223214051544965,1,0.0,0.7347261722649658,0,1.0,0,3406.5723329451102,1.1017017351849103,0,1.0,0,7500.0,sailing,oygarden_terminal,sailing_to_terminal,4007.5725185877295,idle,celsio,idle,7500.0,sailing,oygarden_terminal,sailing_to_terminal,0.0,1,286600.50734237715,0.0,286600.50734237715,8653.680721685869
greedy,9000031,114.0,0.0,1.0,1677.016565613229,1.0341821439567698,0,1.6223214051544965,1,0.0,0.9921814116708314,0,1.0,0,3506.988330149532,1.0362009672933097,0,1.0,0,7500.0,sailing,oygarden_terminal,sailing_to_terminal,4038.691269588693,idle,celsio,idle,7500.0,unloading,oygarden_terminal,unloading,0.0,1,287259.945875079,0.0,287259.945875079,8653.680721685869
greedy,9000031,115.0,0.0,1.0,1715.583984198612,2.0309552509970388,0,1.6223214051544965,1,0.0,0.6585175783479801,0,1.0,0,3601.4341076460387,1.540321772244455,0,1.0,0,7500.0,sailing,oygarden_terminal,sailing_to_terminal,4080.7143354097843,idle,celsio,idle,6700.0,unloading,oygarden_terminal,unloading,514.6118721461187,1,288146.41813630424,0.0,288146.41813630424,8939.06884953975
greedy,9000031,116.0,0.0,1.0,1791.3237261278564,1.6040868735212201,0,1.6223214051544965,1,0.0,0.712780263764064,0,1.0,0,3741.828476140862,1.4516639380205778,0,1.0,0,7500.0,sailing,oygarden_terminal,sailing_to_terminal,4108.605331162931,idle,celsio,idle,5900.0,unloading,oygarden_terminal,unloading,1029.2237442922374,1,288921.9462281593,0.0,288921.9462281593,9224.456977393631
greedy,9000031,117.0,0.0,1.0,1851.144397324807,2.058417223904896,0,1.6223214051544965,1,0.0,1.6912390399475887,0,1.0,0,3874.141928890514,1.5944649066433465,0,1.0,0,7500.0,sailing,oygarden_terminal,sailing_to_terminal,4138.794580414931,idle,celsio,idle,5100.0,unloading,oygarden_terminal,unloading,1543.835616438356,1,289715.5168165635,0.0,289715.5168165635,9509.845105247512
greedy,9000031,118.0,0.0,1.0,1927.9082448187844,1.1179758168162532,0,1.6223214051544965,1,0.0,1.2015140090653165,0,1.0,0,4019.471020893569,0.9343752219517456,0,1.0,0,7500.0,sailing,oygarden_terminal,sailing_to_terminal,4210.425684020504,idle,celsio,idle,4300.0,unloading,oygarden_terminal,unloading,2058.4474885844747,1,290834.4277186166,0.0,290834.4277186166,9795.233233101393
greedy,9000031,119.0,0.0,1.0,1969.600526781753,1.0539693512458121,0,1.6223214051544965,1,0.0,0.5431423515204072,0,1.0,0,4104.635517598566,1.024956491531729,0,1.0,0,7500.0,sailing,oygarden_terminal,sailing_to_terminal,4261.314867887483,idle,celsio,idle,3500.0,unloading,oygarden_terminal,unloading,2573.0593607305937,1,291790.5036612141,0.0,291790.5036612141,10080.621360955274
greedy,9000031,120.0,0.0,1.0,2008.905830584674,1.2640266299278804,0,1.6223214051544965,1,0.0,0.8958133004985593,0,1.0,0,4198.056059506765,1.3832801137403492,0,1.0,0,7500.0,sailing,oygarden_terminal,sailing_to_terminal,4284.319236362527,idle,celsio,idle,2700.0,unloading,oygarden_terminal,unloading,3090.271904857193,1,292526.6028879447,0.0,292526.6028879447,10363.408816828674
greedy,9000031,121.0,0.0,1.0,2056.0447181169343,1.4546460624067878,0,1.6223214051544965,1,0.0,1.0060285259503199,0,1.0,0,4324.13622379804,1.2693408780206412,0,1.0,0,7500.0,sailing,oygarden_terminal,sailing_to_terminal,4322.260706387516,idle,celsio,idle,1900.0,unloading,oygarden_terminal,unloading,3610.390036554728,1,293378.77491291665,0.0,293378.77491291665,10643.29068513114
greedy,9000031,122.0,0.0,1.0,2110.29229841252,1.4186637029890217,0,1.6223214051544965,1,0.0,0.8230909167146436,0,1.0,0,4439.83122093605,0.8059923681715924,0,1.0,0,7500.0,sailing,oygarden_terminal,sailing_to_terminal,4364.870255877777,idle,celsio,idle,1100.0,unloading,oygarden_terminal,unloading,4132.893040843861,1,294266.6160146701,0.0,294266.6160146701,10920.787680842006
greedy,9000031,123.0,0.0,1.0,2163.1979933078646,1.6510176540308152,0,1.6223214051544965,1,0.0,0.9565474151336213,0,1.0,0,4513.293927288013,0.9618222820666147,0,1.0,0,7500.0,queued,oygarden_terminal,queued,4399.731626351947,idle,celsio,idle,300.0,unloading,oygarden_terminal,unloading,4657.41842663436,1,294677.66066693777,0.0,294677.66066693777,11196.262295051507
greedy,9000031,124.0,0.0,1.0,2224.7687672929274,2.089076756751098,0,1.6223214051544965,1,0.0,1.1002243782808538,0,1.0,0,4600.959789547588,1.1704019557085577,0,1.0,0,7500.0,unloading,oygarden_terminal,unloading,4440.245442186758,idle,celsio,idle,0.0,idle,oygarden_terminal,idle,4683.69606379637,1,295117.0990597579,0.0,295117.0990597579,11469.984657889498
greedy,9000031,125.0,0.0,1.0,2302.675898309741,1.9303288059494061,0,1.6223214051544965,1,0.0,1.0327047107236564,0,1.0,0,4707.636691432073,1.525979608404946,0,1.0,0,6700.0,unloading,oygarden_terminal,unloading,4486.844583152931,idle,celsio,idle,0.0,sailing,yara_sluiskil,sailing_to_emitter,5211.51640939444,1,296034.08043919614,0.0,296034.08043919614,11742.164312291428
greedy,9000031,126.0,0.0,1.0,2374.6628918507918,2.597762554629083,0,1.6223214051544965,1,0.0,1.395351482948465,0,1.0,0,4846.722803264783,1.4271821094827222,0,1.0,0,5900.0,unloading,oygarden_terminal,unloading,4530.583981535138,idle,celsio,idle,0.0,sailing,yara_sluiskil,sailing_to_emitter,5740.7122151483945,1,296928.04739932145,0.0,296928.04739932145,12012.968506537474
greedy,9000031,127.0,0.0,1.0,2471.540214293315,1.726419354968706,0,1.6223214051544965,1,0.0,0.9320114013758451,0,1.0,0,4976.803876088972,0.8980644705924413,0,1.0,0,5100.0,unloading,oygarden_terminal,unloading,4589.682999639858,idle,celsio,idle,0.0,sailing,yara_sluiskil,sailing_to_emitter,6271.147027217376,1,297942.08744547976,0.0,297942.08744547976,12282.533694468493
greedy,9000031,128.0,0.0,1.0,2535.922872098324,2.110966525711976,0,1.6223214051544965,1,0.0,1.0635983867732355,0,1.0,0,5058.658254132073,1.3481250927403214,0,1.0,0,4300.0,unloading,oygarden_terminal,unloading,4629.1576118481935,idle,celsio,idle,0.0,sailing,yara_sluiskil,sailing_to_emitter,6802.707532220385,1,298801.6040684353,0.0,298801.6040684353,12550.973189465485
greedy,9000031,129.0,0.0,1.0,2614.646279134459,1.5664981948164456,0,1.6223214051544965,1,0.0,0.7033259783179396,0,1.0,0,5181.533463526163,0.8493465169408372,0,1.0,0,3500.0,unloading,oygarden_terminal,unloading,4674.205487658839,idle,celsio,idle,0.0,sailing,yara_sluiskil,sailing_to_emitter,7335.298246519751,1,299704.45135082095,0.0,299704.45135082095,12818.38247516612
greedy,9000031,130.0,0.0,1.0,2673.0650415175032,1.4038989464682834,0,1.6223214051544965,1,0.0,0.6379240924585247,0,1.0,0,5258.9473140379205,0.714096778520896,0,1.0,0,2700.0,unloading,oygarden_terminal,unloading,4703.994308062928,idle,celsio,idle,0.0,sailing,yara_sluiskil,sailing_to_emitter,7868.837709587686,1,300487.118050266,0.0,300487.118050266,13084.843012098185
greedy,9000031,131.0,0.0,1.0,2725.420049674992,1.5256334546827743,0,1.6223214051544965,1,0.0,1.7131780652190636,0,1.0,0,5324.033753464208,1.0629999699118806,0,1.0,0,1900.0,unloading,oygarden_terminal,unloading,4731.013082866521,idle,celsio,idle,0.0,sailing,yara_sluiskil,sailing_to_emitter,8403.25568233422,1,301247.6782485048,0.0,301247.6782485048,13350.42503935165
greedy,9000031,132.0,0.0,1.0,2782.314842078091,1.331420874240784,0,1.6223214051544965,1,0.0,1.1497856825303197,0,1.0,0,5420.9209463128245,0.524746807552022,0,1.0,0,1100.0,unloading,oygarden_terminal,unloading,4803.573396687271,idle,celsio,idle,0.0,sailing,yara_sluiskil,sailing_to_emitter,8938.491038964827,1,302365.428309944,0.0,302365.428309944,13615.189682721044
greedy,9000031,133.0,0.0,1.0,2831.966940241651,1.421741947834421,0,1.6223214051544965,1,0.0,1.10853235377767,0,1.0,0,5468.748988839686,0.6797230439587947,0,1.0,0,624.4901504785269,unloading,oygarden_terminal,unloading,4852.271667838868,idle,celsio,idle,0.0,sailing,yara_sluiskil,sailing_to_emitter,9150.0,1,303285.6306075124,0.0,303285.6306075124,13879.190571207344
greedy,9000031,134.0,0.0,1.0,2884.9873328705576,2.6048152816786403,0,1.6223214051544965,1,0.0,0.8571842093568824,0,1.0,0,5530.702293342636,0.8977845750362672,0,1.0,0,361.2056247352218,unloading,oygarden_terminal,unloading,4899.2226865937555,idle,celsio,idle,0.0,sailing,yara_sluiskil,sailing_to_emitter,9150.0,1,304185.34416972613,0.0,304185.34416972613,14142.47509695065
greedy,9000031,135.0,0.0,1.0,2982.127539608138,1.3718489990038947,0,1.6223214051544965,1,0.0,0.25042129470125174,0,1.0,0,5612.530739153338,0.8408698945233826,0,1.0,0,98.5953102805168,unloading,oygarden_terminal,unloading,4935.528051748646,idle,celsio,idle,0.0,sailing,yara_sluiskil,sailing_to_emitter,9150.0,1,305001.1867552839,0.0,305001.1867552839,14405.085411405355
greedy,9000031,136.0,0.0,1.0,3033.2872801366957,0.9102746036946207,0,1.6223214051544965,1,0.0,1.0880154713853953,0,1.0,0,5689.171648266124,1.0519782803383149,0,1.0,0,0.0,idle,oygarden_terminal,idle,4946.1344493554225,idle,celsio,idle,0.0,sailing,yara_sluiskil,sailing_to_emitter,8986.621498670826,1,305610.01142946206,0.0,305610.01142946206,14667.059223015045
greedy,9000031,137.0,0.0,1.0,3067.233731295687,1.9695202179838716,0,1.6223214051544965,1,0.0,1.0473164183279235,0,1.0,0,5785.053916177598,0.9741932465681375,0,1.0,0,0.0,sailing,yara_sluiskil,sailing_to_emitter,4992.216491641821,idle,celsio,idle,0.0,sailing,yara_sluiskil,sailing_to_emitter,8725.250278484526,1,306909.2218547589,0.0,306909.2218547589,14928.430443201345
greedy,9000031,138.0,0.0,1.0,3140.682129019018,1.5450184762256836,0,1.6223214051544965,1,0.0,1.2696165563333173,0,1.0,0,5873.84642353938,0.8985561103421483,0,1.0,0,0.0,sailing,yara_sluiskil,sailing_to_emitter,5036.574757444028,idle,celsio,idle,0.0,sailing,yara_sluiskil,sailing_to_emitter,8464.451006834232,1,308194.6652307724,0.0,308194.6652307724,15189.229714851639
greedy,9000031,139.0,0.0,1.0,3198.2997707141444,1.8065697945620547,0,1.6223214051544965,1,0.0,0.5801977534468206,0,1.0,0,5955.744950011398,0.9408215664465818,0,1.0,0,0.0,sailing,yara_sluiskil,sailing_to_emitter,5090.348371308146,idle,celsio,idle,0.0,sailing,yara_sluiskil,sailing_to_emitter,8204.19587301945,1,309553.80093561707,0.0,309553.80093561707,15449.48484866642
greedy,9000031,140.0,0.0,1.0,3265.6713109092457,1.591711549918158,0,1.6223214051544965,1,0.0,1.2570292895050312,0,1.0,0,6041.495681031642,0.6814658430575407,0,1.0,0,0.0,sailing,yara_sluiskil,sailing_to_emitter,5114.922192280347,idle,celsio,idle,0.0,sailing,yara_sluiskil,sailing_to_emitter,7944.459535235912,1,310683.4902299961,0.0,310683.4902299961,15709.221186449957
greedy,9000031,141.0,0.0,1.0,3325.0302361685303,1.7760950357182372,0,1.6223214051544965,1,0.0,0.5133030951921953,0,1.0,0,6103.607513216771,1.4829597168417972,0,1.0,0,0.0,sailing,yara_sluiskil,sailing_to_emitter,5168.16268232637,idle,celsio,idle,0.0,sailing,yara_sluiskil,sailing_to_emitter,7685.218815795611,1,312038.0247230852,0.0,312038.0247230852,15968.461905890259
greedy,9000031,142.0,0.0,1.0,3391.265274496813,1.6624257734273258,0,1.6223214051544965,1,0.0,0.9788655899016361,0,1.0,0,6238.77096755401,0.930308044638922,0,1.0,0,0.0,sailing,yara_sluiskil,sailing_to_emitter,5189.903232493609,idle,celsio,idle,0.0,sailing,yara_sluiskil,sailing_to_emitter,7426.452443639986,1,313145.07366827066,0.0,313145.07366827066,16227.228278045885
greedy,9000031,143.0,0.0,1.0,3453.2612909772033,1.7209798708119137,0,1.6223214051544965,1,0.0,1.3144328206764044,0,1.0,0,6323.563260742846,0.6208503528057097,0,1.0,0,0.0,sailing,yara_sluiskil,sailing_to_emitter,5231.36231712327,idle,celsio,idle,0.0,sailing,yara_sluiskil,sailing_to_emitter,7168.140835402668,1,314406.7370080102,0.0,314406.7370080102,16485.539886283204
greedy,9000031,144.0,0.0,1.0,3517.440924204557,2.3705725912818125,0,1.6223214051544965,1,0.0,0.7694281930486632,0,1.0,0,6380.150201753258,1.651242582721371,0,1.0,0,0.0,sailing,yara_sluiskil,sailing_to_emitter,5287.034088727688,idle,celsio,idle,0.0,sailing,yara_sluiskil,sailing_to_emitter,6910.265908139423,1,315779.79836296296,0.0,315779.79836296296,16743.41481354645
greedy,9000031,145.0,0.0,1.0,3605.8454764886355,1.5036467801643523,0,1.6223214051544965,1,0.0,1.0200775175752768,0,1.0,0,6530.651361192693,0.9088114131040168,0,1.0,0,0.0,sailing,yara_sluiskil,sailing_to_emitter,5319.622616612561,idle,celsio,idle,0.0,sailing,yara_sluiskil,sailing_to_emitter,6652.810918258876,1,316971.4719616874,0.0,316971.4719616874,17000.869803426995
greedy,9000031,146.0,0.0,1.0,3661.9201984759193,1.5407988108184976,0,1.6223214051544965,1,0.0,1.0575836023463208,0,1.0,0,6613.484175868392,1.1680028297944531,0,1.0,0,0.0,sailing,yara_sluiskil,sailing_to_emitter,5362.827200128688,idle,celsio,idle,0.0,sailing,yara_sluiskil,sailing_to_emitter,6395.760322275792,1,318246.3213690484,0.0,318246.3213690484,17257.92039941008
greedy,9000031,147.0,0.0,1.0,3719.3804026899957,1.4724087798842904,0,1.6223214051544965,1,0.0,0.670386273798196,0,1.0,0,6719.940685355323,1.066074214036632,0,1.0,0,0.0,sailing,yara_sluiskil,sailing_to_emitter,5407.620324460522,idle,celsio,idle,0.0,sailing,yara_sluiskil,sailing_to_emitter,6139.099655853052,1,319533.48178467684,0.0,319533.48178467684,17514.58106583282
greedy,9000031,148.0,0.0,1.0,3774.290164413976,1.940130212851499,0,1.6223214051544965,1,0.0,0.9104543416041225,0,1.0,0,6817.10693646229,1.0381553038225468,0,1.0,0,0.0,sailing,yara_sluiskil,sailing_to_emitter,5436.014009504406,idle,celsio,idle,0.0,sailing,yara_sluiskil,sailing_to_emitter,5882.815428259354,1,320691.7436522694,0.0,320691.7436522694,17770.865293426516
greedy,9000031,149.0,0.0,1.0,3846.6424005320528,2.3757998495918065,0,1.6223214051544965,1,0.0,0.9165900924045295,0,1.0,0,6911.728477307002,1.0317368859736455,0,1.0,0,0.0,sailing,yara_sluiskil,sailing_to_emitter,5474.575589346845,idle,celsio,idle,0.0,sailing,yara_sluiskil,sailing_to_emitter,5626.895029891175,1,321929.67966219294,0.0,321929.67966219294,18026.785691794696
greedy,9000031,150.0,0.0,1.0,3935.2418166393613,1.568838613611941,0,1.6223214051544965,1,0.0,1.0518591961479364,0,1.0,0,7005.764949281652,1.2590760227740947,0,1.0,0,0.0,sailing,yara_sluiskil,sailing_to_emitter,5513.397044104006,idle,celsio,idle,0.0,sailing,yara_sluiskil,sailing_to_emitter,5371.326650922333,1,323169.51149867766,0.0,323169.51149867766,18282.354070763537
greedy,9000031,151.0,0.0,1.0,3993.7476553332313,1.9691152307279176,0,1.6223214051544965,1,0.0,1.2588873820923112,0,1.0,0,7120.521901081877,1.4756136883840447,0,1.0,0,0.0,sailing,yara_sluiskil,sailing_to_emitter,5557.9477156992425,idle,celsio,idle,0.0,sailing,yara_sluiskil,sailing_to_emitter,5116.099209476601,1,324454.1809107956,0.0,324454.1809107956,18537.581512209268
greedy,9000031,152.0,0.0,1.0,4067.1807787429298,1.2185812038892399,0,1.6223214051544965,1,0.0,0.12618717927509493,0,1.0,0,7255.014816021665,1.0081344204633829,0,1.0,0,0.0,sailing,yara_sluiskil,sailing_to_emitter,5611.266903800055,idle,celsio,idle,0.0,sailing,yara_sluiskil,sailing_to_emitter,4861.202287986672,1,325807.55226777156,0.0,325807.55226777156,18792.478433699198
greedy,9000031,153.0,0.0,1.0,4112.624645174097,1.2451521501145797,0,1.6223214051544965,1,0.0,1.0755036129966704,0,1.0,0,7346.899865785198,0.8950926935939573,0,1.0,0,0.0,sailing,yara_sluiskil,sailing_to_emitter,5616.611462847503,idle,celsio,idle,0.0,sailing,yara_sluiskil,sailing_to_emitter,4606.626076620088,1,326784.1661088478,0.0,326784.1661088478,19047.054645065782
greedy,9000031,154.0,0.0,1.0,4159.059398307051,1.9400527080750574,0,1.6223214051544965,1,0.0,1.1904452332950608,0,1.0,0,7428.4818201013795,1.2105669272821753,0,1.0,0,0.0,sailing,yara_sluiskil,sailing_to_emitter,5662.163575181145,idle,celsio,idle,0.0,sailing,yara_sluiskil,sailing_to_emitter,4352.361322830086,1,328076.3026545798,0.0,328076.3026545798,19301.319398855783
greedy,9000031,155.0,0.0,1.0,4231.408672299092,1.777386636448152,0,1.6223214051544965,1,0.0,0.6362703923361173,0,1.0,0,7538.817144996627,0.9122700268597705,0,1.0,0,0.0,sailing,yara_sluiskil,sailing_to_emitter,5712.583949728294,idle,celsio,idle,0.0,sailing,yara_sluiskil,sailing_to_emitter,4098.399286234919,1,329406.5335004756,0.0,329406.5335004756,19555.28143545095
greedy,9000031,156.0,0.0,1.0,4297.691723025291,1.919130763983383,0,1.6223214051544965,1,0.0,0.8965128720596434,0,1.0,0,7621.964580751679,1.0462915276078288,0,1.0,0,0.0,sailing,yara_sluiskil,sailing_to_emitter,5739.532683359703,idle,celsio,idle,0.0,sailing,yara_sluiskil,sailing_to_emitter,3844.731698149306,1,330552.3789186824,0.0,330552.3789186824,19808.949023536563
greedy,9000031,157.0,0.0,1.0,4369.260743915026,0.7844678037406208,0,1.6223214051544965,1,0.0,0.8349684601156911,0,1.0,0,7717.3271280895115,1.2328434417081993,0,1.0,0,0.0,sailing,yara_sluiskil,sailing_to_emitter,5777.503783189697,idle,celsio,idle,0.0,sailing,yara_sluiskil,sailing_to_emitter,3591.3507251912947,1,331784.63818608806,0.0,331784.63818608806,20062.329996494573
greedy,9000031,158.0,0.0,1.0,4398.515438099453,1.7076167145800913,0,1.6223214051544965,1,0.0,0.8246185528927377,0,1.0,0,7829.692565009963,1.0765942548086649,0,1.0,0,0.0,sailing,yara_sluiskil,sailing_to_emitter,5812.868217702625,idle,celsio,idle,0.0,sailing,yara_sluiskil,sailing_to_emitter,3338.248936470794,1,332996.31929671805,0.0,332996.31929671805,20315.431785215074
greedy,9000031,159.0,0.0,1.0,4462.1965670814925,1.0416244601479843,0,1.6223214051544965,1,0.0,1.0193801770051492,0,1.0,0,7927.81686109477,1.2060452396172177,0,1.0,0,0.0,sailing,yara_sluiskil,sailing_to_emitter,5847.794290009451,idle,celsio,idle,0.0,sailing,yara_sluiskil,sailing_to_emitter,3085.419273935513,1,334204.447462154,0.0,334204.447462154,20568.261447750356
greedy,9000031,160.0,0.0,1.0,4501.0412389326175,2.3369369132780453,0,1.6223214051544965,1,0.0,0.9710058012492071,0,1.0,0,8037.739659457345,1.1792115666369294,0,1.0,0,0.0,sailing,yara_sluiskil,sailing_to_emitter,5890.969338212446,idle,celsio,idle,0.0,sailing,yara_sluiskil,sailing_to_emitter,2832.855025508419,1,335477.22559930297,0.0,335477.22559930297,20820.82569617745
greedy,9000031,161.0,0.0,1.0,4588.1912017079785,0.9484758166948797,0,1.0,0,0.0,1.2886491511142097,0,1.0,0,8145.216672526241,0.7788169131180112,0,1.0,0,0.0,sailing,yara_sluiskil,sailing_to_emitter,5932.095527655808,idle,celsio,idle,0.0,sailing,yara_sluiskil,sailing_to_emitter,2580.549800700103,1,336733.8129198542,0.0,336733.8129198542,21073.130920985765
greedy,9000031,162.0,0.0,1.0,4623.562126078878,0.9674384724016387,0,1.0,0,0.0,1.6430783919459069,0,1.0,0,8216.200418264134,1.324355595791038,0,1.0,0,0.0,sailing,yara_sluiskil,sailing_to_emitter,5986.675252150316,idle,celsio,idle,0.0,sailing,yara_sluiskil,sailing_to_emitter,2328.497508421191,1,338095.91385132575,0.0,338095.91385132575,21325.183213264678
greedy,9000031,163.0,0.0,1.0,4659.640206315984,0.8879109741941489,0,1.0,0,0.0,0.9079468217546564,0,1.0,0,8336.906132519849,0.7858437104554279,0,1.0,0,0.0,sailing,yara_sluiskil,sailing_to_emitter,6056.266549267725,idle,celsio,idle,0.0,sailing,yara_sluiskil,sailing_to_emitter,2076.6923367554455,1,339575.76218951144,0.0,339575.76218951144,21576.988384930424
greedy,9000031,164.0,0.0,1.0,4692.7525117806035,1.0221237866616188,0,1.0,0,0.0,1.5919851997699173,0,1.0,0,8408.530216667641,1.2894001537789732,0,1.0,0,0.0,sailing,yara_sluiskil,sailing_to_emitter,6094.721925072836,idle,celsio,idle,0.0,sailing,yara_sluiskil,sailing_to_emitter,1825.128734484491,1,340811.0781555849,0.0,340811.0781555849,21828.55198720138
greedy,9000031,165.0,0.0,1.0,4730.869925107971,1.0476005340724013,0,1.0,0,0.0,1.1572905070442319,0,1.0,0,8526.049815026494,0.718916542279987,0,1.0,0,0.0,sailing,yara_sluiskil,sailing_to_emitter,6162.149210092694,idle,celsio,idle,0.0,sailing,yara_sluiskil,sailing_to_emitter,1573.8013941810482,1,342273.7419518398,0.0,342273.7419518398,22079.879327504823
greedy,9000031,166.0,0.0,1.0,4769.93742031319,1.2649453426331538,0,1.0,0,0.0,0.6942787300362584,0,1.0,0,8591.573865840046,1.5900333738120525,0,1.0,0,0.0,sailing,yara_sluiskil,sailing_to_emitter,6211.165342202796,idle,celsio,idle,0.0,sailing,yara_sluiskil,sailing_to_emitter,1322.7052367098463,1,343591.7737469367,0.0,343591.7737469367,22330.975484976025
greedy,9000031,167.0,0.0,1.0,4817.110208556372,0.4946906028628154,0,1.0,0,0.0,0.6608086610417576,0,1.0,0,8736.49381651972,0.7343911004851459,0,1.0,0,0.0,sailing,yara_sluiskil,sailing_to_emitter,6240.570973498957,idle,celsio,idle,0.0,sailing,yara_sluiskil,sailing_to_emitter,1071.8353969945877,1,344755.7600248512,0.0,344755.7600248512,22581.845324691283
greedy,9000031,168.0,0.0,1.0,4835.5583816812805,1.1559736740459738,0,1.0,0,0.0,0.7960791045723729,0,1.0,0,8803.428162413615,0.5472452148275802,0,1.0,0,0.0,sailing,yara_sluiskil,sailing_to_emitter,6268.55900626339,idle,celsio,idle,0.0,sailing,yara_sluiskil,sailing_to_emitter,821.1872109259417,1,345908.52653205744,0.0,345908.52653205744,22832.49351075993
greedy,9000031,169.0,0.0,1.0,4878.667344964852,1.0771418799744663,0,1.0,0,0.0,0.9719304338898394,0,1.0,0,8853.305500996674,0.9850224374409292,0,1.0,0,0.0,sailing,yara_sluiskil,sailing_to_emitter,6302.276312611535,idle,celsio,idle,0.0,sailing,yara_sluiskil,sailing_to_emitter,570.7562032999322,1,347106.1818016028,0.0,347106.1818016028,23082.92451838594
greedy,9000031,170.0,0.0,1.0,4918.8364797182485,1.1120450605112748,0,1.0,0,0.0,1.230648713767338,0,1.0,0,8943.082917366335,0.6565243675739618,0,1.0,0,0.0,sailing,yara_sluiskil,sailing_to_emitter,6343.441664145479,idle,celsio,idle,0.0,loading,yara_sluiskil,loading,320.5380766885845,1,347947.08085486456,0.0,347947.08085486456,23333.142644997286
greedy,9000031,171.0,0.0,1.0,4960.307228865615,0.8090334483348247,0,1.0,0,0.0,0.9254109074828857,0,1.0,0,8202.920151459532,1.5851334491527624,0,1.0,0,0.0,sailing,yara_sluiskil,sailing_to_emitter,6395.5648255885035,idle,celsio,idle,800.0,loading,yara_sluiskil,loading,70.52870115560495,1,355154.33888082055,0.0,355154.33888082055,23583.152020530266
greedy,9000031,172.0,0.0,1.0,4990.477964729687,0.9265732237483267,0,1.0,0,0.0,1.5485767039865972,0,1.0,0,7547.392978707256,1.4960134424097618,0,1.0,0,0.0,sailing,yara_sluiskil,sailing_to_emitter,6434.75987905279,idle,celsio,idle,1600.0,loading,yara_sluiskil,loading,0.0,1,362186.51739539206,0.0,362186.51739539206,23653.680721685872
greedy,9000031,173.0,0.0,1.0,5025.032025260275,1.3306190474709445,0,1.0,0,0.0,0.650538062930961,0,1.0,0,6883.743096647507,0.9080407575286652,0,1.0,0,0.0,sailing,yara_sluiskil,sailing_to_emitter,6500.348631266006,idle,celsio,idle,2400.0,loading,yara_sluiskil,loading,0.0,1,369396.9835343607,0.0,369396.9835343607,23653.680721685872
greedy,9000031,174.0,0.0,1.0,5074.653881939847,0.4168874481032423,0,1.0,0,0.0,0.5869712561045726,0,1.0,0,6166.503966208007,0.9957465156341175,0,1.0,0,0.0,sailing,yara_sluiskil,sailing_to_emitter,6527.901660899605,idle,celsio,idle,3200.0,loading,yara_sluiskil,loading,0.0,1,376308.84928232507,0.0,376308.84928232507,23653.680721685872
greedy,9000031,175.0,0.0,1.0,5090.200574971411,0.4682623253846452,0,1.0,0,0.0,1.338227074017817,0,1.0,0,5457.258468395826,1.0763788608377791,0,1.0,0,0.0,sailing,yara_sluiskil,sailing_to_emitter,6552.76236826645,idle,celsio,idle,4000.0,loading,yara_sluiskil,loading,0.0,1,383199.5788870261,0.0,383199.5788870261,23653.680721685872
greedy,9000031,176.0,0.0,1.0,5107.663152683565,1.0216921908669014,0,1.0,0,0.0,0.7137048010196507,0,1.0,0,4755.361905702841,0.5043273717139143,0,1.0,0,0.0,sailing,yara_sluiskil,sailing_to_emitter,6609.441926816448,idle,celsio,idle,4800.0,loading,yara_sluiskil,loading,0.0,1,390340.10317841184,0.0,390340.10317841184,23653.680721685872
greedy,9000031,177.0,0.0,1.0,5145.764395177802,0.43783856030556056,0,1.0,0,0.0,1.3530907193356936,0,1.0,0,4001.327331188685,1.6020421140903371,0,1.0,0,0.0,sailing,yara_sluiskil,sailing_to_emitter,6639.670334119071,idle,celsio,idle,5600.0,loading,yara_sluiskil,loading,0.0,1,397272.9720456513,0.0,397272.9720456513,23653.680721685872
greedy,9000031,178.0,0.0,1.0,5162.092395114868,0.9562347722396298,0,1.0,0,0.0,1.1478990746797086,0,1.0,0,3347.34061029597,0.9085990332949636,0,1.0,0,0.0,sailing,yara_sluiskil,sailing_to_emitter,6696.979430713411,idle,celsio,idle,6400.0,loading,yara_sluiskil,loading,0.0,1,404418.4385411926,0.0,404418.4385411926,23653.680721685872
greedy,9000031,179.0,0.0,1.0,5197.752568074495,1.2742145047649251,0,1.0,0,0.0,0.8481808160129547,0,1.0,0,2630.1520579802304,1.3458302701355138,0,1.0,0,0.0,sailing,yara_sluiskil,sailing_to_emitter,6745.597796068595,idle,celsio,idle,7200.0,loading,yara_sluiskil,loading,0.0,1,411495.6782338725,0.0,411495.6782338725,23653.680721685872
greedy,9000031,180.0,0.0,1.0,5245.270921972534,0.9644847848033766,0,1.0,0,0.0,1.4822748909286176,0,1.0,0,2452.813503782248,0.768819413083528,0,1.0,0,0.0,sailing,yara_sluiskil,sailing_to_emitter,6781.521829557064,idle,celsio,idle,7500.0,idle,yara_sluiskil,idle,0.0,1,414547.9982568746,0.0,414547.9982568746,23653.680721685872
greedy,9000031,181.0,0.0,1.0,5281.238745120374,1.065192000154146,0,1.0,0,0.0,1.3764761552563556,0,1.0,0,2522.885067438681,1.2409092126221346,0,1.0,0,0.0,sailing,yara_sluiskil,sailing_to_emitter,6844.302420458831,idle,celsio,idle,7500.0,sailing,oygarden_terminal,sailing_to_terminal,0.0,1,415871.13885526365,0.0,415871.13885526365,23653.680721685872
greedy,9000031,182.0,0.0,1.0,5320.962162140043,1.01477052428956,0,1.0,0,0.0,1.0686415527310698,0,1.0,0,2635.98364882727,0.6302440362266883,0,1.0,0,0.0,loading,yara_sluiskil,loading,6902.601988857408,idle,celsio,idle,7500.0,sailing,oygarden_terminal,sailing_to_terminal,0.0,1,416743.9610744659,0.0,416743.9610744659,23653.680721685872
greedy,9000031,183.0,0.0,1.0,5358.805241268792,0.7365986262933162,0,1.0,0,0.0,0.2963945338715296,0,1.0,0,1893.4251226287015,0.5070542689002591,0,1.0,0,800.0,loading,yara_sluiskil,loading,6947.863464008356,idle,celsio,idle,7500.0,sailing,oygarden_terminal,sailing_to_terminal,0.0,1,423794.8474166753,0.0,423794.8474166753,23653.680721685872
greedy,9000031,184.0,0.0,1.0,5386.274659180383,0.5446374385871914,0,1.0,0,0.0,1.23701097732484,0,1.0,0,1139.6388452785275,0.8889170569792864,0,1.0,0,1600.0,loading,yara_sluiskil,loading,6960.41702211717,idle,celsio,idle,7500.0,sailing,oygarden_terminal,sailing_to_terminal,0.0,1,430588.95943844755,0.0,430588.95943844755,23653.680721685872
greedy,9000031,185.0,0.0,1.0,5406.5854097978,1.770239476489116,0,1.0,0,0.0,0.6102557994605686,0,1.0,0,420.6560827828732,0.9676971931330257,0,1.0,0,2400.0,loading,yara_sluiskil,loading,7012.809652245157,idle,celsio,idle,7500.0,sailing,oygarden_terminal,sailing_to_terminal,0.0,1,437695.8290910831,0.0,437695.8290910831,23653.680721685872
greedy,9000031,186.0,0.0,1.0,5472.601596361309,0.6122435127457493,0,1.0,0,0.0,0.8868205685025756,0,1.0,0,0.0,0.9027012651485143,0,1.0,0,2908.853395545884,idle,yara_sluiskil,idle,7038.656558190763,idle,celsio,idle,7500.0,sailing,oygarden_terminal,sailing_to_terminal,0.0,1,442308.6471754495,0.0,442308.6471754495,23653.680721685872
greedy,9000031,187.0,0.0,1.0,5495.433521642388,0.5679400496223772,0,1.0,0,0.0,1.1768958604479112,0,1.0,0,0.0,1.0012891401725779,0,1.0,0,2991.1268255522527,idle,yara_sluiskil,idle,7076.217148102363,idle,celsio,idle,7500.0,sailing,oygarden_terminal,sailing_to_terminal,0.0,1,443664.5471446661,0.0,443664.5471446661,23653.680721685872
greedy,9000031,188.0,0.0,1.0,5516.613268055597,0.840614270554527,0,1.0,0,0.0,1.3447848105923343,0,1.0,0,0.0,1.2495855641302864,0,1.0,0,3082.385622467331,idle,yara_sluiskil,idle,7126.0636495852805,idle,celsio,idle,7500.0,sailing,oygarden_terminal,sailing_to_terminal,0.0,1,445187.437817372,0.0,445187.437817372,23653.680721685872
greedy,9000031,189.0,0.0,1.0,5547.961637005798,1.0947311447427301,0,1.0,0,0.0,1.0698929787751181,0,1.0,0,0.0,1.4064700455451344,0,1.0,0,3196.2743952699225,idle,yara_sluiskil,idle,7183.020955926628,idle,celsio,idle,7500.0,sailing,oygarden_terminal,sailing_to_terminal,0.0,1,446943.8092328434,0.0,446943.8092328434,23653.680721685872
greedy,9000031,190.0,0.0,1.0,5588.786580749084,0.4256610283203117,0,1.0,0,0.0,1.3087358794510071,0,1.0,0,0.0,1.6547112512642155,0,1.0,0,3324.4617179779193,idle,yara_sluiskil,idle,7228.335434246553,idle,celsio,idle,7500.0,sailing,oygarden_terminal,sailing_to_terminal,0.0,1,448721.02945935813,0.0,448721.02945935813,23653.680721685872
greedy,9000031,191.0,0.0,1.0,5604.660418652055,1.196144453151896,0,1.0,0,0.0,0.7577057999862441,0,1.0,0,0.0,1.6900192738144386,0,1.0,0,3475.2739232552276,idle,yara_sluiskil,idle,7283.765916371771,idle,celsio,idle,7500.0,sailing,oygarden_terminal,sailing_to_terminal,0.0,1,450755.2828328789,0.0,450755.2828328789,23653.680721685872
greedy,9000031,192.0,0.0,1.0,5649.267273239453,1.3967227138200693,0,1.0,0,0.0,0.7816005528901853,0,1.0,0,0.0,1.1821547571111022,0,1.0,0,3629.304027350605,idle,yara_sluiskil,idle,7315.857951488841,idle,celsio,idle,7500.0,sailing,oygarden_terminal,sailing_to_terminal,0.0,1,452631.57933981967,0.0,452631.57933981967,23653.680721685872
greedy,9000031,193.0,0.0,1.0,5701.354123457269,1.1968872237438883,0,1.0,0,0.0,0.34712380469593507,0,1.0,0,0.0,0.9666372749553706,0,1.0,0,3737.0467550573608,idle,yara_sluiskil,idle,7348.962030131671,idle,celsio,idle,7500.0,sailing,oygarden_terminal,sailing_to_terminal,0.0,1,454152.4407142373,0.0,454152.4407142373,23653.680721685872
greedy,9000031,194.0,0.0,1.0,5745.988663229263,0.9827738058595703,0,1.0,0,0.0,0.7567214285229495,0,1.0,0,0.0,1.3651250161331128,0,1.0,0,3825.146946270341,idle,yara_sluiskil,idle,7363.664186734504,idle,celsio,idle,7500.0,sailing,oygarden_terminal,sailing_to_terminal,0.0,0,455374.633115824,0.0,455374.633115824,23653.680721685872
greedy,9000031,195.0,0.0,1.0,5782.638439913889,0.8448728370444545,0,1.0,0,0.0,1.0133476474942302,0,1.0,0,0.0,0.9298766773606717,0,1.0,0,3949.565577389851,idle,yara_sluiskil,idle,7395.714529569994,idle,celsio,idle,7500.0,sailing,oygarden_terminal,sailing_to_terminal,0.0,0,457018.1367075821,0.0,457018.1367075821,23653.680721685872
greedy,9000031,196.0,0.0,1.0,5814.145583915952,1.1285915065568919,0,1.0,0,0.0,0.6655713974510449,0,1.0,0,0.0,1.5857038606375486,0,1.0,0,4034.315250050038,idle,yara_sluiskil,idle,7438.634074715056,idle,celsio,idle,7500.0,sailing,oygarden_terminal,sailing_to_terminal,0.0,0,458435.5470936927,0.0,458435.5470936927,23653.680721685872
greedy,9000031,197.0,0.0,1.0,5856.233205724661,1.2397345499085954,0,1.0,0,0.0,0.5079615228402408,0,1.0,0,0.0,0.9554671261586869,0,1.0,0,4178.837408315542,idle,yara_sluiskil,idle,7466.82382944612,idle,celsio,idle,7500.0,sailing,oygarden_terminal,sailing_to_terminal,0.0,1,460206.5662844701,0.0,460206.5662844701,23653.680721685872
greedy,9000031,198.0,0.0,1.0,5902.4655849173805,1.1269247234040827,0,1.0,0,0.0,0.9845366749549446,0,1.0,0,0.0,1.6752483401515135,0,1.0,0,4265.919286048868,idle,yara_sluiskil,idle,7488.338141504184,idle,celsio,idle,7500.0,sailing,oygarden_terminal,sailing_to_terminal,0.0,1,461474.2433873321,0.0,461474.2433873321,23653.680721685872
greedy,9000031,199.0,0.0,1.0,5944.491035248973,1.1293821814222236,0,1.0,0,30.037420495147536,1.081396211389523,0,1.0,0,0.0,0.5951642274472013,0,1.0,0,4418.60236628559,idle,yara_sluiskil,idle,7500.0,idle,celsio,idle,7500.0,sailing,oygarden_terminal,sailing_to_terminal,0.0,1,463179.5774374754,0.0,463179.5774374754,23653.680721685872
greedy,9000031,200.0,0.0,1.0,5986.608122707134,1.1234299475519367,0,1.0,0,75.83910921392106,0.6329543232773532,0,1.0,0,0.0,1.2274582517318287,0,1.0,0,4472.845930366912,idle,yara_sluiskil,idle,7500.0,sailing,oygarden_terminal,sailing_to_terminal,7500.0,sailing,oygarden_terminal,sailing_to_terminal,0.0,1,464435.6978933849,0.0,464435.6978933849,23653.680721685872
greedy,9000031,201.0,0.0,1.0,6028.503231838293,1.1144457774536323,0,1.0,0,102.6473933401439,1.04383552770119,0,1.0,0,0.0,1.4462553054435257,0,1.0,0,4584.717004464258,idle,yara_sluiskil,idle,7500.0,sailing,oygarden_terminal,sailing_to_terminal,7500.0,sailing,oygarden_terminal,sailing_to_terminal,0.0,1,466144.22455736296,0.0,466144.22455736296,23653.680721685872
greedy,9000031,202.0,0.0,1.0,6070.063294221273,1.2160811977553296,0,1.0,0,146.8582287488741,0.8986301945706302,0,1.0,0,0.0,0.31820947600111993,0,1.0,0,4716.529239439312,idle,yara_sluiskil,idle,7500.0,sailing,oygarden_terminal,sailing_to_terminal,7500.0,sailing,oygarden_terminal,sailing_to_terminal,0.0,1,468009.2998033405,0.0,468009.2998033405,23653.680721685872
greedy,9000031,203.0,0.0,1.0,6115.4135511224395,1.0859120850847186,0,1.0,0,184.9190061138406,0.8351403715458368,0,1.0,0,0.0,1.0662956026261712,0,1.0,0,4745.530945590268,idle,yara_sluiskil,idle,7500.0,sailing,oygarden_terminal,sailing_to_terminal,7500.0,sailing,oygarden_terminal,sailing_to_terminal,0.0,1,469067.25842252123,0.0,469067.25842252123,23653.680721685872
greedy,9000031,204.0,0.0,1.0,6155.909518166605,0.8758491629317169,0,1.0,0,220.29072180061323,0.9717325897022407,0,1.0,0,0.0,1.016876398022311,0,1.0,0,4842.713372061606,idle,yara_sluiskil,idle,7500.0,sailing,oygarden_terminal,sailing_to_terminal,7500.0,sailing,oygarden_terminal,sailing_to_terminal,0.0,1,470660.4714910951,0.0,470660.4714910951,23653.680721685872
greedy,9000031,205.0,0.0,1.0,6188.571787625007,1.2672497501111581,0,1.0,0,261.44769379910133,0.254108645621823,0,1.0,0,0.0,0.05063226108598362,0,1.0,0,4935.391652728212,idle,yara_sluiskil,idle,7500.0,sailing,oygarden_terminal,sailing_to_terminal,7500.0,sailing,oygarden_terminal,sailing_to_terminal,0.0,1,472218.32465042535,0.0,472218.32465042535,23653.680721685872
greedy,9000031,206.0,0.0,1.0,6235.830205970875,0.8783969002840439,0,1.0,0,272.2102662632355,1.0620212844514283,0,1.0,0,0.0,0.8635716189319844,0,1.0,0,4940.0062818642855,idle,yara_sluiskil,idle,7500.0,sailing,oygarden_terminal,sailing_to_terminal,7500.0,sailing,oygarden_terminal,sailing_to_terminal,0.0,1,473084.8319118238,0.0,473084.8319118238,23653.680721685872
greedy,9000031,207.0,0.0,1.0,6268.587474529545,1.2012249045277463,0,1.0,0,317.19134514148874,1.189334798473873,0,1.0,0,0.0,1.1302425266047194,0,1.0,0,5018.712224257323,idle,yara_sluiskil,idle,7500.0,sailing,oygarden_terminal,sailing_to_terminal,7500.0,sailing,oygarden_terminal,sailing_to_terminal,0.0,1,474532.99488022894,0.0,474532.99488022894,23653.680721685872
greedy,9000031,208.0,0.0,1.0,6313.383671389234,0.7436938833404805,0,1.0,0,367.56468809236765,1.1481930754143492,0,1.0,0,0.0,1.1126711143699055,0,1.0,0,5121.722485182861,idle,yara_sluiskil,idle,7500.0,sailing,oygarden_terminal,sailing_to_terminal,7500.0,sailing,oygarden_terminal,sailing_to_terminal,0.0,1,476171.95950888144,0.0,476171.95950888144,23653.680721685872
greedy,9000031,209.0,0.0,1.0,6341.117572106605,1.214870204951763,0,1.0,0,416.1955056181713,0.4310588855050351,0,1.0,0,0.0,0.8713731939058019,0,1.0,0,5223.131213716068,idle,yara_sluiskil,idle,7500.0,sailing,oygarden_terminal,sailing_to_terminal,7500.0,sailing,oygarden_terminal,sailing_to_terminal,0.0,1,477798.35126744956,0.0,477798.35126744956,23653.680721685872
greedy,9000031,210.0,0.0,1.0,6386.422616268504,0.7167668057347822,0,1.0,0,434.45266676357085,0.9202199001095788,0,1.0,0,0.0,1.3786366953097595,0,1.0,0,5302.548016732453,idle,yara_sluiskil,idle,7500.0,sailing,oygarden_terminal,sailing_to_terminal,7500.0,sailing,oygarden_terminal,sailing_to_terminal,0.0,1,479252.0948649498,0.0,479252.0948649498,23653.680721685872
greedy,9000031,211.0,0.0,1.0,6413.15234132931,0.9450148971572254,0,1.0,0,473.42785918031035,0.9297786810935038,0,1.0,0,0.0,0.642368482552607,0,1.0,0,5428.196635648815,idle,yara_sluiskil,idle,7500.0,sailing,oygarden_terminal,sailing_to_terminal,7500.0,sailing,oygarden_terminal,sailing_to_terminal,0.0,1,481068.78248896817,0.0,481068.78248896817,23653.680721685872
greedy,9000031,212.0,0.0,1.0,6448.3939058601845,0.8966199758019964,0,1.0,0,512.8079062715398,0.8841032774444412,0,1.0,0,0.0,0.7792246374059255,0,1.0,0,5486.7419025839035,idle,yara_sluiskil,idle,7500.0,sailing,oygarden_terminal,sailing_to_terminal,7500.0,sailing,oygarden_terminal,sailing_to_terminal,0.0,1,482358.6735706738,0.0,482358.6735706738,23653.680721685872
greedy,9000031,213.0,0.0,1.0,6481.830718071331,0.5722626275266436,0,1.0,0,550.2534074507296,0.9521576180050504,0,1.0,0,0.0,0.5629634562805435,0,1.0,0,5557.76014538629,idle,yara_sluiskil,idle,7500.0,sailing,oygarden_terminal,sailing_to_terminal,7500.0,sailing,oygarden_terminal,sailing_to_terminal,0.0,1,483746.48406124994,0.0,483746.48406124994,23653.680721685872
greedy,9000031,214.0,0.0,1.0,6503.171570885075,1.2536283228984328,0,1.0,0,590.581296869761,0.6637082459786394,0,1.0,0,0.0,1.0198695011111563,0,1.0,0,5609.068386524815,idle,yara_sluiskil,idle,7500.0,sailing,oygarden_terminal,sailing_to_terminal,7500.0,sailing,oygarden_terminal,sailing_to_terminal,0.0,1,484979.56069101393,0.0,484979.56069101393,23653.680721685872
greedy,9000031,215.0,0.0,1.0,6549.921947252161,0.9748258445533146,0,1.0,0,618.6921392809214,1.0931604349908963,0,1.0,0,0.0,1.123472380086023,0,1.0,0,5702.018774762379,idle,yara_sluiskil,idle,7500.0,sailing,oygarden_terminal,sailing_to_terminal,7500.0,sailing,oygarden_terminal,sailing_to_terminal,0.0,1,486539.55003763264,0.0,486539.55003763264,23653.680721685872
greedy,9000031,216.0,0.0,1.0,6586.275200413709,1.122359307300107,0,1.0,0,664.9920924671798,1.4126874501498683,0,1.0,0,0.0,1.21076591882411,0,1.0,0,5804.4114014868,idle,yara_sluiskil,idle,7500.0,sailing,oygarden_terminal,sailing_to_terminal,7500.0,sailing,oygarden_terminal,sailing_to_terminal,0.0,1,488173.6659135484,0.0,488173.6659135484,23653.680721685872
greedy,9000031,217.0,0.0,1.0,6628.130270840636,0.7093562684163607,0,1.0,0,724.8253618713165,1.4123813107232477,0,1.0,0,0.0,1.4972536713624733,0,1.0,0,5914.759830016709,idle,yara_sluiskil,idle,7500.0,sailing,oygarden_terminal,sailing_to_terminal,7500.0,sailing,oygarden_terminal,sailing_to_terminal,0.0,1,489870.2390104332,0.0,489870.2390104332,23653.680721685872
greedy,9000031,218.0,0.0,1.0,6654.583610339244,0.8053384475005132,0,1.0,0,784.6456649800521,1.225609789809064,0,1.0,0,0.0,1.086532757083805,0,1.0,0,6051.218468071832,idle,yara_sluiskil,idle,7500.0,sailing,oygarden_terminal,sailing_to_terminal,7500.0,sailing,oygarden_terminal,sailing_to_terminal,0.0,1,491771.7909599509,0.0,491771.7909599509,23653.680721685872
greedy,9000031,219.0,0.0,1.0,6684.616315883586,0.935911380553479,0,1.0,0,836.5554067493398,0.8486277432339988,0,1.0,0,0.0,1.0749603837519455,0,1.0,0,6150.24422040303,idle,yara_sluiskil,idle,7500.0,sailing,oygarden_terminal,sailing_to_terminal,7500.0,sailing,oygarden_terminal,sailing_to_terminal,0.0,1,493379.47510427074,0.0,493379.47510427074,23653.680721685872
greedy,9000031,220.0,0.0,1.0,6719.51834554906,0.8856824708090747,0,1.0,0,872.4983694898651,0.7778837598159092,0,1.0,0,0.0,0.8747257153692354,0,1.0,0,6248.215203586579,idle,yara_sluiskil,idle,7500.0,sailing,oygarden_terminal,sailing_to_terminal,7500.0,sailing,oygarden_terminal,sailing_to_terminal,0.0,1,494978.87875702773,0.0,494978.87875702773,23653.680721685872
greedy,9000031,221.0,0.0,1.0,6752.547231307074,1.6821785804400724,0,1.0,0,905.4450262760002,0.8974011416041301,0,1.0,0,0.0,0.504590146327735,0,1.0,0,6327.93690928493,idle,yara_sluiskil,idle,7500.0,sailing,oygarden_terminal,sailing_to_terminal,7500.0,sailing,oygarden_terminal,sailing_to_terminal,0.0,1,496435.0160006553,0.0,496435.0160006553,23653.680721685872
greedy,9000031,222.0,0.0,1.0,6815.27905343281,0.6301723954433375,0,1.0,0,943.4537480661481,0.6910617702838863,0,1.0,0,0.0,1.2521690436647126,0,1.0,0,6373.9247622366665,idle,yara_sluiskil,idle,7500.0,sailing,oygarden_terminal,sailing_to_terminal,7500.0,sailing,oygarden_terminal,sailing_to_terminal,0.0,1,497626.3247899492,0.0,497626.3247899492,23653.680721685872
greedy,9000031,223.0,0.0,1.0,6838.7794455545445,1.066673658270102,0,1.0,0,972.7231275540943,0.8929995567979728,0,1.0,0,0.0,0.9781660445645644,0,1.0,0,6488.046141611787,idle,yara_sluiskil,idle,7500.0,sailing,oygarden_terminal,sailing_to_terminal,7500.0,sailing,oygarden_terminal,sailing_to_terminal,0.0,1,499352.51753176807,0.0,499352.51753176807,23653.680721685872
greedy,9000031,224.0,0.0,1.0,6878.557838552079,0.855928328182674,0,1.0,0,1010.5454236706199,1.3196072598060642,0,1.0,0,0.0,1.2972192786141443,0,1.0,0,6577.195108170926,idle,yara_sluiskil,idle,7500.0,sailing,oygarden_terminal,sailing_to_terminal,7500.0,sailing,oygarden_terminal,sailing_to_terminal,0.0,1,500882.66372246476,0.0,500882.66372246476,23653.680721685872
greedy,9000031,225.0,0.0,1.0,6910.47711177517,1.3680902683228942,0,1.0,0,1066.436354587614,0.9470647559406911,0,1.0,0,0.0,1.2150865116312959,0,1.0,0,6695.422145099508,idle,yara_sluiskil,idle,7500.0,sailing,oygarden_terminal,sailing_to_terminal,7500.0,sailing,oygarden_terminal,sailing_to_terminal,0.0,1,502641.08803154854,0.0,502641.08803154854,23653.680721685872
greedy,9000031,226.0,0.0,1.0,6961.495914908203,1.2111227046754522,0,1.0,0,1106.5485398267133,0.7960684780562274,0,1.0,0,0.0,0.7545437328422194,0,1.0,0,6806.163616986878,idle,yara_sluiskil,idle,7500.0,sailing,oygarden_terminal,sailing_to_terminal,7500.0,unloading,oygarden_terminal,unloading,0.0,1,503925.60672513716,0.0,503925.60672513716,23653.680721685872
greedy,9000031,227.0,0.0,1.0,7006.661078588506,0.8310736231647399,0,1.0,0,1140.2653960970981,0.9058484636846146,0,1.0,0,0.0,1.3955795539185702,0,1.0,0,6874.93174283674,idle,yara_sluiskil,idle,7500.0,sailing,oygarden_terminal,sailing_to_terminal,6700.0,unloading,oygarden_terminal,unloading,514.6118721461187,1,505022.0417487448,0.0,505022.0417487448,23939.068849539755
greedy,9000031,228.0,0.0,1.0,7037.653454535651,0.9516898334446121,0,1.0,0,1178.6318975912645,1.2205982723762479,0,1.0,0,0.0,1.1355913931323354,0,1.0,0,7002.122938876674,idle,yara_sluiskil,idle,7500.0,sailing,oygarden_terminal,sailing_to_terminal,5900.0,unloading,oygarden_terminal,unloading,1029.2237442922374,1,506577.1285454563,0.0,506577.1285454563,24224.45697739364
greedy,9000031,229.0,0.0,1.0,7073.143841350393,1.3148820989850512,0,1.0,0,1230.329380468715,1.442123015471421,0,1.0,0,0.0,0.7224090426682979,0,1.0,0,7105.619096381601,idle,yara_sluiskil,idle,7500.0,sailing,oygarden_terminal,sailing_to_terminal,5100.0,unloading,oygarden_terminal,unloading,1543.835616438356,1,507946.1968497727,0.0,507946.1968497727,24509.84510524752
greedy,9000031,230.0,0.0,1.0,7122.178374620224,0.6352039086363979,0,1.0,0,1291.409370164563,0.916275290579639,0,1.0,0,0.0,0.790220358164939,0,1.0,0,7171.458363525508,idle,yara_sluiskil,idle,7500.0,sailing,oygarden_terminal,sailing_to_terminal,4300.0,unloading,oygarden_terminal,unloading,2058.4474885844747,1,509019.6387948878,0.0,509019.6387948878,24795.233233101404
greedy,9000031,231.0,0.0,1.0,7145.866370196916,0.9526367070038654,0,1.0,0,1330.2174917372356,1.1933244923507784,0,1.0,0,0.0,0.7922360956473691,0,1.0,0,7243.477798420494,idle,yara_sluiskil,idle,7500.0,sailing,oygarden_terminal,sailing_to_terminal,3500.0,unloading,oygarden_terminal,unloading,2577.036737767797,1,510139.96757685166,0.0,510139.96757685166,25076.643983918082
greedy,9000031,232.0,0.0,1.0,7181.392049690033,0.5633421794980937,0,1.0,0,1380.7598150443507,0.6097789655849739,0,1.0,0,0.0,0.8539553044434953,0,1.0,0,7315.680891364946,idle,yara_sluiskil,idle,7500.0,queued,oygarden_terminal,queued,2700.0,unloading,oygarden_terminal,unloading,3099.0951087169947,1,510845.17583100026,0.0,510845.17583100026,25354.585612968884
greedy,9000031,233.0,0.0,1.0,7202.400174137371,1.4307615506087403,0,1.0,0,1406.5865250649933,0.9583264060541246,0,1.0,0,0.0,1.4892288317714242,0,1.0,0,7393.508914132534,idle,yara_sluiskil,idle,7500.0,queued,oygarden_terminal,queued,1900.0,unloading,oygarden_terminal,unloading,3623.9385700654407,1,511593.4008502849,0.0,511593.4008502849,25629.742151620438
greedy,9000031,234.0,0.0,1.0,7255.756043744695,1.072104199345339,0,1.0,0,1447.1756886655135,0.9104264201596147,0,1.0,0,29.234577543632525,0.626336350488069,0,1.0,0,7500.0,idle,yara_sluiskil,idle,7500.0,queued,oygarden_terminal,queued,1100.0,unloading,oygarden_terminal,unloading,4151.101319327902,1,512565.69505496696,0.0,512565.69505496696,25902.579402357977
greedy,9000031,235.0,0.0,1.0,7295.736879571491,0.957506895226779,0,1.0,0,1485.7360859170606,1.2795607062568828,0,1.0,0,86.31771505753943,0.6626836555935961,0,1.0,0,7500.0,sailing,oygarden_terminal,sailing_to_terminal,7500.0,queued,oygarden_terminal,queued,300.0,unloading,oygarden_terminal,unloading,4680.244156878247,1,513116.30649157136,0.0,513116.30649157136,26173.43656480763
greedy,9000031,236.0,0.0,1.0,7331.444153937764,1.0173535776004123,0,1.0,0,1539.9308764549771,1.2158475301410252,0,1.0,0,146.7134343891393,1.560595893370337,0,1.0,0,7500.0,sailing,oygarden_terminal,sailing_to_terminal,7500.0,unloading,oygarden_terminal,unloading,0.0,idle,oygarden_terminal,idle,4711.1090822122915,1,513650.9493721844,0.0,513650.9493721844,26442.571639473586
greedy,9000031,237.0,0.0,1.0,7369.383220130645,0.944351208153509,0,1.0,0,1591.4271453696367,1.4304733273095098,0,1.0,0,288.94305100985116,0.8130980233963372,0,1.0,0,7500.0,sailing,oygarden_terminal,sailing_to_terminal,6700.0,unloading,oygarden_terminal,unloading,0.0,sailing,brevik,sailing_to_emitter,5243.493498719864,1,514615.3717614163,0.0,514615.3717614163,26710.187222966015
greedy,9000031,238.0,0.0,1.0,7404.599882282199,1.2457623162285234,0,1.0,0,1652.0137216567423,1.4336424191187198,0,1.0,0,363.04713801124535,0.7135208381463605,0,1.0,0,7500.0,sailing,oygarden_terminal,sailing_to_terminal,5900.0,unloading,oygarden_terminal,unloading,0.0,sailing,brevik,sailing_to_emitter,5777.234334347236,1,515579.23801880906,0.0,515579.23801880906,26976.44638733864
greedy,9000031,239.0,0.0,1.0,7451.056733477336,0.9782163753865319,0,1.0,0,1712.734522342859,1.0161452727971623,0,1.0,0,428.07591667629026,1.2974319001108099,0,1.0,0,7500.0,sailing,oygarden_terminal,sailing_to_terminal,5100.0,unloading,oygarden_terminal,unloading,0.0,sailing,brevik,sailing_to_emitter,6312.197697725567,1,516542.60303982394,0.0,516542.60303982394,27241.48302396031
greedy,9000031,240.0,0.0,1.0,7487.536280726613,0.7961101374788593,0,1.0,0,1755.772558714289,1.1545158127613715,0,1.0,0,546.3210264611196,1.1599499878497763,0,1.0,0,7500.0,sailing,oygarden_terminal,sailing_to_terminal,4300.0,unloading,oygarden_terminal,unloading,0.0,sailing,brevik,sailing_to_emitter,6848.2718426434785,1,517505.5126404076,0.0,517505.5126404076,27505.4088790424
greedy,9000031,241.0,17.22473478968977,1.0,7500.0,1.153469657116122,0,1.0,0,1804.6711708233997,0.42810363461532996,0,1.0,0,652.0362573063255,0.6105268399163989,0,1.0,0,7500.0,sailing,oygarden_terminal,sailing_to_terminal,3500.0,unloading,oygarden_terminal,unloading,0.0,sailing,brevik,sailing_to_emitter,7385.362214509416,1,518468.00558794255,1377.9787831751814,519845.9843711177,27768.318507176464
greedy,9000031,242.0,60.239794900792944,1.0,7500.0,0.8595526479564459,0,1.0,0,1822.8031646342824,0.8883705862136351,0,1.0,0,707.6782582950912,1.0977132863054582,0,1.0,0,7500.0,sailing,oygarden_terminal,sailing_to_terminal,2700.0,unloading,oygarden_terminal,unloading,0.0,sailing,brevik,sailing_to_emitter,7923.387861979841,1,519430.1150724797,4819.183592063435,524249.29866454314,28030.292859706038
greedy,9000031,243.0,92.29412996161962,1.0,7500.0,1.0109629817364194,0,1.0,0,1860.4294043308214,0.6446707868318419,0,1.0,0,807.7212291627827,0.8055938947324695,0,1.0,0,7500.0,sailing,oygarden_terminal,sailing_to_terminal,1900.0,unloading,oygarden_terminal,unloading,0.0,sailing,brevik,sailing_to_emitter,8462.278774486194,1,520391.86979835207,7383.530396929569,527775.4001952816,28291.401947199687
greedy,9000031,244.0,129.99483510616145,1.0,7500.0,0.6721006557316911,0,1.0,0,1887.7339300851872,0.8213803172524319,0,1.0,0,881.1410814124702,1.3450783367022545,0,1.0,0,7500.0,sailing,oygarden_terminal,sailing_to_terminal,1100.0,unloading,oygarden_terminal,unloading,0.0,sailing,brevik,sailing_to_emitter,9001.973865843353,1,521353.29481089563,10399.586808492917,531752.8816193886,28551.706855842527
greedy,9000031,245.0,155.05872471452176,1.0,7500.0,1.0448211283431792,0,1.0,0,1922.5228494602452,0.5734836595597328,0,1.0,0,1003.7281327671835,0.5285421508321128,0,1.0,0,7500.0,sailing,oygarden_terminal,sailing_to_terminal,692.4194197914453,unloading,oygarden_terminal,unloading,0.0,sailing,brevik,sailing_to_emitter,9150.0,1,522302.4335309878,12404.697977161743,534707.1315081496,28811.261301894436
greedy,9000031,246.0,194.02205004737988,1.0,7500.0,0.7207016120426245,0,1.0,0,1946.8123002497086,0.8826430628318543,0,1.0,0,1051.8980975840202,0.8925687829924702,0,1.0,0,7500.0,sailing,oygarden_terminal,sailing_to_terminal,433.56787285622636,unloading,oygarden_terminal,unloading,0.0,sailing,brevik,sailing_to_emitter,9150.0,1,523246.7441087014,15521.764003790393,538768.5081124918,29070.112848829656
greedy,9000031,247.0,220.8983507826413,1.0,7500.0,1.2944985993859663,0,1.0,0,1984.1959551837906,1.0764889124206545,0,1.0,0,1133.2444484809726,0.5354705622039362,0,1.0,0,7500.0,sailing,oygarden_terminal,sailing_to_terminal,175.37684813415797,unloading,oygarden_terminal,unloading,0.0,sailing,brevik,sailing_to_emitter,9150.0,1,524190.7637098671,17671.868062611306,541862.6317724783,29328.303873551726
greedy,9000031,248.0,269.17259837615285,1.0,7500.0,0.5912156495312989,0,1.0,0,2029.78979910206,0.7048069179088701,0,1.0,0,1182.0457790403102,0.9791815535202993,0,1.0,0,7500.0,sailing,oygarden_terminal,sailing_to_terminal,0.0,idle,oygarden_terminal,idle,0.0,sailing,brevik,sailing_to_emitter,9067.80837882014,1,525132.0001605751,21533.80787009223,546665.8080306674,29585.872342865743
greedy,9000031,249.0,291.22012014883273,1.0,7500.0,1.1079248502552097,0,1.0,0,2059.6413435414665,1.2077668656132168,0,1.0,0,1271.2856568491607,1.0977166036946617,0,1.0,0,7500.0,sailing,oygarden_terminal,sailing_to_terminal,0.0,sailing,brevik,sailing_to_emitter,0.0,sailing,brevik,sailing_to_emitter,8810.82827732682,1,526482.7820021875,23297.60961190662,549780.391614094,29842.852444359065
greedy,9000031,250.0,332.53667307279943,1.0,7500.0,1.0398871660807216,0,1.0,0,2110.7953622452915,0.8453827719339887,0,1.0,0,1371.3284152267051,1.225922796380157,0,1.0,0,7500.0,sailing,oygarden_terminal,sailing_to_terminal,0.0,sailing,brevik,sailing_to_emitter,0.0,sailing,brevik,sailing_to_emitter,8554.405617594308,1,527833.3352926777,26602.933845823954,554436.2691385017,30099.27510409158
greedy,9000031,251.0,371.31596952935064,1.0,7500.0,0.9953293105727375,0,1.0,0,2146.6008867704622,0.8648039976230742,0,1.0,0,1483.0554379683044,0.7504453808153233,0,1.0,0,7500.0,sailing,oygarden_terminal,sailing_to_terminal,0.0,sailing,brevik,sailing_to_emitter,0.0,sailing,brevik,sailing_to_emitter,8298.512306449902,1,529183.671550247,29705.277562348052,558888.9491125951,30355.168415235985
greedy,9000031,252.0,408.4336159965998,1.0,7500.0,1.0742120762253475,0,1.0,0,2183.2289820834535,0.9366335948899953,0,1.0,0,1551.448787645015,0.968545773156887,0,1.0,0,7500.0,sailing,oygarden_terminal,sailing_to_terminal,0.0,sailing,brevik,sailing_to_emitter,0.0,sailing,brevik,sailing_to_emitter,8043.122725784442,1,530533.8012783199,32674.689279727987,563208.4905580479,30610.557995901443
greedy,9000031,253.0,448.4929383108097,1.0,7500.0,1.5813465539181446,0,1.0,0,2222.8993636742807,1.0090711968782577,0,1.0,0,1639.7190905031966,1.099102759000628,0,1.0,0,7500.0,sailing,oygarden_terminal,sailing_to_terminal,0.0,sailing,brevik,sailing_to_emitter,0.0,sailing,brevik,sailing_to_emitter,7788.213431601284,1,531883.734088935,35879.435064864774,567763.1691537998,30865.4672900846
greedy,9000031,254.0,507.4642182877195,1.0,7500.0,1.45760306050435,0,1.0,0,2265.637783106241,1.4845596708095599,0,1.0,0,1739.8878845597003,0.46507039043942355,0,1.0,0,7500.0,sailing,oygarden_terminal,sailing_to_terminal,0.0,sailing,brevik,sailing_to_emitter,0.0,sailing,brevik,sailing_to_emitter,7533.762899152462,1,533233.478807239,40597.13746301756,573830.6162702566,31119.917822533425
greedy,9000031,255.0,561.820868845054,1.0,7500.0,0.7784733794213237,0,1.0,0,2328.515144068598,1.0995265367893219,0,1.0,0,1782.2729168348742,0.557121469004874,0,1.0,0,7500.0,sailing,oygarden_terminal,sailing_to_terminal,0.0,sailing,brevik,sailing_to_emitter,0.0,sailing,brevik,sailing_to_emitter,7279.751305732329,1,534583.0435605412,44945.669507604325,579528.7130681456,31373.92941595356
greedy,9000031,256.0,590.8515424157581,1.0,7500.0,0.8359471750524644,0,1.0,0,2375.084728505505,1.0652500044308824,0,1.0,0,1833.0471535324752,1.025140078233229,0,1.0,0,7500.0,sailing,oygarden_terminal,sailing_to_terminal,0.0,sailing,brevik,sailing_to_emitter,0.0,sailing,brevik,sailing_to_emitter,7026.160344476775,1,535932.435854656,47268.123393260656,583200.5592479167,31627.52037720911
greedy,9000031,257.0,622.0255122626966,1.0,7500.0,0.6849324335814788,0,1.0,0,2420.2025572871717,1.2157267578254012,0,1.0,0,1926.4750137221718,0.7775437832871771,0,1.0,0,7500.0,sailing,oygarden_terminal,sailing_to_terminal,0.0,sailing,brevik,sailing_to_emitter,0.0,sailing,brevik,sailing_to_emitter,6772.973063872219,1,537281.662639704,49762.04098101573,587043.7036207197,31880.70765781367
greedy,9000031,258.0,647.5678673701411,1.0,7500.0,0.9713646022296559,0,1.0,0,2471.6937109850883,0.4344949720246004,0,1.0,0,1997.3377182575398,1.159586390929832,0,1.0,0,7500.0,sailing,oygarden_terminal,sailing_to_terminal,0.0,sailing,brevik,sailing_to_emitter,0.0,sailing,brevik,sailing_to_emitter,6520.17372872351,1,538630.7303671149,51805.429389611294,590436.1597567261,32133.50699296238
greedy,9000031,259.0,683.7917843590062,1.0,7500.0,0.8779831945811336,0,1.0,0,2490.096404881132,0.7334972713741239,0,1.0,0,2103.0184132367312,1.2337204943839382,0,1.0,0,7500.0,sailing,oygarden_terminal,sailing_to_terminal,0.0,sailing,brevik,sailing_to_emitter,0.0,sailing,brevik,sailing_to_emitter,6267.747699142535,1,539979.645039243,54703.3427487205,594682.9877879636,32385.933022543355
greedy,9000031,260.0,716.5333361051071,1.0,7500.0,1.297053086786023,0,1.0,0,2521.163106748322,0.43533445742386934,0,1.0,0,2215.455351463861,1.2144876675608818,0,1.0,0,7500.0,sailing,oygarden_terminal,sailing_to_terminal,0.0,sailing,brevik,sailing_to_emitter,0.0,sailing,brevik,sailing_to_emitter,6015.681324756716,1,541328.4122527413,57322.66688840857,598651.0791411499,32637.99939692917
greedy,9000031,261.0,764.9027401982684,1.0,7500.0,1.2221828066363214,0,1.0,0,2539.6013563902957,0.7712233556775103,0,1.0,0,2326.1393962601455,0.5796125738638225,0,1.0,0,7500.0,sailing,oygarden_terminal,sailing_to_terminal,0.0,sailing,brevik,sailing_to_emitter,0.0,sailing,brevik,sailing_to_emitter,5763.961851840687,1,542677.037236637,61192.21921586147,603869.2564524985,32889.7188698452
greedy,9000031,262.0,810.4800917660249,1.0,7500.0,1.099005709029213,0,1.0,0,2572.265916980906,0.6365603737871652,0,1.0,0,2378.9631654396867,0.7853950828864367,0,1.0,0,7500.0,sailing,oygarden_terminal,sailing_to_terminal,0.0,sailing,brevik,sailing_to_emitter,0.0,sailing,brevik,sailing_to_emitter,5512.577341476018,1,544025.5248858863,64838.40734128199,608863.9322271683,33141.10338020987
greedy,9000031,263.0,851.463945608755,0.7234824887194453,7500.0,0.6995565975881681,0,1.0,0,2599.226932549328,1.4575510047141,0,1.0,0,2450.5411469118776,1.105162879182954,0,1.0,0,7500.0,sailing,oygarden_terminal,sailing_to_terminal,0.0,sailing,brevik,sailing_to_emitter,0.0,loading,brevik,loading,5261.516597166118,1,544958.7397910535,68117.1156487004,613075.8554397539,33392.16412451977
greedy,9000031,264.0,877.5516360564202,0.7234824887194453,6700.0,0.8611740364056927,0,1.0,0,2660.960362634006,0.6624755049632289,0,1.0,0,2551.2614998378112,0.9372267978399654,0,1.0,0,7500.0,sailing,oygarden_terminal,sailing_to_terminal,0.0,sailing,brevik,sailing_to_emitter,800.0,loading,brevik,loading,5010.7691005936795,1,552172.2462646483,70204.13088451362,622376.3771491619,33642.91162109221
greedy,9000031,265.0,877.5516360564202,0.7234824887194453,5932.114681705088,1.006747975134355,0,1.0,0,2689.0189932659273,0.782034216496412,0,1.0,0,2636.6767324975062,0.6571265137696625,0,1.0,0,7500.0,sailing,oygarden_terminal,sailing_to_terminal,0.0,sailing,brevik,sailing_to_emitter,1600.0,loading,brevik,loading,4760.32495441957,1,559385.6283645795,70204.13088451362,629589.7592490931,33893.355767266316
greedy,9000031,266.0,877.5516360564202,0.7234824887194453,5169.658063425829,1.1763244440098573,0,1.0,0,2722.141439390807,2.179157236842357,0,1.0,0,2696.5646624266537,1.5421593370083908,0,1.0,0,7500.0,sailing,oygarden_terminal,sailing_to_terminal,0.0,sailing,brevik,sailing_to_emitter,2400.0,loading,brevik,loading,4510.17483119502,1,566598.8899151017,70204.13088451362,636803.0207996153,34143.505890490866
greedy,9000031,267.0,877.5516360564202,0.7234824887194453,4413.525239336894,0.6962158185095995,0,1.0,0,2814.4379356979916,1.1127589303174634,0,1.0,0,2837.1109050172063,1.002858147744968,0,1.0,0,7500.0,sailing,oygarden_terminal,sailing_to_terminal,0.0,sailing,brevik,sailing_to_emitter,3200.0,loading,brevik,loading,4260.309927601078,1,573812.0345255751,70204.13088451362,644016.1654100887,34393.37079408481
greedy,9000031,268.0,877.5516360564202,0.7234824887194453,3639.488328877619,1.0862817924047168,0,1.0,0,2861.5679677885864,1.4632438695987737,0,1.0,0,2928.5073239957446,0.587579153292207,0,1.0,0,7500.0,sailing,oygarden_terminal,sailing_to_terminal,0.0,sailing,brevik,sailing_to_emitter,4000.0,loading,brevik,loading,4010.7219233468213,1,581025.0656073194,70204.13088451362,651229.196491833,34642.95879833907
greedy,9000031,269.0,877.5516360564202,0.7234824887194453,2879.997645321074,1.6305807904196694,0,1.0,0,2923.542514702249,1.0013893516755485,0,1.0,0,2982.0568625000515,0.9157909525285703,0,1.0,0,7500.0,sailing,oygarden_terminal,sailing_to_terminal,0.0,sailing,brevik,sailing_to_emitter,4800.0,loading,brevik,loading,3761.402944155337,1,588237.986388788,70204.13088451362,658442.1172733016,34892.27777753055
greedy,9000031,270.0,877.5516360564202,0.7234824887194453,2140.8047961807174,1.0927728945033035,0,1.0,0,2965.955575603215,1.3867767762435261,0,1.0,0,3065.5182081704597,0.7522755672000443,0,1.0,0,7500.0,sailing,oygarden_terminal,sailing_to_terminal,0.0,sailing,brevik,sailing_to_emitter,5600.0,loading,brevik,loading,3512.3455283479266,1,595450.7999292688,70204.13088451362,665654.9308137824,35141.33519333796
greedy,9000031,271.0,877.5516360564202,0.7234824887194453,1381.5561627800766,1.0547585430679118,0,1.0,0,3024.691418728017,1.2086248249594855,0,1.0,0,3134.0773971666044,0.9099637429056455,0,1.0,0,7500.0,sailing,oygarden_terminal,sailing_to_terminal,0.0,sailing,brevik,sailing_to_emitter,6400.0,loading,brevik,loading,3263.5425966052007,1,602663.5091312834,70204.13088451362,672867.640015797,35390.13812508069
greedy,9000031,272.0,877.5516360564202,0.7234824887194453,620.8899029953609,0.8133084125832946,0,1.0,0,3075.8817756273133,1.257216653356401,0,1.0,0,3217.007553461982,0.9472115391170056,0,1.0,0,7500.0,sailing,oygarden_terminal,sailing_to_terminal,0.0,sailing,brevik,sailing_to_emitter,7200.0,loading,brevik,loading,3014.987424541179,1,609876.1167518297,70204.13088451362,680080.2476363434,35638.69329714471
greedy,9000031,273.0,877.5516360564202,0.7234824887194453,351.2195522583513,1.3201890758029085,0,1.0,0,3129.1302013223676,0.8489011398067459,0,1.0,0,3303.33224919518,0.9776716117698979,0,1.0,0,7500.0,sailing,oygarden_terminal,sailing_to_terminal,0.0,sailing,brevik,sailing_to_emitter,7500.0,idle,brevik,idle,2766.673617775028,1,613163.3629126039,70204.13088451362,683367.4937971175,35887.00710391086
greedy,9000031,274.0,877.5516360564202,0.7234824887194453,400.4516326943908,1.0383964005237611,0,1.0,0,3165.0847435603887,1.2894175505168057,0,1.0,0,3392.4328765434852,0.5540034404269667,0,1.0,0,7500.0,sailing,oygarden_terminal,sailing_to_terminal,0.0,sailing,brevik,sailing_to_emitter,7500.0,sailing,oygarden_terminal,sailing_to_terminal,2518.595089226285,1,614510.4951093087,70204.13088451362,684714.6259938224,36135.0856324596
greedy,9000031,275.0,877.5516360564202,0.7234824887194453,439.17518105266754,0.9396380520052192,0,1.0,0,3219.6970130091686,0.8742633446532765,0,1.0,0,3442.9222404684137,0.9646416123430154,0,1.0,0,7500.0,sailing,oygarden_terminal,sailing_to_terminal,0.0,sailing,brevik,sailing_to_emitter,7500.0,sailing,oygarden_terminal,sailing_to_terminal,2270.746038394442,1,615857.5332201498,70204.13088451362,686061.6641046634,36382.934683291445
greedy,9000031,276.0,877.5516360564202,0.7234824887194453,474.2158588453173,1.0142432230524978,0,1.0,0,3256.7257515494957,0.8765246678312617,0,1.0,0,3530.835242559864,0.65452090010971,0,1.0,0,7500.0,sailing,oygarden_terminal,sailing_to_terminal,0.0,sailing,brevik,sailing_to_emitter,7500.0,sailing,oygarden_terminal,sailing_to_terminal,2023.1209324137758,1,617204.479513602,70204.13088451362,687408.6103981156,36630.55978927211
greedy,9000031,277.0,877.5516360564202,0.7234824887194453,512.0386824191274,1.0889027779574578,0,1.0,0,3293.8502666601494,0.9532069245462443,0,1.0,0,3590.485224710385,0.9568910461665658,0,1.0,0,7500.0,sailing,oygarden_terminal,sailing_to_terminal,0.0,sailing,brevik,sailing_to_emitter,7500.0,sailing,oygarden_terminal,sailing_to_terminal,1775.7144886999629,1,618551.3361555247,70204.13088451362,688755.4670400383,36877.96623298593
greedy,9000031,278.0,877.5516360564202,0.7234824887194453,552.6456789433836,0.9867841709362644,0,1.0,0,3334.222598635077,1.3973947760570666,0,1.0,0,3677.6917476064664,1.1817112465669335,0,1.0,0,7500.0,sailing,oygarden_terminal,sailing_to_terminal,0.0,sailing,brevik,sailing_to_emitter,7500.0,sailing,oygarden_terminal,sailing_to_terminal,1528.521659027156,1,619898.1052156906,70204.13088451362,690102.2361002042,37125.159062658735
greedy,9000031,279.0,877.5516360564202,0.7234824887194453,589.4444967657523,0.8090492847500218,0,1.0,0,3393.4081588174695,0.7840108684479403,0,1.0,0,3785.3872407680155,0.8676017176932542,0,1.0,0,7500.0,sailing,oygarden_terminal,sailing_to_terminal,0.0,sailing,brevik,sailing_to_emitter,7500.0,sailing,oygarden_terminal,sailing_to_terminal,1281.537614893249,1,621244.7886737854,70204.13088451362,691448.919558299,37372.14310679264
greedy,9000031,280.0,877.5516360564202,0.7234824887194453,619.6152803344497,0.5893502826228225,0,1.0,0,3426.614324486061,0.623204181227895,0,1.0,0,3864.4562404362223,1.674548554430356,0,1.0,0,7500.0,sailing,oygarden_terminal,sailing_to_terminal,0.0,sailing,brevik,sailing_to_emitter,7500.0,sailing,oygarden_terminal,sailing_to_terminal,1034.7577340475648,1,622591.3884249321,70204.13088451362,692795.5193094457,37618.922987638325
greedy,9000031,281.0,877.5516360564202,0.7234824887194453,641.5931218546697,1.4070051483582664,0,1.0,0,3453.00964898989,0.9639812149939432,0,1.0,0,4017.0663368135347,0.7882289058225056,0,1.0,0,7500.0,sailing,oygarden_terminal,sailing_to_terminal,0.0,loading,brevik,loading,7500.0,sailing,oygarden_terminal,sailing_to_terminal,788.1775880695428,1,623522.7662847831,70204.13088451362,693726.8971692967,37865.503133616345
greedy,9000031,282.0,877.5516360564202,0.7234824887194453,0.0,1.0143840933524615,0,1.0,0,3493.838317589686,0.4792011375898442,0,1.0,0,4088.901578933898,0.8983760781584045,0,1.0,0,7500.0,sailing,oygarden_terminal,sailing_to_terminal,694.0626499183876,idle,brevik,idle,7500.0,sailing,oygarden_terminal,sailing_to_terminal,541.7929308994394,1,629902.8201789734,70204.13088451362,700106.951063487,38111.88779078645
greedy,9000031,283.0,877.5516360564202,0.7234824887194453,0.0,0.9966419989407369,0,1.0,0,3514.134506078612,1.1026892627073337,0,1.0,0,4170.775023524043,1.0400927535893014,0,1.0,0,7500.0,sailing,oygarden_terminal,sailing_to_terminal,731.8906892487253,idle,brevik,idle,7500.0,sailing,oygarden_terminal,sailing_to_terminal,295.59968823296276,1,631131.0093769305,70204.13088451362,701335.1402614441,38358.08103345293
greedy,9000031,284.0,877.5516360564202,0.7234824887194453,0.0,0.9177053354794926,0,1.0,0,3560.8380452921992,1.090948243636342,0,1.0,0,4265.563738290068,0.07307316187120128,0,1.0,0,7500.0,sailing,oygarden_terminal,sailing_to_terminal,769.0570899291156,idle,brevik,idle,7500.0,sailing,oygarden_terminal,sailing_to_terminal,49.59394770125718,1,632353.92748825,70204.13088451362,702558.0583727636,38604.086773984636
greedy,9000031,285.0,877.5516360564202,0.7234824887194453,0.0,0.5877616965895843,0,1.0,0,3607.0443028479935,1.671038673269941,0,1.0,0,4272.223246282567,0.7988100529783103,0,1.0,0,7500.0,sailing,oygarden_terminal,sailing_to_terminal,803.2798085717893,idle,brevik,idle,7500.0,sailing,oygarden_terminal,sailing_to_terminal,0.0,1,633473.2073150796,70204.13088451362,703677.3381995932,38653.680721685894
greedy,9000031,286.0,877.5516360564202,1.0,0.0,0.8422510940085357,0,1.0,0,3677.819835760022,0.606852620503337,0,1.0,0,4345.022586379651,0.6486352197329978,0,1.0,0,7500.0,unloading,oygarden_terminal,unloading,825.1983908849932,idle,brevik,idle,7500.0,sailing,oygarden_terminal,sailing_to_terminal,0.0,1,634060.419693494,70204.13088451362,704264.5505780076,38653.680721685894
greedy,9000031,287.0,877.5516360564202,1.0,0.0,0.667989084328316,0,1.0,0,3703.5226027289864,1.0873768897166336,0,1.0,0,4404.135739837219,1.4180989782924045,0,1.0,0,6700.0,unloading,oygarden_terminal,unloading,856.6072885203306,idle,brevik,idle,7500.0,sailing,oygarden_terminal,sailing_to_terminal,536.049821636065,1,634854.7756027321,70204.13088451362,705058.9064872457,38917.63090004983
greedy,9000031,288.0,877.5516360564202,1.0,0.0,1.066575197889476,0,1.0,0,3749.5775983894528,1.53059695039534,0,1.0,0,4533.373620148108,1.2633132118384598,0,1.0,0,5900.0,unloading,oygarden_terminal,unloading,881.5176715934466,idle,brevik,idle,7500.0,sailing,oygarden_terminal,sailing_to_terminal,1080.1594072514606,1,635594.8102577047,70204.13088451362,705798.9411422183,39173.52131443443
greedy,9000031,289.0,877.5516360564202,1.0,0.0,1.3932956760819761,0,1.0,0,3814.4048322354383,0.8929542659118043,0,1.0,0,4648.50507721511,0.6967322264733893,0,1.0,0,5100.0,unloading,oygarden_terminal,unloading,921.2919619101858,idle,brevik,idle,7500.0,sailing,oygarden_terminal,sailing_to_terminal,1627.6667924570913,1,636450.1412902593,70204.13088451362,706654.2721747729,39426.0139292288
greedy,9000031,290.0,877.5516360564202,1.0,0.0,0.7819729970257155,0,1.0,0,3852.225210091988,0.5677835909501499,0,1.0,0,4712.001395226289,1.1933195906748437,0,1.0,0,4300.0,unloading,oygarden_terminal,unloading,973.2501716181121,idle,brevik,idle,7500.0,sailing,oygarden_terminal,sailing_to_terminal,2177.0980961368527,1,637400.3336800179,70204.13088451362,707604.4645645315,39676.58262554904
greedy,9000031,291.0,877.5516360564202,1.0,0.0,1.012665304977118,0,1.0,0,3876.2732389443463,1.247547854199057,0,1.0,0,4820.7538565507275,1.0216240146941888,0,1.0,0,3500.0,unloading,oygarden_terminal,unloading,1002.4111825404553,idle,brevik,idle,7500.0,sailing,oygarden_terminal,sailing_to_terminal,2727.7946659904296,1,638171.0373316491,70204.13088451362,708375.1682161627,39925.88605569546
greedy,9000031,292.0,877.5516360564202,1.0,0.0,1.3656360874607634,0,1.0,0,3929.1121502314295,0.04399996176907295,0,1.0,0,4913.858876641792,1.0608852705840577,0,1.0,0,2700.0,unloading,oygarden_terminal,unloading,1040.175068736238,idle,brevik,idle,7500.0,sailing,oygarden_terminal,sailing_to_terminal,3279.4049139260374,1,639008.9034626727,70204.13088451362,709213.0343471863,40174.275807759856
greedy,9000031,293.0,877.5516360564202,1.0,0.0,1.1932438898269309,0,1.0,0,3930.9757341161885,0.9355595350494623,0,1.0,0,5010.541873904026,0.8149122748821784,0,1.0,0,1900.0,unloading,oygarden_terminal,unloading,1091.1017838519433,idle,brevik,idle,7500.0,sailing,oygarden_terminal,sailing_to_terminal,3831.7189374584,1,639949.816163208,70204.13088451362,710153.9470477216,40421.9617842275
greedy,9000031,294.0,877.5516360564202,1.0,0.0,1.0771300068701697,0,1.0,0,3970.600624744533,0.8061032844131466,0,1.0,0,5084.8082488859445,0.7940878302737138,0,1.0,0,1100.0,unloading,oygarden_terminal,unloading,1135.5997147370333,idle,brevik,idle,7500.0,sailing,oygarden_terminal,sailing_to_terminal,4384.601237991291,1,640840.0265388513,70204.13088451362,711044.1574233649,40669.07948369461
greedy,9000031,295.0,877.5516360564202,1.0,0.0,1.478544803501857,0,1.0,0,4004.7424973708767,1.0517365254216218,0,1.0,0,5157.176751647439,1.2716851526369382,0,1.0,0,300.0,unloading,oygarden_terminal,unloading,1175.7675708617726,idle,brevik,idle,7500.0,sailing,oygarden_terminal,sailing_to_terminal,4937.959107108194,1,641696.0485712172,70204.13088451362,711900.1794557308,40915.721614577706
greedy,9000031,296.0,877.5516360564202,1.0,0.0,1.1193951134381575,0,1.0,0,4049.2879733436735,0.8236979990325893,0,1.0,0,5273.070585192333,0.24737575257184974,0,1.0,0,0.0,idle,oygarden_terminal,idle,1230.9048012858918,idle,brevik,idle,7500.0,sailing,oygarden_terminal,sailing_to_terminal,4991.726173954833,1,642654.1577796853,70204.13088451362,712858.288664199,41161.95454773107
greedy,9000031,297.0,877.5516360564202,1.0,0.0,0.9057338548647,0,1.0,0,4084.1750563134674,0.9603223726763924,0,1.0,0,5295.614925790337,0.7457273155530701,0,1.0,0,0.0,sailing,yara_sluiskil,sailing_to_emitter,1272.6487756508461,idle,brevik,idle,7500.0,sailing,oygarden_terminal,sailing_to_terminal,4745.853158847688,1,643912.9578302307,70204.13088451362,714117.0887147443,41407.82756283821
greedy,9000031,298.0,877.5516360564202,1.0,0.0,0.9594446888962139,0,1.0,0,4124.848757515436,1.460424723525408,0,1.0,0,5363.575985273584,1.4050955027062586,0,1.0,0,0.0,sailing,yara_sluiskil,sailing_to_emitter,1306.4249859288873,idle,brevik,idle,7500.0,sailing,oygarden_terminal,sailing_to_terminal,4500.3023544989355,1,645109.0746432067,70204.13088451362,715313.2055277203,41653.37836718696
greedy,9000031,299.0,877.5516360564202,1.0,0.0,0.5865986670036463,0,1.0,0,4186.703901707371,1.1277153982441914,0,1.0,0,5491.627763508941,1.2389142225357066,0,1.0,0,0.0,sailing,yara_sluiskil,sailing_to_emitter,1342.2041492065352,idle,brevik,idle,7500.0,sailing,oygarden_terminal,sailing_to_terminal,4255.04416828652,1,646320.7957153441,70204.13088451362,716524.9265998577,41898.636553399374
greedy,9000031,300.0,877.5516360564202,1.0,0.0,1.1335345695958126,0,1.0,0,4234.467403271132,0.8297311561048102,0,1.0,0,5604.5347170491805,1.3216561186860218,0,1.0,0,0.0,sailing,yara_sluiskil,sailing_to_emitter,1364.0793092352658,idle,brevik,idle,7500.0,sailing,oygarden_terminal,sailing_to_terminal,4010.054867311092,1,647423.2528194286,70204.13088451362,717627.3837039422,42143.625854374804
greedy,9000031,301.0,877.5516360564202,1.0,0.0,1.159143628769173,0,1.0,0,4269.610015878725,1.5425249951761946,0,1.0,0,5724.982164957392,0.8874335419315139,0,1.0,0,0.0,sailing,yara_sluiskil,sailing_to_emitter,1406.350537441574,idle,brevik,idle,7500.0,sailing,oygarden_terminal,sailing_to_terminal,3765.3150574822516,1,648685.7274752727,70204.13088451362,718889.8583597863,42388.365664203644
greedy,9000031,302.0,877.5516360564202,1.0,0.0,0.47404585828272716,0,1.0,0,4334.942452709816,1.2192456370376075,0,1.0,0,5805.857231640374,1.5392898651074223,0,1.0,0,0.0,sailing,yara_sluiskil,sailing_to_emitter,1449.576759460974,idle,brevik,idle,7500.0,sailing,oygarden_terminal,sailing_to_terminal,3520.8086277810417,1,649955.603648069,70204.13088451362,720159.7345325826,42632.87209390485
greedy,9000031,303.0,877.5516360564202,1.0,0.0,1.2838744713695718,0,1.0,0,4386.582645777965,1.290068184273709,0,1.0,0,5946.138247716099,0.5981712926804768,0,1.0,0,0.0,sailing,yara_sluiskil,sailing_to_emitter,1467.254644851537,idle,brevik,idle,7500.0,unloading,oygarden_terminal,unloading,3276.5219989866023,1,650609.6818470805,70204.13088451362,720813.8127315941,42877.15872269929
greedy,9000031,304.0,877.5516360564202,1.0,0.0,0.8407810485408748,0,1.0,0,4441.222472309421,1.4172808046495748,0,1.0,0,6000.651706770049,0.9029544589180987,0,1.0,0,0.0,sailing,yara_sluiskil,sailing_to_emitter,1515.1322522683643,idle,brevik,idle,6700.0,unloading,oygarden_terminal,unloading,3832.443577326767,1,651525.1783539271,70204.13088451362,721729.3092384407,43121.237144359126
greedy,9000031,305.0,877.5516360564202,1.0,0.0,1.1596476315195836,0,1.0,0,4501.250289642203,1.000724675732505,0,1.0,0,6082.941069930728,0.8615481026176536,0,1.0,0,0.0,sailing,yara_sluiskil,sailing_to_emitter,1546.4862353769022,idle,brevik,idle,5900.0,unloading,oygarden_terminal,unloading,4388.563349470701,1,652310.8744755911,70204.13088451362,722515.0053601047,43365.117372215194
greedy,9000031,306.0,877.5516360564202,1.0,0.0,1.2742427514230081,0,1.0,0,4543.635198714707,1.5798027145379892,0,1.0,0,6161.456870893439,0.9289310252174026,0,1.0,0,0.0,sailing,yara_sluiskil,sailing_to_emitter,1589.7312234312385,idle,brevik,idle,5100.0,unloading,oygarden_terminal,unloading,4944.872577137643,1,653189.843552093,70204.13088451362,723393.9744366066,43608.80814454825
greedy,9000031,307.0,877.5516360564202,1.0,0.0,1.2198264623955404,0,1.0,0,4610.546504123636,0.7986947738028097,0,1.0,0,6246.11344391716,0.778418016413891,0,1.0,0,0.0,sailing,yara_sluiskil,sailing_to_emitter,1637.2496266080457,idle,brevik,idle,4300.0,unloading,oygarden_terminal,unloading,5501.363563276315,1,654102.2866598759,70204.13088451362,724306.4175443895,43852.31715840958
greedy,9000031,308.0,877.5516360564202,1.0,0.0,1.7325458226044592,0,1.0,0,4644.374595091351,1.338918910090656,0,1.0,0,6317.053213838855,0.6438443849994833,0,1.0,0,0.0,sailing,yara_sluiskil,sailing_to_emitter,1682.7387582942868,idle,brevik,idle,3500.0,unloading,oygarden_terminal,unloading,6058.029470558738,1,654998.7272034211,70204.13088451362,725202.8580879347,44095.651251127165
greedy,9000031,309.0,877.5516360564202,1.0,0.0,0.30590445991684223,0,1.0,0,4701.083455815815,1.010344828001315,0,1.0,0,6375.72880715129,0.6374764771988954,0,1.0,0,0.0,sailing,yara_sluiskil,sailing_to_emitter,1747.347940594112,idle,brevik,idle,2700.0,unloading,oygarden_terminal,unloading,6614.864178711684,1,656045.2009739529,70204.13088451362,726249.3318584665,44338.816542974215
greedy,9000031,310.0,877.5516360564202,1.0,0.0,0.7564014764246032,0,1.0,0,4743.875818895465,1.2821600535204272,0,1.0,0,6433.824029357464,1.1776151838489959,0,1.0,0,0.0,sailing,yara_sluiskil,sailing_to_emitter,1758.755566054445,idle,brevik,idle,1900.0,unloading,oygarden_terminal,unloading,7171.862171089718,1,656673.9476459447,70204.13088451362,726878.0785304583,44581.81855059618
greedy,9000031,311.0,877.5516360564202,1.0,0.0,0.7431666076572987,0,1.0,0,4798.180702748841,1.3315616670543053,0,1.0,0,6541.143699853625,0.8287828283735528,0,1.0,0,0.0,sailing,yara_sluiskil,sailing_to_emitter,1786.9628807000724,idle,brevik,idle,1100.0,unloading,oygarden_terminal,unloading,7729.01844354914,1,657434.5158030449,70204.13088451362,727638.6466875585,44824.66227813676
greedy,9000031,312.0,877.5516360564202,1.0,0.0,0.34390020100669727,0,1.0,0,4854.577953212579,1.1033354011669694,0,1.0,0,6616.673156235181,0.943459523539232,0,1.0,0,0.0,sailing,yara_sluiskil,sailing_to_emitter,1814.676643320694,idle,brevik,idle,300.0,unloading,oygarden_terminal,unloading,8286.328430530626,0,658191.1462946796,70204.13088451362,728395.2771791932,45067.35229115527
greedy,9000031,313.0,877.5516360564202,1.0,0.0,0.9690535478965131,0,1.0,0,4901.308859114051,1.0734875221139033,0,1.0,0,6702.653379404039,0.6857934830628531,0,1.0,0,0.0,sailing,yara_sluiskil,sailing_to_emitter,1827.5011790959243,idle,brevik,idle,0.0,idle,oygarden_terminal,idle,8586.328430530626,0,658716.1231333965,70204.13088451362,728920.2540179101,45067.35229115527
greedy,9000031,314.0,877.5516360564202,1.0,0.0,0.8958951123222082,0,1.0,0,4946.775581498969,0.9844185721707701,0,1.0,0,6765.151697455951,1.0635317230582533,0,1.0,0,0.0,sailing,yara_sluiskil,sailing_to_emitter,1863.6385813340942,idle,brevik,idle,0.0,sailing,yara_sluiskil,sailing_to_emitter,8586.328430530626,0,659830.1007131023,70204.13088451362,730034.2315976159,45067.35229115527
greedy,9000031,315.0,877.5516360564202,1.0,0.0,0.7049446798009645,0,1.0,0,4988.469858339101,0.19389774130908766,0,1.0,0,6862.074308504693,1.236034022203837,0,1.0,0,0.0,sailing,yara_sluiskil,sailing_to_emitter,1897.0477947861805,idle,brevik,idle,0.0,sailing,yara_sluiskil,sailing_to_emitter,8586.328430530626,0,660922.6605785382,70204.13088451362,731126.7914630518,45067.35229115527
greedy,9000031,316.0,877.5516360564202,1.0,0.0,1.438627101132247,0,1.0,0,4996.6822451564185,0.7241218329915182,0,1.0,0,6974.717452196704,0.925078569440197,0,1.0,0,0.0,sailing,yara_sluiskil,sailing_to_emitter,1923.3361885569611,idle,brevik,idle,0.0,sailing,yara_sluiskil,sailing_to_emitter,8586.328430530626,0,661959.3182710456,70204.13088451362,732163.4491555592,45067.35229115527
greedy,9000031,317.0,877.5516360564202,1.0,0.0,1.2929704052476665,0,1.0,0,5027.351857681258,1.3085786265043213,0,1.0,0,7059.022317388312,0.9272938818955646,0,1.0,0,0.0,sailing,yara_sluiskil,sailing_to_emitter,1976.9846388859205,idle,brevik,idle,0.0,sailing,yara_sluiskil,sailing_to_emitter,8586.328430530626,0,663210.7667715644,70204.13088451362,733414.897656078,45067.35229115527
greedy,9000031,318.0,877.5516360564202,1.0,0.0,1.3166648960350076,0,1.0,0,5082.775679481205,1.116219207775632,0,1.0,0,7143.529007754728,1.0598040419961092,0,1.0,0,0.0,sailing,yara_sluiskil,sailing_to_emitter,2025.2013348507294,idle,brevik,idle,0.0,sailing,yara_sluiskil,sailing_to_emitter,8586.328430530626,0,664419.5731486534,70204.13088451362,734623.704033167,45067.35229115527
greedy,9000031,319.0,877.5516360564202,1.0,0.0,0.7002916086012237,0,1.0,0,5130.052268910683,1.4483657716432967,0,1.0,0,7240.111620808019,0.9242434445690386,0,1.0,0,0.0,sailing,yara_sluiskil,sailing_to_emitter,2074.301624004713,idle,brevik,idle,0.0,sailing,yara_sluiskil,sailing_to_emitter,8586.328430530626,0,665635.316196164,70204.13088451362,735839.4470806776,45067.35229115527
greedy,9000031,320.0,877.5516360564202,1.0,0.0,0.9110008564323898,0,1.0,0,5191.39666564987,0.7006654231926193,0,1.0,0,7324.340193080765,1.2750968344875466,0,1.0,0,0.0,sailing,yara_sluiskil,sailing_to_emitter,2100.4164805985797,idle,brevik,idle,0.0,sailing,yara_sluiskil,sailing_to_emitter,8586.328430530626,0,666670.6115307256,70204.13088451362,736874.7424152392,45067.35229115527
greedy,9000031,321.0,877.5516360564202,1.0,0.0,0.9712471838256026,0,1.0,0,5221.072800327502,1.1193656297223558,0,1.0,0,7440.542809988662,1.0691188280316537,0,1.0,0,0.0,sailing,yara_sluiskil,sailing_to_emitter,2134.38897520314,idle,brevik,idle,0.0,sailing,yara_sluiskil,sailing_to_emitter,8586.328430530626,0,667767.593448931,70204.13088451362,737971.7243334446,45067.35229115527
greedy,9000031,322.0,877.5516360564202,1.0,0.0,1.6748439751078892,0,1.0,0,5268.4826539917385,1.2160925276328574,0,1.0,0,7537.974088073749,0.8308432512608557,0,1.0,0,0.0,sailing,yara_sluiskil,sailing_to_emitter,2170.6081336928296,idle,brevik,idle,0.0,sailing,yara_sluiskil,sailing_to_emitter,8586.328430530626,0,668882.2128581334,70204.13088451362,739086.343742647,45067.35229115527
greedy,9000031,323.0,877.5516360564202,1.0,0.0,0.9560369862823457,0,1.0,0,5319.989299583087,1.0523126775482483,0,1.0,0,7613.690704620152,0.8394672117592415,0,1.0,0,0.0,sailing,yara_sluiskil,sailing_to_emitter,2233.065383508664,idle,brevik,idle,0.0,sailing,yara_sluiskil,sailing_to_emitter,8586.328430530626,0,670202.8150592438,70204.13088451362,740406.9459437574,45067.35229115527
greedy,9000031,324.0,877.5516360564202,1.0,0.0,0.6537075613662526,0,1.0,0,5364.559178027504,1.0534019793339122,0,1.0,0,7690.19318586363,1.0944964801443189,0,1.0,0,0.0,sailing,yara_sluiskil,sailing_to_emitter,2268.7173201461,idle,brevik,idle,0.0,sailing,yara_sluiskil,sailing_to_emitter,8586.328430530626,0,671312.9814791143,70204.13088451362,741517.1123636279,45067.35229115527
greedy,9000031,325.0,877.5516360564202,1.0,0.0,1.2366254584759264,0,1.0,0,5409.17519299504,0.22856887854532804,0,1.0,0,7789.936968242727,0.0,1,1.0,0,0.0,sailing,yara_sluiskil,sailing_to_emitter,2293.094971996222,idle,brevik,idle,0.0,sailing,yara_sluiskil,sailing_to_emitter,8586.328430530626,0,672334.6388444051,70204.13088451362,742538.7697289187,45067.35229115527
greedy,9000031,326.0,877.5516360564202,1.0,0.0,1.089341223623657,0,1.0,0,5418.856048647826,0.7902223370919192,0,1.0,0,7789.936968242727,0.0,1,1.0,0,0.0,sailing,yara_sluiskil,sailing_to_emitter,2339.2104245731653,idle,brevik,idle,0.0,sailing,yara_sluiskil,sailing_to_emitter,8586.328430530626,0,673526.9493577466,70204.13088451362,743731.0802422602,45067.35229115527
greedy,9000031,327.0,877.5516360564202,1.0,0.0,1.1814033396826686,0,1.0,0,5452.325296201042,0.8493032494492346,0,1.0,0,7789.936968242727,0.0,1,1.0,0,0.0,sailing,yara_sluiskil,sailing_to_emitter,2379.8334403061554,idle,brevik,idle,0.0,sailing,yara_sluiskil,sailing_to_emitter,8586.328430530626,0,674676.1413583338,70204.13088451362,744880.2722428474,45067.35229115527
greedy,9000031,328.0,877.5516360564202,1.0,0.0,1.033569398453863,0,1.0,0,5488.296869477716,1.2331660962932283,0,1.0,0,7789.936968242727,0.0,1,1.0,0,0.0,sailing,yara_sluiskil,sailing_to_emitter,2423.8895692816404,idle,brevik,idle,0.0,sailing,yara_sluiskil,sailing_to_emitter,8586.328430530626,0,675852.285100259,70204.13088451362,746056.4159847726,45067.35229115527
greedy,9000031,329.0,877.5516360564202,1.0,0.0,0.7824318592015446,0,1.0,0,5540.526652683997,0.8434078856159088,0,1.0,0,7789.936968242727,0.0,1,1.0,0,0.0,sailing,yara_sluiskil,sailing_to_emitter,2462.432764367965,idle,brevik,idle,0.0,sailing,yara_sluiskil,sailing_to_emitter,8586.328430530626,1,676985.1494168643,70204.13088451362,747189.2803013779,45067.35229115527
greedy,9000031,330.0,877.5516360564202,1.0,0.0,1.2767317241368528,0,1.0,0,5576.2485324474765,1.4235339076319244,0,1.0,0,7789.936968242727,0.0,1,1.0,0,0.0,sailing,yara_sluiskil,sailing_to_emitter,2491.6106976387136,idle,brevik,idle,0.0,sailing,yara_sluiskil,sailing_to_emitter,8300.940302676745,1,678161.5006438746,70204.13088451362,748365.6315283882,45352.740419009155
greedy,9000031,331.0,877.5516360564202,1.0,0.0,0.7652733290423845,0,1.0,0,5636.541195054643,1.1746240593991457,0,1.0,0,7789.936968242727,1.343662186948726,0,1.0,0,0.0,sailing,yara_sluiskil,sailing_to_emitter,2539.2217280686286,idle,brevik,idle,0.0,sailing,yara_sluiskil,sailing_to_emitter,8022.752230506783,1,679479.6093381302,70204.13088451362,749683.7402226438,45630.92849117912
greedy,9000031,332.0,877.5516360564202,1.0,0.0,1.8767337252072671,0,1.0,0,5686.291476185232,0.9538038750681848,0,1.0,0,7912.387119038311,0.5876055076918036,0,1.0,0,0.0,sailing,yara_sluiskil,sailing_to_emitter,2567.7597875568736,idle,brevik,idle,0.0,sailing,yara_sluiskil,sailing_to_emitter,7751.965920067392,1,680644.9504748743,70204.13088451362,750849.081359388,45901.71480161851
greedy,9000031,333.0,877.5516360564202,1.0,0.0,0.7041478396277052,0,1.0,0,5726.689091531506,0.3700238599349187,0,1.0,0,7965.936538546178,0.7138638591801345,0,1.0,0,0.0,sailing,yara_sluiskil,sailing_to_emitter,2637.745669211837,idle,brevik,idle,0.0,sailing,yara_sluiskil,sailing_to_emitter,7485.911666283719,1,682133.7386325048,70204.13088451362,752337.8695170184,46167.76905540218
greedy,9000031,334.0,877.5516360564202,1.0,0.0,0.7589211472808165,0,1.0,0,5742.361162020344,0.7387839792823756,0,1.0,0,8030.9920328231465,1.2775709710558734,0,1.0,0,0.0,sailing,yara_sluiskil,sailing_to_emitter,2664.004268810111,idle,brevik,idle,0.0,sailing,yara_sluiskil,sailing_to_emitter,7223.243827300274,1,683277.8562390993,70204.13088451362,753481.9871236129,46430.43689438563
greedy,9000031,335.0,877.5516360564202,1.0,0.0,1.372850030216929,0,1.0,0,5773.651778256209,0.8810980160311948,0,1.0,0,8147.418924060663,0.8784067572144649,0,1.0,0,0.0,sailing,yara_sluiskil,sailing_to_emitter,2692.3054325789158,idle,brevik,idle,0.0,sailing,yara_sluiskil,sailing_to_emitter,6963.162267534652,1,684436.9486722993,70204.13088451362,754641.0795568129,46690.51845415126
greedy,9000031,336.0,877.5516360564202,1.0,0.0,1.0249128420196179,0,1.0,0,5810.969993944365,1.1167651113915218,0,1.0,0,8227.469344046942,1.0439055711555223,0,1.0,0,0.0,sailing,yara_sluiskil,sailing_to_emitter,2743.5008004021443,idle,brevik,idle,0.0,sailing,yara_sluiskil,sailing_to_emitter,6705.142685169888,1,685774.9272160495,70204.13088451362,755979.0581005631,46948.53803651602
greedy,9000031,337.0,877.5516360564202,1.0,0.0,1.4677119062017008,0,1.653497191441933,1,5858.269704693506,1.3147897777549655,0,1.0,0,8322.60182939436,1.3181462469525869,0,1.0,0,0.0,sailing,yara_sluiskil,sailing_to_emitter,2781.7211306179247,idle,brevik,idle,0.0,sailing,yara_sluiskil,sailing_to_emitter,6448.818483713814,1,687010.3497965136,70204.13088451362,757214.4806810272,47204.8622379721
greedy,9000031,338.0,877.5516360564202,1.0,0.0,0.6914954569457707,0,1.653497191441933,1,5913.956594935132,1.3227334571600895,0,1.0,0,8442.726139289372,0.3919226608173968,0,1.0,0,0.0,sailing,yara_sluiskil,sailing_to_emitter,2836.454002416257,idle,brevik,idle,0.0,sailing,yara_sluiskil,sailing_to_emitter,6193.921079726195,1,688374.8195105231,70204.13088451362,758578.9503950367,47459.75964195972
greedy,9000031,339.0,877.5516360564202,1.0,0.0,1.0380973618813705,0,1.653497191441933,1,5969.979933490117,0.6181152952234672,0,1.0,0,8478.442513446478,1.225768400991085,0,1.0,0,0.0,sailing,yara_sluiskil,sailing_to_emitter,2862.240756577427,idle,brevik,idle,0.0,sailing,yara_sluiskil,sailing_to_emitter,5940.246620226028,1,689511.5455971293,70204.13088451362,759715.6764816429,47713.43410145988
greedy,9000031,340.0,877.5516360564202,1.0,0.0,0.7690178734578931,0,1.653497191441933,1,5996.159722216916,1.0829017640760186,0,1.0,0,8590.148150883258,0.820690479951988,0,1.0,0,0.0,sailing,yara_sluiskil,sailing_to_emitter,2900.952734928509,idle,brevik,idle,0.0,sailing,yara_sluiskil,sailing_to_emitter,5687.636030292184,1,690749.3052928469,70204.13088451362,760953.4361773605,47966.04469139373
greedy,9000031,341.0,877.5516360564202,1.0,0.0,1.77251245840017,0,1.653497191441933,1,6042.025177439373,0.4399352628557478,0,1.0,0,8664.938531942835,1.0917537951396183,0,1.0,0,0.0,sailing,yara_sluiskil,sailing_to_emitter,2929.630390389507,idle,brevik,idle,0.0,sailing,yara_sluiskil,sailing_to_emitter,5435.9623652990385,1,691907.9061466319,70204.13088451362,762112.0370311455,48217.718356386875
greedy,9000031,342.0,877.5516360564202,1.0,0.0,1.9503244239693664,0,1.653497191441933,1,6060.6582905883815,0.8356417363427509,0,1.0,0,8764.43112302912,0.7905889004099981,0,1.0,0,0.0,loading,yara_sluiskil,loading,2995.7296239640214,idle,brevik,idle,0.0,sailing,yara_sluiskil,sailing_to_emitter,5185.1224296196515,1,692944.8042059181,70204.13088451362,763148.9350904317,48468.558292066264
greedy,9000031,343.0,877.5516360564202,1.0,0.0,1.5490139250594503,0,1.653497191441933,1,6096.051241188057,1.1009997741036024,0,1.0,0,8036.478209749972,1.2078896975946365,0,1.0,0,800.0,loading,yara_sluiskil,loading,3068.4596791426134,idle,brevik,idle,0.0,sailing,yara_sluiskil,sailing_to_emitter,4935.031017904931,1,700313.8708011521,70204.13088451362,770518.0016856657,48718.64970378098
greedy,9000031,344.0,877.5516360564202,1.0,0.0,1.6008452988827464,0,1.653497191441933,1,6142.683223436393,1.1089539446495391,0,1.0,0,7346.554217350676,1.1626966242356833,0,1.0,0,1600.0,loading,yara_sluiskil,loading,3126.2243508715424,idle,brevik,idle,0.0,sailing,yara_sluiskil,sailing_to_emitter,4685.6168374283425,1,707565.1736146722,70204.13088451362,777769.3044991858,48968.06388425757
greedy,9000031,345.0,877.5516360564202,1.0,0.0,2.3367279919921238,0,1.653497191441933,1,6189.6520983421315,0.7347837306622211,0,1.0,0,6652.51166413255,1.228848723940617,0,1.0,0,2400.0,loading,yara_sluiskil,loading,3185.921869921813,idle,brevik,idle,0.0,sailing,yara_sluiskil,sailing_to_emitter,4436.8195463885995,1,714831.3973697406,70204.13088451362,785035.5282542543,49216.861175297316
greedy,9000031,346.0,877.5516360564202,1.0,0.0,1.1408477244384243,0,1.653497191441933,1,6220.773287183885,1.3014658646690709,0,1.0,0,5964.497520827853,1.061341795642135,0,1.0,0,3200.0,loading,yara_sluiskil,loading,3273.0613589593654,idle,brevik,idle,0.0,sailing,yara_sluiskil,sailing_to_emitter,4188.587555373718,1,722312.8232232332,70204.13088451362,792516.9541077468,49465.093166312196
greedy,9000031,347.0,877.5516360564202,1.0,0.0,1.4074647105191254,0,1.653497191441933,1,6275.895853532706,0.9907654595714913,0,1.0,0,5261.218281107495,1.1870987114745817,0,1.0,0,4000.0,loading,yara_sluiskil,loading,3315.6049795506137,idle,brevik,idle,0.0,sailing,yara_sluiskil,sailing_to_emitter,3940.876364226484,1,729443.9345686457,70204.13088451362,799648.0654531593,49712.80435745943
greedy,9000031,348.0,877.5516360564202,1.0,0.0,2.0580047879932764,0,1.653497191441933,1,6317.858947812736,0.8683068047496871,0,1.0,0,4569.399270453032,1.3130285961677686,0,1.0,0,4800.0,loading,yara_sluiskil,loading,3368.091068380001,idle,brevik,idle,0.0,sailing,yara_sluiskil,sailing_to_emitter,3693.647282958382,1,736652.901844473,70204.13088451362,806857.0327289866,49960.03343872753
greedy,9000031,349.0,877.5516360564202,1.0,0.0,2.292433794157486,0,1.653497191441933,1,6354.635401775374,1.696431206709589,0,1.0,0,3889.056234753356,1.4774108898130316,0,1.0,0,5600.0,loading,yara_sluiskil,loading,3444.836583864126,idle,brevik,idle,0.0,sailing,yara_sluiskil,sailing_to_emitter,3446.8664335652275,1,744052.1345806702,70204.13088451362,814256.2654651838,50206.81428812068
greedy,9000031,350.0,877.5516360564202,1.0,0.0,1.8869397813245947,0,1.653497191441933,1,6426.486415533493,0.9136555174094663,0,1.0,0,3223.693342157631,1.1853942061291687,0,1.0,0,6400.0,loading,yara_sluiskil,loading,3530.3242299401863,idle,brevik,idle,0.0,sailing,yara_sluiskil,sailing_to_emitter,3200.503960873262,1,751519.8260971853,70204.13088451362,821723.9569816989,50453.17676081265
greedy,9000031,351.0,877.5516360564202,1.0,0.0,1.8059516594284362,0,1.653497191441933,1,6465.183578667445,0.7979602605430428,0,1.0,0,2531.7187606850093,0.2813583927879295,0,1.0,0,7200.0,loading,yara_sluiskil,loading,3600.6904994698557,idle,brevik,idle,0.0,sailing,yara_sluiskil,sailing_to_emitter,2954.533401341781,1,758868.6461846924,70204.13088451362,829072.777069206,50699.14732034413
greedy,9000031,352.0,877.5516360564202,1.0,0.0,1.0986396199616777,0,1.653497191441933,1,6498.980559901901,1.315024566906642,0,1.0,0,2257.3590376781585,0.9199254719353129,0,1.0,0,7500.0,idle,yara_sluiskil,idle,3668.03661121574,idle,brevik,idle,0.0,sailing,yara_sluiskil,sailing_to_emitter,2708.931172884206,1,762268.342932274,70204.13088451362,832472.4738167876,50944.7495488017
greedy,9000031,353.0,877.5516360564202,1.0,0.0,1.6034683040116444,0,1.653497191441933,1,6554.677394453971,1.3622150607501995,0,1.0,0,2341.192067637662,1.5815896428660126,0,1.0,0,7500.0,sailing,oygarden_terminal,sailing_to_terminal,3709.0061988143757,idle,brevik,idle,0.0,sailing,yara_sluiskil,sailing_to_emitter,2463.676158567778,1,763520.8102598266,70204.13088451362,833724.9411443402,51190.00456311813
greedy,9000031,354.0,877.5516360564202,1.0,0.0,1.9451452724888667,0,1.653497191441933,1,6612.372945375438,0.9837663511570808,0,1.0,0,2485.3226069886396,0.851848985484061,0,1.0,0,7500.0,sailing,oygarden_terminal,sailing_to_terminal,3768.801443205188,idle,brevik,idle,0.0,sailing,yara_sluiskil,sailing_to_emitter,2218.749363964646,1,764920.934306585,70204.13088451362,835125.0651910986,51434.93135772126
greedy,9000031,355.0,877.5516360564202,1.0,0.0,1.6098565294453464,0,1.653497191441933,1,6654.039597905877,0.7268634594236538,0,1.0,0,2562.9516961836434,0.8743169030829712,0,1.0,0,7500.0,sailing,oygarden_terminal,sailing_to_terminal,3841.338217358591,idle,brevik,idle,0.0,sailing,yara_sluiskil,sailing_to_emitter,1974.1336328823947,1,766420.9585152393,70204.13088451362,836625.0893997529,51679.54708880351
greedy,9000031,356.0,877.5516360564202,1.0,0.0,1.1551105025232227,0,1.653497191441933,1,6684.825329868813,0.7114438581524267,0,1.0,0,2642.6282305342706,1.349968801353318,0,1.0,0,7500.0,sailing,oygarden_terminal,sailing_to_terminal,3901.3716669723126,idle,brevik,idle,0.0,sailing,yara_sluiskil,sailing_to_emitter,1729.8134098062787,1,767822.7039037292,70204.13088451362,838026.8347882428,51923.86731187963
greedy,9000031,357.0,877.5516360564202,1.0,0.0,1.1645126525063134,0,1.653497191441933,1,6714.957976708874,0.927659808406268,0,1.0,0,2765.650850952441,0.6555816654166067,0,1.0,0,7500.0,sailing,oygarden_terminal,sailing_to_terminal,3944.447092556023,idle,brevik,idle,0.0,sailing,yara_sluiskil,sailing_to_emitter,1485.7745400419014,1,769091.2045457632,70204.13088451362,839295.3354302768,52167.90618164401
greedy,9000031,358.0,877.5516360564202,1.0,0.0,1.5124100897869845,0,1.653497191441933,1,6754.248280608632,0.8442126741823249,0,1.0,0,2825.393945841598,1.127649532334307,0,1.0,0,7500.0,sailing,oygarden_terminal,sailing_to_terminal,3987.873128354249,idle,brevik,idle,0.0,sailing,yara_sluiskil,sailing_to_emitter,1242.0041005290811,1,770362.3476056485,70204.13088451362,840566.4784901621,52411.67662115683
greedy,9000031,359.0,877.5516360564202,1.0,0.0,1.021395605653874,0,1.653497191441933,1,6790.004246560888,0.3106671540740966,0,1.0,0,2928.156465043999,1.7202944353146647,0,1.0,0,7500.0,sailing,oygarden_terminal,sailing_to_terminal,4044.27265651052,idle,brevik,idle,0.0,loading,yara_sluiskil,loading,998.4902557930648,1,771320.0941877692,70204.13088451362,841524.2250722828,52655.19046589285
greedy,9000031,360.0,877.5516360564202,1.0,0.0,1.0050045228894646,0,1.653497191441933,1,6803.162310308647,1.1253062235204736,0,1.0,0,2284.926502986799,1.367866440428338,0,1.0,0,7500.0,sailing,oygarden_terminal,sailing_to_terminal,4082.3616783572775,idle,brevik,idle,800.0,loading,yara_sluiskil,loading,755.2221346392572,1,778414.4129356758,70204.13088451362,848618.5438201894,52898.458587046654
greedy,9000031,361.0,877.5516360564202,1.0,0.0,1.5451931161681236,0,1.653497191441933,1,6850.823773165777,0.8531424540963184,0,1.0,0,1609.579766814567,1.6988495004553847,0,1.0,0,7500.0,sailing,oygarden_terminal,sailing_to_terminal,4119.839451766023,idle,brevik,idle,1600.0,loading,yara_sluiskil,loading,512.1897240751344,1,785503.8364210968,70204.13088451362,855707.9673056104,53141.490997610774
greedy,9000031,362.0,877.5516360564202,1.0,0.0,1.5359549462081064,0,1.653497191441933,1,6886.957952945343,0.9888845010865833,0,1.0,0,964.3953051086976,0.6564977971069816,0,1.0,0,7500.0,sailing,oygarden_terminal,sailing_to_terminal,4177.46146767847,idle,brevik,idle,2400.0,loading,yara_sluiskil,loading,269.3837776244395,1,792751.3099356126,70204.13088451362,862955.4408201262,53384.29694406147
greedy,9000031,363.0,877.5516360564202,1.0,0.0,0.9889106812236125,0,1.653497191441933,1,6928.841380703417,1.5216948436683648,0,1.0,0,224.2216670650041,0.2047339661782963,0,1.0,0,7500.0,sailing,oygarden_terminal,sailing_to_terminal,4234.738972467389,idle,brevik,idle,3200.0,loading,yara_sluiskil,loading,26.795735732399777,1,799995.9895160714,70204.13088451362,870200.120400585,53626.88498595351
greedy,9000031,364.0,877.5516360564202,1.0,0.0,1.273756680624432,0,1.653497191441933,1,6993.291572798233,0.6276941519727484,0,1.0,0,0.0,1.2889244624873735,0,1.0,0,7500.0,sailing,oygarden_terminal,sailing_to_terminal,4271.616569239288,idle,brevik,idle,3442.878971650051,idle,yara_sluiskil,idle,0.0,1,802618.3517020324,70204.13088451362,872822.482586546,53653.68072168591
greedy,9000031,365.0,877.5516360564202,1.0,0.0,1.5824269189683624,0,1.653497191441933,1,7019.877066492823,0.0,1,1.0,0,0.0,0.9997249154547284,0,1.0,0,7500.0,sailing,oygarden_terminal,sailing_to_terminal,4319.116387562282,idle,brevik,idle,3560.3379309631287,idle,yara_sluiskil,idle,0.0,1,804328.5047098338,70204.13088451362,874532.6355943474,53653.68072168591
greedy,9000031,366.0,877.5516360564202,1.0,0.0,1.5294324658457723,0,1.653497191441933,1,7019.877066492823,0.0,1,1.0,0,0.0,0.9497321585660562,0,1.0,0,7500.0,sailing,oygarden_terminal,sailing_to_terminal,4378.126856523908,idle,brevik,idle,3651.4422316820965,idle,yara_sluiskil,idle,0.0,1,805922.1244620807,70204.13088451362,876126.2553465943,53653.68072168591
greedy,9000031,367.0,877.5516360564202,1.0,0.0,1.665800162615322,0,1.653497191441933,1,7019.877066492823,0.0,1,1.0,0,0.0,1.7459400599426491,0,1.0,0,7500.0,sailing,oygarden_terminal,sailing_to_terminal,4435.161092374767,idle,brevik,idle,3737.9906603791746,idle,yara_sluiskil,idle,0.0,1,807464.4637596809,70204.13088451362,877668.5946441945,53653.68072168591
greedy,9000031,368.0,877.5516360564202,1.0,0.0,1.193328653343098,0,1.653497191441933,1,7019.877066492823,0.0,1,1.0,0,0.0,0.938745563296496,0,1.0,0,7500.0,sailing,oygarden_terminal,sailing_to_terminal,4497.280621147872,idle,brevik,idle,3897.0968423976024,idle,yara_sluiskil,idle,0.0,1,809616.3417328926,70204.13088451362,879820.4726174062,53653.68072168591
greedy,9000031,369.0,877.5516360564202,1.0,0.0,0.7125929781327683,0,1.653497191441933,1,7019.877066492823,0.0,1,1.0,0,0.0,1.3097682201231509,0,1.0,0,7500.0,sailing,oygarden_terminal,sailing_to_terminal,4541.781158099226,idle,brevik,idle,3982.6439445445035,idle,yara_sluiskil,idle,0.0,1,811052.4239748245,70204.13088451362,881256.5548593381,53653.68072168591
greedy,9000031,370.0,877.5516360564202,1.0,0.0,2.372330979143223,0,1.653497191441933,1,7019.877066492823,0.0,1,1.0,0,0.0,2.787523030443244,0,1.7481449237384064,1,7500.0,sailing,oygarden_terminal,sailing_to_terminal,4568.354529117922,idle,brevik,idle,4102.001944962696,idle,yara_sluiskil,idle,0.0,1,812613.201854574,70204.13088451362,882817.3327390876,53653.68072168591
greedy,9000031,371.0,877.5516360564202,1.0,0.0,1.4637385874967552,0,1.653497191441933,1,7019.877066492823,0.0,1,1.0,0,0.0,2.4399207935253733,0,1.7481449237384064,1,7500.0,sailing,oygarden_terminal,sailing_to_terminal,4656.821327681616,idle,brevik,idle,4356.026225979742,idle,yara_sluiskil,idle,0.0,1,815717.0766370997,70204.13088451362,885921.2075216133,53653.68072168591
greedy,9000031,372.0,877.5516360564202,1.0,0.0,1.079481675228937,0,1.653497191441933,1,7019.877066492823,0.0,1,1.0,0,0.0,1.0438857704178366,0,1.7481449237384064,1,7500.0,sailing,oygarden_terminal,sailing_to_terminal,4711.405720447045,idle,brevik,idle,4578.37368745553,idle,yara_sluiskil,idle,0.0,1,818306.2770821167,70204.13088451362,888510.4079666303,53653.68072168591
greedy,9000031,373.0,877.5516360564202,1.0,0.0,2.506755533196349,0,1.653497191441933,1,7019.877066492823,0.0,1,1.0,0,0.0,2.608426128676947,0,1.7481449237384064,1,7500.0,sailing,oygarden_terminal,sailing_to_terminal,4751.662591995907,idle,brevik,idle,4673.503322362182,idle,yara_sluiskil,idle,0.0,1,819784.2722357083,70204.13088451362,889988.4031202219,53653.68072168591
greedy,9000031,374.0,877.5516360564202,1.0,0.0,2.1300346303127644,0,1.653497191441933,1,7019.877066492823,0.0,1,1.0,0,0.0,2.0436610993013424,0,1.7481449237384064,1,7500.0,sailing,oygarden_terminal,sailing_to_terminal,4845.155002591505,idle,brevik,idle,4911.217192903023,idle,yara_sluiskil,idle,0.0,1,822799.555425927,70204.13088451362,893003.6863104407,53653.68072168591
greedy,9000031,375.0,877.5516360564202,1.0,0.0,1.4062938716609585,0,1.653497191441933,1,7019.877066492823,0.0,1,1.0,0,0.0,2.9005424822699877,0,1.7481449237384064,1,7500.0,sailing,oygarden_terminal,sailing_to_terminal,4924.604412467834,idle,brevik,idle,5097.467925033613,idle,yara_sluiskil,idle,0.0,1,825300.5810332559,70204.13088451362,895504.7119177695,53653.68072168591
greedy,9000031,376.0,877.5516360564202,1.0,0.0,2.401391378897655,0,1.653497191441933,1,7019.877066492823,0.0,1,1.0,0,0.0,2.0937751857040636,0,1.7481449237384064,1,7500.0,sailing,oygarden_terminal,sailing_to_terminal,4977.06337729317,idle,brevik,idle,5361.819236495205,idle,yara_sluiskil,idle,0.0,1,828202.8480275034,70204.13088451362,898406.978912017,53653.68072168591
greedy,9000031,377.0,877.5516360564202,1.0,0.0,1.5990998576754476,0,1.653497191441933,1,7019.877066492823,0.0,1,1.0,0,0.0,2.0799039650389344,0,1.7481449237384064,1,7500.0,sailing,oygarden_terminal,sailing_to_terminal,5066.650625419746,idle,brevik,idle,5552.6486937350455,idle,yara_sluiskil,idle,0.0,1,830819.4063834001,70204.13088451362,901023.5372679137,53653.68072168591
greedy,9000031,378.0,877.5516360564202,1.0,0.0,1.7365559280858724,0,1.653497191441933,1,7019.877066492823,0.0,1,1.0,0,0.0,0.6119768161110057,0,1.7481449237384064,1,7500.0,sailing,oygarden_terminal,sailing_to_terminal,5126.312714893245,idle,brevik,idle,5742.219641676199,idle,yara_sluiskil,idle,0.0,1,833191.1565744497,70204.13088451362,903395.2874589633,53653.68072168591
greedy,9000031,379.0,877.5516360564202,1.0,0.0,1.9399223537522008,0,1.653497191441933,1,7019.877066492823,0.9467040317444504,0,1.0,0,0.0,1.452582530236152,0,1.7481449237384064,1,7500.0,sailing,oygarden_terminal,sailing_to_terminal,5191.1091718125435,idle,brevik,idle,5797.999395841932,idle,yara_sluiskil,idle,0.0,1,834552.8831339781,70204.13088451362,904757.0140184917,53653.68072168591
greedy,9000031,380.0,877.5516360564202,1.0,0.0,0.7337557725820674,0,1.653497191441933,1,7059.973973541399,1.3876580320568743,0,1.0,0,0.0,1.2910458250865195,0,1.7481449237384064,1,7500.0,sailing,oygarden_terminal,sailing_to_terminal,5263.500482198418,idle,brevik,idle,5930.401708082198,idle,yara_sluiskil,idle,0.0,1,836575.7605882452,70204.13088451362,906779.8914727588,53653.68072168591
greedy,9000031,381.0,877.5516360564202,1.0,0.0,1.517358170117741,0,1.653497191441933,1,7118.747141565271,0.5050910950449347,0,1.0,0,0.0,1.1908405164370757,0,1.7481449237384064,1,7500.0,sailing,oygarden_terminal,sailing_to_terminal,5290.884252033715,idle,brevik,idle,6048.083571578614,idle,yara_sluiskil,idle,0.0,1,838129.7419693567,70204.13088451362,908333.8728538703,53653.68072168591
greedy,9000031,382.0,877.5516360564202,1.0,0.0,1.9430784313422214,0,1.653497191441933,1,7140.139878904481,1.2959721104418636,0,1.0,0,0.0,2.268379098798541,0,1.7481449237384064,1,7500.0,sailing,oygarden_terminal,sailing_to_terminal,5347.517231616511,idle,brevik,idle,6156.634766274371,idle,yara_sluiskil,idle,0.0,1,839841.6644591348,70204.13088451362,910045.7953436484,53653.68072168591
greedy,9000031,383.0,877.5516360564202,1.0,0.0,2.1377144598319506,0,1.653497191441933,1,7195.029761600111,0.834232064159659,0,1.0,0,0.0,1.8604739632395033,0,1.7481449237384064,1,7500.0,sailing,oygarden_terminal,sailing_to_terminal,5420.0461549244765,idle,brevik,idle,6363.4153551263325,idle,yara_sluiskil,idle,0.0,1,842449.5307670842,70204.13088451362,912653.6616515978,53653.68072168591
greedy,9000031,384.0,877.5516360564202,1.0,0.0,1.7276204637777335,0,1.653497191441933,1,7230.3630066396545,0.18960270620043151,0,1.0,0,0.0,1.3548211974134277,0,1.7481449237384064,1,7500.0,sailing,oygarden_terminal,sailing_to_terminal,5499.847497456327,idle,brevik,idle,6533.017309527681,idle,yara_sluiskil,idle,0.0,1,844822.6175847406,70204.13088451362,915026.7484692542,53653.68072168591
greedy,9000031,385.0,877.5516360564202,1.0,0.0,1.8239705056819868,0,1.653497191441933,1,7238.3934806122525,0.9661654160319162,0,1.0,0,0.0,0.8732966346397097,0,1.7481449237384064,1,7500.0,sailing,oygarden_terminal,sailing_to_terminal,5564.3458216276085,idle,brevik,idle,6656.5273783409675,idle,yara_sluiskil,idle,0.0,1,846713.7221740758,70204.13088451362,916917.8530585894,53653.68072168591
greedy,9000031,386.0,877.5516360564202,1.0,0.0,1.8978259415969136,0,1.653497191441933,1,7279.314659334598,0.5496937319348578,0,1.0,0,0.0,1.783238990602665,0,1.7481449237384064,1,7500.0,sailing,oygarden_terminal,sailing_to_terminal,5632.447448525608,idle,brevik,idle,6736.1424511165005,idle,yara_sluiskil,idle,0.0,1,848288.5158177803,70204.13088451362,918492.6467022939,53653.68072168591
greedy,9000031,387.0,877.5516360564202,1.0,0.0,1.3902417829997462,0,1.653497191441933,1,7302.596506390813,0.4706294246278424,0,1.0,0,0.0,2.543122532854432,0,1.7481449237384064,1,7500.0,sailing,oygarden_terminal,sailing_to_terminal,5703.313077658688,idle,brevik,idle,6898.718358011793,idle,yara_sluiskil,idle,0.0,1,850536.2944324095,70204.13088451362,920740.4253169231,53653.68072168591
greedy,9000031,388.0,877.5516360564202,1.0,0.0,0.8913321497135622,0,1.653497191441933,1,7322.529646697457,1.0498872756166464,0,1.0,0,0.0,0.6063198286851368,0,1.7481449237384064,1,7500.0,sailing,oygarden_terminal,sailing_to_terminal,5755.230029071686,idle,brevik,idle,7130.57900496684,idle,yara_sluiskil,idle,0.0,1,853179.2375628379,70204.13088451362,923383.3684473515,53653.68072168591
greedy,9000031,389.0,877.5516360564202,1.0,0.0,0.7564597494253948,0,1.653497191441933,1,7366.996799144576,1.165276461974805,0,1.0,0,0.0,1.8637921728675395,0,1.7481449237384064,1,7500.0,sailing,oygarden_terminal,sailing_to_terminal,5788.518817656097,idle,brevik,idle,7185.8598473110715,idle,yara_sluiskil,idle,0.0,1,854289.6956646839,70204.13088451362,924493.8265491975,53653.68072168591
greedy,9000031,390.0,877.5516360564202,1.0,0.0,1.5718091747877319,0,1.653497191441933,1,7416.351170114773,1.1487612806507248,0,1.0,0,0.0,2.724637507291538,0,1.7481449237384064,1,7500.0,sailing,oygarden_terminal,sailing_to_terminal,5816.773070405536,idle,brevik,idle,7355.795102097857,idle,yara_sluiskil,idle,0.0,1,856260.7273483347,70204.13088451362,926464.8582328483,53653.68072168591
greedy,9000031,391.0,877.5516360564202,1.0,0.0,1.3880340766530808,0,1.653497191441933,1,7465.00605352789,0.8349021626618562,0,1.0,0,104.22728572286135,2.42714363955312,0,1.7481449237384064,1,7500.0,sailing,oygarden_terminal,sailing_to_terminal,5875.4864916211145,idle,brevik,idle,7500.0,idle,yara_sluiskil,idle,0.0,1,858268.8826855264,70204.13088451362,928473.01357004,53653.68072168591
greedy,9000031,392.0,877.9193161205575,1.0,0.0,1.7527927191254207,0,1.653497191441933,1,7500.0,1.5949889370009882,0,1.0,0,325.54069412510876,1.9746845641907926,0,1.7481449237384064,1,7500.0,sailing,oygarden_terminal,sailing_to_terminal,5927.3398941337055,idle,brevik,idle,7500.0,sailing,oygarden_terminal,sailing_to_terminal,0.0,1,859506.2391182865,70233.54528964461,929739.7844079311,53653.68072168591
greedy,9000031,393.0,945.4738220759077,1.0,0.0,1.2930512330071138,0,1.653497191441933,1,7500.0,0.9793408310490717,0,1.0,0,505.60312165557116,1.3944064408814665,0,1.7481449237384064,1,7500.0,sailing,oygarden_terminal,sailing_to_terminal,5992.825712982872,idle,brevik,idle,7500.0,sailing,oygarden_terminal,sailing_to_terminal,0.0,1,860850.6171763075,75637.90576607262,936488.52294238,53653.68072168591
greedy,9000031,394.0,986.9530351717796,1.0,0.0,1.6235929988601383,0,1.653497191441933,1,7500.0,1.125721128618238,0,1.0,0,632.7564904469524,1.8929462900053045,0,1.7481449237384064,1,7500.0,sailing,oygarden_terminal,sailing_to_terminal,6041.139601222707,idle,brevik,idle,7500.0,sailing,oygarden_terminal,sailing_to_terminal,0.0,1,862060.1865637813,78956.24281374237,941016.4293775237,53653.68072168591
greedy,9000031,395.0,1034.6320710090401,1.0,0.0,1.9306368957210729,0,1.653497191441933,1,7500.0,1.3892325596989863,0,1.0,0,805.376011714908,1.6350069384396368,0,1.7481449237384064,1,7500.0,sailing,oygarden_terminal,sailing_to_terminal,6101.8094593937485,idle,brevik,idle,7500.0,sailing,oygarden_terminal,sailing_to_terminal,0.0,1,863366.7568020995,82770.56568072322,946137.3224828227,53653.68072168591
greedy,9000031,396.0,1093.471926916764,1.0,0.0,2.3312155120366174,0,1.653497191441933,1,7500.0,0.8407589665952332,0,1.0,0,954.478309621745,1.4434186956307358,0,1.7481449237384064,1,7500.0,sailing,oygarden_terminal,sailing_to_terminal,6173.959398939407,idle,brevik,idle,7500.0,sailing,oygarden_terminal,sailing_to_terminal,0.0,1,864763.4517062512,87477.75415334111,952241.2058595924,53653.68072168591
greedy,9000031,397.0,1129.0816137918753,1.0,0.0,1.6617769340864497,0,1.653497191441933,1,7500.0,1.2431697559245278,0,1.0,0,1086.1129474321995,1.8535278216103486,0,1.7481449237384064,1,7500.0,sailing,oygarden_terminal,sailing_to_terminal,6261.087317514183,idle,brevik,idle,7500.0,sailing,oygarden_terminal,sailing_to_terminal,0.0,1,866277.7316092205,90326.52910335001,956604.2607125705,53653.68072168591
greedy,9000031,398.0,1181.73509415897,1.0,0.0,1.8792115961851987,0,1.653497191441933,1,7500.0,0.8901434745363228,0,1.0,0,1255.153181552,2.383985429152986,0,1.7481449237384064,1,7500.0,unloading,oygarden_terminal,unloading,6323.2009864312495,idle,brevik,idle,7500.0,sailing,oygarden_terminal,sailing_to_terminal,0.0,1,867180.4965198956,94538.80753271759,961719.3040526132,53653.68072168591
greedy,9000031,399.0,1219.436423150472,1.0,0.0,1.2957845467964373,0,1.653497191441933,1,7500.0,1.0390651539231996,0,1.0,0,1472.5772871584265,1.3941181174201116,0,1.7481449237384064,1,6700.0,unloading,oygarden_terminal,unloading,6393.448294978533,idle,brevik,idle,7500.0,sailing,oygarden_terminal,sailing_to_terminal,514.6118721461187,1,868288.5439042489,97554.91385203775,965843.4577562866,53939.06884953979
greedy,9000031,400.0,1263.4452131178084,1.0,0.0,0.8538867881619004,0,1.0,0,7500.0,1.4609970617774075,0,1.0,0,1599.7274104281744,2.3091380436832525,0,1.7481449237384064,1,5900.0,unloading,oygarden_terminal,unloading,6441.890771355833,idle,brevik,idle,7500.0,sailing,oygarden_terminal,sailing_to_terminal,1029.2237442922374,1,869225.4119085307,101075.61704942466,970301.0289579554,54224.456977393675
greedy,9000031,401.0,1325.324598247694,1.0,0.0,2.3830939279462497,0,1.7463232975573968,1,7500.0,0.8463825730121516,0,1.0,0,1810.3380123270647,1.7850062298523572,0,1.7481449237384064,1,5100.0,unloading,oygarden_terminal,unloading,6473.815952071479,idle,brevik,idle,7500.0,sailing,oygarden_terminal,sailing_to_terminal,1550.782175674021,1,870029.762381002,106025.96785981552,976055.7302408174,54502.89854601189
greedy,9000031,402.0,1361.1724685636864,1.0,0.0,2.404268434066819,0,1.7463232975573968,1,7500.0,0.0,1,1.0,0,1973.1488036182002,1.9818322947376399,0,1.7481449237384064,1,4300.0,unloading,oygarden_terminal,unloading,6562.923351484027,idle,brevik,idle,7500.0,sailing,oygarden_terminal,sailing_to_terminal,2077.7120820774867,1,871280.82098615,108893.79748509491,980174.6184712448,54775.96863960843
greedy,9000031,403.0,1361.1724685636864,1.0,0.0,0.48622910268092145,0,1.7463232975573968,1,7500.0,1.3753440341654288,0,1.0,0,2153.9176033539743,2.200984190555942,0,1.7481449237384064,1,3500.0,unloading,oygarden_terminal,unloading,6652.830678659475,idle,brevik,idle,7500.0,sailing,oygarden_terminal,sailing_to_terminal,2608.5335949290284,1,872536.5638855547,108893.79748509491,981430.3613706495,55045.147126756885
greedy,9000031,404.0,1419.4240868610405,1.0,0.0,1.816654449665884,0,1.7463232975573968,1,7500.0,1.1652284062380454,0,1.0,0,2354.6819610041516,0.5407660824637119,0,1.7481449237384064,1,2700.0,unloading,oygarden_terminal,unloading,6671.014811758143,idle,brevik,idle,7500.0,sailing,oygarden_terminal,sailing_to_terminal,3142.369977829495,1,873228.0059600599,113553.92694888322,986781.9329089432,55311.31074385642
greedy,9000031,405.0,1468.7764224681823,1.0,0.0,1.7457375684541194,0,1.7463232975573968,1,7500.0,0.8128168240227487,0,1.0,0,2404.0098183782156,1.6588230513114535,0,1.7481449237384064,1,1900.0,unloading,oygarden_terminal,unloading,6738.9607510550495,idle,brevik,idle,7500.0,sailing,oygarden_terminal,sailing_to_terminal,3678.6440240786133,1,874309.1048961966,117502.11379745457,991811.2186936513,55575.0366976073
greedy,9000031,406.0,1503.2026418012758,1.0,0.0,1.1766924950402895,0,1.7463232975573968,1,7500.0,0.7663141660127695,0,1.0,0,2555.3296974711993,2.109368517393815,0,1.7481449237384064,1,1100.0,unloading,oygarden_terminal,unloading,6804.260220173719,idle,brevik,idle,7500.0,sailing,oygarden_terminal,sailing_to_terminal,4216.949012311798,1,875368.5949658239,120256.21134410205,995624.806309926,55836.731709374115
greedy,9000031,407.0,1535.6592775124404,1.0,0.0,2.011881866520423,0,1.7463232975573968,1,7500.0,1.1104987020070396,0,1.0,0,2747.754699461405,1.9309419215667134,0,1.7481449237384064,1,300.0,unloading,oygarden_terminal,unloading,6848.278511960893,idle,brevik,idle,7500.0,sailing,oygarden_terminal,sailing_to_terminal,4756.984221059167,1,876260.3072303701,122852.74220099523,999113.0494313653,56096.69650062674
greedy,9000031,408.0,1582.6935794049662,1.0,0.0,1.0920893117353903,0,1.7463232975573968,1,7500.0,0.5832636208171377,0,1.0,0,2923.908236095272,0.7338317545297047,0,1.7481449237384064,1,0.0,idle,oygarden_terminal,idle,6923.546827115441,idle,brevik,idle,7500.0,sailing,oygarden_terminal,sailing_to_terminal,4798.519140688611,1,877381.4712031508,126615.48635239729,1003996.957555548,56355.1615809973
greedy,9000031,409.0,1607.3972527859974,1.0,0.0,1.8209528413958218,0,1.7463232975573968,1,7500.0,1.1619225279692122,0,1.0,0,2990.855336475981,2.4446884370686943,0,1.7481449237384064,1,0.0,sailing,celsio,sailing_to_emitter,6964.407675248725,idle,brevik,idle,7500.0,sailing,oygarden_terminal,sailing_to_terminal,4541.372049801929,1,878637.9606202058,128591.78022287978,1007229.7408430856,56612.308671883984
greedy,9000031,410.0,1656.6095705108714,1.0,0.0,1.914528148200937,0,1.7463232975573968,1,7500.0,1.5056559102497284,0,1.0,0,3213.8897631387413,2.2805020154743363,0,1.7481449237384064,1,0.0,sailing,celsio,sailing_to_emitter,7032.545366976969,idle,brevik,idle,7500.0,sailing,oygarden_terminal,sailing_to_terminal,4285.396428056335,1,880108.1072774765,132528.7656408697,1012636.8729183462,56868.28429362958
greedy,9000031,411.0,1720.380446155265,1.0,0.0,1.7399395242326272,0,1.7463232975573968,1,7500.0,0.847418741395251,0,1.0,0,3421.9513782035547,2.3864575421413283,0,1.7481449237384064,1,0.0,sailing,celsio,sailing_to_emitter,7104.191042278928,idle,brevik,idle,7500.0,sailing,oygarden_terminal,sailing_to_terminal,4030.4719360216895,1,881605.3624843105,137630.4356924212,1019235.7981767317,57123.208785664225
greedy,9000031,412.0,1756.2722025707676,1.0,0.0,1.4728395720637386,0,1.7463232975573968,1,7500.0,1.009377682071069,0,1.0,0,3639.686421070093,2.3090232196982012,0,1.7481449237384064,1,0.0,sailing,celsio,sailing_to_emitter,7169.309164602551,idle,brevik,idle,7500.0,sailing,oygarden_terminal,sailing_to_terminal,3776.498200368833,1,883050.983163183,140501.7762056614,1023552.7593688443,57377.18252131708
greedy,9000031,413.0,1799.023602942785,1.0,0.0,1.5524731079395724,0,1.7463232975573968,1,7500.0,0.5903563356857161,0,1.0,0,3850.362891091338,1.9839409491089264,0,1.7481449237384064,1,0.0,sailing,celsio,sailing_to_emitter,7224.4359473354425,idle,brevik,idle,7500.0,sailing,oygarden_terminal,sailing_to_terminal,3523.390397896087,1,884417.8115482109,143921.88823542278,1028339.6997836337,57630.29032378983
greedy,9000031,414.0,1824.0276827013863,1.0,0.0,0.822031675690443,0,1.7463232975573968,1,7500.0,1.469251623734669,0,1.0,0,4031.384152758881,1.9740336161785978,0,1.7481449237384064,1,0.0,sailing,celsio,sailing_to_emitter,7282.548611293339,idle,brevik,idle,7500.0,sailing,oygarden_terminal,sailing_to_terminal,3271.0760350790856,1,885807.755358184,145922.2146161109,1031729.9699742949,57882.60468660683
greedy,9000031,415.0,1886.2566833313952,1.0,0.0,1.6454015989081183,0,1.7463232975573968,1,7500.0,0.7582690552572945,0,1.0,0,4211.506875425587,1.747942099086203,0,1.7481449237384064,1,0.0,sailing,celsio,sailing_to_emitter,7313.321958113585,idle,brevik,idle,7500.0,sailing,oygarden_terminal,sailing_to_terminal,3019.4925466669806,1,886982.771516979,150900.5346665116,1037883.3061834906,58134.188175018935
greedy,9000031,416.0,1918.3725746838786,1.0,0.0,1.7716467509727123,0,1.7463232975573968,1,7500.0,0.7090511987635694,0,1.0,0,4371.004461225784,1.4628406202069288,0,1.7481449237384064,1,0.0,sailing,celsio,sailing_to_emitter,7374.924349314101,idle,brevik,idle,7500.0,sailing,oygarden_terminal,sailing_to_terminal,2768.5854702247375,1,888399.5345304998,153469.80597471027,1041869.3405052101,58385.09525146118
greedy,9000031,417.0,1948.4038823113697,1.0,0.0,3.1775793089783035,0,1.7463232975573968,1,7500.0,0.8577674414334149,0,1.0,0,4504.490914742859,0.7874305529198251,0,1.7481449237384064,1,0.0,sailing,celsio,sailing_to_emitter,7441.2592788502125,idle,brevik,idle,7500.0,sailing,oygarden_terminal,sailing_to_terminal,2518.307034950586,1,889853.1927116588,155872.31058490957,1045725.5032965683,58635.37368673533
greedy,9000031,418.0,1984.7339498036079,1.0,60.24668804608308,1.3761222895437772,0,1.7463232975573968,1,7500.0,1.2673799659469858,0,1.0,0,4576.3473315612955,1.431645525183201,0,1.7481449237384064,1,0.0,sailing,celsio,sailing_to_emitter,7500.0,idle,brevik,idle,7500.0,sailing,oygarden_terminal,sailing_to_terminal,2268.6150544549578,1,891246.9919235664,158778.71598428863,1050025.707907855,58885.065667230956
greedy,9000031,419.0,2038.4128346353991,1.0,111.78154853980811,1.9706736897498638,0,1.7463232975573968,1,7500.0,1.030947984902099,0,1.0,0,4706.995073108633,1.432048638532562,0,1.7481449237384064,1,0.0,sailing,celsio,sailing_to_emitter,7500.0,sailing,oygarden_terminal,sailing_to_terminal,7500.0,sailing,oygarden_terminal,sailing_to_terminal,2019.472046511219,1,892594.5605568234,163073.02677083193,1055667.5873276554,59134.2086751747
greedy,9000031,420.0,2082.0778282727074,1.0,185.58866998415567,1.9150109079116442,0,1.7463232975573968,1,7500.0,1.3257577440248043,0,1.0,0,4837.683548315484,1.4977289080672338,0,1.7481449237384064,1,0.0,sailing,celsio,sailing_to_emitter,7500.0,sailing,oygarden_terminal,sailing_to_terminal,7500.0,sailing,oygarden_terminal,sailing_to_terminal,1770.8445249595386,1,893941.9178406595,166566.2262618166,1060508.144102476,59382.83619672638
greedy,9000031,421.0,2138.2292581268066,1.0,257.3175847374104,1.4359081796200146,0,1.7463232975573968,1,7500.0,0.7942785034633982,0,1.0,0,4974.3701181585175,1.2175649475736094,0,1.7481449237384064,1,0.0,sailing,celsio,sailing_to_emitter,7500.0,sailing,oygarden_terminal,sailing_to_terminal,7500.0,sailing,oygarden_terminal,sailing_to_terminal,1522.7024240278247,1,895289.0761020414,171058.34065014453,1066347.416752186,59630.97829765809
greedy,9000031,422.0,2171.870301426652,1.0,311.1060489359381,2.4998381840852395,0,1.7463232975573968,1,7500.0,0.6165998075886596,0,1.0,0,5085.491562979087,2.0388283037189505,0,1.7481449237384064,1,0.0,sailing,celsio,sailing_to_emitter,7500.0,sailing,oygarden_terminal,sailing_to_terminal,7500.0,sailing,oygarden_terminal,sailing_to_terminal,1275.0186258003812,1,896636.0464593148,173749.62411413217,1070385.670573447,59878.662095885535
greedy,9000031,423.0,2197.9859028628207,1.0,404.75735183506146,1.0653392780077706,0,1.7463232975573968,1,7500.0,1.1424911339234447,0,1.0,0,5271.571481204404,1.2774405818797805,0,1.7481449237384064,1,0.0,sailing,celsio,sailing_to_emitter,7500.0,sailing,oygarden_terminal,sailing_to_terminal,7500.0,sailing,oygarden_terminal,sailing_to_terminal,1027.7685689597258,1,897982.8389826195,175838.87222902564,1073821.711211645,60125.91215272619
greedy,9000031,424.0,2246.375219127099,1.0,444.67172502830863,0.7686488290547712,0,1.7463232975573968,1,7500.0,0.7770008671177486,0,1.0,0,5388.1645331687305,2.037921787976476,0,1.7481449237384064,1,0.0,sailing,celsio,sailing_to_emitter,7500.0,sailing,oygarden_terminal,sailing_to_terminal,7500.0,sailing,oygarden_terminal,sailing_to_terminal,780.9299222368772,1,899329.4628277757,179710.0175301679,1079039.4803579436,60372.75079944904
greedy,9000031,425.0,2279.2844816851916,1.0,473.47280679673014,2.3079421364991397,0,1.7463232975573968,1,7500.0,1.2802034377150262,0,1.0,0,5574.172944403579,1.5916420441279884,0,1.7481449237384064,1,0.0,sailing,celsio,sailing_to_emitter,7500.0,sailing,oygarden_terminal,sailing_to_terminal,7500.0,sailing,oygarden_terminal,sailing_to_terminal,534.4823098748354,1,900675.9263488441,182342.7585348153,1083018.6848836595,60619.19841181108
greedy,9000031,426.0,2333.5064946101165,1.0,559.9586825167357,1.752888021035084,0,1.7463232975573968,1,7500.0,1.1275306856234593,0,1.0,0,5719.452192048564,1.2421663212288374,0,1.7481449237384064,1,0.0,sailing,celsio,sailing_to_emitter,7500.0,sailing,oygarden_terminal,sailing_to_terminal,7500.0,sailing,oygarden_terminal,sailing_to_terminal,288.4070792679428,1,902022.2371933929,186680.51956880928,1088702.7567622021,60865.27364241797
greedy,9000031,427.0,2381.2621728156405,1.0,625.6508938574503,1.4823196353925057,0,1.7463232975573968,1,7500.0,0.8285501905394625,0,1.0,0,5832.835999752481,1.3276863198302569,0,1.7481449237384064,1,0.0,sailing,celsio,sailing_to_emitter,7500.0,sailing,oygarden_terminal,sailing_to_terminal,7500.0,sailing,oygarden_terminal,sailing_to_terminal,42.68710307697174,1,903368.4023836313,190500.97382525122,1093869.3762088825,61110.99361860894
greedy,9000031,428.0,2416.3547665525903,1.0,681.2081789461349,1.612742525804885,0,1.7463232975573968,1,7500.0,0.946375109113725,0,1.0,0,5954.029653952474,2.3422801700429066,0,1.7481449237384064,1,0.0,sailing,celsio,sailing_to_emitter,7500.0,sailing,oygarden_terminal,sailing_to_terminal,7500.0,sailing,oygarden_terminal,sailing_to_terminal,0.0,1,904631.3240958928,193308.38132420718,1097939.7054201001,61153.68072168591
greedy,9000031,429.0,2456.4377423410165,1.0,741.6591973046438,1.0112529265428145,0,1.7463232975573968,1,7500.0,1.4460195210956586,0,1.0,0,6167.843757678213,1.8982693457400968,0,1.7481449237384064,1,0.0,sailing,celsio,sailing_to_emitter,7500.0,sailing,oygarden_terminal,sailing_to_terminal,7500.0,sailing,oygarden_terminal,sailing_to_terminal,0.0,1,905876.7440958928,196515.01938728127,1102391.7634831741,61153.68072168591
greedy,9000031,430.0,2517.6827654777185,1.0,779.5678021625283,1.556658702515743,0,1.7463232975573968,1,7500.0,0.8853498855532643,0,1.0,0,6341.131741531868,1.6670221118806534,0,1.7481449237384064,1,0.0,sailing,celsio,sailing_to_emitter,7500.0,sailing,oygarden_terminal,sailing_to_terminal,7500.0,sailing,oygarden_terminal,sailing_to_terminal,0.0,1,907122.1640958928,201414.62123821743,1108536.7853341103,61153.68072168591
greedy,9000031,431.0,2555.1810657660167,1.0,837.9272062217991,2.104418063901616,0,1.7463232975573968,1,7500.0,0.8393996977354662,0,1.0,0,6493.314370163841,1.4718998827496117,0,1.7481449237384064,1,0.0,sailing,celsio,sailing_to_emitter,7500.0,sailing,oygarden_terminal,sailing_to_terminal,7500.0,sailing,oygarden_terminal,sailing_to_terminal,0.0,1,908367.5840958928,204414.48526128128,1112782.0693571742,61153.68072168591
greedy,9000031,432.0,2590.733181874239,1.0,916.8293648364672,2.959220890456561,0,1.7463232975573968,1,7500.0,1.1326327227156683,0,1.0,0,6627.688324509418,2.348091384279822,0,1.7481449237384064,1,0.0,sailing,celsio,sailing_to_emitter,7500.0,sailing,oygarden_terminal,sailing_to_terminal,7500.0,sailing,oygarden_terminal,sailing_to_terminal,0.0,1,909613.0040958928,207258.6545499391,1116871.658645832,61153.68072168591
greedy,9000031,433.0,2638.7049528608068,1.0,1027.7912084222783,1.0102937871265762,0,1.7463232975573968,1,7500.0,1.311536388144883,0,1.0,0,6842.05877855772,2.0108185947040425,0,1.7481449237384064,1,0.0,sailing,celsio,sailing_to_emitter,7500.0,sailing,oygarden_terminal,sailing_to_terminal,7500.0,sailing,oygarden_terminal,sailing_to_terminal,0.0,1,910858.4240958927,211096.3962288645,1121954.8203247571,61153.68072168591
greedy,9000031,434.0,2694.254048336155,1.0,1065.6776123820453,2.166677283810281,0,1.7463232975573968,1,7500.0,0.4203840810227911,0,1.0,0,7025.643244652346,1.5496673348817074,0,1.7481449237384064,1,0.0,sailing,celsio,sailing_to_emitter,7500.0,sailing,oygarden_terminal,sailing_to_terminal,7500.0,sailing,oygarden_terminal,sailing_to_terminal,0.0,1,912103.8440958927,215540.32386689234,1127644.167962785,61153.68072168591
greedy,9000031,435.0,2712.0590865067556,1.0,1146.9362135651272,2.4038685023814774,0,1.7463232975573968,1,7500.0,1.224306701017404,0,1.0,0,7167.1296203517995,2.1808180876088854,0,1.7481449237384064,1,0.0,sailing,celsio,sailing_to_emitter,7500.0,sailing,oygarden_terminal,sailing_to_terminal,7500.0,sailing,oygarden_terminal,sailing_to_terminal,0.0,1,913349.2640958928,216964.72692054042,1130313.991016433,61153.68072168591
greedy,9000031,436.0,2763.913636971894,1.0,1237.0985638150962,2.653984562460422,0,1.7463232975573968,1,7500.0,1.345619505177586,0,1.0,0,7366.246782047943,1.3145286759636328,0,1.0,0,0.0,sailing,celsio,sailing_to_emitter,7500.0,sailing,oygarden_terminal,sailing_to_terminal,7500.0,sailing,oygarden_terminal,sailing_to_terminal,0.0,1,914594.6840958927,221113.0909577515,1135707.775053644,61153.68072168591
greedy,9000031,437.0,2820.9062961479985,1.0,1336.6510985658322,2.689340353774016,0,1.7463232975573968,1,7500.0,0.5627307903439234,0,1.0,0,7486.271977319303,0.9716011424786969,0,1.0,0,0.0,sailing,celsio,sailing_to_emitter,7500.0,sailing,oygarden_terminal,sailing_to_terminal,7500.0,unloading,oygarden_terminal,unloading,0.0,1,915424.9640958927,225672.50369183987,1141097.4677877326,61153.68072168591
greedy,9000031,438.0,2844.740317592076,1.0,1437.5390018399492,2.0922728099214725,0,1.7463232975573968,1,7500.0,0.9768077091172052,0,1.0,0,7574.988288848741,0.8191688368264718,0,1.0,0,0.0,sailing,celsio,sailing_to_emitter,7500.0,sailing,oygarden_terminal,sailing_to_terminal,6700.0,unloading,oygarden_terminal,unloading,514.6118721461187,1,916396.6732283129,227579.22540736606,1143975.898635679,61439.06884953979
greedy,9000031,439.0,2886.112242294491,1.0,1516.035635666624,2.4993710241946085,0,1.7463232975573968,1,7500.0,0.4972408851712312,0,1.0,0,7649.788355733196,1.040788623635285,0,1.0,0,0.0,loading,celsio,loading,7500.0,sailing,oygarden_terminal,sailing_to_terminal,5900.0,unloading,oygarden_terminal,unloading,1042.357062294401,1,916947.857700352,230888.9793835593,1147836.8370839113,61711.323659391506
greedy,9000031,440.0,2907.1724901490643,1.0,1609.8140434893382,1.372799092585583,0,1.7463232975573968,1,6700.0,0.6382913656814906,0,1.0,0,7744.827868984744,1.4064384312963212,0,1.0,0,800.0,loading,celsio,loading,7500.0,sailing,oygarden_terminal,sailing_to_terminal,5100.0,unloading,oygarden_terminal,unloading,1576.778653394499,1,923776.724848001,232573.79921192516,1156350.5240599262,61976.902068291405
greedy,9000031,441.0,2907.1724901490643,1.0,1661.3272394361327,1.8151150248940557,0,1.7463232975573968,1,5927.034330373009,0.7856018155865245,0,1.0,0,7873.260534058356,0.8580124879700682,0,1.0,0,1600.0,loading,celsio,loading,7500.0,sailing,oygarden_terminal,sailing_to_terminal,4300.0,unloading,oygarden_terminal,unloading,2115.4316022548855,1,930603.8571389683,232573.79921192516,1163177.6563508934,62238.24911943102
greedy,9000031,442.0,2907.1724901490643,1.0,1729.444166380382,2.1255771640829955,0,1.7463232975573968,1,5160.307879360353,0.3969764475222851,0,1.0,0,7951.614589676952,0.820902321903377,0,1.0,0,2400.0,loading,celsio,loading,7500.0,sailing,oygarden_terminal,sailing_to_terminal,3500.0,unloading,oygarden_terminal,unloading,2657.082212756951,1,937429.7603886625,232573.79921192516,1170003.5596005877,62496.59850892895
greedy,9000031,443.0,2907.1724901490643,1.0,1809.219230558084,1.5134458306708727,0,1.7463232975573968,1,4377.121505565624,1.1889448237503444,0,1.0,0,8026.581991152627,0.9181236442500709,0,1.0,0,3200.0,loading,celsio,loading,7500.0,sailing,oygarden_terminal,sailing_to_terminal,2700.0,unloading,oygarden_terminal,unloading,3201.0029676460235,1,944254.732879158,232573.79921192516,1176828.5320910832,62752.67775403988
greedy,9000031,444.0,2907.1724901490643,1.0,1866.02553595995,1.3677697736388965,0,1.7463232975573968,1,3627.4783314428278,0.3985717262634966,0,1.0,0,8110.430481310012,0.8787123482136966,0,1.0,0,4000.0,loading,celsio,loading,7500.0,sailing,oygarden_terminal,sailing_to_terminal,1900.0,unloading,oygarden_terminal,unloading,3746.722089215562,1,951078.9680393144,232573.79921192516,1183652.7672512396,63006.95863247035
greedy,9000031,445.0,2907.1724901490643,1.0,1917.3686301564778,1.5359410033356273,0,1.7463232975573968,1,2844.3595244284847,0.601820776014469,0,1.0,0,8190.682120172069,0.9546437183048654,0,1.0,0,4800.0,loading,celsio,loading,7500.0,sailing,oygarden_terminal,sailing_to_terminal,1100.0,unloading,oygarden_terminal,unloading,4293.913202409035,1,957902.5996829051,232573.79921192516,1190476.3988948304,63259.76751927687
greedy,9000031,446.0,2907.1724901490643,1.0,1975.0297338775445,1.7524377380897913,0,1.7463232975573968,1,2069.8491715690893,0.8509149439244844,0,1.0,0,8277.871100878589,0.7235837636883469,0,1.0,0,5600.0,loading,celsio,loading,7500.0,queued,oygarden_terminal,queued,300.0,unloading,oygarden_terminal,unloading,4842.339610050338,1,964310.5848557721,232573.79921192516,1196884.3840676972,63511.34111163557
greedy,9000031,447.0,2907.1724901490643,1.0,2040.8243533424115,0.4494922281352757,0,1.7463232975573968,1,1305.8890069016948,0.90192947088839,0,1.0,0,8343.959037832215,1.0783000208555429,0,1.0,0,6400.0,loading,celsio,loading,7500.0,unloading,oygarden_terminal,unloading,0.0,idle,oygarden_terminal,idle,4891.823333561538,1,970702.8740291325,232573.79921192516,1203276.6732410577,63761.85738812437
greedy,9000031,448.0,2907.1724901490643,1.0,2057.7019005597094,0.6929140584685214,0,1.7463232975573968,1,544.0895225284673,0.5549559365320218,0,1.0,0,8442.447667530598,0.7203548173627132,0,1.0,0,7200.0,loading,celsio,loading,6700.0,unloading,oygarden_terminal,unloading,0.0,sailing,yara_sluiskil,sailing_to_emitter,5442.226651639877,1,977525.1886687205,232573.79921192516,1210098.9878806458,64011.454070046035
greedy,9000031,449.0,2907.1724901490643,1.0,2083.7218164010483,2.0906842529422422,0,1.7463232975573968,1,267.5942461348269,0.8136366076047421,0,1.0,0,8508.244660442062,1.1271442749688323,0,1.0,0,7500.0,idle,celsio,idle,5900.0,unloading,oygarden_terminal,unloading,0.0,sailing,yara_sluiskil,sailing_to_emitter,5993.440471793467,1,980421.9085024574,232573.79921192516,1212995.7077143826,64260.24024989244
greedy,9000031,450.0,2907.1724901490643,1.0,2162.2371206480766,1.189458185220568,0,1.7463232975573968,1,302.0551867588254,0.957554225904942,0,1.0,0,8611.20078565691,0.8917089880664362,0,1.0,0,7500.0,sailing,oygarden_terminal,sailing_to_terminal,5100.0,unloading,oygarden_terminal,unloading,0.0,sailing,yara_sluiskil,sailing_to_emitter,6545.376678125351,1,981378.3146578615,232573.79921192516,1213952.1138697867,64508.30404356056
greedy,9000031,451.0,2907.1724901490643,1.0,2206.911075449097,1.9257482295266357,0,1.7463232975573968,1,342.61164527451615,0.7557741785579214,0,1.0,0,8692.654130430727,1.1882771088710227,0,1.0,0,7500.0,sailing,oygarden_terminal,sailing_to_terminal,4300.0,unloading,oygarden_terminal,unloading,0.0,sailing,yara_sluiskil,sailing_to_emitter,7097.962911998992,1,982334.4543019733,232573.79921192516,1214908.2535138985,64755.71780968692
greedy,9000031,452.0,2907.1724901490643,1.0,2279.2453429544585,1.3100472133716867,0,1.7463232975573968,1,374.6218680803809,0.9870763968360717,0,1.0,0,8801.200826182177,1.5716965735353807,0,1.0,0,7500.0,sailing,oygarden_terminal,sailing_to_terminal,3500.0,unloading,oygarden_terminal,unloading,0.0,sailing,yara_sluiskil,sailing_to_emitter,7651.1389039302785,1,983290.3521452815,232573.79921192516,1215864.1513572067,65002.54181775563
greedy,9000031,453.0,2907.1724901490643,1.0,2328.4573267869378,1.892236304670251,0,1.7463232975573968,1,416.4287150004776,0.8901628046102016,0,1.0,0,8944.776441367863,0.7160211022291311,0,1.0,0,7500.0,sailing,oygarden_terminal,sailing_to_terminal,2700.0,unloading,oygarden_terminal,unloading,0.0,sailing,yara_sluiskil,sailing_to_emitter,8204.853829323403,1,984246.0290258704,232573.79921192516,1216819.8282377955,65248.8268923625
greedy,9000031,454.0,2907.1724901490643,1.0,2399.5457098948905,2.088910632508164,0,1.7463232975573968,1,454.13086270210385,1.4406036757651022,0,1.0,0,9010.187457945845,1.1328419445507238,0,1.0,0,7500.0,sailing,oygarden_terminal,sailing_to_terminal,1900.0,unloading,oygarden_terminal,unloading,0.0,sailing,yara_sluiskil,sailing_to_emitter,8759.064360129061,1,985201.50270824,232573.79921192516,1217775.301920165,65494.616361556844
greedy,9000031,455.0,2907.1724901490643,1.0,2478.0299531096243,1.6011387428641966,0,1.7463232975573968,1,515.146501955853,0.8190554508178608,0,1.0,0,9113.67962831871,0.7722687278264943,0,1.0,0,7500.0,sailing,oygarden_terminal,sailing_to_terminal,1263.7332016750534,unloading,oygarden_terminal,unloading,0.0,sailing,yara_sluiskil,sailing_to_emitter,9150.0,1,986151.7905272251,232573.79921192516,1218725.5897391504,65739.94752001086
greedy,9000031,456.0,2907.1724901490643,1.0,2538.1931512642645,1.5899721509644689,0,1.7463232975573968,1,549.83695343577,0.7995495268221314,0,1.0,0,9184.233316212449,1.7157037845236338,0,1.0,0,7500.0,sailing,oygarden_terminal,sailing_to_terminal,1018.8279752995179,unloading,oygarden_terminal,unloading,0.0,sailing,yara_sluiskil,sailing_to_emitter,9150.0,1,987089.9574020741,232573.79921192516,1219663.7566139994,65984.85274638639
greedy,9000031,457.0,2907.1724901490643,1.0,2597.9421725448547,1.6393974850777195,0,1.7463232975573968,1,583.7012467974924,0.9764997659118907,0,1.0,0,9340.983001006816,1.4930351626982001,0,1.0,0,7500.0,sailing,oygarden_terminal,sailing_to_terminal,774.3203522927832,unloading,oygarden_terminal,unloading,0.0,sailing,yara_sluiskil,sailing_to_emitter,9150.0,1,988027.9491226992,232573.79921192516,1220601.7483346243,66229.36036939312
greedy,9000031,458.0,2907.1724901490643,1.0,2659.554112111087,1.2114704544826342,0,1.7463232975573968,1,625.0601288068741,0.8830084186341894,0,1.0,0,9477.393406157016,1.77958238931294,0,1.656130132996183,1,7500.0,sailing,oygarden_terminal,sailing_to_terminal,530.1853736555076,unloading,oygarden_terminal,unloading,0.0,sailing,yara_sluiskil,sailing_to_emitter,9150.0,1,988965.7766841635,232573.79921192516,1221539.5758960887,66473.4953480304
greedy,9000031,459.0,2907.1724901490643,1.0,2705.0877936880484,2.082592703673837,0,1.7463232975573968,1,662.459258099525,1.4467381878204328,0,1.0,0,9639.98895699655,1.5147794417590565,0,1.656130132996183,1,7500.0,sailing,oygarden_terminal,sailing_to_terminal,286.4009093855965,unloading,oygarden_terminal,unloading,0.0,sailing,yara_sluiskil,sailing_to_emitter,9150.0,1,989903.449835286,232573.79921192516,1222477.2490472111,66717.2798123003
greedy,9000031,460.0,2907.1724901490643,1.0,2783.3700980068,1.2834301327858066,0,1.7463232975573968,1,723.7347198019202,0.9608398629080066,0,1.0,0,9778.394363678752,1.6850830611691674,0,1.656130132996183,1,7500.0,sailing,oygarden_terminal,sailing_to_terminal,42.94722400240062,unloading,oygarden_terminal,unloading,0.0,sailing,yara_sluiskil,sailing_to_emitter,9150.0,1,990840.9772700395,232573.79921192516,1223414.7764819646,66960.7334976835
greedy,9000031,461.0,2907.1724901490643,1.0,2831.6171539349107,1.9788980014802342,0,1.7463232975573968,1,764.4303388969363,0.38469221551822064,0,1.0,0,9932.365057177194,1.9365046745062946,0,1.656130132996183,1,7500.0,sailing,oygarden_terminal,sailing_to_terminal,0.0,idle,oygarden_terminal,idle,0.0,sailing,yara_sluiskil,sailing_to_emitter,8949.806623983693,1,991772.2558800599,232573.79921192516,1224346.055091985,67203.87409770221
greedy,9000031,462.0,2907.1724901490643,1.0,2906.015162035609,1.4487682339662313,0,1.7463232975573968,1,780.7236760865136,1.1446449974404567,0,1.0,0,10109.314172983124,1.4595510868179304,0,1.656130132996183,1,7500.0,sailing,oygarden_terminal,sailing_to_terminal,0.0,sailing,yara_sluiskil,sailing_to_emitter,0.0,sailing,yara_sluiskil,sailing_to_emitter,8706.96316908726,1,993117.2416965674,232573.79921192516,1225691.0409084926,67446.71755259864
greedy,9000031,463.0,2907.1724901490643,1.0,2960.487513317196,2.535678860258719,0,1.7463232975573968,1,829.2042175514262,0.5793771932135933,0,1.0,0,10242.685429192268,2.064778493549225,0,1.656130132996183,1,7500.0,sailing,oygarden_terminal,sailing_to_terminal,0.0,sailing,yara_sluiskil,sailing_to_emitter,0.0,sailing,yara_sluiskil,sailing_to_emitter,8464.40243402079,1,994462.1115979446,232573.79921192516,1227035.9108098699,67689.2782876651
greedy,9000031,464.0,2907.1724901490643,1.0,3055.835334553534,1.41038453463039,0,1.7463232975573968,1,853.7432843382684,0.9843094889335611,0,1.0,0,10431.367008460309,1.2451137654008126,0,1.656130132996183,1,7500.0,sailing,oygarden_terminal,sailing_to_terminal,0.0,sailing,yara_sluiskil,sailing_to_emitter,0.0,sailing,yara_sluiskil,sailing_to_emitter,8222.111310175002,1,995806.8709587213,232573.79921192516,1228380.6701706464,67931.56941151089
greedy,9000031,465.0,2907.1724901490643,1.0,3108.8740945790073,2.394302918312609,0,1.7463232975573968,1,895.43294104341,1.389783463945751,0,1.0,0,10545.150213362896,0.9569921354452862,0,1.656130132996183,1,7500.0,sailing,oygarden_terminal,sailing_to_terminal,0.0,sailing,yara_sluiskil,sailing_to_emitter,0.0,sailing,yara_sluiskil,sailing_to_emitter,7980.0778395194675,1,997151.5246816901,232573.79921192516,1229725.3238936153,68173.60288216642
greedy,9000031,466.0,2907.1724901490643,1.0,3198.9221249873694,1.5895076139809234,0,1.7463232975573968,1,954.2961300685965,1.3473683874663436,0,1.0,0,10632.606410557477,2.220903014475438,0,1.656130132996183,1,7500.0,sailing,oygarden_terminal,sailing_to_terminal,0.0,sailing,yara_sluiskil,sailing_to_emitter,0.0,sailing,yara_sluiskil,sailing_to_emitter,7738.291074531053,1,998496.0772553354,232573.79921192516,1231069.8764672605,68415.38964715484
greedy,9000031,467.0,2907.1724901490643,1.0,3258.7077868931965,1.5005881046025942,0,1.7463232975573968,1,1011.3628617829178,1.1571929222316768,0,1.0,0,10835.573164651052,1.7862829344220967,0,1.656130132996183,1,7500.0,sailing,oygarden_terminal,sailing_to_terminal,0.0,sailing,yara_sluiskil,sailing_to_emitter,0.0,sailing,yara_sluiskil,sailing_to_emitter,7496.740959354008,1,999840.5328025579,232573.79921192516,1232414.3320144832,68656.93976233188
greedy,9000031,468.0,2907.1724901490643,1.0,3315.1540530923858,1.4557838457039227,0,1.7463232975573968,1,1060.3748607647894,1.359407757668996,0,1.0,0,10998.825218549055,2.0773816586164453,0,1.656130132996183,1,7500.0,sailing,oygarden_terminal,sailing_to_terminal,0.0,sailing,yara_sluiskil,sailing_to_emitter,0.0,sailing,yara_sluiskil,sailing_to_emitter,7255.4182283991795,1,1001184.8951222494,232573.79921192516,1233758.6943341745,68898.2624932867
greedy,9000031,469.0,2907.1724901490643,1.0,3369.9199120200606,1.671059041591435,0,1.7463232975573968,1,1117.9515105651778,1.5491717818725665,0,1.0,0,11188.687105994119,1.7850198307464278,0,1.656130132996183,1,7500.0,sailing,oygarden_terminal,sailing_to_terminal,0.0,sailing,yara_sluiskil,sailing_to_emitter,0.0,sailing,yara_sluiskil,sailing_to_emitter,7014.314319362163,1,1002529.1677249545,232573.79921192516,1235102.9669368798,69139.36640232372
greedy,9000031,470.0,2907.1724901490643,1.0,3432.7900042491283,1.7678197953305559,0,1.7463232975573968,1,1183.5654668357133,1.214884375839819,0,1.0,0,11351.833559505916,1.7241426428967574,0,1.656130132996183,1,7500.0,sailing,oygarden_terminal,sailing_to_terminal,0.0,sailing,yara_sluiskil,sailing_to_emitter,0.0,sailing,yara_sluiskil,sailing_to_emitter,6773.421298237211,1,1003873.3538636158,232573.79921192516,1236447.153075541,69380.25942344868
greedy,9000031,471.0,2907.1724901490643,1.0,3499.3065328210932,1.9457644206016707,0,1.7463232975573968,1,1235.020942105058,1.6078581641451524,0,1.0,0,11509.420736723327,1.332998960204122,0,1.656130132996183,1,7500.0,sailing,oygarden_terminal,sailing_to_terminal,0.0,sailing,yara_sluiskil,sailing_to_emitter,0.0,sailing,yara_sluiskil,sailing_to_emitter,6532.731794368981,1,1005217.4565602017,232573.79921192516,1237791.2557721268,69620.9489273169
greedy,9000031,472.0,2907.1724901490643,1.0,3572.525083696652,1.9182017678576588,0,1.7463232975573968,1,1303.1205140866255,1.136607206079047,0,1.0,0,11631.260931326793,1.7297884762332505,0,1.656130132996183,1,7500.0,sailing,oygarden_terminal,sailing_to_terminal,0.0,sailing,yara_sluiskil,sailing_to_emitter,0.0,sailing,yara_sluiskil,sailing_to_emitter,6292.23894394967,1,1006561.4786288736,232573.79921192516,1239135.2778407987,69861.44177773621
greedy,9000031,473.0,2907.1724901490643,1.0,3644.7129875832393,2.0058068173619366,0,1.7463232975573968,1,1351.260621200054,1.0639823041327252,0,1.0,0,11789.37367061281,1.1511761655653394,0,1.656130132996183,1,7500.0,sailing,oygarden_terminal,sailing_to_terminal,0.0,sailing,yara_sluiskil,sailing_to_emitter,0.0,sailing,yara_sluiskil,sailing_to_emitter,6051.936340658323,1,1007905.422696223,232573.79921192516,1240479.2219081481,70101.74438102756
greedy,9000031,474.0,2907.1724901490643,0.7445292810492403,3720.204567957791,1.0047981973857691,0,1.7463232975573968,1,1396.324757529469,1.146369618191377,0,1.0,0,11894.60104693463,0.9041140760737254,0,1.0,0,7500.0,sailing,oygarden_terminal,sailing_to_terminal,0.0,sailing,yara_sluiskil,sailing_to_emitter,0.0,sailing,yara_sluiskil,sailing_to_emitter,5811.817992369536,1,1009249.2912190215,232573.79921192516,1241823.0904309468,70341.86272931634
greedy,9000031,475.0,2907.1724901490643,0.7445292810492403,3758.0250917235353,1.8402762163651454,0,1.7463232975573968,1,1444.8783439541842,0.5954640522578354,0,1.0,0,11977.247319812592,1.4718445580592308,0,1.0,0,7500.0,sailing,oygarden_terminal,sailing_to_terminal,0.0,sailing,yara_sluiskil,sailing_to_emitter,0.0,sailing,yara_sluiskil,sailing_to_emitter,5571.878283043588,1,1010593.086499845,232573.79921192516,1243166.8857117703,70581.80243864229
greedy,9000031,476.0,2907.1724901490643,0.7445292810492403,3827.2992037453864,2.23382307220857,0,1.7463232975573968,1,1470.0987570437478,1.5027868431358136,0,1.0,0,12111.794647765339,0.5814211461227755,0,1.0,0,7500.0,sailing,oygarden_terminal,sailing_to_terminal,0.0,sailing,yara_sluiskil,sailing_to_emitter,0.0,sailing,yara_sluiskil,sailing_to_emitter,5332.11193905921,1,1011936.8107008786,232573.79921192516,1244510.6099128039,70821.56878262667
greedy,9000031,477.0,2907.1724901490643,0.7445292810492403,3911.3953288773005,1.6854703227975503,0,1.7463232975573968,1,1533.7481155998803,0.5844339691961178,0,1.0,0,12164.946333397324,1.1983838481662783,0,1.0,0,7500.0,sailing,oygarden_terminal,sailing_to_terminal,0.0,sailing,yara_sluiskil,sailing_to_emitter,0.0,sailing,yara_sluiskil,sailing_to_emitter,5092.5139993712155,1,1013280.4658561507,232573.79921192516,1245854.2650680759,71061.16672231467
greedy,9000031,478.0,2907.1724901490643,0.7445292810492403,3974.8535056417704,1.9344158038988954,0,1.0,0,1558.50135816895,0.8685120895659263,0,1.0,0,12274.502104244762,0.9722228387810897,0,1.0,0,7500.0,sailing,oygarden_terminal,sailing_to_terminal,0.0,sailing,yara_sluiskil,sailing_to_emitter,0.0,sailing,yara_sluiskil,sailing_to_emitter,4853.079788974063,1,1014624.0538824135,232573.79921192516,1247197.8530943387,71300.60093271182
greedy,9000031,479.0,2907.1724901490643,0.7445292810492403,4047.691094949599,0.8545980134753997,0,1.0,0,1595.2865068090366,1.1646247920007065,0,1.0,0,12363.385004778693,1.3050099836334716,0,1.0,0,7500.0,sailing,oygarden_terminal,sailing_to_terminal,0.0,sailing,yara_sluiskil,sailing_to_emitter,0.0,sailing,yara_sluiskil,sailing_to_emitter,4613.804895233444,1,1015967.5765888472,232573.79921192516,1248541.3758007723,71539.87582645244
greedy,9000031,480.0,2907.1724901490643,0.7445292810492403,4079.8726376487693,0.9166645598356378,0,1.0,0,1644.6132768083896,1.0015208326371496,0,1.0,0,12482.695684778471,0.9976426722442254,0,1.0,0,7500.0,sailing,oygarden_terminal,sailing_to_terminal,0.0,sailing,yara_sluiskil,sailing_to_emitter,0.0,sailing,yara_sluiskil,sailing_to_emitter,4374.685146714822,1,1017311.0356857397,232573.79921192516,1249884.8348976648,71778.99557497106
greedy,9000031,481.0,2907.1724901490643,0.7445292810492403,4114.3945366381295,1.1611862359383638,0,1.0,0,1687.0319064824034,0.2692048512769488,0,1.0,0,12573.908023337013,0.584638508972614,0,1.0,0,7500.0,sailing,oygarden_terminal,sailing_to_terminal,0.0,sailing,yara_sluiskil,sailing_to_emitter,0.0,sailing,yara_sluiskil,sailing_to_emitter,4135.7165941932535,1,1018654.4327922736,232573.79921192516,1251228.2320041987,72017.96412749264
greedy,9000031,482.0,2907.1724901490643,0.7445292810492403,4158.12915660365,1.0646932680190284,0,1.0,0,1698.4338669016352,0.7215425997157724,0,1.0,0,12627.361884103617,1.275711957323067,0,1.0,0,7500.0,unloading,oygarden_terminal,unloading,0.0,sailing,yara_sluiskil,sailing_to_emitter,0.0,sailing,yara_sluiskil,sailing_to_emitter,3896.895493574827,1,1019582.6294435272,232573.79921192516,1252156.4286554523,72256.78522811107
greedy,9000031,483.0,2907.1724901490643,0.7445292810492403,4198.23311337534,0.7272406085288816,0,1.0,0,1728.9942380231985,0.7856723489202081,0,1.0,0,12744.00453261381,0.6669610901144825,0,1.0,0,6700.0,unloading,oygarden_terminal,unloading,0.0,sailing,yara_sluiskil,sailing_to_emitter,0.0,sailing,yara_sluiskil,sailing_to_emitter,4458.218290498614,1,1020535.1870967885,232573.79921192516,1253108.9863087137,72495.46243118728
greedy,9000031,484.0,2907.1724901490643,0.7445292810492403,4225.628667080958,1.1022094157564013,0,1.0,0,1762.2707743945923,0.8999492997299363,0,1.0,0,12804.988872887498,0.9630658005051917,0,1.0,0,5900.0,unloading,oygarden_terminal,unloading,0.0,sailing,yara_sluiskil,sailing_to_emitter,0.0,sailing,yara_sluiskil,sailing_to_emitter,5019.681606420301,1,1021487.6871372606,232573.79921192516,1254061.4863491857,72733.99911526559
greedy,9000031,485.0,2907.1724901490643,0.7445292810492403,4267.153252806322,1.1784397360204613,0,1.37178610686908,1,1800.3874214244029,0.46044009308032596,0,1.0,0,12893.05053490426,1.2838045847530357,0,1.0,0,5100.0,unloading,oygarden_terminal,unloading,0.0,sailing,yara_sluiskil,sailing_to_emitter,0.0,sailing,yara_sluiskil,sailing_to_emitter,5581.282226005905,1,1022440.1308832306,232573.79921192516,1255013.9300951557,72972.39849567998
greedy,9000031,486.0,2907.1724901490643,0.7445292810492403,4311.553746264911,1.2611842550080685,0,1.37178610686908,1,1819.889000581787,0.6790696008710656,0,1.0,0,13010.443731573596,0.638537455003822,0,1.0,0,4300.0,unloading,oygarden_terminal,unloading,0.0,sailing,yara_sluiskil,sailing_to_emitter,0.0,sailing,yara_sluiskil,sailing_to_emitter,6143.0170856869745,1,1023392.5195907614,232573.79921192516,1255966.3188026866,73210.6636359989
greedy,9000031,487.0,2907.1724901490643,0.7445292810492403,4359.0761274936485,1.2019559112548384,0,1.37178610686908,1,1848.650461136114,0.7571945542909281,0,1.0,0,13068.83440283126,0.4576525814786293,0,1.0,0,3500.0,unloading,oygarden_terminal,unloading,0.0,sailing,yara_sluiskil,sailing_to_emitter,0.0,sailing,yara_sluiskil,sailing_to_emitter,6704.883263248225,1,1024344.8544579613,232573.79921192516,1256918.6536698865,73448.79745843765
greedy,9000031,488.0,2907.1724901490643,0.7445292810492403,4404.370829972189,1.2155927675099554,0,1.37178610686908,1,1880.7208428425756,1.3264702429298967,0,1.0,0,13110.685427097624,1.0800703614611868,0,1.0,0,2700.0,unloading,oygarden_terminal,unloading,0.0,sailing,yara_sluiskil,sailing_to_emitter,0.0,sailing,yara_sluiskil,sailing_to_emitter,7266.8779683351795,1,1025297.1366288756,232573.79921192516,1257870.9358408009,73686.8027533507
greedy,9000031,489.0,2907.1724901490643,0.7445292810492403,4450.183562626843,1.2315304468638362,0,1.37178610686908,1,1936.902450029201,0.6883022504826588,0,1.0,0,13209.457759046565,1.0467755083453,0,1.0,0,1900.0,unloading,oygarden_terminal,unloading,0.0,sailing,yara_sluiskil,sailing_to_emitter,0.0,sailing,yara_sluiskil,sailing_to_emitter,7828.998533783589,1,1026249.3671970419,232573.79921192516,1258823.166408967,73924.68218790229
greedy,9000031,490.0,2907.1724901490643,0.7445292810492403,4496.601139753674,1.536450875517328,0,1.37178610686908,1,1966.0549522194297,1.4073355838588353,0,1.0,0,13305.188163707595,1.01702207640582,0,1.0,0,1100.0,unloading,oygarden_terminal,unloading,0.0,sailing,yara_sluiskil,sailing_to_emitter,0.0,sailing,yara_sluiskil,sailing_to_emitter,8391.242407684613,1,1027201.5472087424,232573.79921192516,1259775.3464206676,74162.43831400127
greedy,9000031,491.0,2907.1724901490643,0.7445292810492403,4554.516692151601,0.4614615870801948,0,1.37178610686908,1,2025.661547522673,1.2617689746314795,0,1.0,0,13398.200339769452,1.151035806487636,0,1.0,0,300.0,unloading,oygarden_terminal,unloading,0.0,sailing,yara_sluiskil,sailing_to_emitter,0.0,sailing,yara_sluiskil,sailing_to_emitter,8953.607146110166,1,1028153.677665988,232573.79921192516,1260727.476877913,74400.07357557572
greedy,9000031,492.0,2907.1724901490643,0.7445292810492403,4571.912767693955,1.3064993250826513,0,1.37178610686908,1,2079.102783216313,0.8972077166536102,0,1.0,0,13503.471968235284,1.2372604411961474,0,1.0,0,0.0,idle,oygarden_terminal,idle,0.0,sailing,yara_sluiskil,sailing_to_emitter,0.0,sailing,yara_sluiskil,sailing_to_emitter,9016.09040643192,1,1029090.4970292561,232573.79921192516,1261664.2962411812,74637.59031525397
greedy,9000031,493.0,2907.1724901490643,0.7445292810492403,4621.169333918775,1.1962610600103438,0,1.37178610686908,1,2117.103312644327,0.7100033679035659,0,1.0,0,13616.632952652992,0.8717214232254932,0,1.0,0,0.0,sailing,yara_sluiskil,sailing_to_emitter,0.0,sailing,yara_sluiskil,sailing_to_emitter,0.0,sailing,yara_sluiskil,sailing_to_emitter,8778.689941175202,1,1030433.2512200114,232573.79921192516,1263007.0504319365,74874.99078051069
greedy,9000031,494.0,2907.1724901490643,0.7445292810492403,4666.273858345603,1.895730501494895,0,1.37178610686908,1,2147.174948649242,0.7882476769542446,0,1.0,0,13696.363802827755,0.31016845017203365,0,1.0,0,0.0,sailing,yara_sluiskil,sailing_to_emitter,0.0,sailing,yara_sluiskil,sailing_to_emitter,0.0,sailing,yara_sluiskil,sailing_to_emitter,8541.403592355837,1,1031775.9586230272,232573.79921192516,1264349.7578349523,75112.27712933006
greedy,9000031,495.0,2907.1724901490643,0.7445292810492403,4737.758037555745,1.7702656434303587,0,1.37178610686908,1,2180.5605610204607,1.3010297284689525,0,1.0,0,13724.733805524635,0.8447701244405035,0,1.0,0,0.0,sailing,yara_sluiskil,sailing_to_emitter,0.0,sailing,yara_sluiskil,sailing_to_emitter,0.0,sailing,yara_sluiskil,sailing_to_emitter,8304.229286253854,1,1033118.620088529,232573.79921192516,1265692.4193004542,75349.45143543204
greedy,9000031,496.0,2907.1724901490643,0.7445292810492403,4804.517215638749,1.4536756554355743,0,1.37178610686908,1,2235.6646551624563,0.9872213645750045,0,1.0,0,13802.004245388176,0.6025452643953534,0,1.0,0,0.0,sailing,yara_sluiskil,sailing_to_emitter,0.0,sailing,yara_sluiskil,sailing_to_emitter,0.0,sailing,yara_sluiskil,sailing_to_emitter,8067.165028583108,1,1034461.236434174,232573.79921192516,1267035.0356460991,75586.51569310279
greedy,9000031,497.0,2907.1724901490643,0.7445292810492403,4859.342292072641,1.0130891564095514,0,1.37178610686908,1,2277.4776420774806,1.3790476578631568,0,1.0,0,13857.120233275504,0.8827498078424454,0,1.0,0,0.0,sailing,yara_sluiskil,sailing_to_emitter,0.0,sailing,yara_sluiskil,sailing_to_emitter,0.0,sailing,yara_sluiskil,sailing_to_emitter,7830.20890002032,1,1035803.8084468849,232573.79921192516,1268377.60765881,75823.47182166557
greedy,9000031,498.0,2907.1724901490643,0.7445292810492403,4897.554187439571,1.1767430257014664,0,1.37178610686908,1,2335.8861244529107,1.2863237737943283,0,1.0,0,13937.869508005699,0.5809288354042967,0,1.0,0,0.0,sailing,yara_sluiskil,sailing_to_emitter,0.0,sailing,yara_sluiskil,sailing_to_emitter,0.0,sailing,yara_sluiskil,sailing_to_emitter,7593.359052061026,1,1037146.3368845481,232573.79921192516,1269720.1360964733,76060.32166962487
greedy,9000031,499.0,2907.1724901490643,0.7445292810492403,4941.942817157872,1.1207461635216358,0,1.37178610686908,1,2390.367359414131,0.9079268331098992,0,1.0,0,13991.011399985526,1.3063889635901393,0,1.0,0,0.0,sailing,yara_sluiskil,sailing_to_emitter,0.0,sailing,yara_sluiskil,sailing_to_emitter,0.0,loading,yara_sluiskil,loading,7356.6137031733015,1,1038073.682477592,232573.79921192516,1270647.4816895172,76297.0670185126
greedy,9000031,500.0,2907.1724901490643,0.7445292810492403,4984.222969538964,1.3466166843257912,0,1.37178610686908,1,2428.821888615864,0.47170979519915635,0,1.0,0,13310.520138022823,0.9618280764035764,0,1.0,0,0.0,sailing,yara_sluiskil,sailing_to_emitter,0.0,sailing,yara_sluiskil,sailing_to_emitter,800.0,loading,yara_sluiskil,loading,7119.971135223198,1,1045281.4059304517,232573.79921192516,1277855.205142377,76533.70958646269
greedy,9000031,501.0,2907.1724901490643,0.7445292810492403,5035.028670531581,0.7532044504807838,0,1.37178610686908,1,2448.8007871710447,1.5294749128363367,0,1.0,0,12598.511023234296,1.3441688210668967,0,1.0,0,0.0,sailing,yara_sluiskil,sailing_to_emitter,0.0,sailing,yara_sluiskil,sailing_to_emitter,1600.0,loading,yara_sluiskil,loading,6883.429690148485,1,1052489.0879229323,232573.79921192516,1285062.8871348575,76770.25103153741
greedy,9000031,502.0,2907.1724901490643,0.7445292810492403,5063.448437748277,1.0686845644759448,0,1.37178610686908,1,2513.580497995896,0.9428568790534971,0,1.0,0,11921.483276975321,1.4027165775651542,0,1.0,0,0.0,sailing,yara_sluiskil,sailing_to_emitter,0.0,sailing,yara_sluiskil,sailing_to_emitter,2400.0,loading,yara_sluiskil,loading,6646.987766859658,1,1059696.7291114808,232573.79921192516,1292270.528323406,77006.69295482624
greedy,9000031,503.0,2907.1724901490643,0.7445292810492403,5103.775477418589,0.4790367954265389,0,1.37178610686908,1,2553.514461908414,1.2553249079823032,0,1.0,0,11249.815680319409,1.2106002614759586,0,1.0,0,0.0,sailing,yara_sluiskil,sailing_to_emitter,0.0,sailing,yara_sluiskil,sailing_to_emitter,3200.0,loading,yara_sluiskil,loading,6410.6438183492555,1,1066904.3301303699,232573.79921192516,1299478.129342295,77243.03690333664
greedy,9000031,504.0,2907.1724901490643,0.7445292810492403,5121.853663091061,1.595879279486248,0,1.37178610686908,1,2606.6827642112767,1.5342451452098302,0,1.0,0,10560.574989701367,0.7285089370689843,0,1.0,0,0.0,sailing,yara_sluiskil,sailing_to_emitter,0.0,sailing,yara_sluiskil,sailing_to_emitter,4000.0,loading,yara_sluiskil,loading,6174.396348992378,1,1074111.8915928064,232573.79921192516,1306685.6908047316,77479.28437269352
greedy,9000031,505.0,2907.1724901490643,0.7445292810492403,5182.085370775017,0.9335352058585359,0,1.37178610686908,1,2671.664514488445,1.0372711710570894,0,1.0,0,9827.22917691894,0.6763373852496677,0,1.0,0,0.0,sailing,yara_sluiskil,sailing_to_emitter,0.0,sailing,yara_sluiskil,sailing_to_emitter,4800.0,loading,yara_sluiskil,loading,5938.243912022963,1,1081319.4140919638,232573.79921192516,1313893.213303889,77715.43680966293
greedy,9000031,506.0,2907.1724901490643,0.7445292810492403,5217.322052005539,0.7463208131182519,0,1.37178610686908,1,2715.59732171797,0.9739723083485337,0,1.0,0,9089.111844162084,0.8178089394747434,0,1.0,0,0.0,sailing,yara_sluiskil,sailing_to_emitter,0.0,sailing,yara_sluiskil,sailing_to_emitter,5600.0,loading,yara_sluiskil,loading,5702.185107171815,1,1088526.8982019527,232573.79921192516,1321100.6974138778,77951.49561451407
greedy,9000031,507.0,2907.1724901490643,0.7445292810492403,5245.494786520118,0.7324504706274968,0,1.37178610686908,1,2756.849155243782,0.7859618423370851,0,1.0,0,8363.940950766126,1.13997525803292,0,1.0,0,0.0,sailing,yara_sluiskil,sailing_to_emitter,0.0,sailing,yara_sluiskil,sailing_to_emitter,6400.0,loading,yara_sluiskil,loading,5466.218578453717,1,1095734.3444787273,232573.79921192516,1328308.1436906524,78187.46214323217
greedy,9000031,508.0,2907.1724901490643,0.7445292810492403,5273.146425150856,1.0426358820444128,0,1.37178610686908,1,2790.137952881885,0.9721540711610251,0,1.0,0,7668.25125410042,1.1787504078856081,0,1.0,0,0.0,sailing,yara_sluiskil,sailing_to_emitter,0.0,sailing,yara_sluiskil,sailing_to_emitter,7200.0,loading,yara_sluiskil,loading,5230.343012092097,1,1102941.7534609355,232573.79921192516,1335515.5526728607,78423.33770959379
greedy,9000031,509.0,2907.1724901490643,0.7445292810492403,5312.511802865956,1.7946839988735628,0,1.37178610686908,1,2831.312776397119,0.6749331225673356,0,1.0,0,7476.112818425246,0.8518686581078772,0,1.0,0,0.0,sailing,yara_sluiskil,sailing_to_emitter,0.0,sailing,yara_sluiskil,sailing_to_emitter,7500.0,idle,yara_sluiskil,idle,4994.557134570793,1,1106223.8631707192,232573.79921192516,1338797.6623826444,78659.1235871151
greedy,9000031,510.0,2907.1724901490643,0.7445292810492403,5380.277340588047,1.787409499353784,0,1.37178610686908,1,2859.89903965589,0.7575542168716746,0,1.0,0,7554.06541284664,0.6677156353132231,0,1.0,0,0.0,sailing,yara_sluiskil,sailing_to_emitter,0.0,sailing,yara_sluiskil,sailing_to_emitter,7500.0,sailing,oygarden_terminal,sailing_to_terminal,4758.859710803367,1,1107565.919114464,232573.79921192516,1340139.718326389,78894.82101088253
greedy,9000031,511.0,2907.1724901490643,0.7445292810492403,5447.7742845628245,1.652299862073855,0,1.37178610686908,1,2891.984654588984,1.1599042206647945,0,1.0,0,7615.168416510853,0.6546545617116211,0,1.0,0,0.0,sailing,yara_sluiskil,sailing_to_emitter,0.0,sailing,yara_sluiskil,sailing_to_emitter,7500.0,sailing,oygarden_terminal,sailing_to_terminal,4523.249542411288,1,1108907.9392835048,232573.79921192516,1341481.73849543,79130.43117927462
greedy,9000031,512.0,2907.1724901490643,0.7445292810492403,5510.174781742828,1.7965301519306873,0,1.37178610686908,1,2941.1114884903322,0.7536465705552696,0,1.0,0,7675.0779981374635,1.0723972431205704,0,1.0,0,0.0,sailing,yara_sluiskil,sailing_to_emitter,0.0,sailing,yara_sluiskil,sailing_to_emitter,7500.0,sailing,oygarden_terminal,sailing_to_terminal,4287.725466103037,1,1110249.924154791,232573.79921192516,1342823.7233667162,79365.95525558287
greedy,9000031,513.0,2907.1724901490643,0.7445292810492403,5578.028370997516,1.3981877693990794,0,1.37178610686908,1,2973.0315981272893,0.27323341917355115,0,1.0,0,7773.219534266009,0.8747002007851922,0,1.0,0,0.0,sailing,yara_sluiskil,sailing_to_emitter,0.0,sailing,yara_sluiskil,sailing_to_emitter,7500.0,sailing,oygarden_terminal,sailing_to_terminal,4052.286352146894,1,1111591.874191513,232573.79921192516,1344165.6734034382,79601.39436953902
greedy,9000031,514.0,2907.1724901490643,1.0,5630.841628245308,0.9355686031880015,0,1.37178610686908,1,2984.6041853813845,0.969466511613774,0,1.0,0,7853.271032131725,0.864494909142336,0,1.0,0,0.0,sailing,yara_sluiskil,sailing_to_emitter,0.0,sailing,yara_sluiskil,sailing_to_emitter,7500.0,sailing,oygarden_terminal,sailing_to_terminal,3816.931102930738,1,1112933.7898436915,232573.79921192516,1345507.5890556166,79836.74961875517
greedy,9000031,515.0,2907.1724901490643,1.0,5666.183717384474,1.5579765597640434,0,1.37178610686908,1,3025.6651794190407,1.244494928739444,0,1.0,0,7932.3909358096025,0.6883892242533085,0,1.0,0,0.0,sailing,yara_sluiskil,sailing_to_emitter,0.0,sailing,yara_sluiskil,sailing_to_emitter,7500.0,sailing,oygarden_terminal,sailing_to_terminal,3581.658651602803,1,1114275.671548736,232573.79921192516,1346849.4707606612,80072.02207008311
greedy,9000031,516.0,2907.1724901490643,1.0,5725.043224273111,1.4578634478809418,0,1.37178610686908,1,3078.3747864417755,0.8872942105713584,0,1.0,0,7995.395272868205,0.8974500566250988,0,1.0,0,0.0,sailing,yara_sluiskil,sailing_to_emitter,0.0,loading,yara_sluiskil,loading,7500.0,sailing,oygarden_terminal,sailing_to_terminal,3346.467960787786,1,1115202.3797319704,232573.79921192516,1347776.1789438955,80307.21276089812
greedy,9000031,517.0,2907.1724901490643,1.0,5780.125474823514,0.8932050575735391,0,1.37178610686908,1,3115.9554370918645,1.0222464971339094,0,1.0,0,7277.536227278533,0.5095617788049124,0,1.0,0,0.0,sailing,yara_sluiskil,sailing_to_emitter,800.0,loading,yara_sluiskil,loading,7500.0,sailing,oygarden_terminal,sailing_to_terminal,3111.358021373182,1,1122409.4748071302,232573.79921192516,1354983.2740190553,80542.32270031272
greedy,9000031,518.0,2907.1724901490643,1.0,5813.876356041918,0.9460500084975878,0,1.37178610686908,1,3159.2518860367177,1.4456916931668649,0,1.0,0,6524.176316508877,1.0656717307545476,0,1.0,0,0.0,sailing,yara_sluiskil,sailing_to_emitter,1600.0,loading,yara_sluiskil,loading,7500.0,sailing,oygarden_terminal,sailing_to_terminal,2876.3278513611235,1,1129616.5371768356,232573.79921192516,1362190.3363887607,80777.35287032479
greedy,9000031,519.0,2907.1724901490643,1.0,5849.6272698823395,1.0143453476107092,0,1.0,0,3220.483024278513,0.7188947259987613,0,1.0,0,5821.719977078799,1.1545139846367165,0,1.0,0,0.0,sailing,yara_sluiskil,sailing_to_emitter,2400.0,loading,yara_sluiskil,loading,7500.0,sailing,oygarden_terminal,sailing_to_terminal,2641.376494781384,1,1136823.5672330328,232573.79921192516,1369397.366444958,81012.30422690453
greedy,9000031,520.0,2907.1724901490643,1.0,5887.962494608765,0.44706030085367565,0,1.0,0,3250.9312467847253,1.1048340909218874,0,1.0,0,5127.398777179912,0.7614460117857466,0,1.0,0,0.0,sailing,yara_sluiskil,sailing_to_emitter,3200.0,loading,yara_sluiskil,loading,7500.0,sailing,oygarden_terminal,sailing_to_terminal,2406.503020661535,1,1144030.5653574222,232573.79921192516,1376604.3645693474,81247.17770102437
greedy,9000031,521.0,2907.1724901490643,1.0,5904.859797199353,1.1588489340362198,0,1.0,0,3297.7256285157946,0.7291616567490115,0,1.0,0,4397.1000747465305,1.605355286375747,0,1.0,0,0.0,sailing,yara_sluiskil,sailing_to_emitter,4000.0,loading,yara_sluiskil,loading,7500.0,sailing,oygarden_terminal,sailing_to_terminal,2171.7065220505674,1,1151237.5319218526,232573.79921192516,1383811.3311337777,81481.97419963534
greedy,9000031,522.0,2907.1724901490643,1.0,5948.6641443675035,0.629630976268174,0,1.0,0,3328.60869882466,1.2169151371627016,0,1.0,0,3744.0556204741224,0.8650302104047067,0,1.0,0,0.0,sailing,yara_sluiskil,sailing_to_emitter,4800.0,loading,yara_sluiskil,loading,7500.0,sailing,oygarden_terminal,sailing_to_terminal,1936.9861150925578,1,1158444.4672887058,232573.79921192516,1391018.2665006309,81716.69460659334
greedy,9000031,523.0,2907.1724901490643,1.0,5972.466260460043,0.9363986556204519,0,1.0,0,3380.150185397719,0.6266520805971203,0,1.0,0,3023.243581877692,1.2172319752170184,0,1.0,0,0.0,sailing,yara_sluiskil,sailing_to_emitter,5600.0,loading,yara_sluiskil,loading,7500.0,sailing,oygarden_terminal,sailing_to_terminal,1702.3409381472256,1,1165651.371811253,232573.79921192516,1398225.1710231781,81951.33978353867
greedy,9000031,524.0,2907.1724901490643,1.0,6007.868387594711,0.832821686868239,0,1.0,0,3406.691542976179,0.7823564034132264,0,1.0,0,2334.676706836389,0.4098893305614667,0,1.0,0,0.0,sailing,yara_sluiskil,sailing_to_emitter,6400.0,loading,yara_sluiskil,loading,7500.0,sailing,oygarden_terminal,sailing_to_terminal,1467.770150954461,1,1172858.2458340025,232573.79921192516,1405432.0450459276,82185.91057073143
greedy,9000031,525.0,2907.1724901490643,1.0,6039.357448030686,1.351001945818039,0,1.0,0,3439.827635075326,0.8825400164107248,0,1.0,0,1572.201701640111,0.9144430741965296,0,1.0,0,0.0,sailing,yara_sluiskil,sailing_to_emitter,7200.0,loading,yara_sluiskil,loading,7500.0,sailing,oygarden_terminal,sailing_to_terminal,1233.2729338401193,1,1180065.089693019,232573.79921192516,1412638.888904944,82420.40778784578
greedy,9000031,526.0,2907.1724901490643,1.0,6090.443546598857,1.4341892974917538,0,1.0,0,3477.206925559029,1.1534090808262218,0,1.0,0,1355.9206513158322,1.2800806833842315,0,1.0,0,0.0,sailing,yara_sluiskil,sailing_to_emitter,7500.0,idle,yara_sluiskil,idle,7500.0,sailing,oygarden_terminal,sailing_to_terminal,998.8484869605645,1,1183346.64121624,232573.79921192516,1415920.440428165,82654.83223472533
greedy,9000031,527.0,2907.1724901490643,1.0,6144.680129803848,1.138116836412125,0,1.0,0,3526.0586629047043,1.1608635110940018,0,1.0,0,1473.1179249707216,1.2524396103403501,0,1.0,0,0.0,sailing,yara_sluiskil,sailing_to_emitter,7500.0,sailing,oygarden_terminal,sailing_to_terminal,7500.0,sailing,oygarden_terminal,sailing_to_terminal,764.4960295836484,1,1184688.1457237643,232573.79921192516,1417261.9449356894,82889.18469210224
greedy,9000031,528.0,2907.1724901490643,1.0,6187.724046577655,1.5373921068812755,0,1.0,0,3575.226126800098,0.5379740683046534,0,1.0,0,1587.7879829907147,0.799663250231039,0,1.0,0,0.0,sailing,yara_sluiskil,sailing_to_emitter,7500.0,sailing,oygarden_terminal,sailing_to_terminal,7500.0,sailing,oygarden_terminal,sailing_to_terminal,530.2147994039428,1,1186029.6210281379,232573.79921192516,1418603.420240063,83123.46592228195
greedy,9000031,529.0,2907.1724901490643,1.0,6245.873904410701,0.9977382752979914,0,1.0,0,3598.011596691472,1.034017284865458,0,1.0,0,1661.005238144826,0.8465342521162891,0,1.0,0,0.0,sailing,yara_sluiskil,sailing_to_emitter,7500.0,sailing,oygarden_terminal,sailing_to_terminal,7500.0,sailing,oygarden_terminal,sailing_to_terminal,296.0040518902291,1,1187371.0674346185,232573.79921192516,1419944.8666465436,83357.67666979566
greedy,9000031,530.0,2907.1724901490643,1.0,6283.61545291744,1.0542929591002688,0,1.0,0,3641.806588122397,1.0082686725399679,0,1.0,0,1738.516339589226,0.5598424667809332,0,1.0,0,0.0,sailing,yara_sluiskil,sailing_to_emitter,7500.0,sailing,oygarden_terminal,sailing_to_terminal,7500.0,sailing,oygarden_terminal,sailing_to_terminal,61.86305966336732,1,1188712.4852414315,232573.79921192516,1421286.2844533566,83591.81766202253
greedy,9000031,531.0,2907.1724901490643,1.0,6323.499890086733,1.1231419220289292,0,1.0,0,3684.511017265188,0.9946293739607089,0,1.0,0,1789.7786621623516,1.231071807414475,0,1.0,0,0.0,sailing,yara_sluiskil,sailing_to_emitter,7500.0,sailing,oygarden_terminal,sailing_to_terminal,7500.0,sailing,oygarden_terminal,sailing_to_terminal,0.0,1,1189983.2690958935,232573.79921192516,1422557.0683078186,83653.6807216859
greedy,9000031,532.0,2907.1724901490643,1.0,6365.992740482003,0.4265018324794738,0,1.0,0,3726.6377646098645,0.8652869974321884,0,1.0,0,1902.505907075608,0.9872648107829733,0,1.0,0,0.0,sailing,yara_sluiskil,sailing_to_emitter,7500.0,sailing,oygarden_terminal,sailing_to_terminal,7500.0,sailing,oygarden_terminal,sailing_to_terminal,0.0,1,1191228.6890958934,232573.79921192516,1423802.4883078185,83653.6807216859
greedy,9000031,533.0,2907.1724901490643,1.0,6382.130423812602,1.014762150432286,0,1.0,0,3763.2863170010987,1.1299048853303375,0,1.0,0,1992.910861408241,1.3268390357503281,0,1.0,0,0.0,sailing,yara_sluiskil,sailing_to_emitter,7500.0,sailing,oygarden_terminal,sailing_to_terminal,7500.0,sailing,oygarden_terminal,sailing_to_terminal,0.0,1,1192474.1090958933,232573.79921192516,1425047.9083078185,83653.6807216859
greedy,9000031,534.0,2907.1724901490643,1.0,6420.529751169422,0.8639558641134651,0,1.0,0,3811.142552573835,1.1943143425815173,0,1.0,0,2114.4146666815527,1.0078612889567315,0,1.0,0,0.0,sailing,yara_sluiskil,sailing_to_emitter,7500.0,sailing,oygarden_terminal,sailing_to_terminal,7500.0,sailing,oygarden_terminal,sailing_to_terminal,0.0,1,1193719.5290958935,232573.79921192516,1426293.3283078186,83653.6807216859
greedy,9000031,535.0,2907.1724901490643,1.0,6453.225400565635,0.9097483301007605,0,1.0,0,3861.7268002114306,0.7771243220095546,0,1.0,0,2206.7112171102794,0.7058690678273779,0,1.0,0,0.0,sailing,yara_sluiskil,sailing_to_emitter,7500.0,sailing,oygarden_terminal,sailing_to_terminal,7500.0,sailing,oygarden_terminal,sailing_to_terminal,0.0,1,1194964.9490958934,232573.79921192516,1427538.7483078185,83653.6807216859
greedy,9000031,536.0,2907.1724901490643,1.0,6487.6571214133355,1.2358065171555639,0,1.0,0,3894.641291604677,1.0838825049309244,0,1.0,0,2271.3542799969937,1.131567502315796,0,1.0,0,0.0,sailing,yara_sluiskil,sailing_to_emitter,7500.0,sailing,oygarden_terminal,sailing_to_terminal,7500.0,sailing,oygarden_terminal,sailing_to_terminal,0.0,1,1196210.3690958933,232573.79921192516,1428784.1683078185,83653.6807216859
greedy,9000031,537.0,2907.1724901490643,1.0,6534.433543680315,1.4603428288356262,0,1.0,0,3940.5482853371423,0.8095899101457424,0,1.0,0,2374.985665860772,1.1492606131212515,0,1.0,0,0.0,sailing,yara_sluiskil,sailing_to_emitter,7500.0,sailing,oygarden_terminal,sailing_to_terminal,7500.0,sailing,oygarden_terminal,sailing_to_terminal,0.0,1,1197455.7890958933,232573.79921192516,1430029.5883078184,83653.6807216859
greedy,9000031,538.0,2907.1724901490643,1.0,6589.713843036192,0.9738202502766394,0,1.0,0,3974.8378312628756,1.0599088079530934,0,1.0,0,2480.240591082984,0.9312768510357797,0,1.0,0,0.0,sailing,yara_sluiskil,sailing_to_emitter,7500.0,sailing,oygarden_terminal,sailing_to_terminal,7500.0,sailing,oygarden_terminal,sailing_to_terminal,0.0,1,1198701.2090958932,232573.79921192516,1431275.0083078183,83653.6807216859
greedy,9000031,539.0,2907.1724901490643,1.0,6626.580470061158,1.2010511210820585,0,1.0,0,4019.7294378552233,0.8790942779240369,0,1.0,0,2565.534059612796,1.2835559747110017,0,1.0,0,0.0,sailing,yara_sluiskil,sailing_to_emitter,7500.0,sailing,oygarden_terminal,sailing_to_terminal,7500.0,sailing,oygarden_terminal,sailing_to_terminal,0.0,1,1199946.6290958934,232573.79921192516,1432520.4283078185,83653.6807216859
greedy,9000031,540.0,2907.1724901490643,1.0,6672.053631100449,0.9499203950396473,0,1.0,0,4056.962786786782,0.9486719617669002,0,1.0,0,2683.0954852958625,0.7731640492192358,0,1.0,0,0.0,sailing,yara_sluiskil,sailing_to_emitter,7500.0,sailing,oygarden_terminal,sailing_to_terminal,7500.0,sailing,oygarden_terminal,sailing_to_terminal,0.0,1,1201192.0490958933,232573.79921192516,1433765.8483078184,83653.6807216859
greedy,9000031,541.0,2907.1724901490643,1.0,6708.021929895243,1.1477559771663053,0,1.0,0,4097.143043968601,0.5747734789451775,0,1.0,0,2753.9120322670524,0.684605927107155,0,1.0,0,0.0,sailing,yara_sluiskil,sailing_to_emitter,7500.0,sailing,oygarden_terminal,sailing_to_terminal,7500.0,sailing,oygarden_terminal,sailing_to_terminal,0.0,1,1202437.4690958932,232573.79921192516,1435011.2683078183,83653.6807216859
greedy,9000031,542.0,2907.1724901490643,1.0,6751.485087816486,1.2082202009245677,0,1.0,0,4121.4871240469165,1.6095209331428642,0,1.0,0,2816.619146105521,1.0194768797054141,0,1.0,0,0.0,sailing,yara_sluiskil,sailing_to_emitter,7500.0,sailing,oygarden_terminal,sailing_to_terminal,7500.0,sailing,oygarden_terminal,sailing_to_terminal,0.0,1,1203682.8890958934,232573.79921192516,1436256.6883078185,83653.6807216859
greedy,9000031,543.0,2907.1724901490643,1.0,6797.24201429811,0.9963706729466977,0,1.0,0,4189.6571213057705,1.165488148428747,0,1.0,0,2910.0018835965325,1.1571545787236386,0,1.0,0,0.0,sailing,yara_sluiskil,sailing_to_emitter,7500.0,sailing,oygarden_terminal,sailing_to_terminal,7500.0,sailing,oygarden_terminal,sailing_to_terminal,0.0,1,1204928.3090958933,232573.79921192516,1437502.1083078184,83653.6807216859
greedy,9000031,544.0,2907.1724901490643,1.0,6834.979304443298,1.2057441157557558,0,1.0,0,4239.020458089762,0.9109307514081216,0,1.0,0,3015.9989058387473,1.7421971443106758,0,1.0,0,0.0,loading,yara_sluiskil,loading,7500.0,sailing,oygarden_terminal,sailing_to_terminal,7500.0,sailing,oygarden_terminal,sailing_to_terminal,0.0,1,1205758.5890958933,232573.79921192516,1438332.3883078184,83653.6807216859
greedy,9000031,545.0,2907.1724901490643,1.0,6880.650664538744,1.0659945199247551,0,1.0,0,4277.602215895943,1.2424771752158954,0,1.0,0,2375.591467548034,1.501623119911233,0,1.0,0,800.0,loading,yara_sluiskil,loading,7500.0,sailing,oygarden_terminal,sailing_to_terminal,7500.0,sailing,oygarden_terminal,sailing_to_terminal,0.0,1,1212869.2890958933,232573.79921192516,1445443.0883078184,83653.6807216859
greedy,9000031,546.0,2907.1724901490643,1.0,6921.032196706961,1.0296672747337952,0,1.0,0,4330.226362550107,1.010403503303283,0,1.0,0,1713.1505771077168,1.1932513036034305,0,1.0,0,1600.0,loading,yara_sluiskil,loading,7500.0,sailing,oygarden_terminal,sailing_to_terminal,7500.0,sailing,oygarden_terminal,sailing_to_terminal,0.0,1,1219979.9890958935,232573.79921192516,1452553.7883078186,83653.6807216859
greedy,9000031,547.0,2907.1724901490643,1.0,6960.0411002235605,1.301183674954881,0,1.0,0,4373.021210776171,1.13048832039066,0,1.0,0,1022.4639734419386,1.0448671937982867,0,1.0,0,2400.0,loading,yara_sluiskil,loading,7500.0,sailing,oygarden_terminal,sailing_to_terminal,7500.0,sailing,oygarden_terminal,sailing_to_terminal,0.0,1,1227090.6890958934,232573.79921192516,1459664.4883078185,83653.6807216859
greedy,9000031,548.0,2907.1724901490643,1.0,7009.340819629925,1.2504884278182642,0,1.0,0,4420.9021572834745,0.6819729472428788,0,1.0,0,318.18682430449485,0.806360912450216,0,1.0,0,3200.0,loading,yara_sluiskil,loading,7500.0,sailing,oygarden_terminal,sailing_to_terminal,7500.0,sailing,oygarden_terminal,sailing_to_terminal,0.0,1,1234201.3890958934,232573.79921192516,1466775.1883078185,83653.6807216859
greedy,9000031,549.0,2907.1724901490643,1.0,7056.724035773012,1.4662855911069104,0,1.0,0,4449.786586797156,0.9925555482952908,0,1.0,0,0.0,0.7989435544164077,0,1.0,0,3592.061750247135,idle,yara_sluiskil,idle,7500.0,sailing,oygarden_terminal,sailing_to_terminal,7500.0,sailing,oygarden_terminal,sailing_to_terminal,0.0,1,1238109.5596677524,232573.79921192516,1470683.3588796775,83653.6807216859
greedy,9000031,550.0,2907.1724901490643,1.0,7112.289177516558,1.3454748305435684,0,1.0,0,4491.825498881653,0.7640924357613005,0,1.0,0,0.0,0.877280740061021,0,1.0,0,3665.2593344505203,idle,yara_sluiskil,idle,7500.0,sailing,oygarden_terminal,sailing_to_terminal,7500.0,sailing,oygarden_terminal,sailing_to_terminal,0.0,1,1239514.4791324805,232573.79921192516,1472088.2783444056,83653.6807216859
greedy,9000031,551.0,2907.1724901490643,1.0,7163.280753601576,0.9422084629576591,0,1.0,0,4524.188034949853,0.6758202897401497,0,1.0,0,0.0,0.8014621704343738,0,1.0,0,3745.6364292516055,idle,yara_sluiskil,idle,7500.0,sailing,oygarden_terminal,sailing_to_terminal,7500.0,sailing,oygarden_terminal,sailing_to_terminal,0.0,1,1240975.761524644,232573.79921192516,1473549.560736569,83653.6807216859
greedy,9000031,552.0,2907.1724901490643,1.0,7198.992317093803,1.2606760127725416,0,1.0,0,4552.81187347869,1.1833198514317975,0,1.0,0,0.0,0.7756106042043126,0,1.0,0,3819.0691807922317,idle,yara_sluiskil,idle,7500.0,sailing,oygarden_terminal,sailing_to_terminal,7500.0,sailing,oygarden_terminal,sailing_to_terminal,0.0,1,1242382.5271764325,232573.79921192516,1474956.3263883577,83653.6807216859
greedy,9000031,553.0,2907.1724901490643,1.0,7246.778720414831,0.8543949456316793,0,1.0,0,4602.930458063321,1.1177297581683943,0,1.0,0,0.0,1.5908026551439398,0,1.0,0,3890.1354587303267,idle,yara_sluiskil,idle,7500.0,sailing,oygarden_terminal,sailing_to_terminal,7500.0,sailing,oygarden_terminal,sailing_to_terminal,0.0,1,1243770.7147680426,232573.79921192516,1476344.5139799677,83653.6807216859
greedy,9000031,554.0,2907.1724901490643,1.0,7279.167793005079,1.027464966754285,0,1.0,0,4650.271025670412,1.5069390474954407,0,1.0,0,0.0,1.180882301088561,0,1.0,0,4035.899096128879,idle,yara_sluiskil,idle,7500.0,sailing,oygarden_terminal,sailing_to_terminal,7500.0,sailing,oygarden_terminal,sailing_to_terminal,0.0,1,1245745.3158475307,232573.79921192516,1478319.1150594559,83653.6807216859
greedy,9000031,555.0,2907.1724901490643,1.0,7318.121236960616,0.7883310545135155,0,1.0,0,4714.096247586868,1.2640584164317334,0,1.0,0,0.0,0.7725837845096548,0,1.0,0,4144.105399655475,idle,yara_sluiskil,idle,7500.0,sailing,oygarden_terminal,sailing_to_terminal,7500.0,sailing,oygarden_terminal,sailing_to_terminal,0.0,1,1247425.072138524,232573.79921192516,1479998.871350449,83653.6807216859
greedy,9000031,556.0,2907.1724901490643,1.0,7348.011274007818,1.0350645419566398,0,1.0,0,4767.634450793036,0.9045582328741713,0,1.0,0,0.0,1.1113192389912157,0,1.0,0,4214.9007269119575,idle,yara_sluiskil,idle,7500.0,sailing,oygarden_terminal,sailing_to_terminal,7500.0,unloading,oygarden_terminal,unloading,0.0,1,1248395.9926250342,232573.79921192516,1480969.7918369593,83653.6807216859
greedy,9000031,557.0,2907.1724901490643,1.0,7387.25987912882,0.8647469384024578,0,1.0,0,4805.946305572767,1.1737939988644999,0,1.0,0,0.0,0.6864085781548677,0,1.0,0,4316.738969179163,idle,yara_sluiskil,idle,7500.0,sailing,oygarden_terminal,sailing_to_terminal,6700.0,unloading,oygarden_terminal,unloading,514.6118721461187,1,1249752.045424329,232573.79921192516,1482325.844636254,83939.06884953978
greedy,9000031,558.0,2907.1724901490643,1.0,7420.053155831452,1.074700643136511,0,1.0,0,4855.661430140178,0.2918068353718176,0,1.0,0,0.0,0.7921557651726522,0,1.0,0,4379.641456772544,idle,yara_sluiskil,idle,7500.0,sailing,oygarden_terminal,sailing_to_terminal,5900.0,unloading,oygarden_terminal,unloading,1039.5639874052638,1,1250798.1926084869,232573.79921192516,1483371.991820412,84214.11673428063
greedy,9000031,559.0,2907.1724901490643,1.0,7460.812037482919,0.5421821963300245,0,1.0,0,4868.020679875792,0.8721367277320955,0,1.0,0,0.0,1.1665749603277114,0,1.0,0,4452.236799819345,idle,yara_sluiskil,idle,7500.0,sailing,oygarden_terminal,sailing_to_terminal,5100.0,unloading,oygarden_terminal,unloading,1572.0020651788861,1,1251917.3645520722,232573.79921192516,1484491.1637639974,84481.678656507
greedy,9000031,560.0,2907.1724901490643,1.0,7481.376576070506,0.0,1,1.0,0,4904.95934722369,0.8111838057527001,0,1.0,0,0.0,0.7914151359393333,0,1.0,0,4559.148166344407,idle,yara_sluiskil,idle,7500.0,sailing,oygarden_terminal,sailing_to_terminal,4300.0,unloading,oygarden_terminal,unloading,2109.295936891188,1,1253303.9444203596,232573.79921192516,1485877.7436322847,84744.3847847947
greedy,9000031,561.0,2907.1724901490643,1.0,7481.376576070506,0.0,1,1.0,0,4939.316401348242,0.6194864974366783,0,1.0,0,0.0,1.3357948205636223,0,1.0,0,4631.679997570723,idle,yara_sluiskil,idle,7500.0,sailing,oygarden_terminal,sailing_to_terminal,3500.0,unloading,oygarden_terminal,unloading,2650.1025524883594,1,1254419.1866623028,232573.79921192516,1486992.985874228,85003.57816919753
greedy,9000031,562.0,2907.1724901490643,1.0,7481.376576070506,0.0,1,1.0,0,4965.554266269758,1.1419302270336291,0,1.0,0,0.0,0.8543374341252724,0,1.0,0,4754.106967408249,idle,yara_sluiskil,idle,7500.0,sailing,oygarden_terminal,sailing_to_terminal,2700.0,unloading,oygarden_terminal,unloading,3193.6157806675005,1,1255925.022226133,232573.79921192516,1488498.821438058,85260.06494101838
greedy,9000031,563.0,2907.1724901490643,1.0,7481.376576070506,0.0,1,1.0,0,5013.919825762469,0.9899884298624099,0,1.0,0,0.0,1.6647127420257792,0,1.0,0,4832.4102260586815,idle,yara_sluiskil,idle,7500.0,sailing,oygarden_terminal,sailing_to_terminal,1900.0,unloading,oygarden_terminal,unloading,3739.302918683766,1,1257083.572189163,232573.79921192516,1489657.371401088,85514.37780300212
greedy,9000031,564.0,2907.1724901490643,1.0,7481.376576070506,0.0,1,1.0,0,5055.850009558363,0.4862076416900679,0,1.0,0,0.0,0.5620548547621912,0,1.0,0,4984.9920344219645,idle,yara_sluiskil,idle,7500.0,sailing,oygarden_terminal,sailing_to_terminal,1100.0,unloading,oygarden_terminal,unloading,4286.788511052164,1,1258824.5103973933,232573.79921192516,1491398.3096093184,85766.89221063373
greedy,9000031,565.0,2907.1724901490643,1.0,7481.376576070506,0.686256512628239,0,1.0,0,5076.442953035355,0.9015495572665547,0,1.0,0,0.0,0.9102664783352932,0,1.0,0,5036.509585598739,idle,yara_sluiskil,idle,7500.0,sailing,oygarden_terminal,sailing_to_terminal,300.0,unloading,oygarden_terminal,unloading,4835.795369080895,1,1259771.4174090535,232573.79921192516,1492345.2166209787,86017.885352605
greedy,9000031,566.0,2914.592242155107,1.0,7500.0,1.2494838231246002,0,1.0,0,5114.627377718527,1.1608237806572064,0,1.0,0,0.0,1.0830787110989941,0,1.0,0,5119.946476138966,idle,yara_sluiskil,idle,7500.0,sailing,oygarden_terminal,sailing_to_terminal,0.0,idle,oygarden_terminal,idle,4886.11155446431,1,1260953.1086681546,233167.37937240858,1494120.4880405632,86267.56916722158
greedy,9000031,567.0,2962.013935430218,1.0,7500.0,1.21651170739647,0,1.0,0,5163.793158862419,1.022801237230588,0,1.0,0,0.0,1.0340979197162925,0,1.0,0,5219.226673908428,idle,yara_sluiskil,idle,7500.0,sailing,oygarden_terminal,sailing_to_terminal,0.0,sailing,brevik,sailing_to_emitter,4637.570511893765,1,1262664.6921702025,236961.11483441747,1499625.8070046199,86516.11020979212
greedy,9000031,568.0,3008.188376896193,1.0,7500.0,1.0443135461281048,0,1.0,0,5207.113103389151,0.4957946629570743,0,1.0,0,0.0,0.7468359483340141,0,1.0,0,5314.019905975799,idle,yara_sluiskil,idle,7500.0,sailing,oygarden_terminal,sailing_to_terminal,0.0,sailing,brevik,sailing_to_emitter,4390.038428013642,1,1264340.6369627693,240655.07015169543,1504995.7071144648,86763.64229367225
greedy,9000031,569.0,3047.830344706854,1.0,7500.0,0.6515860988434523,0,1.0,0,5228.1120976356815,0.8805409772676516,0,1.0,0,0.0,1.032405203172099,0,1.0,0,5382.4825926129015,idle,yara_sluiskil,idle,7500.0,sailing,oygarden_terminal,sailing_to_terminal,0.0,sailing,brevik,sailing_to_emitter,4143.4058227410715,1,1265809.5043639424,243826.42757654827,1509635.9319404906,87010.27489894483
greedy,9000031,570.0,3072.566662203153,1.0,7500.0,0.7378814388079957,0,1.0,0,5265.406720383727,1.0168772921667324,0,1.0,0,0.0,0.6749940058976199,0,1.0,0,5477.126347071661,idle,yara_sluiskil,idle,7500.0,unloading,oygarden_terminal,unloading,0.0,sailing,brevik,sailing_to_emitter,3897.581749290627,1,1267068.4353945297,245805.33297625222,1512873.768370782,87256.09897239528
greedy,9000031,571.0,3100.5815411530584,1.0,7500.0,1.5222377841933796,0,1.0,0,5308.475760861652,0.7219360709019605,0,1.0,0,0.0,0.9918971282911764,0,1.0,0,5539.006979432381,idle,yara_sluiskil,idle,6700.0,unloading,oygarden_terminal,unloading,0.0,sailing,brevik,sailing_to_emitter,4452.489670998224,1,1268094.278597993,248046.52329224464,1516140.8018902377,87501.19105068769
greedy,9000031,572.0,3158.3809767973435,1.0,7500.0,1.1154526492073025,0,1.0,0,5339.052797146825,1.1356595337728301,0,1.0,0,0.0,1.1627816571413339,0,1.0,0,5629.942699660193,idle,yara_sluiskil,idle,5900.0,unloading,oygarden_terminal,unloading,0.0,sailing,brevik,sailing_to_emitter,5008.064454430941,1,1269347.9460818274,252670.47814378745,1522018.4242256149,87745.61626725497
greedy,9000031,573.0,3200.7385588530265,1.0,7500.0,1.044392761025702,0,1.0,0,5387.152766342699,0.8371237147553424,0,1.0,0,0.0,0.4363561251810413,0,1.0,0,5736.548074300423,idle,yara_sluiskil,idle,5100.0,unloading,oygarden_terminal,unloading,0.0,sailing,brevik,sailing_to_emitter,5564.25012811651,1,1270724.3781143634,256059.0847082421,1526783.4628226054,87989.4305935694
greedy,9000031,574.0,3240.4013060795855,1.0,7500.0,0.42204032853820495,0,1.0,0,5422.608484976169,1.000128136951707,0,1.0,0,0.0,1.181038052786555,0,1.0,0,5776.554988553573,idle,yara_sluiskil,idle,4300.0,unloading,oygarden_terminal,unloading,0.0,sailing,brevik,sailing_to_emitter,6120.998180019465,1,1271577.7466936004,259232.10448636682,1530809.8511799672,88232.68254166645
greedy,9000031,575.0,3256.43050495571,1.0,7500.0,0.5264971518302748,0,1.0,0,5464.968128116299,1.0757365644694252,0,1.0,0,0.0,0.6713360714499221,0,1.0,0,5884.840641438515,idle,yara_sluiskil,idle,3500.0,unloading,oygarden_terminal,unloading,0.0,sailing,brevik,sailing_to_emitter,6678.266242665037,1,1272966.9260130306,260514.44039645678,1533481.3664094873,88475.41447902088
greedy,9000031,576.0,3276.4287921823084,1.0,7500.0,0.8039458321683558,0,1.0,0,5510.530106926935,1.5163167343208526,0,1.0,0,0.0,0.9931621074458509,0,1.0,0,5946.3951772953305,idle,yara_sluiskil,idle,2700.0,unloading,oygarden_terminal,unloading,0.0,sailing,brevik,sailing_to_emitter,7236.017062700229,1,1273989.0435994233,262114.30337458462,1536103.3469740078,88717.6636589857
greedy,9000031,577.0,3306.9683307456376,1.0,7500.0,0.663554793145795,0,1.0,0,5574.752513416775,1.0984744132027309,0,1.0,0,0.0,0.8166281370505923,0,1.0,0,6037.460550816966,idle,yara_sluiskil,idle,1900.0,unloading,oygarden_terminal,unloading,0.0,sailing,brevik,sailing_to_emitter,7794.21768280519,1,1275242.6523366463,264557.46645965095,1539800.1187962973,88959.46303888073
greedy,9000031,578.0,3332.1770852266704,1.0,7500.0,0.9325048292121265,0,1.0,0,5621.277535984037,0.7420750493748255,0,1.0,0,0.0,0.6809748941873816,0,1.0,0,6112.341358489543,idle,yara_sluiskil,idle,1100.0,unloading,oygarden_terminal,unloading,0.0,sailing,brevik,sailing_to_emitter,8352.838784601729,1,1276369.0313375634,266574.16681813356,1542943.198155697,89200.84193708419
greedy,9000031,579.0,3367.6065496846136,1.0,7500.0,1.0477742030559656,0,1.0,0,5652.707542913469,0.8199328073915826,0,1.0,0,0.0,1.4721890248596592,0,1.0,0,6174.785303086102,idle,yara_sluiskil,idle,300.0,unloading,oygarden_terminal,unloading,0.0,sailing,brevik,sailing_to_emitter,8911.85415532478,1,1277397.612783721,269408.523974769,1546806.13675849,89441.82656636114
greedy,9000031,580.0,3407.4191089771657,1.0,7500.0,0.6744061481649952,0,1.0,0,5687.435154143219,1.5528200317309628,0,1.0,0,0.0,1.196304509212473,0,1.0,0,6309.785950895118,idle,yara_sluiskil,idle,0.0,idle,oygarden_terminal,idle,0.0,sailing,brevik,sailing_to_emitter,8971.240250828196,1,1278980.3879452052,272593.52871817315,1551573.9166633785,89682.44047085772
greedy,9000031,581.0,3433.0469971571792,1.0,7500.0,1.257225653187867,0,1.0,0,5753.203629176279,1.128962750094341,0,1.0,0,0.0,0.7616539411900862,0,1.0,0,6419.491113113925,idle,yara_sluiskil,idle,0.0,sailing,brevik,sailing_to_emitter,0.0,sailing,brevik,sailing_to_emitter,8730.975834427822,1,1280770.4194745573,274643.75977257424,1555414.1792471316,89922.70488725809
greedy,9000031,582.0,3480.826697687306,1.0,7500.0,0.5531186384977433,0,1.0,0,5801.019961349729,1.6288216535757174,0,1.0,0,0.0,0.6821736933569886,0,1.0,0,6489.339449221369,idle,yara_sluiskil,idle,0.0,sailing,brevik,sailing_to_emitter,0.0,sailing,brevik,sailing_to_emitter,8491.041676064015,1,1282247.4185883065,278466.1358149844,1560713.5544032909,90162.6390456219
greedy,9000031,583.0,3501.8493432776363,1.0,7500.0,0.8094403543475515,0,1.0,0,5870.007425490752,1.223758105890771,0,1.0,0,0.0,1.040289160348353,0,1.0,0,6551.900838697644,idle,yara_sluiskil,idle,0.0,sailing,brevik,sailing_to_emitter,0.0,sailing,brevik,sailing_to_emitter,8251.420299895051,1,1283667.0831046537,280147.9474622108,1563815.0305668646,90402.26042179085
greedy,9000031,584.0,3532.61688669166,1.0,7500.0,0.9352600252360022,0,1.0,0,5921.8387406394,0.9781515742222854,0,1.0,0,0.0,1.1492639955611752,0,1.0,0,6647.307464707704,idle,yara_sluiskil,idle,0.0,sailing,brevik,sailing_to_emitter,0.0,sailing,brevik,sailing_to_emitter,8012.095771113807,1,1285344.4782641118,282609.35093533265,1567953.8291994445,90641.5849505721
greedy,9000031,585.0,3568.1701297106088,1.0,7500.0,1.2253450950237392,0,1.0,0,5963.267583694751,1.2318498195722698,0,1.0,0,0.0,0.7891317830591902,0,1.0,0,6752.711517905143,idle,yara_sluiskil,idle,0.0,sailing,brevik,sailing_to_emitter,0.0,sailing,brevik,sailing_to_emitter,7773.05351478472,1,1287100.2427439345,285453.61037684855,1572553.853120783,90880.62720690119
greedy,9000031,586.0,3614.754919676242,1.0,7500.0,0.9930348264929091,0,1.0,0,6015.441617032476,0.9193974546600493,0,1.0,0,0.0,0.7932001601523659,0,1.0,0,6825.088437600014,idle,yara_sluiskil,idle,0.0,sailing,brevik,sailing_to_emitter,0.0,sailing,brevik,sailing_to_emitter,7534.280161014094,1,1288596.6166364683,289180.3935740992,1577777.0102105676,91119.40056067181
greedy,9000031,587.0,3652.5111901596024,1.0,7500.0,1.1097234161683378,0,1.0,0,6054.381975416998,0.681751776821059,0,1.0,0,0.0,0.8123707588192579,0,1.0,0,6897.840682521574,idle,yara_sluiskil,idle,0.0,sailing,brevik,sailing_to_emitter,0.0,sailing,brevik,sailing_to_emitter,7295.763411925227,1,1290095.8318211576,292200.895212768,1582296.7270339257,91357.91730976068
greedy,9000031,588.0,3694.707864868525,1.0,7500.0,1.0897507395642256,0,1.0,0,6083.257037430861,0.8830519060714417,0,1.0,0,0.0,0.8141550595724933,0,1.0,0,6972.353491051436,idle,yara_sluiskil,idle,0.0,sailing,brevik,sailing_to_emitter,0.0,sailing,brevik,sailing_to_emitter,7057.491926803637,1,1291608.7677962412,295576.6291894818,1587185.396985723,91596.18879488227
greedy,9000031,589.0,3736.1487970175995,1.0,7500.0,1.2885628367767474,0,1.0,0,6120.658008599822,0.8410600359579148,0,1.0,0,0.0,0.5390583563935136,0,1.0,0,7047.0322033933835,idle,yara_sluiskil,idle,0.0,sailing,brevik,sailing_to_emitter,0.0,sailing,brevik,sailing_to_emitter,6819.4552224734625,1,1293122.909943225,298891.9037614077,1592014.8137046327,91834.22549921245
greedy,9000031,590.0,3785.154521986158,1.0,7500.0,0.6838942971866453,0,1.0,0,6156.2804470317515,1.2169084208993037,0,1.0,0,0.0,1.21907656768578,0,1.0,0,7096.479041026685,idle,yara_sluiskil,idle,0.0,sailing,brevik,sailing_to_emitter,0.0,sailing,brevik,sailing_to_emitter,6581.643586512286,1,1294438.8763489802,302812.3617588924,1597251.2381078727,92072.03713517362
greedy,9000031,591.0,3811.166241198623,1.0,7500.0,1.3392978493398195,0,1.0,0,6207.821649142739,1.4602552091497527,0,1.0,0,0.0,1.4437276557916112,0,1.0,0,7208.30606466448,idle,yara_sluiskil,idle,0.0,sailing,brevik,sailing_to_emitter,0.0,sailing,brevik,sailing_to_emitter,6344.048001343779,1,1296244.4713836436,304893.2992958896,1601137.7706795332,92309.63272034214
greedy,9000031,592.0,3862.1106001145745,1.0,7500.0,1.1997484046384552,0,1.0,0,6269.669613686193,0.6696514838717951,0,1.0,0,0.0,1.0968521287048618,0,1.0,0,7340.744518335473,idle,yara_sluiskil,idle,0.0,sailing,brevik,sailing_to_emitter,0.0,sailing,brevik,sailing_to_emitter,6106.660077591887,1,1298211.7918238873,308968.8480091657,1607180.639833053,92547.02064409402
greedy,9000031,593.0,3907.750845846106,1.0,7500.0,0.4228724843634165,0,1.0,0,6298.032177278819,0.7915054929983466,0,1.0,0,0.0,0.6691822682825357,0,1.0,0,7441.365824538722,idle,yara_sluiskil,idle,0.0,sailing,brevik,sailing_to_emitter,0.0,loading,brevik,loading,5869.471995356624,1,1299514.109017485,312620.06766768824,1612134.1766851733,92784.20872632929
greedy,9000031,594.0,3923.838994415296,1.0,6700.0,0.8393797724982756,0,1.0,0,6331.555771894457,0.9528470259546432,0,1.0,0,2.756065800871653,0.32647294737485655,0,1.0,0,7500.0,idle,yara_sluiskil,idle,0.0,sailing,brevik,sailing_to_emitter,800.0,loading,brevik,loading,5632.476452294665,1,1306767.1462504535,313907.1195532234,1620674.265803677,93021.20426939125
greedy,9000031,595.0,3923.838994415296,1.0,5931.936990185542,1.0557125956490836,0,1.0,0,6371.912860646698,0.9316498628606639,0,1.0,0,32.70732996234248,0.5215696404714367,0,1.0,0,7500.0,sailing,oygarden_terminal,sailing_to_terminal,0.0,sailing,brevik,sailing_to_emitter,1600.0,loading,brevik,loading,5395.666617569217,1,1313974.9382826912,313907.1195532234,1627882.0578359147,93258.0141041167
greedy,9000031,596.0,3923.838994415296,1.0,5172.108674498504,1.0204108951000441,0,1.0,0,6411.372160174669,1.00593735019971,0,1.0,0,80.55858172121123,1.5159339685656184,0,1.0,0,7500.0,sailing,oygarden_terminal,sailing_to_terminal,0.0,sailing,brevik,sailing_to_emitter,2400.0,loading,brevik,loading,5159.036090881798,1,1321182.656798633,313907.1195532234,1635089.7763518565,93494.64463080412
greedy,9000031,597.0,3923.838994415296,1.0,4410.94054070372,0.8843206968755747,0,1.0,0,6453.977847987496,0.967524650611014,0,1.0,0,219.6416698329586,1.1326903609917407,0,1.0,0,7500.0,sailing,oygarden_terminal,sailing_to_terminal,0.0,sailing,brevik,sailing_to_emitter,3200.0,loading,brevik,loading,4922.57886592025,1,1328390.3042608672,313907.1195532234,1642297.4238140907,93731.10185576566
greedy,9000031,598.0,3923.838994415296,1.0,3644.5964864753805,0.5974390466298019,0,1.0,0,6494.956596024799,0.29140721698267213,0,1.0,0,323.5662517169977,0.616912024505212,0,1.0,0,7500.0,sailing,oygarden_terminal,sailing_to_terminal,0.0,sailing,brevik,sailing_to_emitter,4000.0,loading,brevik,loading,4686.2892976577905,1,1335597.882983855,313907.1195532234,1649505.0025370785,93967.39142402813
greedy,9000031,599.0,3923.838994415296,1.0,2867.336172037227,1.238030912558009,0,1.0,0,6507.298920236842,1.7136768513690455,0,1.0,0,380.16976096023967,0.784514675890695,0,1.0,0,7500.0,sailing,oygarden_terminal,sailing_to_terminal,0.0,sailing,brevik,sailing_to_emitter,4800.0,loading,brevik,loading,4450.162073021313,1,1342805.395145956,313907.1195532234,1656712.5146991794,94203.51864866461
greedy,9000031,600.0,3923.838994415296,1.0,2114.462235940165,1.294863064416997,0,1.0,0,6579.880359753926,1.5853050357973868,0,1.0,0,452.15347225070104,0.9041868980923218,0,1.0,0,7500.0,sailing,oygarden_terminal,sailing_to_terminal,0.0,sailing,brevik,sailing_to_emitter,5600.0,loading,brevik,loading,4214.192184516618,1,1350012.8428002428,313907.1195532234,1663919.9623534663,94439.48853716931
greedy,9000031,601.0,3923.838994415296,1.0,1363.756041275059,0.886699368853407,0,1.0,0,6647.024711665977,1.1192048517892383,0,1.0,0,535.1202858471936,1.5270042553735987,0,1.0,0,7500.0,sailing,oygarden_terminal,sailing_to_terminal,0.0,sailing,brevik,sailing_to_emitter,6400.0,loading,brevik,loading,3978.374906456489,1,1357220.2278842477,313907.1195532234,1671127.3474374712,94675.30581522944
greedy,9000031,602.0,3923.838994415296,1.0,597.5145873307551,1.100692263091681,0,1.0,0,6694.427755706906,0.6009657232296117,0,1.0,0,675.2400806435262,0.8998493094194702,0,1.0,0,7500.0,sailing,oygarden_terminal,sailing_to_terminal,0.0,sailing,brevik,sailing_to_emitter,7200.0,loading,brevik,loading,3742.705773486392,1,1364427.5522287653,313907.1195532234,1678334.6717819888,94910.97494819954
greedy,9000031,603.0,3923.838994415296,1.0,339.42404732663886,0.9202338909320983,0,1.0,0,6719.88118775717,0.919848331366201,0,1.0,0,757.8138427747521,1.147516314307661,0,1.0,0,7500.0,sailing,oygarden_terminal,sailing_to_terminal,0.0,sailing,brevik,sailing_to_emitter,7500.0,idle,brevik,idle,3507.1805611439245,1,1367709.5550658258,313907.1195532234,1681616.6746190493,95146.50016054201
greedy,9000031,604.0,3923.838994415296,1.0,374.46558764774767,0.8368466019128961,0,1.0,0,6758.8406426710935,0.6785342218460568,0,1.0,0,863.1176786256467,1.2023481023079132,0,1.0,0,7500.0,sailing,oygarden_terminal,sailing_to_terminal,0.0,sailing,brevik,sailing_to_emitter,7500.0,sailing,oygarden_terminal,sailing_to_terminal,3271.7952682230593,1,1369051.4830359232,313907.1195532234,1682958.6025891467,95381.88545346288
greedy,9000031,605.0,3923.838994415296,1.0,406.3346761854917,0.9938397470569735,0,1.0,0,6787.579427666553,1.0663413781198747,0,1.0,0,973.4565615980447,1.3252157138748726,0,1.0,0,7500.0,sailing,oygarden_terminal,sailing_to_terminal,0.0,sailing,brevik,sailing_to_emitter,7500.0,sailing,oygarden_terminal,sailing_to_terminal,3036.5461007440285,1,1370393.3551945898,313907.1195532234,1684300.4747478133,95617.13462094191
greedy,9000031,606.0,3923.838994415296,1.0,444.18581528884505,0.8603573839278436,0,1.0,0,6832.743480725179,0.9160319453382841,0,1.0,0,1095.0745946965608,1.191540369737156,0,1.0,0,7500.0,sailing,oygarden_terminal,sailing_to_terminal,0.0,sailing,brevik,sailing_to_emitter,7500.0,sailing,oygarden_terminal,sailing_to_terminal,2801.4294573550224,1,1371735.1730183791,313907.1195532234,1685642.2925716026,95852.25126433092
greedy,9000031,607.0,3923.838994415296,1.0,476.9561053424541,1.0845296635440926,0,1.0,0,6871.541295600937,1.0350025684506685,0,1.0,0,1204.4282228530517,0.8305742355285531,0,1.0,0,7500.0,sailing,oygarden_terminal,sailing_to_terminal,0.0,sailing,brevik,sailing_to_emitter,7500.0,sailing,oygarden_terminal,sailing_to_terminal,2566.441916013628,1,1373076.937910329,313907.1195532234,1686984.0574635526,96087.23880567231
greedy,9000031,608.0,3923.838994415296,1.0,518.268620960906,0.8293017531824385,0,1.0,0,6915.378017945651,1.167471914925848,0,1.0,0,1280.6564690258717,0.9800440418026984,0,1.0,0,7500.0,sailing,oygarden_terminal,sailing_to_terminal,0.0,loading,brevik,loading,7500.0,sailing,oygarden_terminal,sailing_to_terminal,2331.5802218145764,1,1374003.5112049507,313907.1195532234,1687910.6307581742,96322.10049987136
greedy,9000031,609.0,3923.838994415296,1.0,0.0,0.9300719935367059,0,1.0,0,6964.825375604354,0.7642083285799022,0,1.0,0,1370.605419825381,1.0400502343848244,0,1.0,0,7500.0,sailing,oygarden_terminal,sailing_to_terminal,549.8616731831863,idle,brevik,idle,7500.0,sailing,oygarden_terminal,sailing_to_terminal,2096.8412758464365,1,1379246.736984664,313907.1195532234,1693153.8565378876,96556.8394458395
greedy,9000031,610.0,3923.838994415296,1.0,0.0,1.4052500712652332,0,1.0,0,6997.192820222026,0.8369819644971085,0,1.0,0,1466.0646354616874,1.1369675787191382,0,1.0,0,7500.0,sailing,oygarden_terminal,sailing_to_terminal,585.2968301915789,idle,brevik,idle,7500.0,sailing,oygarden_terminal,sailing_to_terminal,1862.2221249737743,1,1380451.3954224952,313907.1195532234,1694358.5149757187,96791.45859671217
greedy,9000031,611.0,3923.838994415296,1.0,0.0,0.9231842899561559,0,1.0,0,7032.642535134441,0.7875585579313233,0,1.0,0,1570.4223757510297,0.9680198967729257,0,1.0,0,7500.0,sailing,oygarden_terminal,sailing_to_terminal,638.840756070482,idle,brevik,idle,7500.0,sailing,oygarden_terminal,sailing_to_terminal,1627.719952453313,1,1381798.1692419392,313907.1195532234,1695705.2887951627,97025.96076923262
greedy,9000031,612.0,3923.838994415296,1.0,0.0,1.4072691865535838,0,1.0,0,7065.998960409713,1.3961549052651687,0,1.0,0,1659.275745931642,0.8098903909045099,0,1.0,0,7500.0,sailing,oygarden_terminal,sailing_to_terminal,674.0197800271707,idle,brevik,idle,7500.0,sailing,oygarden_terminal,sailing_to_terminal,1393.3320693030864,1,1383000.7220810784,313907.1195532234,1696907.841634302,97260.34865238285
greedy,9000031,613.0,3923.838994415296,0.6601206718730941,0.0,0.711233608967625,0,1.0,0,7125.132006836773,1.0182529065184427,0,1.0,0,1733.6168321439688,0.5544792437993571,0,1.0,0,7500.0,sailing,oygarden_terminal,sailing_to_terminal,727.6502176736694,idle,brevik,idle,7500.0,sailing,oygarden_terminal,sailing_to_terminal,1159.055906352658,1,1384348.082399393,313907.1195532234,1698255.2019526165,97494.62481533327
greedy,9000031,614.0,3923.838994415296,0.6601206718730941,0.0,1.263483574452589,0,1.0,0,7168.259310382083,1.3155207960794826,0,1.0,0,1784.514863420664,0.6445966809747938,0,1.0,0,7500.0,sailing,oygarden_terminal,sailing_to_terminal,754.7574528325148,idle,brevik,idle,7500.0,sailing,oygarden_terminal,sailing_to_terminal,924.8890069104195,1,1385487.1768554596,313907.1195532234,1699394.296408683,97728.7917147755
greedy,9000031,615.0,3923.838994415296,0.6601206718730941,0.0,0.8869916921462855,0,1.0,0,7223.977162331725,1.2299171058208875,0,1.0,0,1843.686937173941,1.1994005764534006,0,1.0,0,7500.0,sailing,oygarden_terminal,sailing_to_terminal,802.916881724493,idle,brevik,idle,7500.0,sailing,oygarden_terminal,sailing_to_terminal,690.8290199909474,1,1386791.4982505988,313907.1195532234,1700698.6178038223,97962.85170169498
greedy,9000031,616.0,3923.838994415296,0.6601206718730941,0.0,1.0219470698668682,0,1.0,0,7276.069337093757,1.1810069572684192,0,1.0,0,1953.791676209251,1.113143092440751,0,1.0,0,7500.0,sailing,oygarden_terminal,sailing_to_terminal,836.7288187608541,idle,brevik,idle,7500.0,sailing,oygarden_terminal,sailing_to_terminal,456.87369405146217,1,1387983.1413912366,313907.1195532234,1701890.26094446,98196.80702763447
greedy,9000031,617.0,3923.838994415296,1.0,0.0,1.1768382420177272,0,1.0,0,7326.089960859406,0.9405389230977148,0,1.0,0,2055.9810617416283,1.2323667081294964,0,1.0,0,7500.0,sailing,oygarden_terminal,sailing_to_terminal,875.6887051631203,idle,brevik,idle,7500.0,sailing,oygarden_terminal,sailing_to_terminal,223.02087119181405,1,1389215.1566108072,313907.1195532234,1703122.2761640307,98430.65985049412
greedy,9000031,618.0,3923.838994415296,1.0,0.0,0.7138235110902225,0,1.0,0,7365.925749564694,0.8468945472720923,0,1.0,0,2169.11887557697,1.704348659535702,0,1.0,0,7500.0,sailing,oygarden_terminal,sailing_to_terminal,920.5575425507186,idle,brevik,idle,7500.0,sailing,oygarden_terminal,sailing_to_terminal,0.0,1,1390489.119097628,313907.1195532234,1704396.2386508514,98653.68072168593
greedy,9000031,619.0,3923.838994415296,1.0,0.0,1.0052183938680084,0,1.0,0,7401.795304149079,0.9327093740359812,0,1.0,0,2325.5918383203784,1.2879961492395495,0,1.0,0,7500.0,sailing,oygarden_terminal,sailing_to_terminal,947.7756330285888,idle,brevik,idle,7500.0,sailing,oygarden_terminal,sailing_to_terminal,0.0,1,1391533.075397377,313907.1195532234,1705440.1949506004,98653.68072168593
greedy,9000031,620.0,3923.838994415296,1.0,0.0,0.8813213535446311,0,1.0,0,7441.2994784422235,0.7697611126685023,0,1.0,0,2443.8438286668807,0.9538285782084844,0,1.0,0,7500.0,sailing,oygarden_terminal,sailing_to_terminal,986.1080321501887,idle,brevik,idle,7500.0,sailing,oygarden_terminal,sailing_to_terminal,0.0,1,1392664.284854991,313907.1195532234,1706571.4044082144,98653.68072168593
greedy,9000031,621.0,3923.838994415296,1.0,0.0,1.4278768254490488,0,1.0,0,7473.902106876586,1.2775275390494745,0,1.0,0,2531.4182460923403,1.4812349453983569,0,1.0,0,7500.0,sailing,oygarden_terminal,sailing_to_terminal,1019.7188145152991,idle,brevik,idle,7500.0,sailing,oygarden_terminal,sailing_to_terminal,0.0,1,1393758.4271422178,313907.1195532234,1707665.5466954412,98653.68072168593
greedy,9000031,622.0,3951.8497786267317,1.0,0.0,0.6499262573603914,0,1.0,0,7500.0,0.6074948700838992,0,1.0,0,2667.4198115339773,1.0257087732737606,0,1.0,0,7500.0,sailing,oygarden_terminal,sailing_to_terminal,1074.178337919936,idle,brevik,idle,7500.0,sailing,oygarden_terminal,sailing_to_terminal,0.0,1,1395016.2429921941,316147.9822901383,1711164.2252823324,98653.68072168593
greedy,9000031,623.0,3977.579747573157,1.0,0.0,1.6809486196430483,0,1.0,0,7500.0,0.6790135550066332,0,1.0,0,2761.599458726699,0.754910759769817,0,1.0,0,7500.0,sailing,oygarden_terminal,sailing_to_terminal,1098.9688742091555,idle,brevik,idle,7500.0,sailing,oygarden_terminal,sailing_to_terminal,0.0,1,1396041.1417170959,318206.37980585237,1714247.5215229483,98653.68072168593
greedy,9000031,624.0,4006.338834348836,1.0,0.0,1.1950147734525236,0,1.0,0,7500.0,1.0999476687815144,0,1.0,0,2830.9167582540263,0.5254078046279518,0,1.0,0,7500.0,sailing,oygarden_terminal,sailing_to_terminal,1163.0920497788054,idle,brevik,idle,7500.0,sailing,oygarden_terminal,sailing_to_terminal,0.0,1,1397374.8223099848,320507.10674790666,1717881.9290578915,98653.68072168593
greedy,9000031,625.0,4052.9262555011046,1.0,0.0,1.0904158521373355,0,1.0,0,7500.0,1.234392650575148,0,1.0,0,2879.162120276274,1.016423815081384,0,1.0,0,7500.0,sailing,oygarden_terminal,sailing_to_terminal,1208.6823664872388,idle,brevik,idle,7500.0,sailing,oygarden_terminal,sailing_to_terminal,0.0,1,1398563.0102310623,324234.10044008814,1722797.1106711505,98653.68072168593
greedy,9000031,626.0,4105.207988452377,1.0,0.0,1.6622512085846526,0,1.0,0,7500.0,0.4797731308105243,0,1.0,0,2972.4976317906303,1.170159001017986,0,1.0,0,7500.0,sailing,oygarden_terminal,sailing_to_terminal,1250.2859009964968,idle,brevik,idle,7500.0,sailing,oygarden_terminal,sailing_to_terminal,0.0,1,1399719.8998188158,328416.6390761899,1728136.5388950056,98653.68072168593
greedy,9000031,627.0,4125.528403265723,1.0,0.0,1.236029735130683,0,1.0,0,7500.0,0.993604333614578,0,1.0,0,3079.95346391192,1.1572297571160712,0,1.0,0,7500.0,sailing,oygarden_terminal,sailing_to_terminal,1313.7127976934858,idle,brevik,idle,7500.0,sailing,oygarden_terminal,sailing_to_terminal,0.0,1,1401048.1142570078,330042.2722612575,1731090.3865182654,98653.68072168593
greedy,9000031,628.0,4167.611735830171,1.0,0.0,0.7446097228918847,0,1.0,0,7500.0,1.347191457318245,0,1.0,0,3186.225190285603,0.8182867979310015,0,1.0,0,7500.0,sailing,oygarden_terminal,sailing_to_terminal,1360.8804723208355,idle,brevik,idle,7500.0,sailing,oygarden_terminal,sailing_to_terminal,0.0,1,1402248.6852658617,333408.9388664134,1735657.624132275,98653.68072168593
greedy,9000031,629.0,4224.670973806783,1.0,0.0,1.026332266864458,0,1.0,0,7500.0,0.8345402998915863,0,1.0,0,3261.3730673479845,0.9511130054439468,0,1.0,0,7500.0,sailing,oygarden_terminal,sailing_to_terminal,1389.2977831020119,idle,brevik,idle,7500.0,sailing,oygarden_terminal,sailing_to_terminal,0.0,1,1403302.056074582,337973.6779045423,1741275.7339791243,98653.68072168593
greedy,9000031,630.0,4260.017273929096,1.0,0.0,1.0088503742887869,0,1.0,0,7500.0,0.8543835999824904,0,1.0,0,3348.721742111549,1.1846255119017708,0,1.0,0,7500.0,sailing,oygarden_terminal,sailing_to_terminal,1428.4702552386282,idle,brevik,idle,7500.0,sailing,oygarden_terminal,sailing_to_terminal,0.0,1,1404439.8605464024,340801.3819143273,1745241.2424607298,98653.68072168593
greedy,9000031,631.0,4296.204021469612,1.0,0.0,1.1283993967447954,0,1.0,0,7500.0,1.229745796428786,0,1.0,0,3457.519090120687,1.170486707729205,0,1.0,0,7500.0,sailing,oygarden_terminal,sailing_to_terminal,1466.978922468396,idle,brevik,idle,7500.0,unloading,oygarden_terminal,unloading,0.0,1,1405157.3138012064,343696.3217175686,1748853.635518775,98653.68072168593
greedy,9000031,632.0,4348.288940556648,1.0,0.0,1.1301553904439043,0,1.0,0,7500.0,1.2679717811009596,0,1.0,0,3565.02113904037,0.7507337016147249,0,1.0,0,7500.0,sailing,oygarden_terminal,sailing_to_terminal,1510.0547163691845,idle,brevik,idle,6700.0,unloading,oygarden_terminal,unloading,521.9419619447702,1,1406049.0451937222,347863.11524453154,1753912.1604382538,98931.73875974116
greedy,9000031,633.0,4401.992891255303,1.0,0.0,0.4857482691174627,0,1.0,0,7500.0,1.2408254749373557,0,1.0,0,3633.9735085699126,1.438350162826962,0,1.0,0,7500.0,sailing,oygarden_terminal,sailing_to_terminal,1553.201389920699,idle,brevik,idle,5900.0,unloading,oygarden_terminal,unloading,1057.048283507574,1,1406935.9356412648,352159.4313004239,1759095.3669416886,99196.63243817835
greedy,9000031,634.0,4454.547081439103,1.0,0.0,0.5064491998828724,0,1.0,0,7500.0,1.236298016053246,0,1.0,0,3766.085103700421,1.2662822352327554,0,1.0,0,7500.0,sailing,oygarden_terminal,sailing_to_terminal,1571.7477693570347,idle,brevik,idle,5100.0,unloading,oygarden_terminal,unloading,1598.8010679586735,1,1407626.975815064,356363.76651512785,1763990.742330192,99454.87965372724
greedy,9000031,635.0,4506.909514651394,1.0,0.0,1.1060335577218254,0,1.0,0,7500.0,0.518060018558784,0,1.0,0,3882.3958520459196,1.096792211006397,0,1.0,0,7500.0,sailing,oygarden_terminal,sailing_to_terminal,1591.086255533299,idle,brevik,idle,4300.0,unloading,oygarden_terminal,unloading,2144.7829145636233,1,1408322.5005271449,360552.7611721111,1768875.261699256,99708.8978071223
greedy,9000031,636.0,4528.851540578396,1.0,0.0,1.1496533633895976,0,1.0,0,7500.0,0.7465075837660142,0,1.0,0,3983.1415996830287,1.0434648557467006,0,1.0,0,7500.0,sailing,oygarden_terminal,sailing_to_terminal,1633.3233068727814,idle,brevik,idle,3500.0,unloading,oygarden_terminal,unloading,2693.7640990458553,1,1409196.561268974,362308.1232462713,1771504.6845152453,99959.91662264007
greedy,9000031,637.0,4560.46928402686,1.0,0.0,1.175761064821251,0,1.0,0,7500.0,1.5041940566727687,0,1.0,0,4078.9918427545526,1.1895178434869293,0,1.0,0,7500.0,sailing,oygarden_terminal,sailing_to_terminal,1677.2300185335214,idle,brevik,idle,2700.0,unloading,oygarden_terminal,unloading,3245.014056689163,1,1410082.799523901,364837.5427221484,1774920.3422460493,100208.66666499677
greedy,9000031,638.0,4624.178244009095,1.0,0.0,1.1088337646675441,0,1.0,0,7500.0,0.9597006673253051,0,1.0,0,4188.2614490757205,1.1225845586285907,0,1.0,0,7500.0,sailing,oygarden_terminal,sailing_to_terminal,1722.1378173486512,idle,brevik,idle,1900.0,unloading,oygarden_terminal,unloading,3798.0559179459005,1,1410976.1621580787,369934.2595207272,1780910.421678806,100455.62480374002
greedy,9000031,639.0,4664.825613368334,1.0,0.0,0.9794433721524111,0,1.0,0,7500.0,0.15129013209689623,0,1.0,0,4291.385628592147,0.6278604974726588,0,1.0,0,7500.0,sailing,oygarden_terminal,sailing_to_terminal,1764.4931237832843,idle,brevik,idle,1100.0,unloading,oygarden_terminal,unloading,4352.557930175128,1,1411848.8877251127,373186.0490694664,1785034.936794579,100701.12279151079
greedy,9000031,640.0,4671.233388301835,1.0,0.0,1.0980145255648504,0,1.0,0,7500.0,1.2425635531870767,0,1.0,0,4349.0646158470145,1.3693620157961255,0,1.0,0,7500.0,sailing,oygarden_terminal,sailing_to_terminal,1801.9093013607069,idle,brevik,idle,300.0,unloading,oygarden_terminal,unloading,4908.27838130633,1,1412682.338977625,373698.67106414645,1786381.0100417715,100945.40234037959
greedy,9000031,641.0,4723.861193427248,1.0,0.0,0.5968446840401638,0,1.0,0,7500.0,1.1874075115481517,0,1.0,0,4474.866100788429,0.0,1,1.0,0,7500.0,unloading,oygarden_terminal,unloading,1843.8588079600818,idle,brevik,idle,0.0,idle,oygarden_terminal,idle,4965.034858202437,1,1413120.5519723934,377908.8954741795,1791029.4474465728,101188.64586348349
greedy,9000031,642.0,4774.152907651381,1.0,0.0,1.1806519485489058,0,1.0,0,7500.0,1.1769665799058338,0,1.0,0,4474.866100788429,0.0,1,1.0,0,6700.0,unloading,oygarden_terminal,unloading,1866.663214973866,idle,brevik,idle,0.0,sailing,celsio,sailing_to_emitter,5522.685826476273,1,1413838.501642773,381932.2326121101,1795770.7342548831,101430.99489520965
greedy,9000031,643.0,4824.002404401494,1.0,0.0,0.8152370443465449,0,1.0,0,7500.0,1.1391134834713736,0,1.0,0,4474.866100788429,0.0,1,1.0,0,5900.0,unloading,oygarden_terminal,unloading,1911.7779106038452,idle,brevik,idle,0.0,sailing,celsio,sailing_to_emitter,6081.118971036855,1,1414731.2780994137,385920.19235211913,1800651.4704515329,101672.56175064907
greedy,9000031,644.0,4872.248662928952,1.0,0.0,1.2664767939826926,0,1.0,0,7500.0,0.6390073316164064,0,1.0,0,4474.866100788429,0.0,1,1.0,0,5100.0,unloading,oygarden_terminal,unloading,1942.93226273346,idle,brevik,idle,0.0,sailing,celsio,sailing_to_emitter,6640.243486015135,1,1415514.175068525,389779.89303431584,1805294.0681028408,101913.43723567079
greedy,9000031,645.0,4899.313317477818,1.0,0.0,0.42179157764037245,0,1.0,0,7500.0,1.3339898963665402,0,1.0,0,4474.866100788429,0.8712693459583403,0,1.0,0,4300.0,unloading,oygarden_terminal,unloading,1991.3350896200893,idle,brevik,idle,0.0,sailing,celsio,sailing_to_emitter,7199.984790781011,1,1416432.2287361152,391945.06539822504,1808377.2941343402,102153.69593090491
greedy,9000031,646.0,4955.813413690344,1.0,0.0,1.2168989609896708,0,1.0,0,7500.0,1.0693570730476898,0,1.0,0,4554.920470746403,1.2722944346714113,0,1.0,0,3500.0,unloading,oygarden_terminal,unloading,2007.4567613253778,idle,brevik,idle,0.0,sailing,celsio,sailing_to_emitter,7760.280799176247,1,1417096.6309594372,396465.0730952271,1813561.7040546644,102393.39992250968
greedy,9000031,647.0,5001.105194143333,1.0,0.0,1.0842964072571921,0,1.0,0,7500.0,1.0545552357370984,0,1.0,0,4671.825517147195,0.8445020419161626,0,1.0,0,2700.0,unloading,oygarden_terminal,unloading,2053.9730818775024,idle,brevik,idle,0.0,sailing,celsio,sailing_to_emitter,8321.07921812939,1,1417999.441145069,400088.4155314663,1818087.8566765352,102632.60150355654
greedy,9000031,648.0,5045.770054381674,1.0,0.0,1.1558047271560061,0,1.0,0,7500.0,1.5309175079348125,0,1.0,0,4749.4250945952235,0.5456199469768659,0,1.0,0,1900.0,unloading,oygarden_terminal,unloading,2095.4243206887263,idle,brevik,idle,0.0,sailing,celsio,sailing_to_emitter,8882.335548833737,1,1418862.3000360485,403661.6043505335,1822523.904386582,102871.34517285219
greedy,9000031,649.0,5110.610865190926,1.0,0.0,1.2050102691874338,0,1.0,0,7500.0,0.9119964777010708,0,1.0,0,4799.56250655177,1.115076920827727,0,1.0,0,1394.0115797165486,unloading,oygarden_terminal,unloading,2139.6131637536323,idle,brevik,idle,0.0,sailing,celsio,sailing_to_emitter,9150.0,1,1419737.503777118,408848.8692152737,1828586.3729923917,103109.66914196938
greedy,9000031,650.0,5149.237760998717,1.0,0.0,0.4357364331564627,0,1.0,0,7500.0,0.776885684294361,0,1.0,0,4902.030804159237,0.42480548310471933,0,1.0,0,1156.0742313230237,unloading,oygarden_terminal,unloading,2185.6873387211895,idle,brevik,idle,0.0,sailing,celsio,sailing_to_emitter,9150.0,1,1420619.1675899562,411939.02087989694,1832558.1884698533,103347.6064903629
greedy,9000031,651.0,5182.142145078628,1.0,0.0,1.006330855222704,0,1.0,0,7500.0,1.1710225897446669,0,1.0,0,4941.068828239111,0.9232952670529273,0,1.0,0,918.4946579404922,unloading,oygarden_terminal,unloading,2202.3494236651713,idle,brevik,idle,0.0,sailing,celsio,sailing_to_emitter,9150.0,1,1421269.7734459252,414571.3716062898,1835841.145052215,103585.18606374544
greedy,9000031,652.0,5231.739888785553,1.0,0.0,0.7545711195508906,0,1.0,0,7500.0,0.7908742226005463,0,1.0,0,5025.918730753056,1.2862460424321012,0,1.0,0,681.2475397647927,unloading,oygarden_terminal,unloading,2240.833841199494,idle,brevik,idle,0.0,sailing,celsio,sailing_to_emitter,9150.0,1,1422091.5496146234,418539.1911028438,1840630.7407174672,103822.43318192114
greedy,9000031,653.0,5265.236746438409,1.0,0.0,1.6916668017572762,0,1.0,0,7500.0,0.7659037700606602,0,1.0,0,5144.12698655191,1.0644256991072099,0,1.0,0,444.3105186579292,unloading,oygarden_terminal,unloading,2269.6929524304974,idle,brevik,idle,0.0,sailing,celsio,sailing_to_emitter,9150.0,1,1422837.6254700432,421218.9397150722,1844056.5651851154,104059.370203028
greedy,9000031,654.0,5297.676000150772,1.0,0.0,1.6090614283961333,0,1.0,0,7500.0,0.8070651103109275,0,1.0,0,5241.952498215508,0.7800673774987337,0,1.0,0,207.66374361120236,unloading,oygarden_terminal,unloading,2334.397713855927,idle,brevik,idle,0.0,sailing,celsio,sailing_to_emitter,9150.0,1,1423864.98063781,423814.0800120613,1847679.0606498714,104296.01697807472
greedy,9000031,655.0,5331.858610158944,1.0,0.0,0.2707344897865056,0,1.0,0,7500.0,1.1666236614813463,0,1.0,0,5313.646349596465,1.3842948089266336,0,1.0,0,0.0,idle,oygarden_terminal,idle,2395.9483699359403,idle,brevik,idle,0.0,sailing,celsio,sailing_to_emitter,9121.289501070836,1,1424866.5779773481,426548.6888127151,1851415.2667900631,104532.39122061509
greedy,9000031,656.0,5381.2700407080365,1.0,0.0,0.7832135457856432,0,1.0,0,7500.0,0.8107998150675549,0,1.0,0,5440.87689932786,0.700454910611443,0,1.0,0,0.0,sailing,celsio,sailing_to_emitter,2406.3055680013917,idle,brevik,idle,0.0,sailing,celsio,sailing_to_emitter,8885.171911652484,1,1425874.9756313523,430501.60325664247,1856376.5788879949,104768.50881003344
greedy,9000031,657.0,5415.610831208168,1.0,0.0,0.7948307735385698,0,1.0,0,7500.0,1.448159743439718,0,1.0,0,5505.257646919986,1.2064107808183566,0,1.0,0,0.0,sailing,celsio,sailing_to_emitter,2436.2707911604343,idle,brevik,idle,0.0,sailing,celsio,sailing_to_emitter,8649.29667932907,1,1427037.2072101454,433248.86649665295,1860286.0737067983,105004.38404235685
greedy,9000031,658.0,5476.946501784319,1.0,0.0,0.41144897255226975,0,1.0,0,7500.0,0.7462818132632701,0,1.0,0,5616.145521172511,1.2824690932061278,0,1.0,0,0.0,sailing,celsio,sailing_to_emitter,2466.6831872388625,idle,brevik,idle,0.0,sailing,celsio,sailing_to_emitter,8413.650882485656,1,1428202.855262575,438155.720142745,1866358.57540532,105240.02983920026
greedy,9000031,659.0,5508.554682900143,1.0,0.0,0.6438684322526568,0,1.0,0,7500.0,0.6813276429961153,0,1.0,0,5734.027867960832,1.09002635965522,0,1.0,0,0.0,sailing,celsio,sailing_to_emitter,2482.42774875671,idle,brevik,idle,0.0,sailing,celsio,sailing_to_emitter,8178.222798669528,1,1429253.2638507495,440684.37463201093,1869937.6384827604,105475.45792301638
greedy,9000031,660.0,5537.411781058371,1.0,0.0,0.6826999913127263,0,1.0,0,7500.0,1.527750552828946,0,1.0,0,5834.224214757516,1.518487539575012,0,1.0,0,0.0,sailing,celsio,sailing_to_emitter,2507.068295547935,idle,brevik,idle,0.0,sailing,celsio,sailing_to_emitter,7943.001756676536,1,1430373.425706565,442992.9424846692,1873366.368191234,105710.67896500937
greedy,9000031,661.0,5602.118457967008,1.0,0.0,0.7158248977037447,0,1.0,0,7500.0,1.379911068968853,0,1.0,0,5973.809338389076,0.9364778378800762,0,1.0,0,0.0,sailing,celsio,sailing_to_emitter,2533.1972320361474,idle,brevik,idle,0.0,sailing,celsio,sailing_to_emitter,7707.97801097968,1,1431505.1913114248,448169.4766373601,1879674.667948785,105945.70271070623
greedy,9000031,662.0,5660.563509442905,1.0,0.0,0.8751333715901777,0,1.0,0,7500.0,0.8974118717514199,0,1.0,0,6059.896506748551,0.8796658284080454,0,1.0,0,0.0,sailing,celsio,sailing_to_emitter,2560.596392064421,idle,brevik,idle,0.0,sailing,celsio,sailing_to_emitter,7473.142634544461,1,1432646.8516065443,452845.0807554319,1885491.9323619762,106180.53808714145
greedy,9000031,663.0,5698.572685700029,1.0,0.0,0.826291835394374,0,1.0,0,7500.0,1.0725566944535503,0,1.0,0,6140.763567069359,1.2954572213013658,0,1.0,0,0.0,sailing,celsio,sailing_to_emitter,2594.09627612015,idle,brevik,idle,0.0,sailing,celsio,sailing_to_emitter,7238.4874268731655,1,1433836.331918966,455885.8148560018,1889722.146774968,106415.19329481275
greedy,9000031,664.0,5743.999983609161,1.0,0.0,1.359548412772293,0,1.0,0,7500.0,0.9338512344774228,0,1.0,0,6259.8576064063545,1.244091289520052,0,1.0,0,0.0,sailing,celsio,sailing_to_emitter,2625.7293312246197,idle,brevik,idle,0.0,sailing,celsio,sailing_to_emitter,7004.004834738411,1,1435011.0858716655,459519.99868873233,1894531.0845603978,106649.6758869475
greedy,9000031,665.0,5783.552520506085,1.0,0.0,0.8592548379104586,0,1.0,0,7500.0,0.5369826055395988,0,1.0,0,6374.23289775467,1.0262804880983836,0,1.0,0,0.0,sailing,celsio,sailing_to_emitter,2677.7817549458405,idle,brevik,idle,0.0,sailing,celsio,sailing_to_emitter,6769.6878835492935,1,1436346.074675387,462684.2016404862,1899030.2763158733,106883.99283813662
greedy,9000031,666.0,5806.295997769352,1.0,0.0,0.6371751319775637,0,1.0,0,7500.0,1.0270805160538476,0,1.0,0,6468.586622732325,1.1765503692252532,0,1.0,0,0.0,sailing,celsio,sailing_to_emitter,2710.6825857414738,idle,brevik,idle,0.0,sailing,celsio,sailing_to_emitter,6535.530117673907,1,1437530.6481540778,464503.6798215475,1902034.3279756254,107118.150604012
greedy,9000031,667.0,5849.797187795688,1.0,0.0,0.7112653962922895,0,1.0,0,7500.0,0.6995977974999903,0,1.0,0,6576.759035468812,1.1239974827463097,0,1.0,0,0.0,sailing,celsio,sailing_to_emitter,2735.0821630905134,idle,brevik,idle,0.0,sailing,celsio,sailing_to_emitter,6301.525548343689,1,1438648.4195194712,467983.7750236544,1906632.1945431256,107352.15517334222
greedy,9000031,668.0,5879.428104024127,1.0,0.0,0.9873523275077516,0,1.0,0,7500.0,0.7423871306889112,0,1.0,0,6680.102815828777,1.0043374776786678,0,1.0,0,0.0,sailing,celsio,sailing_to_emitter,2762.3213261136857,idle,brevik,idle,0.0,sailing,celsio,sailing_to_emitter,6067.668608006073,1,1439788.422595302,470354.2483219295,1910142.6709172316,107586.01211367984
greedy,9000031,669.0,5910.8713289129455,1.0,0.0,0.9046650600550425,0,1.0,0,7500.0,1.2568191223399776,0,1.0,0,6772.447455801036,0.9458147984724866,0,1.0,0,0.0,sailing,celsio,sailing_to_emitter,2800.137085145071,idle,brevik,idle,0.0,sailing,celsio,sailing_to_emitter,5833.954110185598,1,1441011.3991010783,472869.7063130349,1913881.1054141133,107819.72661150031
greedy,9000031,670.0,5964.102917493463,1.0,0.0,1.2138214160564968,0,1.0,0,7500.0,1.4522032596595462,0,1.0,0,6859.413785355197,1.034546136816025,0,1.0,0,0.0,sailing,celsio,sailing_to_emitter,2834.7889875041087,idle,brevik,idle,0.0,sailing,celsio,sailing_to_emitter,5600.377214070295,1,1442209.481254253,477128.23339947633,1919337.7146537295,108053.30350761562
greedy,9000031,671.0,6025.6098480289875,1.0,0.0,0.8079898225200131,0,1.0,0,7500.0,1.049763015414021,0,1.0,0,6954.541685823616,0.8744563536276577,0,1.0,0,0.0,sailing,celsio,sailing_to_emitter,2881.286812929628,idle,brevik,idle,0.0,sailing,celsio,sailing_to_emitter,5366.9333931675355,1,1443500.505561772,482048.7878423183,1925549.2934040902,108286.74732851838
greedy,9000031,672.0,6070.071737532644,1.0,0.0,1.0523433220869662,0,1.0,0,7500.0,1.7840820275011855,0,1.0,0,7034.951525815078,0.8729235074128743,0,1.0,0,0.0,sailing,celsio,sailing_to_emitter,2912.2412084505227,idle,brevik,idle,0.0,sailing,celsio,sailing_to_emitter,5133.618407477754,1,1444669.4529618016,485605.73900261085,1930275.1919644123,108520.06231420816
greedy,9000031,673.0,6145.635133087148,1.0,0.0,1.1651253090467462,0,1.0,0,7500.0,0.8443236830940891,0,1.0,0,7115.222819228947,0.6866155941350215,0,1.0,0,0.0,sailing,celsio,sailing_to_emitter,2952.560460029775,idle,brevik,idle,0.0,sailing,celsio,sailing_to_emitter,4900.428278720013,1,1445911.8682070964,491650.8106469711,1937562.6788540673,108753.2524429659
greedy,9000031,674.0,6181.39580073483,1.0,0.0,1.105326682914419,0,1.0,0,7500.0,1.4040085222586918,0,1.0,0,7178.363715992597,1.1468673218944347,0,1.0,0,0.0,sailing,celsio,sailing_to_emitter,2997.204780879576,idle,brevik,idle,0.0,loading,celsio,loading,4667.359268214163,1,1446773.047858343,494511.6640587857,1941284.7119171286,108986.32145347174
greedy,9000031,675.0,6240.861480952415,1.0,0.0,0.6114400885209119,0,1.0,0,6700.0,0.7906605345861206,0,1.0,0,7283.832338080287,1.4404901328075963,0,1.0,0,0.0,sailing,celsio,sailing_to_emitter,3039.561549300946,idle,brevik,idle,800.0,loading,celsio,loading,4434.407857082978,1,1453896.6408063183,499268.9184761926,1953165.5592825108,109219.27286460293
greedy,9000031,676.0,6240.861480952415,1.0,0.0,1.0195077318486718,0,1.0,0,5933.487807064536,1.0834136118968622,0,1.0,0,7416.307174478832,0.8422317856980165,0,1.0,0,0.0,sailing,celsio,sailing_to_emitter,3062.9943737504605,idle,brevik,idle,1600.0,loading,celsio,loading,4201.570728486565,1,1460871.6240032038,499268.9184761926,1960140.5424793963,109452.10999319934
greedy,9000031,677.0,6240.861480952415,1.0,0.0,0.7842846448401379,0,1.0,0,5179.374941200156,1.111636246384686,0,1.0,0,7493.765436171311,1.0741644067558043,0,1.0,0,0.0,sailing,celsio,sailing_to_emitter,3102.069448275071,idle,brevik,idle,2400.0,loading,celsio,loading,3968.8447516422957,1,1467969.3615031426,499268.9184761926,1967238.2799793351,109684.83597004361
greedy,9000031,678.0,6240.861480952415,1.0,0.0,0.6538525644193217,0,1.0,0,4426.457422892962,1.170046561810296,0,1.0,0,7592.557005865068,0.9846694953979722,0,1.0,0,0.0,sailing,celsio,sailing_to_emitter,3132.13170457094,idle,brevik,idle,3200.0,loading,celsio,loading,3736.2269674178347,1,1474996.2992892817,499268.9184761926,1974265.2177654742,109917.45375426808
greedy,9000031,679.0,6240.861480952415,1.0,0.0,1.2528004100746777,0,1.0,0,3676.013827701933,0.6246116004815441,0,1.0,0,7683.120385570375,0.7775666768048629,0,1.0,0,0.0,sailing,celsio,sailing_to_emitter,3157.196620199756,idle,brevik,idle,4000.0,loading,celsio,loading,3503.7145753139052,1,1481983.9621168114,499268.9184761926,1981252.880593004,110149.96614637201
greedy,9000031,680.0,6240.861480952415,1.0,0.0,1.2624030703147033,0,1.0,0,2902.4687623448344,0.8461713089820322,0,1.0,0,7754.637961652547,0.8440267409572972,0,1.0,0,0.0,sailing,celsio,sailing_to_emitter,3205.225986212237,idle,brevik,idle,4800.0,loading,celsio,loading,3271.3049216779423,1,1489151.8658134171,499268.9184761926,1988420.7842896096,110382.37580000797
greedy,9000031,681.0,6240.861480952415,1.0,0.0,0.759246144359206,0,1.0,0,2138.3076847384623,1.1755192185121124,0,1.0,0,7832.270602728064,0.7179199969280254,0,1.0,0,0.0,sailing,celsio,sailing_to_emitter,3253.6277924303977,idle,brevik,idle,5600.0,loading,celsio,loading,3038.9954890106574,1,1496322.6522705718,499268.9184761926,1995591.5707467643,110614.68523267526
greedy,9000031,682.0,6240.861480952415,1.0,0.0,0.5544121947785973,0,1.0,0,1388.0958796314753,0.9062003869831657,0,1.0,0,7898.306063588058,0.5260542294743088,0,1.0,0,0.0,sailing,celsio,sailing_to_emitter,3282.7406386398725,idle,brevik,idle,6400.0,loading,celsio,loading,2806.7838862453145,1,1503341.970154694,499268.9184761926,2002610.8886308866,110846.8968354406
greedy,9000031,683.0,6240.861480952415,1.0,0.0,0.8453587941504045,0,1.0,0,626.4772865610439,0.8918586964009488,0,1.0,0,7946.694845201607,0.7285836404928986,0,1.0,0,0.0,sailing,celsio,sailing_to_emitter,3304.0011343645738,idle,brevik,idle,7200.0,loading,celsio,loading,2574.6678398947047,1,1510299.6037868971,499268.9184761926,2009568.5222630897,111079.0128817912
greedy,9000031,684.0,6240.861480952415,1.0,0.0,0.9086754607848504,0,1.0,0,364.25126242988813,1.1379859918784196,0,1.0,0,8013.715180012924,1.4435736977326945,0,1.0,0,0.0,sailing,celsio,sailing_to_emitter,3336.421673767253,idle,brevik,idle,7500.0,idle,celsio,idle,2342.645185973864,1,1513419.5488300987,499268.9184761926,2012688.4673062912,111311.03553571204
greedy,9000031,685.0,6240.861480952415,1.0,0.0,1.1515085460006045,0,1.0,0,412.449766934881,1.2223355739553328,0,1.0,0,8146.509393102148,1.2214603410133595,0,1.0,0,0.0,sailing,celsio,sailing_to_emitter,3371.2735766776564,idle,brevik,idle,7500.0,sailing,oygarden_terminal,sailing_to_terminal,2110.7138626177743,1,1514618.5264077706,499268.9184761926,2013887.444883963,111542.96685906812
greedy,9000031,686.0,6240.861480952415,1.0,0.0,0.8217895495303347,0,1.0,0,464.2208318586691,0.9434168571074696,0,1.0,0,8258.874783842315,1.042329370487637,0,1.0,0,0.0,loading,celsio,loading,3415.4431691213526,idle,brevik,idle,7500.0,sailing,oygarden_terminal,sailing_to_terminal,1878.8719033229734,1,1515475.4761008006,499268.9184761926,2014744.394576993,111774.80881836293
greedy,9000031,687.0,6240.861480952415,1.0,0.0,0.859837154657801,0,1.0,0,0.0,0.9606494785962931,0,1.0,0,8354.764311016332,1.0195584054344393,0,1.0,0,504.17851320264003,idle,celsio,idle,3446.968189756813,idle,brevik,idle,7500.0,sailing,oygarden_terminal,sailing_to_terminal,1647.117430750368,1,1520191.1894195394,499268.9184761926,2019460.107895732,112006.56329093553
greedy,9000031,688.0,6240.861480952415,1.0,0.0,1.3472903431646874,0,1.0,0,0.0,0.6429441584255453,0,1.0,0,8448.561822602653,0.6032670663035873,0,1.0,0,544.8660687193948,idle,celsio,idle,3479.9556968827806,idle,brevik,idle,7500.0,sailing,oygarden_terminal,sailing_to_terminal,1415.448651033803,1,1521279.7015403768,499268.9184761926,2020548.6200165693,112238.2320706521
greedy,9000031,689.0,6240.861480952415,1.0,0.0,0.5948055233930822,0,1.0,0,0.0,1.1837804351954344,0,1.0,0,8504.062953137687,0.6988252860913445,0,1.0,0,572.0974644812885,idle,celsio,idle,3531.6488480352637,idle,brevik,idle,7500.0,sailing,oygarden_terminal,sailing_to_terminal,1183.8638485452445,1,1522409.3904380621,499268.9184761926,2021678.3089142547,112469.81687314066
greedy,9000031,690.0,6240.861480952415,1.0,0.0,1.0738873314719635,0,1.0,0,0.0,1.282593444932998,0,1.0,0,8568.357453930445,1.006615361307288,0,1.0,0,622.2355567301299,idle,celsio,idle,3554.4725102593034,idle,brevik,idle,7500.0,sailing,oygarden_terminal,sailing_to_terminal,952.3613810729546,1,1523492.234527259,499268.9184761926,2022761.1530034514,112701.31934061296
greedy,9000031,691.0,6240.861480952415,1.0,0.0,1.3403659022976284,0,1.0,0,0.0,1.4725036126125226,0,1.0,0,8660.972548767026,0.7282424119936836,0,1.0,0,676.5587965370063,idle,celsio,idle,3595.6829806339206,idle,brevik,idle,7500.0,sailing,oygarden_terminal,sailing_to_terminal,720.9396753738189,1,1524752.247206718,499268.9184761926,2024021.1656829105,112932.74104631209
greedy,9000031,692.0,6240.861480952415,1.0,0.0,1.6357033631013658,0,1.0,0,0.0,0.7114043917154911,0,1.0,0,8727.97754613118,0.9017216192114698,0,1.0,0,738.9255326063774,idle,celsio,idle,3647.1241383547595,idle,brevik,idle,7500.0,sailing,oygarden_terminal,sailing_to_terminal,489.5972230652216,1,1526155.689327562,499268.9184761926,2025424.6078037545,113164.08349862069
greedy,9000031,693.0,6240.861480952415,1.0,0.0,1.2480390033749609,0,1.0,0,0.0,0.7929864932830265,0,1.0,0,8810.946709770264,2.015170006569599,0,1.5625219685013347,1,769.0565078764439,idle,celsio,idle,3709.9054562104047,idle,brevik,idle,7500.0,sailing,oygarden_terminal,sailing_to_terminal,258.33257682554074,1,1527395.058112511,499268.9184761926,2026663.9765887035,113395.34814486037
greedy,9000031,694.0,6240.861480952415,1.0,0.0,0.3576059195457748,0,1.0,0,0.0,1.226483834410408,0,1.0,0,8996.371983449613,2.7909282049647315,0,1.5625219685013347,1,802.6428290980358,idle,celsio,idle,3757.8117466127424,idle,brevik,idle,7500.0,sailing,oygarden_terminal,sailing_to_terminal,27.14434687559273,1,1528544.7450716596,499268.9184761926,2027813.663547852,113626.53637481031
greedy,9000031,695.0,6240.861480952415,1.0,0.0,1.183408988354548,0,1.0,0,0.0,0.6517346096385345,0,1.0,0,9253.186107912827,1.4961988321175062,0,1.5625219685013347,1,854.5895903411624,idle,celsio,idle,3771.539756526537,idle,brevik,idle,7500.0,sailing,oygarden_terminal,sailing_to_terminal,0.0,1,1529486.595686715,499268.9184761926,2028755.5141629076,113653.6807216859
greedy,9000031,696.0,6240.861480952415,1.0,0.0,0.997315199454919,0,1.0,0,0.0,0.25034771919328,0,1.0,0,9390.866646127028,0.9739267183650273,0,1.5625219685013347,1,882.1932987724686,idle,celsio,idle,3816.9732630451663,idle,brevik,idle,7500.0,sailing,oygarden_terminal,sailing_to_terminal,0.0,1,1530475.1161686098,499268.9184761926,2029744.0346448023,113653.6807216859
greedy,9000031,697.0,6240.861480952415,1.0,0.0,1.056663727654978,0,1.0,0,0.0,1.2206195527106507,0,1.0,0,9480.490275313332,1.131693695485475,0,1.5625219685013347,1,892.7965801462881,idle,celsio,idle,3855.2656398905447,idle,brevik,idle,7500.0,sailing,oygarden_terminal,sailing_to_terminal,0.0,1,1531274.1127558511,499268.9184761926,2030543.0312320436,113653.6807216859
greedy,9000031,698.0,6240.861480952415,1.0,0.0,1.516010798696557,0,1.0,0,0.0,1.547393469427098,0,1.0,0,9584.635208118312,1.3546760457597917,0,1.5625219685013347,1,944.4949643356183,idle,celsio,idle,3895.8403266625014,idle,brevik,idle,7500.0,sailing,oygarden_terminal,sailing_to_terminal,0.0,1,1532413.6448062595,499268.9184761926,2031682.563282452,113653.6807216859
greedy,9000031,699.0,6240.861480952415,1.0,0.0,0.9811536414713437,0,1.0,0,0.0,0.9004121485427541,0,1.0,0,9709.303985501996,0.9848075418676223,0,1.5625219685013347,1,1010.033601576723,idle,celsio,idle,3954.0585796449404,idle,brevik,idle,7500.0,sailing,oygarden_terminal,sailing_to_terminal,0.0,1,1533800.3413668817,499268.9184761926,2033069.2598430743,113653.6807216859
greedy,9000031,700.0,6240.861480952415,1.0,0.0,1.5940668357680954,0,1.0,0,0.0,1.3882123936154191,0,1.0,0,9799.937039817387,1.506944441620606,0,1.5625219685013347,1,1048.1698522051267,idle,celsio,idle,3991.740443599741,idle,brevik,idle,7500.0,sailing,oygarden_terminal,sailing_to_terminal,0.0,1,1534810.69337087,499268.9184761926,2034079.6118470626,113653.6807216859
greedy,9000031,701.0,6240.861480952415,1.0,0.0,1.2490235611075884,0,1.0,0,0.0,0.8572936409952858,0,1.0,0,9938.627149488053,1.7290862627143246,0,1.5625219685013347,1,1106.9664997781913,idle,celsio,idle,4052.9670746557035,idle,brevik,idle,7500.0,sailing,oygarden_terminal,sailing_to_terminal,0.0,1,1536168.079120329,499268.9184761926,2035436.9975965216,113653.6807216859
greedy,9000031,702.0,6240.861480952415,1.0,0.0,0.3776188056926817,0,1.0,0,0.0,1.3575633608486533,0,1.0,0,10097.76662266158,2.001356715205318,0,1.5625219685013347,1,1143.2764998243322,idle,celsio,idle,4100.94516471823,idle,brevik,idle,7500.0,sailing,oygarden_terminal,sailing_to_terminal,0.0,1,1537244.9248789295,499268.9184761926,2036513.843355122,113653.6807216859
greedy,9000031,703.0,6240.861480952415,1.0,0.0,1.2507902476723536,0,1.0,0,0.0,1.0121558020655734,0,1.0,0,10281.970496052078,0.26042597082399827,0,1.5625219685013347,1,1200.775031643402,idle,celsio,idle,4115.451723821083,idle,brevik,idle,7500.0,sailing,oygarden_terminal,sailing_to_terminal,0.0,1,1538225.3426453394,499268.9184761926,2037494.261121532,113653.6807216859
greedy,9000031,704.0,6240.861480952415,1.0,0.0,1.0042213037355905,0,1.0,0,0.0,0.9980333761663855,0,1.0,0,10305.94068992771,3.157556689959367,0,1.5625219685013347,1,1243.6440971097404,idle,celsio,idle,4163.506189570838,idle,brevik,idle,7500.0,sailing,oygarden_terminal,sailing_to_terminal,0.0,1,1539354.28010024,499268.9184761926,2038623.1985764324,113653.6807216859
greedy,9000031,705.0,6240.861480952415,1.0,0.0,1.3304197410700265,0,1.0,0,0.0,1.527122483994786,0,1.0,0,10596.578030188142,1.7241461750236118,0,1.5625219685013347,1,1285.9150182991007,idle,celsio,idle,4202.091071407223,idle,brevik,idle,7500.0,sailing,oygarden_terminal,sailing_to_terminal,0.0,1,1540404.1806032886,499268.9184761926,2039673.099079481,113653.6807216859
greedy,9000031,706.0,6240.861480952415,1.0,0.0,1.295087149561541,0,1.0,0,0.0,1.2502734355422382,0,1.0,0,10755.28183385651,1.35584429583925,0,1.5625219685013347,1,1350.5950938446724,idle,celsio,idle,4253.213901445777,idle,brevik,idle,7500.0,sailing,oygarden_terminal,sailing_to_terminal,0.0,1,1541728.4342086492,499268.9184761926,2040997.3526848417,113653.6807216859
greedy,9000031,707.0,6240.861480952415,1.0,0.0,0.7408384847518831,0,1.0,0,0.0,0.6637320688263617,0,1.0,0,10880.088007683391,1.0209761364662973,0,1.5625219685013347,1,1403.5494449926905,idle,celsio,idle,4302.983445289329,idle,brevik,idle,7500.0,sailing,oygarden_terminal,sailing_to_terminal,0.0,1,1542950.010714378,499268.9184761926,2042218.9291905705,113653.6807216859
greedy,9000031,708.0,6240.861480952415,1.0,0.0,1.4025987636109258,0,1.0,0,0.0,1.1571467813788994,0,1.0,0,10974.072205762937,1.9578655420567717,0,1.5625219685013347,1,1431.661296401889,idle,celsio,idle,4331.456015208273,idle,brevik,idle,7500.0,sailing,oygarden_terminal,sailing_to_terminal,0.0,1,1543809.3681286252,499268.9184761926,2043078.2866048177,113653.6807216859
greedy,9000031,709.0,6240.861480952415,1.0,0.0,0.5349249842897001,0,1.0,0,0.0,1.1047389098507574,0,1.0,0,11154.305536796348,1.1934540534913065,0,1.5625219685013347,1,1480.6713411241158,idle,celsio,idle,4385.366723468651,idle,brevik,idle,7500.0,sailing,oygarden_terminal,sailing_to_terminal,0.0,1,1545032.490072934,499268.9184761926,2044301.4085491265,113653.6807216859
greedy,9000031,710.0,6240.861480952415,1.0,0.0,1.2259789596399473,0,1.0,0,0.0,1.0299402857355588,0,1.0,0,11264.173469300991,1.3207827196908992,0,1.5625219685013347,1,1527.4616915355393,idle,celsio,idle,4405.929081526951,idle,brevik,idle,7500.0,sailing,oygarden_terminal,sailing_to_terminal,0.0,1,1545976.3841945932,499268.9184761926,2045245.3026707857,113653.6807216859
greedy,9000031,711.0,6240.861480952415,1.0,0.0,1.2110818593252741,0,1.0,0,0.0,0.7239425713025573,0,1.0,0,11385.766763122689,1.9782814428804014,0,1.5625219685013347,1,1571.0840048646849,idle,celsio,idle,4453.059523078117,idle,brevik,idle,7500.0,sailing,oygarden_terminal,sailing_to_terminal,0.0,1,1547103.9809655999,499268.9184761926,2046372.8994417924,113653.6807216859
greedy,9000031,712.0,6240.861480952415,1.0,0.0,1.0907646970204627,0,1.0,0,0.0,0.5191006756618443,0,1.0,0,11567.895853429618,1.2737645687978147,0,1.5625219685013347,1,1601.7460249012288,idle,celsio,idle,4499.621395104567,idle,brevik,idle,7500.0,sailing,oygarden_terminal,sailing_to_terminal,0.0,1,1548125.3690608377,499268.9184761926,2047394.2875370302,113653.6807216859
greedy,9000031,713.0,6240.861480952415,1.0,0.0,0.9958908292520811,0,1.0,0,0.0,1.11879914194867,0,1.0,0,11685.167602220885,0.6961611569008551,0,1.5625219685013347,1,1623.7321270439566,idle,celsio,idle,4541.561203899239,idle,brevik,idle,7500.0,sailing,oygarden_terminal,sailing_to_terminal,0.0,1,1549042.3610227995,499268.9184761926,2048311.279498992,113653.6807216859
greedy,9000031,714.0,6240.861480952415,1.0,0.0,0.8125775125196779,0,1.0,0,0.0,0.6134847013299181,0,1.0,0,11749.263025577644,1.3081987127320336,0,1.5625219685013347,1,1671.1179875626651,idle,celsio,idle,4579.856510649754,idle,brevik,idle,7500.0,sailing,oygarden_terminal,sailing_to_terminal,0.0,1,1550130.1431684757,499268.9184761926,2049399.0616446682,113653.6807216859
greedy,9000031,715.0,6240.861480952415,1.0,0.0,1.1062841728913781,0,1.0,0,0.0,0.8636231732888835,0,1.0,0,11869.712232663984,1.8725806222033998,0,1.5625219685013347,1,1697.101651115488,idle,celsio,idle,4611.1055773395965,idle,brevik,idle,7500.0,sailing,oygarden_terminal,sailing_to_terminal,0.0,1,1550994.5901480643,499268.9184761926,2050263.5086242568,113653.6807216859
greedy,9000031,716.0,6240.861480952415,1.0,0.0,1.3641505933954354,0,1.0,0,0.0,1.3717555090367695,0,1.0,0,12042.130687061419,1.356974580011831,0,1.5625219685013347,1,1733.6797335395709,idle,celsio,idle,4653.653403808236,idle,brevik,idle,7500.0,sailing,oygarden_terminal,sailing_to_terminal,0.0,1,1552030.9100739744,499268.9184761926,2051299.828550167,113653.6807216859
greedy,9000031,717.0,6240.861480952415,1.0,0.0,0.7816394322128537,0,1.0,0,0.0,1.1088422570836114,0,1.0,0,12167.078290141919,1.1636244958920388,0,1.5625219685013347,1,1791.779362668504,idle,celsio,idle,4706.123448353518,idle,brevik,idle,7500.0,unloading,oygarden_terminal,unloading,0.0,1,1552898.9400613955,499268.9184761926,2052167.858537588,113653.6807216859
greedy,9000031,718.0,6240.861480952415,1.0,0.0,1.2247741566657373,0,1.0,0,0.0,1.16974500417157,0,1.0,0,12274.225796041115,2.2586186219375683,0,1.5625219685013347,1,1838.743507134951,idle,celsio,idle,4736.190718459329,idle,brevik,idle,6700.0,unloading,oygarden_terminal,unloading,516.3166132031109,1,1553644.4072958673,499268.9184761926,2052913.3257720598,113937.3641084828
greedy,9000031,719.0,6240.861480952415,1.0,0.0,0.49516836981212153,0,1.0,0,0.0,1.7368096770818153,0,1.0,0,12482.20749137965,0.9250311158052371,0,1.0,0,1888.2871397065546,idle,celsio,idle,4783.308189340829,idle,brevik,idle,5900.0,unloading,oygarden_terminal,unloading,1046.5477745554908,1,1554538.2729288992,499268.9184761926,2053807.1914050917,114207.13294713042
greedy,9000031,720.0,6240.861480952415,1.0,0.0,0.49516836981212153,0,1.0,0,0.0,1.7368096770818153,0,1.0,0,12567.390219370207,0.9250311158052371,0,1.0,0,1961.8483519205681,idle,celsio,idle,4802.359167466868,idle,brevik,idle,5100.0,unloading,oygarden_terminal,unloading,1583.9688380445173,1,1555397.4046084378,499268.9184761926,2054666.3230846303,114469.71188364139
