controller,test_seed,hour,cumulative_vent_t,weather_speed_factor,brevik_inventory_t,brevik_capture_availability,brevik_capture_outage,brevik_capture_high_output_factor,brevik_capture_high_output,celsio_inventory_t,celsio_capture_availability,celsio_capture_outage,celsio_capture_high_output_factor,celsio_capture_high_output,yara_sluiskil_inventory_t,yara_sluiskil_capture_availability,yara_sluiskil_capture_outage,yara_sluiskil_capture_high_output_factor,yara_sluiskil_capture_high_output,northern_pathfinder_inventory_t,northern_pathfinder_mode,northern_pathfinder_destination,northern_pathfinder_operational_state,northern_phoenix_inventory_t,northern_phoenix_mode,northern_phoenix_destination,northern_phoenix_operational_state,northern_pioneer_inventory_t,northern_pioneer_mode,northern_pioneer_destination,northern_pioneer_operational_state,oygarden_terminal_inventory_t,aurora_well_a7_ah_available,cumulative_operating_cost_eur,cumulative_vent_penalty_eur,cumulative_episode_cost_eur,cumulative_stored_t
iterative_q,9000031,0.0,0.0,1.0,3624.15511280919,0.8169554103394303,0,1.0,0,1222.3460051418738,1.2366416201784851,0,1.0,0,6682.150993695087,0.837667349017896,0,1.0,0,0.0,loading,celsio,loading,0.0,loading,yara_sluiskil,loading,0.0,loading,brevik,loading,1153.6807216858697,1,0.0,0.0,0.0,0.0
iterative_q,9000031,1.0,0.0,1.0,2854.6221438209004,0.8145516412108503,0,1.0,0,474.7229914375032,0.8539936719053446,0,1.0,0,5958.507588363021,0.747967917736079,0,1.0,0,800.0,loading,celsio,loading,800.0,loading,yara_sluiskil,loading,800.0,loading,brevik,loading,868.2925938319884,1,18958.26913242009,0.0,18958.26913242009,285.3881278538813
iterative_q,9000031,2.0,0.0,1.0,2084.9995252625454,0.7351463046782166,0,1.0,0,0.0,1.4207789127021042,0,1.0,0,5226.68768539965,1.047212314258738,0,1.0,0,1310.8932238800153,idle,celsio,idle,1600.0,loading,yara_sluiskil,loading,1600.0,loading,brevik,loading,582.904465978107,1,35646.89829124084,0.0,35646.89829124084,570.7762557077626
iterative_q,9000031,3.0,0.0,1.0,1312.4156091421892,1.1463934827433386,0,1.0,0,0.0,0.8697051308174291,0,1.0,0,4522.144967765958,0.49920878115199074,0,1.0,0,1371.0692008368453,idle,celsio,idle,2400.0,loading,yara_sluiskil,loading,2400.0,loading,brevik,loading,297.51633812422574,1,48797.16043515995,0.0,48797.16043515995,856.164383561644
iterative_q,9000031,4.0,0.0,1.0,555.1684785813643,1.2286714363016362,0,1.0,0,0.0,1.2059640827757023,0,1.0,0,3767.649664289508,1.471422151137584,0,1.0,0,1407.904879803795,idle,celsio,idle,3200.0,loading,yara_sluiskil,loading,3200.0,loading,brevik,loading,12.128210270344425,1,61764.18898620205,0.0,61764.18898620205,1141.5525114155253
iterative_q,9000031,5.0,0.0,1.0,0.0,0.5444752425668844,0,1.0,0,0.0,0.4668424179394215,0,1.0,0,3101.7750478142007,1.054782964267624,0,1.0,0,1458.982543053919,idle,celsio,idle,4000.0,loading,yara_sluiskil,loading,3800.9897623197353,idle,brevik,idle,0.0,1,73168.65317853472,0.0,73168.65317853472,1153.6807216858697
iterative_q,9000031,6.0,0.0,1.0,0.0,1.068274868412035,0,1.0,0,0.0,0.8639585971783336,0,1.0,0,2397.922210966701,0.8191288605632764,0,1.0,0,1478.7552876612876,idle,celsio,idle,4800.0,loading,yara_sluiskil,loading,3821.2950691960673,idle,brevik,idle,0.0,1,79763.7069236588,0.0,79763.7069236588,1153.6807216858697
iterative_q,9000031,7.0,0.0,1.0,0.0,1.4172312353723295,0,1.0,0,0.0,1.208003999505691,0,1.0,0,1672.5886219529375,0.8022200280565045,0,1.0,0,1515.3475767012358,idle,celsio,idle,5600.0,loading,yara_sluiskil,loading,3861.134613486862,idle,brevik,idle,0.0,1,86644.15694201762,0.0,86644.15694201762,1153.6807216858697
iterative_q,9000031,8.0,0.0,1.0,0.0,0.7038760926194021,0,1.0,0,0.0,0.6336560929245816,0,1.0,0,945.7136809917824,0.6922117573105571,0,1.0,0,1566.5116390251637,idle,celsio,idle,6400.0,loading,yara_sluiskil,loading,3913.9878998062222,idle,brevik,idle,0.0,1,93741.16773797548,0.0,93741.16773797548,1153.6807216858697
iterative_q,9000031,9.0,0.0,1.0,0.0,1.3874674887113165,0,1.0,0,0.0,1.4582897206396395,0,1.0,0,208.81106904607407,1.1860050728222746,0,1.0,0,1593.3496460546075,idle,celsio,idle,7200.0,loading,yara_sluiskil,loading,3940.2377853190164,idle,brevik,idle,0.0,1,100438.35556557562,0.0,100438.35556557562,1153.6807216858697
iterative_q,9000031,10.0,0.0,1.0,0.0,0.7831062367912128,0,1.0,0,0.0,0.8380546648352639,0,1.0,0,16.91926934624007,1.1732503563934573,0,1.0,0,1655.1143638731585,idle,celsio,idle,7500.0,idle,yara_sluiskil,idle,3991.9810640773962,idle,brevik,idle,0.0,1,103684.61043040274,0.0,103684.61043040274,1153.6807216858697
iterative_q,9000031,11.0,0.0,1.0,0.0,1.1557303387641922,0,1.0,0,0.0,1.3551072683496264,0,1.0,0,123.86475736188312,1.0709112476037257,0,1.0,0,1690.6095121673989,idle,celsio,idle,7500.0,sailing,oygarden_terminal,sailing_to_terminal,4021.185696343153,idle,brevik,idle,0.0,1,104607.67767518351,0.0,104607.67767518351,1153.6807216858697
iterative_q,9000031,12.0,0.0,1.0,0.0,1.1678541827435018,0,1.0,0,0.0,0.9224299158079865,0,1.0,0,221.48163954765278,0.8322503547201991,0,1.0,0,1748.004018114249,idle,celsio,idle,7500.0,sailing,oygarden_terminal,sailing_to_terminal,4064.2867119217426,idle,brevik,idle,0.0,1,105811.76027930701,0.0,105811.76027930701,1153.6807216858697
iterative_q,9000031,13.0,0.0,1.0,0.0,1.0147246755954697,0,1.0,0,0.0,0.9129772177813599,0,1.0,0,297.3437852602255,1.1291997463155359,0,1.0,0,1787.0728140132424,idle,celsio,idle,7500.0,sailing,oygarden_terminal,sailing_to_terminal,4107.839857657885,idle,brevik,idle,0.0,1,106875.52589766218,0.0,106875.52589766218,1153.6807216858697
iterative_q,9000031,14.0,0.0,1.0,0.0,1.268869575707832,0,1.0,0,0.0,0.9811826862526052,0,1.0,0,400.27369360173367,0.0,1,1.0,0,1825.7412482982331,idle,celsio,idle,7500.0,sailing,oygarden_terminal,sailing_to_terminal,4145.682291431719,idle,brevik,idle,0.0,1,107891.31638012968,0.0,107891.31638012968,1153.6807216858697
iterative_q,9000031,15.0,0.0,1.0,0.0,0.8413567579913765,0,1.0,0,0.0,0.8900743991195557,0,1.0,0,400.27369360173367,0.0,1,1.0,0,1867.2984717272361,idle,celsio,idle,7500.0,sailing,oygarden_terminal,sailing_to_terminal,4193.0026201039855,idle,brevik,idle,0.0,1,109004.1918248395,0.0,109004.1918248395,1153.6807216858697
iterative_q,9000031,16.0,0.0,1.0,0.0,1.2956539040039785,0,1.0,0,0.0,0.0,1,1.0,0,400.27369360173367,0.0,1,1.0,0,1904.996875083616,idle,celsio,idle,7500.0,sailing,oygarden_terminal,sailing_to_terminal,4224.379581673218,idle,brevik,idle,0.0,1,109961.60970407214,0.0,109961.60970407214,1153.6807216858697
iterative_q,9000031,17.0,0.0,1.0,0.0,1.1753167503922288,0,1.0,0,0.0,0.0,1,1.0,0,400.27369360173367,0.0,1,1.0,0,1904.996875083616,sailing,yara_sluiskil,sailing_to_emitter,7500.0,sailing,oygarden_terminal,sailing_to_terminal,4272.698770680947,idle,brevik,idle,0.0,1,111171.22070535705,0.0,111171.22070535705,1153.6807216858697
iterative_q,9000031,18.0,0.0,1.0,0.0,1.1084528923939427,0,1.0,0,0.0,0.0,1,1.0,0,400.27369360173367,0.0,1,1.0,0,1904.996875083616,sailing,yara_sluiskil,sailing_to_emitter,7500.0,sailing,oygarden_terminal,sailing_to_terminal,4316.530183816064,idle,brevik,idle,0.0,1,112345.60030995961,0.0,112345.60030995961,1153.6807216858697
iterative_q,9000031,19.0,0.0,1.0,0.0,1.1213492665056406,0,1.0,0,0.0,0.0,1,1.0,0,400.27369360173367,0.0,1,1.0,0,1904.996875083616,sailing,yara_sluiskil,sailing_to_emitter,7500.0,sailing,oygarden_terminal,sailing_to_terminal,4357.868017922845,idle,brevik,idle,0.0,1,113500.40401006075,0.0,113500.40401006075,1153.6807216858697
iterative_q,9000031,20.0,0.0,1.0,0.0,0.7942854754012951,0,1.0,0,0.0,0.0,1,1.0,0,400.27369360173367,0.0,1,1.0,0,1904.996875083616,sailing,yara_sluiskil,sailing_to_emitter,7500.0,sailing,oygarden_terminal,sailing_to_terminal,4399.686793276195,idle,brevik,idle,0.0,1,114658.98335144161,0.0,114658.98335144161,1153.6807216858697
iterative_q,9000031,21.0,0.0,1.0,0.0,1.0827465048025369,0,1.0,0,0.0,0.0,1,1.0,0,400.27369360173367,0.6895805303972942,0,1.0,0,1904.996875083616,sailing,yara_sluiskil,sailing_to_emitter,7500.0,sailing,oygarden_terminal,sailing_to_terminal,4429.308287230274,idle,brevik,idle,0.0,1,115721.80763026548,0.0,115721.80763026548,1153.6807216858697
iterative_q,9000031,22.0,0.0,1.0,0.0,0.7587208766644542,0,1.0,0,0.0,1.6252196809344057,0,1.0,0,463.13063600729697,1.2029597495375515,0,1.0,0,1904.996875083616,sailing,yara_sluiskil,sailing_to_emitter,7500.0,sailing,oygarden_terminal,sailing_to_terminal,4469.68742656874,idle,brevik,idle,0.0,1,116869.0850731206,0.0,116869.0850731206,1153.6807216858697
iterative_q,9000031,23.0,0.0,1.0,0.0,0.8314970029865607,0,1.0,0,68.83490541374691,1.259470147370752,0,1.0,0,572.7832609744927,0.7961383322866649,0,1.0,0,1904.996875083616,sailing,yara_sluiskil,sailing_to_emitter,7500.0,sailing,oygarden_terminal,sailing_to_terminal,4497.982590867523,idle,brevik,idle,0.0,1,117921.49696782729,0.0,117921.49696782729,1153.6807216858697
iterative_q,9000031,24.0,0.0,1.0,0.0,1.0408627383636166,0,1.0,0,122.17877608103957,0.8338752264918737,0,1.0,0,645.3530986921714,1.1630730566449479,0,1.0,0,1904.996875083616,sailing,yara_sluiskil,sailing_to_emitter,7500.0,sailing,oygarden_terminal,sailing_to_terminal,4528.991808159181,idle,brevik,idle,0.0,1,118995.2156034059,0.0,118995.2156034059,1153.6807216858697
iterative_q,9000031,25.0,0.0,1.0,0.0,1.0366256874729491,0,1.0,0,157.49690754092532,0.9135806744666556,0,1.0,0,751.3698014582748,0.8361326948491545,0,1.0,0,1904.996875083616,sailing,yara_sluiskil,sailing_to_emitter,7500.0,sailing,oygarden_terminal,sailing_to_terminal,4567.808945822857,idle,brevik,idle,0.0,1,120130.23051306303,0.0,120130.23051306303,1153.6807216858697
iterative_q,9000031,26.0,0.0,1.0,0.0,0.4592190947123713,0,1.0,0,196.19090076071174,0.9914760390051298,0,1.0,0,827.5851051487941,0.5574706670534947,0,1.0,0,1904.996875083616,sailing,yara_sluiskil,sailing_to_emitter,7500.0,sailing,oygarden_terminal,sailing_to_terminal,4606.468063936442,idle,brevik,idle,0.0,1,121264.00488629167,0.0,121264.00488629167,1153.6807216858697
iterative_q,9000031,27.0,0.0,1.0,0.0,0.9479694665795766,0,1.0,0,238.18409107555942,1.1496905955884686,0,1.0,0,878.3997249092383,0.7741172751990858,0,1.0,0,1904.996875083616,sailing,yara_sluiskil,sailing_to_emitter,7500.0,sailing,oygarden_terminal,sailing_to_terminal,4623.5938235821895,idle,brevik,idle,0.0,1,122228.73109053461,0.0,122228.73109053461,1153.6807216858697
iterative_q,9000031,28.0,0.0,1.0,0.0,1.219212980400736,0,1.0,0,286.8783348942821,0.4619682333125734,0,1.0,0,948.9620852275864,1.1718854180541907,0,1.0,0,1904.996875083616,sailing,yara_sluiskil,sailing_to_emitter,7500.0,sailing,oygarden_terminal,sailing_to_terminal,4658.946652712777,idle,brevik,idle,0.0,1,123336.54935944501,0.0,123336.54935944501,1153.6807216858697
iterative_q,9000031,29.0,0.0,1.0,0.0,1.0658074536840911,0,1.0,0,306.44463723314124,1.011648761451442,0,1.0,0,1055.781740322416,1.1196021225949377,0,1.0,0,1904.996875083616,sailing,yara_sluiskil,sailing_to_emitter,7500.0,sailing,oygarden_terminal,sailing_to_terminal,4704.415017206375,idle,brevik,idle,0.0,1,124523.77989161112,0.0,124523.77989161112,1153.6807216858697
iterative_q,9000031,30.0,0.0,1.0,0.0,0.5701514534574132,0,1.0,0,349.29222739178806,1.1066239967134526,0,1.0,0,1157.835595442967,1.0358313674944308,0,1.0,0,1904.996875083616,sailing,yara_sluiskil,sailing_to_emitter,7500.0,sailing,oygarden_terminal,sailing_to_terminal,4744.1623909355285,idle,brevik,idle,0.0,1,125666.09764275618,0.0,125666.09764275618,1153.6807216858697
iterative_q,9000031,31.0,0.0,1.0,0.0,0.7127402817566413,0,1.0,0,396.16241917937293,1.0720819338113383,0,1.0,0,1252.253518089824,0.8618621715541231,0,1.0,0,1904.996875083616,sailing,yara_sluiskil,sailing_to_emitter,7500.0,sailing,oygarden_terminal,sailing_to_terminal,4765.425161409152,idle,brevik,idle,0.0,1,126663.30155392863,0.0,126663.30155392863,1153.6807216858697
iterative_q,9000031,32.0,0.0,1.0,0.0,1.4135809422269818,0,1.0,0,441.5696089737161,1.6443567120778189,0,1.0,0,1330.8137727662663,1.0721368790789834,0,1.0,0,1904.996875083616,sailing,yara_sluiskil,sailing_to_emitter,7500.0,sailing,oygarden_terminal,sailing_to_terminal,4792.005520870096,idle,brevik,idle,0.0,1,127702.25133038576,0.0,127702.25133038576,1153.6807216858697
iterative_q,9000031,33.0,0.0,1.0,0.0,0.7886710582199782,0,1.0,0,511.2150483381098,0.9292268926256415,0,1.0,0,1428.540865494189,1.4955826715732745,0,1.0,0,1904.996875083616,sailing,yara_sluiskil,sailing_to_emitter,7500.0,sailing,oygarden_terminal,sailing_to_terminal,4844.72245504746,idle,brevik,idle,0.0,1,128946.3869400685,0.0,128946.3869400685,1153.6807216858697
iterative_q,9000031,34.0,0.0,1.0,0.0,1.2282641567619164,0,1.0,0,550.5717248613851,0.4238698879652203,0,1.0,0,1564.8656593210994,1.0398019851155766,0,1.0,0,1904.996875083616,sailing,yara_sluiskil,sailing_to_emitter,7500.0,sailing,oygarden_terminal,sailing_to_terminal,4874.1345052051065,idle,brevik,idle,0.0,1,130007.56697513236,0.0,130007.56697513236,1153.6807216858697
iterative_q,9000031,35.0,0.0,1.0,0.0,1.3635499295309543,0,1.0,0,568.5244016521598,1.170225650413384,0,1.0,0,1659.645232355481,1.3416276266330058,0,1.0,0,1904.996875083616,sailing,yara_sluiskil,sailing_to_emitter,7500.0,sailing,oygarden_terminal,sailing_to_terminal,4919.940371664664,idle,brevik,idle,0.0,1,131197.44707491976,0.0,131197.44707491976,1153.6807216858697
iterative_q,9000031,36.0,0.0,1.0,0.0,0.40001022153549126,0,1.0,0,618.0883916185087,1.6816087266902922,0,1.0,0,1781.9365935731262,1.1013969216464266,0,1.0,0,1904.996875083616,sailing,yara_sluiskil,sailing_to_emitter,7500.0,sailing,oygarden_terminal,sailing_to_terminal,4970.79146553595,idle,brevik,idle,0.0,1,132426.93485863364,0.0,132426.93485863364,1153.6807216858697
iterative_q,9000031,37.0,0.0,1.0,0.0,1.1073723276340548,0,1.0,0,689.3116108562343,1.398099362028659,0,1.0,0,1882.3304935732083,1.0670818874730912,0,1.0,0,1904.996875083616,sailing,yara_sluiskil,sailing_to_emitter,7500.0,sailing,oygarden_terminal,sailing_to_terminal,4985.709110729308,idle,brevik,idle,0.0,1,133374.3262051652,0.0,133374.3262051652,1153.6807216858697
iterative_q,9000031,38.0,0.0,1.0,0.0,1.276444100569598,0,1.0,0,748.5270132250583,1.0593373292253616,0,1.0,0,1979.5964577806656,1.4265951235119632,0,1.0,0,1904.996875083616,sailing,yara_sluiskil,sailing_to_emitter,7500.0,sailing,oygarden_terminal,sailing_to_terminal,5027.006516371731,idle,brevik,idle,0.0,1,134528.8125205962,0.0,134528.8125205962,1153.6807216858697
iterative_q,9000031,39.0,0.0,1.0,0.0,1.0530969018190703,0,1.0,0,793.3944152839324,1.0678516578394226,0,1.0,0,2109.6324464496806,0.9260391491378329,0,1.0,0,1904.996875083616,sailing,yara_sluiskil,sailing_to_emitter,7500.0,sailing,oygarden_terminal,sailing_to_terminal,5074.609133851555,idle,brevik,idle,0.0,1,135732.79805918701,0.0,135732.79805918701,1153.6807216858697
iterative_q,9000031,40.0,0.0,1.0,0.0,1.2274468128764184,0,1.0,0,838.6224350560215,1.1699274015136933,0,1.0,0,2194.042049291552,0.7302475204139924,0,1.0,0,1904.996875083616,sailing,yara_sluiskil,sailing_to_emitter,7500.0,sailing,oygarden_terminal,sailing_to_terminal,5113.882425097757,idle,brevik,idle,0.0,1,136871.3940139476,0.0,136871.3940139476,1153.6807216858697
iterative_q,9000031,41.0,0.0,1.0,0.0,1.324368247779315,0,1.0,0,888.1737929240512,1.2320439203750877,0,1.0,0,2260.604956403916,0.26983123068475334,0,1.0,0,1904.996875083616,sailing,yara_sluiskil,sailing_to_emitter,7500.0,sailing,oygarden_terminal,sailing_to_terminal,5159.6577647956765,idle,brevik,idle,0.0,1,138061.03446262958,0.0,138061.03446262958,1153.6807216858697
iterative_q,9000031,42.0,0.0,1.0,0.0,0.7096401817972628,0,1.0,0,940.3560472491044,1.4233104393062814,0,1.0,0,2285.200367466704,1.3999796326166047,0,1.0,0,1904.996875083616,sailing,yara_sluiskil,sailing_to_emitter,7500.0,sailing,oygarden_terminal,sailing_to_terminal,5209.047599379246,idle,brevik,idle,0.0,1,139279.05059377378,0.0,139279.05059377378,1153.6807216858697
iterative_q,9000031,43.0,0.0,1.0,0.0,1.1422498959998622,0,1.0,0,1000.6392450305376,0.8978671792414642,0,1.0,0,2412.8099445588514,1.010525709518407,0,1.0,0,1904.996875083616,sailing,yara_sluiskil,sailing_to_emitter,7500.0,sailing,oygarden_terminal,sailing_to_terminal,5235.5122972551135,idle,brevik,idle,0.0,1,140317.0923660657,0.0,140317.0923660657,1153.6807216858697
iterative_q,9000031,44.0,0.0,1.0,0.0,1.1487289544609458,0,1.0,0,1038.6677054794413,0.7109177970517713,0,1.0,0,2504.9203300545582,0.6939553325676273,0,1.0,0,1904.996875083616,sailing,yara_sluiskil,sailing_to_emitter,7500.0,sailing,oygarden_terminal,sailing_to_terminal,5278.110355127625,idle,brevik,idle,0.0,1,141481.78948434533,0.0,141481.78948434533,1153.6807216858697
iterative_q,9000031,45.0,0.0,1.0,0.0,1.6932324603249342,0,1.0,0,1068.7780714140163,1.0802147798815311,0,1.0,0,2568.1749762383433,1.0229041435825277,0,1.0,0,1904.996875083616,sailing,yara_sluiskil,sailing_to_emitter,7500.0,sailing,oygarden_terminal,sailing_to_terminal,5320.950030386522,idle,brevik,idle,0.0,1,142648.38342595714,0.0,142648.38342595714,1153.6807216858697
iterative_q,9000031,46.0,0.0,1.0,0.0,1.0519471066266022,0,1.0,0,1114.5297215275111,1.2357140595158587,0,1.0,0,2661.4135307760007,1.1521871294281316,0,1.0,0,1904.996875083616,sailing,yara_sluiskil,sailing_to_emitter,7500.0,sailing,oygarden_terminal,sailing_to_terminal,5384.095924625595,idle,brevik,idle,0.0,1,143974.39184732837,0.0,143974.39184732837,1153.6807216858697
iterative_q,9000031,47.0,0.0,1.0,0.0,0.8039230849508736,0,1.0,0,1166.8674217184825,0.9112462825661296,0,1.0,0,2766.436257524658,0.9636069914706656,0,1.0,0,1904.996875083616,sailing,yara_sluiskil,sailing_to_emitter,7500.0,sailing,oygarden_terminal,sailing_to_terminal,5423.326290111891,idle,brevik,idle,0.0,1,145112.65081233764,0.0,145112.65081233764,1153.6807216858697
iterative_q,9000031,48.0,0.0,1.0,0.0,1.1608300499433095,0,1.0,0,1205.4625435994853,1.047064801865438,0,1.0,0,2854.269697758819,0.6164196492755878,0,1.0,0,1904.996875083616,sailing,yara_sluiskil,sailing_to_emitter,7500.0,sailing,oygarden_terminal,sailing_to_terminal,5453.307066875965,idle,brevik,idle,0.0,1,146178.29564984344,0.0,146178.29564984344,1153.6807216858697
iterative_q,9000031,49.0,0.0,1.0,0.0,0.9577726677097989,0,1.0,0,1249.8101523836913,0.8891693939082655,0,1.0,0,2910.456731586891,0.9099769812257142,0,1.0,0,1904.996875083616,sailing,yara_sluiskil,sailing_to_emitter,7500.0,sailing,oygarden_terminal,sailing_to_terminal,5496.598000599055,idle,brevik,idle,0.0,1,147348.4322073099,0.0,147348.4322073099,1153.6807216858697
iterative_q,9000031,50.0,0.0,1.0,0.0,0.9352350028839412,0,1.0,0,1287.4702249538711,1.292759000377564,0,1.0,0,2993.401637552862,1.5096307279354435,0,1.0,0,1904.996875083616,sailing,yara_sluiskil,sailing_to_emitter,7500.0,sailing,oygarden_terminal,sailing_to_terminal,5532.3162923599975,idle,brevik,idle,0.0,1,148459.11954973647,0.0,148459.11954973647,1153.6807216858697
iterative_q,9000031,51.0,0.0,1.0,0.0,0.986326779663025,0,1.0,0,1342.2240188918065,1.1503874072716975,0,1.0,0,3131.0052135943424,1.1393918173970956,0,1.0,0,1904.996875083616,sailing,yara_sluiskil,sailing_to_emitter,7500.0,sailing,oygarden_terminal,sailing_to_terminal,5567.194079594704,idle,brevik,idle,0.0,1,149563.20849036722,0.0,149563.20849036722,1153.6807216858697
iterative_q,9000031,52.0,0.0,1.0,0.0,0.910114677683762,0,1.0,0,1390.947775623072,1.4560905085817448,0,1.0,0,3234.861256294651,1.1441113044857996,0,1.0,0,1904.996875083616,sailing,yara_sluiskil,sailing_to_emitter,7500.0,sailing,oygarden_terminal,sailing_to_terminal,5603.977229286244,idle,brevik,idle,0.0,1,150682.2555265994,0.0,150682.2555265994,1153.6807216858697
iterative_q,9000031,53.0,0.0,1.0,0.0,1.5959743870523262,0,1.0,0,1452.619347539093,1.1080914325371647,0,1.0,0,3339.1474055698222,1.120459754937484,0,1.0,0,1904.996875083616,sailing,yara_sluiskil,sailing_to_emitter,7500.0,sailing,oygarden_terminal,sailing_to_terminal,5637.918190567985,idle,brevik,idle,0.0,1,151778.98989166573,0.0,151778.98989166573,1153.6807216858697
iterative_q,9000031,54.0,0.0,1.0,0.0,1.126898630490241,0,1.0,0,1499.5516914205216,0.9800135972237985,0,1.0,0,3441.277632683864,0.8856435686534772,0,1.0,0,1904.996875083616,sailing,yara_sluiskil,sailing_to_emitter,7500.0,unloading,oygarden_terminal,unloading,5697.436949566944,idle,brevik,idle,0.0,1,152661.38339715602,0.0,152661.38339715602,1153.6807216858697
iterative_q,9000031,55.0,0.0,1.0,0.0,0.8459853797295022,0,1.0,0,1541.0593990002753,1.07324319035684,0,1.0,0,3522.0042379225697,1.0905466464305789,0,1.0,0,1904.996875083616,sailing,yara_sluiskil,sailing_to_emitter,6700.0,unloading,oygarden_terminal,unloading,5739.462434284951,idle,brevik,idle,514.6118721461187,1,153547.87464799194,0.0,153547.87464799194,1439.068849539751
iterative_q,9000031,56.0,0.0,1.0,0.0,1.534785479134477,0,1.0,0,1586.515772905178,0.7621118194245577,0,1.0,0,3621.407730507807,0.8261258193529625,0,1.0,0,1904.996875083616,sailing,yara_sluiskil,sailing_to_emitter,5900.0,unloading,oygarden_terminal,unloading,5771.01180258259,idle,brevik,idle,1029.2237442922374,1,154352.12288496687,0.0,154352.12288496687,1724.4569773936323
iterative_q,9000031,57.0,0.0,1.0,0.0,0.8198235952061433,0,1.0,0,1618.7944215212387,0.756020186798359,0,1.0,0,3696.709169162524,1.6503566050396794,0,1.0,0,1904.996875083616,sailing,yara_sluiskil,sailing_to_emitter,5100.0,unloading,oygarden_terminal,unloading,5828.248611173443,idle,brevik,idle,1543.835616438356,1,155358.03101414966,0.0,155358.03101414966,2009.8451052475136
iterative_q,9000031,58.0,0.0,1.0,0.0,1.7713926590237343,0,1.0,0,1650.8150638132568,1.1281517184350631,0,1.0,0,3847.13920341831,0.682503998977223,0,1.0,0,1904.996875083616,sailing,yara_sluiskil,sailing_to_emitter,4300.0,unloading,oygarden_terminal,unloading,5858.822316284351,idle,brevik,idle,2058.4474885844747,1,156154.61978288554,0.0,156154.61978288554,2295.233233101395
iterative_q,9000031,59.0,0.0,1.0,0.0,1.0568451176903628,0,1.0,0,1698.5970453766265,0.8533144025794517,0,1.0,0,3909.3494094823877,0.9295798958324664,0,1.0,0,1904.996875083616,sailing,yara_sluiskil,sailing_to_emitter,3500.0,unloading,oygarden_terminal,unloading,5924.882903459354,idle,brevik,idle,2573.0593607305937,1,157229.7992064377,0.0,157229.7992064377,2580.621360955276
iterative_q,9000031,60.0,0.0,1.0,0.0,0.9230910063589769,0,1.0,0,1734.7385078993875,1.2882171441763868,0,1.0,0,3994.0805091562493,1.0907647879869264,0,1.0,0,1904.996875083616,loading,yara_sluiskil,loading,2700.0,unloading,oygarden_terminal,unloading,5964.2958463997475,idle,brevik,idle,3087.6712328767126,1,157680.64063273487,0.0,157680.64063273487,2866.009488809157
iterative_q,9000031,61.0,0.0,1.0,0.0,0.48104853773972633,0,1.0,0,1789.2999350787372,1.016915477262517,0,1.0,0,3293.5035199713016,1.4910299948839996,0,1.0,0,2704.996875083616,loading,yara_sluiskil,loading,1900.0,unloading,oygarden_terminal,unloading,5998.720689453894,idle,brevik,idle,3602.2831050228315,1,164372.74285617264,0.0,164372.74285617264,3151.397616663038
iterative_q,9000031,62.0,0.0,1.0,0.0,1.0330006564393823,0,1.0,0,1832.370592856457,0.2657937515863237,0,1.0,0,2629.4105312474794,0.9757952436491946,0,1.0,0,3504.996875083616,loading,yara_sluiskil,loading,1100.0,unloading,oygarden_terminal,unloading,6016.660434496016,idle,brevik,idle,4116.89497716895,1,170935.4284055395,0.0,170935.4284055395,3436.7857445169193
iterative_q,9000031,63.0,0.0,1.0,0.0,1.8419353290246483,0,1.6223214051544965,1,1843.6280788225945,0.5805634302970499,0,1.0,0,1918.3539583790111,0.9014598385030779,0,1.0,0,4304.996875083616,loading,yara_sluiskil,loading,300.0,unloading,oygarden_terminal,unloading,6055.184125910609,idle,brevik,idle,4632.547830656177,1,177659.2819381523,0.0,177659.2819381523,3721.132891029692
iterative_q,9000031,64.0,0.0,1.0,0.0,1.0214452988729623,0,1.6223214051544965,1,1868.2173877510968,1.1746916665836376,0,1.0,0,1200.5216764979887,1.2612453659168386,0,1.0,0,5104.996875083616,loading,yara_sluiskil,loading,0.0,idle,oygarden_terminal,idle,6123.875405400442,idle,brevik,idle,4650.3498730615365,1,184603.82320768305,0.0,184603.82320768305,4003.330848624333
iterative_q,9000031,65.0,0.0,1.0,0.0,1.794234090418948,0,1.6223214051544965,1,1917.9705323309802,1.1467132690830333,0,1.0,0,515.4836227796484,1.3477034703307345,0,1.0,0,5904.996875083616,loading,yara_sluiskil,loading,0.0,sailing,celsio,sailing_to_emitter,6161.968150631077,idle,brevik,idle,4370.001544077415,1,191713.37407131828,0.0,191713.37407131828,4283.679177608455
iterative_q,9000031,66.0,0.0,1.0,0.0,2.4635257114163953,0,1.6223214051544965,1,1966.538673819789,1.2152340034760958,0,1.0,0,0.0,1.0066866846498168,0,1.0,0,6543.322971073513,idle,yara_sluiskil,idle,0.0,sailing,celsio,sailing_to_emitter,6228.880486680389,idle,brevik,idle,4091.288256071976,1,197779.2784610851,0.0,197779.2784610851,4562.392465613894
iterative_q,9000031,67.0,0.0,1.0,0.0,0.935550787058733,0,1.6223214051544965,1,2018.0089572935603,0.7112622506467048,0,1.0,0,0.0,0.9804730273609968,0,1.0,0,6635.081873467633,idle,yara_sluiskil,idle,0.0,sailing,celsio,sailing_to_emitter,6320.752684521047,idle,brevik,idle,3814.04273292361,1,199749.68966874655,0.0,199749.68966874655,4839.63798876226
iterative_q,9000031,68.0,0.0,1.0,0.0,1.4631963357142104,0,1.6223214051544965,1,2048.133912290097,1.0036259216337,0,1.0,0,0.0,0.8934502123005659,0,1.0,0,6724.451350643174,idle,yara_sluiskil,idle,0.0,sailing,celsio,sailing_to_emitter,6355.642149149652,idle,brevik,idle,3538.129337071811,1,201253.45209015283,0.0,201253.45209015283,5115.551384614058
iterative_q,9000031,69.0,0.0,1.0,0.0,2.200754028344976,0,1.6223214051544965,1,2090.64170135817,0.7360367895627448,0,1.0,0,0.0,0.8098412116158278,0,1.0,0,6805.8886951036675,idle,yara_sluiskil,idle,0.0,sailing,celsio,sailing_to_emitter,6410.209073032785,idle,brevik,idle,3263.4353218757674,1,202848.92154512156,0.0,202848.92154512156,5390.245399810102
iterative_q,9000031,70.0,0.0,1.0,0.0,1.554833337972734,0,1.6223214051544965,1,2121.815962527257,1.1126566906946773,0,1.0,0,0.0,0.44189121461337977,0,1.0,0,6879.705085007258,idle,yara_sluiskil,idle,0.0,sailing,celsio,sailing_to_emitter,6492.281693977923,idle,brevik,idle,2989.8652721996227,1,204600.03584238194,0.0,204600.03584238194,5663.8154494862465
iterative_q,9000031,71.0,0.0,1.0,0.0,1.3689691864693398,0,1.6223214051544965,1,2168.9416643387844,0.8813423249666452,0,1.0,0,0.0,1.0907080098725153,0,1.0,0,6919.98309184417,idle,yara_sluiskil,idle,0.0,sailing,celsio,sailing_to_emitter,6550.266012799607,idle,brevik,idle,2717.337303748361,1,205898.32315358796,0.0,205898.32315358796,5936.343417937508
iterative_q,9000031,72.0,0.0,1.0,0.0,0.9422122019656753,0,1.6223214051544965,1,2206.270227540364,0.7979221413253168,0,1.0,0,0.0,1.712967078337101,0,1.0,0,7019.400122401973,idle,yara_sluiskil,idle,0.0,sailing,celsio,sailing_to_emitter,6601.318901270395,idle,brevik,idle,2445.780338841866,1,207606.0693702815,0.0,207606.0693702815,6207.900382844003
iterative_q,9000031,73.0,0.0,1.0,0.0,1.6501588339639155,0,1.6223214051544965,1,2240.065594265239,1.881178387716223,0,1.0,0,0.0,1.5606107472807658,0,1.0,0,7175.535379180927,idle,yara_sluiskil,idle,0.0,sailing,celsio,sailing_to_emitter,6636.45676061672,idle,brevik,idle,2175.132086650613,1,209633.76953364932,0.0,209633.76953364932,6478.548635035256
iterative_q,9000031,74.0,0.0,1.0,0.0,1.25136125889525,0,1.6223214051544965,1,2319.7414300331034,0.938220168255174,0,1.0,0,0.0,0.8647023049210687,0,1.0,0,7317.78340235123,idle,yara_sluiskil,idle,0.0,sailing,celsio,sailing_to_emitter,6697.996018500618,idle,brevik,idle,1905.3375066153264,1,211759.36245606185,0.0,211759.36245606185,6748.343215070542
iterative_q,9000031,75.0,0.0,1.0,0.0,2.5847249221264623,0,1.6223214051544965,1,2359.479009694939,0.9767359603036235,0,1.0,0,0.0,1.0055539152906832,0,1.0,0,7396.600047248799,idle,yara_sluiskil,idle,0.0,sailing,celsio,sailing_to_emitter,6744.662938825143,idle,brevik,idle,1636.3476151057896,1,213269.90017744593,0.0,213269.90017744593,7017.333106580079
iterative_q,9000031,76.0,0.0,1.0,0.0,1.606223023113842,0,1.6223214051544965,1,2400.8478955326063,1.5847231992897808,0,1.0,0,0.0,1.5758570686197038,0,1.0,0,7488.255091023939,idle,yara_sluiskil,idle,0.0,sailing,celsio,sailing_to_emitter,6841.054870813837,idle,brevik,idle,1368.118542701836,1,215271.28158153992,0.0,215271.28158153992,7285.562178984033
iterative_q,9000031,77.0,0.0,1.0,0.0,1.9223159516234851,0,1.6223214051544965,1,2467.967604215537,0.7799895182685836,0,1.0,0,131.89248355214662,0.9035688573056961,0,1.0,0,7500.0,idle,yara_sluiskil,idle,0.0,sailing,celsio,sailing_to_emitter,6900.955603060972,idle,brevik,idle,1100.6107786072405,1,216358.55566238242,0.0,216358.55566238242,7553.069943078629
iterative_q,9000031,78.0,0.0,1.0,0.0,1.539940677902067,0,1.6223214051544965,1,2501.0034487500207,1.3426495591280672,0,1.0,0,214.2515894739626,0.7049358930124265,0,1.0,0,7500.0,sailing,oygarden_terminal,sailing_to_terminal,0.0,sailing,celsio,sailing_to_emitter,6972.644349224851,idle,brevik,idle,833.7885574273757,1,217861.02706704437,0.0,217861.02706704437,7819.892164258494
iterative_q,9000031,79.0,0.0,1.0,0.0,1.9410112436144644,0,1.6223214051544965,1,2557.870318189636,0.6567894879372492,0,1.0,0,278.505516261154,1.5180105681282317,0,1.0,0,7500.0,sailing,oygarden_terminal,sailing_to_terminal,0.0,sailing,celsio,sailing_to_emitter,7030.073201391844,idle,brevik,idle,567.6193559961199,1,219251.28307928945,0.0,219251.28307928945,8086.061365689749
iterative_q,9000031,80.0,0.0,1.0,0.0,1.6796808720086907,0,1.6223214051544965,1,2585.6881220282594,1.0520158532173738,0,1.0,0,416.8699678046446,0.9364065079040993,0,1.0,0,7500.0,sailing,oygarden_terminal,sailing_to_terminal,0.0,sailing,celsio,sailing_to_emitter,7102.459126011755,idle,brevik,idle,302.0734764620431,1,220758.7044007751,0.0,220758.7044007751,8351.607245223826
iterative_q,9000031,81.0,0.0,1.0,0.0,1.4893219230440815,0,1.6223214051544965,1,2630.245428710852,1.1439388006105622,0,1.0,0,502.22199391658523,0.560263378372876,0,1.0,0,7500.0,sailing,oygarden_terminal,sailing_to_terminal,0.0,sailing,celsio,sailing_to_emitter,7165.099273287956,idle,brevik,idle,37.12369781910212,1,222189.37185221424,0.0,222189.37185221424,8616.557023866766
iterative_q,9000031,82.0,0.0,1.0,0.0,1.7102376957072272,0,1.6223214051544965,1,2678.696059762693,0.8092260145021826,0,1.0,0,553.2891094762379,1.4320873006211037,0,1.0,0,7500.0,sailing,oygarden_terminal,sailing_to_terminal,0.0,sailing,celsio,sailing_to_emitter,7220.640377045408,idle,brevik,idle,0.0,1,223470.8993918955,0.0,223470.8993918955,8653.680721685869
iterative_q,9000031,83.0,0.0,1.0,0.0,1.2027722952693982,0,1.6223214051544965,1,2712.9701931737377,0.8278926648419622,0,1.0,0,683.821492527107,1.1387210816362416,0,1.0,0,7500.0,sailing,oygarden_terminal,sailing_to_terminal,0.0,sailing,celsio,sailing_to_emitter,7284.420055941468,idle,brevik,idle,0.0,1,224801.88335556103,0.0,224801.88335556103,8653.680721685869
iterative_q,9000031,84.0,0.0,1.0,0.0,1.2000264482437502,0,1.6223214051544965,1,2748.03493792527,1.4789894691947112,0,1.0,0,787.6139548243846,0.8611803246205196,0,1.0,0,7500.0,sailing,oygarden_terminal,sailing_to_terminal,0.0,sailing,celsio,sailing_to_emitter,7329.274884383006,idle,brevik,idle,0.0,1,225984.29730761203,0.0,225984.29730761203,8653.680721685869
iterative_q,9000031,85.0,0.0,1.0,0.0,2.167193523722691,0,1.6223214051544965,1,2810.676377365268,0.9350972409183672,0,1.0,0,866.1089981784032,0.5791486532816983,0,1.0,0,7500.0,sailing,oygarden_terminal,sailing_to_terminal,0.0,sailing,celsio,sailing_to_emitter,7374.02730511371,idle,brevik,idle,0.0,1,227165.90730536898,0.0,227165.90730536898,8653.680721685869
iterative_q,9000031,86.0,0.0,1.0,0.0,1.599193727896136,0,1.6223214051544965,1,2850.2816878881285,1.2100125874327763,0,1.0,0,918.8973212876836,0.6639849292218822,0,1.0,0,7500.0,sailing,oygarden_terminal,sailing_to_terminal,0.0,sailing,celsio,sailing_to_emitter,7454.84813895084,idle,brevik,idle,0.0,1,228630.67328192818,0.0,228630.67328192818,8653.680721685869
iterative_q,9000031,87.0,0.0,1.0,14.48662916701739,0.920640408963299,0,1.6223214051544965,1,2901.5308223789752,0.9471677740938946,0,1.0,0,979.4182687512845,1.042171581164546,0,1.0,0,7500.0,sailing,oygarden_terminal,sailing_to_terminal,0.0,sailing,celsio,sailing_to_emitter,7500.0,idle,brevik,idle,0.0,1,229815.41909589118,0.0,229815.41909589118,8653.680721685869
iterative_q,9000031,88.0,0.0,1.0,48.81992739794149,1.4838400060214567,0,1.6223214051544965,1,2941.6473708711874,0.8778269463131423,0,1.0,0,1074.4101313264716,0.6998933273254597,0,1.0,0,7500.0,sailing,oygarden_terminal,sailing_to_terminal,0.0,sailing,celsio,sailing_to_emitter,7500.0,sailing,oygarden_terminal,sailing_to_terminal,0.0,1,231060.83909589116,0.0,231060.83909589116,8653.680721685869
iterative_q,9000031,89.0,0.0,1.0,104.1565308765787,0.9294945679766214,0,1.6223214051544965,1,2978.8270429659547,0.7464647138564692,0,1.0,0,1138.203966331933,1.0450401798808457,0,1.0,0,7500.0,sailing,oygarden_terminal,sailing_to_terminal,0.0,sailing,celsio,sailing_to_emitter,7500.0,sailing,oygarden_terminal,sailing_to_terminal,0.0,1,232306.25909589115,0.0,232306.25909589115,8653.680721685869
iterative_q,9000031,90.0,0.0,1.0,138.82001471554887,1.7632301370934922,0,1.6223214051544965,1,3010.4429706930096,1.1298924392379497,0,1.0,0,1233.4571559276096,1.097103906715443,0,1.0,0,7500.0,sailing,oygarden_terminal,sailing_to_terminal,0.0,sailing,celsio,sailing_to_emitter,7500.0,sailing,oygarden_terminal,sailing_to_terminal,0.0,1,233551.67909589116,0.0,233551.67909589116,8653.680721685869
iterative_q,9000031,91.0,0.0,1.0,204.57584588967234,2.0638069295335475,0,1.6223214051544965,1,3058.2986791212606,1.0722325899572362,0,1.0,0,1333.4557699787508,1.1359060972921255,0,1.0,0,7500.0,sailing,oygarden_terminal,sailing_to_terminal,0.0,sailing,celsio,sailing_to_emitter,7500.0,sailing,oygarden_terminal,sailing_to_terminal,0.0,1,234797.09909589117,0.0,234797.09909589117,8653.680721685869
iterative_q,9000031,92.0,0.0,1.0,281.5410220999057,1.4192458188911763,0,1.6223214051544965,1,3103.712249838549,1.096583752115974,0,1.0,0,1436.9910424632421,0.7900994807652274,0,1.0,0,7500.0,sailing,oygarden_terminal,sailing_to_terminal,0.0,sailing,celsio,sailing_to_emitter,7500.0,sailing,oygarden_terminal,sailing_to_terminal,0.0,1,236042.51909589116,0.0,236042.51909589116,8653.680721685869
iterative_q,9000031,93.0,0.0,1.0,334.4686896056004,2.5114729969269836,0,1.6223214051544965,1,3150.1571949377594,1.3013710353974126,0,1.0,0,1509.0067707834014,1.204049559661829,0,1.0,0,7500.0,sailing,oygarden_terminal,sailing_to_terminal,0.0,sailing,celsio,sailing_to_emitter,7500.0,sailing,oygarden_terminal,sailing_to_terminal,0.0,1,237287.93909589114,0.0,237287.93909589114,8653.680721685869
iterative_q,9000031,94.0,0.0,1.0,428.12856485423697,1.1669900444731858,0,1.6223214051544965,1,3205.275744867125,0.9041792482510466,0,1.0,0,1618.7530044478817,1.0068743144367807,0,1.0,0,7500.0,sailing,oygarden_terminal,sailing_to_terminal,0.0,sailing,celsio,sailing_to_emitter,7500.0,sailing,oygarden_terminal,sailing_to_terminal,0.0,1,238533.35909589115,0.0,238533.35909589115,8653.680721685869
iterative_q,9000031,95.0,0.0,1.0,471.64889118476657,2.162417406398623,0,1.6223214051544965,1,3243.5715480502677,1.0289023273948663,0,1.0,0,1710.5271182773579,1.2914630374288536,0,1.0,0,7500.0,sailing,oygarden_terminal,sailing_to_terminal,0.0,sailing,celsio,sailing_to_emitter,7500.0,sailing,oygarden_terminal,sailing_to_terminal,0.0,1,239778.77909589116,0.0,239778.77909589116,8653.680721685869
iterative_q,9000031,96.0,0.0,1.0,552.2914759011873,1.887837557765326,0,1.6223214051544965,1,3287.1498994676526,0.7611105441587218,0,1.0,0,1828.2407067375132,0.8353602597546246,0,1.0,0,7500.0,sailing,oygarden_terminal,sailing_to_terminal,0.0,sailing,celsio,sailing_to_emitter,7500.0,sailing,oygarden_terminal,sailing_to_terminal,0.0,1,241024.19909589115,0.0,241024.19909589115,8653.680721685869
iterative_q,9000031,97.0,0.0,1.0,622.6941998335298,2.59139616878476,0,1.6223214051544965,1,3319.386139854829,0.9581941014571873,0,1.0,0,1904.3816249835527,1.4241763067679134,0,1.0,0,7500.0,sailing,oygarden_terminal,sailing_to_terminal,0.0,loading,celsio,loading,7500.0,sailing,oygarden_terminal,sailing_to_terminal,0.0,1,241854.47909589115,0.0,241854.47909589115,8653.680721685869
iterative_q,9000031,98.0,0.0,1.0,719.3345696402588,2.228962262510175,0,1.6223214051544965,1,2559.9696997978726,0.9977118607755678,0,1.0,0,2034.1915013397668,1.5902592129186548,0,1.0,0,7500.0,sailing,oygarden_terminal,sailing_to_terminal,800.0,loading,celsio,loading,7500.0,sailing,oygarden_terminal,sailing_to_terminal,0.0,1,248965.17909589116,0.0,248965.17909589116,8653.680721685869
iterative_q,9000031,99.0,0.0,1.0,802.4587577795417,1.5443784488500323,0,1.6223214051544965,1,1802.2270034549229,0.9414763162301139,0,1.0,0,2179.1392855993918,0.9239930070086566,0,1.0,0,7500.0,sailing,oygarden_terminal,sailing_to_terminal,1600.0,loading,celsio,loading,7500.0,sailing,oygarden_terminal,sailing_to_terminal,0.0,1,256075.87909589114,0.0,256075.87909589114,8653.680721685869
iterative_q,9000031,100.0,0.0,1.0,860.0529049767058,1.3597955167740723,0,1.6223214051544965,1,1042.1024947114174,0.9480228744024528,0,1.0,0,2263.3586628557973,1.068696502700427,0,1.0,0,7500.0,sailing,oygarden_terminal,sailing_to_terminal,2400.0,loading,celsio,loading,7500.0,sailing,oygarden_terminal,sailing_to_terminal,0.0,1,263186.57909589115,0.0,263186.57909589115,8653.680721685869
iterative_q,9000031,101.0,0.0,1.0,910.7634355524283,1.4375995949789906,0,1.6223214051544965,1,282.25526030679976,0.7714312386309293,0,1.0,0,2360.767287261461,0.9424522318507127,0,1.0,0,7500.0,sailing,oygarden_terminal,sailing_to_terminal,3200.0,loading,celsio,loading,7500.0,sailing,oygarden_terminal,sailing_to_terminal,0.0,1,270297.27909589116,0.0,270297.27909589116,8653.680721685869
iterative_q,9000031,102.0,0.0,1.0,964.3754864736786,2.587382579958023,0,1.6223214051544965,1,0.0,1.0328898889582205,0,1.0,0,2446.66904492471,0.9177238371424445,0,1.0,0,7500.0,sailing,oygarden_terminal,sailing_to_terminal,3514.9286256169216,idle,celsio,idle,7500.0,sailing,oygarden_terminal,sailing_to_terminal,0.0,1,273599.91414451244,0.0,273599.91414451244,8653.680721685869
iterative_q,9000031,103.0,0.0,1.0,1060.8660981824082,2.1723683637957456,0,1.6223214051544965,1,0.0,0.5037894600584101,0,1.0,0,2530.316820426456,0.5332065774007011,0,1.0,0,7500.0,sailing,oygarden_terminal,sailing_to_terminal,3558.675867078074,idle,celsio,idle,7500.0,sailing,oygarden_terminal,sailing_to_terminal,0.0,1,274773.6329572843,0.0,274773.6329572843,8653.680721685869
iterative_q,9000031,104.0,0.0,1.0,1141.8796754471418,1.6991415213940968,0,1.6223214051544965,1,0.0,0.8060780998082224,0,1.0,0,2578.916965145164,0.8573080533257497,0,1.0,0,7500.0,sailing,oygarden_terminal,sailing_to_terminal,3580.013474687911,idle,celsio,idle,7500.0,sailing,oygarden_terminal,sailing_to_terminal,0.0,1,275771.42437926546,0.0,275771.42437926546,8653.680721685869
iterative_q,9000031,105.0,0.0,1.0,1205.2453133302718,1.3522659037565872,0,1.6223214051544965,1,0.0,0.8164948039883033,0,1.0,0,2657.057908259675,1.2443274332425822,0,1.0,0,7500.0,sailing,oygarden_terminal,sailing_to_terminal,3614.154280640058,idle,celsio,idle,7500.0,sailing,oygarden_terminal,sailing_to_terminal,0.0,1,276869.72762991296,0.0,276869.72762991296,8653.680721685869
iterative_q,9000031,106.0,0.0,1.0,1255.675001919538,1.7226378187314313,0,1.6223214051544965,1,0.0,0.8880938864298519,0,1.0,0,2770.47437195195,0.7887983327944996,0,1.0,0,7500.0,sailing,oygarden_terminal,sailing_to_terminal,3648.736277931056,idle,celsio,idle,7500.0,sailing,oygarden_terminal,sailing_to_terminal,0.0,1,277971.4944641959,0.0,277971.4944641959,8653.680721685869
iterative_q,9000031,107.0,0.0,1.0,1319.9168603680891,1.436412416180547,0,1.6223214051544965,1,0.0,1.1851602373424044,0,1.0,0,2842.3707629820155,0.9196768109661011,0,1.0,0,7500.0,sailing,oygarden_terminal,sailing_to_terminal,3686.3507982251854,idle,celsio,idle,7500.0,sailing,oygarden_terminal,sailing_to_terminal,0.0,1,279097.06819612795,0.0,279097.06819612795,8653.680721685869
iterative_q,9000031,108.0,0.0,1.0,1373.4845849728213,1.1839293694965014,0,1.6223214051544965,1,0.0,1.551521014034344,0,1.0,0,2926.196238099088,1.1203472431347932,0,1.0,0,7500.0,sailing,oygarden_terminal,sailing_to_terminal,3736.5473309121967,idle,celsio,idle,7500.0,sailing,oygarden_terminal,sailing_to_terminal,0.0,1,280321.4173309007,0.0,280321.4173309007,8653.680721685869
iterative_q,9000031,109.0,0.0,1.0,1417.6365231617253,1.616060626360746,0,1.6223214051544965,1,65.71345615694965,1.408053772813931,0,1.0,0,3028.3120790098505,1.1890803149974685,0,1.0,0,7500.0,sailing,oygarden_terminal,sailing_to_terminal,3736.5473309121967,sailing,brevik,sailing_to_emitter,7500.0,sailing,oygarden_terminal,sailing_to_terminal,0.0,1,281566.83733090066,0.0,281566.83733090066,8653.680721685869
iterative_q,9000031,110.0,0.0,1.0,1477.9037969787726,1.6890417628469592,0,1.6223214051544965,1,125.3504697903258,1.2123711632441032,0,1.0,0,3136.6926259913375,0.5764707333423906,0,1.0,0,7500.0,sailing,oygarden_terminal,sailing_to_terminal,3736.5473309121967,sailing,brevik,sailing_to_emitter,7500.0,sailing,oygarden_terminal,sailing_to_terminal,0.0,1,282812.2573309007,0.0,282812.2573309007,8653.680721685869
iterative_q,9000031,111.0,0.0,1.0,1540.8927247280953,0.7747892467276252,0,1.6223214051544965,1,176.6994999105378,0.9059971105057798,0,1.0,0,3189.235895511454,1.0515850495867531,0,1.0,0,7500.0,sailing,oygarden_terminal,sailing_to_terminal,3736.5473309121967,sailing,brevik,sailing_to_emitter,7500.0,sailing,oygarden_terminal,sailing_to_terminal,0.0,1,284057.6773309007,0.0,284057.6773309007,8653.680721685869
iterative_q,9000031,112.0,0.0,1.0,1569.7867030207992,1.4635727364139766,0,1.6223214051544965,1,215.07229722427547,1.3210701492209826,0,1.0,0,3285.084084971938,1.3328923571610602,0,1.0,0,7500.0,sailing,oygarden_terminal,sailing_to_terminal,3736.5473309121967,sailing,brevik,sailing_to_emitter,7500.0,sailing,oygarden_terminal,sailing_to_terminal,0.0,1,285303.09733090067,0.0,285303.09733090067,8653.680721685869
iterative_q,9000031,113.0,0.0,1.0,1624.367264445192,1.4117863973429683,0,1.6223214051544965,1,271.0251876755332,0.7347261722649658,0,1.0,0,3406.5723329451102,1.1017017351849103,0,1.0,0,7500.0,sailing,oygarden_terminal,sailing_to_terminal,3736.5473309121967,sailing,brevik,sailing_to_emitter,7500.0,sailing,oygarden_terminal,sailing_to_terminal,0.0,1,286548.51733090065,0.0,286548.51733090065,8653.680721685869
iterative_q,9000031,114.0,0.0,1.0,1677.016565613229,1.0341821439567698,0,1.6223214051544965,1,302.14393867649676,0.9921814116708314,0,1.0,0,3506.988330149532,1.0362009672933097,0,1.0,0,7500.0,sailing,oygarden_terminal,sailing_to_terminal,3736.5473309121967,sailing,brevik,sailing_to_emitter,7500.0,unloading,oygarden_terminal,unloading,0.0,1,287378.7973309007,0.0,287378.7973309007,8653.680721685869
iterative_q,9000031,115.0,0.0,1.0,1715.583984198612,2.0309552509970388,0,1.6223214051544965,1,344.1670044975881,0.6585175783479801,0,1.0,0,3601.4341076460387,1.540321772244455,0,1.0,0,7500.0,sailing,oygarden_terminal,sailing_to_terminal,3736.5473309121967,loading,brevik,loading,6700.0,unloading,oygarden_terminal,unloading,514.6118721461187,1,287935.36646332074,0.0,287935.36646332074,8939.06884953975
iterative_q,9000031,116.0,0.0,1.0,991.3237261278564,1.6040868735212201,0,1.6223214051544965,1,372.05800025073535,0.712780263764064,0,1.0,0,3741.828476140862,1.4516639380205778,0,1.0,0,7500.0,sailing,oygarden_terminal,sailing_to_terminal,4536.547330912197,loading,brevik,loading,5900.0,unloading,oygarden_terminal,unloading,1029.2237442922374,1,294772.35559574084,0.0,294772.35559574084,9224.456977393631
iterative_q,9000031,117.0,0.0,1.0,251.14439732480696,2.058417223904896,0,1.6223214051544965,1,402.2472495027355,1.6912390399475887,0,1.0,0,3874.141928890514,1.5944649066433465,0,1.0,0,7500.0,sailing,oygarden_terminal,sailing_to_terminal,5336.547330912197,loading,brevik,loading,5100.0,unloading,oygarden_terminal,unloading,1543.835616438356,1,301609.344728161,0.0,301609.344728161,9509.845105247512
iterative_q,9000031,118.0,0.0,1.0,0.0,1.1179758168162532,0,1.6223214051544965,1,473.87835310830826,1.2015140090653165,0,1.0,0,4019.471020893569,0.9343752219517456,0,1.0,0,7500.0,sailing,oygarden_terminal,sailing_to_terminal,5664.455575730982,idle,brevik,idle,4300.0,unloading,oygarden_terminal,unloading,2058.4474885844747,1,304740.165734237,0.0,304740.165734237,9795.233233101393
iterative_q,9000031,119.0,0.0,1.0,0.0,1.0539693512458121,0,1.6223214051544965,1,524.7675369752866,0.5431423515204072,0,1.0,0,4104.635517598566,1.024956491531729,0,1.0,0,7500.0,sailing,oygarden_terminal,sailing_to_terminal,5706.14785769395,idle,brevik,idle,3500.0,unloading,oygarden_terminal,unloading,2573.0593607305937,1,305624.04116851446,0.0,305624.04116851446,10080.621360955274
iterative_q,9000031,120.0,0.0,1.0,0.0,1.2640266299278804,0,1.6223214051544965,1,547.7719054503299,0.8958133004985593,0,1.0,0,4198.056059506765,1.3832801137403492,0,1.0,0,7500.0,sailing,oygarden_terminal,sailing_to_terminal,5745.453161496871,idle,brevik,idle,2700.0,unloading,oygarden_terminal,unloading,3090.271904857193,1,306488.11129555997,0.0,306488.11129555997,10363.408816828674
iterative_q,9000031,121.0,0.0,1.0,0.0,1.4546460624067878,0,1.6223214051544965,1,585.7133754753188,1.0060285259503199,0,1.0,0,4324.13622379804,1.2693408780206412,0,1.0,0,7500.0,sailing,oygarden_terminal,sailing_to_terminal,5792.592049029131,idle,brevik,idle,1900.0,unloading,oygarden_terminal,unloading,3610.390036554728,1,307412.48787660815,0.0,307412.48787660815,10643.29068513114
iterative_q,9000031,122.0,0.0,1.0,0.0,1.4186637029890217,0,1.6223214051544965,1,628.3229249655802,0.8230909167146436,0,1.0,0,4439.83122093605,0.8059923681715924,0,1.0,0,7500.0,sailing,oygarden_terminal,sailing_to_terminal,5846.839629324716,idle,brevik,idle,1100.0,unloading,oygarden_terminal,unloading,4132.893040843861,1,308391.6936301496,0.0,308391.6936301496,10920.787680842006
iterative_q,9000031,123.0,0.0,1.0,0.0,1.6510176540308152,0,1.6223214051544965,1,663.1842954397503,0.9565474151336213,0,1.0,0,4513.293927288013,0.9618222820666147,0,1.0,0,7500.0,queued,oygarden_terminal,queued,5899.745324220061,idle,brevik,idle,300.0,unloading,oygarden_terminal,unloading,4657.41842663436,1,308944.3957023938,0.0,308944.3957023938,11196.262295051507
iterative_q,9000031,124.0,0.0,1.0,0.0,2.089076756751098,0,1.6223214051544965,1,703.6981112745614,1.1002243782808538,0,1.0,0,4600.959789547588,1.1704019557085577,0,1.0,0,7500.0,unloading,oygarden_terminal,unloading,5961.316098205123,idle,brevik,idle,0.0,idle,oygarden_terminal,idle,4683.69606379637,1,309549.1422715965,0.0,309549.1422715965,11469.984657889498
iterative_q,9000031,125.0,0.0,1.0,0.0,1.9303288059494061,0,1.6223214051544965,1,750.2972522407343,1.0327047107236564,0,1.0,0,4707.636691432073,1.525979608404946,0,1.0,0,6700.0,unloading,oygarden_terminal,unloading,6039.223229221937,idle,brevik,idle,0.0,sailing,yara_sluiskil,sailing_to_emitter,5211.51640939444,1,310711.907809627,0.0,310711.907809627,11742.164312291428
iterative_q,9000031,126.0,0.0,1.0,0.0,2.597762554629083,0,1.6223214051544965,1,794.0366506229416,1.395351482948465,0,1.0,0,4846.722803264783,1.4271821094827222,0,1.0,0,5900.0,unloading,oygarden_terminal,unloading,6111.2102227629875,idle,brevik,idle,0.0,sailing,yara_sluiskil,sailing_to_emitter,5740.7122151483945,1,311827.6332217368,0.0,311827.6332217368,12012.968506537474
iterative_q,9000031,127.0,0.0,1.0,0.0,1.726419354968706,0,1.6223214051544965,1,853.1356687276611,0.9320114013758451,0,1.0,0,4976.803876088972,0.8980644705924413,0,1.0,0,5100.0,unloading,oygarden_terminal,unloading,6208.087545205511,idle,brevik,idle,0.0,sailing,yara_sluiskil,sailing_to_emitter,6271.147027217376,1,313138.2527905566,0.0,313138.2527905566,12282.533694468493
iterative_q,9000031,128.0,0.0,1.0,0.0,2.110966525711976,0,1.6223214051544965,1,892.6102809359963,1.0635983867732355,0,1.0,0,5058.658254132073,1.3481250927403214,0,1.0,0,4300.0,unloading,oygarden_terminal,unloading,6272.47020301052,idle,brevik,idle,0.0,sailing,yara_sluiskil,sailing_to_emitter,6802.707532220385,1,314193.31064817,0.0,314193.31064817,12550.973189465485
iterative_q,9000031,129.0,0.0,1.0,0.0,1.5664981948164456,0,1.6223214051544965,1,937.6581567466415,0.7033259783179396,0,1.0,0,5181.533463526163,0.8493465169408372,0,1.0,0,3500.0,unloading,oygarden_terminal,unloading,6351.193610046655,idle,brevik,idle,0.0,sailing,yara_sluiskil,sailing_to_emitter,7335.298246519751,1,315360.52853032964,0.0,315360.52853032964,12818.38247516612
iterative_q,9000031,130.0,0.0,1.0,0.0,1.4038989464682834,0,1.6223214051544965,1,967.4469771507307,0.6379240924585247,0,1.0,0,5258.9473140379205,0.714096778520896,0,1.0,0,2700.0,unloading,oygarden_terminal,unloading,6409.612372429699,idle,brevik,idle,0.0,sailing,yara_sluiskil,sailing_to_emitter,7868.837709587686,1,316367.955305029,0.0,316367.955305029,13084.843012098185
iterative_q,9000031,131.0,0.0,1.0,0.0,1.5256334546827743,0,1.6223214051544965,1,994.4657519543231,1.7131780652190636,0,1.0,0,5324.033753464208,1.0629999699118806,0,1.0,0,1900.0,unloading,oygarden_terminal,unloading,6461.967380587187,idle,brevik,idle,0.0,sailing,yara_sluiskil,sailing_to_emitter,8403.25568233422,1,317327.4182366184,0.0,317327.4182366184,13350.42503935165
iterative_q,9000031,132.0,0.0,1.0,0.0,1.331420874240784,0,1.6223214051544965,1,1067.0260657750734,1.1497856825303197,0,1.0,0,5420.9209463128245,0.524746807552022,0,1.0,0,1100.0,unloading,oygarden_terminal,unloading,6518.862172990286,idle,brevik,idle,0.0,sailing,yara_sluiskil,sailing_to_emitter,8938.491038964827,1,318322.1857305302,0.0,318322.1857305302,13615.189682721044
iterative_q,9000031,133.0,0.0,1.0,0.0,1.421741947834421,0,1.6223214051544965,1,1115.72433692667,1.10853235377767,0,1.0,0,5468.748988839686,0.6797230439587947,0,1.0,0,624.4901504785269,unloading,oygarden_terminal,unloading,6568.5142711538465,idle,brevik,idle,0.0,sailing,yara_sluiskil,sailing_to_emitter,9150.0,1,319249.8760709017,0.0,319249.8760709017,13879.190571207344
iterative_q,9000031,134.0,0.0,1.0,0.0,2.6048152816786403,0,1.6223214051544965,1,1162.675355681558,0.8571842093568824,0,1.0,0,5530.702293342636,0.8977845750362672,0,1.0,0,361.2056247352218,unloading,oygarden_terminal,unloading,6621.534663782752,idle,brevik,idle,0.0,sailing,yara_sluiskil,sailing_to_emitter,9150.0,1,320197.2374044478,0.0,320197.2374044478,14142.47509695065
iterative_q,9000031,135.0,0.0,1.0,0.0,1.3718489990038947,0,1.6223214051544965,1,1198.9807208364484,0.25042129470125174,0,1.0,0,5612.530739153338,0.8408698945233826,0,1.0,0,98.5953102805168,unloading,oygarden_terminal,unloading,6718.674870520333,idle,brevik,idle,0.0,sailing,yara_sluiskil,sailing_to_emitter,9150.0,1,321490.6654347215,0.0,321490.6654347215,14405.085411405355
iterative_q,9000031,136.0,0.0,1.0,0.0,0.9102746036946207,0,1.6223214051544965,1,1209.5871184432249,1.0880154713853953,0,1.0,0,5689.171648266124,1.0519782803383149,0,1.0,0,0.0,idle,oygarden_terminal,idle,6769.83461104889,idle,brevik,idle,0.0,sailing,yara_sluiskil,sailing_to_emitter,8986.621498670826,1,322417.85514134075,0.0,322417.85514134075,14667.059223015045
iterative_q,9000031,137.0,0.0,1.0,0.0,1.9695202179838716,0,1.6223214051544965,1,1255.6691607296236,1.0473164183279235,0,1.0,0,5785.053916177598,0.9741932465681375,0,1.0,0,0.0,sailing,yara_sluiskil,sailing_to_emitter,6803.781062207881,idle,brevik,idle,0.0,sailing,yara_sluiskil,sailing_to_emitter,8725.250278484526,1,323621.79480510205,0.0,323621.79480510205,14928.430443201345
iterative_q,9000031,138.0,0.0,1.0,0.0,1.5450184762256836,0,1.6223214051544965,1,1300.0274265318308,1.2696165563333173,0,1.0,0,5873.84642353938,0.8985561103421483,0,1.0,0,0.0,sailing,yara_sluiskil,sailing_to_emitter,6877.229459931212,idle,brevik,idle,0.0,sailing,yara_sluiskil,sailing_to_emitter,8464.451006834232,1,325135.61098901567,0.0,325135.61098901567,15189.229714851639
iterative_q,9000031,139.0,0.0,1.0,0.0,1.8065697945620547,0,1.6223214051544965,1,1353.8010403959483,0.5801977534468206,0,1.0,0,5955.744950011398,0.9408215664465818,0,1.0,0,0.0,sailing,yara_sluiskil,sailing_to_emitter,6934.847101626338,idle,brevik,idle,0.0,sailing,yara_sluiskil,sailing_to_emitter,8204.19587301945,1,326524.9243304483,0.0,326524.9243304483,15449.48484866642
iterative_q,9000031,140.0,0.0,1.0,0.0,1.591711549918158,0,1.6223214051544965,1,1378.3748613681498,1.2570292895050312,0,1.0,0,6041.495681031642,0.6814658430575407,0,1.0,0,0.0,sailing,yara_sluiskil,sailing_to_emitter,7002.21864182144,idle,brevik,idle,0.0,sailing,yara_sluiskil,sailing_to_emitter,7944.459535235912,1,327990.59818952973,0.0,327990.59818952973,15709.221186449957
iterative_q,9000031,141.0,0.0,1.0,0.0,1.7760950357182372,0,1.6223214051544965,1,1431.6153514141724,0.5133030951921953,0,1.0,0,6103.607513216771,1.4829597168417972,0,1.0,0,0.0,sailing,yara_sluiskil,sailing_to_emitter,7061.577567080724,idle,brevik,idle,0.0,sailing,yara_sluiskil,sailing_to_emitter,7685.218815795611,1,329393.16561122146,0.0,329393.16561122146,15968.461905890259
iterative_q,9000031,142.0,0.0,1.0,0.0,1.6624257734273258,0,1.6223214051544965,1,1453.3559015814112,0.9788655899016361,0,1.0,0,6238.77096755401,0.930308044638922,0,1.0,0,0.0,sailing,yara_sluiskil,sailing_to_emitter,7127.812605409007,idle,brevik,idle,0.0,sailing,yara_sluiskil,sailing_to_emitter,7426.452443639986,1,330849.5196480774,0.0,330849.5196480774,16227.228278045885
iterative_q,9000031,143.0,0.0,1.0,0.0,1.7209798708119137,0,1.6223214051544965,1,1494.8149862110724,1.3144328206764044,0,1.0,0,6323.563260742846,0.6208503528057097,0,1.0,0,0.0,sailing,yara_sluiskil,sailing_to_emitter,7189.808621889397,idle,brevik,idle,0.0,sailing,yara_sluiskil,sailing_to_emitter,7168.140835402668,1,332272.4086847343,0.0,332272.4086847343,16485.539886283204
iterative_q,9000031,144.0,0.0,1.0,0.0,2.3705725912818125,0,1.6223214051544965,1,1550.4867578154901,0.7694281930486632,0,1.0,0,6380.150201753258,1.651242582721371,0,1.0,0,0.0,sailing,yara_sluiskil,sailing_to_emitter,7253.988255116751,idle,brevik,idle,0.0,sailing,yara_sluiskil,sailing_to_emitter,6910.265908139423,1,333712.26122005447,0.0,333712.26122005447,16743.41481354645
iterative_q,9000031,145.0,0.0,1.0,0.0,1.5036467801643523,0,1.6223214051544965,1,1583.0752857003629,1.0200775175752768,0,1.0,0,6530.651361192693,0.9088114131040168,0,1.0,0,0.0,sailing,yara_sluiskil,sailing_to_emitter,7342.39280740083,idle,brevik,idle,0.0,sailing,yara_sluiskil,sailing_to_emitter,6652.810918258876,1,335342.1199137255,0.0,335342.1199137255,17000.869803426995
iterative_q,9000031,146.0,0.0,1.0,0.0,1.5407988108184976,0,1.6223214051544965,1,1626.27986921649,1.0575836023463208,0,1.0,0,6613.484175868392,1.1680028297944531,0,1.0,0,0.0,sailing,yara_sluiskil,sailing_to_emitter,7398.467529388114,idle,brevik,idle,0.0,sailing,yara_sluiskil,sailing_to_emitter,6395.760322275792,1,336718.00666490773,0.0,336718.00666490773,17257.92039941008
iterative_q,9000031,147.0,0.0,1.0,0.0,1.4724087798842904,0,1.6223214051544965,1,1671.0729935483241,0.670386273798196,0,1.0,0,6719.940685355323,1.066074214036632,0,1.0,0,0.0,sailing,yara_sluiskil,sailing_to_emitter,7455.92773360219,idle,brevik,idle,0.0,sailing,yara_sluiskil,sailing_to_emitter,6139.099655853052,1,338104.61030782876,0.0,338104.61030782876,17514.58106583282
iterative_q,9000031,148.0,0.0,1.0,10.8374953261699,1.940130212851499,0,1.6223214051544965,1,1699.4666785922082,0.9104543416041225,0,1.0,0,6817.10693646229,1.0381553038225468,0,1.0,0,0.0,sailing,yara_sluiskil,sailing_to_emitter,7500.0,idle,brevik,idle,0.0,sailing,yara_sluiskil,sailing_to_emitter,5882.815428259354,1,339385.95727030485,0.0,339385.95727030485,17770.865293426516
iterative_q,9000031,149.0,0.0,1.0,83.18973144424677,2.3757998495918065,0,1.6223214051544965,1,1738.028258434647,0.9165900924045295,0,1.0,0,6911.728477307002,1.0317368859736455,0,1.0,0,0.0,sailing,yara_sluiskil,sailing_to_emitter,7500.0,sailing,oygarden_terminal,sailing_to_terminal,0.0,sailing,yara_sluiskil,sailing_to_emitter,5626.895029891175,1,340736.30463363585,0.0,340736.30463363585,18026.785691794696
iterative_q,9000031,150.0,0.0,1.0,171.78914755155554,1.568838613611941,0,1.6223214051544965,1,1776.8497131918084,1.0518591961479364,0,1.0,0,7005.764949281652,1.2590760227740947,0,1.0,0,0.0,sailing,yara_sluiskil,sailing_to_emitter,7500.0,sailing,oygarden_terminal,sailing_to_terminal,0.0,sailing,yara_sluiskil,sailing_to_emitter,5371.326650922333,1,342086.50766901305,0.0,342086.50766901305,18282.354070763537
iterative_q,9000031,151.0,0.0,1.0,230.2949862454254,1.9691152307279176,0,1.6223214051544965,1,1821.4003847870445,1.2588873820923112,0,1.0,0,7120.521901081877,1.4756136883840447,0,1.0,0,0.0,sailing,yara_sluiskil,sailing_to_emitter,7500.0,sailing,oygarden_terminal,sailing_to_terminal,0.0,sailing,yara_sluiskil,sailing_to_emitter,5116.099209476601,1,343436.5709200058,0.0,343436.5709200058,18537.581512209268
iterative_q,9000031,152.0,0.0,1.0,303.72810965512383,1.2185812038892399,0,1.6223214051544965,1,1874.7195728878567,0.12618717927509493,0,1.0,0,7255.014816021665,1.0081344204633829,0,1.0,0,0.0,sailing,yara_sluiskil,sailing_to_emitter,7500.0,sailing,oygarden_terminal,sailing_to_terminal,0.0,sailing,yara_sluiskil,sailing_to_emitter,4861.202287986672,1,344786.4986578166,0.0,344786.4986578166,18792.478433699198
iterative_q,9000031,153.0,0.0,1.0,349.17197608629107,1.2451521501145797,0,1.6223214051544965,1,1880.0641319353047,1.0755036129966704,0,1.0,0,7346.899865785198,0.8950926935939573,0,1.0,0,0.0,sailing,yara_sluiskil,sailing_to_emitter,7500.0,sailing,oygarden_terminal,sailing_to_terminal,0.0,sailing,yara_sluiskil,sailing_to_emitter,4606.626076620088,1,346136.2949044769,0.0,346136.2949044769,19047.054645065782
iterative_q,9000031,154.0,0.0,1.0,395.606729219245,1.9400527080750574,0,1.6223214051544965,1,1925.616244268946,1.1904452332950608,0,1.0,0,7428.4818201013795,1.2105669272821753,0,1.0,0,0.0,sailing,yara_sluiskil,sailing_to_emitter,7500.0,sailing,oygarden_terminal,sailing_to_terminal,0.0,sailing,yara_sluiskil,sailing_to_emitter,4352.361322830086,1,347485.96345353086,0.0,347485.96345353086,19301.319398855783
iterative_q,9000031,155.0,0.0,1.0,467.9560032112864,1.777386636448152,0,1.6223214051544965,1,1976.0366188160954,0.6362703923361173,0,1.0,0,7538.817144996627,0.9122700268597705,0,1.0,0,0.0,sailing,yara_sluiskil,sailing_to_emitter,7500.0,sailing,oygarden_terminal,sailing_to_terminal,0.0,sailing,yara_sluiskil,sailing_to_emitter,4098.399286234919,1,348835.50788853486,0.0,348835.50788853486,19555.28143545095
iterative_q,9000031,156.0,0.0,1.0,534.2390539374848,1.919130763983383,0,1.6223214051544965,1,2002.985352447504,0.8965128720596434,0,1.0,0,7621.964580751679,1.0462915276078288,0,1.0,0,0.0,sailing,yara_sluiskil,sailing_to_emitter,7500.0,sailing,oygarden_terminal,sailing_to_terminal,0.0,sailing,yara_sluiskil,sailing_to_emitter,3844.731698149306,1,350184.93159964995,0.0,350184.93159964995,19808.949023536563
iterative_q,9000031,157.0,0.0,1.0,605.8080748272201,0.7844678037406208,0,1.6223214051544965,1,2040.9564522774986,0.8349684601156911,0,1.0,0,7717.3271280895115,1.2328434417081993,0,1.0,0,0.0,sailing,yara_sluiskil,sailing_to_emitter,7500.0,sailing,oygarden_terminal,sailing_to_terminal,0.0,sailing,yara_sluiskil,sailing_to_emitter,3591.3507251912947,1,351534.2377985628,0.0,351534.2377985628,20062.329996494573
iterative_q,9000031,158.0,0.0,1.0,635.0627690116471,1.7076167145800913,0,1.6223214051544965,1,2076.320886790426,0.8246185528927377,0,1.0,0,7829.692565009963,1.0765942548086649,0,1.0,0,0.0,sailing,yara_sluiskil,sailing_to_emitter,7500.0,sailing,oygarden_terminal,sailing_to_terminal,0.0,sailing,yara_sluiskil,sailing_to_emitter,3338.248936470794,1,352883.42953193816,0.0,352883.42953193816,20315.431785215074
iterative_q,9000031,159.0,0.0,1.0,698.7438979936871,1.0416244601479843,0,1.6223214051544965,1,2111.2469590972523,1.0193801770051492,0,1.0,0,7927.81686109477,1.2060452396172177,0,1.0,0,0.0,sailing,yara_sluiskil,sailing_to_emitter,7500.0,sailing,oygarden_terminal,sailing_to_terminal,0.0,sailing,yara_sluiskil,sailing_to_emitter,3085.419273935513,1,354232.5096935776,0.0,354232.5096935776,20568.261447750356
iterative_q,9000031,160.0,0.0,1.0,737.588569844812,2.3369369132780453,0,1.6223214051544965,1,2154.4220073002466,0.9710058012492071,0,1.0,0,8037.739659457345,1.1792115666369294,0,1.0,0,0.0,sailing,yara_sluiskil,sailing_to_emitter,7500.0,sailing,oygarden_terminal,sailing_to_terminal,0.0,sailing,yara_sluiskil,sailing_to_emitter,2832.855025508419,1,355581.4810354327,0.0,355581.4810354327,20820.82569617745
iterative_q,9000031,161.0,0.0,1.0,824.738532620173,0.9484758166948797,0,1.0,0,2195.5481967436085,1.2886491511142097,0,1.0,0,8145.216672526241,0.7788169131180112,0,1.0,0,0.0,sailing,yara_sluiskil,sailing_to_emitter,7500.0,sailing,oygarden_terminal,sailing_to_terminal,0.0,sailing,yara_sluiskil,sailing_to_emitter,2580.549800700103,1,356930.3461776041,0.0,356930.3461776041,21073.130920985765
iterative_q,9000031,162.0,0.0,1.0,860.1094569910721,0.9674384724016387,0,1.0,0,2250.1279212381164,1.6430783919459069,0,1.0,0,8216.200418264134,1.324355595791038,0,1.0,0,0.0,sailing,yara_sluiskil,sailing_to_emitter,7500.0,sailing,oygarden_terminal,sailing_to_terminal,0.0,sailing,yara_sluiskil,sailing_to_emitter,2328.497508421191,1,358279.1076174385,0.0,358279.1076174385,21325.183213264678
iterative_q,9000031,163.0,0.0,1.0,896.1875372281781,0.8879109741941489,0,1.0,0,2319.719218355526,0.9079468217546564,0,1.0,0,8336.906132519849,0.7858437104554279,0,1.0,0,0.0,sailing,yara_sluiskil,sailing_to_emitter,7500.0,sailing,oygarden_terminal,sailing_to_terminal,0.0,sailing,yara_sluiskil,sailing_to_emitter,2076.6923367554455,1,359627.76773782144,0.0,359627.76773782144,21576.988384930424
iterative_q,9000031,164.0,0.0,1.0,929.2998426927978,1.0221237866616188,0,1.0,0,2358.1745941606364,1.5919851997699173,0,1.0,0,8408.530216667641,1.2894001537789732,0,1.0,0,0.0,sailing,yara_sluiskil,sailing_to_emitter,7500.0,sailing,oygarden_terminal,sailing_to_terminal,0.0,sailing,yara_sluiskil,sailing_to_emitter,1825.128734484491,1,360976.3288147525,0.0,360976.3288147525,21828.55198720138
iterative_q,9000031,165.0,0.0,1.0,967.417256020165,1.0476005340724013,0,1.0,0,2425.6018791804945,1.1572905070442319,0,1.0,0,8526.049815026494,0.718916542279987,0,1.0,0,0.0,sailing,yara_sluiskil,sailing_to_emitter,7500.0,sailing,oygarden_terminal,sailing_to_terminal,0.0,sailing,yara_sluiskil,sailing_to_emitter,1573.8013941810482,1,362324.79302427697,0.0,362324.79302427697,22079.879327504823
iterative_q,9000031,166.0,0.0,1.0,1006.4847512253848,1.2649453426331538,0,1.0,0,2474.6180112905954,0.6942787300362584,0,1.0,0,8591.573865840046,1.5900333738120525,0,1.0,0,0.0,sailing,yara_sluiskil,sailing_to_emitter,7500.0,sailing,oygarden_terminal,sailing_to_terminal,0.0,sailing,yara_sluiskil,sailing_to_emitter,1322.7052367098463,1,363673.16244884016,0.0,363673.16244884016,22330.975484976025
iterative_q,9000031,167.0,0.0,1.0,1053.6575394685663,0.4946906028628154,0,1.0,0,2504.023642586757,0.6608086610417576,0,1.0,0,8736.49381651972,0.7343911004851459,0,1.0,0,0.0,sailing,yara_sluiskil,sailing_to_emitter,7500.0,sailing,oygarden_terminal,sailing_to_terminal,0.0,sailing,yara_sluiskil,sailing_to_emitter,1071.8353969945877,1,365021.43908312335,0.0,365021.43908312335,22581.845324691283
iterative_q,9000031,168.0,0.0,1.0,1072.105712593475,1.1559736740459738,0,1.0,0,2532.01167535119,0.7960791045723729,0,1.0,0,8803.428162413615,0.5472452148275802,0,1.0,0,0.0,sailing,yara_sluiskil,sailing_to_emitter,7500.0,sailing,oygarden_terminal,sailing_to_terminal,0.0,sailing,yara_sluiskil,sailing_to_emitter,821.1872109259417,1,366369.6248394115,0.0,366369.6248394115,22832.49351075993
iterative_q,9000031,169.0,0.0,1.0,1115.2146758770466,1.0771418799744663,0,1.0,0,2565.7289816993352,0.9719304338898394,0,1.0,0,8853.305500996674,0.9850224374409292,0,1.0,0,0.0,sailing,yara_sluiskil,sailing_to_emitter,7500.0,sailing,oygarden_terminal,sailing_to_terminal,0.0,sailing,yara_sluiskil,sailing_to_emitter,570.7562032999322,1,367717.72155253816,0.0,367717.72155253816,23082.92451838594
iterative_q,9000031,170.0,0.0,1.0,1155.3838106304422,1.1120450605112748,0,1.0,0,2606.894333233279,1.230648713767338,0,1.0,0,8943.082917366335,0.6565243675739618,0,1.0,0,0.0,sailing,yara_sluiskil,sailing_to_emitter,7500.0,sailing,oygarden_terminal,sailing_to_terminal,0.0,loading,yara_sluiskil,loading,320.5380766885845,1,368650.59098444885,0.0,368650.59098444885,23333.142644997286
iterative_q,9000031,171.0,0.0,1.0,1196.8545597778086,0.8090334483348247,0,1.0,0,2659.017494676303,0.9254109074828857,0,1.0,0,8202.920151459532,1.5851334491527624,0,1.0,0,0.0,sailing,yara_sluiskil,sailing_to_emitter,7500.0,sailing,oygarden_terminal,sailing_to_terminal,800.0,loading,yara_sluiskil,loading,70.52870115560495,1,375863.79482841736,0.0,375863.79482841736,23583.152020530266
iterative_q,9000031,172.0,0.0,1.0,1227.0252956418813,0.9265732237483267,0,1.0,0,2698.212548140589,1.5485767039865972,0,1.0,0,7547.392978707256,1.4960134424097618,0,1.0,0,0.0,sailing,yara_sluiskil,sailing_to_emitter,7500.0,sailing,oygarden_terminal,sailing_to_terminal,1600.0,loading,yara_sluiskil,loading,0.0,1,383003.4115958912,0.0,383003.4115958912,23653.680721685872
iterative_q,9000031,173.0,0.0,1.0,1261.5793561724693,1.3306190474709445,0,1.0,0,2763.801300353806,0.650538062930961,0,1.0,0,6883.743096647507,0.9080407575286652,0,1.0,0,0.0,sailing,yara_sluiskil,sailing_to_emitter,7500.0,sailing,oygarden_terminal,sailing_to_terminal,2400.0,loading,yara_sluiskil,loading,0.0,1,390114.1115958911,0.0,390114.1115958911,23653.680721685872
iterative_q,9000031,174.0,0.0,1.0,1311.2012128520414,0.4168874481032423,0,1.0,0,2791.3543299874054,0.5869712561045726,0,1.0,0,6166.503966208007,0.9957465156341175,0,1.0,0,0.0,sailing,yara_sluiskil,sailing_to_emitter,7500.0,sailing,oygarden_terminal,sailing_to_terminal,3200.0,loading,yara_sluiskil,loading,0.0,1,397224.81159589114,0.0,397224.81159589114,23653.680721685872
iterative_q,9000031,175.0,0.0,1.0,1326.7479058836043,0.4682623253846452,0,1.0,0,2816.21503735425,1.338227074017817,0,1.0,0,5457.258468395826,1.0763788608377791,0,1.0,0,0.0,sailing,yara_sluiskil,sailing_to_emitter,7500.0,sailing,oygarden_terminal,sailing_to_terminal,4000.0,loading,yara_sluiskil,loading,0.0,1,404335.51159589115,0.0,404335.51159589115,23653.680721685872
iterative_q,9000031,176.0,0.0,1.0,1344.2104835957591,1.0216921908669014,0,1.0,0,2872.8945959042485,0.7137048010196507,0,1.0,0,4755.361905702841,0.5043273717139143,0,1.0,0,0.0,sailing,yara_sluiskil,sailing_to_emitter,7500.0,unloading,oygarden_terminal,unloading,4800.0,loading,yara_sluiskil,loading,0.0,1,411031.0715958912,0.0,411031.0715958912,23653.680721685872
iterative_q,9000031,177.0,0.0,1.0,1382.311726089995,0.43783856030556056,0,1.0,0,2903.123003206872,1.3530907193356936,0,1.0,0,4001.327331188685,1.6020421140903371,0,1.0,0,0.0,sailing,yara_sluiskil,sailing_to_emitter,6700.0,unloading,oygarden_terminal,unloading,5600.0,loading,yara_sluiskil,loading,519.0677766579804,1,417866.2338074614,0.0,417866.2338074614,23934.612945027893
iterative_q,9000031,178.0,0.0,1.0,1398.6397260270612,0.9562347722396298,0,1.0,0,2960.4320998012113,1.1478990746797086,0,1.0,0,3347.34061029597,0.9085990332949636,0,1.0,0,0.0,sailing,yara_sluiskil,sailing_to_emitter,5900.0,unloading,oygarden_terminal,unloading,6400.0,loading,yara_sluiskil,loading,1049.756074363871,1,424696.631605402,0.0,424696.631605402,24203.924647322
iterative_q,9000031,179.0,0.0,1.0,1434.2998989866883,1.2742145047649251,0,1.0,0,3009.0504651563956,0.8481808160129547,0,1.0,0,2630.1520579802304,1.3458302701355138,0,1.0,0,0.0,sailing,yara_sluiskil,sailing_to_emitter,5100.0,unloading,oygarden_terminal,unloading,7200.0,loading,yara_sluiskil,loading,1585.9086116346978,1,431524.789065121,0.0,431524.789065121,24467.772110051174
iterative_q,9000031,180.0,0.0,1.0,1481.8182528847271,0.9644847848033766,0,1.0,0,3044.9744986448645,1.4822748909286176,0,1.0,0,2452.813503782248,0.768819413083528,0,1.0,0,0.0,sailing,yara_sluiskil,sailing_to_emitter,4300.0,unloading,oygarden_terminal,unloading,7500.0,idle,yara_sluiskil,idle,2125.3593463319385,1,434426.33176389505,0.0,434426.33176389505,24728.32137535393
iterative_q,9000031,181.0,0.0,1.0,1517.7860760325675,1.065192000154146,0,1.0,0,3107.7550895466316,1.3764761552563556,0,1.0,0,2522.885067438681,1.2409092126221346,0,1.0,0,0.0,sailing,yara_sluiskil,sailing_to_emitter,3500.0,unloading,oygarden_terminal,unloading,7500.0,sailing,oygarden_terminal,sailing_to_terminal,2667.0605732598406,1,435386.9342608546,0.0,435386.9342608546,24986.620148426027
iterative_q,9000031,182.0,0.0,1.0,1557.509493052236,1.01477052428956,0,1.0,0,3166.054657945209,1.0686415527310698,0,1.0,0,2635.98364882727,0.6302440362266883,0,1.0,0,0.0,loading,yara_sluiskil,loading,2700.0,unloading,oygarden_terminal,unloading,7500.0,sailing,oygarden_terminal,sailing_to_terminal,3210.41808541993,1,435931.71768086904,0.0,435931.71768086904,25243.26263626594
iterative_q,9000031,183.0,0.0,1.0,1595.352572180985,0.7365986262933162,0,1.0,0,3211.316133096156,0.2963945338715296,0,1.0,0,1893.4251226287015,0.5070542689002591,0,1.0,0,800.0,loading,yara_sluiskil,loading,1900.0,unloading,oygarden_terminal,unloading,7500.0,sailing,oygarden_terminal,sailing_to_terminal,3755.059949705412,1,442756.39451651194,0.0,442756.39451651194,25498.62077198046
iterative_q,9000031,184.0,0.0,1.0,1622.821990092576,0.5446374385871914,0,1.0,0,3223.8696912049704,1.23701097732484,0,1.0,0,1139.6388452785275,0.8889170569792864,0,1.0,0,1600.0,loading,yara_sluiskil,loading,1100.0,unloading,oygarden_terminal,unloading,7500.0,sailing,oygarden_terminal,sailing_to_terminal,4300.7369456926435,1,449580.6469481572,0.0,449580.6469481572,25752.943775993226
iterative_q,9000031,185.0,0.0,1.0,1643.1327407099923,1.770239476489116,0,1.0,0,3276.262321332958,0.6102557994605686,0,1.0,0,420.6560827828732,0.9676971931330257,0,1.0,0,2400.0,loading,yara_sluiskil,loading,300.0,unloading,oygarden_terminal,unloading,7500.0,sailing,oygarden_terminal,sailing_to_terminal,4847.273450520263,1,456404.54698117793,0.0,456404.54698117793,26006.407271165604
iterative_q,9000031,186.0,0.0,1.0,1709.1489272735014,0.6122435127457493,0,1.0,0,3302.1092272785636,0.8868205685025756,0,1.0,0,0.0,0.9027012651485143,0,1.0,0,2908.853395545884,idle,yara_sluiskil,idle,0.0,idle,oygarden_terminal,idle,7500.0,sailing,oygarden_terminal,sailing_to_terminal,4894.5407799982895,1,460927.2311791598,0.0,460927.2311791598,26259.13994168758
iterative_q,9000031,187.0,0.0,1.0,1731.9808525545802,0.5679400496223772,0,1.0,0,3339.6698171901644,1.1768958604479112,0,1.0,0,82.27343000636884,1.0012891401725779,0,1.0,0,2908.853395545884,sailing,celsio,sailing_to_emitter,0.0,idle,oygarden_terminal,idle,7500.0,sailing,oygarden_terminal,sailing_to_terminal,4642.441647967679,1,461860.8718232923,0.0,461860.8718232923,26511.23907371819
iterative_q,9000031,188.0,0.0,1.0,1753.160598967789,0.840614270554527,0,1.0,0,3389.516318673081,1.3447848105923343,0,1.0,0,173.5322269214472,1.2495855641302864,0,1.0,0,2908.853395545884,sailing,celsio,sailing_to_emitter,0.0,sailing,celsio,sailing_to_emitter,7500.0,sailing,oygarden_terminal,sailing_to_terminal,4390.900588776824,1,463209.42365756055,0.0,463209.42365756055,26762.780132909043
iterative_q,9000031,189.0,0.0,1.0,1784.5089679179907,1.0947311447427301,0,1.0,0,3446.473625014428,1.0698929787751181,0,1.0,0,287.4209997240388,1.4064700455451344,0,1.0,0,2908.853395545884,sailing,celsio,sailing_to_emitter,0.0,sailing,celsio,sailing_to_emitter,7500.0,sailing,oygarden_terminal,sailing_to_terminal,4139.857784793218,1,464557.77120719384,0.0,464557.77120719384,27013.82293689265
iterative_q,9000031,190.0,0.0,1.0,1825.333911661277,0.4256610283203117,0,1.0,0,3491.7881033343524,1.3087358794510071,0,1.0,0,415.6083224320355,1.6547112512642155,0,1.0,0,2908.853395545884,sailing,celsio,sailing_to_emitter,0.0,sailing,celsio,sailing_to_emitter,7500.0,sailing,oygarden_terminal,sailing_to_terminal,3889.264939124259,1,465905.93427391816,0.0,465905.93427391816,27264.41578256161
iterative_q,9000031,191.0,0.0,1.0,1841.2077495642477,1.196144453151896,0,1.0,0,3547.2185854595705,0.7577057999862441,0,1.0,0,566.4205277093438,1.6900192738144386,0,1.0,0,2908.853395545884,sailing,celsio,sailing_to_emitter,0.0,sailing,celsio,sailing_to_emitter,7500.0,sailing,oygarden_terminal,sailing_to_terminal,3639.0824292098937,1,467253.92910298303,0.0,467253.92910298303,27514.598292475974
iterative_q,9000031,192.0,0.0,1.0,1885.8146041516454,1.3967227138200693,0,1.0,0,3579.3106205766408,0.7816005528901853,0,1.0,0,720.4506318047208,1.1821547571111022,0,1.0,0,2908.853395545884,sailing,celsio,sailing_to_emitter,0.0,sailing,celsio,sailing_to_emitter,7500.0,sailing,oygarden_terminal,sailing_to_terminal,3389.2772913232193,1,468601.7692095166,0.0,468601.7692095166,27764.403430362647
iterative_q,9000031,193.0,0.0,1.0,1937.9014543694618,1.1968872237438883,0,1.0,0,3612.414699219471,0.34712380469593507,0,1.0,0,828.1933595114768,0.9666372749553706,0,1.0,0,2908.853395545884,sailing,celsio,sailing_to_emitter,0.0,sailing,celsio,sailing_to_emitter,7500.0,sailing,oygarden_terminal,sailing_to_terminal,3139.8217605373743,1,469949.4659771388,0.0,469949.4659771388,28013.858961148493
iterative_q,9000031,194.0,0.0,1.0,1982.5359941414554,0.9827738058595703,0,1.0,0,3627.1168558223044,0.7567214285229495,0,1.0,0,916.2935507244567,1.3651250161331128,0,1.0,0,2908.853395545884,sailing,celsio,sailing_to_emitter,0.0,sailing,celsio,sailing_to_emitter,7500.0,sailing,oygarden_terminal,sailing_to_terminal,2890.6921918137036,0,471297.0291003155,0.0,471297.0291003155,28262.988529872164
iterative_q,9000031,195.0,0.0,1.0,2019.1857708260818,0.8448728370444545,0,1.0,0,3659.167198657794,1.0133476474942302,0,1.0,0,1040.712181843967,0.9298766773606717,0,1.0,0,2908.853395545884,sailing,celsio,sailing_to_emitter,0.0,sailing,celsio,sailing_to_emitter,7500.0,sailing,oygarden_terminal,sailing_to_terminal,2890.6921918137036,0,472542.4491003155,0.0,472542.4491003155,28262.988529872164
iterative_q,9000031,196.0,0.0,1.0,2050.6929148281442,1.1285915065568919,0,1.0,0,3702.0867438028563,0.6655713974510449,0,1.0,0,1125.4618545041535,1.5857038606375486,0,1.0,0,2908.853395545884,sailing,celsio,sailing_to_emitter,0.0,sailing,celsio,sailing_to_emitter,7500.0,sailing,oygarden_terminal,sailing_to_terminal,2890.6921918137036,0,473787.8691003155,0.0,473787.8691003155,28262.988529872164
iterative_q,9000031,197.0,0.0,1.0,2092.780536636854,1.2397345499085954,0,1.0,0,3730.2764985339195,0.5079615228402408,0,1.0,0,1269.9840127696582,0.9554671261586869,0,1.0,0,2908.853395545884,sailing,celsio,sailing_to_emitter,0.0,sailing,celsio,sailing_to_emitter,7500.0,sailing,oygarden_terminal,sailing_to_terminal,2890.6921918137036,1,475033.28910031554,0.0,475033.28910031554,28262.988529872164
iterative_q,9000031,198.0,0.0,1.0,2139.012915829573,1.1269247234040827,0,1.0,0,3751.790810591984,0.9845366749549446,0,1.0,0,1357.0658905029845,1.6752483401515135,0,1.0,0,2908.853395545884,sailing,celsio,sailing_to_emitter,0.0,sailing,celsio,sailing_to_emitter,7500.0,sailing,oygarden_terminal,sailing_to_terminal,2617.202404800232,1,476390.83991299116,0.0,476390.83991299116,28536.478316885634
iterative_q,9000031,199.0,0.0,1.0,2181.0383661611654,1.1293821814222236,0,1.0,0,3793.490089582948,1.081396211389523,0,1.0,0,1509.7489707397056,0.5951642274472013,0,1.0,0,2908.853395545884,sailing,celsio,sailing_to_emitter,0.0,sailing,celsio,sailing_to_emitter,7500.0,sailing,oygarden_terminal,sailing_to_terminal,2353.904730180464,1,477744.2119595852,0.0,477744.2119595852,28799.7759915054
iterative_q,9000031,200.0,0.0,1.0,2223.1554536193257,1.1234299475519367,0,1.0,0,3839.2917783017215,0.6329543232773532,0,1.0,0,1563.9925348210288,1.2274582517318287,0,1.0,0,2908.853395545884,sailing,celsio,sailing_to_emitter,0.0,sailing,celsio,sailing_to_emitter,7500.0,sailing,oygarden_terminal,sailing_to_terminal,2095.1994303162815,1,479095.70113252953,0.0,479095.70113252953,29058.481291369582
iterative_q,9000031,201.0,0.0,1.0,2265.050562750485,1.1144457774536323,0,1.0,0,3866.1000624279445,1.04383552770119,0,1.0,0,1675.8636089183742,1.4462553054435257,0,1.0,0,2908.853395545884,sailing,celsio,sailing_to_emitter,0.0,sailing,celsio,sailing_to_emitter,7500.0,sailing,oygarden_terminal,sailing_to_terminal,1839.1959738401827,1,480446.08254968474,0.0,480446.08254968474,29314.48474784568
iterative_q,9000031,202.0,0.0,1.0,2306.610625133466,1.2160811977553296,0,1.0,0,3910.3108978366745,0.8986301945706302,0,1.0,0,1807.6758438934282,0.31820947600111993,0,1.0,0,2908.853395545884,sailing,celsio,sailing_to_emitter,0.0,sailing,celsio,sailing_to_emitter,7500.0,sailing,oygarden_terminal,sailing_to_terminal,1585.009072356927,1,481795.7191792929,0.0,481795.7191792929,29568.671649328935
iterative_q,9000031,203.0,0.0,1.0,2351.960882034632,1.0859120850847186,0,1.0,0,3948.3716752016408,0.8351403715458368,0,1.0,0,1836.6775500443846,1.0662956026261712,0,1.0,0,2908.853395545884,sailing,celsio,sailing_to_emitter,0.0,sailing,celsio,sailing_to_emitter,7500.0,sailing,oygarden_terminal,sailing_to_terminal,1332.1490488362272,1,483144.8117889364,0.0,483144.8117889364,29821.531672849636
iterative_q,9000031,204.0,0.0,1.0,2392.456849078798,0.8758491629317169,0,1.0,0,3983.743390888413,0.9717325897022407,0,1.0,0,1933.8599765157223,1.016876398022311,0,1.0,0,2908.853395545884,sailing,celsio,sailing_to_emitter,0.0,sailing,celsio,sailing_to_emitter,7500.0,sailing,oygarden_terminal,sailing_to_terminal,1080.3152009804558,1,484493.48366655724,0.0,484493.48366655724,30073.365520705407
iterative_q,9000031,205.0,0.0,1.0,2425.1191185371995,1.2672497501111581,0,1.0,0,4024.9003628869013,0.254108645621823,0,1.0,0,2026.5382571823286,0.05063226108598362,0,1.0,0,2908.853395545884,sailing,celsio,sailing_to_emitter,0.0,sailing,celsio,sailing_to_emitter,7500.0,sailing,oygarden_terminal,sailing_to_terminal,829.3089116639642,1,485841.81624517706,0.0,485841.81624517706,30324.371810021898
iterative_q,9000031,206.0,0.0,1.0,2472.377536883067,0.8783969002840439,0,1.0,0,4035.6629353510357,1.0620212844514283,0,1.0,0,2031.1528863184021,0.8635716189319844,0,1.0,0,2908.853395545884,sailing,celsio,sailing_to_emitter,0.0,sailing,celsio,sailing_to_emitter,7500.0,sailing,oygarden_terminal,sailing_to_terminal,578.9916870743069,1,487189.86630725884,0.0,487189.86630725884,30574.689034611554
iterative_q,9000031,207.0,0.0,1.0,2505.134805441737,1.2012249045277463,0,1.0,0,4080.644014229289,1.189334798473873,0,1.0,0,2109.8588287114403,1.1302425266047194,0,1.0,0,2908.853395545884,sailing,celsio,sailing_to_emitter,0.0,sailing,celsio,sailing_to_emitter,7500.0,sailing,oygarden_terminal,sailing_to_terminal,329.26280512484743,1,488537.6751488581,0.0,488537.6751488581,30824.417916561015
iterative_q,9000031,208.0,0.0,1.0,2549.9310023014264,0.7436938833404805,0,1.0,0,4131.017357180168,1.1481930754143492,0,1.0,0,2212.8690896369785,1.1126711143699055,0,1.0,0,2908.853395545884,sailing,celsio,sailing_to_emitter,0.0,sailing,celsio,sailing_to_emitter,7500.0,sailing,oygarden_terminal,sailing_to_terminal,80.0464990742764,1,489885.2738343388,0.0,489885.2738343388,31073.634222611585
iterative_q,9000031,209.0,0.0,1.0,2577.664903018797,1.214870204951763,0,1.0,0,4179.6481747059715,0.4310588855050351,0,1.0,0,2314.2778181701847,0.8713731939058019,0,1.0,0,2908.853395545884,sailing,celsio,sailing_to_emitter,0.0,sailing,celsio,sailing_to_emitter,7500.0,sailing,oygarden_terminal,sailing_to_terminal,0.0,1,491163.51289895934,0.0,491163.51289895934,31153.68072168586
iterative_q,9000031,210.0,0.0,1.0,2622.9699471806957,0.7167668057347822,0,1.0,0,4197.905335851371,0.9202199001095788,0,1.0,0,2393.69462118657,1.3786366953097595,0,1.0,0,2908.853395545884,sailing,celsio,sailing_to_emitter,0.0,sailing,celsio,sailing_to_emitter,7500.0,sailing,oygarden_terminal,sailing_to_terminal,0.0,1,492408.9328989594,0.0,492408.9328989594,31153.68072168586
iterative_q,9000031,211.0,0.0,1.0,2649.6996722415015,0.9450148971572254,0,1.0,0,4236.8805282681105,0.9297786810935038,0,1.0,0,2519.3432401029313,0.642368482552607,0,1.0,0,2908.853395545884,sailing,celsio,sailing_to_emitter,0.0,sailing,celsio,sailing_to_emitter,7500.0,sailing,oygarden_terminal,sailing_to_terminal,0.0,1,493654.35289895936,0.0,493654.35289895936,31153.68072168586
iterative_q,9000031,212.0,0.0,1.0,2684.941236772376,0.8966199758019964,0,1.0,0,4276.26057535934,0.8841032774444412,0,1.0,0,2577.88850703802,0.7792246374059255,0,1.0,0,2908.853395545884,sailing,celsio,sailing_to_emitter,0.0,sailing,celsio,sailing_to_emitter,7500.0,sailing,oygarden_terminal,sailing_to_terminal,0.0,1,494899.77289895935,0.0,494899.77289895935,31153.68072168586
iterative_q,9000031,213.0,0.0,1.0,2718.3780489835226,0.5722626275266436,0,1.0,0,4313.7060765385295,0.9521576180050504,0,1.0,0,2648.9067498404065,0.5629634562805435,0,1.0,0,2908.853395545884,sailing,celsio,sailing_to_emitter,0.0,sailing,celsio,sailing_to_emitter,7500.0,sailing,oygarden_terminal,sailing_to_terminal,0.0,1,496145.1928989594,0.0,496145.1928989594,31153.68072168586
iterative_q,9000031,214.0,0.0,1.0,2739.7189017972664,1.2536283228984328,0,1.0,0,4354.033965957561,0.6637082459786394,0,1.0,0,2700.214990978931,1.0198695011111563,0,1.0,0,2908.853395545884,sailing,celsio,sailing_to_emitter,0.0,sailing,celsio,sailing_to_emitter,7500.0,sailing,oygarden_terminal,sailing_to_terminal,0.0,1,497390.6128989594,0.0,497390.6128989594,31153.68072168586
iterative_q,9000031,215.0,0.0,1.0,2786.4692781643525,0.9748258445533146,0,1.0,0,4382.144808368722,1.0931604349908963,0,1.0,0,2793.1653792164952,1.123472380086023,0,1.0,0,2908.853395545884,sailing,celsio,sailing_to_emitter,0.0,sailing,celsio,sailing_to_emitter,7500.0,sailing,oygarden_terminal,sailing_to_terminal,0.0,1,498636.0328989594,0.0,498636.0328989594,31153.68072168586
iterative_q,9000031,216.0,0.0,1.0,2822.8225313259013,1.122359307300107,0,1.0,0,4428.444761554981,1.4126874501498683,0,1.0,0,2895.5580059409167,1.21076591882411,0,1.0,0,2908.853395545884,sailing,celsio,sailing_to_emitter,0.0,sailing,celsio,sailing_to_emitter,7500.0,sailing,oygarden_terminal,sailing_to_terminal,0.0,1,499881.4528989594,0.0,499881.4528989594,31153.68072168586
iterative_q,9000031,217.0,0.0,1.0,2864.6776017528277,0.7093562684163607,0,1.0,0,4488.278030959117,1.4123813107232477,0,1.0,0,3005.9064344708263,1.4972536713624733,0,1.0,0,2908.853395545884,sailing,celsio,sailing_to_emitter,0.0,sailing,celsio,sailing_to_emitter,7500.0,sailing,oygarden_terminal,sailing_to_terminal,0.0,1,501126.87289895944,0.0,501126.87289895944,31153.68072168586
iterative_q,9000031,218.0,0.0,1.0,2891.1309412514365,0.8053384475005132,0,1.0,0,4548.098334067853,1.225609789809064,0,1.0,0,3142.365072525949,1.086532757083805,0,1.0,0,2908.853395545884,sailing,celsio,sailing_to_emitter,0.0,sailing,celsio,sailing_to_emitter,7500.0,sailing,oygarden_terminal,sailing_to_terminal,0.0,1,502372.2928989595,0.0,502372.2928989595,31153.68072168586
iterative_q,9000031,219.0,0.0,1.0,2921.163646795779,0.935911380553479,0,1.0,0,4600.0080758371405,0.8486277432339988,0,1.0,0,3241.3908248571474,1.0749603837519455,0,1.0,0,2908.853395545884,sailing,celsio,sailing_to_emitter,0.0,sailing,celsio,sailing_to_emitter,7500.0,sailing,oygarden_terminal,sailing_to_terminal,0.0,1,503617.71289895946,0.0,503617.71289895946,31153.68072168586
iterative_q,9000031,220.0,0.0,1.0,2956.0656764612527,0.8856824708090747,0,1.0,0,4635.951038577666,0.7778837598159092,0,1.0,0,3339.3618080406964,0.8747257153692354,0,1.0,0,2908.853395545884,sailing,celsio,sailing_to_emitter,0.0,loading,celsio,loading,7500.0,sailing,oygarden_terminal,sailing_to_terminal,0.0,1,504447.99289895943,0.0,504447.99289895943,31153.68072168586
iterative_q,9000031,221.0,0.0,1.0,2989.0945622192667,1.6821785804400724,0,1.0,0,3868.897695363801,0.8974011416041301,0,1.0,0,3419.0835137390477,0.504590146327735,0,1.0,0,2908.853395545884,sailing,celsio,sailing_to_emitter,800.0,loading,celsio,loading,7500.0,sailing,oygarden_terminal,sailing_to_terminal,0.0,1,511558.69289895945,0.0,511558.69289895945,31153.68072168586
iterative_q,9000031,222.0,0.0,1.0,3051.826384345002,0.6301723954433375,0,1.0,0,3106.906417153949,0.6910617702838863,0,1.0,0,3465.0713666907845,1.2521690436647126,0,1.0,0,2908.853395545884,sailing,celsio,sailing_to_emitter,1600.0,loading,celsio,loading,7500.0,sailing,oygarden_terminal,sailing_to_terminal,0.0,1,518669.3928989595,0.0,518669.3928989595,31153.68072168586
iterative_q,9000031,223.0,0.0,1.0,3075.326776466737,1.066673658270102,0,1.0,0,2336.175796641895,0.8929995567979728,0,1.0,0,3579.192746065905,0.9781660445645644,0,1.0,0,2908.853395545884,sailing,celsio,sailing_to_emitter,2400.0,loading,celsio,loading,7500.0,sailing,oygarden_terminal,sailing_to_terminal,0.0,1,525780.0928989594,0.0,525780.0928989594,31153.68072168586
iterative_q,9000031,224.0,0.0,1.0,3115.105169464272,0.855928328182674,0,1.0,0,1573.9980927584206,1.3196072598060642,0,1.0,0,3668.341712625044,1.2972192786141443,0,1.0,0,2908.853395545884,sailing,celsio,sailing_to_emitter,3200.0,loading,celsio,loading,7500.0,sailing,oygarden_terminal,sailing_to_terminal,0.0,1,532890.7928989594,0.0,532890.7928989594,31153.68072168586
iterative_q,9000031,225.0,0.0,1.0,3147.024442687362,1.3680902683228942,0,1.0,0,829.8890236754148,0.9470647559406911,0,1.0,0,3786.5687495536267,1.2150865116312959,0,1.0,0,2908.853395545884,sailing,celsio,sailing_to_emitter,4000.0,loading,celsio,loading,7500.0,sailing,oygarden_terminal,sailing_to_terminal,0.0,1,540001.4928989594,0.0,540001.4928989594,31153.68072168586
iterative_q,9000031,226.0,0.0,1.0,3198.0432458203954,1.2111227046754522,0,1.0,0,70.00120891451411,0.7960684780562274,0,1.0,0,3897.310221440996,0.7545437328422194,0,1.0,0,2908.853395545884,sailing,celsio,sailing_to_emitter,4800.0,loading,celsio,loading,7500.0,unloading,oygarden_terminal,unloading,0.0,1,546697.0528989594,0.0,546697.0528989594,31153.68072168586
iterative_q,9000031,227.0,0.0,1.0,3243.2084095006985,0.8310736231647399,0,1.0,0,0.0,0.9058484636846146,0,1.0,0,3966.0783472908583,1.3955795539185702,0,1.0,0,2908.853395545884,sailing,celsio,sailing_to_emitter,4903.7180651848985,idle,celsio,idle,6700.0,unloading,oygarden_terminal,unloading,514.6118721461187,1,548067.8632950654,0.0,548067.8632950654,31439.068849539744
iterative_q,9000031,228.0,0.0,1.0,3274.200785447844,0.9516898334446121,0,1.0,0,38.36650149416632,1.2205982723762479,0,1.0,0,4093.269543330792,1.1355913931323354,0,1.0,0,2908.853395545884,sailing,celsio,sailing_to_emitter,4903.7180651848985,sailing,brevik,sailing_to_emitter,5900.0,unloading,oygarden_terminal,unloading,1031.0127478804368,1,549038.8389360142,0.0,549038.8389360142,31722.667973805426
iterative_q,9000031,229.0,0.0,1.0,3309.6911722625855,1.3148820989850512,0,1.0,0,90.06398437161675,1.442123015471421,0,1.0,0,4196.765700835719,0.7224090426682979,0,1.0,0,2908.853395545884,sailing,celsio,sailing_to_emitter,4903.7180651848985,sailing,brevik,sailing_to_emitter,5100.0,unloading,oygarden_terminal,unloading,1555.1711009192727,1,550006.6340112684,0.0,550006.6340112684,31998.509620766592
iterative_q,9000031,230.0,0.0,1.0,3358.725705532416,0.6352039086363979,0,1.0,0,151.14397406746468,0.916275290579639,0,1.0,0,4262.604967979626,0.790220358164939,0,1.0,0,2908.853395545884,loading,celsio,loading,4903.7180651848985,sailing,brevik,sailing_to_emitter,4300.0,unloading,oygarden_terminal,unloading,2084.279001461022,1,550557.2597720461,0.0,550557.2597720461,32269.401720224843
iterative_q,9000031,231.0,0.0,1.0,3382.413701109109,0.9526367070038654,0,1.0,0,0.0,1.1933244923507784,0,1.0,0,4334.624402874612,0.7922360956473691,0,1.0,0,3098.8054911860213,idle,celsio,idle,4903.7180651848985,sailing,brevik,sailing_to_emitter,3500.0,unloading,oygarden_terminal,unloading,2616.9357780386867,1,552597.6541692746,0.0,552597.6541692746,32536.74494364718
iterative_q,9000031,232.0,0.0,1.0,3417.939380602225,0.5633421794980937,0,1.0,0,0.0,0.6097789655849739,0,1.0,0,4406.827495819064,0.8539553044434953,0,1.0,0,3149.3478144931364,idle,celsio,idle,4903.7180651848985,sailing,brevik,sailing_to_emitter,2700.0,unloading,oygarden_terminal,unloading,3152.3110017066306,1,553542.4941002514,0.0,553542.4941002514,32801.36971997924
iterative_q,9000031,233.0,0.0,1.0,3438.9475050495635,1.4307615506087403,0,1.0,0,0.0,0.9583264060541246,0,1.0,0,4484.655518586653,1.4892288317714242,0,1.0,0,3175.174524513779,idle,celsio,idle,4903.7180651848985,sailing,brevik,sailing_to_emitter,1900.0,unloading,oygarden_terminal,unloading,3689.860826368511,1,554292.4119048248,0.0,554292.4119048248,33063.819895317356
iterative_q,9000031,234.0,0.0,1.0,3492.3033746568867,1.072104199345339,0,1.0,0,0.0,0.9104264201596147,0,1.0,0,4620.381181997751,0.626336350488069,0,1.0,0,3215.763688114299,idle,celsio,idle,4903.7180651848985,loading,brevik,loading,1100.0,unloading,oygarden_terminal,unloading,4229.204795367565,1,554742.3471211102,0.0,554742.3471211102,33324.4759263183
iterative_q,9000031,235.0,0.0,1.0,2732.284210483683,0.957506895226779,0,1.0,0,0.0,1.2795607062568828,0,1.0,0,4677.464319511658,0.6626836555935961,0,1.0,0,3254.324085365846,idle,celsio,idle,5703.7180651848985,loading,brevik,loading,300.0,unloading,oygarden_terminal,unloading,4770.063864994168,1,561456.1542651965,0.0,561456.1542651965,33583.6168566917
iterative_q,9000031,236.0,0.0,1.0,1967.9914848499561,1.0173535776004123,0,1.0,0,0.0,1.2158475301410252,0,1.0,0,4737.860038843258,1.560595893370337,0,1.0,0,3308.5188759037624,idle,celsio,idle,6503.7180651848985,loading,brevik,loading,0.0,idle,oygarden_terminal,idle,4812.2259361486995,1,568276.9028740107,0.0,568276.9028740107,33841.454785537164
iterative_q,9000031,237.0,0.0,1.0,1205.9305510428374,0.944351208153509,0,1.0,0,0.0,1.4304733273095098,0,1.0,0,4880.089655463969,0.8130980233963372,0,1.0,0,3360.015144818422,idle,celsio,idle,7303.7180651848985,loading,brevik,loading,0.0,sailing,yara_sluiskil,sailing_to_emitter,4555.525222259286,1,575481.9829132267,0.0,575481.9829132267,34098.155499426575
iterative_q,9000031,238.0,0.0,1.0,1044.8652783792902,1.2457623162285234,0,1.0,0,0.0,1.4336424191187198,0,1.0,0,4954.193742465363,0.7135208381463605,0,1.0,0,3420.6017211055278,idle,celsio,idle,7500.0,idle,brevik,idle,0.0,sailing,yara_sluiskil,sailing_to_emitter,4299.829181961721,1,578018.5109578694,0.0,578018.5109578694,34353.85153972414
iterative_q,9000031,239.0,0.0,1.0,1091.3221295744265,0.9782163753865319,0,1.0,0,0.0,1.0161452727971623,0,1.0,0,5019.2225211304085,1.2974319001108099,0,1.0,0,3481.3225217916447,idle,celsio,idle,7500.0,sailing,oygarden_terminal,sailing_to_terminal,0.0,sailing,yara_sluiskil,sailing_to_emitter,4045.029863478192,1,579429.9488422539,0.0,579429.9488422539,34608.65085820767
iterative_q,9000031,240.0,0.0,1.0,1127.8016768237035,0.7961101374788593,0,1.0,0,0.0,1.1545158127613715,0,1.0,0,5137.467630915238,1.1599499878497763,0,1.0,0,3524.3605581630745,idle,celsio,idle,7500.0,sailing,oygarden_terminal,sailing_to_terminal,0.0,sailing,yara_sluiskil,sailing_to_emitter,3791.037958089767,1,580702.2367039481,0.0,580702.2367039481,34862.64276359609
iterative_q,9000031,241.0,0.0,1.0,1157.4901308867804,1.153469657116122,0,1.0,0,0.0,0.42810363461532996,0,1.0,0,5243.182861760444,0.6105268399163989,0,1.0,0,3573.259170272185,idle,celsio,idle,7500.0,sailing,oygarden_terminal,sailing_to_terminal,0.0,sailing,yara_sluiskil,sailing_to_emitter,3537.778588987456,1,582020.2328221078,0.0,582020.2328221078,35115.90213269841
iterative_q,9000031,242.0,0.0,1.0,1200.5051909978836,0.8595526479564459,0,1.0,0,0.0,0.8883705862136351,0,1.0,0,5298.82486274921,1.0977132863054582,0,1.0,0,3591.391164083068,idle,celsio,idle,7500.0,sailing,oygarden_terminal,sailing_to_terminal,0.0,sailing,yara_sluiskil,sailing_to_emitter,3285.1882516841383,1,583096.4205311144,0.0,583096.4205311144,35368.49247000172
iterative_q,9000031,243.0,0.0,1.0,1232.5595260587102,1.0109629817364194,0,1.0,0,0.0,0.6446707868318419,0,1.0,0,5398.867833616902,0.8055938947324695,0,1.0,0,3629.017403779607,idle,celsio,idle,7500.0,sailing,oygarden_terminal,sailing_to_terminal,0.0,sailing,yara_sluiskil,sailing_to_emitter,3033.2125417889697,1,584325.3963075652,0.0,584325.3963075652,35620.46817989689
iterative_q,9000031,244.0,0.0,1.0,1270.260231203252,0.6721006557316911,0,1.0,0,0.0,0.8213803172524319,0,1.0,0,5472.2876858665895,1.3450783367022545,0,1.0,0,3656.3219295339727,idle,celsio,idle,7500.0,sailing,oygarden_terminal,sailing_to_terminal,0.0,sailing,yara_sluiskil,sailing_to_emitter,2781.8044351502685,1,585473.1084933347,0.0,585473.1084933347,35871.87628653559
iterative_q,9000031,245.0,0.0,1.0,1295.3241208116124,1.0448211283431792,0,1.0,0,0.0,0.5734836595597328,0,1.0,0,5594.874737221303,0.5285421508321128,0,1.0,0,3691.1108489090307,idle,celsio,idle,7500.0,sailing,oygarden_terminal,sailing_to_terminal,0.0,sailing,yara_sluiskil,sailing_to_emitter,2530.922964262829,1,586679.3611776755,0.0,586679.3611776755,36122.75775742303
iterative_q,9000031,246.0,0.0,1.0,1334.2874461444706,0.7207016120426245,0,1.0,0,0.0,0.8826430628318543,0,1.0,0,5643.04470203814,0.8925687829924702,0,1.0,0,3715.400299698494,idle,celsio,idle,7500.0,sailing,oygarden_terminal,sailing_to_terminal,0.0,sailing,yara_sluiskil,sailing_to_emitter,2280.5321845777457,1,587802.9863380053,0.0,587802.9863380053,36373.148537108114
iterative_q,9000031,247.0,0.0,1.0,1361.163746879732,1.2944985993859663,0,1.0,0,0.0,1.0764889124206545,0,1.0,0,5724.391052935092,0.5354705622039362,0,1.0,0,3752.783954632576,idle,celsio,idle,7500.0,sailing,oygarden_terminal,sailing_to_terminal,0.0,sailing,yara_sluiskil,sailing_to_emitter,2030.6003566100596,1,589029.2197051236,0.0,589029.2197051236,36623.0803650758
iterative_q,9000031,248.0,0.0,1.0,1409.4379944732434,0.5912156495312989,0,1.0,0,0.0,0.7048069179088701,0,1.0,0,5773.19238349443,0.9791815535202993,0,1.0,0,3798.3777985508455,idle,celsio,idle,7500.0,sailing,oygarden_terminal,sailing_to_terminal,0.0,sailing,yara_sluiskil,sailing_to_emitter,1781.099291182569,1,590319.7307534752,0.0,590319.7307534752,36872.58143050329
iterative_q,9000031,249.0,0.0,1.0,1431.4855162459232,1.1079248502552097,0,1.0,0,0.0,1.2077668656132168,0,1.0,0,5862.43226130328,1.0977166036946617,0,1.0,0,3828.229342990252,idle,celsio,idle,7500.0,sailing,oygarden_terminal,sailing_to_terminal,0.0,sailing,yara_sluiskil,sailing_to_emitter,1532.0038197156841,1,591486.4901926868,0.0,591486.4901926868,37121.676901970175
iterative_q,9000031,250.0,0.0,1.0,1472.8020691698898,1.0398871660807216,0,1.0,0,0.0,0.8453827719339887,0,1.0,0,5962.4750196808245,1.225922796380157,0,1.0,0,3879.3833616940774,idle,celsio,idle,7500.0,sailing,oygarden_terminal,sailing_to_terminal,0.0,sailing,yara_sluiskil,sailing_to_emitter,1283.2913615721704,1,592820.3282032105,0.0,592820.3282032105,37370.38936011369
iterative_q,9000031,251.0,0.0,1.0,1511.581365626441,0.9953293105727375,0,1.0,0,0.0,0.8648039976230742,0,1.0,0,6074.202042422424,0.7504453808153233,0,1.0,0,3915.188886219248,idle,celsio,idle,7500.0,sailing,oygarden_terminal,sailing_to_terminal,0.0,sailing,yara_sluiskil,sailing_to_emitter,1034.9415675899968,1,594033.5237841662,0.0,594033.5237841662,37618.73915409586
iterative_q,9000031,252.0,0.0,1.0,1548.6990120936903,1.0742120762253475,0,1.0,0,0.0,0.9366335948899953,0,1.0,0,6142.595392099134,0.968545773156887,0,1.0,0,3951.8169815322394,idle,celsio,idle,7500.0,sailing,oygarden_terminal,sailing_to_terminal,0.0,sailing,yara_sluiskil,sailing_to_emitter,786.9360240437414,1,595253.0358349773,0.0,595253.0358349773,37866.74469764212
iterative_q,9000031,253.0,0.0,1.0,1588.7583344079,1.5813465539181446,0,1.0,0,0.0,1.0090711968782577,0,1.0,0,6230.865694957316,1.099102759000628,0,1.0,0,3991.4873631230666,idle,celsio,idle,7500.0,sailing,oygarden_terminal,sailing_to_terminal,0.0,sailing,yara_sluiskil,sailing_to_emitter,539.2580049900175,1,596496.2971452276,0.0,596496.2971452276,38114.422716695844
iterative_q,9000031,254.0,0.0,1.0,1647.72961438481,1.45760306050435,0,1.0,0,0.0,1.4845596708095599,0,1.0,0,6331.034489013819,0.46507039043942355,0,1.0,0,4034.225782555027,idle,celsio,idle,7500.0,sailing,oygarden_terminal,sailing_to_terminal,0.0,sailing,yara_sluiskil,sailing_to_emitter,291.8922636909414,1,597763.5161293712,0.0,597763.5161293712,38361.788457994924
iterative_q,9000031,255.0,0.0,1.0,1702.0862649421445,0.7784733794213237,0,1.0,0,62.877360962356995,1.0995265367893219,0,1.0,0,6373.419521288994,0.557121469004874,0,1.0,0,4034.225782555027,sailing,brevik,sailing_to_emitter,7500.0,sailing,oygarden_terminal,sailing_to_terminal,0.0,sailing,yara_sluiskil,sailing_to_emitter,44.82485585327018,1,599110.2337665848,0.0,599110.2337665848,38608.85586583259
iterative_q,9000031,256.0,0.0,1.0,1731.1169385128485,0.8359471750524644,0,1.0,0,109.44694539926388,1.0652500044308824,0,1.0,0,6424.193757986594,1.025140078233229,0,1.0,0,4034.225782555027,sailing,brevik,sailing_to_emitter,7500.0,sailing,oygarden_terminal,sailing_to_terminal,0.0,sailing,yara_sluiskil,sailing_to_emitter,0.0,1,600374.0319574845,0.0,600374.0319574845,38653.680721685865
iterative_q,9000031,257.0,0.0,1.0,1762.290908359787,0.6849324335814788,0,1.0,0,154.56477418093044,1.2157267578254012,0,1.0,0,6517.621618176291,0.7775437832871771,0,1.0,0,4034.225782555027,sailing,brevik,sailing_to_emitter,7500.0,sailing,oygarden_terminal,sailing_to_terminal,0.0,sailing,yara_sluiskil,sailing_to_emitter,0.0,1,601619.4519574845,0.0,601619.4519574845,38653.680721685865
iterative_q,9000031,258.0,0.0,1.0,1787.8332634672315,0.9713646022296559,0,1.0,0,206.05592787884717,0.4344949720246004,0,1.0,0,6588.484322711659,1.159586390929832,0,1.0,0,4034.225782555027,sailing,brevik,sailing_to_emitter,7500.0,sailing,oygarden_terminal,sailing_to_terminal,0.0,sailing,yara_sluiskil,sailing_to_emitter,0.0,1,602864.8719574846,0.0,602864.8719574846,38653.680721685865
iterative_q,9000031,259.0,0.0,1.0,1824.0571804560966,0.8779831945811336,0,1.0,0,224.45862177489104,0.7334972713741239,0,1.0,0,6694.165017690851,1.2337204943839382,0,1.0,0,4034.225782555027,sailing,brevik,sailing_to_emitter,7500.0,sailing,oygarden_terminal,sailing_to_terminal,0.0,sailing,yara_sluiskil,sailing_to_emitter,0.0,1,604110.2919574846,0.0,604110.2919574846,38653.680721685865
iterative_q,9000031,260.0,0.0,1.0,1856.7987322021975,1.297053086786023,0,1.0,0,255.5253236420813,0.43533445742386934,0,1.0,0,6806.60195591798,1.2144876675608818,0,1.0,0,4034.225782555027,sailing,brevik,sailing_to_emitter,7500.0,sailing,oygarden_terminal,sailing_to_terminal,0.0,sailing,yara_sluiskil,sailing_to_emitter,0.0,1,605355.7119574845,0.0,605355.7119574845,38653.680721685865
iterative_q,9000031,261.0,0.0,1.0,1905.1681362953589,1.2221828066363214,0,1.0,0,273.9635732840547,0.7712233556775103,0,1.0,0,6917.286000714265,0.5796125738638225,0,1.0,0,4034.225782555027,loading,brevik,loading,7500.0,sailing,oygarden_terminal,sailing_to_terminal,0.0,sailing,yara_sluiskil,sailing_to_emitter,0.0,1,606185.9919574845,0.0,606185.9919574845,38653.680721685865
iterative_q,9000031,262.0,0.0,1.0,1150.7454878631154,1.099005709029213,0,1.0,0,306.6281338746648,0.6365603737871652,0,1.0,0,6970.1097698938065,0.7853950828864367,0,1.0,0,4834.225782555027,loading,brevik,loading,7500.0,sailing,oygarden_terminal,sailing_to_terminal,0.0,sailing,yara_sluiskil,sailing_to_emitter,0.0,1,613296.6919574846,0.0,613296.6919574846,38653.680721685865
iterative_q,9000031,263.0,0.0,0.7234824887194453,391.7293417058454,0.6995565975881681,0,1.0,0,333.58914944308714,1.4575510047141,0,1.0,0,7041.687751365997,1.105162879182954,0,1.0,0,5634.225782555027,loading,brevik,loading,7500.0,sailing,oygarden_terminal,sailing_to_terminal,0.0,sailing,yara_sluiskil,sailing_to_emitter,0.0,1,620407.3919574845,0.0,620407.3919574845,38653.680721685865
iterative_q,9000031,264.0,0.0,0.7234824887194453,0.0,0.8611740364056927,0,1.0,0,395.32257952776513,0.6624755049632289,0,1.0,0,7142.4081042919315,0.9372267978399654,0,1.0,0,6052.042814708538,idle,brevik,idle,7500.0,sailing,oygarden_terminal,sailing_to_terminal,0.0,sailing,yara_sluiskil,sailing_to_emitter,0.0,1,624517.7550138315,0.0,624517.7550138315,38653.680721685865
iterative_q,9000031,265.0,0.0,0.7234824887194453,0.0,1.006747975134355,0,1.0,0,423.3812101596868,0.782034216496412,0,1.0,0,7227.8233369516265,0.6571265137696625,0,1.0,0,6084.157496413625,idle,brevik,idle,7500.0,sailing,oygarden_terminal,sailing_to_terminal,0.0,sailing,yara_sluiskil,sailing_to_emitter,0.0,1,625600.1521254244,0.0,625600.1521254244,38653.680721685865
iterative_q,9000031,266.0,0.0,0.7234824887194453,0.0,1.1763244440098573,0,1.0,0,456.5036562845666,2.179157236842357,0,1.0,0,7287.711266880774,1.5421593370083908,0,1.0,0,6121.700878134367,idle,brevik,idle,7500.0,sailing,oygarden_terminal,sailing_to_terminal,0.0,sailing,yara_sluiskil,sailing_to_emitter,0.0,1,626725.1673822075,0.0,626725.1673822075,38653.680721685865
iterative_q,9000031,267.0,0.0,0.7234824887194453,0.0,0.6962158185095995,0,1.0,0,548.8001525917509,1.1127589303174634,0,1.0,0,7428.257509471327,1.002858147744968,0,1.0,0,6165.568054045431,idle,brevik,idle,7500.0,unloading,oygarden_terminal,unloading,0.0,sailing,yara_sluiskil,sailing_to_emitter,0.0,1,627484.6877433767,0.0,627484.6877433767,38653.680721685865
iterative_q,9000031,268.0,0.0,0.7234824887194453,0.0,1.0862817924047168,0,1.0,0,595.9301846823457,1.4632438695987737,0,1.0,0,7519.653928449865,0.587579153292207,0,1.0,0,6191.531143586157,idle,brevik,idle,6700.0,unloading,oygarden_terminal,unloading,0.0,sailing,yara_sluiskil,sailing_to_emitter,514.6118721461187,1,628245.0807593137,0.0,628245.0807593137,38939.06884953975
iterative_q,9000031,269.0,0.0,0.7234824887194453,0.0,1.6305807904196694,0,1.0,0,657.904731596008,1.0013893516755485,0,1.0,0,7573.203466954172,0.9157909525285703,0,1.0,0,6232.0404600296115,idle,brevik,idle,5900.0,unloading,oygarden_terminal,unloading,0.0,sailing,yara_sluiskil,sailing_to_emitter,1037.8075267995398,1,629116.1499423779,0.0,629116.1499423779,39215.87319488633
iterative_q,9000031,270.0,0.0,0.7234824887194453,0.0,1.0927728945033035,0,1.0,0,700.3177924969741,1.3867767762435261,0,1.0,0,7656.66481262458,0.7522755672000443,0,1.0,0,6292.847610889255,idle,brevik,idle,5100.0,unloading,oygarden_terminal,unloading,0.0,sailing,yara_sluiskil,sailing_to_emitter,1568.0660237688119,1,630143.6720166231,0.0,630143.6720166231,39485.61469791706
iterative_q,9000031,271.0,0.0,0.7234824887194453,0.0,1.0547585430679118,0,1.0,0,759.053635621776,1.2086248249594855,0,1.0,0,7725.224001620724,0.9099637429056455,0,1.0,0,6333.598977488614,idle,brevik,idle,4300.0,unloading,oygarden_terminal,unloading,0.0,sailing,yara_sluiskil,sailing_to_emitter,2102.7999502553184,1,631011.910729036,0.0,631011.910729036,39750.88077143055
iterative_q,9000031,272.0,0.0,0.7234824887194453,0.0,0.8133084125832946,0,1.0,0,810.2439925210723,1.257216653356401,0,1.0,0,7808.154157916102,0.9472115391170056,0,1.0,0,6372.932717703898,idle,brevik,idle,3500.0,unloading,oygarden_terminal,unloading,0.0,sailing,yara_sluiskil,sailing_to_emitter,2640.7111882979675,1,631867.717632342,0.0,631867.717632342,40012.9695333879
iterative_q,9000031,273.0,0.0,0.7234824887194453,0.0,1.3201890758029085,0,1.0,0,863.4924182161265,0.8489011398067459,0,1.0,0,7894.4788536493,0.9776716117698979,0,1.0,0,6403.262366966888,idle,brevik,idle,2700.0,unloading,oygarden_terminal,unloading,0.0,sailing,yara_sluiskil,sailing_to_emitter,3181.0333173367026,1,632651.8492292166,0.0,632651.8492292166,40272.64740434916
iterative_q,9000031,274.0,0.0,0.7234824887194453,0.0,1.0383964005237611,0,1.0,0,899.4469604541475,1.2894175505168057,0,1.0,0,7983.579480997605,0.5540034404269667,0,1.0,0,6452.494447402928,idle,brevik,idle,1900.0,unloading,oygarden_terminal,unloading,0.0,sailing,yara_sluiskil,sailing_to_emitter,3723.2679098863564,1,633583.5907245363,0.0,633583.5907245363,40530.412811799506
iterative_q,9000031,275.0,0.0,0.7234824887194453,0.0,0.9396380520052192,0,1.0,0,954.0592299029272,0.8742633446532765,0,1.0,0,8034.068844922534,0.9646416123430154,0,1.0,0,6491.217995761205,idle,brevik,idle,1100.0,unloading,oygarden_terminal,unloading,0.0,sailing,yara_sluiskil,sailing_to_emitter,4267.069039309529,1,634432.1924459483,0.0,634432.1924459483,40786.61168237634
iterative_q,9000031,276.0,0.0,0.7234824887194453,0.0,1.0142432230524978,0,1.0,0,991.0879684432546,0.8765246678312617,0,1.0,0,8121.981847013984,0.65452090010971,0,1.0,0,6526.258673553855,idle,brevik,idle,300.0,unloading,oygarden_terminal,unloading,0.0,sailing,yara_sluiskil,sailing_to_emitter,4812.185042256678,1,635251.3426017681,0.0,635251.3426017681,41041.49567942919
iterative_q,9000031,277.0,0.0,0.7234824887194453,0.0,1.0889027779574578,0,1.0,0,1028.212483553908,0.9532069245462443,0,1.0,0,8181.631829164506,0.9568910461665658,0,1.0,0,6564.081497127665,idle,brevik,idle,0.0,idle,oygarden_terminal,idle,0.0,sailing,yara_sluiskil,sailing_to_emitter,4858.426149501227,1,636076.6102698346,0.0,636076.6102698346,41295.25457218464
iterative_q,9000031,278.0,0.0,0.7234824887194453,0.0,0.9867841709362644,0,1.0,0,1068.5848155288354,1.3973947760570666,0,1.0,0,8268.838352060588,1.1817112465669335,0,1.0,0,6604.688493651921,idle,brevik,idle,0.0,sailing,yara_sluiskil,sailing_to_emitter,0.0,sailing,yara_sluiskil,sailing_to_emitter,4605.645155196659,1,637329.316718888,0.0,637329.316718888,41548.035566489205
iterative_q,9000031,279.0,0.0,0.7234824887194453,0.0,0.8090492847500218,0,1.0,0,1127.770375711228,0.7840108684479403,0,1.0,0,8376.533845222137,0.8676017176932542,0,1.0,0,6641.4873114742895,idle,brevik,idle,0.0,sailing,yara_sluiskil,sailing_to_emitter,0.0,sailing,yara_sluiskil,sailing_to_emitter,4353.725215338017,1,638551.773933515,0.0,638551.773933515,41799.95550634785
iterative_q,9000031,280.0,0.0,0.7234824887194453,0.0,0.5893502826228225,0,1.0,0,1160.9765413798198,0.623204181227895,0,1.0,0,8455.602844890343,1.674548554430356,0,1.0,0,6671.658095042987,idle,brevik,idle,0.0,sailing,yara_sluiskil,sailing_to_emitter,0.0,sailing,yara_sluiskil,sailing_to_emitter,4102.571798887386,1,639721.8833249355,0.0,639721.8833249355,42051.10892279848
iterative_q,9000031,281.0,0.0,0.7234824887194453,0.0,1.4070051483582664,0,1.0,0,1187.3718658836492,0.9639812149939432,0,1.0,0,8608.212941267655,0.7882289058225056,0,1.0,0,6693.635936563207,idle,brevik,idle,0.0,sailing,yara_sluiskil,sailing_to_emitter,0.0,sailing,yara_sluiskil,sailing_to_emitter,3852.107183520739,1,640827.3914115363,0.0,640827.3914115363,42301.573538165125
iterative_q,9000031,282.0,0.0,0.7234824887194453,0.0,1.0143840933524615,0,1.0,0,1228.2005344834452,0.4792011375898442,0,1.0,0,8680.048183388019,0.8983760781584045,0,1.0,0,6746.105464626925,idle,brevik,idle,0.0,sailing,yara_sluiskil,sailing_to_emitter,0.0,sailing,yara_sluiskil,sailing_to_emitter,3602.2665768526977,1,642172.0194020726,0.0,642172.0194020726,42551.414144833165
iterative_q,9000031,283.0,0.0,0.7234824887194453,0.0,0.9966419989407369,0,1.0,0,1248.4967229723711,1.1026892627073337,0,1.0,0,8761.921627978163,1.0400927535893014,0,1.0,0,6783.9335039572625,idle,brevik,idle,0.0,sailing,yara_sluiskil,sailing_to_emitter,0.0,sailing,yara_sluiskil,sailing_to_emitter,3352.995312750922,1,643401.4705888182,0.0,643401.4705888182,42800.68540893494
iterative_q,9000031,284.0,0.0,0.7234824887194453,0.0,0.9177053354794926,0,1.0,0,1295.2002621859583,1.090948243636342,0,1.0,0,8856.710342744187,0.07307316187120128,0,1.0,0,6821.099904637653,idle,brevik,idle,0.0,sailing,yara_sluiskil,sailing_to_emitter,0.0,sailing,yara_sluiskil,sailing_to_emitter,3104.246780037793,1,644625.513244932,0.0,644625.513244932,43049.43394164807
iterative_q,9000031,285.0,0.0,0.7234824887194453,0.0,0.5877616965895843,0,1.0,0,1341.4065197417526,1.671038673269941,0,1.0,0,8863.369850736686,0.7988100529783103,0,1.0,0,6855.322623280326,idle,brevik,idle,0.0,sailing,yara_sluiskil,sailing_to_emitter,0.0,sailing,yara_sluiskil,sailing_to_emitter,2855.98086297073,1,645826.2485792016,0.0,645826.2485792016,43297.69985871513
iterative_q,9000031,286.0,0.0,1.0,0.0,0.8422510940085357,0,1.0,0,1412.182052653781,0.606852620503337,0,1.0,0,8936.16919083377,0.6486352197329978,0,1.0,0,6877.24120559353,idle,brevik,idle,0.0,sailing,yara_sluiskil,sailing_to_emitter,0.0,sailing,yara_sluiskil,sailing_to_emitter,2608.1627473484664,1,646930.2063850213,0.0,646930.2063850213,43545.517974337396
iterative_q,9000031,287.0,0.0,1.0,0.0,0.667989084328316,0,1.0,0,1437.8848196227455,1.0873768897166336,0,1.0,0,8995.28234429134,1.4180989782924045,0,1.0,0,6908.650103228868,idle,brevik,idle,0.0,sailing,yara_sluiskil,sailing_to_emitter,0.0,sailing,yara_sluiskil,sailing_to_emitter,2360.7619929597768,1,648108.4970304292,0.0,648108.4970304292,43792.91872872609
iterative_q,9000031,288.0,0.0,1.0,0.0,1.066575197889476,0,1.0,0,1483.9398152832118,1.53059695039534,0,1.0,0,9124.520224602229,1.2633132118384598,0,1.0,0,6933.5604863019835,idle,brevik,idle,0.0,sailing,yara_sluiskil,sailing_to_emitter,0.0,loading,yara_sluiskil,loading,2113.7518034248287,1,648820.4707932136,0.0,648820.4707932136,44039.92891826104
iterative_q,9000031,289.0,0.0,1.0,0.0,1.3932956760819761,0,1.0,0,1548.7670491291974,0.8929542659118043,0,1.0,0,8439.651681669231,0.6967322264733893,0,1.0,0,6973.334776618723,idle,brevik,idle,0.0,sailing,yara_sluiskil,sailing_to_emitter,800.0,loading,yara_sluiskil,loading,1867.1084445980018,1,655929.4036308215,0.0,655929.4036308215,44286.572277087864
iterative_q,9000031,290.0,0.0,1.0,0.0,0.7819729970257155,0,1.0,0,1586.5874269857475,0.5677835909501499,0,1.0,0,7703.14799968041,1.1933195906748437,0,1.0,0,7025.292986326649,idle,brevik,idle,0.0,sailing,yara_sluiskil,sailing_to_emitter,1600.0,loading,yara_sluiskil,loading,1620.8107763382907,1,663133.8448990753,0.0,663133.8448990753,44532.86994534758
iterative_q,9000031,291.0,0.0,1.0,0.0,1.012665304977118,0,1.0,0,1610.6354558381058,1.247547854199057,0,1.0,0,7011.900461004849,1.0216240146941888,0,1.0,0,7054.453997248992,idle,brevik,idle,0.0,sailing,yara_sluiskil,sailing_to_emitter,2400.0,loading,yara_sluiskil,loading,1374.8398718793128,1,670159.1822151747,0.0,670159.1822151747,44778.840849806555
iterative_q,9000031,292.0,0.0,1.0,0.0,1.3656360874607634,0,1.0,0,1663.4743671251892,0.04399996176907295,0,1.0,0,6305.005481095914,1.0608852705840577,0,1.0,0,7092.217883444775,idle,brevik,idle,0.0,sailing,yara_sluiskil,sailing_to_emitter,3200.0,loading,yara_sluiskil,loading,1129.1787056614553,1,677251.929626001,0.0,677251.929626001,45024.50201602441
iterative_q,9000031,293.0,0.0,1.0,0.0,1.1932438898269309,0,1.0,0,1665.3379510099483,0.9355595350494623,0,1.0,0,5601.688478358147,0.8149122748821784,0,1.0,0,7143.1445985604805,idle,brevik,idle,0.0,sailing,yara_sluiskil,sailing_to_emitter,4000.0,loading,yara_sluiskil,loading,883.8118952276122,1,684447.8914684628,0.0,684447.8914684628,45269.86882645825
iterative_q,9000031,294.0,0.0,1.0,0.0,1.0771300068701697,0,1.0,0,1704.9628416382927,0.8061032844131466,0,1.0,0,4875.954853340066,0.7940878302737138,0,1.0,0,7187.64252944557,idle,brevik,idle,0.0,sailing,yara_sluiskil,sailing_to_emitter,4800.0,loading,yara_sluiskil,loading,638.725486220333,1,691593.2690150174,0.0,691593.2690150174,45514.95523546553
iterative_q,9000031,295.0,0.0,1.0,0.0,1.478544803501857,0,1.0,0,1739.1047142646366,1.0517365254216218,0,1.0,0,4148.32335610156,1.2716851526369382,0,1.0,0,7227.810385570309,idle,brevik,idle,0.0,sailing,yara_sluiskil,sailing_to_emitter,5600.0,loading,yara_sluiskil,loading,393.90677204325914,1,698704.5434465337,0.0,698704.5434465337,45759.77394964261
iterative_q,9000031,296.0,0.0,1.0,0.0,1.1193951134381575,0,1.0,0,1783.6501902374334,0.8236979990325893,0,1.0,0,3464.2171896464542,0.24737575257184974,0,1.0,0,7282.947615994429,idle,brevik,idle,0.0,sailing,yara_sluiskil,sailing_to_emitter,6400.0,loading,yara_sluiskil,loading,149.3441416278624,1,705933.2303308793,0.0,705933.2303308793,46004.33658005801
iterative_q,9000031,297.0,0.0,1.0,0.0,0.9057338548647,0,1.0,0,1818.5372732072276,0.9603223726763924,0,1.0,0,2686.7615302444583,0.7457273155530701,0,1.0,0,7324.691590359383,idle,brevik,idle,0.0,sailing,yara_sluiskil,sailing_to_emitter,7200.0,loading,yara_sluiskil,loading,0.0,1,713017.7335432983,0.0,713017.7335432983,46153.68072168587
iterative_q,9000031,298.0,0.0,1.0,0.0,0.9594446888962139,0,1.0,0,1859.210974409196,1.460424723525408,0,1.0,0,2454.722589727705,1.4050955027062586,0,1.0,0,7358.467800637423,idle,brevik,idle,0.0,sailing,yara_sluiskil,sailing_to_emitter,7500.0,idle,yara_sluiskil,idle,0.0,1,716053.1920264913,0.0,716053.1920264913,46153.68072168587
iterative_q,9000031,299.0,0.0,1.0,0.0,0.5865986670036463,0,1.0,0,1921.0661186011314,1.1277153982441914,0,1.0,0,2582.774367963062,1.2389142225357066,0,1.0,0,7394.246963915071,idle,brevik,idle,0.0,sailing,yara_sluiskil,sailing_to_emitter,7500.0,sailing,oygarden_terminal,sailing_to_terminal,0.0,1,717164.3572422817,0.0,717164.3572422817,46153.68072168587
iterative_q,9000031,300.0,0.0,1.0,0.0,1.1335345695958126,0,1.0,0,1968.8296201648918,0.8297311561048102,0,1.0,0,2695.681321503301,1.3216561186860218,0,1.0,0,7416.122123943802,idle,brevik,idle,0.0,sailing,yara_sluiskil,sailing_to_emitter,7500.0,sailing,oygarden_terminal,sailing_to_terminal,0.0,1,718166.3687329661,0.0,718166.3687329661,46153.68072168587
iterative_q,9000031,301.0,0.0,1.0,0.0,1.159143628769173,0,1.0,0,2003.9722327724846,1.5425249951761946,0,1.0,0,2816.1287694115126,0.8874335419315139,0,1.0,0,7458.39335215011,idle,brevik,idle,0.0,sailing,yara_sluiskil,sailing_to_emitter,7500.0,sailing,oygarden_terminal,sailing_to_terminal,0.0,1,719328.5000667805,0.0,719328.5000667805,46153.68072168587
iterative_q,9000031,302.0,0.0,1.0,1.619574169510372,0.47404585828272716,0,1.0,0,2069.3046696035763,1.2192456370376075,0,1.0,0,2897.003836094495,1.5392898651074223,0,1.0,0,7500.0,idle,brevik,idle,0.0,sailing,yara_sluiskil,sailing_to_emitter,7500.0,sailing,oygarden_terminal,sailing_to_terminal,0.0,1,720485.4140958922,0.0,720485.4140958922,46153.68072168587
iterative_q,9000031,303.0,0.0,1.0,19.297459560073417,1.2838744713695718,0,1.0,0,2120.944862671725,1.290068184273709,0,1.0,0,3037.28485217022,0.5981712926804768,0,1.0,0,7500.0,sailing,oygarden_terminal,sailing_to_terminal,0.0,sailing,yara_sluiskil,sailing_to_emitter,7500.0,sailing,oygarden_terminal,sailing_to_terminal,0.0,1,721730.8340958923,0.0,721730.8340958923,46153.68072168587
iterative_q,9000031,304.0,0.0,1.0,67.17506697690075,0.8407810485408748,0,1.0,0,2175.5846892031814,1.4172808046495748,0,1.0,0,3091.7983112241695,0.9029544589180987,0,1.0,0,7500.0,sailing,oygarden_terminal,sailing_to_terminal,0.0,sailing,yara_sluiskil,sailing_to_emitter,7500.0,sailing,oygarden_terminal,sailing_to_terminal,0.0,1,722976.2540958923,0.0,722976.2540958923,46153.68072168587
iterative_q,9000031,305.0,0.0,1.0,98.5290500854386,1.1596476315195836,0,1.0,0,2235.6125065359633,1.000724675732505,0,1.0,0,3174.0876743848494,0.8615481026176536,0,1.0,0,7500.0,sailing,oygarden_terminal,sailing_to_terminal,0.0,sailing,yara_sluiskil,sailing_to_emitter,7500.0,sailing,oygarden_terminal,sailing_to_terminal,0.0,1,724221.6740958922,0.0,724221.6740958922,46153.68072168587
iterative_q,9000031,306.0,0.0,1.0,141.77403813977483,1.2742427514230081,0,1.0,0,2277.9974156084677,1.5798027145379892,0,1.0,0,3252.60347534756,0.9289310252174026,0,1.0,0,7500.0,sailing,oygarden_terminal,sailing_to_terminal,0.0,sailing,yara_sluiskil,sailing_to_emitter,7500.0,sailing,oygarden_terminal,sailing_to_terminal,0.0,1,725467.0940958923,0.0,725467.0940958923,46153.68072168587
iterative_q,9000031,307.0,0.0,1.0,189.29244131658191,1.2198264623955404,0,1.0,0,2344.908721017396,0.7986947738028097,0,1.0,0,3337.260048371281,0.778418016413891,0,1.0,0,7500.0,sailing,oygarden_terminal,sailing_to_terminal,0.0,sailing,yara_sluiskil,sailing_to_emitter,7500.0,sailing,oygarden_terminal,sailing_to_terminal,0.0,1,726712.5140958923,0.0,726712.5140958923,46153.68072168587
iterative_q,9000031,308.0,0.0,1.0,234.78157300282302,1.7325458226044592,0,1.0,0,2378.7368119851117,1.338918910090656,0,1.0,0,3408.199818292976,0.6438443849994833,0,1.0,0,7500.0,sailing,oygarden_terminal,sailing_to_terminal,0.0,sailing,yara_sluiskil,sailing_to_emitter,7500.0,sailing,oygarden_terminal,sailing_to_terminal,0.0,1,727957.9340958922,0.0,727957.9340958922,46153.68072168587
iterative_q,9000031,309.0,0.0,1.0,299.39075530264836,0.30590445991684223,0,1.0,0,2435.445672709576,1.010344828001315,0,1.0,0,3466.8754116054115,0.6374764771988954,0,1.0,0,7500.0,sailing,oygarden_terminal,sailing_to_terminal,0.0,sailing,yara_sluiskil,sailing_to_emitter,7500.0,sailing,oygarden_terminal,sailing_to_terminal,0.0,1,729203.3540958923,0.0,729203.3540958923,46153.68072168587
iterative_q,9000031,310.0,0.0,1.0,310.7983807629812,0.7564014764246032,0,1.0,0,2478.238035789226,1.2821600535204272,0,1.0,0,3524.9706338115852,1.1776151838489959,0,1.0,0,7500.0,sailing,oygarden_terminal,sailing_to_terminal,0.0,sailing,yara_sluiskil,sailing_to_emitter,7500.0,sailing,oygarden_terminal,sailing_to_terminal,0.0,1,730448.7740958923,0.0,730448.7740958923,46153.68072168587
iterative_q,9000031,311.0,0.0,1.0,339.00569540860874,0.7431666076572987,0,1.0,0,2532.542919642602,1.3315616670543053,0,1.0,0,3632.2903043077463,0.8287828283735528,0,1.0,0,7500.0,sailing,oygarden_terminal,sailing_to_terminal,0.0,sailing,yara_sluiskil,sailing_to_emitter,7500.0,sailing,oygarden_terminal,sailing_to_terminal,0.0,1,731694.1940958924,0.0,731694.1940958924,46153.68072168587
iterative_q,9000031,312.0,0.0,1.0,366.71945802923034,0.34390020100669727,0,1.0,0,2588.9401701063402,1.1033354011669694,0,1.0,0,3707.8197606893023,0.943459523539232,0,1.0,0,7500.0,sailing,oygarden_terminal,sailing_to_terminal,0.0,sailing,yara_sluiskil,sailing_to_emitter,7500.0,sailing,oygarden_terminal,sailing_to_terminal,0.0,0,732939.6140958924,0.0,732939.6140958924,46153.68072168587
iterative_q,9000031,313.0,0.0,1.0,379.54399380446074,0.9690535478965131,0,1.0,0,2635.6710760078126,1.0734875221139033,0,1.0,0,3793.7999838581604,0.6857934830628531,0,1.0,0,7500.0,sailing,oygarden_terminal,sailing_to_terminal,0.0,sailing,yara_sluiskil,sailing_to_emitter,7500.0,sailing,oygarden_terminal,sailing_to_terminal,0.0,0,734185.0340958923,0.0,734185.0340958923,46153.68072168587
iterative_q,9000031,314.0,0.0,1.0,415.6813960426307,0.8958951123222082,0,1.0,0,2681.1377983927296,0.9844185721707701,0,1.0,0,3856.2983019100725,1.0635317230582533,0,1.0,0,7500.0,sailing,oygarden_terminal,sailing_to_terminal,0.0,sailing,yara_sluiskil,sailing_to_emitter,7500.0,sailing,oygarden_terminal,sailing_to_terminal,0.0,0,735430.4540958924,0.0,735430.4540958924,46153.68072168587
iterative_q,9000031,315.0,0.0,1.0,449.0906094947169,0.7049446798009645,0,1.0,0,2722.832075232862,0.19389774130908766,0,1.0,0,3953.220912958815,1.236034022203837,0,1.0,0,7500.0,sailing,oygarden_terminal,sailing_to_terminal,0.0,sailing,yara_sluiskil,sailing_to_emitter,7500.0,sailing,oygarden_terminal,sailing_to_terminal,0.0,0,736675.8740958924,0.0,736675.8740958924,46153.68072168587
iterative_q,9000031,316.0,0.0,1.0,475.3790032654976,1.438627101132247,0,1.0,0,2731.044462050179,0.7241218329915182,0,1.0,0,4065.864056650825,0.925078569440197,0,1.0,0,7500.0,sailing,oygarden_terminal,sailing_to_terminal,0.0,sailing,yara_sluiskil,sailing_to_emitter,7500.0,sailing,oygarden_terminal,sailing_to_terminal,0.0,0,737921.2940958923,0.0,737921.2940958923,46153.68072168587
iterative_q,9000031,317.0,0.0,1.0,529.0274535944569,1.2929704052476665,0,1.0,0,2761.7140745750175,1.3085786265043213,0,1.0,0,4150.1689218424335,0.9272938818955646,0,1.0,0,7500.0,sailing,oygarden_terminal,sailing_to_terminal,0.0,sailing,yara_sluiskil,sailing_to_emitter,7500.0,sailing,oygarden_terminal,sailing_to_terminal,0.0,0,739166.7140958924,0.0,739166.7140958924,46153.68072168587
iterative_q,9000031,318.0,0.0,1.0,577.2441495592658,1.3166648960350076,0,1.0,0,2817.137896374965,1.116219207775632,0,1.0,0,4234.675612208849,1.0598040419961092,0,1.0,0,7500.0,sailing,oygarden_terminal,sailing_to_terminal,0.0,sailing,yara_sluiskil,sailing_to_emitter,7500.0,sailing,oygarden_terminal,sailing_to_terminal,0.0,0,740412.1340958924,0.0,740412.1340958924,46153.68072168587
iterative_q,9000031,319.0,0.0,1.0,626.3444387132497,0.7002916086012237,0,1.0,0,2864.414485804443,1.4483657716432967,0,1.0,0,4331.2582252621405,0.9242434445690386,0,1.0,0,7500.0,sailing,oygarden_terminal,sailing_to_terminal,0.0,sailing,yara_sluiskil,sailing_to_emitter,7500.0,sailing,oygarden_terminal,sailing_to_terminal,0.0,0,741657.5540958925,0.0,741657.5540958925,46153.68072168587
iterative_q,9000031,320.0,0.0,1.0,652.4592953071162,0.9110008564323898,0,1.0,0,2925.7588825436296,0.7006654231926193,0,1.0,0,4415.486797534886,1.2750968344875466,0,1.0,0,7500.0,sailing,oygarden_terminal,sailing_to_terminal,0.0,sailing,yara_sluiskil,sailing_to_emitter,7500.0,sailing,oygarden_terminal,sailing_to_terminal,0.0,0,742902.9740958925,0.0,742902.9740958925,46153.68072168587
iterative_q,9000031,321.0,0.0,1.0,686.4317899116764,0.9712471838256026,0,1.0,0,2955.435017221261,1.1193656297223558,0,1.0,0,4531.689414442783,1.0691188280316537,0,1.0,0,7500.0,sailing,oygarden_terminal,sailing_to_terminal,0.0,sailing,yara_sluiskil,sailing_to_emitter,7500.0,sailing,oygarden_terminal,sailing_to_terminal,0.0,0,744148.3940958924,0.0,744148.3940958924,46153.68072168587
iterative_q,9000031,322.0,0.0,1.0,722.6509484013659,1.6748439751078892,0,1.0,0,3002.844870885498,1.2160925276328574,0,1.0,0,4629.12069252787,0.8308432512608557,0,1.0,0,7500.0,sailing,oygarden_terminal,sailing_to_terminal,0.0,sailing,yara_sluiskil,sailing_to_emitter,7500.0,sailing,oygarden_terminal,sailing_to_terminal,0.0,0,745393.8140958925,0.0,745393.8140958925,46153.68072168587
iterative_q,9000031,323.0,0.0,1.0,785.1081982172007,0.9560369862823457,0,1.0,0,3054.351516476846,1.0523126775482483,0,1.0,0,4704.837309074273,0.8394672117592415,0,1.0,0,7500.0,sailing,oygarden_terminal,sailing_to_terminal,0.0,sailing,yara_sluiskil,sailing_to_emitter,7500.0,sailing,oygarden_terminal,sailing_to_terminal,0.0,0,746639.2340958925,0.0,746639.2340958925,46153.68072168587
iterative_q,9000031,324.0,0.0,1.0,820.7601348546364,0.6537075613662526,0,1.0,0,3098.9213949212626,1.0534019793339122,0,1.0,0,4781.339790317751,1.0944964801443189,0,1.0,0,7500.0,sailing,oygarden_terminal,sailing_to_terminal,0.0,loading,yara_sluiskil,loading,7500.0,sailing,oygarden_terminal,sailing_to_terminal,0.0,0,747469.5140958925,0.0,747469.5140958925,46153.68072168587
iterative_q,9000031,325.0,0.0,1.0,845.1377867047581,1.2366254584759264,0,1.0,0,3143.5374098887987,0.22856887854532804,0,1.0,0,4081.083572696848,0.0,1,1.0,0,7500.0,sailing,oygarden_terminal,sailing_to_terminal,800.0,loading,yara_sluiskil,loading,7500.0,sailing,oygarden_terminal,sailing_to_terminal,0.0,0,754580.2140958925,0.0,754580.2140958925,46153.68072168587
iterative_q,9000031,326.0,0.0,1.0,891.2532392817017,1.089341223623657,0,1.0,0,3153.2182655415854,0.7902223370919192,0,1.0,0,3281.083572696848,0.0,1,1.0,0,7500.0,sailing,oygarden_terminal,sailing_to_terminal,1600.0,loading,yara_sluiskil,loading,7500.0,sailing,oygarden_terminal,sailing_to_terminal,0.0,0,761690.9140958925,0.0,761690.9140958925,46153.68072168587
iterative_q,9000031,327.0,0.0,1.0,931.876255014692,1.1814033396826686,0,1.0,0,3186.6875130948015,0.8493032494492346,0,1.0,0,2481.083572696848,0.0,1,1.0,0,7500.0,sailing,oygarden_terminal,sailing_to_terminal,2400.0,loading,yara_sluiskil,loading,7500.0,sailing,oygarden_terminal,sailing_to_terminal,0.0,0,768801.6140958925,0.0,768801.6140958925,46153.68072168587
iterative_q,9000031,328.0,0.0,1.0,975.9323839901773,1.033569398453863,0,1.0,0,3222.6590863714764,1.2331660962932283,0,1.0,0,1681.083572696848,0.0,1,1.0,0,7500.0,sailing,oygarden_terminal,sailing_to_terminal,3200.0,loading,yara_sluiskil,loading,7500.0,sailing,oygarden_terminal,sailing_to_terminal,0.0,0,775912.3140958925,0.0,775912.3140958925,46153.68072168587
iterative_q,9000031,329.0,0.0,1.0,1014.4755790765016,0.7824318592015446,0,1.0,0,3274.8888695777564,0.8434078856159088,0,1.0,0,881.083572696848,0.0,1,1.0,0,7500.0,sailing,oygarden_terminal,sailing_to_terminal,4000.0,loading,yara_sluiskil,loading,7500.0,sailing,oygarden_terminal,sailing_to_terminal,0.0,1,783023.0140958924,0.0,783023.0140958924,46153.68072168587
iterative_q,9000031,330.0,0.0,1.0,1043.6535123472504,1.2767317241368528,0,1.0,0,3310.610749341236,1.4235339076319244,0,1.0,0,81.08357269684802,0.0,1,1.0,0,7500.0,unloading,oygarden_terminal,unloading,4800.0,loading,yara_sluiskil,loading,7500.0,sailing,oygarden_terminal,sailing_to_terminal,0.0,1,789718.5740958925,0.0,789718.5740958925,46153.68072168587
iterative_q,9000031,331.0,0.0,1.0,1091.2645427771654,0.7652733290423845,0,1.0,0,3370.9034119484027,1.1746240593991457,0,1.0,0,0.0,1.343662186948726,0,1.0,0,6700.0,unloading,oygarden_terminal,unloading,4881.083572696848,idle,yara_sluiskil,idle,7500.0,sailing,oygarden_terminal,sailing_to_terminal,514.6118721461187,1,790911.6918428586,0.0,790911.6918428586,46439.068849539755
iterative_q,9000031,332.0,0.0,1.0,1119.8026022654103,1.8767337252072671,0,1.0,0,3420.6536930789907,0.9538038750681848,0,1.0,0,0.0,0.5876055076918036,0,1.0,0,5900.0,unloading,oygarden_terminal,unloading,5003.533723492432,idle,yara_sluiskil,idle,7500.0,sailing,oygarden_terminal,sailing_to_terminal,1029.2237442922374,1,792429.558945353,0.0,792429.558945353,46724.45697739364
iterative_q,9000031,333.0,0.0,1.0,1189.7884839203741,0.7041478396277052,0,1.0,0,3461.0513084252657,0.3700238599349187,0,1.0,0,0.0,0.7138638591801345,0,1.0,0,5100.0,unloading,oygarden_terminal,unloading,5057.083143000299,idle,yara_sluiskil,idle,7500.0,sailing,oygarden_terminal,sailing_to_terminal,1549.640388859902,1,793404.1391776623,0.0,793404.1391776623,47004.04033282597
iterative_q,9000031,334.0,0.0,1.0,1216.0470835186482,0.7589211472808165,0,1.0,0,3476.723378914103,0.7387839792823756,0,1.0,0,0.0,1.2775709710558734,0,1.0,0,4300.0,unloading,oygarden_terminal,unloading,5122.138637277268,idle,yara_sluiskil,idle,7500.0,sailing,oygarden_terminal,sailing_to_terminal,2075.477121504924,1,794466.8259014864,0.0,794466.8259014864,47278.20360018095
iterative_q,9000031,335.0,0.0,1.0,1244.3482472874528,1.372850030216929,0,1.0,0,3508.013995149968,0.8810980160311948,0,1.0,0,0.0,0.8784067572144649,0,1.0,0,3500.0,unloading,oygarden_terminal,unloading,5238.565528514784,idle,yara_sluiskil,idle,7500.0,sailing,oygarden_terminal,sailing_to_terminal,2605.2281028391485,1,795931.2002194719,0.0,795931.2002194719,47548.45261884672
iterative_q,9000031,336.0,0.0,1.0,1295.5436151106815,1.0249128420196179,0,1.0,0,3545.332210838125,1.1167651113915218,0,1.0,0,0.0,1.0439055711555223,0,1.0,0,2700.0,unloading,oygarden_terminal,unloading,5318.615948501063,idle,yara_sluiskil,idle,7500.0,sailing,oygarden_terminal,sailing_to_terminal,3138.0072763275175,1,797108.7585817046,0.0,797108.7585817046,47815.67344535835
iterative_q,9000031,337.0,0.0,1.0,1333.763945326462,1.4677119062017008,0,1.653497191441933,1,3592.6319215872654,1.3147897777549655,0,1.0,0,0.0,1.3181462469525869,0,1.0,0,1900.0,unloading,oygarden_terminal,unloading,5413.748433848481,idle,yara_sluiskil,idle,7500.0,sailing,oygarden_terminal,sailing_to_terminal,3673.232900300542,1,798403.7160304075,0.0,798403.7160304075,48080.44782138532
iterative_q,9000031,338.0,0.0,1.0,1388.4968171247942,0.6914954569457707,0,1.653497191441933,1,3648.3188118288913,1.3227334571600895,0,1.0,0,0.0,0.3919226608173968,0,1.0,0,1100.0,unloading,oygarden_terminal,unloading,5533.872743743494,idle,yara_sluiskil,idle,7500.0,sailing,oygarden_terminal,sailing_to_terminal,4210.495706439368,1,799894.0371778292,0.0,799894.0371778292,48343.1850152465
iterative_q,9000031,339.0,0.0,1.0,1414.2835712859642,1.0380973618813705,0,1.653497191441933,1,3704.3421503838763,0.6181152952234672,0,1.0,0,0.0,1.225768400991085,0,1.0,0,300.0,unloading,oygarden_terminal,unloading,5569.5891179006,idle,yara_sluiskil,idle,7500.0,sailing,oygarden_terminal,sailing_to_terminal,4749.493420642258,1,800721.0004032359,0.0,800721.0004032359,48604.18730104361
iterative_q,9000031,340.0,0.0,1.0,1452.9955496370462,0.7690178734578931,0,1.653497191441933,1,3730.521939110675,1.0829017640760186,0,1.0,0,0.0,0.820690479951988,0,1.0,0,0.0,idle,oygarden_terminal,idle,5681.29475533738,idle,yara_sluiskil,idle,7500.0,sailing,oygarden_terminal,sailing_to_terminal,4789.994537532392,1,802128.6403446491,0.0,802128.6403446491,48863.68618415348
iterative_q,9000031,341.0,0.0,1.0,1481.673205098044,1.77251245840017,0,1.653497191441933,1,3776.3873943331314,0.4399352628557478,0,1.0,0,0.0,1.0917537951396183,0,1.0,0,0.0,sailing,celsio,sailing_to_emitter,5756.085136396956,idle,yara_sluiskil,idle,7500.0,sailing,oygarden_terminal,sailing_to_terminal,4531.816676406312,1,803651.9170239787,0.0,803651.9170239787,49121.86404527956
iterative_q,9000031,342.0,0.0,1.0,1547.7724386725588,1.9503244239693664,0,1.653497191441933,1,3795.0205074821406,0.8356417363427509,0,1.0,0,0.0,0.7905889004099981,0,1.0,0,0.0,sailing,celsio,sailing_to_emitter,5855.577727483241,idle,yara_sluiskil,idle,7500.0,sailing,oygarden_terminal,sailing_to_terminal,4274.812872064402,1,805368.6376573966,0.0,805368.6376573966,49378.86784962147
iterative_q,9000031,343.0,0.0,1.0,1620.5024938511506,1.5490139250594503,0,1.653497191441933,1,3830.4134580818163,1.1009997741036024,0,1.0,0,0.0,1.2078896975946365,0,1.0,0,0.0,sailing,celsio,sailing_to_emitter,5927.624814204092,idle,yara_sluiskil,idle,7500.0,sailing,oygarden_terminal,sailing_to_terminal,4018.862482376378,1,806869.464772648,0.0,806869.464772648,49634.8182393095
iterative_q,9000031,344.0,0.0,1.0,1678.2671655800796,1.6008452988827464,0,1.653497191441933,1,3877.0454403301515,1.1089539446495391,0,1.0,0,0.0,1.1626966242356833,0,1.0,0,0.0,sailing,celsio,sailing_to_emitter,6037.700821804796,idle,yara_sluiskil,idle,7500.0,unloading,oygarden_terminal,unloading,3763.864928340365,1,808253.3082193721,0.0,808253.3082193721,49889.81579334551
iterative_q,9000031,345.0,0.0,1.0,1737.9646846303501,2.3367279919921238,0,1.653497191441933,1,3924.01431523589,0.7347837306622211,0,1.0,0,0.0,1.228848723940617,0,1.0,0,0.0,sailing,celsio,sailing_to_emitter,6143.658268586671,idle,yara_sluiskil,idle,6700.0,unloading,oygarden_terminal,unloading,4309.735248767786,1,809628.8829728942,0.0,809628.8829728942,50143.94547291809
iterative_q,9000031,346.0,0.0,1.0,1825.1041736679024,1.1408477244384243,0,1.653497191441933,1,3955.1355040776434,1.3014658646690709,0,1.0,0,0.0,1.061341795642135,0,1.0,0,0.0,sailing,celsio,sailing_to_emitter,6255.644125281973,idle,yara_sluiskil,idle,5900.0,unloading,oygarden_terminal,unloading,4856.400860128498,1,811051.4578398693,0.0,811051.4578398693,50397.27986155738
iterative_q,9000031,347.0,0.0,1.0,1867.647794259151,1.4074647105191254,0,1.653497191441933,1,4010.258070426464,0.9907654595714913,0,1.0,0,0.0,1.1870987114745817,0,1.0,0,0.0,sailing,celsio,sailing_to_emitter,6352.364885561616,idle,yara_sluiskil,idle,5100.0,unloading,oygarden_terminal,unloading,5403.7991415636425,1,812353.8932910752,0.0,812353.8932910752,50649.88158012223
iterative_q,9000031,348.0,0.0,1.0,1920.1338830885384,2.0580047879932764,0,1.653497191441933,1,4052.2211647064946,0.8683068047496871,0,1.0,0,0.0,1.3130285961677686,0,1.0,0,0.0,sailing,celsio,sailing_to_emitter,6460.545874907152,idle,yara_sluiskil,idle,4300.0,unloading,oygarden_terminal,unloading,5951.875599862797,1,813746.0195045545,0.0,813746.0195045545,50901.805121823076
iterative_q,9000031,349.0,0.0,1.0,1996.8793985726634,2.292433794157486,0,1.653497191441933,1,4088.997618669133,1.696431206709589,0,1.0,0,0.0,1.4774108898130316,0,1.0,0,0.0,sailing,celsio,sailing_to_emitter,6580.202839207476,idle,yara_sluiskil,idle,3500.0,unloading,oygarden_terminal,unloading,6500.582451427462,1,815227.9796850769,0.0,815227.9796850769,51153.09827025841
iterative_q,9000031,350.0,0.0,1.0,2082.3670446487235,1.8869397813245947,0,1.653497191441933,1,4160.848632427252,0.9136555174094663,0,1.0,0,0.0,1.1853942061291687,0,1.0,0,0.0,sailing,celsio,sailing_to_emitter,6714.839946611751,idle,yara_sluiskil,idle,2700.0,unloading,oygarden_terminal,unloading,7049.877510068323,1,816827.3006886389,0.0,816827.3006886389,51403.803211617545
iterative_q,9000031,351.0,0.0,1.0,2152.733314178393,1.8059516594284362,0,1.653497191441933,1,4199.545795561204,0.7979602605430428,0,1.0,0,0.0,0.2813583927879295,0,1.0,0,0.0,sailing,celsio,sailing_to_emitter,6822.86536513913,idle,yara_sluiskil,idle,1900.0,unloading,oygarden_terminal,unloading,7599.723303093106,1,818217.4801622835,0.0,818217.4801622835,51653.95741859276
iterative_q,9000031,352.0,0.0,1.0,2220.079425924277,1.0986396199616777,0,1.653497191441933,1,4233.34277679566,1.315024566906642,0,1.0,0,0.0,0.9199254719353129,0,1.0,0,0.0,sailing,celsio,sailing_to_emitter,6848.505642132279,idle,yara_sluiskil,idle,1100.0,unloading,oygarden_terminal,unloading,8150.086360492333,1,818960.6809442915,0.0,818960.6809442915,51903.594361193536
iterative_q,9000031,353.0,0.0,1.0,2261.049013522913,1.6034683040116444,0,1.653497191441933,1,4289.03961134773,1.3622150607501995,0,1.0,0,0.0,1.5815896428660126,0,1.0,0,0.0,sailing,celsio,sailing_to_emitter,6932.338672091782,idle,yara_sluiskil,idle,300.0,unloading,oygarden_terminal,unloading,8700.936637228937,1,820160.5256283524,0.0,820160.5256283524,52152.74408445693
iterative_q,9000031,354.0,0.0,1.0,2320.8442579137254,1.9451452724888667,0,1.653497191441933,1,4346.735162269197,0.9837663511570808,0,1.0,0,0.0,0.851848985484061,0,1.0,0,0.0,sailing,celsio,sailing_to_emitter,7076.46921144276,idle,yara_sluiskil,idle,0.0,idle,oygarden_terminal,idle,8752.247039181088,1,821818.2862659903,0.0,821818.2862659903,52401.43368250478
iterative_q,9000031,355.0,0.0,1.0,2393.381032067128,1.6098565294453464,0,1.653497191441933,1,4388.401814799636,0.7268634594236538,0,1.0,0,77.62908919500391,0.8743169030829712,0,1.0,0,0.0,sailing,celsio,sailing_to_emitter,7076.46921144276,sailing,oygarden_terminal,sailing_to_terminal,0.0,idle,oygarden_terminal,idle,8503.993030734313,1,822750.3504094536,0.0,822750.3504094536,52649.687690951556
iterative_q,9000031,356.0,0.0,1.0,2453.41448168085,1.1551105025232227,0,1.653497191441933,1,4419.187546762572,0.7114438581524267,0,1.0,0,157.3056235456312,1.349968801353318,0,1.0,0,0.0,sailing,celsio,sailing_to_emitter,7076.46921144276,sailing,oygarden_terminal,sailing_to_terminal,0.0,sailing,celsio,sailing_to_emitter,8256.15230736456,1,824097.3851060352,0.0,824097.3851060352,52897.52841432131
iterative_q,9000031,357.0,0.0,1.0,2496.4899072645603,1.1645126525063134,0,1.653497191441933,1,4449.3201936026335,0.927659808406268,0,1.0,0,280.3282439638014,0.6555816654166067,0,1.0,0,0.0,sailing,celsio,sailing_to_emitter,7076.46921144276,sailing,oygarden_terminal,sailing_to_terminal,0.0,sailing,celsio,sailing_to_emitter,8008.704520448255,1,825444.2586986708,0.0,825444.2586986708,53144.97620123761
iterative_q,9000031,358.0,0.0,1.0,2539.915943062786,1.5124100897869845,0,1.653497191441933,1,4488.610497502391,0.8442126741823249,0,1.0,0,340.07133885295855,1.127649532334307,0,1.0,0,0.0,sailing,celsio,sailing_to_emitter,7076.46921144276,sailing,oygarden_terminal,sailing_to_terminal,0.0,sailing,celsio,sailing_to_emitter,7761.631044411148,1,826790.978823846,0.0,826790.978823846,53392.049677274714
iterative_q,9000031,359.0,0.0,1.0,2596.315471219057,1.021395605653874,0,1.653497191441933,1,4524.366463454647,0.3106671540740966,0,1.0,0,442.8338580553597,1.7202944353146647,0,1.0,0,0.0,sailing,celsio,sailing_to_emitter,7076.46921144276,sailing,oygarden_terminal,sailing_to_terminal,0.0,sailing,celsio,sailing_to_emitter,7514.914778477718,1,828137.5524928787,0.0,828137.5524928787,53638.76594320814
iterative_q,9000031,360.0,0.0,1.0,2634.4044930658147,1.0050045228894646,0,1.653497191441933,1,4537.524527202406,1.1253062235204736,0,1.0,0,599.6038959981595,1.367866440428338,0,1.0,0,0.0,sailing,celsio,sailing_to_emitter,7076.46921144276,sailing,oygarden_terminal,sailing_to_terminal,0.0,sailing,celsio,sailing_to_emitter,7268.539976908583,1,829483.9861615221,0.0,829483.9861615221,53885.14074477727
iterative_q,9000031,361.0,0.0,1.0,2671.8822664745594,1.5451931161681236,0,1.653497191441933,1,4585.185990059536,0.8531424540963184,0,1.0,0,724.2571598259276,1.6988495004553847,0,1.0,0,0.0,sailing,celsio,sailing_to_emitter,7076.46921144276,sailing,oygarden_terminal,sailing_to_terminal,0.0,sailing,celsio,sailing_to_emitter,7022.492102855768,1,830830.2857898837,0.0,830830.2857898837,54131.188618830085
iterative_q,9000031,362.0,0.0,1.0,2729.5042823870076,1.5359549462081064,0,1.653497191441933,1,4621.320169839102,0.9888845010865833,0,1.0,0,879.0726981200581,0.6564977971069816,0,1.0,0,0.0,sailing,celsio,sailing_to_emitter,7076.46921144276,sailing,oygarden_terminal,sailing_to_terminal,0.0,sailing,celsio,sailing_to_emitter,6776.757701924238,1,832176.4568942655,0.0,832176.4568942655,54376.92301976161
iterative_q,9000031,363.0,0.0,1.0,2786.7817871759266,0.9889106812236125,0,1.653497191441933,1,4663.203597597176,1.5216948436683648,0,1.0,0,938.8990600763647,0.2047339661782963,0,1.0,0,0.0,sailing,celsio,sailing_to_emitter,7076.46921144276,sailing,oygarden_terminal,sailing_to_terminal,0.0,sailing,celsio,sailing_to_emitter,6531.324292274632,1,833522.5045922219,0.0,833522.5045922219,54622.35642941122
iterative_q,9000031,364.0,0.0,1.0,2823.659383947825,1.273756680624432,0,1.653497191441933,1,4727.653789691992,0.6276941519727484,0,1.0,0,957.5563646614116,1.2889244624873735,0,1.0,0,0.0,sailing,celsio,sailing_to_emitter,7076.46921144276,sailing,oygarden_terminal,sailing_to_terminal,0.0,sailing,celsio,sailing_to_emitter,6286.180268688209,1,834868.4336418924,0.0,834868.4336418924,54867.50045299764
iterative_q,9000031,365.0,0.0,1.0,2871.159202270819,1.5824269189683624,0,1.653497191441933,1,4754.239283386582,0.0,1,1.0,0,1075.015323974489,0.9997249154547284,0,1.0,0,0.0,sailing,celsio,sailing_to_emitter,7076.46921144276,sailing,oygarden_terminal,sailing_to_terminal,0.0,sailing,celsio,sailing_to_emitter,6041.3148184789525,1,836214.2484764782,0.0,836214.2484764782,55112.3659032069
iterative_q,9000031,366.0,0.0,1.0,2930.1696712324447,1.5294324658457723,0,1.653497191441933,1,4754.239283386582,0.0,1,1.0,0,1166.119624693457,0.9497321585660562,0,1.0,0,0.0,sailing,celsio,sailing_to_emitter,7076.46921144276,sailing,oygarden_terminal,sailing_to_terminal,0.0,sailing,celsio,sailing_to_emitter,5796.717847507609,1,837559.9532345763,0.0,837559.9532345763,55356.96287417824
iterative_q,9000031,367.0,0.0,1.0,2987.203907083303,1.665800162615322,0,1.653497191441933,1,4754.239283386582,0.0,1,1.0,0,1252.6680533905349,1.7459400599426491,0,1.0,0,0.0,sailing,celsio,sailing_to_emitter,7076.46921144276,sailing,oygarden_terminal,sailing_to_terminal,0.0,sailing,celsio,sailing_to_emitter,5552.379914849402,1,838905.5517869662,0.0,838905.5517869662,55601.30080683645
iterative_q,9000031,368.0,0.0,1.0,3049.323435856408,1.193328653343098,0,1.653497191441933,1,4754.239283386582,0.0,1,1.0,0,1411.7742354089626,0.938745563296496,0,1.0,0,0.0,sailing,celsio,sailing_to_emitter,7076.46921144276,sailing,oygarden_terminal,sailing_to_terminal,0.0,sailing,celsio,sailing_to_emitter,5308.292174907045,1,840251.0477603426,0.0,840251.0477603426,55845.388546778806
iterative_q,9000031,369.0,0.0,1.0,3093.8239728077624,0.7125929781327683,0,1.653497191441933,1,4754.239283386582,0.0,1,1.0,0,1497.3213375558637,1.3097682201231509,0,1.0,0,0.0,sailing,celsio,sailing_to_emitter,7076.46921144276,sailing,oygarden_terminal,sailing_to_terminal,0.0,sailing,celsio,sailing_to_emitter,5064.446325955758,1,841596.4445584125,0.0,841596.4445584125,56089.23439573009
iterative_q,9000031,370.0,0.0,1.0,3120.3973438264584,2.372330979143223,0,1.653497191441933,1,4754.239283386582,0.0,1,1.0,0,1616.6793379740566,2.787523030443244,0,1.7481449237384064,1,0.0,sailing,celsio,sailing_to_emitter,7076.46921144276,sailing,oygarden_terminal,sailing_to_terminal,0.0,sailing,celsio,sailing_to_emitter,4820.834564266495,1,842941.7453807051,0.0,842941.7453807051,56332.84615741935
iterative_q,9000031,371.0,0.0,1.0,3208.8641423901527,1.4637385874967552,0,1.653497191441933,1,4754.239283386582,0.0,1,1.0,0,1870.703618991102,2.4399207935253733,0,1.7481449237384064,1,0.0,loading,celsio,loading,7076.46921144276,sailing,oygarden_terminal,sailing_to_terminal,0.0,sailing,celsio,sailing_to_emitter,4577.449543084692,1,843871.8132393897,0.0,843871.8132393897,56576.231178601156
iterative_q,9000031,372.0,0.0,1.0,3263.4485351555813,1.079481675228937,0,1.653497191441933,1,3954.2392833865824,0.0,1,1.0,0,2093.0510804668897,1.0438857704178366,0,1.7481449237384064,1,800.0,loading,celsio,loading,7076.46921144276,sailing,oygarden_terminal,sailing_to_terminal,0.0,sailing,celsio,sailing_to_emitter,4334.284335850213,1,851082.2109743558,0.0,851082.2109743558,56819.39638583564
iterative_q,9000031,373.0,0.0,1.0,3303.7054067044437,2.506755533196349,0,1.653497191441933,1,3154.2392833865824,0.0,1,1.0,0,2188.1807153735417,2.608426128676947,0,1.7481449237384064,1,1600.0,loading,celsio,loading,7076.46921144276,sailing,oygarden_terminal,sailing_to_terminal,0.0,sailing,celsio,sailing_to_emitter,4091.3324031341795,1,858292.5212667694,0.0,858292.5212667694,57062.34831855167
iterative_q,9000031,374.0,0.0,1.0,3397.1978173000416,2.1300346303127644,0,1.653497191441933,1,2354.2392833865824,0.0,1,1.0,0,2425.8945859143823,2.0436610993013424,0,1.7481449237384064,1,2400.0,loading,celsio,loading,7076.46921144276,sailing,oygarden_terminal,sailing_to_terminal,0.0,sailing,celsio,sailing_to_emitter,3848.5875628434037,1,865502.7466512887,0.0,865502.7466512887,57305.09315884244
iterative_q,9000031,375.0,0.0,1.0,3476.647227176371,1.4062938716609585,0,1.653497191441933,1,1554.2392833865824,0.0,1,1.0,0,2612.1453180449726,2.9005424822699877,0,1.7481449237384064,1,3200.0,loading,celsio,loading,7076.46921144276,sailing,oygarden_terminal,sailing_to_terminal,0.0,sailing,celsio,sailing_to_emitter,3606.0439633060864,1,872712.8895270989,0.0,872712.8895270989,57547.63675837976
iterative_q,9000031,376.0,0.0,1.0,3529.1061920017073,2.401391378897655,0,1.653497191441933,1,754.2392833865824,0.0,1,1.0,0,2876.4966295065647,2.0937751857040636,0,1.7481449237384064,1,4000.0,loading,celsio,loading,7076.46921144276,sailing,oygarden_terminal,sailing_to_terminal,0.0,sailing,celsio,sailing_to_emitter,3363.696058905357,1,879922.9521679033,0.0,879922.9521679033,57789.984662780495
iterative_q,9000031,377.0,0.0,1.0,3618.693440128284,1.5990998576754476,0,1.653497191441933,1,0.0,0.0,1,1.0,0,3067.326086746405,2.0799039650389344,0,1.7481449237384064,1,4754.239283386582,idle,celsio,idle,7076.46921144276,sailing,oygarden_terminal,sailing_to_terminal,0.0,sailing,celsio,sailing_to_emitter,3121.5385879719624,1,886773.6910811944,0.0,886773.6910811944,58032.14213371389
iterative_q,9000031,378.0,0.0,1.0,3678.355529601784,1.7365559280858724,0,1.653497191441933,1,0.0,0.0,1,1.0,0,3256.8970346875585,0.6119768161110057,0,1.7481449237384064,1,4754.239283386582,sailing,brevik,sailing_to_emitter,7076.46921144276,sailing,oygarden_terminal,sailing_to_terminal,0.0,sailing,celsio,sailing_to_emitter,2879.5665526853318,1,888118.3196156621,0.0,888118.3196156621,58274.11416900052
iterative_q,9000031,379.0,0.0,1.0,3743.1519865210817,1.9399223537522008,0,1.653497191441933,1,0.0,0.9467040317444504,0,1.0,0,3312.6767888532913,1.452582530236152,0,1.7481449237384064,1,4754.239283386582,sailing,brevik,sailing_to_emitter,7076.46921144276,sailing,oygarden_terminal,sailing_to_terminal,0.0,sailing,celsio,sailing_to_emitter,2637.775200764535,1,889462.8740699496,0.0,889462.8740699496,58515.90552092131
iterative_q,9000031,380.0,0.0,1.0,3815.5432969069557,0.7337557725820674,0,1.653497191441933,1,40.09690704857531,1.3876580320568743,0,1.0,0,3445.079101093557,1.2910458250865195,0,1.7481449237384064,1,4754.239283386582,sailing,brevik,sailing_to_emitter,7076.46921144276,sailing,oygarden_terminal,sailing_to_terminal,0.0,sailing,celsio,sailing_to_emitter,2396.1600087582115,1,890807.3562986722,0.0,890807.3562986722,58757.52071292763
iterative_q,9000031,381.0,0.0,1.0,3842.927066742253,1.517358170117741,0,1.653497191441933,1,98.8700750724471,0.5050910950449347,0,1.0,0,3562.760964589974,1.1908405164370757,0,1.7481449237384064,1,4754.239283386582,sailing,brevik,sailing_to_emitter,7076.46921144276,sailing,oygarden_terminal,sailing_to_terminal,0.0,sailing,celsio,sailing_to_emitter,2154.7166667661763,1,892151.7680688888,0.0,892151.7680688888,58998.96405491967
iterative_q,9000031,382.0,0.0,1.0,3899.560046325049,1.9430784313422214,0,1.653497191441933,1,120.26281241165678,1.2959721104418636,0,1.0,0,3671.3121592857306,2.268379098798541,0,1.7481449237384064,1,4754.239283386582,sailing,brevik,sailing_to_emitter,7076.46921144276,sailing,oygarden_terminal,sailing_to_terminal,0.0,sailing,celsio,sailing_to_emitter,1913.441064445726,1,893496.1110658402,0.0,893496.1110658402,59240.23965724012
iterative_q,9000031,383.0,0.0,1.0,3972.088969633015,2.1377144598319506,0,1.653497191441933,1,175.15269510728734,0.834232064159659,0,1.0,0,3878.092748137692,1.8604739632395033,0,1.7481449237384064,1,4754.239283386582,sailing,brevik,sailing_to_emitter,7076.46921144276,sailing,oygarden_terminal,sailing_to_terminal,0.0,sailing,celsio,sailing_to_emitter,1672.3292781731745,1,894840.386898212,0.0,894840.386898212,59481.35144351267
iterative_q,9000031,384.0,0.0,1.0,4051.890312164865,1.7276204637777335,0,1.653497191441933,1,210.4859401468314,0.18960270620043151,0,1.0,0,4047.6947025390405,1.3548211974134277,0,1.7481449237384064,1,4754.239283386582,loading,brevik,loading,7076.46921144276,sailing,oygarden_terminal,sailing_to_terminal,0.0,sailing,celsio,sailing_to_emitter,1431.3775592462991,1,895769.4571029721,0.0,895769.4571029721,59722.303162439544
iterative_q,9000031,385.0,0.0,1.0,3316.388636336146,1.8239705056819868,0,1.653497191441933,1,218.51641411942902,0.9661654160319162,0,1.0,0,4171.204771352326,0.8732966346397097,0,1.7481449237384064,1,5554.239283386582,loading,brevik,loading,7076.46921144276,sailing,oygarden_terminal,sailing_to_terminal,0.0,sailing,celsio,sailing_to_emitter,1190.5823230265044,1,902978.8831498221,0.0,902978.8831498221,59963.09839865934
iterative_q,9000031,386.0,0.0,1.0,2584.4902632341455,1.8978259415969136,0,1.653497191441933,1,259.43759284177463,0.5496937319348578,0,1.0,0,4250.819844127859,1.783238990602665,0,1.7481449237384064,1,6354.239283386582,loading,brevik,loading,7076.46921144276,sailing,oygarden_terminal,sailing_to_terminal,0.0,sailing,celsio,sailing_to_emitter,949.9401389309508,1,910188.2464453013,0.0,910188.2464453013,60203.740582754894
iterative_q,9000031,387.0,0.0,1.0,1855.3558923672254,1.3902417829997462,0,1.653497191441933,1,282.7194398979897,0.4706294246278424,0,1.0,0,4413.395751023151,2.543122532854432,0,1.7481449237384064,1,7154.239283386582,loading,brevik,loading,7076.46921144276,sailing,oygarden_terminal,sailing_to_terminal,0.0,sailing,celsio,sailing_to_emitter,709.4477211948354,1,917397.5483365733,0.0,917397.5483365733,60444.23300049101
iterative_q,9000031,388.0,0.0,1.0,1561.5121271668054,0.8913321497135622,0,1.653497191441933,1,302.652580204633,1.0498872756166464,0,1.0,0,4645.256397978199,0.6063198286851368,0,1.7481449237384064,1,7500.0,idle,brevik,idle,7076.46921144276,sailing,oygarden_terminal,sailing_to_terminal,0.0,loading,celsio,loading,469.10192033272915,1,920625.6332647181,0.0,920625.6332647181,60684.57880135312
iterative_q,9000031,389.0,0.0,1.0,1594.8009157512165,0.7564597494253948,0,1.653497191441933,1,0.0,1.165276461974805,0,1.0,0,4700.53724032243,1.8637921728675395,0,1.7481449237384064,1,7500.0,sailing,oygarden_terminal,sailing_to_terminal,7076.46921144276,sailing,oygarden_terminal,sailing_to_terminal,347.119732651752,idle,celsio,idle,228.8997152354923,1,924279.468307984,0.0,924279.468307984,60924.78100645036
iterative_q,9000031,390.0,0.0,1.0,1623.0551685006556,1.5718091747877319,0,1.653497191441933,1,0.0,1.1487612806507248,0,1.0,0,4870.472495109216,2.724637507291538,0,1.7481449237384064,1,7500.0,sailing,oygarden_terminal,sailing_to_terminal,7076.46921144276,sailing,oygarden_terminal,sailing_to_terminal,396.47410362194864,idle,celsio,idle,0.0,1,925591.0549143914,0.0,925591.0549143914,61153.68072168585
iterative_q,9000031,391.0,0.0,1.0,1681.7685897162344,1.3880340766530808,0,1.653497191441933,1,0.0,0.8349021626618562,0,1.0,0,5118.90467873422,2.42714363955312,0,1.7481449237384064,1,7500.0,sailing,oygarden_terminal,sailing_to_terminal,7076.46921144276,sailing,oygarden_terminal,sailing_to_terminal,445.1289870350661,idle,celsio,idle,0.0,1,926803.3012929981,0.0,926803.3012929981,61153.68072168585
iterative_q,9000031,392.0,0.0,1.0,1733.6219922288253,1.7527927191254207,0,1.653497191441933,1,0.0,1.5949889370009882,0,1.0,0,5340.218087136468,1.9746845641907926,0,1.7481449237384064,1,7500.0,sailing,oygarden_terminal,sailing_to_terminal,7076.46921144276,sailing,oygarden_terminal,sailing_to_terminal,480.4906135713135,idle,celsio,idle,0.0,1,927911.1886261615,0.0,927911.1886261615,61153.68072168585
iterative_q,9000031,393.0,0.0,1.0,1799.1078110779913,1.2930512330071138,0,1.653497191441933,1,0.0,0.9793408310490717,0,1.0,0,5520.280514666931,1.3944064408814665,0,1.7481449237384064,1,7500.0,sailing,oygarden_terminal,sailing_to_terminal,7076.46921144276,sailing,oygarden_terminal,sailing_to_terminal,548.0451195266637,idle,celsio,idle,0.0,1,929271.8069640268,0.0,929271.8069640268,61153.68072168585
iterative_q,9000031,394.0,0.0,1.0,1847.421699317826,1.6235929988601383,0,1.653497191441933,1,0.0,1.125721128618238,0,1.0,0,5647.433883458312,1.8929462900053045,0,1.7481449237384064,1,7500.0,sailing,oygarden_terminal,sailing_to_terminal,7076.46921144276,sailing,oygarden_terminal,sailing_to_terminal,589.5243326225356,idle,celsio,idle,0.0,1,930427.7205634164,0.0,930427.7205634164,61153.68072168585
iterative_q,9000031,395.0,0.0,1.0,1908.0915574888681,1.9306368957210729,0,1.653497191441933,1,0.0,1.3892325596989863,0,1.0,0,5820.053404726268,1.6350069384396368,0,1.7481449237384064,1,7500.0,sailing,oygarden_terminal,sailing_to_terminal,7076.46921144276,sailing,oygarden_terminal,sailing_to_terminal,637.2033684597961,idle,celsio,idle,0.0,1,931632.3060262327,0.0,931632.3060262327,61153.68072168585
iterative_q,9000031,396.0,0.0,1.0,1980.2414970345264,2.3312155120366174,0,1.653497191441933,1,0.0,0.8407589665952332,0,1.0,0,5969.155702633105,1.4434186956307358,0,1.7481449237384064,1,7500.0,sailing,oygarden_terminal,sailing_to_terminal,7076.46921144276,sailing,oygarden_terminal,sailing_to_terminal,696.0432243675199,idle,celsio,idle,0.0,1,932924.5097860325,0.0,932924.5097860325,61153.68072168585
iterative_q,9000031,397.0,0.0,1.0,2067.369415609303,1.6617769340864497,0,1.653497191441933,1,35.609686875111294,1.2431697559245278,0,1.0,0,6100.790340443559,1.8535278216103486,0,1.7481449237384064,1,7500.0,sailing,oygarden_terminal,sailing_to_terminal,7076.46921144276,sailing,oygarden_terminal,sailing_to_terminal,696.0432243675199,sailing,brevik,sailing_to_emitter,0.0,1,934169.9297860325,0.0,934169.9297860325,61153.68072168585
iterative_q,9000031,398.0,0.0,1.0,2129.483084526369,1.8792115961851987,0,1.653497191441933,1,88.26316724220602,0.8901434745363228,0,1.0,0,6269.83057456336,2.383985429152986,0,1.7481449237384064,1,7500.0,sailing,oygarden_terminal,sailing_to_terminal,7076.46921144276,unloading,oygarden_terminal,unloading,696.0432243675199,sailing,brevik,sailing_to_emitter,0.0,1,935000.2097860326,0.0,935000.2097860326,61153.68072168585
iterative_q,9000031,399.0,0.0,1.0,2199.7303930736525,1.2957845467964373,0,1.653497191441933,1,125.96449623370793,1.0390651539231996,0,1.0,0,6487.254680169786,1.3941181174201116,0,1.7481449237384064,1,7500.0,sailing,oygarden_terminal,sailing_to_terminal,6276.46921144276,unloading,oygarden_terminal,unloading,696.0432243675199,sailing,brevik,sailing_to_emitter,522.0987951227696,1,935968.8492800323,0.0,935968.8492800323,61431.58192656308
iterative_q,9000031,400.0,0.0,1.0,2248.1728694509525,0.8538867881619004,0,1.0,0,169.97328620104437,1.4609970617774075,0,1.0,0,6614.404803439535,2.3091380436832525,0,1.7481449237384064,1,7500.0,sailing,oygarden_terminal,sailing_to_terminal,5476.46921144276,unloading,oygarden_terminal,unloading,696.0432243675199,sailing,brevik,sailing_to_emitter,1056.7247620617625,1,936932.3526335873,0.0,936932.3526335873,61696.95595962409
iterative_q,9000031,401.0,0.0,1.0,2280.0980501665986,2.3830939279462497,0,1.7463232975573968,1,231.85267133093004,0.8463825730121516,0,1.0,0,6825.015405338425,1.7850062298523572,0,1.7481449237384064,1,7500.0,sailing,oygarden_terminal,sailing_to_terminal,4676.46921144276,unloading,oygarden_terminal,unloading,696.0432243675199,sailing,brevik,sailing_to_emitter,1597.4961035305498,1,937893.3363835852,0.0,937893.3363835852,61956.1846181553
iterative_q,9000031,402.0,0.0,1.0,2369.2054495791463,2.404268434066819,0,1.7463232975573968,1,267.7005416469225,0.0,1,1.0,0,6987.82619662956,1.9818322947376399,0,1.7481449237384064,1,7500.0,sailing,oygarden_terminal,sailing_to_terminal,3876.46921144276,unloading,oygarden_terminal,unloading,696.0432243675199,sailing,brevik,sailing_to_emitter,2142.0874811291487,1,938852.7539187698,0.0,938852.7539187698,62211.5932405567
iterative_q,9000031,403.0,0.0,1.0,2459.1127767545945,0.48622910268092145,0,1.7463232975573968,1,267.7005416469225,1.3753440341654288,0,1.0,0,7168.594996365335,2.200984190555942,0,1.7481449237384064,1,7500.0,sailing,oygarden_terminal,sailing_to_terminal,3076.46921144276,unloading,oygarden_terminal,unloading,696.0432243675199,loading,brevik,loading,2689.33751759151,1,939395.9414038202,0.0,939395.9414038202,62464.34320409434
iterative_q,9000031,404.0,0.0,1.0,1677.2969098532626,1.816654449665884,0,1.7463232975573968,1,325.95215994427645,1.1652284062380454,0,1.0,0,7369.3593540155125,0.5407660824637119,0,1.7481449237384064,1,7500.0,sailing,oygarden_terminal,sailing_to_terminal,2276.46921144276,unloading,oygarden_terminal,unloading,1496.04322436752,loading,brevik,loading,3238.568553425877,1,946218.7366791281,0.0,946218.7366791281,62715.11216825997
iterative_q,9000031,405.0,0.0,1.0,945.2428491501687,1.7457375684541194,0,1.7463232975573968,1,375.30449555141837,0.8128168240227487,0,1.0,0,7418.687211389577,1.6588230513114535,0,1.7481449237384064,1,7500.0,sailing,oygarden_terminal,sailing_to_terminal,1476.4692114427598,unloading,oygarden_terminal,unloading,2296.04322436752,loading,brevik,loading,3789.34575865897,1,953040.8980249825,0.0,953040.8980249825,62964.33496302688
iterative_q,9000031,406.0,0.0,1.0,210.54231826883859,1.1766924950402895,0,1.7463232975573968,1,409.7307148845118,0.7663141660127695,0,1.0,0,7570.007090482561,2.109368517393815,0,1.7481449237384064,1,7500.0,sailing,oygarden_terminal,sailing_to_terminal,676.4692114427598,unloading,oygarden_terminal,unloading,3096.04322436752,loading,brevik,loading,4341.371430539602,1,959862.5474995115,0.0,959862.5474995115,63212.309291146245
iterative_q,9000031,407.0,0.0,1.0,0.0,2.011881866520423,0,1.7463232975573968,1,442.18735059567655,1.1104987020070396,0,1.0,0,7762.432092472766,1.9309419215667134,0,1.7481449237384064,1,7500.0,sailing,oygarden_terminal,sailing_to_terminal,0.0,idle,oygarden_terminal,idle,3350.6038344235335,idle,brevik,idle,4770.901065709024,1,962398.016381723,0.0,962398.016381723,63459.248867419585
iterative_q,9000031,408.0,0.0,1.0,0.0,1.0920893117353903,0,1.7463232975573968,1,489.2216524882023,0.5832636208171377,0,1.0,0,7938.585629106633,0.7338317545297047,0,1.7481449237384064,1,7500.0,sailing,oygarden_terminal,sailing_to_terminal,0.0,sailing,yara_sluiskil,sailing_to_emitter,3425.8721495780815,idle,brevik,idle,4524.837136607739,1,963920.0783824832,0.0,963920.0783824832,63705.31279652087
iterative_q,9000031,409.0,0.0,1.0,0.0,1.8209528413958218,0,1.7463232975573968,1,513.9253258692335,1.1619225279692122,0,1.0,0,8005.532729487342,2.4446884370686943,0,1.7481449237384064,1,7500.0,sailing,oygarden_terminal,sailing_to_terminal,0.0,sailing,yara_sluiskil,sailing_to_emitter,3466.7329977113654,idle,brevik,idle,4279.52693107378,1,965171.7146765437,0.0,965171.7146765437,63950.62300205483
iterative_q,9000031,410.0,0.0,1.0,0.0,1.914528148200937,0,1.7463232975573968,1,563.1376435941075,1.5056559102497284,0,1.0,0,8228.567156150102,2.2805020154743363,0,1.7481449237384064,1,7500.0,sailing,oygarden_terminal,sailing_to_terminal,0.0,sailing,yara_sluiskil,sailing_to_emitter,3534.870689439609,idle,brevik,idle,4034.8747851802054,1,966637.2187087149,0.0,966637.2187087149,64195.27514794841
iterative_q,9000031,411.0,0.0,1.0,0.0,1.7399395242326272,0,1.7463232975573968,1,626.9085192385012,0.847418741395251,0,1.0,0,8436.628771214915,2.3864575421413283,0,1.7481449237384064,1,7500.0,sailing,oygarden_terminal,sailing_to_terminal,0.0,sailing,yara_sluiskil,sailing_to_emitter,3606.5163647415684,idle,brevik,idle,3790.8041451690383,1,968130.0238362195,0.0,968130.0238362195,64439.34578795957
iterative_q,9000031,412.0,0.0,1.0,0.0,1.4728395720637386,0,1.7463232975573968,1,662.8002756540038,1.009377682071069,0,1.0,0,8654.363814081453,2.3090232196982012,0,1.7481449237384064,1,7500.0,sailing,oygarden_terminal,sailing_to_terminal,0.0,sailing,yara_sluiskil,sailing_to_emitter,3671.6344870651924,idle,brevik,idle,3547.2527163169384,1,969571.3713693036,0.0,969571.3713693036,64682.897216811674
iterative_q,9000031,413.0,0.0,1.0,0.0,1.5524731079395724,0,1.7463232975573968,1,705.5516760260213,0.5903563356857161,0,1.0,0,8865.040284102699,1.9839409491089264,0,1.7481449237384064,1,7500.0,sailing,oygarden_terminal,sailing_to_terminal,0.0,sailing,yara_sluiskil,sailing_to_emitter,3726.7612697980835,idle,brevik,idle,3304.1690711728625,1,970934.0898498268,0.0,970934.0898498268,64925.98086195575
iterative_q,9000031,414.0,0.0,1.0,0.0,0.822031675690443,0,1.7463232975573968,1,730.5557557846225,1.469251623734669,0,1.0,0,9046.061545770242,1.9740336161785978,0,1.7481449237384064,1,7500.0,sailing,oygarden_terminal,sailing_to_terminal,0.0,sailing,yara_sluiskil,sailing_to_emitter,3784.8739337559796,idle,brevik,idle,3061.5102169915344,1,972320.0749012593,0.0,972320.0749012593,65168.63971613708
iterative_q,9000031,415.0,0.0,1.0,0.0,1.6454015989081183,0,1.7463232975573968,1,792.7847564146315,0.7582690552572945,0,1.0,0,9226.18426843695,1.747942099086203,0,1.7481449237384064,1,7500.0,sailing,oygarden_terminal,sailing_to_terminal,0.0,sailing,yara_sluiskil,sailing_to_emitter,3815.647280576226,idle,brevik,idle,2819.2398124290694,1,973491.2726956758,0.0,973491.2726956758,65410.91012069954
iterative_q,9000031,416.0,0.0,1.0,0.0,1.7716467509727123,0,1.7463232975573968,1,824.9006477671148,0.7090511987635694,0,1.0,0,9385.681854237147,1.4628406202069288,0,1.7481449237384064,1,7500.0,unloading,oygarden_terminal,unloading,0.0,sailing,yara_sluiskil,sailing_to_emitter,3877.249671776742,idle,brevik,idle,2577.3268350052767,1,974489.2081285991,0.0,974489.2081285991,65652.82309812334
iterative_q,9000031,417.0,0.0,1.0,0.0,3.1775793089783035,0,1.7463232975573968,1,854.931955394606,0.8577674414334149,0,1.0,0,9519.168307754222,0.7874305529198251,0,1.7481449237384064,1,6700.0,unloading,oygarden_terminal,unloading,0.0,sailing,yara_sluiskil,sailing_to_emitter,3943.5846013128535,idle,brevik,idle,3135.7445685259695,1,975548.5808805522,0.0,975548.5808805522,65894.40536460264
iterative_q,9000031,418.0,0.0,1.0,0.0,1.3761222895437772,0,1.7463232975573968,1,891.2620228868442,1.2673799659469858,0,1.0,0,9591.024724572659,1.431645525183201,0,1.7481449237384064,1,5900.0,unloading,oygarden_terminal,unloading,0.0,sailing,yara_sluiskil,sailing_to_emitter,4062.572010508724,idle,brevik,idle,3694.4698220871614,1,977021.1771571694,0.0,977021.1771571694,66135.68011104145
iterative_q,9000031,419.0,0.0,1.0,0.0,1.9706736897498638,0,1.7463232975573968,1,944.9409077186355,1.030947984902099,0,1.0,0,9721.672466119997,1.432048638532562,0,1.7481449237384064,1,5100.0,unloading,oygarden_terminal,unloading,0.0,sailing,yara_sluiskil,sailing_to_emitter,4114.106871002449,idle,brevik,idle,4253.4823196207235,1,977964.1177438584,0.0,977964.1177438584,66376.66761350789
iterative_q,9000031,420.0,0.0,1.0,0.0,1.9150109079116442,0,1.7463232975573968,1,988.6059013559437,1.3257577440248043,0,1.0,0,9852.360941326848,1.4977289080672338,0,1.7481449237384064,1,4300.0,unloading,oygarden_terminal,unloading,0.0,sailing,yara_sluiskil,sailing_to_emitter,4187.913992446796,idle,brevik,idle,4812.764216989412,1,979081.7968180139,0.0,979081.7968180139,66617.3857161392
iterative_q,9000031,421.0,0.0,1.0,0.0,1.4359081796200146,0,1.7463232975573968,1,1044.757331210043,0.7942785034633982,0,1.0,0,9989.047511169882,1.2175649475736094,0,1.7481449237384064,1,3500.0,unloading,oygarden_terminal,unloading,0.0,sailing,yara_sluiskil,sailing_to_emitter,4259.642907200051,idle,brevik,idle,5372.2997158157505,1,980183.0569019885,0.0,980183.0569019885,66857.85021731285
iterative_q,9000031,422.0,0.0,1.0,0.0,2.4998381840852395,0,1.7463232975573968,1,1078.3983745098885,0.6165998075886596,0,1.0,0,10100.16895599045,2.0388283037189505,0,1.7481449237384064,1,2700.0,unloading,oygarden_terminal,unloading,0.0,sailing,yara_sluiskil,sailing_to_emitter,4313.431371398578,idle,brevik,idle,5932.074751605591,1,981143.3768202167,0.0,981143.3768202167,67098.07518152302
iterative_q,9000031,423.0,0.0,1.0,0.0,1.0653392780077706,0,1.7463232975573968,1,1104.5139759460571,1.1424911339234447,0,1.0,0,10286.248874215768,1.2774405818797805,0,1.7481449237384064,1,1900.0,unloading,oygarden_terminal,unloading,0.0,sailing,yara_sluiskil,sailing_to_emitter,4407.0826742977015,idle,brevik,idle,6492.076739591185,1,982416.5478998347,0.0,982416.5478998347,67338.07319353742
iterative_q,9000031,424.0,0.0,1.0,0.0,0.7686488290547712,0,1.7463232975573968,1,1152.9032922103356,0.7770008671177486,0,1.0,0,10402.841926180094,2.037921787976476,0,1.7481449237384064,1,1100.0,unloading,oygarden_terminal,unloading,0.0,sailing,yara_sluiskil,sailing_to_emitter,4446.997047490949,idle,brevik,idle,7052.294365889702,1,983267.7674576652,0.0,983267.7674576652,67577.8555672389
iterative_q,9000031,425.0,0.0,1.0,0.0,2.3079421364991397,0,1.7463232975573968,1,1185.812554768428,1.2802034377150262,0,1.0,0,10588.850337414942,1.5916420441279884,0,1.7481449237384064,1,300.0,unloading,oygarden_terminal,unloading,0.0,sailing,yara_sluiskil,sailing_to_emitter,4475.79812925937,idle,brevik,idle,7612.717414583211,1,984031.657620151,0.0,984031.657620151,67817.43251854539
iterative_q,9000031,426.0,0.0,1.0,0.0,1.752888021035084,0,1.7463232975573968,1,1240.0345676933528,1.1275306856234593,0,1.0,0,10734.129585059927,1.2421663212288374,0,1.7481449237384064,1,0.0,idle,oygarden_terminal,idle,0.0,sailing,yara_sluiskil,sailing_to_emitter,4562.284004979376,idle,brevik,idle,7673.336623527579,1,985233.0607739706,0.0,985233.0607739706,68056.81330960103
iterative_q,9000031,427.0,0.0,1.0,0.0,1.4823196353925057,0,1.7463232975573968,1,1287.790245898877,0.8285501905394625,0,1.0,0,10847.513392763844,1.3276863198302569,0,1.7481449237384064,1,0.0,sailing,yara_sluiskil,sailing_to_emitter,0.0,sailing,yara_sluiskil,sailing_to_emitter,4627.97621632009,idle,brevik,idle,7434.143563327329,1,986677.1282760883,0.0,986677.1282760883,68296.00636980128
iterative_q,9000031,428.0,0.0,1.0,0.0,1.612742525804885,0,1.7463232975573968,1,1322.8828396358265,0.946375109113725,0,1.0,0,10968.707046963837,2.3422801700429066,0,1.7481449237384064,1,0.0,sailing,yara_sluiskil,sailing_to_emitter,0.0,sailing,yara_sluiskil,sailing_to_emitter,4683.533501408775,idle,brevik,idle,7195.130535133615,1,988041.5574731686,0.0,988041.5574731686,68535.019397995
iterative_q,9000031,429.0,0.0,1.0,0.0,1.0112529265428145,0,1.7463232975573968,1,1362.9658154242527,1.4460195210956586,0,1.0,0,11182.521150689576,1.8982693457400968,0,1.7481449237384064,1,0.0,sailing,yara_sluiskil,sailing_to_emitter,0.0,sailing,yara_sluiskil,sailing_to_emitter,4743.984519767284,idle,brevik,idle,6956.290483845421,1,989444.3341250957,0.0,989444.3341250957,68773.85944928319
iterative_q,9000031,430.0,0.0,1.0,0.0,1.556658702515743,0,1.7463232975573968,1,1424.2108385609547,0.8853498855532643,0,1.0,0,11355.809134543231,1.6670221118806534,0,1.7481449237384064,1,0.0,sailing,yara_sluiskil,sailing_to_emitter,0.0,sailing,yara_sluiskil,sailing_to_emitter,4781.893124625169,idle,brevik,idle,6717.61692399908,1,990670.0727347847,0.0,990670.0727347847,69012.53300912953
iterative_q,9000031,431.0,0.0,1.0,0.0,2.104418063901616,0,1.7463232975573968,1,1461.709138849253,0.8393996977354662,0,1.0,0,11507.991763175205,1.4718998827496117,0,1.7481449237384064,1,0.0,sailing,yara_sluiskil,sailing_to_emitter,0.0,sailing,yara_sluiskil,sailing_to_emitter,4840.252528684439,idle,brevik,idle,6479.10387617468,1,992056.2950449452,0.0,992056.2950449452,69251.04605695393
iterative_q,9000031,432.0,0.0,1.0,0.0,2.959220890456561,0,1.7463232975573968,1,1497.2612549574756,1.1326327227156683,0,1.0,0,11642.36571752078,2.348091384279822,0,1.7481449237384064,1,0.0,sailing,yara_sluiskil,sailing_to_emitter,0.0,sailing,yara_sluiskil,sailing_to_emitter,4919.1546872991075,idle,brevik,idle,6240.745812170204,1,993603.7252199454,0.0,993603.7252199454,69489.40412095841
iterative_q,9000031,433.0,0.0,1.0,0.0,1.0102937871265762,0,1.7463232975573968,1,1545.233025944043,1.311536388144883,0,1.0,0,11856.736171569082,2.0108185947040425,0,1.7481449237384064,1,0.0,sailing,yara_sluiskil,sailing_to_emitter,0.0,sailing,yara_sluiskil,sailing_to_emitter,5030.116530884919,idle,brevik,idle,6002.537607525187,1,995402.7793109664,0.0,995402.7793109664,69727.61232560343
iterative_q,9000031,434.0,0.0,1.0,0.0,2.166677283810281,0,1.7463232975573968,1,1600.7821214193912,0.4203840810227911,0,1.0,0,12040.320637663708,1.5496673348817074,0,1.7481449237384064,1,0.0,sailing,yara_sluiskil,sailing_to_emitter,0.0,sailing,yara_sluiskil,sailing_to_emitter,5068.002934844686,idle,brevik,idle,5764.47450023678,1,996628.093346401,0.0,996628.093346401,69965.67543289185
iterative_q,9000031,435.0,0.0,1.0,0.0,2.4038685023814774,0,1.7463232975573968,1,1618.5871595899919,1.224306701017404,0,1.0,0,12181.80701336316,2.1808180876088854,0,1.7481449237384064,1,0.0,sailing,yara_sluiskil,sailing_to_emitter,0.0,sailing,yara_sluiskil,sailing_to_emitter,5149.261536027768,idle,brevik,idle,5526.552054718623,1,998193.8442291163,0.0,998193.8442291163,70203.59787841
iterative_q,9000031,436.0,0.0,1.0,0.0,2.653984562460422,0,1.7463232975573968,1,1670.4417100551304,1.345619505177586,0,1.0,0,12380.924175059305,1.3145286759636328,0,1.0,0,0.0,sailing,yara_sluiskil,sailing_to_emitter,0.0,sailing,yara_sluiskil,sailing_to_emitter,5239.4238862777365,idle,brevik,idle,5288.7661302189435,1,999829.4382428573,0.0,999829.4382428573,70441.38380290968
iterative_q,9000031,437.0,0.0,1.0,0.0,2.689340353774016,0,1.7463232975573968,1,1727.434369231235,0.5627307903439234,0,1.0,0,12500.949370330663,0.9716011424786969,0,1.0,0,0.0,sailing,yara_sluiskil,sailing_to_emitter,0.0,sailing,yara_sluiskil,sailing_to_emitter,5338.976421028473,idle,brevik,idle,5051.1128530478745,1,1001538.6957493714,0.0,1001538.6957493714,70679.03708008074
iterative_q,9000031,438.0,0.0,1.0,0.0,2.0922728099214725,0,1.7463232975573968,1,1751.2683906753123,0.9768077091172052,0,1.0,0,12589.6656818601,0.8191688368264718,0,1.0,0,0.0,sailing,yara_sluiskil,sailing_to_emitter,0.0,sailing,yara_sluiskil,sailing_to_emitter,5439.86432430259,idle,brevik,idle,4813.588592072167,1,1003258.3837032226,0.0,1003258.3837032226,70916.56134105645
iterative_q,9000031,439.0,0.0,1.0,0.0,2.4993710241946085,0,1.7463232975573968,1,1792.6403153777276,0.4972408851712312,0,1.0,0,12664.465748744557,1.040788623635285,0,1.0,0,0.0,sailing,yara_sluiskil,sailing_to_emitter,0.0,sailing,yara_sluiskil,sailing_to_emitter,5518.360958129265,idle,brevik,idle,4576.1899370234805,1,1004802.2369380647,0.0,1004802.2369380647,71153.95999610514
iterative_q,9000031,440.0,0.0,1.0,0.0,1.372799092585583,0,1.7463232975573968,1,1813.7005632323012,0.6382913656814906,0,1.0,0,12759.505261996104,1.4064384312963212,0,1.0,0,0.0,sailing,yara_sluiskil,sailing_to_emitter,0.0,sailing,yara_sluiskil,sailing_to_emitter,5612.139365951979,idle,brevik,idle,4338.913679238524,1,1006466.009938829,0.0,1006466.009938829,71391.23625389009
iterative_q,9000031,441.0,0.0,1.0,0.0,1.8151150248940557,0,1.7463232975573968,1,1840.73489360531,0.7856018155865245,0,1.0,0,12887.937927069717,0.8580124879700682,0,1.0,0,0.0,sailing,yara_sluiskil,sailing_to_emitter,0.0,sailing,yara_sluiskil,sailing_to_emitter,5663.6525618987735,idle,brevik,idle,4101.756794508508,1,1007797.9298941784,0.0,1007797.9298941784,71628.39313862011
iterative_q,9000031,442.0,0.0,1.0,0.0,2.1255771640829955,0,1.7463232975573968,1,1874.0084425926539,0.3969764475222851,0,1.0,0,12966.291982688314,0.820902321903377,0,1.0,0,0.0,sailing,yara_sluiskil,sailing_to_emitter,0.0,sailing,yara_sluiskil,sailing_to_emitter,5731.769488843023,idle,brevik,idle,3864.7164277643906,1,1009260.1500824427,0.0,1009260.1500824427,71865.43350536423
iterative_q,9000031,443.0,0.0,1.0,0.0,1.5134458306708727,0,1.7463232975573968,1,1890.8220687979253,1.1889448237503444,0,1.0,0,13041.259384163988,0.9181236442500709,0,1.0,0,0.0,sailing,yara_sluiskil,sailing_to_emitter,0.0,sailing,yara_sluiskil,sailing_to_emitter,5811.544553020725,idle,brevik,idle,3627.789879364971,1,1010813.8461029901,0.0,1010813.8461029901,72102.36005376365
iterative_q,9000031,444.0,0.0,1.0,0.0,1.3677697736388965,0,1.7463232975573968,1,1941.1788946751294,0.3985717262634966,0,1.0,0,13125.107874321373,0.8787123482136966,0,1.0,0,0.0,sailing,yara_sluiskil,sailing_to_emitter,0.0,sailing,yara_sluiskil,sailing_to_emitter,5868.350858422591,idle,brevik,idle,3390.9745927888025,1,1012187.1796912014,0.0,1012187.1796912014,72339.17534033982
iterative_q,9000031,445.0,0.0,1.0,51.343094196527865,1.5359410033356273,0,1.7463232975573968,1,1958.0600876607864,0.601820776014469,0,1.0,0,13205.35951318343,0.9546437183048654,0,1.0,0,0.0,sailing,yara_sluiskil,sailing_to_emitter,0.0,sailing,yara_sluiskil,sailing_to_emitter,5868.350858422591,sailing,celsio,sailing_to_emitter,3154.268143559199,1,1013529.6493353854,0.0,1013529.6493353854,72575.88178956942
iterative_q,9000031,446.0,0.0,1.0,109.0041979175944,1.7524377380897913,0,1.7463232975573968,1,1983.5497348013907,0.8509149439244844,0,1.0,0,13292.54849388995,0.7235837636883469,0,1.0,0,0.0,sailing,yara_sluiskil,sailing_to_emitter,0.0,sailing,yara_sluiskil,sailing_to_emitter,5868.350858422591,sailing,celsio,sailing_to_emitter,2917.668229255472,1,1014872.07530025,0.0,1014872.07530025,72812.48170387316
iterative_q,9000031,447.0,0.0,1.0,174.79881738246155,0.4494922281352757,0,1.7463232975573968,1,2019.5895701339962,0.90192947088839,0,1.0,0,13358.636430843577,1.0783000208555429,0,1.0,0,0.0,sailing,yara_sluiskil,sailing_to_emitter,0.0,sailing,yara_sluiskil,sailing_to_emitter,5868.350858422591,sailing,celsio,sailing_to_emitter,2681.1726604835953,1,1016214.4584834465,0.0,1016214.4584834465,73048.97727264503
iterative_q,9000031,448.0,0.0,1.0,191.6763645997595,0.6929140584685214,0,1.7463232975573968,1,2057.7900857607688,0.5549559365320218,0,1.0,0,13457.12506054196,0.7203548173627132,0,1.0,0,0.0,sailing,yara_sluiskil,sailing_to_emitter,0.0,sailing,yara_sluiskil,sailing_to_emitter,5868.350858422591,sailing,celsio,sailing_to_emitter,2444.779352696516,1,1017556.7997396392,0.0,1017556.7997396392,73285.3705804321
iterative_q,9000031,449.0,0.0,1.0,217.69628044109825,2.0906842529422422,0,1.7463232975573968,1,2081.2948093671284,0.8136366076047421,0,1.0,0,13522.922053453423,1.1271442749688323,0,1.0,0,0.0,sailing,yara_sluiskil,sailing_to_emitter,0.0,sailing,yara_sluiskil,sailing_to_emitter,5868.350858422591,sailing,celsio,sailing_to_emitter,2208.486318768759,1,1018899.0998835495,0.0,1018899.0998835495,73521.66361435986
iterative_q,9000031,450.0,0.0,1.0,296.21158468812666,1.189458185220568,0,1.7463232975573968,1,2115.755749991127,0.957554225904942,0,1.0,0,13625.878178668272,0.8917089880664362,0,1.0,0,0.0,sailing,yara_sluiskil,sailing_to_emitter,0.0,sailing,yara_sluiskil,sailing_to_emitter,5868.350858422591,sailing,celsio,sailing_to_emitter,1972.2916622423022,1,1020241.3596927254,0.0,1020241.3596927254,73757.85827088631
iterative_q,9000031,451.0,0.0,1.0,340.88553948914705,1.9257482295266357,0,1.7463232975573968,1,2156.3122085068176,0.7557741785579214,0,1.0,0,13707.331523442088,1.1882771088710227,0,1.0,0,0.0,sailing,yara_sluiskil,sailing_to_emitter,0.0,loading,yara_sluiskil,loading,5868.350858422591,loading,celsio,loading,1736.1935711712026,1,1020753.2999100646,0.0,1020753.2999100646,73993.9563619574
iterative_q,9000031,452.0,0.0,1.0,413.2198069945086,1.3100472133716867,0,1.7463232975573968,1,1388.3224313126825,0.9870763968360717,0,1.0,0,13015.878219193539,1.5716965735353807,0,1.0,0,0.0,sailing,yara_sluiskil,sailing_to_emitter,800.0,loading,yara_sluiskil,loading,6668.350858422591,loading,celsio,loading,1500.1903125014796,1,1033826.0412461191,0.0,1033826.0412461191,74229.95962062712
iterative_q,9000031,453.0,0.0,1.0,462.4317908269878,1.892236304670251,0,1.7463232975573968,1,630.1292782327791,0.8901628046102016,0,1.0,0,12359.453834379225,0.7160211022291311,0,1.0,0,0.0,sailing,yara_sluiskil,sailing_to_emitter,1600.0,loading,yara_sluiskil,loading,7468.350858422591,loading,celsio,loading,1264.2802269305394,1,1046898.7443812032,0.0,1046898.7443812032,74465.86970619806
iterative_q,9000031,454.0,0.0,1.0,533.5201739349407,2.088910632508164,0,1.7463232975573968,1,636.1822843569964,1.4406036757651022,0,1.0,0,11624.864850957207,1.1328419445507238,0,1.0,0,0.0,sailing,yara_sluiskil,sailing_to_emitter,2400.0,loading,yara_sluiskil,loading,7500.0,idle,celsio,idle,1028.4617241970839,1,1053939.4523445058,0.0,1053939.4523445058,74701.68820893152
iterative_q,9000031,455.0,0.0,1.0,612.0044171496744,1.6011387428641966,0,1.7463232975573968,1,697.1979236107455,0.8190554508178608,0,1.0,0,10928.357021330072,0.7722687278264943,0,1.0,0,0.0,sailing,yara_sluiskil,sailing_to_emitter,3200.0,loading,yara_sluiskil,loading,7500.0,sailing,oygarden_terminal,sailing_to_terminal,792.7332787582662,1,1061146.8010071358,0.0,1061146.8010071358,74937.41665437033
iterative_q,9000031,456.0,0.0,1.0,672.1676153043147,1.5899721509644689,0,1.7463232975573968,1,731.8883750906626,0.7995495268221314,0,1.0,0,10198.91070922381,1.7157037845236338,0,1.0,0,0.0,sailing,yara_sluiskil,sailing_to_emitter,4000.0,loading,yara_sluiskil,loading,7500.0,sailing,oygarden_terminal,sailing_to_terminal,557.093425815855,1,1068354.1133468424,0.0,1068354.1133468424,75173.05650731274
iterative_q,9000031,457.0,0.0,1.0,731.9166365849051,1.6393974850777195,0,1.7463232975573968,1,765.752668452385,0.9764997659118907,0,1.0,0,9555.660394018178,1.4930351626982001,0,1.0,0,0.0,sailing,yara_sluiskil,sailing_to_emitter,4800.0,loading,yara_sluiskil,loading,7500.0,sailing,oygarden_terminal,sailing_to_terminal,321.54075765753765,1,1075561.389940787,0.0,1075561.389940787,75408.60917547105
iterative_q,9000031,458.0,0.0,1.0,793.5285761511375,1.2114704544826342,0,1.7463232975573968,1,807.1115504617667,0.8830084186341894,0,1.0,0,8892.070799168378,1.77958238931294,0,1.656130132996183,1,0.0,sailing,yara_sluiskil,sailing_to_emitter,5600.0,loading,yara_sluiskil,loading,7500.0,sailing,oygarden_terminal,sailing_to_terminal,86.0739202832847,1,1082768.6313441107,0.0,1082768.6313441107,75644.0760128453
iterative_q,9000031,459.0,0.0,1.0,839.0622577280991,2.082592703673837,0,1.7463232975573968,1,844.5106797544175,1.4467381878204328,0,1.0,0,8254.666350007912,1.5147794417590565,0,1.656130132996183,1,0.0,sailing,yara_sluiskil,sailing_to_emitter,6400.0,loading,yara_sluiskil,loading,7500.0,sailing,oygarden_terminal,sailing_to_terminal,0.0,1,1089914.6216514267,0.0,1089914.6216514267,75730.14993312859
iterative_q,9000031,460.0,0.0,1.0,917.3445620468508,1.2834301327858066,0,1.7463232975573968,1,905.7861414568127,0.9608398629080066,0,1.0,0,7593.071756690113,1.6850830611691674,0,1.656130132996183,1,0.0,sailing,yara_sluiskil,sailing_to_emitter,7200.0,loading,yara_sluiskil,loading,7500.0,sailing,oygarden_terminal,sailing_to_terminal,0.0,1,1097025.3216514268,0.0,1097025.3216514268,75730.14993312859
iterative_q,9000031,461.0,0.0,1.0,965.5916179749611,1.9788980014802342,0,1.7463232975573968,1,946.4817605518289,0.38469221551822064,0,1.0,0,7447.0424501885545,1.9365046745062946,0,1.656130132996183,1,0.0,sailing,yara_sluiskil,sailing_to_emitter,7500.0,idle,yara_sluiskil,idle,7500.0,sailing,oygarden_terminal,sailing_to_terminal,0.0,1,1100210.7591514268,0.0,1100210.7591514268,75730.14993312859
iterative_q,9000031,462.0,0.0,1.0,1039.9896260756595,1.4487682339662313,0,1.7463232975573968,1,962.7750977414062,1.1446449974404567,0,1.0,0,7623.991565994484,1.4595510868179304,0,1.656130132996183,1,0.0,sailing,yara_sluiskil,sailing_to_emitter,7500.0,sailing,oygarden_terminal,sailing_to_terminal,7500.0,sailing,oygarden_terminal,sailing_to_terminal,0.0,1,1101456.1791514268,0.0,1101456.1791514268,75730.14993312859
iterative_q,9000031,463.0,0.0,1.0,1094.4619773572463,2.535678860258719,0,1.7463232975573968,1,1011.2556392063187,0.5793771932135933,0,1.0,0,7757.362822203628,2.064778493549225,0,1.656130132996183,1,0.0,sailing,yara_sluiskil,sailing_to_emitter,7500.0,sailing,oygarden_terminal,sailing_to_terminal,7500.0,sailing,oygarden_terminal,sailing_to_terminal,0.0,1,1102701.5991514267,0.0,1102701.5991514267,75730.14993312859
iterative_q,9000031,464.0,0.0,1.0,1189.8097985935842,1.41038453463039,0,1.7463232975573968,1,1035.794705993161,0.9843094889335611,0,1.0,0,7946.044401471669,1.2451137654008126,0,1.656130132996183,1,0.0,sailing,yara_sluiskil,sailing_to_emitter,7500.0,sailing,oygarden_terminal,sailing_to_terminal,7500.0,sailing,oygarden_terminal,sailing_to_terminal,0.0,1,1103947.0191514269,0.0,1103947.0191514269,75730.14993312859
iterative_q,9000031,465.0,0.0,1.0,1242.8485586190577,2.394302918312609,0,1.7463232975573968,1,1077.4843626983027,1.389783463945751,0,1.0,0,8059.827606374256,0.9569921354452862,0,1.656130132996183,1,0.0,sailing,yara_sluiskil,sailing_to_emitter,7500.0,sailing,oygarden_terminal,sailing_to_terminal,7500.0,sailing,oygarden_terminal,sailing_to_terminal,0.0,1,1105192.4391514268,0.0,1105192.4391514268,75730.14993312859
iterative_q,9000031,466.0,0.0,1.0,1332.89658902742,1.5895076139809234,0,1.7463232975573968,1,1136.3475517234892,1.3473683874663436,0,1.0,0,8147.2838035688355,2.220903014475438,0,1.656130132996183,1,0.0,sailing,yara_sluiskil,sailing_to_emitter,7500.0,sailing,oygarden_terminal,sailing_to_terminal,7500.0,sailing,oygarden_terminal,sailing_to_terminal,0.0,1,1106437.8591514267,0.0,1106437.8591514267,75730.14993312859
iterative_q,9000031,467.0,0.0,1.0,1392.6822509332471,1.5005881046025942,0,1.7463232975573968,1,1193.4142834378104,1.1571929222316768,0,1.0,0,8350.250557662412,1.7862829344220967,0,1.656130132996183,1,0.0,sailing,yara_sluiskil,sailing_to_emitter,7500.0,sailing,oygarden_terminal,sailing_to_terminal,7500.0,sailing,oygarden_terminal,sailing_to_terminal,0.0,1,1107683.2791514269,0.0,1107683.2791514269,75730.14993312859
iterative_q,9000031,468.0,0.0,1.0,1449.1285171324364,1.4557838457039227,0,1.7463232975573968,1,1242.426282419682,1.359407757668996,0,1.0,0,8513.502611560414,2.0773816586164453,0,1.656130132996183,1,0.0,sailing,yara_sluiskil,sailing_to_emitter,7500.0,sailing,oygarden_terminal,sailing_to_terminal,7500.0,sailing,oygarden_terminal,sailing_to_terminal,0.0,1,1108928.6991514268,0.0,1108928.6991514268,75730.14993312859
iterative_q,9000031,469.0,0.0,1.0,1503.8943760601112,1.671059041591435,0,1.7463232975573968,1,1300.0029322200703,1.5491717818725665,0,1.0,0,8703.364499005478,1.7850198307464278,0,1.656130132996183,1,0.0,sailing,yara_sluiskil,sailing_to_emitter,7500.0,sailing,oygarden_terminal,sailing_to_terminal,7500.0,sailing,oygarden_terminal,sailing_to_terminal,0.0,1,1110174.1191514267,0.0,1110174.1191514267,75730.14993312859
iterative_q,9000031,470.0,0.0,1.0,1566.7644682891787,1.7678197953305559,0,1.7463232975573968,1,1365.6168884906058,1.214884375839819,0,1.0,0,8866.510952517276,1.7241426428967574,0,1.656130132996183,1,0.0,sailing,yara_sluiskil,sailing_to_emitter,7500.0,sailing,oygarden_terminal,sailing_to_terminal,7500.0,sailing,oygarden_terminal,sailing_to_terminal,0.0,1,1111419.5391514266,0.0,1111419.5391514266,75730.14993312859
iterative_q,9000031,471.0,0.0,1.0,1633.2809968611436,1.9457644206016707,0,1.7463232975573968,1,1417.0723637599506,1.6078581641451524,0,1.0,0,9024.098129734686,1.332998960204122,0,1.656130132996183,1,0.0,sailing,yara_sluiskil,sailing_to_emitter,7500.0,sailing,oygarden_terminal,sailing_to_terminal,7500.0,sailing,oygarden_terminal,sailing_to_terminal,0.0,1,1112664.9591514266,0.0,1112664.9591514266,75730.14993312859
iterative_q,9000031,472.0,0.0,1.0,1706.4995477367027,1.9182017678576588,0,1.7463232975573968,1,1485.1719357415177,1.136607206079047,0,1.0,0,9145.938324338153,1.7297884762332505,0,1.656130132996183,1,0.0,loading,yara_sluiskil,loading,7500.0,sailing,oygarden_terminal,sailing_to_terminal,7500.0,sailing,oygarden_terminal,sailing_to_terminal,0.0,1,1113495.2391514268,0.0,1113495.2391514268,75730.14993312859
iterative_q,9000031,473.0,0.0,1.0,1778.6874516232897,2.0058068173619366,0,1.7463232975573968,1,1533.3120428549462,1.0639823041327252,0,1.0,0,8504.051063624169,1.1511761655653394,0,1.656130132996183,1,800.0,loading,yara_sluiskil,loading,7500.0,sailing,oygarden_terminal,sailing_to_terminal,7500.0,sailing,oygarden_terminal,sailing_to_terminal,0.0,1,1120605.9391514265,0.0,1120605.9391514265,75730.14993312859
iterative_q,9000031,474.0,0.0,0.7445292810492403,1854.1790319978413,1.0047981973857691,0,1.7463232975573968,1,1578.3761791843613,1.146369618191377,0,1.0,0,7809.278439945989,0.9041140760737254,0,1.0,0,1600.0,loading,yara_sluiskil,loading,7500.0,sailing,oygarden_terminal,sailing_to_terminal,7500.0,sailing,oygarden_terminal,sailing_to_terminal,0.0,1,1127716.639151427,0.0,1127716.639151427,75730.14993312859
iterative_q,9000031,475.0,0.0,0.7445292810492403,1891.999555763586,1.8402762163651454,0,1.7463232975573968,1,1626.9297656090764,0.5954640522578354,0,1.0,0,7091.924712823951,1.4718445580592308,0,1.0,0,2400.0,loading,yara_sluiskil,loading,7500.0,sailing,oygarden_terminal,sailing_to_terminal,7500.0,sailing,oygarden_terminal,sailing_to_terminal,0.0,1,1134827.3391514267,0.0,1134827.3391514267,75730.14993312859
iterative_q,9000031,476.0,0.0,0.7445292810492403,1961.273667785437,2.23382307220857,0,1.7463232975573968,1,1652.15017869864,1.5027868431358136,0,1.0,0,6426.472040776699,0.5814211461227755,0,1.0,0,3200.0,loading,yara_sluiskil,loading,7500.0,sailing,oygarden_terminal,sailing_to_terminal,7500.0,sailing,oygarden_terminal,sailing_to_terminal,0.0,1,1141938.0391514269,0.0,1141938.0391514269,75730.14993312859
iterative_q,9000031,477.0,0.0,0.7445292810492403,2045.3697929173513,1.6854703227975503,0,1.7463232975573968,1,1715.7995372547725,0.5844339691961178,0,1.0,0,5679.623726408685,1.1983838481662783,0,1.0,0,4000.0,loading,yara_sluiskil,loading,7500.0,sailing,oygarden_terminal,sailing_to_terminal,7500.0,sailing,oygarden_terminal,sailing_to_terminal,0.0,1,1149048.7391514268,0.0,1149048.7391514268,75730.14993312859
iterative_q,9000031,478.0,0.0,0.7445292810492403,2108.827969681821,1.9344158038988954,0,1.0,0,1740.5527798238422,0.8685120895659263,0,1.0,0,4989.179497256123,0.9722228387810897,0,1.0,0,4800.0,loading,yara_sluiskil,loading,7500.0,sailing,oygarden_terminal,sailing_to_terminal,7500.0,sailing,oygarden_terminal,sailing_to_terminal,0.0,1,1156159.439151427,0.0,1156159.439151427,75730.14993312859
iterative_q,9000031,479.0,0.0,0.7445292810492403,2181.6655589896495,0.8545980134753997,0,1.0,0,1777.3379284639288,1.1646247920007065,0,1.0,0,4278.062397790052,1.3050099836334716,0,1.0,0,5600.0,loading,yara_sluiskil,loading,7500.0,sailing,oygarden_terminal,sailing_to_terminal,7500.0,sailing,oygarden_terminal,sailing_to_terminal,0.0,1,1163270.1391514267,0.0,1163270.1391514267,75730.14993312859
iterative_q,9000031,480.0,0.0,0.7445292810492403,2213.8471016888197,0.9166645598356378,0,1.0,0,1826.6646984632819,1.0015208326371496,0,1.0,0,3597.373077789831,0.9976426722442254,0,1.0,0,6400.0,loading,yara_sluiskil,loading,7500.0,sailing,oygarden_terminal,sailing_to_terminal,7500.0,sailing,oygarden_terminal,sailing_to_terminal,0.0,1,1170380.8391514271,0.0,1170380.8391514271,75730.14993312859
iterative_q,9000031,481.0,0.0,0.7445292810492403,2248.3690006781803,1.1611862359383638,0,1.0,0,1869.0833281372957,0.2692048512769488,0,1.0,0,2888.5854163483723,0.584638508972614,0,1.0,0,7200.0,loading,yara_sluiskil,loading,7500.0,sailing,oygarden_terminal,sailing_to_terminal,7500.0,sailing,oygarden_terminal,sailing_to_terminal,0.0,1,1177491.5391514269,0.0,1177491.5391514269,75730.14993312859
iterative_q,9000031,482.0,0.0,0.7445292810492403,2292.1036206437,1.0646932680190284,0,1.0,0,1880.4852885565274,0.7215425997157724,0,1.0,0,2642.0392771149754,1.275711957323067,0,1.0,0,7500.0,idle,yara_sluiskil,idle,7500.0,sailing,oygarden_terminal,sailing_to_terminal,7500.0,sailing,oygarden_terminal,sailing_to_terminal,0.0,1,1180676.976651427,0.0,1180676.976651427,75730.14993312859
iterative_q,9000031,483.0,0.0,0.7445292810492403,2332.20757741539,0.7272406085288816,0,1.0,0,1911.0456596780907,0.7856723489202081,0,1.0,0,2758.6819256251674,0.6669610901144825,0,1.0,0,7500.0,sailing,oygarden_terminal,sailing_to_terminal,7500.0,sailing,oygarden_terminal,sailing_to_terminal,7500.0,sailing,oygarden_terminal,sailing_to_terminal,0.0,1,1181922.396651427,0.0,1181922.396651427,75730.14993312859
iterative_q,9000031,484.0,0.0,0.7445292810492403,2359.6031311210077,1.1022094157564013,0,1.0,0,1944.3221960494845,0.8999492997299363,0,1.0,0,2819.6662658988557,0.9630658005051917,0,1.0,0,7500.0,sailing,oygarden_terminal,sailing_to_terminal,7500.0,sailing,oygarden_terminal,sailing_to_terminal,7500.0,sailing,oygarden_terminal,sailing_to_terminal,0.0,1,1183167.816651427,0.0,1183167.816651427,75730.14993312859
iterative_q,9000031,485.0,0.0,0.7445292810492403,2401.1277168463716,1.1784397360204613,0,1.37178610686908,1,1982.438843079295,0.46044009308032596,0,1.0,0,2907.7279279156173,1.2838045847530357,0,1.0,0,7500.0,sailing,oygarden_terminal,sailing_to_terminal,7500.0,sailing,oygarden_terminal,sailing_to_terminal,7500.0,sailing,oygarden_terminal,sailing_to_terminal,0.0,1,1184413.2366514269,0.0,1184413.2366514269,75730.14993312859
iterative_q,9000031,486.0,0.0,0.7445292810492403,2445.528210304961,1.2611842550080685,0,1.37178610686908,1,2001.9404222366793,0.6790696008710656,0,1.0,0,3025.121124584954,0.638537455003822,0,1.0,0,7500.0,sailing,oygarden_terminal,sailing_to_terminal,7500.0,sailing,oygarden_terminal,sailing_to_terminal,7500.0,sailing,oygarden_terminal,sailing_to_terminal,0.0,1,1185658.6566514268,0.0,1185658.6566514268,75730.14993312859
iterative_q,9000031,487.0,0.0,0.7445292810492403,2493.0505915336985,1.2019559112548384,0,1.37178610686908,1,2030.7018827910063,0.7571945542909281,0,1.0,0,3083.511795842618,0.4576525814786293,0,1.0,0,7500.0,sailing,oygarden_terminal,sailing_to_terminal,7500.0,sailing,oygarden_terminal,sailing_to_terminal,7500.0,sailing,oygarden_terminal,sailing_to_terminal,0.0,1,1186904.076651427,0.0,1186904.076651427,75730.14993312859
iterative_q,9000031,488.0,0.0,0.7445292810492403,2538.3452940122393,1.2155927675099554,0,1.37178610686908,1,2062.772264497468,1.3264702429298967,0,1.0,0,3125.3628201089814,1.0800703614611868,0,1.0,0,7500.0,sailing,oygarden_terminal,sailing_to_terminal,7500.0,sailing,oygarden_terminal,sailing_to_terminal,7500.0,sailing,oygarden_terminal,sailing_to_terminal,0.0,1,1188149.496651427,0.0,1188149.496651427,75730.14993312859
iterative_q,9000031,489.0,0.0,0.7445292810492403,2584.1580266668934,1.2315304468638362,0,1.37178610686908,1,2118.953871684093,0.6883022504826588,0,1.0,0,3224.135152057923,1.0467755083453,0,1.0,0,7500.0,sailing,oygarden_terminal,sailing_to_terminal,7500.0,sailing,oygarden_terminal,sailing_to_terminal,7500.0,sailing,oygarden_terminal,sailing_to_terminal,0.0,1,1189394.9166514268,0.0,1189394.9166514268,75730.14993312859
iterative_q,9000031,490.0,0.0,0.7445292810492403,2630.575603793725,1.536450875517328,0,1.37178610686908,1,2148.1063738743214,1.4073355838588353,0,1.0,0,3319.8655567189526,1.01702207640582,0,1.0,0,7500.0,sailing,oygarden_terminal,sailing_to_terminal,7500.0,sailing,oygarden_terminal,sailing_to_terminal,7500.0,sailing,oygarden_terminal,sailing_to_terminal,0.0,1,1190640.336651427,0.0,1190640.336651427,75730.14993312859
iterative_q,9000031,491.0,0.0,0.7445292810492403,2688.4911561916515,0.4614615870801948,0,1.37178610686908,1,2207.7129691775644,1.2617689746314795,0,1.0,0,3412.8777327808084,1.151035806487636,0,1.0,0,7500.0,sailing,oygarden_terminal,sailing_to_terminal,7500.0,sailing,oygarden_terminal,sailing_to_terminal,7500.0,unloading,oygarden_terminal,unloading,0.0,1,1191470.6166514268,0.0,1191470.6166514268,75730.14993312859
iterative_q,9000031,492.0,0.0,0.7445292810492403,2705.887231734005,1.3064993250826513,0,1.37178610686908,1,2261.1542048712045,0.8972077166536102,0,1.0,0,3518.1493612466415,1.2372604411961474,0,1.0,0,7500.0,sailing,oygarden_terminal,sailing_to_terminal,7500.0,sailing,oygarden_terminal,sailing_to_terminal,6700.0,unloading,oygarden_terminal,unloading,514.6118721461187,1,1192442.3257838471,0.0,1192442.3257838471,76015.53806098246
iterative_q,9000031,493.0,0.0,0.7445292810492403,2755.1437979588245,1.1962610600103438,0,1.37178610686908,1,2299.154734299218,0.7100033679035659,0,1.0,0,3631.3103456643494,0.8717214232254932,0,1.0,0,7500.0,sailing,oygarden_terminal,sailing_to_terminal,7500.0,sailing,oygarden_terminal,sailing_to_terminal,5900.0,unloading,oygarden_terminal,unloading,1034.9150824856733,1,1193411.7014676079,0.0,1193411.7014676079,76295.23485064291
iterative_q,9000031,494.0,0.0,0.7445292810492403,2800.2483223856525,1.895730501494895,0,1.37178610686908,1,2329.226370304133,0.7882476769542446,0,1.0,0,3711.041195839112,0.31016845017203365,0,1.0,0,7500.0,sailing,oygarden_terminal,sailing_to_terminal,7500.0,sailing,oygarden_terminal,sailing_to_terminal,5100.0,unloading,oygarden_terminal,unloading,1563.0657912273302,1,1194377.859677024,0.0,1194377.859677024,76567.08414190126
iterative_q,9000031,495.0,0.0,0.7445292810492403,2871.732501595795,1.7702656434303587,0,1.37178610686908,1,2362.6119826753516,1.3010297284689525,0,1.0,0,3739.4111985359914,0.8447701244405035,0,1.0,0,7500.0,sailing,oygarden_terminal,sailing_to_terminal,7500.0,sailing,oygarden_terminal,sailing_to_terminal,4300.0,unloading,oygarden_terminal,unloading,2096.308936751185,1,1195341.9299873589,0.0,1195341.9299873589,76833.8409963774
iterative_q,9000031,496.0,0.0,0.7445292810492403,2938.491679678798,1.4536756554355743,0,1.37178610686908,1,2417.716076817347,0.9872213645750045,0,1.0,0,3816.6816383995338,0.6025452643953534,0,1.0,0,7500.0,sailing,oygarden_terminal,sailing_to_terminal,7500.0,sailing,oygarden_terminal,sailing_to_terminal,3500.0,unloading,oygarden_terminal,unloading,2633.2497708116744,1,1196304.4842453946,0.0,1196304.4842453946,77096.90016231692
iterative_q,9000031,497.0,0.0,0.7445292810492403,2993.3167561126897,1.0130891564095514,0,1.37178610686908,1,2459.5290637323715,1.3790476578631568,0,1.0,0,3871.7976262868615,0.8827498078424454,0,1.0,0,7500.0,sailing,oygarden_terminal,sailing_to_terminal,7500.0,sailing,oygarden_terminal,sailing_to_terminal,2700.0,unloading,oygarden_terminal,unloading,3173.052501788801,1,1197265.8651256936,0.0,1197265.8651256936,77357.09743133979
iterative_q,9000031,498.0,0.0,0.7445292810492403,3031.52865147962,1.1767430257014664,0,1.37178610686908,1,2517.9375461078016,1.2863237737943283,0,1.0,0,3952.546901017057,0.5809288354042967,0,1.0,0,7500.0,sailing,oygarden_terminal,sailing_to_terminal,7500.0,sailing,oygarden_terminal,sailing_to_terminal,1900.0,unloading,oygarden_terminal,unloading,3715.1644980645906,1,1198226.2992072208,0.0,1198226.2992072208,77614.985435064
iterative_q,9000031,499.0,0.0,0.7445292810492403,3075.91728119792,1.1207461635216358,0,1.37178610686908,1,2572.418781069022,0.9079268331098992,0,1.0,0,4005.688792996885,1.3063889635901393,0,1.0,0,7500.0,sailing,oygarden_terminal,sailing_to_terminal,7500.0,sailing,oygarden_terminal,sailing_to_terminal,1100.0,unloading,oygarden_terminal,unloading,4259.195621569404,1,1199185.9464465836,0.0,1199185.9464465836,77870.95431155918
iterative_q,9000031,500.0,0.0,0.7445292810492403,3118.1974335790123,1.3466166843257912,0,1.37178610686908,1,2610.8733102707547,0.47170979519915635,0,1.0,0,4125.197531034182,0.9618280764035764,0,1.0,0,7500.0,sailing,oygarden_terminal,sailing_to_terminal,7500.0,sailing,oygarden_terminal,sailing_to_terminal,300.0,unloading,oygarden_terminal,unloading,4804.857208596655,1,1200144.9251959026,0.0,1200144.9251959026,78125.29272453193
iterative_q,9000031,501.0,0.0,0.7445292810492403,3169.0031345716297,0.7532044504807838,0,1.37178610686908,1,2630.8522088259356,1.5294749128363367,0,1.0,0,4213.188416245656,1.3441688210668967,0,1.0,0,7500.0,sailing,oygarden_terminal,sailing_to_terminal,7500.0,sailing,oygarden_terminal,sailing_to_terminal,0.0,idle,oygarden_terminal,idle,4851.927984939727,1,1201088.0636776017,0.0,1201088.0636776017,78378.22194818886
iterative_q,9000031,502.0,0.0,0.7445292810492403,3197.422901788325,1.0686845644759448,0,1.37178610686908,1,2695.631919650787,0.9428568790534971,0,1.0,0,4336.160669986682,1.4027165775651542,0,1.0,0,7500.0,sailing,oygarden_terminal,sailing_to_terminal,7500.0,sailing,oygarden_terminal,sailing_to_terminal,0.0,sailing,brevik,sailing_to_emitter,4600.23357907948,1,1202436.6783840046,0.0,1202436.6783840046,78629.91635404911
iterative_q,9000031,503.0,0.0,0.7445292810492403,3237.749941458637,0.4790367954265389,0,1.37178610686908,1,2735.565883563305,1.2553249079823032,0,1.0,0,4464.49307333077,1.2106002614759586,0,1.0,0,7500.0,sailing,oygarden_terminal,sailing_to_terminal,7500.0,sailing,oygarden_terminal,sailing_to_terminal,0.0,sailing,brevik,sailing_to_emitter,4349.633493760143,1,1203784.8444189855,0.0,1203784.8444189855,78880.51643936845
iterative_q,9000031,504.0,0.0,0.7445292810492403,3255.8281271311093,1.595879279486248,0,1.37178610686908,1,2788.7341858661675,1.5342451452098302,0,1.0,0,4575.252382712728,0.7285089370689843,0,1.0,0,7500.0,sailing,oygarden_terminal,sailing_to_terminal,7500.0,sailing,oygarden_terminal,sailing_to_terminal,0.0,sailing,brevik,sailing_to_emitter,4100.01244029247,1,1205132.6090509072,0.0,1205132.6090509072,79130.13749283613
iterative_q,9000031,505.0,0.0,0.7445292810492403,3316.0598348150647,0.9335352058585359,0,1.37178610686908,1,2853.715936143336,1.0372711710570894,0,1.0,0,4641.906569930301,0.6763373852496677,0,1.0,0,7500.0,sailing,oygarden_terminal,sailing_to_terminal,7500.0,sailing,oygarden_terminal,sailing_to_terminal,0.0,sailing,brevik,sailing_to_emitter,3851.274359791182,1,1206480.0116639128,0.0,1206480.0116639128,79378.87557333743
iterative_q,9000031,506.0,0.0,0.7445292810492403,3351.2965160455874,0.7463208131182519,0,1.37178610686908,1,2897.6487433728607,0.9739723083485337,0,1.0,0,4703.789237173444,0.8178089394747434,0,1.0,0,7500.0,sailing,oygarden_terminal,sailing_to_terminal,7500.0,sailing,oygarden_terminal,sailing_to_terminal,0.0,sailing,brevik,sailing_to_emitter,3603.338170736032,1,1207827.0855014254,0.0,1207827.0855014254,79626.81176239258
iterative_q,9000031,507.0,0.0,0.7445292810492403,3379.469250560167,0.7324504706274968,0,1.37178610686908,1,2938.900576898673,0.7859618423370851,0,1.0,0,4778.618343777487,1.13997525803292,0,1.0,0,7500.0,sailing,oygarden_terminal,sailing_to_terminal,7500.0,sailing,oygarden_terminal,sailing_to_terminal,0.0,sailing,brevik,sailing_to_emitter,3356.1346655934117,1,1209173.8589385338,0.0,1209173.8589385338,79874.0152675352
iterative_q,9000031,508.0,0.0,0.7445292810492403,3407.1208891909046,1.0426358820444128,0,1.37178610686908,1,2972.189374536776,0.9721540711610251,0,1.0,0,4882.92864711178,1.1787504078856081,0,1.0,0,7500.0,sailing,oygarden_terminal,sailing_to_terminal,7500.0,sailing,oygarden_terminal,sailing_to_terminal,0.0,sailing,brevik,sailing_to_emitter,3109.60419557366,1,1210520.3564312418,0.0,1210520.3564312418,80120.54573755494
iterative_q,9000031,509.0,0.0,0.7445292810492403,3446.486266906005,1.7946839988735628,0,1.37178610686908,1,3013.3641980520097,0.6749331225673356,0,1.0,0,4990.790211436606,0.8518686581078772,0,1.0,0,7500.0,sailing,oygarden_terminal,sailing_to_terminal,7500.0,sailing,oygarden_terminal,sailing_to_terminal,0.0,sailing,brevik,sailing_to_emitter,2863.6949101048094,1,1211866.599238284,0.0,1211866.599238284,80366.4550230238
iterative_q,9000031,510.0,0.0,0.7445292810492403,3514.2518046280957,1.787409499353784,0,1.37178610686908,1,3041.950461310781,0.7575542168716746,0,1.0,0,5068.742805858001,0.6677156353132231,0,1.0,0,7500.0,sailing,oygarden_terminal,sailing_to_terminal,7500.0,sailing,oygarden_terminal,sailing_to_terminal,0.0,sailing,brevik,sailing_to_emitter,2618.361395596282,1,1213212.6059792326,0.0,1213212.6059792326,80611.78853753232
iterative_q,9000031,511.0,0.0,0.7445292810492403,3581.748748602873,1.652299862073855,0,1.37178610686908,1,3074.036076243875,1.1599042206647945,0,1.0,0,5129.845809522213,0.6546545617116211,0,1.0,0,7500.0,sailing,oygarden_terminal,sailing_to_terminal,7500.0,sailing,oygarden_terminal,sailing_to_terminal,0.0,sailing,brevik,sailing_to_emitter,2373.5636073319183,1,1214558.393072421,0.0,1214558.393072421,80856.58632579668
iterative_q,9000031,512.0,0.0,0.7445292810492403,3644.149245782876,1.7965301519306873,0,1.37178610686908,1,3123.162910145223,0.7536465705552696,0,1.0,0,5189.755391148824,1.0723972431205704,0,1.0,0,7500.0,sailing,oygarden_terminal,sailing_to_terminal,7500.0,sailing,oygarden_terminal,sailing_to_terminal,0.0,sailing,brevik,sailing_to_emitter,2129.2660203394826,1,1215903.9750830878,0.0,1215903.9750830878,81100.88391278913
iterative_q,9000031,513.0,0.0,0.7445292810492403,3712.0028350375633,1.3981877693990794,0,1.37178610686908,1,3155.08301978218,0.27323341917355115,0,1.0,0,5287.896927277369,0.8747002007851922,0,1.0,0,7500.0,sailing,oygarden_terminal,sailing_to_terminal,7500.0,sailing,oygarden_terminal,sailing_to_terminal,0.0,sailing,brevik,sailing_to_emitter,1885.4369464017152,1,1217249.3650034023,0.0,1217249.3650034023,81344.7129867269
iterative_q,9000031,514.0,0.0,1.0,3764.8160922853554,0.9355686031880015,0,1.37178610686908,1,3166.6556070362753,0.969466511613774,0,1.0,0,5367.948425143086,0.864494909142336,0,1.0,0,7500.0,sailing,oygarden_terminal,sailing_to_terminal,7500.0,sailing,oygarden_terminal,sailing_to_terminal,0.0,sailing,brevik,sailing_to_emitter,1642.0479788892894,1,1218594.5744800824,0.0,1218594.5744800824,81588.10195423932
iterative_q,9000031,515.0,0.0,1.0,3800.1581814245214,1.5579765597640434,0,1.37178610686908,1,3207.7166010739315,1.244494928739444,0,1.0,0,5447.068328820963,0.6883892242533085,0,1.0,0,7500.0,sailing,oygarden_terminal,sailing_to_terminal,7500.0,sailing,oygarden_terminal,sailing_to_terminal,0.0,sailing,brevik,sailing_to_emitter,1399.0735371766452,1,1219939.6140011845,0.0,1219939.6140011845,81831.07639595197
iterative_q,9000031,516.0,0.0,1.0,3859.0176883131585,1.4578634478809418,0,1.37178610686908,1,3260.4262080966664,0.8872942105713584,0,1.0,0,5510.072665879566,0.8974500566250988,0,1.0,0,7500.0,sailing,oygarden_terminal,sailing_to_terminal,7500.0,unloading,oygarden_terminal,unloading,0.0,sailing,brevik,sailing_to_emitter,1156.4904895282903,1,1220869.3530507204,0.0,1220869.3530507204,82073.65944360032
iterative_q,9000031,517.0,0.0,1.0,3914.0999388635614,0.8932050575735391,0,1.37178610686908,1,3298.0068587467554,1.0222464971339094,0,1.0,0,5592.213620289894,0.5095617788049124,0,1.0,0,7500.0,sailing,oygarden_terminal,sailing_to_terminal,6700.0,unloading,oygarden_terminal,unloading,0.0,sailing,brevik,sailing_to_emitter,1714.2778384632254,1,1221823.360237657,0.0,1221823.360237657,82315.87209466539
iterative_q,9000031,518.0,0.0,1.0,3947.850820081965,0.9460500084975878,0,1.37178610686908,1,3341.3033076916086,1.4456916931668649,0,1.0,0,5638.853709520237,1.0656717307545476,0,1.0,0,7500.0,sailing,oygarden_terminal,sailing_to_terminal,5900.0,unloading,oygarden_terminal,unloading,0.0,sailing,brevik,sailing_to_emitter,2272.4164563380214,1,1222777.2234043286,0.0,1222777.2234043286,82557.7334767906
iterative_q,9000031,519.0,0.0,1.0,3983.6017339223863,1.0143453476107092,0,1.0,0,3402.5344459334037,0.7188947259987613,0,1.0,0,5736.39737009016,1.1545139846367165,0,1.0,0,7500.0,sailing,oygarden_terminal,sailing_to_terminal,5100.0,unloading,oygarden_terminal,unloading,0.0,sailing,brevik,sailing_to_emitter,2830.888861647244,1,1223730.9497181517,0.0,1223730.9497181517,82799.26107148138
iterative_q,9000031,520.0,0.0,1.0,4021.9369586488124,0.44706030085367565,0,1.0,0,3432.982668439616,1.1048340909218874,0,1.0,0,5842.0761701912725,0.7614460117857466,0,1.0,0,7500.0,sailing,oygarden_terminal,sailing_to_terminal,4300.0,unloading,oygarden_terminal,unloading,0.0,sailing,brevik,sailing_to_emitter,3389.6790286031646,1,1224684.5457496997,0.0,1224684.5457496997,83040.47090452546
iterative_q,9000031,521.0,0.0,1.0,4038.8342612394003,1.1588489340362198,0,1.0,0,3479.7770501706855,0.7291616567490115,0,1.0,0,5911.777467757891,1.605355286375747,0,1.0,0,7500.0,sailing,oygarden_terminal,sailing_to_terminal,3500.0,unloading,oygarden_terminal,unloading,0.0,sailing,brevik,sailing_to_emitter,3948.7722241175898,1,1225638.0175395391,0.0,1225638.0175395391,83281.37770901104
iterative_q,9000031,522.0,0.0,1.0,4082.6386084075507,0.629630976268174,0,1.0,0,3510.660120479551,1.2169151371627016,0,1.0,0,6058.733013485483,0.8650302104047067,0,1.0,0,7500.0,sailing,oygarden_terminal,sailing_to_terminal,2700.0,unloading,oygarden_terminal,unloading,0.0,sailing,brevik,sailing_to_emitter,4508.154867501994,1,1226591.3706557513,0.0,1226591.3706557513,83521.99506562663
iterative_q,9000031,523.0,0.0,1.0,4106.44072450009,0.9363986556204519,0,1.0,0,3562.2016070526097,0.6266520805971203,0,1.0,0,6137.920974889053,1.2172319752170184,0,1.0,0,7500.0,sailing,oygarden_terminal,sailing_to_terminal,1900.0,unloading,oygarden_terminal,unloading,0.0,sailing,brevik,sailing_to_emitter,5067.814409123292,1,1227544.6102436867,0.0,1227544.6102436867,83762.33552400534
iterative_q,9000031,524.0,0.0,1.0,4141.8428516347585,0.832821686868239,0,1.0,0,3588.7429646310698,0.7823564034132264,0,1.0,0,6249.354099847749,0.4098893305614667,0,1.0,0,7500.0,sailing,oygarden_terminal,sailing_to_terminal,1100.0,unloading,oygarden_terminal,unloading,0.0,sailing,brevik,sailing_to_emitter,5627.739224970103,1,1228497.7410691895,0.0,1228497.7410691895,84002.41070815852
iterative_q,9000031,525.0,0.0,1.0,4173.331912070734,1.351001945818039,0,1.0,0,3621.8790567302167,0.8825400164107248,0,1.0,0,6286.879094651471,0.9144430741965296,0,1.0,0,7500.0,sailing,oygarden_terminal,sailing_to_terminal,300.0,unloading,oygarden_terminal,unloading,0.0,sailing,brevik,sailing_to_emitter,6187.918524647967,1,1229450.7675563216,0.0,1229450.7675563216,84242.23140848066
iterative_q,9000031,526.0,0.0,1.0,4224.418010638905,1.4341892974917538,0,1.0,0,3659.25834721392,1.1534090808262218,0,1.0,0,6370.598044327192,1.2800806833842315,0,1.0,0,7500.0,sailing,oygarden_terminal,sailing_to_terminal,0.0,idle,oygarden_terminal,idle,0.0,sailing,brevik,sailing_to_emitter,6248.342270768104,1,1230388.4313204123,0.0,1230388.4313204123,84481.80766236052
iterative_q,9000031,527.0,0.0,1.0,4278.654593843896,1.138116836412125,0,1.0,0,3708.110084559595,1.1608635110940018,0,1.0,0,6487.7953179820815,1.2524396103403501,0,1.0,0,7500.0,sailing,oygarden_terminal,sailing_to_terminal,0.0,sailing,yara_sluiskil,sailing_to_emitter,0.0,sailing,brevik,sailing_to_emitter,6009.001108050129,1,1231731.9811971267,0.0,1231731.9811971267,84721.14882507849
iterative_q,9000031,528.0,0.0,1.0,4321.698510617703,1.5373921068812755,0,1.0,0,3757.277548454989,0.5379740683046534,0,1.0,0,6602.465376002075,0.799663250231039,0,1.0,0,7500.0,sailing,oygarden_terminal,sailing_to_terminal,0.0,sailing,yara_sluiskil,sailing_to_emitter,0.0,sailing,brevik,sailing_to_emitter,5769.886300744844,1,1233075.438268122,0.0,1233075.438268122,84960.26363238378
iterative_q,9000031,529.0,0.0,1.0,4379.848368450748,0.9977382752979914,0,1.0,0,3780.0630183463627,1.034017284865458,0,1.0,0,6675.682631156186,0.8465342521162891,0,1.0,0,7500.0,sailing,oygarden_terminal,sailing_to_terminal,0.0,sailing,yara_sluiskil,sailing_to_emitter,0.0,sailing,brevik,sailing_to_emitter,5530.989677214071,1,1234418.8058837694,0.0,1234418.8058837694,85199.16025591455
iterative_q,9000031,530.0,0.0,1.0,4417.589916957488,1.0542929591002688,0,1.0,0,3823.858009777288,1.0082686725399679,0,1.0,0,6753.193732600586,0.5598424667809332,0,1.0,0,7500.0,sailing,oygarden_terminal,sailing_to_terminal,0.0,sailing,yara_sluiskil,sailing_to_emitter,0.0,sailing,brevik,sailing_to_emitter,5292.303580692278,1,1235762.0871833435,0.0,1235762.0871833435,85437.84635243635
iterative_q,9000031,531.0,0.0,1.0,4457.474354126781,1.1231419220289292,0,1.0,0,3866.562438920079,0.9946293739607089,0,1.0,0,6804.456055173712,1.231071807414475,0,1.0,0,7500.0,sailing,oygarden_terminal,sailing_to_terminal,0.0,sailing,yara_sluiskil,sailing_to_emitter,0.0,loading,brevik,loading,5053.820825408254,1,1236690.14511301,0.0,1236690.14511301,85676.32910772038
iterative_q,9000031,532.0,0.0,1.0,3699.9672045220505,0.4265018324794738,0,1.0,0,3908.6891862647553,0.8652869974321884,0,1.0,0,6917.183300086968,0.9872648107829733,0,1.0,0,7500.0,sailing,oygarden_terminal,sailing_to_terminal,0.0,sailing,yara_sluiskil,sailing_to_emitter,800.0,loading,brevik,loading,4815.534657371305,1,1243898.542441905,0.0,1243898.542441905,85914.61527575733
iterative_q,9000031,533.0,0.0,1.0,2916.10488785265,1.014762150432286,0,1.0,0,3945.3377386559896,1.1299048853303375,0,1.0,0,7007.588254419601,1.3268390357503281,0,1.0,0,7500.0,sailing,oygarden_terminal,sailing_to_terminal,0.0,sailing,yara_sluiskil,sailing_to_emitter,1600.0,loading,brevik,loading,4577.438719230803,1,1251106.8617765428,0.0,1251106.8617765428,86152.71121389783
iterative_q,9000031,534.0,0.0,1.0,2154.5042152094693,0.8639558641134651,0,1.0,0,3993.193974228726,1.1943143425815173,0,1.0,0,7129.092059692913,1.0078612889567315,0,1.0,0,7500.0,sailing,oygarden_terminal,sailing_to_terminal,0.0,sailing,yara_sluiskil,sailing_to_emitter,2400.0,loading,brevik,loading,4339.527018704523,1,1258315.1055737585,0.0,1258315.1055737585,86390.62291442411
iterative_q,9000031,535.0,0.0,1.0,1387.1998646056832,0.9097483301007605,0,1.0,0,4043.7782218663215,0.7771243220095546,0,1.0,0,7221.388610121639,0.7058690678273779,0,1.0,0,7500.0,sailing,oygarden_terminal,sailing_to_terminal,0.0,sailing,yara_sluiskil,sailing_to_emitter,3200.0,loading,brevik,loading,4101.793900143507,1,1265523.2761523684,0.0,1265523.2761523684,86628.35603298512
iterative_q,9000031,536.0,0.0,1.0,621.6315854533832,1.2358065171555639,0,1.0,0,4076.692713259568,1.0838825049309244,0,1.0,0,7286.031673008354,1.131567502315796,0,1.0,0,7500.0,unloading,oygarden_terminal,unloading,0.0,sailing,yara_sluiskil,sailing_to_emitter,4000.0,loading,brevik,loading,3864.2340188617627,1,1272316.235703694,0.0,1272316.235703694,86865.91591426687
iterative_q,9000031,537.0,0.0,1.0,0.0,1.4603428288356262,0,1.0,0,4122.599706992033,0.8095899101457424,0,1.0,0,7389.663058872132,1.1492606131212515,0,1.0,0,6700.0,unloading,oygarden_terminal,unloading,0.0,sailing,yara_sluiskil,sailing_to_emitter,4668.408007720363,idle,brevik,idle,4426.842317910056,1,1278100.480075893,0.0,1278100.480075893,87103.30761521857
iterative_q,9000031,538.0,0.0,1.0,0.0,0.9738202502766394,0,1.0,0,4156.8892529177665,1.0599088079530934,0,1.0,0,7494.917984094344,0.9312768510357797,0,1.0,0,5900.0,unloading,oygarden_terminal,unloading,0.0,sailing,yara_sluiskil,sailing_to_emitter,4723.68830707624,idle,brevik,idle,4989.614007016146,1,1279071.2830554605,0.0,1279071.2830554605,87340.53592611248
iterative_q,9000031,539.0,0.0,1.0,0.0,1.2010511210820585,0,1.0,0,4201.780859510114,0.8790942779240369,0,1.0,0,7580.211452624157,1.2835559747110017,0,1.0,0,5100.0,unloading,oygarden_terminal,unloading,0.0,sailing,yara_sluiskil,sailing_to_emitter,4760.554934101206,idle,brevik,idle,5552.544543450297,1,1279897.4639126475,0.0,1279897.4639126475,87577.60538967833
iterative_q,9000031,540.0,0.0,1.0,0.0,0.9499203950396473,0,1.0,0,4239.014208441673,0.9486719617669002,0,1.0,0,7697.7728783072225,0.7731640492192358,0,1.0,0,4300.0,unloading,oygarden_terminal,unloading,0.0,sailing,yara_sluiskil,sailing_to_emitter,4806.028095140497,idle,brevik,idle,6115.629614605998,1,1280791.1472210418,0.0,1280791.1472210418,87814.52031852263
iterative_q,9000031,541.0,0.0,1.0,35.96829879479453,1.1477559771663053,0,1.0,0,4279.194465623492,0.5747734789451775,0,1.0,0,7768.589425278413,0.684605927107155,0,1.0,0,3500.0,unloading,oygarden_terminal,unloading,0.0,sailing,yara_sluiskil,sailing_to_emitter,4806.028095140497,sailing,celsio,sailing_to_emitter,6678.865122112365,1,1281742.9206629645,0.0,1281742.9206629645,88051.28481101626
iterative_q,9000031,542.0,0.0,1.0,79.43145671603747,1.2082202009245677,0,1.0,0,4303.538545701807,1.6095209331428642,0,1.0,0,7831.296539116881,1.0194768797054141,0,1.0,0,2700.0,unloading,oygarden_terminal,unloading,0.0,sailing,yara_sluiskil,sailing_to_emitter,4806.028095140497,sailing,celsio,sailing_to_emitter,7242.247167317435,1,1282694.6340244303,0.0,1282694.6340244303,88287.90276581119
iterative_q,9000031,543.0,0.0,1.0,125.1883831976615,0.9963706729466977,0,1.0,0,4371.708542960661,1.165488148428747,0,1.0,0,7924.6792766078925,1.1571545787236386,0,1.0,0,1900.0,unloading,oygarden_terminal,unloading,0.0,sailing,yara_sluiskil,sailing_to_emitter,4806.028095140497,sailing,celsio,sailing_to_emitter,7805.772038001114,1,1283646.28882745,0.0,1283646.28882745,88524.3778951275
iterative_q,9000031,544.0,0.0,1.0,162.92567334284942,1.2057441157557558,0,1.0,0,4421.0718797446525,0.9109307514081216,0,1.0,0,8030.676298850108,1.7421971443106758,0,1.0,0,1100.0,unloading,oygarden_terminal,unloading,0.0,sailing,yara_sluiskil,sailing_to_emitter,4806.028095140497,sailing,celsio,sailing_to_emitter,8369.436196193403,1,1284597.886522591,0.0,1284597.886522591,88760.71373693521
iterative_q,9000031,545.0,0.0,1.0,208.59703343829565,1.0659945199247551,0,1.0,0,4459.653637550834,1.2424771752158954,0,1.0,0,8190.268860559395,1.501623119911233,0,1.0,0,300.0,unloading,oygarden_terminal,unloading,0.0,sailing,yara_sluiskil,sailing_to_emitter,4806.028095140497,sailing,celsio,sailing_to_emitter,8933.236266988097,1,1285549.4284935656,0.0,1285549.4284935656,88996.91366614052
iterative_q,9000031,546.0,0.0,1.0,248.97856560651292,1.0296672747337952,0,1.0,0,4512.277784204998,1.010403503303283,0,1.0,0,8327.827970119079,1.1932513036034305,0,1.0,0,0.0,idle,oygarden_terminal,idle,0.0,sailing,yara_sluiskil,sailing_to_emitter,4806.028095140497,sailing,celsio,sailing_to_emitter,8997.169028254812,1,1286485.653561446,0.0,1286485.653561446,89232.98090487381
iterative_q,9000031,547.0,0.0,1.0,287.98746912311174,1.301183674954881,0,1.0,0,4555.072632431062,1.13048832039066,0,1.0,0,8437.141366453301,1.0448671937982867,0,1.0,0,0.0,sailing,yara_sluiskil,sailing_to_emitter,0.0,sailing,yara_sluiskil,sailing_to_emitter,4806.028095140497,loading,celsio,loading,8761.231401163133,1,1287412.6679885539,0.0,1287412.6679885539,89468.9185319655
iterative_q,9000031,548.0,0.0,1.0,337.2871885294763,1.2504884278182642,0,1.0,0,3802.9535789383654,0.6819729472428788,0,1.0,0,8532.864217315857,0.806360912450216,0,1.0,0,0.0,sailing,yara_sluiskil,sailing_to_emitter,0.0,sailing,yara_sluiskil,sailing_to_emitter,5606.028095140497,loading,celsio,loading,8525.420441442333,1,1294620.050482039,0.0,1294620.050482039,89704.72949168629
iterative_q,9000031,549.0,0.0,1.0,384.67040467256226,1.4662855911069104,0,1.0,0,3031.838008452047,0.9925555482952908,0,1.0,0,8606.739143258497,0.7989435544164077,0,1.0,0,0.0,sailing,yara_sluiskil,sailing_to_emitter,0.0,sailing,yara_sluiskil,sailing_to_emitter,6406.028095140497,loading,celsio,loading,8289.733331308416,1,1301827.3821971945,0.0,1301827.3821971945,89940.41660182021
iterative_q,9000031,550.0,0.0,1.0,440.2355464161091,1.3454748305435684,0,1.0,0,2273.876920536544,0.7640924357613005,0,1.0,0,8679.936727461882,0.877280740061021,0,1.0,0,0.0,sailing,yara_sluiskil,sailing_to_emitter,0.0,sailing,yara_sluiskil,sailing_to_emitter,7206.028095140497,loading,celsio,loading,8054.16737199762,1,1309034.6642405116,0.0,1309034.6642405116,90175.98256113101
iterative_q,9000031,551.0,0.0,1.0,491.22712250112716,0.9422084629576591,0,1.0,0,2012.2675517452408,0.6758202897401497,0,1.0,0,8760.313822262966,0.8014621704343738,0,1.0,0,0.0,sailing,yara_sluiskil,sailing_to_emitter,0.0,sailing,yara_sluiskil,sailing_to_emitter,7500.0,idle,celsio,idle,7818.719976851914,1,1312269.3114609185,0.0,1312269.3114609185,90411.42995627671
iterative_q,9000031,552.0,0.0,1.0,526.9386859933537,1.2606760127725416,0,1.0,0,2040.8913902740776,1.1833198514317975,0,1.0,0,8833.746573803592,0.7756106042043126,0,1.0,0,0.0,sailing,yara_sluiskil,sailing_to_emitter,0.0,sailing,yara_sluiskil,sailing_to_emitter,7500.0,sailing,oygarden_terminal,sailing_to_terminal,7583.388664907748,1,1313611.2172988155,0.0,1313611.2172988155,90646.76126822089
iterative_q,9000031,553.0,0.0,1.0,574.7250893143818,0.8543949456316793,0,1.0,0,2091.0099748587077,1.1177297581683943,0,1.0,0,8904.812851741686,1.5908026551439398,0,1.0,0,0.0,sailing,yara_sluiskil,sailing_to_emitter,0.0,sailing,yara_sluiskil,sailing_to_emitter,7500.0,sailing,oygarden_terminal,sailing_to_terminal,7348.171054944238,1,1314953.0765189005,0.0,1314953.0765189005,90881.9788781844
iterative_q,9000031,554.0,0.0,1.0,607.1141619046299,1.027464966754285,0,1.0,0,2138.3505424657997,1.5069390474954407,0,1.0,0,9050.576489140238,1.180882301088561,0,1.0,0,0.0,sailing,yara_sluiskil,sailing_to_emitter,0.0,sailing,yara_sluiskil,sailing_to_emitter,7500.0,sailing,oygarden_terminal,sailing_to_terminal,7113.064859951458,1,1316294.8900588478,0.0,1316294.8900588478,91117.08507317718
iterative_q,9000031,555.0,0.0,1.0,646.0676058601671,0.7883310545135155,0,1.0,0,2202.1757643822557,1.2640584164317334,0,1.0,0,9158.782792666834,0.7725837845096548,0,1.0,0,0.0,sailing,yara_sluiskil,sailing_to_emitter,0.0,sailing,yara_sluiskil,sailing_to_emitter,7500.0,sailing,oygarden_terminal,sailing_to_terminal,6878.067881983374,1,1317636.6588198147,0.0,1317636.6588198147,91352.08205114526
iterative_q,9000031,556.0,0.0,1.0,675.9576429073692,1.0350645419566398,0,1.0,0,2255.713967588423,0.9045582328741713,0,1.0,0,9229.578119923317,1.1113192389912157,0,1.0,0,0.0,sailing,yara_sluiskil,sailing_to_emitter,0.0,sailing,yara_sluiskil,sailing_to_emitter,7500.0,sailing,oygarden_terminal,sailing_to_terminal,6643.178007363433,1,1318978.3836684087,0.0,1318978.3836684087,91586.9719257652
iterative_q,9000031,557.0,0.0,1.0,715.2062480283712,0.8647469384024578,0,1.0,0,2294.025822368154,1.1737939988644999,0,1.0,0,9331.416362190523,0.6864085781548677,0,1.0,0,0.0,sailing,yara_sluiskil,sailing_to_emitter,0.0,sailing,yara_sluiskil,sailing_to_emitter,7500.0,sailing,oygarden_terminal,sailing_to_terminal,6408.3932022139315,1,1320320.0654385202,0.0,1320320.0654385202,91821.7567309147
iterative_q,9000031,558.0,0.0,1.0,747.9995247310037,1.074700643136511,0,1.0,0,2343.740946935565,0.2918068353718176,0,1.0,0,9394.318849783904,0.7921557651726522,0,1.0,0,0.0,sailing,yara_sluiskil,sailing_to_emitter,0.0,sailing,yara_sluiskil,sailing_to_emitter,7500.0,sailing,oygarden_terminal,sailing_to_terminal,6173.711508282993,1,1321661.7049330317,0.0,1321661.7049330317,92056.43842484563
iterative_q,9000031,559.0,0.0,1.0,788.7584063824704,0.5421821963300245,0,1.0,0,2356.100196671179,0.8721367277320955,0,1.0,0,9466.914192830705,1.1665749603277114,0,1.0,0,0.0,sailing,yara_sluiskil,sailing_to_emitter,0.0,sailing,yara_sluiskil,sailing_to_emitter,7500.0,sailing,oygarden_terminal,sailing_to_terminal,5939.131039045475,1,1323003.302925419,0.0,1323003.302925419,92291.01889408316
iterative_q,9000031,560.0,0.0,1.0,809.3229449700577,0.0,1,1.0,0,2393.0388640190777,0.8111838057527001,0,1.0,0,9573.825559355768,0.7914151359393333,0,1.0,0,0.0,sailing,yara_sluiskil,sailing_to_emitter,0.0,sailing,yara_sluiskil,sailing_to_emitter,7500.0,sailing,oygarden_terminal,sailing_to_terminal,5704.6499760562765,1,1324344.8601612446,0.0,1324344.8601612446,92525.49995707236
iterative_q,9000031,561.0,0.0,1.0,809.3229449700577,0.0,1,1.0,0,2427.3959181436294,0.6194864974366783,0,1.0,0,9646.357390582083,1.3357948205636223,0,1.0,0,0.0,sailing,yara_sluiskil,sailing_to_emitter,0.0,sailing,yara_sluiskil,sailing_to_emitter,7500.0,sailing,oygarden_terminal,sailing_to_terminal,5470.26656553652,1,1325686.3773595577,0.0,1325686.3773595577,92759.88336759212
iterative_q,9000031,562.0,0.0,1.0,809.3229449700577,0.0,1,1.0,0,2453.633783065146,1.1419302270336291,0,1.0,0,9768.78436041961,0.8543374341252724,0,1.0,0,0.0,sailing,yara_sluiskil,sailing_to_emitter,0.0,sailing,yara_sluiskil,sailing_to_emitter,7500.0,sailing,oygarden_terminal,sailing_to_terminal,5235.979115174794,1,1327027.855214206,0.0,1327027.855214206,92994.17081795384
iterative_q,9000031,563.0,0.0,1.0,809.3229449700577,0.0,1,1.0,0,2501.9993425578573,0.9899884298624099,0,1.0,0,9847.087619070042,1.6647127420257792,0,1.0,0,0.0,sailing,yara_sluiskil,sailing_to_emitter,0.0,sailing,yara_sluiskil,sailing_to_emitter,7500.0,sailing,oygarden_terminal,sailing_to_terminal,5001.7859911272535,1,1328369.2943950654,0.0,1328369.2943950654,93228.36394200138
iterative_q,9000031,564.0,0.0,1.0,809.3229449700577,0.0,1,1.0,0,2543.9295263537506,0.4862076416900679,0,1.0,0,9999.669427433324,0.5620548547621912,0,1.0,0,0.0,sailing,yara_sluiskil,sailing_to_emitter,0.0,sailing,yara_sluiskil,sailing_to_emitter,7500.0,sailing,oygarden_terminal,sailing_to_terminal,4767.685615201786,1,1329710.695549195,0.0,1329710.695549195,93462.46431792685
iterative_q,9000031,565.0,0.0,1.0,809.3229449700577,0.686256512628239,0,1.0,0,2564.5224698307425,0.9015495572665547,0,1.0,0,10051.1869786101,0.9102664783352932,0,1.0,0,0.0,sailing,yara_sluiskil,sailing_to_emitter,0.0,sailing,yara_sluiskil,sailing_to_emitter,7500.0,sailing,oygarden_terminal,sailing_to_terminal,4533.676462212713,1,1331052.0593019205,0.0,1331052.0593019205,93696.47347091592
iterative_q,9000031,566.0,0.0,1.0,835.3661209055941,1.2494838231246002,0,1.0,0,2602.7068945139144,1.1608237806572064,0,1.0,0,10134.623869150328,1.0830787110989941,0,1.0,0,0.0,sailing,yara_sluiskil,sailing_to_emitter,0.0,sailing,yara_sluiskil,sailing_to_emitter,7500.0,sailing,oygarden_terminal,sailing_to_terminal,4299.7570574936735,1,1332393.3862578552,0.0,1332393.3862578552,93930.39287563496
iterative_q,9000031,567.0,0.0,1.0,882.7878141807053,1.21651170739647,0,1.0,0,2651.872675657806,1.022801237230588,0,1.0,0,10233.90406691979,1.0340979197162925,0,1.0,0,0.0,sailing,yara_sluiskil,sailing_to_emitter,0.0,sailing,yara_sluiskil,sailing_to_emitter,7500.0,sailing,oygarden_terminal,sailing_to_terminal,4065.9259745573595,1,1333734.677001859,0.0,1333734.677001859,94164.22395857128
iterative_q,9000031,568.0,0.0,1.0,928.9622556466799,1.0443135461281048,0,1.0,0,2695.1926201845376,0.4957946629570743,0,1.0,0,10328.69729898716,0.7468359483340141,0,1.0,0,0.0,sailing,yara_sluiskil,sailing_to_emitter,0.0,sailing,yara_sluiskil,sailing_to_emitter,7500.0,sailing,oygarden_terminal,sailing_to_terminal,3832.181832891722,1,1335075.932099942,0.0,1335075.932099942,94397.96810023692
iterative_q,9000031,569.0,0.0,1.0,968.6042234573405,0.6515860988434523,0,1.0,0,2716.191614431069,0.8805409772676516,0,1.0,0,10397.159985624263,1.032405203172099,0,1.0,0,0.0,sailing,yara_sluiskil,sailing_to_emitter,0.0,sailing,yara_sluiskil,sailing_to_emitter,7500.0,sailing,oygarden_terminal,sailing_to_terminal,3598.5232958831143,1,1336417.1521001153,0.0,1336417.1521001153,94631.62663724553
iterative_q,9000031,570.0,0.0,1.0,993.3405409536399,0.7378814388079957,0,1.0,0,2753.486237179114,1.0168772921667324,0,1.0,0,10491.803740083024,0.6749940058976199,0,1.0,0,0.0,sailing,yara_sluiskil,sailing_to_emitter,0.0,loading,yara_sluiskil,loading,7500.0,sailing,oygarden_terminal,sailing_to_terminal,3364.949068857621,1,1337343.197533196,0.0,1337343.197533196,94865.20086427103
iterative_q,9000031,571.0,0.0,1.0,1021.3554199035451,1.5222377841933796,0,1.0,0,2796.555277657039,0.7219360709019605,0,1.0,0,9753.684372443742,0.9918971282911764,0,1.0,0,0.0,sailing,yara_sluiskil,sailing_to_emitter,800.0,loading,yara_sluiskil,loading,7500.0,sailing,oygarden_terminal,sailing_to_terminal,3131.4578972325085,1,1344549.628913562,0.0,1344549.628913562,95098.69203589614
iterative_q,9000031,572.0,0.0,1.0,1079.1548555478303,1.1154526492073025,0,1.0,0,2827.132313942212,1.1356595337728301,0,1.0,0,9044.620092671556,1.1627816571413339,0,1.0,0,0.0,sailing,yara_sluiskil,sailing_to_emitter,1600.0,loading,yara_sluiskil,loading,7500.0,sailing,oygarden_terminal,sailing_to_terminal,2898.048564770386,1,1351756.026739872,0.0,1351756.026739872,95332.10136835826
iterative_q,9000031,573.0,0.0,1.0,1121.5124376035133,1.044392761025702,0,1.0,0,2875.2322831380857,0.8371237147553424,0,1.0,0,8351.225467311786,0.4363561251810413,0,1.0,0,0.0,sailing,yara_sluiskil,sailing_to_emitter,2400.0,loading,yara_sluiskil,loading,7500.0,sailing,oygarden_terminal,sailing_to_terminal,2664.719891929233,1,1358962.3914957365,0.0,1358962.3914957365,95565.4300411994
iterative_q,9000031,574.0,0.0,1.0,1161.175184830072,0.42204032853820495,0,1.0,0,2910.6880017715557,1.000128136951707,0,1.0,0,7591.232381564936,1.181038052786555,0,1.0,0,0.0,sailing,yara_sluiskil,sailing_to_emitter,3200.0,loading,yara_sluiskil,loading,7500.0,sailing,oygarden_terminal,sailing_to_terminal,2431.470734301992,1,1366168.723650364,0.0,1366168.723650364,95798.67919882665
iterative_q,9000031,575.0,0.0,1.0,1177.2043837061965,0.5264971518302748,0,1.0,0,2953.047644911686,1.0757365644694252,0,1.0,0,6899.5180344498785,0.6713360714499221,0,1.0,0,0.0,sailing,yara_sluiskil,sailing_to_emitter,4000.0,loading,yara_sluiskil,loading,7500.0,sailing,oygarden_terminal,sailing_to_terminal,2198.2999811398854,1,1373375.0236591604,0.0,1373375.0236591604,96031.84995198876
iterative_q,9000031,576.0,0.0,1.0,1197.2026709327945,0.8039458321683558,0,1.0,0,2998.609623722322,1.5163167343208526,0,1.0,0,6161.072570306694,0.9931621074458509,0,1.0,0,0.0,sailing,yara_sluiskil,sailing_to_emitter,4800.0,loading,yara_sluiskil,loading,7500.0,sailing,oygarden_terminal,sailing_to_terminal,1965.2065539540931,1,1380581.2919643067,0.0,1380581.2919643067,96264.94337917455
iterative_q,9000031,577.0,0.0,1.0,1227.7422094961237,0.663554793145795,0,1.0,0,3062.832030212162,1.0984744132027309,0,1.0,0,5452.137943828329,0.8166281370505923,0,1.0,0,0.0,sailing,yara_sluiskil,sailing_to_emitter,5600.0,loading,yara_sluiskil,loading,7500.0,sailing,oygarden_terminal,sailing_to_terminal,1732.1894051907825,1,1387787.5289952995,0.0,1387787.5289952995,96497.96052793786
iterative_q,9000031,578.0,0.0,1.0,1252.9509639771566,0.9325048292121265,0,1.0,0,3109.3570527794236,0.7420750493748255,0,1.0,0,4727.018751500907,0.6809748941873816,0,1.0,0,0.0,sailing,yara_sluiskil,sailing_to_emitter,6400.0,loading,yara_sluiskil,loading,7500.0,sailing,oygarden_terminal,sailing_to_terminal,1499.2475169748875,1,1394993.7351694682,0.0,1394993.7351694682,96730.90241615375
iterative_q,9000031,579.0,0.0,1.0,1288.3804284351,1.0477742030559656,0,1.0,0,3140.787059708856,0.8199328073915826,0,1.0,0,3989.4626960974656,1.4721890248596592,0,1.0,0,0.0,sailing,yara_sluiskil,sailing_to_emitter,7200.0,loading,yara_sluiskil,loading,7500.0,sailing,oygarden_terminal,sailing_to_terminal,1266.3798999183653,1,1402199.9108924612,0.0,1402199.9108924612,96963.77003321027
iterative_q,9000031,580.0,0.0,1.0,1328.1929877276523,0.6744061481649952,0,1.0,0,3175.5146709386054,1.5528200317309628,0,1.0,0,3824.463343906481,1.196304509212473,0,1.0,0,0.0,sailing,yara_sluiskil,sailing_to_emitter,7500.0,idle,yara_sluiskil,idle,7500.0,sailing,oygarden_terminal,sailing_to_terminal,1033.5855919889455,1,1405480.7940587124,0.0,1405480.7940587124,97196.56434113969
iterative_q,9000031,581.0,0.0,1.0,1353.820875907666,1.257225653187867,0,1.0,0,3241.2831459716654,1.128962750094341,0,1.0,0,3934.168506125288,0.7616539411900862,0,1.0,0,0.0,sailing,yara_sluiskil,sailing_to_emitter,7500.0,sailing,oygarden_terminal,sailing_to_terminal,7500.0,sailing,oygarden_terminal,sailing_to_terminal,800.8636574357024,1,1406821.6300518792,0.0,1406821.6300518792,97429.28627569294
iterative_q,9000031,582.0,0.0,1.0,1401.600576437793,0.5531186384977433,0,1.0,0,3289.099478145115,1.6288216535757174,0,1.0,0,4004.0168422327324,0.6821736933569886,0,1.0,0,0.0,sailing,yara_sluiskil,sailing_to_emitter,7500.0,sailing,oygarden_terminal,sailing_to_terminal,7500.0,sailing,oygarden_terminal,sailing_to_terminal,568.2131857680129,1,1408162.436745263,0.0,1408162.436745263,97661.93674736063
iterative_q,9000031,583.0,0.0,1.0,1422.6232220281233,0.8094403543475515,0,1.0,0,3358.086942286138,1.223758105890771,0,1.0,0,4066.5782317090075,1.040289160348353,0,1.0,0,0.0,sailing,yara_sluiskil,sailing_to_emitter,7500.0,sailing,oygarden_terminal,sailing_to_terminal,7500.0,sailing,oygarden_terminal,sailing_to_terminal,335.6332907847313,1,1409503.214502206,0.0,1409503.214502206,97894.51664234391
iterative_q,9000031,584.0,0.0,1.0,1453.390765442147,0.9352600252360022,0,1.0,0,3409.9182574347865,0.9781515742222854,0,1.0,0,4161.984857719067,1.1492639955611752,0,1.0,0,0.0,sailing,yara_sluiskil,sailing_to_emitter,7500.0,sailing,oygarden_terminal,sailing_to_terminal,7500.0,unloading,oygarden_terminal,unloading,103.12310965060334,1,1410428.8236764711,0.0,1410428.8236764711,98127.02682347804
iterative_q,9000031,585.0,0.0,1.0,1488.9440084610958,1.2253450950237392,0,1.0,0,3451.347100490137,1.2318498195722698,0,1.0,0,4267.388910916507,0.7891317830591902,0,1.0,0,0.0,sailing,yara_sluiskil,sailing_to_emitter,7500.0,sailing,oygarden_terminal,sailing_to_terminal,6700.0,unloading,oygarden_terminal,unloading,670.6818020171675,1,1411378.8246126007,0.0,1411378.8246126007,98359.46813111147
iterative_q,9000031,586.0,0.0,1.0,1535.5287984267288,0.9930348264929091,0,1.0,0,3503.521133827862,0.9193974546600493,0,1.0,0,4339.765830611377,0.7932001601523659,0,1.0,0,0.0,sailing,yara_sluiskil,sailing_to_emitter,7500.0,sailing,oygarden_terminal,sailing_to_terminal,5900.0,unloading,oygarden_terminal,unloading,1238.3085491855688,1,1412328.7976462618,0.0,1412328.7976462618,98591.84138394307
iterative_q,9000031,587.0,0.0,1.0,1573.2850689100894,1.1097234161683378,0,1.0,0,3542.4614922123837,0.681751776821059,0,1.0,0,4412.5180755329375,0.8123707588192579,0,1.0,0,0.0,sailing,yara_sluiskil,sailing_to_emitter,7500.0,sailing,oygarden_terminal,sailing_to_terminal,5100.0,unloading,oygarden_terminal,unloading,1806.0025533088879,1,1413278.7431045712,0.0,1413278.7431045712,98824.14737981975
iterative_q,9000031,588.0,0.0,1.0,1615.4817436190121,1.0897507395642256,0,1.0,0,3571.336554226247,0.8830519060714417,0,1.0,0,4487.0308840627995,0.8141550595724933,0,1.0,0,0.0,sailing,yara_sluiskil,sailing_to_emitter,7500.0,sailing,oygarden_terminal,sailing_to_terminal,4300.0,unloading,oygarden_terminal,unloading,2373.763036631739,1,1414228.661306409,0.0,1414228.661306409,99056.3868964969
iterative_q,9000031,589.0,0.0,1.0,1656.9226757680865,1.2885628367767474,0,1.0,0,3608.737525395208,0.8410600359579148,0,1.0,0,4561.709596404747,0.5390583563935136,0,1.0,0,0.0,sailing,yara_sluiskil,sailing_to_emitter,7500.0,sailing,oygarden_terminal,sailing_to_terminal,3500.0,unloading,oygarden_terminal,unloading,2941.5892407650535,1,1415178.5525627143,0.0,1415178.5525627143,99288.56069236358
iterative_q,9000031,590.0,0.0,1.0,1705.9284007366452,0.6838942971866453,0,1.0,0,3644.3599638271376,1.2169084208993037,0,1.0,0,4611.156434038048,1.21907656768578,0,1.0,0,0.0,sailing,yara_sluiskil,sailing_to_emitter,7500.0,sailing,oygarden_terminal,sailing_to_terminal,2700.0,unloading,oygarden_terminal,unloading,3509.4804259940875,1,1416128.4171767705,0.0,1416128.4171767705,99520.66950713455
iterative_q,9000031,591.0,0.0,1.0,1731.94011994911,1.3392978493398195,0,1.0,0,3695.901165938126,1.4602552091497527,0,1.0,0,4722.983457675843,1.4437276557916112,0,1.0,0,0.0,sailing,yara_sluiskil,sailing_to_emitter,7500.0,sailing,oygarden_terminal,sailing_to_terminal,1900.0,unloading,oygarden_terminal,unloading,4077.4358706178255,1,1417078.2554444745,0.0,1417078.2554444745,99752.7140625108
iterative_q,9000031,592.0,0.0,1.0,1782.8844788650615,1.1997484046384552,0,1.0,0,3757.7491304815794,0.6696514838717951,0,1.0,0,4855.421911346836,1.0968521287048618,0,1.0,0,0.0,loading,yara_sluiskil,loading,7500.0,sailing,oygarden_terminal,sailing_to_terminal,1100.0,unloading,oygarden_terminal,unloading,4645.45487031807,1,1417612.927654598,0.0,1417612.927654598,99984.69506281056
iterative_q,9000031,593.0,0.0,1.0,1828.524724596593,0.4228724843634165,0,1.0,0,3786.111694074206,0.7915054929983466,0,1.0,0,4156.0432175500855,0.6691822682825357,0,1.0,0,800.0,loading,yara_sluiskil,loading,7500.0,sailing,oygarden_terminal,sailing_to_terminal,300.0,unloading,oygarden_terminal,unloading,5213.536737556612,1,1424427.9940890297,0.0,1424427.9940890297,100216.61319557202
iterative_q,9000031,594.0,0.0,1.0,1844.612873165783,0.8393797724982756,0,1.0,0,3819.6352886898444,0.9528470259546432,0,1.0,0,3417.4334588122347,0.32647294737485655,0,1.0,0,1600.0,loading,yara_sluiskil,loading,7500.0,sailing,oygarden_terminal,sailing_to_terminal,0.0,idle,oygarden_terminal,idle,5281.680800998977,1,1431227.7725230185,0.0,1431227.7725230185,100448.46913212966
iterative_q,9000031,595.0,0.0,1.0,1876.5498633513246,1.0557125956490836,0,1.0,0,3859.992377442085,0.9316498628606639,0,1.0,0,3447.3847229737057,0.5215696404714367,0,1.0,0,1600.0,sailing,celsio,sailing_to_emitter,7500.0,sailing,oygarden_terminal,sailing_to_terminal,0.0,idle,oygarden_terminal,idle,5049.8864049633485,1,1432153.0882253933,0.0,1432153.0882253933,100680.26352816529
iterative_q,9000031,596.0,0.0,1.0,1916.721547664287,1.0204108951000441,0,1.0,0,3899.451676970056,1.00593735019971,0,1.0,0,3495.2359747325745,1.5159339685656184,0,1.0,0,1600.0,sailing,celsio,sailing_to_emitter,7500.0,sailing,oygarden_terminal,sailing_to_terminal,0.0,sailing,celsio,sailing_to_emitter,4818.152908893328,1,1433493.5189587818,0.0,1433493.5189587818,100911.99702423532
iterative_q,9000031,597.0,0.0,1.0,1955.553413869503,0.8843206968755747,0,1.0,0,3942.057364782882,0.967524650611014,0,1.0,0,3634.3190628443217,1.1326903609917407,0,1.0,0,1600.0,sailing,celsio,sailing_to_emitter,7500.0,sailing,oygarden_terminal,sailing_to_terminal,0.0,sailing,celsio,sailing_to_emitter,4586.479686853309,1,1434833.9249798183,0.0,1434833.9249798183,101143.67024627533
iterative_q,9000031,598.0,0.0,1.0,1989.209359641163,0.5974390466298019,0,1.0,0,3983.0361128201853,0.29140721698267213,0,1.0,0,3738.243644728361,0.616912024505212,0,1.0,0,1600.0,sailing,celsio,sailing_to_emitter,7500.0,sailing,oygarden_terminal,sailing_to_terminal,0.0,sailing,celsio,sailing_to_emitter,4354.866127045292,1,1436174.3065393395,0.0,1436174.3065393395,101375.28380608335
iterative_q,9000031,599.0,0.0,1.0,2011.9490452030095,1.238030912558009,0,1.0,0,3995.3784370322282,1.7136768513690455,0,1.0,0,3794.847153971603,0.784514675890695,0,1.0,0,1600.0,sailing,celsio,sailing_to_emitter,7500.0,sailing,oygarden_terminal,sailing_to_terminal,0.0,sailing,celsio,sailing_to_emitter,4123.311631346033,1,1437514.6638825764,0.0,1437514.6638825764,101606.8383017826
iterative_q,9000031,600.0,0.0,1.0,2059.075109105948,1.294863064416997,0,1.0,0,4067.959876549313,1.5853050357973868,0,1.0,0,3866.8308652620644,0.9041868980923218,0,1.0,0,1600.0,sailing,celsio,sailing_to_emitter,7500.0,sailing,oygarden_terminal,sailing_to_terminal,0.0,sailing,celsio,sailing_to_emitter,3891.81561486352,1,1438854.9972493341,0.0,1438854.9972493341,101838.33431826512
iterative_q,9000031,601.0,0.0,1.0,2108.3689144408418,0.886699368853407,0,1.0,0,4135.104228461363,1.1192048517892383,0,1.0,0,3949.797678858557,1.5270042553735987,0,1.0,0,1600.0,sailing,celsio,sailing_to_emitter,7500.0,sailing,oygarden_terminal,sailing_to_terminal,0.0,sailing,celsio,sailing_to_emitter,3660.3775055117785,1,1440195.306874168,0.0,1440195.306874168,102069.77242761686
iterative_q,9000031,602.0,0.0,1.0,2142.127460496538,1.100692263091681,0,1.0,0,4182.507272502293,0.6009657232296117,0,1.0,0,4089.9174736548894,0.8998493094194702,0,1.0,0,1600.0,sailing,celsio,sailing_to_emitter,7500.0,sailing,oygarden_terminal,sailing_to_terminal,0.0,sailing,celsio,sailing_to_emitter,3428.9967436031166,1,1441535.5929865509,0.0,1441535.5929865509,102301.15318952552
iterative_q,9000031,603.0,0.0,1.0,2184.0369204924214,0.9202338909320983,0,1.0,0,4207.960704552556,0.919848331366201,0,1.0,0,4172.491235786115,1.147516314307661,0,1.0,0,1600.0,sailing,celsio,sailing_to_emitter,7500.0,sailing,oygarden_terminal,sailing_to_terminal,0.0,sailing,celsio,sailing_to_emitter,3197.672781456934,1,1442875.8558110308,0.0,1442875.8558110308,102532.4771516717
iterative_q,9000031,604.0,0.0,1.0,2219.07846081353,0.8368466019128961,0,1.0,0,4246.92015946648,0.6785342218460568,0,1.0,0,4277.79507163701,1.2023481023079132,0,1.0,0,1600.0,sailing,celsio,sailing_to_emitter,7500.0,sailing,oygarden_terminal,sailing_to_terminal,0.0,sailing,celsio,sailing_to_emitter,2966.405083024292,1,1444216.095567388,0.0,1444216.095567388,102763.74485010434
iterative_q,9000031,605.0,0.0,1.0,2250.947549351274,0.9938397470569735,0,1.0,0,4275.65894446194,1.0663413781198747,0,1.0,0,4388.133954609408,1.3252157138748726,0,1.0,0,1600.0,sailing,celsio,sailing_to_emitter,7500.0,sailing,oygarden_terminal,sailing_to_terminal,0.0,sailing,celsio,sailing_to_emitter,2735.1931235274737,1,1445556.3124707816,0.0,1445556.3124707816,102994.95680960116
iterative_q,9000031,606.0,0.0,1.0,2288.7986884546276,0.8603573839278436,0,1.0,0,4320.822997520567,0.9160319453382841,0,1.0,0,4509.751987707924,1.191540369737156,0,1.0,0,1600.0,sailing,celsio,sailing_to_emitter,7500.0,sailing,oygarden_terminal,sailing_to_terminal,0.0,sailing,celsio,sailing_to_emitter,2504.0363891138227,1,1446896.5067318913,0.0,1446896.5067318913,103226.11354401482
iterative_q,9000031,607.0,0.0,1.0,2321.568978508237,1.0845296635440926,0,1.0,0,4359.620812396324,1.0350025684506685,0,1.0,0,4619.105615864415,0.8305742355285531,0,1.0,0,1600.0,sailing,celsio,sailing_to_emitter,7500.0,sailing,oygarden_terminal,sailing_to_terminal,0.0,sailing,celsio,sailing_to_emitter,2272.934376523166,1,1448236.6785570534,0.0,1448236.6785570534,103457.21555660547
iterative_q,9000031,608.0,0.0,1.0,2362.8814941266887,0.8293017531824385,0,1.0,0,4403.457534741038,1.167471914925848,0,1.0,0,4695.333862037235,0.9800440418026984,0,1.0,0,1600.0,sailing,celsio,sailing_to_emitter,7500.0,sailing,oygarden_terminal,sailing_to_terminal,0.0,sailing,celsio,sailing_to_emitter,2041.8865927681907,1,1449576.828148393,0.0,1449576.828148393,103688.26334036044
iterative_q,9000031,609.0,0.0,1.0,2394.474546348969,0.9300719935367059,0,1.0,0,4452.904892399742,0.7642083285799022,0,1.0,0,4785.282812836745,1.0400502343848244,0,1.0,0,1600.0,sailing,celsio,sailing_to_emitter,7500.0,sailing,oygarden_terminal,sailing_to_terminal,0.0,sailing,celsio,sailing_to_emitter,1810.8925548271563,1,1450916.9557039489,0.0,1450916.9557039489,103919.25737830148
iterative_q,9000031,610.0,0.0,1.0,2429.9097033573616,1.4052500712652332,0,1.0,0,4485.2723370174135,0.8369819644971085,0,1.0,0,4880.7420284730515,1.1369675787191382,0,1.0,0,1600.0,sailing,celsio,sailing_to_emitter,7500.0,sailing,oygarden_terminal,sailing_to_terminal,0.0,sailing,celsio,sailing_to_emitter,1579.9517893483787,1,1452257.0614177953,0.0,1452257.0614177953,104150.19814378026
iterative_q,9000031,611.0,0.0,1.0,2483.4536292362645,0.9231842899561559,0,1.0,0,4520.722051929828,0.7875585579313233,0,1.0,0,4985.099768762394,0.9680198967729257,0,1.0,0,1600.0,sailing,celsio,sailing_to_emitter,7500.0,sailing,oygarden_terminal,sailing_to_terminal,0.0,sailing,celsio,sailing_to_emitter,1349.0638323659277,1,1453597.145480158,0.0,1453597.145480158,104381.08610076271
iterative_q,9000031,612.0,0.0,1.0,2518.632653192953,1.4072691865535838,0,1.0,0,4554.0784772051,1.3961549052651687,0,1.0,0,5073.953138943007,0.8098903909045099,0,1.0,0,1600.0,sailing,celsio,sailing_to_emitter,7500.0,sailing,oygarden_terminal,sailing_to_terminal,0.0,sailing,celsio,sailing_to_emitter,1118.2282290260428,1,1454937.2080775273,0.0,1454937.2080775273,104611.9217041026
iterative_q,9000031,613.0,0.0,0.6601206718730941,2572.2630908394517,0.711233608967625,0,1.0,0,4613.211523632161,1.0182529065184427,0,1.0,0,5148.294225155334,0.5544792437993571,0,1.0,0,1600.0,sailing,celsio,sailing_to_emitter,7500.0,sailing,oygarden_terminal,sailing_to_terminal,0.0,sailing,celsio,sailing_to_emitter,887.4445333237646,1,1456277.249392765,0.0,1456277.249392765,104842.70539980488
iterative_q,9000031,614.0,0.0,0.6601206718730941,2599.370325998297,1.263483574452589,0,1.0,0,4656.33882717747,1.3155207960794826,0,1.0,0,5199.192256432029,0.6445966809747938,0,1.0,0,1600.0,sailing,celsio,sailing_to_emitter,7500.0,sailing,oygarden_terminal,sailing_to_terminal,0.0,sailing,celsio,sailing_to_emitter,656.7123078493319,1,1457617.2696052096,0.0,1457617.2696052096,105073.43762527932
iterative_q,9000031,615.0,0.0,0.6601206718730941,2647.5297548902754,0.8869916921462855,0,1.0,0,4712.056679127112,1.2299171058208875,0,1.0,0,5258.364330185306,1.1994005764534006,0,1.0,0,1600.0,sailing,celsio,sailing_to_emitter,7500.0,sailing,oygarden_terminal,sailing_to_terminal,0.0,sailing,celsio,sailing_to_emitter,426.0311235438952,1,1458957.268890775,0.0,1458957.268890775,105304.11880958475
iterative_q,9000031,616.0,0.0,0.6601206718730941,2681.3416919266365,1.0219470698668682,0,1.0,0,4764.148853889144,1.1810069572684192,0,1.0,0,5368.469069220616,1.113143092440751,0,1.0,0,1600.0,sailing,celsio,sailing_to_emitter,7500.0,sailing,oygarden_terminal,sailing_to_terminal,0.0,sailing,celsio,sailing_to_emitter,195.40055946415015,1,1460297.2474220477,0.0,1460297.2474220477,105534.7493736645
iterative_q,9000031,617.0,0.0,1.0,2720.3015783289025,1.1768382420177272,0,1.0,0,4814.169477654794,0.9405389230977148,0,1.0,0,5470.658454752994,1.2323667081294964,0,1.0,0,1600.0,sailing,celsio,sailing_to_emitter,7500.0,sailing,oygarden_terminal,sailing_to_terminal,0.0,sailing,celsio,sailing_to_emitter,0.0,1,1461622.7816514277,0.0,1461622.7816514277,105730.14993312865
iterative_q,9000031,618.0,0.0,1.0,2765.170415716501,0.7138235110902225,0,1.0,0,4854.005266360082,0.8468945472720923,0,1.0,0,5583.796268588335,1.704348659535702,0,1.0,0,1600.0,sailing,celsio,sailing_to_emitter,7500.0,sailing,oygarden_terminal,sailing_to_terminal,0.0,sailing,celsio,sailing_to_emitter,0.0,1,1462868.201651428,0.0,1462868.201651428,105730.14993312865
iterative_q,9000031,619.0,0.0,1.0,2792.388506194371,1.0052183938680084,0,1.0,0,4889.874820944467,0.9327093740359812,0,1.0,0,5740.269231331744,1.2879961492395495,0,1.0,0,1600.0,sailing,celsio,sailing_to_emitter,7500.0,sailing,oygarden_terminal,sailing_to_terminal,0.0,sailing,celsio,sailing_to_emitter,0.0,1,1464113.6216514278,0.0,1464113.6216514278,105730.14993312865
iterative_q,9000031,620.0,0.0,1.0,2830.720905315971,0.8813213535446311,0,1.0,0,4929.378995237611,0.7697611126685023,0,1.0,0,5858.521221678247,0.9538285782084844,0,1.0,0,1600.0,sailing,celsio,sailing_to_emitter,7500.0,sailing,oygarden_terminal,sailing_to_terminal,0.0,sailing,celsio,sailing_to_emitter,0.0,1,1465359.0416514277,0.0,1465359.0416514277,105730.14993312865
iterative_q,9000031,621.0,0.0,1.0,2864.3316876810813,1.4278768254490488,0,1.0,0,4961.9816236719735,1.2775275390494745,0,1.0,0,5946.095639103706,1.4812349453983569,0,1.0,0,1600.0,sailing,celsio,sailing_to_emitter,7500.0,sailing,oygarden_terminal,sailing_to_terminal,0.0,sailing,celsio,sailing_to_emitter,0.0,1,1466604.461651428,0.0,1466604.461651428,105730.14993312865
iterative_q,9000031,622.0,0.0,1.0,2918.7912110857183,0.6499262573603914,0,1.0,0,5016.090301006823,0.6074948700838992,0,1.0,0,6082.097204545344,1.0257087732737606,0,1.0,0,1600.0,sailing,celsio,sailing_to_emitter,7500.0,sailing,oygarden_terminal,sailing_to_terminal,0.0,sailing,celsio,sailing_to_emitter,0.0,1,1467849.881651428,0.0,1467849.881651428,105730.14993312865
iterative_q,9000031,623.0,0.0,1.0,2943.5817473749375,1.6809486196430483,0,1.0,0,5041.8202699532485,0.6790135550066332,0,1.0,0,6176.2768517380655,0.754910759769817,0,1.0,0,1600.0,sailing,celsio,sailing_to_emitter,7500.0,sailing,oygarden_terminal,sailing_to_terminal,0.0,sailing,celsio,sailing_to_emitter,0.0,1,1469095.301651428,0.0,1469095.301651428,105730.14993312865
iterative_q,9000031,624.0,0.0,1.0,3007.7049229445875,1.1950147734525236,0,1.0,0,5070.579356728927,1.0999476687815144,0,1.0,0,6245.594151265393,0.5254078046279518,0,1.0,0,1600.0,sailing,celsio,sailing_to_emitter,7500.0,sailing,oygarden_terminal,sailing_to_terminal,0.0,sailing,celsio,sailing_to_emitter,0.0,1,1470340.721651428,0.0,1470340.721651428,105730.14993312865
iterative_q,9000031,625.0,0.0,1.0,3053.295239653021,1.0904158521373355,0,1.0,0,5117.166777881196,1.234392650575148,0,1.0,0,6293.83951328764,1.016423815081384,0,1.0,0,1600.0,sailing,celsio,sailing_to_emitter,7500.0,sailing,oygarden_terminal,sailing_to_terminal,0.0,sailing,celsio,sailing_to_emitter,0.0,1,1471586.141651428,0.0,1471586.141651428,105730.14993312865
iterative_q,9000031,626.0,0.0,1.0,3094.8987741622786,1.6622512085846526,0,1.0,0,5169.448510832469,0.4797731308105243,0,1.0,0,6387.175024801997,1.170159001017986,0,1.0,0,1600.0,sailing,celsio,sailing_to_emitter,7500.0,unloading,oygarden_terminal,unloading,0.0,sailing,celsio,sailing_to_emitter,0.0,1,1472416.421651428,0.0,1472416.421651428,105730.14993312865
iterative_q,9000031,627.0,0.0,1.0,3158.3256708592676,1.236029735130683,0,1.0,0,5189.768925645814,0.993604333614578,0,1.0,0,6494.630856923287,1.1572297571160712,0,1.0,0,1600.0,sailing,celsio,sailing_to_emitter,6700.0,unloading,oygarden_terminal,unloading,0.0,sailing,celsio,sailing_to_emitter,530.4210224229239,1,1473381.6490322347,0.0,1473381.6490322347,105999.72891070573
iterative_q,9000031,628.0,0.0,1.0,3205.4933454866173,0.7446097228918847,0,1.0,0,5231.852258210262,1.347191457318245,0,1.0,0,6600.902583296969,0.8182867979310015,0,1.0,0,1600.0,sailing,celsio,sailing_to_emitter,5900.0,unloading,oygarden_terminal,unloading,0.0,sailing,celsio,sailing_to_emitter,1073.1173556781,1,1474341.8435356002,0.0,1474341.8435356002,106257.03257745055
iterative_q,9000031,629.0,0.0,1.0,3233.910656267794,1.026332266864458,0,1.0,0,5288.9114961868745,0.8345402998915863,0,1.0,0,6676.050460359351,0.9511130054439468,0,1.0,0,1600.0,sailing,celsio,sailing_to_emitter,5100.0,unloading,oygarden_terminal,unloading,0.0,sailing,celsio,sailing_to_emitter,1621.8595616010803,1,1475299.5592311719,0.0,1475299.5592311719,106508.29037152756
iterative_q,9000031,630.0,0.0,1.0,3273.08312840441,1.0088503742887869,0,1.0,0,5324.257796309187,0.8543835999824904,0,1.0,0,6763.399135122915,1.1846255119017708,0,1.0,0,1600.0,sailing,celsio,sailing_to_emitter,4300.0,unloading,oygarden_terminal,unloading,0.0,loading,celsio,loading,2174.365718624649,1,1475840.591706792,0.0,1475840.591706792,106755.78421450399
iterative_q,9000031,631.0,0.0,1.0,3311.591795634178,1.1283993967447954,0,1.0,0,4560.444543849703,1.229745796428786,0,1.0,0,6872.196483132053,1.170486707729205,0,1.0,0,1600.0,sailing,celsio,sailing_to_emitter,3500.0,unloading,oygarden_terminal,unloading,800.0,loading,celsio,loading,2729.490199037065,1,1482660.970669823,0.0,1482660.970669823,107000.65973409158
iterative_q,9000031,632.0,0.0,1.0,3354.6675895349667,1.1301553904439043,0,1.0,0,3812.52946293674,1.2679717811009596,0,1.0,0,6979.698532051736,0.7507337016147249,0,1.0,0,1600.0,sailing,celsio,sailing_to_emitter,2700.0,unloading,oygarden_terminal,unloading,1600.0,loading,celsio,loading,3286.5613395201826,1,1489480.551502225,0.0,1489480.551502225,107243.58859360845
iterative_q,9000031,633.0,0.0,1.0,3397.8142630864813,0.4857482691174627,0,1.0,0,3066.2334136353948,1.2408254749373557,0,1.0,0,7048.650901581278,1.438350162826962,0,1.0,0,1600.0,sailing,celsio,sailing_to_emitter,1900.0,unloading,oygarden_terminal,unloading,2400.0,loading,celsio,loading,3845.146342962962,1,1496299.5116508135,0.0,1496299.5116508135,107485.00359016567
iterative_q,9000031,634.0,0.0,1.0,3416.3606425228168,0.5064491998828724,0,1.0,0,2318.787603819194,1.236298016053246,0,1.0,0,7180.762496711786,1.2662822352327554,0,1.0,0,1600.0,sailing,celsio,sailing_to_emitter,1100.0,unloading,oygarden_terminal,unloading,3200.0,loading,celsio,loading,4404.947833711875,1,1503117.9730396064,0.0,1503117.9730396064,107725.20209941675
iterative_q,9000031,635.0,0.0,1.0,3435.699128699081,1.1060335577218254,0,1.0,0,1571.1500370314848,0.518060018558784,0,1.0,0,7297.073245057285,1.096792211006397,0,1.0,0,1600.0,sailing,celsio,sailing_to_emitter,300.0,unloading,oygarden_terminal,unloading,4000.0,loading,celsio,loading,4965.751698116164,1,1509936.0234552005,0.0,1509936.0234552005,107964.39823501247
iterative_q,9000031,636.0,0.0,1.0,3477.936180038563,1.1496533633895976,0,1.0,0,793.0920629584875,0.7465075837660142,0,1.0,0,7397.818992694394,1.0434648557467006,0,1.0,0,1600.0,sailing,celsio,sailing_to_emitter,0.0,idle,oygarden_terminal,idle,4800.0,loading,celsio,loading,5027.398158884548,1,1516738.465906286,0.0,1516738.465906286,108202.75177424408
iterative_q,9000031,637.0,0.0,1.0,3521.842891699303,1.175761064821251,0,1.0,0,824.7098064069514,1.5041940566727687,0,1.0,0,7493.6692357659185,1.1895178434869293,0,1.0,0,1600.0,sailing,celsio,sailing_to_emitter,0.0,idle,oygarden_terminal,idle,4800.0,sailing,brevik,sailing_to_emitter,4789.764560433097,1,1517666.1756816506,0.0,1517666.1756816506,108440.38537269553
iterative_q,9000031,638.0,0.0,1.0,3566.750690514433,1.1088337646675441,0,1.0,0,888.4187663891861,0.9597006673253051,0,1.0,0,7602.938842087086,1.1225845586285907,0,1.0,0,1600.0,sailing,celsio,sailing_to_emitter,0.0,sailing,yara_sluiskil,sailing_to_emitter,4800.0,sailing,brevik,sailing_to_emitter,4552.7545482937285,1,1519008.769786628,0.0,1519008.769786628,108677.39538483489
iterative_q,9000031,639.0,0.0,1.0,3609.1059969490657,0.9794433721524111,0,1.0,0,929.0661357484262,0.15129013209689623,0,1.0,0,7706.063021603513,0.6278604974726588,0,1.0,0,1600.0,loading,celsio,loading,0.0,sailing,yara_sluiskil,sailing_to_emitter,4800.0,sailing,brevik,sailing_to_emitter,4316.290964070848,1,1519935.9998561593,0.0,1519935.9998561593,108913.85896905776
iterative_q,9000031,640.0,0.0,1.0,3646.522174526488,1.0980145255648504,0,1.0,0,135.47391068192667,1.2425635531870767,0,1.0,0,7763.74200885838,1.3693620157961255,0,1.0,0,2400.0,loading,celsio,loading,0.0,sailing,yara_sluiskil,sailing_to_emitter,4800.0,sailing,brevik,sailing_to_emitter,4080.3110103229283,1,1527143.4516371961,0.0,1527143.4516371961,109149.83892280569
iterative_q,9000031,641.0,0.0,1.0,3688.4716811258627,0.5968446840401638,0,1.0,0,0.0,1.1874075115481517,0,1.0,0,7889.543493799795,0.0,1,1.0,0,2588.1017158073396,idle,celsio,idle,0.0,sailing,yara_sluiskil,sailing_to_emitter,4800.0,sailing,brevik,sailing_to_emitter,3844.76286048501,1,1529547.003601118,0.0,1529547.003601118,109385.38707264361
iterative_q,9000031,642.0,0.0,1.0,3711.2760881396466,1.1806519485489058,0,1.0,0,0.0,1.1769665799058338,0,1.0,0,7889.543493799795,0.0,1,1.0,0,2638.3934300314727,idle,celsio,idle,0.0,sailing,yara_sluiskil,sailing_to_emitter,4800.0,sailing,brevik,sailing_to_emitter,3609.60322099693,1,1530868.5154131174,0.0,1530868.5154131174,109620.54671213169
iterative_q,9000031,643.0,0.0,1.0,3756.3907837696256,0.8152370443465449,0,1.0,0,0.0,1.1391134834713736,0,1.0,0,7889.543493799795,0.0,1,1.0,0,2688.2429267815855,idle,celsio,idle,0.0,sailing,yara_sluiskil,sailing_to_emitter,4800.0,loading,brevik,loading,3374.7955395772183,1,1531771.2712829737,0.0,1531771.2712829737,109855.3543935514
iterative_q,9000031,644.0,0.0,1.0,2987.5451358992404,1.2664767939826926,0,1.0,0,0.0,0.6390073316164064,0,1.0,0,7889.543493799795,0.0,1,1.0,0,2736.4891853090444,idle,celsio,idle,0.0,sailing,yara_sluiskil,sailing_to_emitter,5600.0,loading,brevik,loading,3140.3086631942433,1,1538941.7293610172,0.0,1538941.7293610172,110089.84126993438
iterative_q,9000031,645.0,0.0,1.0,2235.9479627858695,0.42179157764037245,0,1.0,0,0.0,1.3339898963665402,0,1.0,0,7889.543493799795,0.8712693459583403,0,1.0,0,2763.553839857909,idle,celsio,idle,0.0,sailing,yara_sluiskil,sailing_to_emitter,6400.0,loading,brevik,loading,2906.115815992448,1,1545945.780175522,0.0,1545945.780175522,110324.03411713617
iterative_q,9000031,646.0,0.0,1.0,1452.069634491158,1.2168989609896708,0,1.0,0,0.0,1.0693570730476898,0,1.0,0,7969.597863757769,1.2722944346714113,0,1.0,0,2820.053936070435,idle,celsio,idle,0.0,sailing,yara_sluiskil,sailing_to_emitter,7200.0,loading,brevik,loading,2672.1938093246977,1,1553180.8036160748,0.0,1553180.8036160748,110557.95612380392
iterative_q,9000031,647.0,0.0,1.0,1198.5859550432826,1.0842964072571921,0,1.0,0,0.0,1.0545552357370984,0,1.0,0,8086.502910158561,0.8445020419161626,0,1.0,0,2865.345716523425,idle,celsio,idle,0.0,sailing,yara_sluiskil,sailing_to_emitter,7500.0,idle,brevik,idle,2438.5224230866115,1,1556402.470639173,0.0,1556402.470639173,110791.627510042
iterative_q,9000031,648.0,0.0,1.0,1240.0371938545065,1.1558047271560061,0,1.0,0,0.0,1.5309175079348125,0,1.0,0,8164.102487606589,0.5456199469768659,0,1.0,0,2910.0105767617647,idle,celsio,idle,0.0,sailing,yara_sluiskil,sailing_to_emitter,7500.0,sailing,oygarden_terminal,sailing_to_terminal,2205.0839154380224,1,1557679.1030292318,0.0,1557679.1030292318,111025.0660176906
iterative_q,9000031,649.0,0.0,1.0,1284.2260369194123,1.2050102691874338,0,1.0,0,0.0,0.9119964777010708,0,1.0,0,8214.239899563136,1.115076920827727,0,1.0,0,2974.8513875710173,idle,celsio,idle,0.0,sailing,yara_sluiskil,sailing_to_emitter,7500.0,sailing,oygarden_terminal,sailing_to_terminal,1971.8626300890178,1,1559114.038162503,0.0,1559114.038162503,111258.2873030396
iterative_q,9000031,650.0,0.0,1.0,1330.3002118869695,0.4357364331564627,0,1.0,0,0.0,0.776885684294361,0,1.0,0,8316.708197170603,0.42480548310471933,0,1.0,0,3013.4782833788076,idle,celsio,idle,0.0,sailing,yara_sluiskil,sailing_to_emitter,7500.0,sailing,oygarden_terminal,sailing_to_terminal,1738.8446786619877,1,1560343.0969337998,0.0,1560343.0969337998,111491.30525446663
iterative_q,9000031,651.0,0.0,1.0,1346.9622968309511,1.006330855222704,0,1.0,0,0.0,1.1710225897446669,0,1.0,0,8355.746221250478,0.9232952670529273,0,1.0,0,3046.382667458719,idle,celsio,idle,0.0,sailing,yara_sluiskil,sailing_to_emitter,7500.0,sailing,oygarden_terminal,sailing_to_terminal,1506.0176814862832,1,1561527.1526924707,0.0,1561527.1526924707,111724.13225164234
iterative_q,9000031,652.0,0.0,1.0,1385.4467143652737,0.7545711195508906,0,1.0,0,0.0,0.7908742226005463,0,1.0,0,8440.596123764422,1.2862460424321012,0,1.0,0,3095.980411165644,idle,celsio,idle,0.0,sailing,yara_sluiskil,sailing_to_emitter,7500.0,sailing,oygarden_terminal,sailing_to_terminal,1273.370554347293,1,1562842.1863415125,0.0,1562842.1863415125,111956.77937878133
iterative_q,9000031,653.0,0.0,1.0,1414.305825596277,1.6916668017572762,0,1.0,0,0.0,0.7659037700606602,0,1.0,0,8558.804379563277,1.0644256991072099,0,1.0,0,3129.4772688184994,idle,celsio,idle,0.0,sailing,yara_sluiskil,sailing_to_emitter,7500.0,sailing,oygarden_terminal,sailing_to_terminal,1040.8933317229728,1,1564030.7499212136,0.0,1564030.7499212136,112189.25660140565
iterative_q,9000031,654.0,0.0,1.0,1479.0105870217067,1.6090614283961333,0,1.0,0,0.0,0.8070651103109275,0,1.0,0,8656.629891226876,0.7800673774987337,0,1.0,0,3161.916522530863,idle,celsio,idle,0.0,sailing,yara_sluiskil,sailing_to_emitter,7500.0,sailing,oygarden_terminal,sailing_to_terminal,808.5770192468838,1,1565210.9447815793,0.0,1565210.9447815793,112421.57291388174
iterative_q,9000031,655.0,0.0,1.0,1540.5612431017198,0.2707344897865056,0,1.0,0,0.0,1.1666236614813463,0,1.0,0,8728.323742607834,1.3842948089266336,0,1.0,0,3196.099132539036,idle,celsio,idle,0.0,sailing,yara_sluiskil,sailing_to_emitter,7500.0,sailing,oygarden_terminal,sailing_to_terminal,576.4134697726042,1,1566404.7632712983,0.0,1566404.7632712983,112653.73646335602
iterative_q,9000031,656.0,0.0,1.0,1550.918441167171,0.7832135457856432,0,1.0,0,0.0,0.8107998150675549,0,1.0,0,8855.55429233923,0.700454910611443,0,1.0,0,3245.5105630881276,idle,celsio,idle,0.0,sailing,yara_sluiskil,sailing_to_emitter,7500.0,sailing,oygarden_terminal,sailing_to_terminal,344.3952786411119,1,1567718.0764004735,0.0,1567718.0764004735,112885.75465448751
iterative_q,9000031,657.0,0.0,1.0,1580.8836643262134,0.7948307735385698,0,1.0,0,0.0,1.448159743439718,0,1.0,0,8919.935039931355,1.2064107808183566,0,1.0,0,3279.851353588259,idle,celsio,idle,0.0,sailing,yara_sluiskil,sailing_to_emitter,7500.0,sailing,oygarden_terminal,sailing_to_terminal,112.51569468218861,1,1568913.0202642377,0.0,1568913.0202642377,113117.63423844644
iterative_q,9000031,658.0,0.0,1.0,1611.2960604046416,0.41144897255226975,0,1.0,0,0.0,0.7462818132632701,0,1.0,0,9030.82291418388,1.2824690932061278,0,1.0,0,3341.187024164409,idle,celsio,idle,0.0,sailing,yara_sluiskil,sailing_to_emitter,7500.0,sailing,oygarden_terminal,sailing_to_terminal,0.0,1,1570270.9489143072,0.0,1570270.9489143072,113230.14993312863
iterative_q,9000031,659.0,0.0,1.0,1627.040621922489,0.6438684322526568,0,1.0,0,0.0,0.6813276429961153,0,1.0,0,9148.705260972201,1.09002635965522,0,1.0,0,3372.7952052802334,idle,celsio,idle,0.0,sailing,yara_sluiskil,sailing_to_emitter,7500.0,sailing,oygarden_terminal,sailing_to_terminal,0.0,1,1571349.3697303615,0.0,1571349.3697303615,113230.14993312863
iterative_q,9000031,660.0,0.0,1.0,1651.681168713714,0.6826999913127263,0,1.0,0,0.0,1.527750552828946,0,1.0,0,9248.901607768887,1.518487539575012,0,1.0,0,3401.652303438462,idle,celsio,idle,0.0,sailing,yara_sluiskil,sailing_to_emitter,7500.0,sailing,oygarden_terminal,sailing_to_terminal,0.0,1,1572406.1931008804,0.0,1572406.1931008804,113230.14993312863
iterative_q,9000031,661.0,0.0,1.0,1677.8101052019265,0.7158248977037447,0,1.0,0,0.0,1.379911068968853,0,1.0,0,9388.486731400446,0.9364778378800762,0,1.0,0,3466.358980347098,idle,celsio,idle,0.0,sailing,yara_sluiskil,sailing_to_emitter,7500.0,sailing,oygarden_terminal,sailing_to_terminal,0.0,1,1573744.4544856185,0.0,1573744.4544856185,113230.14993312863
iterative_q,9000031,662.0,0.0,1.0,1705.2092652302,0.8751333715901777,0,1.0,0,0.0,0.8974118717514199,0,1.0,0,9474.57389975992,0.8796658284080454,0,1.0,0,3524.804031822996,idle,celsio,idle,0.0,sailing,yara_sluiskil,sailing_to_emitter,7500.0,sailing,oygarden_terminal,sailing_to_terminal,0.0,1,1575033.5588233562,0.0,1575033.5588233562,113230.14993312863
iterative_q,9000031,663.0,0.0,1.0,1738.7091492859288,0.826291835394374,0,1.0,0,0.0,1.0725566944535503,0,1.0,0,9555.440960080728,1.2954572213013658,0,1.0,0,3562.8132080801197,idle,celsio,idle,0.0,sailing,yara_sluiskil,sailing_to_emitter,7500.0,sailing,oygarden_terminal,sailing_to_terminal,0.0,1,1576162.2308117922,0.0,1576162.2308117922,113230.14993312863
iterative_q,9000031,664.0,0.0,1.0,1770.3422043903988,1.359548412772293,0,1.0,0,0.0,0.9338512344774228,0,1.0,0,9674.534999417723,1.244091289520052,0,1.0,0,3608.2405059892512,idle,celsio,idle,0.0,sailing,yara_sluiskil,sailing_to_emitter,7500.0,sailing,oygarden_terminal,sailing_to_terminal,0.0,1,1577349.1389497104,0.0,1577349.1389497104,113230.14993312863
iterative_q,9000031,665.0,0.0,1.0,1822.3946281116196,0.8592548379104586,0,1.0,0,0.0,0.5369826055395988,0,1.0,0,9788.910290766038,1.0262804880983836,0,1.0,0,3647.7930428861746,idle,celsio,idle,0.0,sailing,yara_sluiskil,sailing_to_emitter,7500.0,sailing,oygarden_terminal,sailing_to_terminal,0.0,1,1578489.9271294333,0.0,1578489.9271294333,113230.14993312863
iterative_q,9000031,666.0,0.0,1.0,1855.295458907253,0.6371751319775637,0,1.0,0,0.0,1.0270805160538476,0,1.0,0,9883.264015743693,1.1765503692252532,0,1.0,0,3670.5365201494415,idle,celsio,idle,0.0,sailing,yara_sluiskil,sailing_to_emitter,7500.0,sailing,oygarden_terminal,sailing_to_terminal,0.0,1,1579498.7553662756,0.0,1579498.7553662756,113230.14993312863
iterative_q,9000031,667.0,0.0,1.0,1879.6950362562925,0.7112653962922895,0,1.0,0,0.0,0.6995977974999903,0,1.0,0,9991.43642848018,1.1239974827463097,0,1.0,0,3714.0377101757776,idle,celsio,idle,0.0,sailing,yara_sluiskil,sailing_to_emitter,7500.0,sailing,oygarden_terminal,sailing_to_terminal,0.0,1,1580670.542546107,0.0,1580670.542546107,113230.14993312863
iterative_q,9000031,668.0,0.0,1.0,1906.9341992794648,0.9873523275077516,0,1.0,0,0.0,0.7423871306889112,0,1.0,0,10094.780208840144,1.0043374776786678,0,1.0,0,3743.6686264042164,idle,celsio,idle,0.0,sailing,yara_sluiskil,sailing_to_emitter,7500.0,sailing,oygarden_terminal,sailing_to_terminal,0.0,1,1581733.4407947313,0.0,1581733.4407947313,113230.14993312863
iterative_q,9000031,669.0,0.0,1.0,1944.7499583108504,0.9046650600550425,0,1.0,0,0.0,1.2568191223399776,0,1.0,0,10187.124848812404,0.9458147984724866,0,1.0,0,3775.1118512930348,idle,celsio,idle,0.0,sailing,yara_sluiskil,sailing_to_emitter,7500.0,sailing,oygarden_terminal,sailing_to_terminal,0.0,1,1582810.5666178016,0.0,1582810.5666178016,113230.14993312863
iterative_q,9000031,670.0,0.0,1.0,1979.401860669888,1.2138214160564968,0,1.0,0,0.0,1.4522032596595462,0,1.0,0,10274.091178366565,1.034546136816025,0,1.0,0,3828.3434398735526,idle,celsio,idle,0.0,sailing,yara_sluiskil,sailing_to_emitter,7500.0,sailing,oygarden_terminal,sailing_to_terminal,0.0,1,1584058.7425347425,0.0,1584058.7425347425,113230.14993312863
iterative_q,9000031,671.0,0.0,1.0,2025.8996860954073,0.8079898225200131,0,1.0,0,0.0,1.049763015414021,0,1.0,0,10369.219078834984,0.8744563536276577,0,1.0,0,3889.850370409077,idle,celsio,idle,0.0,sailing,yara_sluiskil,sailing_to_emitter,7500.0,sailing,oygarden_terminal,sailing_to_terminal,0.0,1,1585371.884230585,0.0,1585371.884230585,113230.14993312863
iterative_q,9000031,672.0,0.0,1.0,2056.8540816163018,1.0523433220869662,0,1.0,0,0.0,1.7840820275011855,0,1.0,0,10449.628918826445,0.8729235074128743,0,1.0,0,3934.312259912734,idle,celsio,idle,0.0,sailing,yara_sluiskil,sailing_to_emitter,7500.0,sailing,oygarden_terminal,sailing_to_terminal,0.0,1,1586551.2134056808,0.0,1586551.2134056808,113230.14993312863
iterative_q,9000031,673.0,0.0,1.0,2097.1733331955543,1.1651253090467462,0,1.0,0,0.0,0.8443236830940891,0,1.0,0,10529.900212240314,0.6866155941350215,0,1.0,0,4009.8756554672373,idle,celsio,idle,0.0,sailing,yara_sluiskil,sailing_to_emitter,7500.0,sailing,oygarden_terminal,sailing_to_terminal,0.0,1,1587974.7057315663,0.0,1587974.7057315663,113230.14993312863
iterative_q,9000031,674.0,0.0,1.0,2141.817654045355,1.105326682914419,0,1.0,0,0.0,1.4040085222586918,0,1.0,0,10593.041109003965,1.1468673218944347,0,1.0,0,4045.63632311492,idle,celsio,idle,0.0,sailing,yara_sluiskil,sailing_to_emitter,7500.0,unloading,oygarden_terminal,unloading,0.0,1,1588670.5857469514,0.0,1588670.5857469514,113230.14993312863
iterative_q,9000031,675.0,0.0,1.0,2184.174422466725,0.6114400885209119,0,1.0,0,0.0,0.7906605345861206,0,1.0,0,10698.509731091655,1.4404901328075963,0,1.0,0,4105.102003332505,idle,celsio,idle,0.0,sailing,yara_sluiskil,sailing_to_emitter,6700.0,unloading,oygarden_terminal,unloading,521.0652237964115,1,1589691.3458143848,0.0,1589691.3458143848,113509.08470933222
iterative_q,9000031,676.0,0.0,1.0,2207.6072469162395,1.0195077318486718,0,1.0,0,0.0,1.0834136118968622,0,1.0,0,10830.9845674902,0.8422317856980165,0,1.0,0,4138.589810397041,idle,celsio,idle,0.0,sailing,yara_sluiskil,sailing_to_emitter,5900.0,unloading,oygarden_terminal,unloading,1055.575182928229,1,1590502.6535976962,0.0,1590502.6535976962,113774.57475020041
iterative_q,9000031,677.0,0.0,1.0,2246.68232144085,0.7842846448401379,0,1.0,0,0.0,1.111636246384686,0,1.0,0,10908.44282918268,1.0741644067558043,0,1.0,0,4184.476944532661,idle,celsio,idle,0.0,sailing,yara_sluiskil,sailing_to_emitter,5100.0,unloading,oygarden_terminal,unloading,1596.951788075884,1,1591408.4872832957,0.0,1591408.4872832957,114033.19814505275
iterative_q,9000031,678.0,0.0,1.0,2276.7445777367193,0.6538525644193217,0,1.0,0,0.0,1.170046561810296,0,1.0,0,11007.234398876437,0.9846694953979722,0,1.0,0,4231.559426225467,idle,celsio,idle,0.0,sailing,yara_sluiskil,sailing_to_emitter,4300.0,unloading,oygarden_terminal,unloading,2142.7418286487455,1,1592321.8955662523,0.0,1592321.8955662523,114287.4081044799
iterative_q,9000031,679.0,0.0,1.0,2301.809493365535,1.2528004100746777,0,1.0,0,0.0,0.6246116004815441,0,1.0,0,11097.797778581744,0.7775666768048629,0,1.0,0,4281.115831034438,idle,celsio,idle,0.0,sailing,yara_sluiskil,sailing_to_emitter,3500.0,unloading,oygarden_terminal,unloading,2691.6896564557214,1,1593253.4307517144,0.0,1593253.4307517144,114538.46027667292
iterative_q,9000031,680.0,0.0,1.0,2349.838859378016,1.2624030703147033,0,1.0,0,0.0,0.8461713089820322,0,1.0,0,11169.315354663915,0.8440267409572972,0,1.0,0,4307.570765677339,idle,celsio,idle,0.0,sailing,yara_sluiskil,sailing_to_emitter,2700.0,unloading,oygarden_terminal,unloading,3243.044475169762,1,1594002.6204018292,0.0,1594002.6204018292,114787.10545795888
iterative_q,9000031,681.0,0.0,1.0,2398.2406655961768,0.759246144359206,0,1.0,0,0.0,1.1755192185121124,0,1.0,0,11246.94799573943,0.7179199969280254,0,1.0,0,4343.409688070967,idle,celsio,idle,0.0,loading,yara_sluiskil,loading,1900.0,unloading,oygarden_terminal,unloading,3796.31300163161,1,1594409.5546622039,0.0,1594409.5546622039,115033.83693149703
iterative_q,9000031,682.0,0.0,1.0,2427.3535118056516,0.5544121947785973,0,1.0,0,0.0,0.9062003869831657,0,1.0,0,10512.983456599426,0.5260542294743088,0,1.0,0,4393.19788296398,idle,celsio,idle,800.0,loading,yara_sluiskil,loading,1100.0,unloading,oygarden_terminal,unloading,4351.149844621697,1,1601205.775025291,0.0,1601205.775025291,115279.00008850695
iterative_q,9000031,683.0,0.0,1.0,2448.614007530353,0.8453587941504045,0,1.0,0,0.0,0.8918586964009488,0,1.0,0,9761.372238212974,0.7285836404928986,0,1.0,0,4431.579289893549,idle,celsio,idle,1600.0,loading,yara_sluiskil,loading,300.0,unloading,oygarden_terminal,unloading,4907.301769652252,1,1607911.9069306639,0.0,1607911.9069306639,115522.84816347639
iterative_q,9000031,684.0,0.0,1.0,2481.0345469330323,0.9086754607848504,0,1.0,0,0.0,1.1379859918784196,0,1.0,0,9028.392573024292,1.4435736977326945,0,1.0,0,4469.353265762393,idle,celsio,idle,2400.0,loading,yara_sluiskil,loading,0.0,idle,oygarden_terminal,idle,4964.576506788518,1,1614597.5473303457,0.0,1614597.5473303457,115765.57342634012
iterative_q,9000031,685.0,0.0,1.0,2515.8864498434355,1.1515085460006045,0,1.0,0,0.0,1.2223355739553328,0,1.0,0,8361.186786113516,1.2214603410133595,0,1.0,0,4517.551770267386,idle,celsio,idle,3200.0,loading,yara_sluiskil,loading,0.0,sailing,yara_sluiskil,sailing_to_emitter,4722.824005738422,1,1621770.6094203552,0.0,1621770.6094203552,116007.32592739022
iterative_q,9000031,686.0,0.0,1.0,2560.0560422871317,0.8217895495303347,0,1.0,0,0.0,0.9434168571074696,0,1.0,0,7673.552176853684,1.042329370487637,0,1.0,0,4569.322835191174,idle,celsio,idle,4000.0,loading,yara_sluiskil,loading,0.0,sailing,yara_sluiskil,sailing_to_emitter,4481.92453354813,1,1628971.368243414,0.0,1628971.368243414,116248.22539958051
iterative_q,9000031,687.0,0.0,1.0,2591.581062922592,0.859837154657801,0,1.0,0,0.0,0.9606494785962931,0,1.0,0,6969.4417040277,1.0195584054344393,0,1.0,0,4609.280516535145,idle,celsio,idle,4800.0,loading,yara_sluiskil,loading,0.0,sailing,yara_sluiskil,sailing_to_emitter,4241.780777895303,1,1636079.0759595647,0.0,1636079.0759595647,116488.36915523333
iterative_q,9000031,688.0,0.0,1.0,2624.5685700485596,1.3472903431646874,0,1.0,0,0.0,0.6429441584255453,0,1.0,0,6263.23921561402,0.6032670663035873,0,1.0,0,4649.968072051899,idle,celsio,idle,5600.0,loading,yara_sluiskil,loading,0.0,sailing,yara_sluiskil,sailing_to_emitter,4002.3124166402436,1,1643192.2366594526,0.0,1643192.2366594526,116727.83751648839
iterative_q,9000031,689.0,0.0,1.0,2676.2617212010427,0.5948055233930822,0,1.0,0,0.0,1.1837804351954344,0,1.0,0,5518.740346149055,0.6988252860913445,0,1.0,0,4677.199467813793,idle,celsio,idle,6400.0,loading,yara_sluiskil,loading,0.0,sailing,yara_sluiskil,sailing_to_emitter,3763.4522701767564,1,1650199.5100727163,0.0,1650199.5100727163,116966.69766295188
iterative_q,9000031,690.0,0.0,1.0,2699.0853834250825,1.0738873314719635,0,1.0,0,0.0,1.282593444932998,0,1.0,0,4783.034846941812,1.006615361307288,0,1.0,0,4727.337560062634,idle,celsio,idle,7200.0,loading,yara_sluiskil,loading,0.0,sailing,yara_sluiskil,sailing_to_emitter,3525.1435054819435,1,1657386.3870128929,0.0,1657386.3870128929,117205.00642764669
iterative_q,9000031,691.0,0.0,1.0,2740.2958537996997,1.3403659022976284,0,1.0,0,0.0,1.4725036126125226,0,1.0,0,4575.649941778394,0.7282424119936836,0,1.0,0,4781.660799869511,idle,celsio,idle,7500.0,idle,yara_sluiskil,idle,0.0,sailing,yara_sluiskil,sailing_to_emitter,3287.3375598929406,1,1660680.6509027693,0.0,1660680.6509027693,117442.81237323569
iterative_q,9000031,692.0,0.0,1.0,2791.7370115205385,1.6357033631013658,0,1.0,0,0.0,0.7114043917154911,0,1.0,0,4642.654939142549,0.9017216192114698,0,1.0,0,4844.027535938882,idle,celsio,idle,7500.0,sailing,oygarden_terminal,sailing_to_terminal,0.0,sailing,yara_sluiskil,sailing_to_emitter,3049.9925700887516,1,1662097.85396927,0.0,1662097.85396927,117680.15736303988
iterative_q,9000031,693.0,0.0,1.0,2854.518329376184,1.2480390033749609,0,1.0,0,0.0,0.7929864932830265,0,1.0,0,4725.624102781632,2.015170006569599,0,1.5625219685013347,1,4874.158511208948,idle,celsio,idle,7500.0,sailing,oygarden_terminal,sailing_to_terminal,0.0,sailing,yara_sluiskil,sailing_to_emitter,2813.072163612845,1,1663261.8153105571,0.0,1663261.8153105571,117917.07776951579
iterative_q,9000031,694.0,0.0,1.0,2902.4246197785214,0.3576059195457748,0,1.0,0,0.0,1.226483834410408,0,1.0,0,4911.049376460982,2.7909282049647315,0,1.5625219685013347,1,4907.74483243054,idle,celsio,idle,7500.0,sailing,oygarden_terminal,sailing_to_terminal,0.0,sailing,yara_sluiskil,sailing_to_emitter,2576.5445156521646,1,1664452.7419006291,0.0,1664452.7419006291,118153.60541747647
iterative_q,9000031,695.0,0.0,1.0,2916.152629692316,1.183408988354548,0,1.0,0,0.0,0.6517346096385345,0,1.0,0,5167.863500924196,1.4961988321175062,0,1.5625219685013347,1,4959.691593673666,idle,celsio,idle,7500.0,sailing,oygarden_terminal,sailing_to_terminal,0.0,sailing,yara_sluiskil,sailing_to_emitter,2340.3816032534623,1,1665787.658042521,0.0,1665787.658042521,118389.76832987518
iterative_q,9000031,696.0,0.0,1.0,2961.5861362109454,0.997315199454919,0,1.0,0,0.0,0.25034771919328,0,1.0,0,5305.544039138398,0.9739267183650273,0,1.5625219685013347,1,4987.2953021049725,idle,celsio,idle,7500.0,sailing,oygarden_terminal,sailing_to_terminal,0.0,sailing,yara_sluiskil,sailing_to_emitter,2104.55860876405,1,1666931.3290733942,0.0,1666931.3290733942,118625.59132436459
iterative_q,9000031,697.0,0.0,1.0,2999.8785130563238,1.056663727654978,0,1.0,0,0.0,1.2206195527106507,0,1.0,0,5395.1676683247015,1.131693695485475,0,1.5625219685013347,1,4997.898583478792,idle,celsio,idle,7500.0,sailing,oygarden_terminal,sailing_to_terminal,0.0,sailing,yara_sluiskil,sailing_to_emitter,1869.0534376174182,1,1667941.4075190716,0.0,1667941.4075190716,118861.09649551123
iterative_q,9000031,698.0,0.0,1.0,3040.4531998282805,1.516010798696557,0,1.0,0,0.0,1.547393469427098,0,1.0,0,5499.312601129682,1.3546760457597917,0,1.5625219685013347,1,5049.5969676681225,idle,celsio,idle,7500.0,sailing,oygarden_terminal,sailing_to_terminal,0.0,sailing,yara_sluiskil,sailing_to_emitter,1633.8463248301987,1,1669273.9818928523,0.0,1669273.9818928523,119096.30360829845
iterative_q,9000031,699.0,0.0,1.0,3098.6714528107195,0.9811536414713437,0,1.0,0,0.0,0.9004121485427541,0,1.0,0,5623.981378513366,0.9848075418676223,0,1.5625219685013347,1,5115.135604909227,idle,celsio,idle,7500.0,sailing,oygarden_terminal,sailing_to_terminal,0.0,sailing,yara_sluiskil,sailing_to_emitter,1398.919511102269,1,1670715.0945966083,0.0,1670715.0945966083,119331.23042202638
iterative_q,9000031,700.0,0.0,1.0,3136.35331676552,1.5940668357680954,0,1.0,0,0.0,1.3882123936154191,0,1.0,0,5714.614432828757,1.506944441620606,0,1.5625219685013347,1,5153.271855537631,idle,celsio,idle,7500.0,sailing,oygarden_terminal,sailing_to_terminal,0.0,sailing,yara_sluiskil,sailing_to_emitter,1164.2569740908311,1,1671940.9758257477,0.0,1671940.9758257477,119565.89295903781
iterative_q,9000031,701.0,0.0,1.0,3197.5799478214826,1.2490235611075884,0,1.0,0,0.0,0.8572936409952858,0,1.0,0,5853.304542499423,1.7290862627143246,0,1.5625219685013347,1,5212.068503110696,idle,celsio,idle,7500.0,sailing,oygarden_terminal,sailing_to_terminal,0.0,sailing,yara_sluiskil,sailing_to_emitter,929.8442038333558,1,1673328.9496132415,0.0,1673328.9496132415,119800.30572929529
iterative_q,9000031,702.0,0.0,1.0,3245.5580378840095,0.3776188056926817,0,1.0,0,0.0,1.3575633608486533,0,1.0,0,6012.444015672951,2.001356715205318,0,1.5625219685013347,1,5248.378503156837,idle,celsio,idle,7500.0,sailing,oygarden_terminal,sailing_to_terminal,0.0,sailing,yara_sluiskil,sailing_to_emitter,695.668013803763,1,1674540.2944142658,0.0,1674540.2944142658,120034.48191932488
iterative_q,9000031,703.0,0.0,1.0,3260.064596986862,1.2507902476723536,0,1.0,0,0.0,1.0121558020655734,0,1.0,0,6196.647889063447,0.26042597082399827,0,1.5625219685013347,1,5305.877034975907,idle,celsio,idle,7500.0,sailing,oygarden_terminal,sailing_to_terminal,0.0,sailing,yara_sluiskil,sailing_to_emitter,461.7163809587859,1,1675917.8882452415,0.0,1675917.8882452415,120268.43355216987
iterative_q,9000031,704.0,0.0,1.0,3308.1190627366163,1.0042213037355905,0,1.0,0,0.0,0.9980333761663855,0,1.0,0,6220.618082939078,3.157556689959367,0,1.5625219685013347,1,5348.746100442246,idle,celsio,idle,7500.0,sailing,oygarden_terminal,sailing_to_terminal,0.0,sailing,yara_sluiskil,sailing_to_emitter,227.9783095444799,1,1677180.5455246912,0.0,1677180.5455246912,120502.17162358417
iterative_q,9000031,705.0,0.0,1.0,3346.703944573002,1.3304197410700265,0,1.0,0,0.0,1.527122483994786,0,1.0,0,6511.255423199511,1.7241461750236118,0,1.5625219685013347,1,5391.017021631606,idle,celsio,idle,7500.0,sailing,oygarden_terminal,sailing_to_terminal,0.0,sailing,yara_sluiskil,sailing_to_emitter,0.0,1,1678436.1455551747,0.0,1678436.1455551747,120730.14993312865
iterative_q,9000031,706.0,0.0,1.0,3397.8267746115553,1.295087149561541,0,1.0,0,0.0,1.2502734355422382,0,1.0,0,6669.95922686788,1.35584429583925,0,1.5625219685013347,1,5455.697097177178,idle,celsio,idle,7500.0,sailing,oygarden_terminal,sailing_to_terminal,0.0,sailing,yara_sluiskil,sailing_to_emitter,0.0,1,1679774.198105247,0.0,1679774.198105247,120730.14993312865
iterative_q,9000031,707.0,0.0,1.0,3447.5963184551074,0.7408384847518831,0,1.0,0,0.0,0.6637320688263617,0,1.0,0,6794.7654006947605,1.0209761364662973,0,1.5625219685013347,1,5508.651448325196,idle,celsio,idle,7500.0,sailing,oygarden_terminal,sailing_to_terminal,0.0,sailing,yara_sluiskil,sailing_to_emitter,0.0,1,1681020.1975627935,0.0,1681020.1975627935,120730.14993312865
iterative_q,9000031,708.0,0.0,1.0,3476.068888374051,1.4025987636109258,0,1.0,0,0.0,1.1571467813788994,0,1.0,0,6888.749598774306,1.9578655420567717,0,1.5625219685013347,1,5536.763299734394,idle,celsio,idle,7500.0,sailing,oygarden_terminal,sailing_to_terminal,0.0,sailing,yara_sluiskil,sailing_to_emitter,0.0,1,1682071.1703550776,0.0,1682071.1703550776,120730.14993312865
iterative_q,9000031,709.0,0.0,1.0,3529.979596634428,0.5349249842897001,0,1.0,0,0.0,1.1047389098507574,0,1.0,0,7068.982929807716,1.1934540534913065,0,1.5625219685013347,1,5585.773344456621,idle,celsio,idle,7500.0,sailing,oygarden_terminal,sailing_to_terminal,0.0,sailing,yara_sluiskil,sailing_to_emitter,0.0,1,1683286.2049364208,0.0,1683286.2049364208,120730.14993312865
iterative_q,9000031,710.0,0.0,1.0,3550.5419546927287,1.2259789596399473,0,1.0,0,0.0,1.0299402857355588,0,1.0,0,7178.850862312358,1.3207827196908992,0,1.5625219685013347,1,5632.563694868045,idle,celsio,idle,7500.0,sailing,oygarden_terminal,sailing_to_terminal,0.0,sailing,yara_sluiskil,sailing_to_emitter,0.0,1,1684483.813752084,0.0,1684483.813752084,120730.14993312865
iterative_q,9000031,711.0,0.0,1.0,3597.672396243895,1.2110818593252741,0,1.0,0,0.0,0.7239425713025573,0,1.0,0,7300.444156134056,1.9782814428804014,0,1.5625219685013347,1,5676.186008197191,idle,celsio,idle,7500.0,sailing,oygarden_terminal,sailing_to_terminal,0.0,sailing,yara_sluiskil,sailing_to_emitter,0.0,1,1685656.5518134327,0.0,1685656.5518134327,120730.14993312865
iterative_q,9000031,712.0,0.0,1.0,3644.2342682703447,1.0907646970204627,0,1.0,0,0.0,0.5191006756618443,0,1.0,0,7482.573246440987,1.2737645687978147,0,1.5625219685013347,1,5706.848028233735,idle,celsio,idle,7500.0,sailing,oygarden_terminal,sailing_to_terminal,0.0,sailing,yara_sluiskil,sailing_to_emitter,0.0,1,1686727.54476828,0.0,1686727.54476828,120730.14993312865
iterative_q,9000031,713.0,0.0,1.0,3686.1740770650176,0.9958908292520811,0,1.0,0,0.0,1.11879914194867,0,1.0,0,7599.844995232253,0.6961611569008551,0,1.5625219685013347,1,5728.834130376463,idle,celsio,idle,7500.0,sailing,oygarden_terminal,sailing_to_terminal,0.0,sailing,yara_sluiskil,sailing_to_emitter,0.0,1,1687730.427212804,0.0,1687730.427212804,120730.14993312865
iterative_q,9000031,714.0,0.0,1.0,3724.4693838155317,0.8125775125196779,0,1.0,0,0.0,0.6134847013299181,0,1.0,0,7663.940418589011,1.3081987127320336,0,1.5625219685013347,1,5776.219990895172,idle,celsio,idle,7500.0,sailing,oygarden_terminal,sailing_to_terminal,0.0,sailing,yara_sluiskil,sailing_to_emitter,0.0,1,1688932.7110954525,0.0,1688932.7110954525,120730.14993312865
iterative_q,9000031,715.0,0.0,1.0,3755.718450505375,1.1062841728913781,0,1.0,0,0.0,0.8636231732888835,0,1.0,0,7784.389625675351,1.8725806222033998,0,1.5625219685013347,1,5802.203654447994,idle,celsio,idle,7500.0,sailing,oygarden_terminal,sailing_to_terminal,0.0,sailing,yara_sluiskil,sailing_to_emitter,0.0,1,1689966.9764957656,0.0,1689966.9764957656,120730.14993312865
iterative_q,9000031,716.0,0.0,1.0,3798.266276974015,1.3641505933954354,0,1.0,0,0.0,1.3717555090367695,0,1.0,0,7956.808080072787,1.356974580011831,0,1.5625219685013347,1,5838.781736872077,idle,celsio,idle,7500.0,sailing,oygarden_terminal,sailing_to_terminal,0.0,sailing,yara_sluiskil,sailing_to_emitter,0.0,1,1691084.413646288,0.0,1691084.413646288,120730.14993312865
iterative_q,9000031,717.0,0.0,1.0,3850.736321519297,0.7816394322128537,0,1.0,0,0.0,1.1088422570836114,0,1.0,0,8081.755683153286,1.1636244958920388,0,1.5625219685013347,1,5896.88136600101,idle,celsio,idle,7500.0,sailing,oygarden_terminal,sailing_to_terminal,0.0,sailing,yara_sluiskil,sailing_to_emitter,0.0,1,1692370.8062372555,0.0,1692370.8062372555,120730.14993312865
iterative_q,9000031,718.0,0.0,1.0,3880.803591625108,1.2247741566657373,0,1.0,0,0.0,1.16974500417157,0,1.0,0,8188.903189052483,2.2586186219375683,0,1.5625219685013347,1,5943.845510467457,idle,celsio,idle,7500.0,sailing,oygarden_terminal,sailing_to_terminal,0.0,sailing,yara_sluiskil,sailing_to_emitter,0.0,1,1693569.779427493,0.0,1693569.779427493,120730.14993312865
iterative_q,9000031,719.0,0.0,1.0,3927.921062506607,0.49516836981212153,0,1.0,0,0.0,1.7368096770818153,0,1.0,0,8396.884884391016,0.9250311158052371,0,1.0,0,5993.38914303906,idle,celsio,idle,7500.0,sailing,oygarden_terminal,sailing_to_terminal,0.0,sailing,yara_sluiskil,sailing_to_emitter,0.0,1,1694789.002953587,0.0,1694789.002953587,120730.14993312865
iterative_q,9000031,720.0,0.0,1.0,3946.972040632646,0.49516836981212153,0,1.0,0,0.0,1.7368096770818153,0,1.0,0,8482.067612381574,0.9250311158052371,0,1.0,0,6066.950355253074,idle,celsio,idle,7500.0,sailing,oygarden_terminal,sailing_to_terminal,0.0,sailing,yara_sluiskil,sailing_to_emitter,0.0,1,1696196.7770891036,0.0,1696196.7770891036,120730.14993312865
