controller,test_seed,hour,cumulative_vent_t,weather_speed_factor,brevik_inventory_t,brevik_capture_availability,brevik_capture_outage,brevik_capture_high_output_factor,brevik_capture_high_output,celsio_inventory_t,celsio_capture_availability,celsio_capture_outage,celsio_capture_high_output_factor,celsio_capture_high_output,yara_sluiskil_inventory_t,yara_sluiskil_capture_availability,yara_sluiskil_capture_outage,yara_sluiskil_capture_high_output_factor,yara_sluiskil_capture_high_output,northern_pathfinder_inventory_t,northern_pathfinder_mode,northern_pathfinder_destination,northern_pathfinder_operational_state,northern_phoenix_inventory_t,northern_phoenix_mode,northern_phoenix_destination,northern_phoenix_operational_state,northern_pioneer_inventory_t,northern_pioneer_mode,northern_pioneer_destination,northern_pioneer_operational_state,oygarden_terminal_inventory_t,aurora_well_a7_ah_available
iterative_action_q_g60_p4_model_seed_0,9000056,0.0,0.0,1.0,1585.8756482500692,0.7235853201417359,0,1.0,0,436.2970813663125,1.5162177798633156,0,1.0,0,6784.901074973901,0.8693471293768965,0,1.0,0,0.0,loading,celsio,loading,0.0,loading,yara_sluiskil,loading,0.0,loading,brevik,loading,2765.382902051245,1
iterative_action_q_g60_p4_model_seed_0,9000056,1.0,0.0,1.0,812.8605927272924,0.38841757724177417,0,1.0,0,0.0,1.1854065346432332,0,1.0,0,6064.145403240234,0.9606648502498291,0,1.0,0,500.51529671768384,idle,celsio,idle,800.0,loading,yara_sluiskil,loading,800.0,loading,brevik,loading,2479.9947741973638,1
iterative_action_q_g60_p4_model_seed_0,9000056,2.0,0.0,1.0,27.345995868796535,1.1277860789160268,0,1.0,0,0.0,0.7574690496838903,0,1.0,0,5351.713627968322,1.0777160729067305,0,1.0,0,550.7222611337749,idle,celsio,idle,1600.0,loading,yara_sluiskil,loading,1600.0,loading,brevik,loading,2194.6066463434827,1
iterative_action_q_g60_p4_model_seed_0,9000056,3.0,0.0,1.0,0.0,0.8603336369354949,0,1.0,0,0.0,0.7081982010618342,0,1.0,0,4649.951440951821,1.132920145836311,0,1.0,0,582.8042688774011,idle,celsio,idle,2400.0,loading,yara_sluiskil,loading,1669.4049405184471,idle,brevik,idle,1909.2185184896014,1
iterative_action_q_g60_p4_model_seed_0,9000056,4.0,0.0,1.0,0.0,1.080508047005293,0,1.0,0,0.0,0.8957630690958552,0,1.0,0,3953.221233808291,0.8340834179104075,0,1.0,0,612.7994484559855,idle,celsio,idle,3200.0,loading,yara_sluiskil,loading,1701.4896760021263,idle,brevik,idle,1623.83039063572,1
iterative_action_q_g60_p4_model_seed_0,9000056,5.0,0.0,1.0,0.0,0.5092809570088943,0,1.0,0,0.0,0.9258342267019495,0,1.0,0,3229.25091586271,0.9823996697697603,0,1.0,0,650.7387909692943,idle,celsio,idle,4000.0,loading,yara_sluiskil,loading,1741.7854494209755,idle,brevik,idle,1338.4422627818387,1
iterative_action_q_g60_p4_model_seed_0,9000056,6.0,0.0,1.0,0.0,0.7670698989427591,0,1.0,0,0.0,1.1452717748414847,0,1.0,0,2518.8000880906666,1.0246082057746022,0,1.0,0,689.9517737872217,idle,celsio,idle,4800.0,loading,yara_sluiskil,loading,1760.7782434176052,idle,brevik,idle,1053.0541349279574,1
iterative_action_q_g60_p4_model_seed_0,9000056,7.0,0.0,1.0,0.0,1.4608230143756165,0,1.0,0,0.0,0.7326550653791566,0,1.0,0,1812.1966476254247,1.289545635244612,0,1.0,0,738.4588619175613,idle,celsio,idle,5600.0,loading,yara_sluiskil,loading,1789.3848465650626,idle,brevik,idle,767.6660070740761,1
iterative_action_q_g60_p4_model_seed_0,9000056,8.0,0.0,1.0,0.0,0.9629261185715282,0,1.0,0,0.0,1.9230501825917616,0,1.0,0,1129.7430780467619,0.6754009923928224,0,1.0,0,769.4898928101243,idle,celsio,idle,6400.0,loading,yara_sluiskil,loading,1843.8638159199975,idle,brevik,idle,482.2778792201948,1
iterative_action_q_g60_p4_model_seed_0,9000056,9.0,0.0,1.0,0.0,0.6492501623676,0,1.0,0,0.0,0.9393286073779697,0,1.0,0,391.3081093528456,1.3190719472542982,0,1.0,0,850.9391756224552,idle,celsio,idle,7200.0,loading,yara_sluiskil,loading,1879.774540314283,idle,brevik,idle,196.88975136631348,1
iterative_action_q_g60_p4_model_seed_0,9000056,10.0,0.0,1.0,0.0,0.8452601734317753,0,1.0,0,0.0,0.8350962156751761,0,1.0,0,211.5457858618962,0.82397901736217,0,1.0,0,890.723702354321,idle,celsio,idle,7500.0,idle,yara_sluiskil,idle,1903.987238924261,idle,brevik,idle,0.0,1
iterative_action_q_g60_p4_model_seed_0,9000056,11.0,0.0,1.0,0.0,0.7391960844801655,0,1.0,0,0.0,0.5684492008258997,0,1.0,0,286.654084483964,1.1877385180056037,0,1.0,0,926.0935478538099,idle,celsio,idle,7500.0,sailing,oygarden_terminal,sailing_to_terminal,1935.5097979005677,idle,brevik,idle,0.0,1
iterative_action_q_g60_p4_model_seed_0,9000056,12.0,0.0,1.0,0.0,1.1101646171756325,0,1.0,0,0.0,1.2854724714817745,0,1.0,0,394.9201347650577,1.0366786770771164,0,1.0,0,950.1697680906175,idle,celsio,idle,7500.0,sailing,oygarden_terminal,sailing_to_terminal,1963.0768703258532,idle,brevik,idle,0.0,1
iterative_action_q_g60_p4_model_seed_0,9000056,13.0,0.0,1.0,0.0,0.9064494350912465,0,1.0,0,0.0,0.8754853475894457,0,1.0,0,489.41654250042177,1.1260540079678159,0,1.0,0,1004.6149468098104,idle,celsio,idle,7500.0,sailing,oygarden_terminal,sailing_to_terminal,2004.4785813248861,idle,brevik,idle,0.0,1
iterative_action_q_g60_p4_model_seed_0,9000056,14.0,0.0,1.0,0.0,0.9623736082961817,0,1.0,0,0.0,1.4737410539670726,0,1.0,0,592.0597074549838,0.6661222326266099,0,1.0,0,1041.6954423264488,idle,celsio,idle,7500.0,sailing,oygarden_terminal,sailing_to_terminal,2038.2830738554735,idle,brevik,idle,0.0,1
iterative_action_q_g60_p4_model_seed_0,9000056,15.0,0.0,1.0,0.0,1.122988792498816,0,1.0,0,0.0,0.9280120676096347,0,1.0,0,652.7786813794962,1.037937751276945,0,1.0,0,1104.114589254238,idle,celsio,idle,7500.0,sailing,oygarden_terminal,sailing_to_terminal,2074.173157692251,idle,brevik,idle,0.0,1
iterative_action_q_g60_p4_model_seed_0,9000056,16.0,0.0,1.0,0.0,0.7349231407479503,0,1.0,0,0.0,1.4762401274059103,0,1.0,0,747.3896489239769,0.0,1,1.0,0,1143.419812816383,idle,celsio,idle,7500.0,sailing,oygarden_terminal,sailing_to_terminal,2116.0531043976594,idle,brevik,idle,0.0,1
iterative_action_q_g60_p4_model_seed_0,9000056,17.0,0.0,1.0,0.0,1.2339283785984687,0,1.0,0,0.0,1.3625328330915403,0,1.0,0,747.3896489239769,0.0,1,1.0,0,1205.9448060404004,idle,celsio,idle,7500.0,sailing,oygarden_terminal,sailing_to_terminal,2143.4608018037447,idle,brevik,idle,0.0,1
iterative_action_q_g60_p4_model_seed_0,9000056,18.0,0.0,1.0,0.0,1.3076606752946045,0,1.0,0,0.0,0.9481154022565408,0,1.0,0,747.3896489239769,0.0,1,1.0,0,1263.6538159602514,idle,celsio,idle,7500.0,sailing,oygarden_terminal,sailing_to_terminal,2189.478034624978,idle,brevik,idle,0.0,1
iterative_action_q_g60_p4_model_seed_0,9000056,19.0,0.0,1.0,0.0,1.0216556472288272,0,1.0,0,0.0,0.9147182136432006,0,1.0,0,747.3896489239769,0.0,1,1.0,0,1303.810500500352,idle,celsio,idle,7500.0,sailing,oygarden_terminal,sailing_to_terminal,2238.2449785647827,idle,brevik,idle,0.0,1
iterative_action_q_g60_p4_model_seed_0,9000056,20.0,0.0,1.0,0.0,1.2018943770786104,0,1.0,0,0.0,0.958972789963291,0,1.0,0,747.3896489239769,0.0,1,1.0,0,1342.5526733001302,idle,celsio,idle,7500.0,sailing,oygarden_terminal,sailing_to_terminal,2276.345853355634,idle,brevik,idle,0.0,1
iterative_action_q_g60_p4_model_seed_0,9000056,21.0,0.0,1.0,0.0,0.7304779186413267,0,1.0,0,0.0,0.45667777496597717,0,1.0,0,747.3896489239769,0.0,1,1.0,0,1383.169213984358,idle,celsio,idle,7500.0,sailing,oygarden_terminal,sailing_to_terminal,2321.1684116506704,idle,brevik,idle,0.0,1
iterative_action_q_g60_p4_model_seed_0,9000056,22.0,0.0,1.0,0.0,1.186502519250697,0,1.0,0,0.0,0.9300652194776364,0,1.0,0,747.3896489239769,0.0,1,1.0,0,1402.5114431076665,idle,celsio,idle,7500.0,sailing,oygarden_terminal,sailing_to_terminal,2348.4103094814745,idle,brevik,idle,0.0,1
iterative_action_q_g60_p4_model_seed_0,9000056,23.0,0.0,1.0,0.0,1.4203974616450912,0,1.0,0,0.0,0.6864533556911567,0,1.0,0,747.3896489239769,0.0,1,1.0,0,1441.9036263075097,idle,celsio,idle,7500.0,sailing,oygarden_terminal,sailing_to_terminal,2392.6588398115105,idle,brevik,idle,0.0,1
iterative_action_q_g60_p4_model_seed_0,9000056,24.0,0.0,1.0,0.0,1.292175516937303,0,1.0,0,0.0,1.3541399175043245,0,1.0,0,747.3896489239769,0.0,1,1.0,0,1470.9778200083779,idle,celsio,idle,7500.0,sailing,oygarden_terminal,sailing_to_terminal,2445.6300632440316,idle,brevik,idle,0.0,1
iterative_action_q_g60_p4_model_seed_0,9000056,25.0,0.0,1.0,0.0,0.9688578900979461,0,1.0,0,0.0,1.1652006982788303,0,1.0,0,747.3896489239769,0.0,1,1.0,0,1528.3313545685783,idle,celsio,idle,7500.0,sailing,oygarden_terminal,sailing_to_terminal,2493.8194671662454,idle,brevik,idle,0.0,1
iterative_action_q_g60_p4_model_seed_0,9000056,26.0,0.0,1.0,0.0,0.83225336791833,0,1.0,0,0.0,1.2422306819021798,0,1.0,0,747.3896489239769,0.0,1,1.0,0,1577.6825166268306,idle,celsio,idle,7500.0,sailing,oygarden_terminal,sailing_to_terminal,2529.9513053612673,idle,brevik,idle,0.0,1
iterative_action_q_g60_p4_model_seed_0,9000056,27.0,0.0,1.0,0.0,1.3070879053958386,0,1.0,0,0.0,0.9627448087078613,0,1.0,0,747.3896489239769,0.0,1,1.0,0,1630.2962232499428,idle,celsio,idle,7500.0,sailing,oygarden_terminal,sailing_to_terminal,2560.988714971293,idle,brevik,idle,0.0,1
iterative_action_q_g60_p4_model_seed_0,9000056,28.0,0.0,1.0,0.0,0.9720032029366464,0,1.0,0,0.0,1.0528364226272453,0,1.0,0,747.3896489239769,0.0,1,1.0,0,1671.0725248308343,idle,celsio,idle,7500.0,sailing,oygarden_terminal,sailing_to_terminal,2609.73422525112,idle,brevik,idle,0.0,1
iterative_action_q_g60_p4_model_seed_0,9000056,29.0,0.0,1.0,0.0,1.042127265884728,0,1.0,0,0.0,0.8511861347857365,0,1.0,0,747.3896489239769,0.0,1,1.0,0,1715.664586087456,idle,celsio,idle,7500.0,sailing,oygarden_terminal,sailing_to_terminal,2645.9833438469054,idle,brevik,idle,0.0,1
iterative_action_q_g60_p4_model_seed_0,9000056,30.0,0.0,1.0,0.0,0.8298459952343847,0,1.0,0,0.0,1.6441277609846594,0,1.0,0,747.3896489239769,0.0,1,1.0,0,1751.715907496376,idle,celsio,idle,7500.0,sailing,oygarden_terminal,sailing_to_terminal,2684.8476075253798,idle,brevik,idle,0.0,1
iterative_action_q_g60_p4_model_seed_0,9000056,31.0,0.0,1.0,0.0,0.8113965421852396,0,1.0,0,0.0,1.203439257405725,0,1.0,0,747.3896489239769,0.0,1,1.0,0,1821.3516498167166,idle,celsio,idle,7500.0,sailing,oygarden_terminal,sailing_to_terminal,2715.7952177053166,idle,brevik,idle,0.0,1
iterative_action_q_g60_p4_model_seed_0,9000056,32.0,0.0,1.0,0.0,0.6913035170160816,0,1.0,0,0.0,1.0897916289887615,0,1.0,0,747.3896489239769,0.0,1,1.0,0,1872.3223760677583,idle,celsio,idle,7500.0,sailing,oygarden_terminal,sailing_to_terminal,2746.0547839297706,idle,brevik,idle,0.0,1
iterative_action_q_g60_p4_model_seed_0,9000056,33.0,0.0,1.0,0.0,0.9599273253227101,0,1.0,0,0.0,0.606583343724301,0,1.0,0,747.3896489239769,0.0,1,1.0,0,1918.47964611694,idle,celsio,idle,7500.0,sailing,oygarden_terminal,sailing_to_terminal,2771.8356931896983,idle,brevik,idle,0.0,1
iterative_action_q_g60_p4_model_seed_0,9000056,34.0,0.0,1.0,0.0,1.1490622614466564,0,1.0,0,0.0,0.9832926005510321,0,1.0,0,747.3896489239769,0.9811325193196021,0,1.0,0,1944.1710080790415,idle,celsio,idle,7500.0,sailing,oygarden_terminal,sailing_to_terminal,2807.634433800022,idle,brevik,idle,0.0,1
iterative_action_q_g60_p4_model_seed_0,9000056,35.0,0.0,1.0,0.0,1.296072896311099,0,1.0,0,0.0,1.0385184942306298,0,1.0,0,836.8214086266887,0.4400535442485285,0,1.0,0,1985.8175952739816,idle,celsio,idle,7500.0,sailing,oygarden_terminal,sailing_to_terminal,2850.486610354861,idle,brevik,idle,0.0,1
iterative_action_q_g60_p4_model_seed_0,9000056,36.0,0.0,1.0,0.0,1.6051604257394643,0,1.0,0,0.0,1.2226418967146409,0,1.0,0,876.9329461848837,0.6373965448966494,0,1.0,0,2029.8032318986204,idle,celsio,idle,7500.0,sailing,oygarden_terminal,sailing_to_terminal,2898.8212720250917,idle,brevik,idle,0.0,1
iterative_action_q_g60_p4_model_seed_0,9000056,37.0,0.0,1.0,0.0,1.09866819483558,0,1.0,0,0.0,1.341579384847122,0,1.0,0,935.0325501796863,0.7784965690310086,0,1.0,0,2081.587270882722,idle,celsio,idle,7500.0,sailing,oygarden_terminal,sailing_to_terminal,2958.682776607862,idle,brevik,idle,0.0,1
iterative_action_q_g60_p4_model_seed_0,9000056,38.0,0.0,1.0,0.0,1.1623586718258365,0,1.0,0,0.0,1.1036229883347914,0,1.0,0,1005.9935704237,1.0225460763253797,0,1.0,0,2138.408813929684,idle,celsio,idle,7500.0,sailing,oygarden_terminal,sailing_to_terminal,2999.655577694099,idle,brevik,idle,0.0,1
iterative_action_q_g60_p4_model_seed_0,9000056,39.0,0.0,1.0,0.0,0.7612749612243905,0,1.0,0,0.0,1.0477397994826718,0,1.0,0,1099.199966410289,0.9272773184374012,0,1.0,0,2185.1519003601816,idle,celsio,idle,7500.0,sailing,oygarden_terminal,sailing_to_terminal,3043.0035905092245,idle,brevik,idle,0.0,1
iterative_action_q_g60_p4_model_seed_0,9000056,40.0,0.0,0.5914585533131274,0.0,1.1103544558823044,0,1.0,0,0.0,1.2620989766281678,0,1.0,0,1183.7224299005734,0.8316040480005579,0,1.0,0,2229.5280981392675,idle,celsio,idle,7500.0,sailing,oygarden_terminal,sailing_to_terminal,3071.393924977935,idle,brevik,idle,0.0,1
iterative_action_q_g60_p4_model_seed_0,9000056,41.0,0.0,0.5914585533131274,0.0,0.8232761680774707,0,1.0,0,0.0,0.8332630066406171,0,1.0,0,1259.5241018733118,1.74675185254477,0,1.0,0,2282.983310808756,idle,celsio,idle,7500.0,sailing,oygarden_terminal,sailing_to_terminal,3112.8025235990053,idle,brevik,idle,0.0,1
iterative_action_q_g60_p4_model_seed_0,9000056,42.0,0.0,0.5914585533131274,0.0,0.8384208682808182,0,1.0,0,0.0,0.8588442321465999,0,1.0,0,1418.7424389390387,1.0511828168635573,0,1.0,0,2318.2755121768223,idle,celsio,idle,7500.0,sailing,oygarden_terminal,sailing_to_terminal,3143.505067114468,idle,brevik,idle,0.0,1
iterative_action_q_g60_p4_model_seed_0,9000056,43.0,0.0,0.5914585533131274,0.0,0.8562169296972768,0,1.0,0,0.0,1.1265694755694113,0,1.0,0,1514.5588291073564,1.1371565511030088,0,1.0,0,2354.6511862955135,idle,celsio,idle,7500.0,sailing,oygarden_terminal,sailing_to_terminal,3174.7723988426105,idle,brevik,idle,0.0,1
iterative_action_q_g60_p4_model_seed_0,9000056,44.0,0.0,0.5914585533131274,0.0,0.8017040449824878,0,1.0,0,0.0,0.9734521349013809,0,1.0,0,1618.211736999215,0.9733767491808218,0,1.0,0,2402.3661532027872,idle,celsio,idle,7500.0,sailing,oygarden_terminal,sailing_to_terminal,3206.703396122975,idle,brevik,idle,0.0,1
iterative_action_q_g60_p4_model_seed_0,9000056,45.0,0.0,0.5914585533131274,0.0,1.274918299440539,0,1.0,0,0.0,0.9125048319749829,0,1.0,0,1706.9358939923536,0.9673430022183043,0,1.0,0,2443.5959551900614,idle,celsio,idle,7500.0,sailing,oygarden_terminal,sailing_to_terminal,3236.6014332599516,idle,brevik,idle,0.0,1
iterative_action_q_g60_p4_model_seed_0,9000056,46.0,0.0,0.5914585533131274,0.0,1.0124045672351074,0,1.0,0,0.0,0.7205142935319985,0,1.0,0,1795.1100047678428,0.5990698353648376,0,1.0,0,2482.2443819445734,idle,celsio,idle,7500.0,sailing,oygarden_terminal,sailing_to_terminal,3284.1470939924907,idle,brevik,idle,0.0,1
iterative_action_q_g60_p4_model_seed_0,9000056,47.0,0.0,0.5914585533131274,0.0,0.42031012066590223,0,1.0,0,0.0,0.4426420254759815,0,1.0,0,1849.7156725590735,0.9652981657266363,0,1.0,0,2512.7611999639153,idle,celsio,idle,7500.0,sailing,oygarden_terminal,sailing_to_terminal,3321.9027957216326,idle,brevik,idle,0.0,1
iterative_action_q_g60_p4_model_seed_0,9000056,48.0,0.0,0.5914585533131274,0.0,0.4517143494527063,0,1.0,0,0.0,1.2327278795229624,0,1.0,0,1937.7032644901944,1.258912350175297,0,1.0,0,2531.5089559216026,idle,celsio,idle,7500.0,sailing,oygarden_terminal,sailing_to_terminal,3337.5774592998473,idle,brevik,idle,0.0,1
iterative_action_q_g60_p4_model_seed_0,9000056,49.0,0.0,0.5914585533131274,0.0,1.1293936953853982,0,1.0,0,0.0,1.154801356537423,0,1.0,0,2052.453906993242,1.1512488237546599,0,1.0,0,2583.7201788001403,idle,celsio,idle,7500.0,sailing,oygarden_terminal,sailing_to_terminal,3354.423280929707,idle,brevik,idle,0.0,1
iterative_action_q_g60_p4_model_seed_0,9000056,50.0,0.0,0.5914585533131274,0.0,0.9592899743925276,0,1.0,0,0.0,1.4882404624150238,0,1.0,0,2157.3908750703276,0.9305876587612476,0,1.0,0,2632.6308848920194,idle,celsio,idle,7500.0,sailing,oygarden_terminal,sailing_to_terminal,3396.5418492338163,idle,brevik,idle,0.0,1
iterative_action_q_g60_p4_model_seed_0,9000056,51.0,0.0,0.5914585533131274,0.0,1.1856872272317098,0,1.0,0,0.0,1.047166751945956,0,1.0,0,2242.2143933626053,1.0318763300267135,0,1.0,0,2695.664142897085,idle,celsio,idle,7500.0,sailing,oygarden_terminal,sailing_to_terminal,3432.316720277005,idle,brevik,idle,0.0,1
iterative_action_q_g60_p4_model_seed_0,9000056,52.0,0.0,0.5914585533131274,0.0,1.0766292754625753,0,1.0,0,0.0,1.7655800224520286,0,1.0,0,2336.270354232599,0.9585092047506943,0,1.0,0,2740.0160696970224,idle,celsio,idle,7500.0,sailing,oygarden_terminal,sailing_to_terminal,3476.5346322975142,idle,brevik,idle,0.0,1
iterative_action_q_g60_p4_model_seed_0,9000056,53.0,0.0,0.5914585533131274,0.0,1.3545455274478848,0,1.0,0,0.0,1.029506743336043,0,1.0,0,2423.638806599374,1.1156223281795123,0,1.0,0,2814.7958273332406,idle,celsio,idle,7500.0,sailing,oygarden_terminal,sailing_to_terminal,3516.6854324650967,idle,brevik,idle,0.0,1
iterative_action_q_g60_p4_model_seed_0,9000056,54.0,0.0,0.5914585533131274,0.0,0.9175427319897902,0,1.0,0,0.0,0.6769833262671725,0,1.0,0,2525.3281008809226,0.7518548839532309,0,1.0,0,2858.399778313952,idle,celsio,idle,7500.0,sailing,oygarden_terminal,sailing_to_terminal,3567.200571965669,idle,brevik,idle,0.0,1
iterative_action_q_g60_p4_model_seed_0,9000056,55.0,0.0,0.5914585533131274,0.0,1.0330021955324529,0,1.0,0,0.0,1.2550650822970313,0,1.0,0,2593.859838209479,1.054793513948366,0,1.0,0,2887.07287634307,idle,celsio,idle,7500.0,sailing,oygarden_terminal,sailing_to_terminal,3601.4185371118156,idle,brevik,idle,0.0,1
iterative_action_q_g60_p4_model_seed_0,9000056,56.0,0.0,0.5914585533131274,0.0,0.6994119266042162,0,1.0,0,0.0,1.1150979943405228,0,1.0,0,2690.004427334487,0.9594477875283144,0,1.0,0,2940.2301739327363,idle,celsio,idle,7500.0,sailing,oygarden_terminal,sailing_to_terminal,3639.9423313758994,idle,brevik,idle,0.0,1
iterative_action_q_g60_p4_model_seed_0,9000056,57.0,0.0,0.5914585533131274,0.0,0.851661537184417,0,1.0,0,0.0,1.4578472109172267,0,1.0,0,2777.458174720755,1.3260416907082635,0,1.0,0,2987.4592752462017,idle,celsio,idle,7500.0,sailing,oygarden_terminal,sailing_to_terminal,3666.0255248341678,idle,brevik,idle,0.0,1
iterative_action_q_g60_p4_model_seed_0,9000056,58.0,0.0,0.5914585533131274,0.0,0.42586595565504914,0,1.0,0,0.0,1.0354017461929763,0,1.0,0,2898.3268986975636,1.49391836130513,0,1.0,0,3049.2052509123873,idle,celsio,idle,7500.0,sailing,oygarden_terminal,sailing_to_terminal,3697.7865632385706,idle,brevik,idle,0.0,1
iterative_action_q_g60_p4_model_seed_0,9000056,59.0,0.0,0.5914585533131274,0.0,0.7997826269361954,0,1.0,0,0.0,0.5898153782343984,0,1.0,0,3034.4974841285266,0.7830659945233746,0,1.0,0,3093.0588801174217,idle,celsio,idle,7500.0,sailing,oygarden_terminal,sailing_to_terminal,3713.6683921177314,idle,brevik,idle,0.0,1
iterative_action_q_g60_p4_model_seed_0,9000056,60.0,0.0,0.5914585533131274,0.0,1.047174499805889,0,1.0,0,0.0,0.9325633722102055,0,1.0,0,3105.873858693677,0.9151573159613584,0,1.0,0,3118.040048047283,idle,celsio,idle,7500.0,sailing,oygarden_terminal,sailing_to_terminal,3743.4946992203677,idle,brevik,idle,0.0,1
iterative_action_q_g60_p4_model_seed_0,9000056,61.0,0.0,0.5914585533131274,0.0,0.8547561015008442,0,1.0,0,0.0,1.2893545661950807,0,1.0,0,3189.290280569766,0.8532464259862458,0,1.0,0,3157.5380385475623,idle,celsio,idle,7500.0,sailing,oygarden_terminal,sailing_to_terminal,3782.546989360548,idle,brevik,idle,0.0,1
iterative_action_q_g60_p4_model_seed_0,9000056,62.0,0.0,0.5914585533131274,0.0,1.1200451729999261,0,1.0,0,0.0,1.2007785337250363,0,1.0,0,3267.063478986806,0.4090996755806965,0,1.0,0,3212.147640344775,idle,celsio,idle,7500.0,sailing,oygarden_terminal,sailing_to_terminal,3814.423412072844,idle,brevik,idle,0.0,1
iterative_action_q_g60_p4_model_seed_0,9000056,63.0,0.0,0.5914585533131274,0.0,1.0570060070986496,0,1.0,0,0.0,1.1676437628119383,0,1.0,0,3304.3527847313894,1.155747268822086,0,1.0,0,3263.0056737303285,idle,celsio,idle,7500.0,sailing,oygarden_terminal,sailing_to_terminal,3856.1932544694396,idle,brevik,idle,0.0,1
iterative_action_q_g60_p4_model_seed_0,9000056,64.0,0.0,0.5914585533131274,0.0,0.6133181930146041,0,1.0,0,0.0,0.8597224113698024,0,1.0,0,3409.6987044775715,0.7171727941806673,0,1.0,0,3312.460309871518,idle,celsio,idle,7500.0,unloading,oygarden_terminal,unloading,3895.6121710361213,idle,brevik,idle,0.0,1
iterative_action_q_g60_p4_model_seed_0,9000056,65.0,0.0,0.5914585533131274,0.0,1.050820609247918,0,1.0,0,0.0,1.028713809590829,0,1.0,0,3475.0686812222093,0.8334758019922217,0,1.0,0,3348.8731785827154,idle,celsio,idle,6700.0,unloading,oygarden_terminal,unloading,3918.4846378217603,idle,brevik,idle,514.6118721461187,1
iterative_action_q_g60_p4_model_seed_0,9000056,66.0,0.0,0.5914585533131274,0.0,0.9877576109437123,0,1.0,0,0.0,0.936823137603265,0,1.0,0,3551.0395688333347,0.6709393501375716,0,1.0,0,3392.4435454763084,idle,celsio,idle,5900.0,unloading,oygarden_terminal,unloading,3957.672869786031,idle,brevik,idle,1029.2237442922374,1
iterative_action_q_g60_p4_model_seed_0,9000056,67.0,0.0,0.5914585533131274,0.0,1.1166933808123132,0,1.0,0,0.0,1.1661235622984065,0,1.0,0,3612.1952980988544,1.0347371428277237,0,1.0,0,3432.1219550001547,idle,celsio,idle,5100.0,unloading,oygarden_terminal,unloading,3994.509287701499,idle,brevik,idle,1543.835616438356,1
iterative_action_q_g60_p4_model_seed_0,9000056,68.0,0.0,0.5914585533131274,0.0,1.2010301504309315,0,1.0,0,0.0,0.38768217825937945,0,1.0,0,3706.5109140189843,0.7315693433080046,0,1.0,0,3481.512204240431,idle,celsio,idle,4300.0,unloading,oygarden_terminal,unloading,4036.154097101251,idle,brevik,idle,2058.4474885844747,1
iterative_action_q_g60_p4_model_seed_0,9000056,69.0,0.0,0.5914585533131274,0.0,0.7221495929557677,0,1.0,0,0.0,1.155543479414729,0,1.0,0,3773.192933663151,1.4568508576462738,0,1.0,0,3497.9321789577793,idle,celsio,idle,3500.0,unloading,oygarden_terminal,unloading,4080.9440676610957,idle,brevik,idle,2573.0593607305937,1
iterative_action_q_g60_p4_model_seed_0,9000056,70.0,0.0,0.5914585533131274,0.0,1.375740347071763,0,1.0,0,0.0,0.8339066970029109,0,1.0,0,3905.9837442528346,1.1713400870312078,0,1.0,0,3546.8743170823022,idle,celsio,idle,2700.0,unloading,oygarden_terminal,unloading,4107.875159934463,idle,brevik,idle,3087.6712328767126,1
iterative_action_q_g60_p4_model_seed_0,9000056,71.0,0.0,0.5914585533131274,0.0,0.9796003801325824,0,1.0,0,0.0,0.9613465757239549,0,1.0,0,4012.750392861295,0.7525362978819685,0,1.0,0,3582.19378145101,idle,celsio,idle,1900.0,unloading,oygarden_terminal,unloading,4159.180573159312,idle,brevik,idle,3602.2831050228315,1
iterative_action_q_g60_p4_model_seed_0,9000056,72.0,0.0,0.5914585533131274,0.0,0.7065408075794826,0,1.0,0,0.0,0.7288269582512451,0,1.0,0,4081.343383327306,1.0941382862716922,0,1.0,0,3622.910861970083,idle,celsio,idle,1100.0,unloading,oygarden_terminal,unloading,4195.712753318775,idle,brevik,idle,4116.89497716895,1
iterative_action_q_g60_p4_model_seed_0,9000056,73.0,0.0,0.5914585533131274,0.0,1.655748250213823,0,1.0,0,0.0,0.6128107569828298,0,1.0,0,4181.073007112344,1.0766991786753615,0,1.0,0,3653.779756386479,idle,celsio,idle,300.0,unloading,oygarden_terminal,unloading,4222.061734437225,idle,brevik,idle,4633.69132983713,1
iterative_action_q_g60_p4_model_seed_0,9000056,74.0,0.0,0.5914585533131274,0.0,0.8805500412663962,0,1.0,0,0.0,1.0916331685035463,0,1.0,0,4279.21300133097,1.4320661499336735,0,1.0,0,3679.7348755548537,idle,celsio,idle,0.0,idle,oygarden_terminal,idle,4283.809438030072,idle,brevik,idle,4652.557195250956,1
iterative_action_q_g60_p4_model_seed_0,9000056,75.0,0.0,0.5914585533131274,0.0,1.1381259735366822,0,1.0,0,0.0,0.9234145621580124,0,1.0,0,4409.744224119204,1.3738578785296283,0,1.0,0,3725.9701425664175,idle,celsio,idle,0.0,sailing,yara_sluiskil,sailing_to_emitter,4316.647723797217,idle,brevik,idle,4373.221970097498,1
iterative_action_q_g60_p4_model_seed_0,9000056,76.0,0.0,0.5914585533131274,0.0,0.8330959438378259,0,1.0,0,0.0,0.9840571334155412,0,1.0,0,4534.969736230162,0.8674355341084872,0,1.0,0,3765.0806423896033,idle,celsio,idle,0.0,sailing,yara_sluiskil,sailing_to_emitter,4359.091761263864,idle,brevik,idle,4095.4824492778275,1
iterative_action_q_g60_p4_model_seed_0,9000056,77.0,0.0,0.5914585533131274,0.0,1.5822229158924421,0,1.0,0,0.0,0.8893288910690472,0,1.0,0,4614.03539566512,0.9507240085853917,0,1.0,0,3806.759610774626,idle,celsio,idle,0.0,sailing,yara_sluiskil,sailing_to_emitter,4390.160334151869,idle,brevik,idle,3819.1775543101294,1
iterative_action_q_g60_p4_model_seed_0,9000056,78.0,0.0,0.5914585533131274,0.0,1.0166715335012069,0,1.0,0,0.0,0.7757821851446778,0,1.0,0,4700.692631239815,1.2753819929283234,0,1.0,0,3844.4264387220046,idle,celsio,idle,0.0,sailing,yara_sluiskil,sailing_to_emitter,4449.166023043069,idle,brevik,idle,3544.175617475134,1
iterative_action_q_g60_p4_model_seed_0,9000056,79.0,0.0,1.0,0.0,1.3664759569579927,0,1.0,0,0.0,0.5425258348167019,0,1.0,0,4816.9419271142615,1.389393638544747,0,1.0,0,3877.284084960574,idle,celsio,idle,0.0,sailing,yara_sluiskil,sailing_to_emitter,4487.080651858105,idle,brevik,idle,3270.3666999721722,1
iterative_action_q_g60_p4_model_seed_0,9000056,80.0,0.0,1.0,0.0,0.9268375960564419,0,1.0,0,0.0,0.9591193705686977,0,1.0,0,4943.583132921084,1.093824955472158,0,1.0,0,3900.262341353981,idle,celsio,idle,0.0,sailing,yara_sluiskil,sailing_to_emitter,4538.040493508011,idle,brevik,idle,2997.6575098096764,1
iterative_action_q_g60_p4_model_seed_0,9000056,81.0,0.0,1.0,0.0,0.7703274367927342,0,1.0,0,0.0,0.5159868369894541,0,1.0,0,5043.283610623139,0.5104264907874889,0,1.0,0,3940.8850903448315,idle,celsio,idle,0.0,sailing,yara_sluiskil,sailing_to_emitter,4572.6049423182585,idle,brevik,idle,2725.9678466502887,1
iterative_action_q_g60_p4_model_seed_0,9000056,82.0,0.0,1.0,0.0,0.5848602184529952,0,1.0,0,0.0,1.4999061084720742,0,1.0,0,5089.808173169871,1.064073749037046,0,1.0,0,3962.7393082918397,idle,celsio,idle,0.0,sailing,yara_sluiskil,sailing_to_emitter,4601.332670979277,idle,brevik,idle,2455.2280167682457,1
iterative_action_q_g60_p4_model_seed_0,9000056,83.0,0.0,1.0,0.0,1.2189868011818168,0,1.0,0,0.0,0.8623731316185692,0,1.0,0,5186.796731160322,1.3204609973480699,0,1.0,0,4026.2666555897854,idle,celsio,idle,0.0,sailing,yara_sluiskil,sailing_to_emitter,4623.143789413657,idle,brevik,idle,2185.3768981308735,1
iterative_action_q_g60_p4_model_seed_0,9000056,84.0,0.0,1.0,0.0,1.3945646427737524,0,1.0,0,0.0,1.4040270031147235,0,1.0,0,5307.154473273378,1.180687198213881,0,1.0,0,4062.791793478955,idle,celsio,idle,0.0,sailing,yara_sluiskil,sailing_to_emitter,4668.603303283873,idle,brevik,idle,1916.360458546352,1
iterative_action_q_g60_p4_model_seed_0,9000056,85.0,0.0,1.0,0.0,1.060247078716854,0,1.0,0,0.0,0.5498253964695916,0,1.0,0,5414.771995599114,1.2702584330091187,0,1.0,0,4122.2582564387085,idle,celsio,idle,0.0,sailing,yara_sluiskil,sailing_to_emitter,4720.610610056914,idle,brevik,idle,1648.1305992627977,1
iterative_action_q_g60_p4_model_seed_0,9000056,86.0,0.0,1.0,0.0,1.2541422040539587,0,1.0,0,0.0,0.9113587425861664,0,1.0,0,5530.553690357468,0.9735640774711055,0,1.0,0,4145.5456800430675,idle,celsio,idle,0.0,sailing,yara_sluiskil,sailing_to_emitter,4760.150250627676,idle,brevik,idle,1380.6442381322204,1
iterative_action_q_g60_p4_model_seed_0,9000056,87.0,0.0,1.0,0.0,0.9615488025138624,0,1.0,0,0.0,1.1293026131653987,0,1.0,0,5619.292180934546,1.3031620359007319,0,1.0,0,4184.145565080051,idle,celsio,idle,0.0,sailing,yara_sluiskil,sailing_to_emitter,4806.920786467987,idle,brevik,idle,1113.8625727375795,1
iterative_action_q_g60_p4_model_seed_0,9000056,88.0,0.0,1.0,0.0,0.9315765404928517,0,1.0,0,0.0,0.8181561715269244,0,1.0,0,5738.07280330496,0.9489472492238837,0,1.0,0,4231.976291887422,idle,celsio,idle,0.0,sailing,yara_sluiskil,sailing_to_emitter,4842.779674996975,idle,brevik,idle,847.7504810666738,1
iterative_action_q_g60_p4_model_seed_0,9000056,89.0,0.0,1.0,0.0,1.215872235185585,0,1.0,0,0.0,1.2263543403278043,0,1.0,0,5824.567390240383,0.9557587108029217,0,1.0,0,4266.628655098007,idle,celsio,idle,0.0,sailing,yara_sluiskil,sailing_to_emitter,4877.520807074598,idle,brevik,idle,582.2760288995951,1
iterative_action_q_g60_p4_model_seed_0,9000056,90.0,0.0,1.0,0.0,0.9596898876323138,0,1.0,0,0.0,0.8798583966396666,0,1.0,0,5911.682763831292,0.9191937060562412,0,1.0,0,4318.569931720788,idle,celsio,idle,0.0,sailing,yara_sluiskil,sailing_to_emitter,4922.8641248589665,idle,brevik,idle,317.41006108424733,1
iterative_action_q_g60_p4_model_seed_0,9000056,91.0,0.0,1.0,0.0,1.2260559538924687,0,1.0,0,0.0,0.995109983410817,0,1.0,0,5995.465253427327,1.1853254646928333,0,1.0,0,4355.835644301478,idle,celsio,idle,0.0,sailing,yara_sluiskil,sailing_to_emitter,4958.6536709330185,idle,brevik,idle,53.12585953171879,1
iterative_action_q_g60_p4_model_seed_0,9000056,92.0,0.0,1.0,0.0,1.2354415448750762,0,1.0,0,0.0,0.6742318219571751,0,1.0,0,6103.504989513203,1.135464128473866,0,1.0,0,4397.982747482616,idle,celsio,idle,0.0,sailing,yara_sluiskil,sailing_to_emitter,5004.376752479347,idle,brevik,idle,0.0,1
iterative_action_q_g60_p4_model_seed_0,9000056,93.0,0.0,1.0,0.0,1.393655539470973,0,1.0,0,0.0,0.907642616643725,0,1.0,0,6206.999901463105,1.0617569940853204,0,1.0,0,4426.539307703863,idle,celsio,idle,0.0,sailing,yara_sluiskil,sailing_to_emitter,5050.449841749362,idle,brevik,idle,0.0,1
iterative_action_q_g60_p4_model_seed_0,9000056,94.0,0.0,1.0,0.0,0.8588205487509448,0,1.0,0,0.0,1.192167945364737,0,1.0,0,6303.776508565981,0.8731563117608144,0,1.0,0,4464.981799139997,idle,celsio,idle,0.0,sailing,yara_sluiskil,sailing_to_emitter,5102.423167413679,idle,brevik,idle,0.0,1
iterative_action_q_g60_p4_model_seed_0,9000056,95.0,0.0,1.0,0.0,0.971212182947207,0,1.0,0,0.0,1.2244534288812363,0,1.0,0,6383.3625557989835,0.8430784319238858,0,1.0,0,4515.475137806251,idle,celsio,idle,0.0,sailing,yara_sluiskil,sailing_to_emitter,5134.450990374138,idle,brevik,idle,0.0,1
iterative_action_q_g60_p4_model_seed_0,9000056,96.0,0.0,1.0,0.0,1.2536859480661013,0,1.0,0,0.0,0.8149739645580693,0,1.0,0,6460.207021880413,1.103085805509411,0,1.0,0,4567.335902815028,idle,celsio,idle,0.0,sailing,yara_sluiskil,sailing_to_emitter,5170.6702052718665,idle,brevik,idle,0.0,1
iterative_action_q_g60_p4_model_seed_0,9000056,97.0,0.0,1.0,0.0,1.1642287988309739,0,1.0,0,0.0,1.1939075390115137,0,1.0,0,6560.750428338759,1.244731318558046,0,1.0,0,4601.853486144297,idle,celsio,idle,0.0,sailing,yara_sluiskil,sailing_to_emitter,5217.423648297989,idle,brevik,idle,0.0,1
iterative_action_q_g60_p4_model_seed_0,9000056,98.0,0.0,1.0,0.0,0.831241117892122,0,1.0,0,0.0,0.9704074985215764,0,1.0,0,6674.204372061092,0.0,1,1.0,0,4652.420503935618,idle,celsio,idle,0.0,sailing,yara_sluiskil,sailing_to_emitter,5260.840977926685,idle,brevik,idle,0.0,1
iterative_action_q_g60_p4_model_seed_0,9000056,99.0,0.0,1.0,0.0,1.338534439634328,0,1.0,0,0.0,1.0269367482164011,0,1.0,0,6674.204372061092,0.0,1,1.0,0,4693.521352736021,idle,celsio,idle,0.0,sailing,yara_sluiskil,sailing_to_emitter,5291.840265906984,idle,brevik,idle,0.0,1
iterative_action_q_g60_p4_model_seed_0,9000056,100.0,0.0,1.0,0.0,0.8324034278638137,0,1.0,0,0.0,0.7563182281830699,0,1.0,0,6674.204372061092,0.0,1,1.0,0,4737.016453588316,idle,celsio,idle,0.0,sailing,yara_sluiskil,sailing_to_emitter,5341.757920224278,idle,brevik,idle,0.0,1
iterative_action_q_g60_p4_model_seed_0,9000056,101.0,0.0,1.0,0.0,1.0311112796928485,0,1.0,0,0.0,0.7298080994771718,0,1.0,0,6674.204372061092,0.9161595119337564,0,1.0,0,4769.049719189519,idle,celsio,idle,0.0,sailing,yara_sluiskil,sailing_to_emitter,5372.800543147587,idle,brevik,idle,0.0,1
iterative_action_q_g60_p4_model_seed_0,9000056,102.0,0.0,1.0,0.0,0.848523709697772,0,1.0,0,0.0,1.0802758129456802,0,1.0,0,6757.7096253941645,0.44952283415502614,0,1.0,0,4799.960169073325,idle,celsio,idle,0.0,sailing,yara_sluiskil,sailing_to_emitter,5411.25352451002,idle,brevik,idle,0.0,1
iterative_action_q_g60_p4_model_seed_0,9000056,103.0,0.0,1.0,0.0,0.6360607400257867,0,1.0,0,0.0,0.9486259524893755,0,1.0,0,6798.682283608416,1.0216754084948398,0,1.0,0,4845.714404194402,idle,celsio,idle,0.0,sailing,yara_sluiskil,sailing_to_emitter,5442.8973070848515,idle,brevik,idle,0.0,1
iterative_action_q_g60_p4_model_seed_0,9000056,104.0,0.0,1.0,0.0,0.8550801983493301,0,1.0,0,0.0,1.0633885042195526,0,1.0,0,6891.8048646359175,0.6454353548321347,0,1.0,0,4885.892712689343,idle,celsio,idle,0.0,sailing,yara_sluiskil,sailing_to_emitter,5466.617757431084,idle,brevik,idle,0.0,1
iterative_action_q_g60_p4_model_seed_0,9000056,105.0,0.0,1.0,0.0,1.1952332514339108,0,1.0,0,0.0,1.2262640525875257,0,1.0,0,6950.634275079899,1.1430336033466237,0,1.0,0,4930.931699088975,idle,celsio,idle,0.0,sailing,yara_sluiskil,sailing_to_emitter,5498.506038382034,idle,brevik,idle,0.0,1
iterative_action_q_g60_p4_model_seed_0,9000056,106.0,0.0,1.0,0.0,1.3033922547307326,0,1.0,0,0.0,0.38436518113240914,0,1.0,0,7054.818130317413,1.588668178927422,0,1.0,0,4982.869151645302,idle,celsio,idle,0.0,sailing,yara_sluiskil,sailing_to_emitter,5543.079550510014,idle,brevik,idle,0.0,1
iterative_action_q_g60_p4_model_seed_0,9000056,107.0,0.0,1.0,0.0,1.3587411367836164,0,1.0,0,0.0,1.6796177944249426,0,1.0,0,7199.620044647707,1.01834257632051,0,1.0,0,4999.148637549863,idle,celsio,idle,0.0,sailing,yara_sluiskil,sailing_to_emitter,5591.686599432817,idle,brevik,idle,0.0,1
iterative_action_q_g60_p4_model_seed_0,9000056,108.0,0.0,1.0,0.0,1.0420789255896885,0,1.0,0,0.0,1.011495415920576,0,1.0,0,7292.438575325172,1.2807005147525552,0,1.0,0,5070.287532412381,idle,celsio,idle,0.0,sailing,yara_sluiskil,sailing_to_emitter,5642.357750840629,idle,brevik,idle,0.0,1
iterative_action_q_g60_p4_model_seed_0,9000056,109.0,0.0,1.0,38.86195029536461,0.6752223236363757,0,1.0,0,0.0,1.265804312186594,0,1.0,0,7409.170071582416,1.0822563388415136,0,1.0,0,5113.128627741291,idle,celsio,idle,0.0,sailing,yara_sluiskil,sailing_to_emitter,5642.357750840629,sailing,oygarden_terminal,sailing_to_terminal,0.0,1
iterative_action_q_g60_p4_model_seed_0,9000056,110.0,0.0,1.0,64.04281789537282,0.35434712742070545,0,1.3033733810829322,1,0.0,0.9585553066952509,0,1.0,0,7507.813983602837,1.2394366716431018,0,1.0,0,5166.740776993373,idle,celsio,idle,0.0,sailing,yara_sluiskil,sailing_to_emitter,5642.357750840629,sailing,oygarden_terminal,sailing_to_terminal,0.0,1
iterative_action_q_g60_p4_model_seed_0,9000056,111.0,0.0,1.0,77.25737901413497,1.1176254276511381,0,1.3033733810829322,1,0.0,0.9026902567740833,0,1.0,0,7620.784254814471,0.8224408249425457,0,1.0,0,5207.33963550109,idle,celsio,idle,0.0,sailing,yara_sluiskil,sailing_to_emitter,5642.357750840629,sailing,oygarden_terminal,sailing_to_terminal,0.0,1
iterative_action_q_g60_p4_model_seed_0,9000056,112.0,0.0,1.0,118.936642094148,1.2161226964181069,0,1.3033733810829322,1,0.0,1.103990553757785,0,1.0,0,7695.746773576132,0.8766667439917073,0,1.0,0,5245.572373617595,idle,celsio,idle,0.0,sailing,yara_sluiskil,sailing_to_emitter,5642.357750840629,sailing,oygarden_terminal,sailing_to_terminal,0.0,1
iterative_action_q_g60_p4_model_seed_0,9000056,113.0,0.0,1.0,164.28912638138718,1.1391098527002,0,1.3033733810829322,1,0.0,0.9413542353548813,0,1.0,0,7775.651730800692,1.7948378888205396,0,1.0,0,5292.331027993412,idle,celsio,idle,0.0,sailing,yara_sluiskil,sailing_to_emitter,5642.357750840629,sailing,oygarden_terminal,sailing_to_terminal,0.0,1
iterative_action_q_g60_p4_model_seed_0,9000056,114.0,0.0,1.0,206.76958788120257,1.3370114485449598,0,1.3033733810829322,1,0.0,0.83218077934947,0,1.0,0,7939.244498852332,1.0056598708568474,0,1.0,0,5332.201348610148,idle,celsio,idle,0.0,sailing,yara_sluiskil,sailing_to_emitter,5642.357750840629,sailing,oygarden_terminal,sailing_to_terminal,0.0,1
iterative_action_q_g60_p4_model_seed_0,9000056,115.0,0.0,1.0,256.63032130306897,1.4109141493937563,0,1.3033733810829322,1,0.0,0.6630546181879559,0,1.0,0,8030.906571556445,1.0608977502447354,0,1.0,0,5367.447713089764,idle,celsio,idle,0.0,sailing,yara_sluiskil,sailing_to_emitter,5642.357750840629,sailing,oygarden_terminal,sailing_to_terminal,0.0,1
iterative_action_q_g60_p4_model_seed_0,9000056,116.0,0.0,1.0,309.2470756638269,1.322277956891903,0,1.3033733810829322,1,0.0,1.5356489078883206,0,1.0,0,8127.603295816959,0.9464065997686345,0,1.0,0,5395.530871608295,idle,celsio,idle,0.0,sailing,yara_sluiskil,sailing_to_emitter,5642.357750840629,sailing,oygarden_terminal,sailing_to_terminal,0.0,1
iterative_action_q_g60_p4_model_seed_0,9000056,117.0,0.0,1.0,358.5583419025251,1.5824472732723378,0,1.3033733810829322,1,0.0,0.0,1,1.0,0,8213.864531383088,1.1056897155619039,0,1.0,0,5460.5720771531605,idle,celsio,idle,0.0,sailing,yara_sluiskil,sailing_to_emitter,5642.357750840629,sailing,oygarden_terminal,sailing_to_terminal,0.0,1
iterative_action_q_g60_p4_model_seed_0,9000056,118.0,0.0,1.0,417.57200528525567,1.038839292431292,0,1.3033733810829322,1,0.0,1.431094353480431,0,1.0,0,8314.643721774934,0.9459276158818004,0,1.0,0,5460.5720771531605,sailing,yara_sluiskil,sailing_to_emitter,0.0,sailing,yara_sluiskil,sailing_to_emitter,5642.357750840629,sailing,oygarden_terminal,sailing_to_terminal,0.0,1
iterative_action_q_g60_p4_model_seed_0,9000056,119.0,0.0,1.0,456.3130764629828,1.4103606642031403,0,1.3033733810829322,1,60.61287936369053,0.9620350373272233,0,1.0,0,8400.861172145307,1.188868904941554,0,1.0,0,5460.5720771531605,sailing,yara_sluiskil,sailing_to_emitter,0.0,sailing,yara_sluiskil,sailing_to_emitter,5642.357750840629,sailing,oygarden_terminal,sailing_to_terminal,0.0,1
iterative_action_q_g60_p4_model_seed_0,9000056,120.0,0.0,1.0,508.90915462471406,1.639188233936159,0,1.3033733810829322,1,101.3591191342158,1.2811562724907342,0,1.0,0,8509.221652102333,0.6218911339728488,0,1.0,0,5460.5720771531605,sailing,yara_sluiskil,sailing_to_emitter,0.0,loading,yara_sluiskil,loading,5642.357750840629,sailing,oygarden_terminal,sailing_to_terminal,0.0,1
iterative_action_q_g60_p4_model_seed_0,9000056,121.0,0.0,1.0,570.0388080467545,1.6156750107282383,0,1.3033733810829322,1,155.6214886290432,0.8227300079206267,0,1.0,0,7765.904413289849,0.7998330885571621,0,1.0,0,5460.5720771531605,sailing,yara_sluiskil,sailing_to_emitter,800.0,loading,yara_sluiskil,loading,5642.357750840629,sailing,oygarden_terminal,sailing_to_terminal,0.0,1
iterative_action_q_g60_p4_model_seed_0,9000056,122.0,0.0,1.0,630.2915816534388,2.2499920603283843,0,1.3033733810829322,1,190.46757309419513,0.5719793220725076,0,1.0,0,7038.805781625047,1.283054361521506,0,1.0,0,5460.5720771531605,sailing,yara_sluiskil,sailing_to_emitter,1600.0,loading,yara_sluiskil,loading,5642.357750840629,sailing,oygarden_terminal,sailing_to_terminal,0.0,1
iterative_action_q_g60_p4_model_seed_0,9000056,123.0,0.0,1.0,714.1996940622347,1.3949156519167316,0,1.3033733810829322,1,214.6933088487877,0.7971742658704247,0,1.0,0,6355.750618221803,1.0513975665370936,0,1.0,0,5460.5720771531605,sailing,yara_sluiskil,sailing_to_emitter,2400.0,loading,yara_sluiskil,loading,5642.357750840629,sailing,oygarden_terminal,sailing_to_terminal,0.0,1
iterative_action_q_g60_p4_model_seed_0,9000056,124.0,0.0,1.0,766.2197534012176,1.2328060554505966,0,1.3033733810829322,1,248.4569998951051,0.49346816760978995,0,1.0,0,5651.580872902583,0.4354388348478887,0,1.0,0,5460.5720771531605,sailing,yara_sluiskil,sailing_to_emitter,3200.0,loading,yara_sluiskil,loading,5642.357750840629,sailing,oygarden_terminal,sailing_to_terminal,0.0,1
iterative_action_q_g60_p4_model_seed_0,9000056,125.0,0.0,1.0,812.1943125311933,0.8325737579459016,0,1.3033733810829322,1,269.3574572551743,1.104661722385295,0,1.0,0,4891.269174545621,0.9843904962756269,0,1.0,0,5460.5720771531605,sailing,yara_sluiskil,sailing_to_emitter,4000.0,loading,yara_sluiskil,loading,5642.357750840629,sailing,oygarden_terminal,sailing_to_terminal,0.0,1
iterative_action_q_g60_p4_model_seed_0,9000056,126.0,0.0,1.0,843.243158484783,1.3828089488882713,0,1.3033733810829322,1,316.14453845201314,1.0739914266373358,0,1.0,0,4180.991898163901,1.0793891746905906,0,1.0,0,5460.5720771531605,sailing,yara_sluiskil,sailing_to_emitter,4800.0,loading,yara_sluiskil,loading,5642.357750840629,sailing,oygarden_terminal,sailing_to_terminal,0.0,1
iterative_action_q_g60_p4_model_seed_0,9000056,127.0,0.0,1.0,894.8117008749026,0.5109632276309799,0,1.3033733810829322,1,361.632603317959,1.2075831781550639,0,1.0,0,3479.373247611631,1.253657855708127,0,1.0,0,5460.5720771531605,sailing,yara_sluiskil,sailing_to_emitter,5600.0,loading,yara_sluiskil,loading,5642.357750840629,sailing,oygarden_terminal,sailing_to_terminal,0.0,1
iterative_action_q_g60_p4_model_seed_0,9000056,128.0,0.0,1.0,913.8668455828375,1.4743191376341505,0,1.3033733810829322,1,412.7788420835051,0.9416416443602409,0,1.0,0,2793.6383003089513,0.920830466006019,0,1.0,0,5460.5720771531605,sailing,yara_sluiskil,sailing_to_emitter,6400.0,loading,yara_sluiskil,loading,5642.357750840629,sailing,oygarden_terminal,sailing_to_terminal,0.0,1
iterative_action_q_g60_p4_model_seed_0,9000056,129.0,0.0,1.0,968.8480232374624,0.0,1,1.3033733810829322,1,452.6613356833339,1.1341064263636758,0,1.0,0,2077.56763070733,1.3315147662171387,0,1.0,0,5460.5720771531605,sailing,yara_sluiskil,sailing_to_emitter,7200.0,loading,yara_sluiskil,loading,5642.357750840629,sailing,oygarden_terminal,sailing_to_terminal,0.0,1
iterative_action_q_g60_p4_model_seed_0,9000056,130.0,0.0,1.0,968.8480232374624,0.0,1,1.3033733810829322,1,500.6955242325291,0.6613864975859622,0,1.0,0,1898.9287983935114,0.6842923423484389,0,1.0,0,5460.5720771531605,sailing,yara_sluiskil,sailing_to_emitter,7500.0,idle,yara_sluiskil,idle,5642.357750840629,sailing,oygarden_terminal,sailing_to_terminal,0.0,1
iterative_action_q_g60_p4_model_seed_0,9000056,131.0,0.0,1.0,968.8480232374624,0.0,1,1.3033733810829322,1,528.7080308107685,0.750656554810069,0,1.0,0,1961.2987087891104,1.0186328028713583,0,1.0,0,5460.5720771531605,sailing,yara_sluiskil,sailing_to_emitter,7500.0,sailing,oygarden_terminal,sailing_to_terminal,5642.357750840629,sailing,oygarden_terminal,sailing_to_terminal,0.0,1
iterative_action_q_g60_p4_model_seed_0,9000056,132.0,0.0,1.0,968.8480232374624,0.0,1,1.3033733810829322,1,560.50150067501,1.0880684131432865,0,1.0,0,2054.14205366889,1.43974040386037,0,1.0,0,5460.5720771531605,sailing,yara_sluiskil,sailing_to_emitter,7500.0,sailing,oygarden_terminal,sailing_to_terminal,5642.357750840629,sailing,oygarden_terminal,sailing_to_terminal,0.0,1
iterative_action_q_g60_p4_model_seed_0,9000056,133.0,0.0,1.0,968.8480232374624,0.4703016095938627,0,1.3033733810829322,1,606.585785268058,1.20349744756388,0,1.0,0,2185.3671783813397,1.3188266523375645,0,1.0,0,5460.5720771531605,sailing,yara_sluiskil,sailing_to_emitter,7500.0,sailing,oygarden_terminal,sailing_to_terminal,5642.357750840629,sailing,oygarden_terminal,sailing_to_terminal,0.0,1
iterative_action_q_g60_p4_model_seed_0,9000056,134.0,0.0,1.0,986.3867728204333,0.6432198160221672,0,1.3033733810829322,1,657.5589761176273,1.0386077580760564,0,1.0,0,2305.5715320589948,0.8023223625967106,0,1.0,0,5460.5720771531605,sailing,yara_sluiskil,sailing_to_emitter,7500.0,sailing,oygarden_terminal,sailing_to_terminal,5642.357750840629,sailing,oygarden_terminal,sailing_to_terminal,0.0,1
iterative_action_q_g60_p4_model_seed_0,9000056,135.0,0.0,1.0,1010.3740806136506,1.9119775619670805,0,1.3033733810829322,1,701.5483934424562,1.4489661603558024,0,1.0,0,2378.699088263452,0.9403286909755888,0,1.0,0,5460.5720771531605,sailing,yara_sluiskil,sailing_to_emitter,7500.0,sailing,oygarden_terminal,sailing_to_terminal,5642.357750840629,unloading,oygarden_terminal,unloading,0.0,1
iterative_action_q_g60_p4_model_seed_0,9000056,136.0,0.0,1.0,1081.6765898822982,0.8663975053039247,0,1.3033733810829322,1,762.9182191748565,1.3065667004020491,0,1.0,0,2464.405148393068,0.9852926825784606,0,1.0,0,5460.5720771531605,sailing,yara_sluiskil,sailing_to_emitter,7500.0,sailing,oygarden_terminal,sailing_to_terminal,4842.357750840629,unloading,oygarden_terminal,unloading,514.6118721461187,1
iterative_action_q_g60_p4_model_seed_0,9000056,137.0,0.0,1.0,1113.9867526383475,1.4871978808224748,0,1.3033733810829322,1,818.2568274220922,0.7346600631942557,0,1.0,0,2554.209376035316,1.3879724715893185,0,1.0,0,5460.5720771531605,sailing,yara_sluiskil,sailing_to_emitter,7500.0,sailing,oygarden_terminal,sailing_to_terminal,4042.357750840629,unloading,oygarden_terminal,unloading,1029.2237442922374,1
iterative_action_q_g60_p4_model_seed_0,9000056,138.0,0.0,1.0,1169.4481286864498,0.9245713335247766,0,1.3033733810829322,1,849.3727784251954,1.0234518252246052,0,1.0,0,2680.715648107822,0.4787563330807064,0,1.0,0,5460.5720771531605,sailing,yara_sluiskil,sailing_to_emitter,7500.0,sailing,oygarden_terminal,sailing_to_terminal,3242.357750840629,unloading,oygarden_terminal,unloading,1543.835616438356,1
iterative_action_q_g60_p4_model_seed_0,9000056,139.0,0.0,1.0,1203.927729180777,1.7560553777410175,0,1.3033733810829322,1,892.7202780963526,0.853992695003279,0,1.0,0,2724.3516968388535,1.2126665122259586,0,1.0,0,5460.5720771531605,sailing,yara_sluiskil,sailing_to_emitter,7500.0,sailing,oygarden_terminal,sailing_to_terminal,2442.357750840629,unloading,oygarden_terminal,unloading,2058.4474885844747,1
iterative_action_q_g60_p4_model_seed_0,9000056,140.0,0.0,1.0,1269.4154594762915,0.8168077728076468,0,1.3033733810829322,1,928.8904691629435,1.401042337578901,0,1.0,0,2834.879605228429,0.8940523371580887,0,1.0,0,5460.5720771531605,sailing,yara_sluiskil,sailing_to_emitter,7500.0,sailing,oygarden_terminal,sailing_to_terminal,1642.3577508406288,unloading,oygarden_terminal,unloading,2573.0593607305937,1
iterative_action_q_g60_p4_model_seed_0,9000056,141.0,0.0,1.0,1299.8762747790295,1.249017939549611,0,1.3033733810829322,1,988.2305189539052,1.226038213248335,0,1.0,0,2916.367517346127,1.59142863728775,0,1.529065797533511,1,5460.5720771531605,sailing,yara_sluiskil,sailing_to_emitter,7500.0,sailing,oygarden_terminal,sailing_to_terminal,842.3577508406288,unloading,oygarden_terminal,unloading,3088.661880386732,1
iterative_action_q_g60_p4_model_seed_0,9000056,142.0,0.0,1.0,1346.4552862818268,0.9025608446114644,0,1.3033733810829322,1,1040.1584062620793,1.107423138294551,0,1.0,0,3061.417304945964,1.6511625911517653,0,1.529065797533511,1,5460.5720771531605,sailing,yara_sluiskil,sailing_to_emitter,7500.0,sailing,oygarden_terminal,sailing_to_terminal,42.357750840628796,unloading,oygarden_terminal,unloading,3607.3166160715145,1
iterative_action_q_g60_p4_model_seed_0,9000056,143.0,0.0,1.0,1380.1140383846216,0.9490211519338971,0,1.3033733810829322,1,1087.0624450648047,0.8781185750439472,0,1.0,0,3211.911394874767,1.1677960068726843,0,1.529065797533511,1,5460.5720771531605,sailing,yara_sluiskil,sailing_to_emitter,7500.0,sailing,oygarden_terminal,sailing_to_terminal,0.0,idle,oygarden_terminal,idle,3370.8151592778972,1
iterative_action_q_g60_p4_model_seed_0,9000056,144.0,0.0,1.0,1415.5054049480107,1.188209086529824,0,1.3033733810829322,1,1124.2544688658284,1.7850106554255531,0,1.0,0,3318.349288409765,0.5580249357476738,0,1.529065797533511,1,5460.5720771531605,sailing,yara_sluiskil,sailing_to_emitter,7500.0,sailing,oygarden_terminal,sailing_to_terminal,0.0,sailing,yara_sluiskil,sailing_to_emitter,3094.060029178117,1
iterative_action_q_g60_p4_model_seed_0,9000056,145.0,0.0,1.0,1459.8166792371242,1.0685133635313633,0,1.3033733810829322,1,1199.8571957280237,0.6304678659207166,0,1.0,0,3369.210016388164,1.553972314812146,0,1.529065797533511,1,5460.5720771531605,sailing,yara_sluiskil,sailing_to_emitter,7500.0,sailing,oygarden_terminal,sailing_to_terminal,0.0,sailing,yara_sluiskil,sailing_to_emitter,2819.127253092513,1
iterative_action_q_g60_p4_model_seed_0,9000056,146.0,0.0,1.0,1499.6641956818903,1.3925817958089761,0,1.3033733810829322,1,1226.5601679022889,1.4168140243021066,0,1.0,0,3510.8454524181357,0.8866575180621294,0,1.529065797533511,1,5460.5720771531605,sailing,yara_sluiskil,sailing_to_emitter,7500.0,sailing,oygarden_terminal,sailing_to_terminal,0.0,sailing,yara_sluiskil,sailing_to_emitter,2545.799224479891,1
iterative_action_q_g60_p4_model_seed_0,9000056,147.0,0.0,1.0,1551.5970202727153,1.2362102202012322,0,1.3033733810829322,1,1286.5682151194096,1.4574761556687046,0,1.0,0,3591.659010463924,2.6690899633696215,0,1.529065797533511,1,5460.5720771531605,sailing,yara_sluiskil,sailing_to_emitter,7500.0,sailing,oygarden_terminal,sailing_to_terminal,0.0,sailing,yara_sluiskil,sailing_to_emitter,2273.9025628790996,1
iterative_action_q_g60_p4_model_seed_0,9000056,148.0,0.0,1.0,1597.6983540594733,1.5304303644951014,0,1.3033733810829322,1,1348.2984750314515,1.412362057580346,0,1.0,0,3834.9305033798455,1.5890210021776439,0,1.529065797533511,1,5460.5720771531605,sailing,yara_sluiskil,sailing_to_emitter,7500.0,sailing,oygarden_terminal,sailing_to_terminal,0.0,sailing,yara_sluiskil,sailing_to_emitter,2003.295883380123,1
iterative_action_q_g60_p4_model_seed_0,9000056,149.0,0.0,1.0,1654.7718733319139,1.1363834176656984,0,1.3033733810829322,1,1408.1179626884139,1.2981427103511778,0,1.0,0,3979.7601017135817,1.103660566641296,0,1.529065797533511,1,5460.5720771531605,sailing,yara_sluiskil,sailing_to_emitter,7500.0,sailing,oygarden_terminal,sailing_to_terminal,0.0,sailing,yara_sluiskil,sailing_to_emitter,1733.8617576234162,1
iterative_action_q_g60_p4_model_seed_0,9000056,150.0,0.0,1.0,1697.1504042071083,1.5897394659033925,0,1.3033733810829322,1,1463.0997794414532,0.31335052091818993,0,1.0,0,4080.351974850451,0.5586003406166492,0,1.529065797533511,1,5460.5720771531605,sailing,yara_sluiskil,sailing_to_emitter,7500.0,sailing,oygarden_terminal,sailing_to_terminal,0.0,sailing,yara_sluiskil,sailing_to_emitter,1465.5011783228952,1
iterative_action_q_g60_p4_model_seed_0,9000056,151.0,0.0,1.0,1756.4356869318162,1.2605320354308454,0,1.3033733810829322,1,1476.3714950881347,1.1663905757905182,0,1.0,0,4131.264923079341,1.0076506274623858,0,1.529065797533511,1,5460.5720771531605,sailing,yara_sluiskil,sailing_to_emitter,7500.0,sailing,oygarden_terminal,sailing_to_terminal,0.0,sailing,yara_sluiskil,sailing_to_emitter,1198.1296109302111,1
iterative_action_q_g60_p4_model_seed_0,9000056,152.0,0.0,1.0,1803.4440097943911,1.5590395032674713,0,1.3033733810829322,1,1525.7730534755306,1.2216922572651063,0,1.0,0,4223.105945695995,1.0209594281003924,0,1.0,0,5460.5720771531605,sailing,yara_sluiskil,sailing_to_emitter,7500.0,sailing,oygarden_terminal,sailing_to_terminal,0.0,sailing,yara_sluiskil,sailing_to_emitter,931.6740970672142,1
iterative_action_q_g60_p4_model_seed_0,9000056,153.0,0.0,1.0,1861.5843969276232,1.7510060146315956,0,1.3033733810829322,1,1577.5168712252644,0.9786589239142017,0,1.0,0,4316.159913454017,0.9577726963223094,0,1.0,0,5460.5720771531605,sailing,yara_sluiskil,sailing_to_emitter,7500.0,sailing,oygarden_terminal,sailing_to_terminal,0.0,sailing,yara_sluiskil,sailing_to_emitter,666.0710796722856,1
iterative_action_q_g60_p4_model_seed_0,9000056,154.0,0.0,1.0,1926.883671410869,1.8035765658664429,0,1.3033733810829322,1,1618.967202679054,0.666784682654872,0,1.0,0,4403.454747738631,0.6871034762707713,0,1.0,0,5460.5720771531605,sailing,yara_sluiskil,sailing_to_emitter,7500.0,sailing,oygarden_terminal,sailing_to_terminal,0.0,sailing,yara_sluiskil,sailing_to_emitter,401.264737699455,1
iterative_action_q_g60_p4_model_seed_0,9000056,155.0,0.0,1.0,1994.143418832354,1.2615748427767255,0,1.3033733810829322,1,1647.2083451537098,1.0830669182874466,0,1.0,0,4466.079773734668,1.030242177605527,0,1.0,0,5460.5720771531605,sailing,yara_sluiskil,sailing_to_emitter,7500.0,sailing,oygarden_terminal,sailing_to_terminal,0.0,sailing,yara_sluiskil,sailing_to_emitter,137.205689294801,1
iterative_action_q_g60_p4_model_seed_0,9000056,156.0,0.0,1.0,2041.1905989921925,1.7767421558992664,0,1.3033733810829322,1,1693.0807953533108,1.299330488599406,0,1.0,0,4559.979598076665,0.9469447052948223,0,1.0,0,5460.5720771531605,sailing,yara_sluiskil,sailing_to_emitter,7500.0,sailing,oygarden_terminal,sailing_to_terminal,0.0,sailing,yara_sluiskil,sailing_to_emitter,0.0,1
iterative_action_q_g60_p4_model_seed_0,9000056,157.0,0.0,1.0,2107.4496048179826,1.2733773420949865,0,1.3033733810829322,1,1748.1129195228357,0.5308836508655804,0,1.0,0,4646.2873401372835,1.2393768288006692,0,1.0,0,5460.5720771531605,sailing,yara_sluiskil,sailing_to_emitter,7500.0,sailing,oygarden_terminal,sailing_to_terminal,0.0,sailing,yara_sluiskil,sailing_to_emitter,0.0,1
iterative_action_q_g60_p4_model_seed_0,9000056,158.0,0.0,1.0,2154.9369134707217,1.7058716786970438,0,1.3033733810829322,1,1770.598080342465,0.4953087540795367,0,1.0,0,4759.248251608988,0.5916210887006708,0,1.0,0,5460.5720771531605,sailing,yara_sluiskil,sailing_to_emitter,7500.0,sailing,oygarden_terminal,sailing_to_terminal,0.0,sailing,yara_sluiskil,sailing_to_emitter,0.0,1
iterative_action_q_g60_p4_model_seed_0,9000056,159.0,0.0,1.0,2218.5529658731066,0.6590090128797422,0,1.3033733810829322,1,1791.5764942994406,1.0007132610955372,0,1.0,0,4813.170518626842,0.0,1,1.0,0,5460.5720771531605,sailing,yara_sluiskil,sailing_to_emitter,7500.0,sailing,oygarden_terminal,sailing_to_terminal,0.0,sailing,yara_sluiskil,sailing_to_emitter,0.0,1
iterative_action_q_g60_p4_model_seed_0,9000056,160.0,0.0,0.7176636156271883,2243.128990948987,2.1447650086926964,0,1.3033733810829322,1,1833.9609199139454,0.779371111198033,0,1.0,0,4813.170518626842,0.0,1,1.0,0,5460.5720771531605,sailing,yara_sluiskil,sailing_to_emitter,7500.0,sailing,oygarden_terminal,sailing_to_terminal,0.0,sailing,yara_sluiskil,sailing_to_emitter,0.0,1
iterative_action_q_g60_p4_model_seed_0,9000056,161.0,0.0,0.7176636156271883,2323.1124041115086,1.6709210795866014,0,1.3033733810829322,1,1866.970572301787,0.41261779449859837,0,1.0,0,4813.170518626842,0.0,1,1.0,0,5460.5720771531605,loading,yara_sluiskil,loading,7500.0,sailing,oygarden_terminal,sailing_to_terminal,0.0,sailing,yara_sluiskil,sailing_to_emitter,0.0,1
iterative_action_q_g60_p4_model_seed_0,9000056,162.0,0.0,0.7176636156271883,2385.4250346451468,1.0529254445335055,0,1.3033733810829322,1,1884.4466754954242,1.3884489815299257,0,1.0,0,4013.170518626842,0.0,1,1.0,0,6260.5720771531605,loading,yara_sluiskil,loading,7500.0,sailing,oygarden_terminal,sailing_to_terminal,0.0,sailing,yara_sluiskil,sailing_to_emitter,0.0,1
iterative_action_q_g60_p4_model_seed_0,9000056,163.0,0.0,0.7176636156271883,2424.691127275583,1.051187144257599,0,1.3033733810829322,1,1943.2533435641226,0.9270401210403912,0,1.0,0,3213.170518626842,0.0,1,1.0,0,7060.5720771531605,loading,yara_sluiskil,loading,7500.0,sailing,oygarden_terminal,sailing_to_terminal,0.0,sailing,yara_sluiskil,sailing_to_emitter,0.0,1
iterative_action_q_g60_p4_model_seed_0,9000056,164.0,0.0,0.7176636156271883,2463.892388249668,1.1850985537586198,0,1.3033733810829322,1,1982.5174010913336,1.0979990637065071,0,1.0,0,2773.7425957800024,0.0,1,1.0,0,7500.0,idle,yara_sluiskil,idle,7500.0,sailing,oygarden_terminal,sailing_to_terminal,0.0,sailing,yara_sluiskil,sailing_to_emitter,0.0,1
iterative_action_q_g60_p4_model_seed_0,9000056,165.0,0.0,0.7176636156271883,2508.0875160774062,0.8616312894440585,0,1.3033733810829322,1,2029.0222906033566,0.3232577144796912,0,1.0,0,2773.7425957800024,0.8961084686938067,0,1.0,0,7500.0,sailing,oygarden_terminal,sailing_to_terminal,7500.0,sailing,oygarden_terminal,sailing_to_terminal,0.0,sailing,yara_sluiskil,sailing_to_emitter,0.0,1
iterative_action_q_g60_p4_model_seed_0,9000056,166.0,0.0,0.7176636156271883,2540.219779448987,0.9928230352282329,0,1.3033733810829322,1,2042.7136176660958,1.163326066101989,0,1.0,0,2855.416411006082,1.2940588264903394,0,1.0,0,7500.0,sailing,oygarden_terminal,sailing_to_terminal,7500.0,sailing,oygarden_terminal,sailing_to_terminal,0.0,sailing,yara_sluiskil,sailing_to_emitter,0.0,1
iterative_action_q_g60_p4_model_seed_0,9000056,167.0,0.0,0.7176636156271883,2577.24448654525,0.7859673924816604,0,1.3033733810829322,1,2091.98538114821,0.8524397016198711,0,1.6153355453045135,1,2973.3604393518312,1.1214681780684734,0,1.0,0,7500.0,sailing,oygarden_terminal,sailing_to_terminal,7500.0,sailing,oygarden_terminal,sailing_to_terminal,0.0,sailing,yara_sluiskil,sailing_to_emitter,0.0,1
iterative_action_q_g60_p4_model_seed_0,9000056,168.0,0.0,0.7176636156271883,2606.5550544903936,1.1404243656116797,0,1.3033733810829322,1,2128.0897963975935,1.7235613782304267,0,1.6153355453045135,1,3075.574013141387,0.9916241963858473,0,1.0,0,7500.0,sailing,oygarden_terminal,sailing_to_terminal,7500.0,sailing,oygarden_terminal,sailing_to_terminal,0.0,sailing,yara_sluiskil,sailing_to_emitter,0.0,1
iterative_action_q_g60_p4_model_seed_0,9000056,169.0,0.0,0.7176636156271883,2649.084147677069,1.2078182954282737,0,1.3033733810829322,1,2201.0898873004226,1.2317499377505845,0,1.6153355453045135,1,3165.953196823923,1.3036736203068315,0,1.0,0,7500.0,sailing,oygarden_terminal,sailing_to_terminal,7500.0,sailing,oygarden_terminal,sailing_to_terminal,0.0,sailing,yara_sluiskil,sailing_to_emitter,0.0,1
iterative_action_q_g60_p4_model_seed_0,9000056,170.0,0.0,0.7176636156271883,2694.1265109614906,1.679113686636837,0,1.3033733810829322,1,2253.2596902218975,1.1008012270642633,0,1.6153355453045135,1,3284.773281495801,0.9354975061215646,0,1.0,0,7500.0,sailing,oygarden_terminal,sailing_to_terminal,7500.0,sailing,oygarden_terminal,sailing_to_terminal,0.0,sailing,yara_sluiskil,sailing_to_emitter,0.0,1
iterative_action_q_g60_p4_model_seed_0,9000056,171.0,0.0,0.7176636156271883,2756.7445693128407,0.942297462768765,0,1.3033733810829322,1,2299.8832631660425,2.754632260317051,0,1.6153355453045135,1,3370.03680868863,1.390699679253771,0,1.0,0,7500.0,sailing,oygarden_terminal,sailing_to_terminal,7500.0,sailing,oygarden_terminal,sailing_to_terminal,0.0,sailing,yara_sluiskil,sailing_to_emitter,0.0,1
iterative_action_q_g60_p4_model_seed_0,9000056,172.0,0.0,0.7176636156271883,2791.8850297141967,1.3344445417828201,0,1.3033733810829322,1,2416.5535529200793,2.819571805930513,0,1.6153355453045135,1,3496.788480367557,0.5018447837950055,0,1.0,0,7500.0,sailing,oygarden_terminal,sailing_to_terminal,7500.0,sailing,oygarden_terminal,sailing_to_terminal,0.0,sailing,yara_sluiskil,sailing_to_emitter,0.0,1
iterative_action_q_g60_p4_model_seed_0,9000056,173.0,0.0,0.7176636156271883,2841.6495559163923,1.4865187774233,0,1.3033733810829322,1,2535.9743062159705,2.2934795490230235,0,1.6153355453045135,1,3542.5277722203946,1.6014466167465735,0,1.0,0,7500.0,sailing,oygarden_terminal,sailing_to_terminal,7500.0,sailing,oygarden_terminal,sailing_to_terminal,0.0,sailing,yara_sluiskil,sailing_to_emitter,0.0,1
iterative_action_q_g60_p4_model_seed_0,9000056,174.0,0.0,0.7176636156271883,2897.085273498364,0.959302544447332,0,1.3033733810829322,1,2633.112834426874,1.0461145711825637,0,1.6153355453045135,1,3688.4872057125453,0.8125444340375079,0,1.0,0,7500.0,sailing,oygarden_terminal,sailing_to_terminal,7500.0,sailing,oygarden_terminal,sailing_to_terminal,0.0,sailing,yara_sluiskil,sailing_to_emitter,0.0,1
iterative_action_q_g60_p4_model_seed_0,9000056,175.0,0.0,0.7176636156271883,2932.859874654565,1.7271695543680723,0,1.3033733810829322,1,2677.4201969354876,2.2804558362673593,0,1.6153355453045135,1,3762.5442719023235,1.1777083715232022,0,1.0,0,7500.0,sailing,oygarden_terminal,sailing_to_terminal,7500.0,sailing,oygarden_terminal,sailing_to_terminal,0.0,sailing,yara_sluiskil,sailing_to_emitter,0.0,1
iterative_action_q_g60_p4_model_seed_0,9000056,176.0,0.0,0.7176636156271883,2997.269994645417,1.2130508293515185,0,1.3033733810829322,1,2774.007116003216,1.8242660542771956,0,1.6153355453045135,1,3869.883094314487,0.7909129182774948,0,1.0,0,7500.0,sailing,oygarden_terminal,sailing_to_terminal,7500.0,sailing,oygarden_terminal,sailing_to_terminal,0.0,sailing,yara_sluiskil,sailing_to_emitter,0.0,1
iterative_action_q_g60_p4_model_seed_0,9000056,177.0,0.0,0.7176636156271883,3042.507439171385,1.021063411926454,0,1.3033733810829322,1,2851.27247450754,0.8576259832805548,0,1.6153355453045135,1,3941.9685111486515,0.7589231662960049,0,1.0,0,7500.0,sailing,oygarden_terminal,sailing_to_terminal,7500.0,sailing,oygarden_terminal,sailing_to_terminal,0.0,sailing,yara_sluiskil,sailing_to_emitter,0.0,1
iterative_action_q_g60_p4_model_seed_0,9000056,178.0,0.0,0.7176636156271883,3080.5852259109556,1.1277252416441237,0,1.3033733810829322,1,2887.5965506506172,1.9578127236373966,0,1.6153355453045135,1,4011.1382658802763,0.9034567270371906,0,1.0,0,7500.0,sailing,oygarden_terminal,sailing_to_terminal,7500.0,sailing,oygarden_terminal,sailing_to_terminal,0.0,sailing,yara_sluiskil,sailing_to_emitter,0.0,1
iterative_action_q_g60_p4_model_seed_0,9000056,179.0,0.0,0.7176636156271883,3122.6406691299653,1.3717192831950737,0,1.3033733810829322,1,2970.5181736351037,1.5054753010159452,0,1.0,0,4093.4810339709675,0.6061265181830932,0,1.0,0,7500.0,sailing,oygarden_terminal,sailing_to_terminal,7500.0,sailing,oygarden_terminal,sailing_to_terminal,0.0,sailing,yara_sluiskil,sailing_to_emitter,0.0,1
iterative_action_q_g60_p4_model_seed_0,9000056,180.0,0.0,0.7176636156271883,3173.795197746521,1.6326318114316858,0,1.3033733810829322,1,3034.2813997169983,0.7707989897540086,0,1.0,0,4148.724519504842,1.29567886996541,0,1.0,0,7500.0,sailing,oygarden_terminal,sailing_to_terminal,7500.0,unloading,oygarden_terminal,unloading,0.0,sailing,yara_sluiskil,sailing_to_emitter,0.0,1
iterative_action_q_g60_p4_model_seed_0,9000056,181.0,0.0,0.7176636156271883,3234.679737538493,0.7914108498350179,0,1.3033733810829322,1,3066.9279866216216,1.2959536525658102,0,1.0,0,4266.814987656447,0.31161535694493103,0,1.0,0,7500.0,sailing,oygarden_terminal,sailing_to_terminal,6700.0,unloading,oygarden_terminal,unloading,0.0,sailing,yara_sluiskil,sailing_to_emitter,514.6118721461187,1
iterative_action_q_g60_p4_model_seed_0,9000056,182.0,0.0,0.7176636156271883,3264.1932367173617,0.862104183641818,0,1.3033733810829322,1,3121.817087548383,0.6721480485769686,0,1.0,0,4295.2161425925915,1.623367438561509,0,1.0,0,7500.0,sailing,oygarden_terminal,sailing_to_terminal,5900.0,unloading,oygarden_terminal,unloading,0.0,sailing,yara_sluiskil,sailing_to_emitter,1029.2237442922374,1
iterative_action_q_g60_p4_model_seed_0,9000056,183.0,0.0,0.7176636156271883,3296.3430440460907,1.5128788487661784,0,1.3033733810829322,1,3150.28539118179,0.5496833826330372,0,1.0,0,4443.1725100189515,1.3272716934211548,0,1.0,0,7500.0,sailing,oygarden_terminal,sailing_to_terminal,5100.0,unloading,oygarden_terminal,unloading,0.0,sailing,yara_sluiskil,sailing_to_emitter,1543.835616438356,1
iterative_action_q_g60_p4_model_seed_0,9000056,184.0,0.0,0.7176636156271883,3352.7616957553546,1.3686877234311592,0,1.3033733810829322,1,3173.5667999014404,0.6716006158376647,0,1.0,0,4564.142137301186,1.0491362652692517,0,1.0,0,7500.0,sailing,oygarden_terminal,sailing_to_terminal,4300.0,unloading,oygarden_terminal,unloading,0.0,sailing,yara_sluiskil,sailing_to_emitter,2058.4474885844747,1
iterative_action_q_g60_p4_model_seed_0,9000056,185.0,0.0,0.7176636156271883,3403.803128191291,1.3895516242690436,0,1.3033733810829322,1,3202.011917450362,0.600574519690343,0,1.0,0,4659.761994418769,1.0422931129035629,0,1.0,0,7500.0,sailing,oygarden_terminal,sailing_to_terminal,3500.0,unloading,oygarden_terminal,unloading,0.0,sailing,yara_sluiskil,sailing_to_emitter,2576.8708594495847,1
iterative_action_q_g60_p4_model_seed_0,9000056,186.0,0.0,0.7176636156271883,3455.6226139081637,1.6152605068482462,0,1.3033733810829322,1,3227.448780381423,0.8547714212258866,0,1.0,0,4754.758086504003,1.0125801164249695,0,1.0,0,7500.0,sailing,oygarden_terminal,sailing_to_terminal,2700.0,unloading,oygarden_terminal,unloading,0.0,sailing,yara_sluiskil,sailing_to_emitter,3098.6208144535362,1
iterative_action_q_g60_p4_model_seed_0,9000056,187.0,0.0,0.7176636156271883,3515.8592786242043,1.8225382345697296,0,1.3033733810829322,1,3263.651953786651,1.3850486842893859,0,1.0,0,4847.046025549734,0.873985031536261,0,1.0,0,7500.0,sailing,oygarden_terminal,sailing_to_terminal,1900.0,unloading,oygarden_terminal,unloading,0.0,sailing,yara_sluiskil,sailing_to_emitter,3623.0279390325477,1
iterative_action_q_g60_p4_model_seed_0,9000056,188.0,0.0,0.7176636156271883,3583.825779071267,0.4898288578682459,0,1.3033733810829322,1,3322.3146049315596,0.7603530748746241,0,1.0,0,4926.702160126445,0.9473843747457007,0,1.0,0,7500.0,sailing,oygarden_terminal,sailing_to_terminal,1100.0,unloading,oygarden_terminal,unloading,0.0,sailing,yara_sluiskil,sailing_to_emitter,4149.638412493022,1
iterative_action_q_g60_p4_model_seed_0,9000056,189.0,0.0,0.7176636156271883,3602.092582641923,1.3651467562523834,0,1.3033733810829322,1,3354.5187633010637,1.0043445250553722,0,1.0,0,5013.047943007856,1.3379403003021135,0,1.0,0,7500.0,sailing,oygarden_terminal,sailing_to_terminal,300.0,unloading,oygarden_terminal,unloading,0.0,sailing,yara_sluiskil,sailing_to_emitter,4678.123288163597,1
iterative_action_q_g60_p4_model_seed_0,9000056,190.0,0.0,0.7176636156271883,3653.0019221569055,1.3897840628114047,0,1.3033733810829322,1,3397.0569882536765,1.3770536425239492,0,1.0,0,5134.989384691661,1.27371036889617,0,1.0,0,7500.0,sailing,oygarden_terminal,sailing_to_terminal,0.0,idle,oygarden_terminal,idle,0.0,sailing,yara_sluiskil,sailing_to_emitter,4708.23353579842,1
iterative_action_q_g60_p4_model_seed_0,9000056,191.0,0.0,0.7176636156271883,3704.8300329432172,1.8820898985067023,0,1.3033733810829322,1,3455.3810156727227,1.268713616394113,0,1.0,0,5251.076750067974,1.086593355416085,0,1.0,0,7500.0,sailing,oygarden_terminal,sailing_to_terminal,0.0,sailing,celsio,sailing_to_emitter,0.0,sailing,yara_sluiskil,sailing_to_emitter,4439.77451266344,1
iterative_action_q_g60_p4_model_seed_0,9000056,192.0,0.0,0.7176636156271883,3775.017300210039,1.1658533570999807,0,1.3033733810829322,1,3509.11638622362,0.6550611561612489,0,1.0,0,5350.109992018126,0.6167017781822266,0,1.0,0,7500.0,sailing,oygarden_terminal,sailing_to_terminal,0.0,sailing,celsio,sailing_to_emitter,0.0,sailing,yara_sluiskil,sailing_to_emitter,4172.590263252575,1
iterative_action_q_g60_p4_model_seed_0,9000056,193.0,0.0,0.7176636156271883,3818.494526281003,2.0410297323323605,0,1.3033733810829322,1,3536.8609879248834,0.8675010959622591,0,1.0,0,5406.316788432274,0.7306456949121691,0,1.0,0,7500.0,sailing,oygarden_terminal,sailing_to_terminal,0.0,sailing,celsio,sailing_to_emitter,0.0,sailing,yara_sluiskil,sailing_to_emitter,3906.553305473174,1
iterative_action_q_g60_p4_model_seed_0,9000056,194.0,0.0,0.7176636156271883,3894.6089846496416,1.076420390775039,0,1.3033733810829322,1,3573.6033167235055,0.8832684358377242,0,1.0,0,5472.908494647694,0.6016340405927354,0,1.0,0,7500.0,sailing,oygarden_terminal,sailing_to_terminal,0.0,sailing,celsio,sailing_to_emitter,0.0,sailing,yara_sluiskil,sailing_to_emitter,3641.557694656312,1
iterative_action_q_g60_p4_model_seed_0,9000056,195.0,0.0,0.7176636156271883,3934.7510465416744,1.1615078599612012,0,1.3033733810829322,1,3611.0134588409587,1.1156521172067808,0,1.0,0,5527.741922268472,0.8947395593018941,0,1.0,0,7500.0,sailing,oygarden_terminal,sailing_to_terminal,0.0,sailing,celsio,sailing_to_emitter,0.0,sailing,yara_sluiskil,sailing_to_emitter,3377.514149040677,1
iterative_action_q_g60_p4_model_seed_0,9000056,196.0,0.0,0.7176636156271883,3978.0661985962074,1.0410387114905966,0,1.3033733810829322,1,3658.2660295939922,1.3173748756556294,0,1.0,0,5609.2891710737495,0.9015670558584366,0,1.0,0,7500.0,sailing,oygarden_terminal,sailing_to_terminal,0.0,sailing,celsio,sailing_to_emitter,0.0,sailing,yara_sluiskil,sailing_to_emitter,3114.346525818497,1
iterative_action_q_g60_p4_model_seed_0,9000056,197.0,0.0,0.7176636156271883,4016.888787037541,1.0513628291279915,0,1.3033733810829322,1,3714.062409630484,1.2662206070293862,0,1.0,0,5691.45862274006,1.3064061003468033,0,1.0,0,7500.0,sailing,oygarden_terminal,sailing_to_terminal,0.0,sailing,celsio,sailing_to_emitter,0.0,sailing,yara_sluiskil,sailing_to_emitter,2851.989212221983,1
iterative_action_q_g60_p4_model_seed_0,9000056,198.0,0.0,0.7176636156271883,4056.096377879435,1.4173086373730075,0,1.3033733810829322,1,3767.6921907242577,1.126449530775537,0,1.0,0,5810.525300374323,1.0579910962664032,0,1.0,0,7500.0,sailing,oygarden_terminal,sailing_to_terminal,0.0,sailing,celsio,sailing_to_emitter,0.0,sailing,yara_sluiskil,sailing_to_emitter,2590.3851543416604,1
iterative_action_q_g60_p4_model_seed_0,9000056,199.0,0.0,0.7176636156271883,4108.950869849879,1.0942132826453965,0,1.3033733810829322,1,3815.4020774638234,0.7153834029861481,0,1.0,0,5906.951206653012,0.7472559431980779,0,1.0,0,7500.0,sailing,oygarden_terminal,sailing_to_terminal,0.0,sailing,celsio,sailing_to_emitter,0.0,sailing,yara_sluiskil,sailing_to_emitter,2329.484341286246,1
iterative_action_q_g60_p4_model_seed_0,9000056,200.0,0.0,0.7176636156271883,4149.7564335298575,1.1394765035755192,0,1.3033733810829322,1,3845.701580636714,0.883664406450355,0,1.0,0,5975.056485449545,1.1765967648194895,0,1.0,0,7500.0,sailing,oygarden_terminal,sailing_to_terminal,0.0,sailing,celsio,sailing_to_emitter,0.0,loading,yara_sluiskil,loading,2069.2426213472922,1
iterative_action_q_g60_p4_model_seed_0,9000056,201.0,0.0,0.7176636156271883,4192.24995310686,0.9999682040088721,0,1.3033733810829322,1,3883.128493779024,0.1973684612871428,0,1.0,0,5282.292021708399,0.9020951716363498,0,1.0,0,7500.0,sailing,oygarden_terminal,sailing_to_terminal,0.0,sailing,celsio,sailing_to_emitter,800.0,loading,yara_sluiskil,loading,1809.6207647324056,1
iterative_action_q_g60_p4_model_seed_0,9000056,202.0,0.0,0.7176636156271883,4229.540902366466,1.6079900330926586,0,1.3033733810829322,1,3891.4878802199673,0.9287993638575794,0,1.0,0,4564.509304013979,1.4688507908063482,0,1.0,0,7500.0,sailing,oygarden_terminal,sailing_to_terminal,0.0,sailing,celsio,sailing_to_emitter,1600.0,loading,yara_sluiskil,loading,1550.583712420866,1
iterative_action_q_g60_p4_model_seed_0,9000056,203.0,0.0,0.7176636156271883,4289.5062741112715,1.2453935747956861,0,1.3033733810829322,1,3930.826449097454,1.1134371772474754,0,1.0,0,3898.3808013367543,1.261686679565629,0,1.0,0,7500.0,sailing,oygarden_terminal,sailing_to_terminal,0.0,sailing,celsio,sailing_to_emitter,2400.0,loading,yara_sluiskil,loading,1292.0999675678731,1
iterative_action_q_g60_p4_model_seed_0,9000056,204.0,0.0,0.7176636156271883,4335.949644485962,2.2290421542398278,0,1.3033733810829322,1,3977.9852078050235,1.2313925858096013,0,1.0,0,3213.3712155003022,0.8882672973725849,0,1.0,0,7500.0,sailing,oygarden_terminal,sailing_to_terminal,0.0,sailing,celsio,sailing_to_emitter,3200.0,loading,yara_sluiskil,loading,1034.1410975171314,1
iterative_action_q_g60_p4_model_seed_0,9000056,205.0,0.0,0.7176636156271883,4419.075345299806,1.122134611990947,0,1.3033733810829322,1,4030.139875365202,0.7511673260092344,0,1.0,0,3294.328041770409,1.3169053277444227,0,1.0,0,7500.0,sailing,oygarden_terminal,sailing_to_terminal,0.0,sailing,celsio,sailing_to_emitter,3200.0,sailing,brevik,sailing_to_emitter,776.6813226546842,1
iterative_action_q_g60_p4_model_seed_0,9000056,206.0,0.0,0.7176636156271883,4460.922113807114,1.4473762102610386,0,1.3033733810829322,1,4061.9549785431395,0.9872240141989147,0,1.0,0,3414.3509197639473,0.6363616328210782,0,1.0,0,7500.0,sailing,oygarden_terminal,sailing_to_terminal,0.0,sailing,celsio,sailing_to_emitter,3200.0,sailing,brevik,sailing_to_emitter,519.6971741768701,1
iterative_action_q_g60_p4_model_seed_0,9000056,207.0,0.0,0.7176636156271883,4514.897817967295,1.18815348910637,0,1.3033733810829322,1,4103.7680776809075,1.0347738910461795,0,1.0,0,3472.348937433748,1.523667153056717,0,1.0,0,7500.0,sailing,oygarden_terminal,sailing_to_terminal,0.0,sailing,celsio,sailing_to_emitter,3200.0,sailing,brevik,sailing_to_emitter,263.1672070822794,1
iterative_action_q_g60_p4_model_seed_0,9000056,208.0,0.0,0.7176636156271883,4559.2065543220915,0.8488525667633499,0,1.3033733810829322,1,4147.595114573438,1.0865496700711443,0,1.0,0,3611.215903863985,0.7153136857984275,0,1.0,0,7500.0,sailing,oygarden_terminal,sailing_to_terminal,0.0,sailing,celsio,sailing_to_emitter,3200.0,sailing,brevik,sailing_to_emitter,7.071757814699367,1
iterative_action_q_g60_p4_model_seed_0,9000056,209.0,0.0,0.7176636156271883,4590.862042336266,0.5025751448978648,0,1.3033733810829322,1,4193.61507399436,1.092658038009588,0,1.0,0,3676.4095180797167,1.2885454502117173,0,1.0,0,7500.0,sailing,oygarden_terminal,sailing_to_terminal,0.0,sailing,celsio,sailing_to_emitter,3200.0,sailing,brevik,sailing_to_emitter,0.0,1
iterative_action_q_g60_p4_model_seed_0,9000056,210.0,0.0,0.7176636156271883,4609.6041178612595,0.9152870872979831,0,1.3033733810829322,1,4239.893748550354,1.497380907166186,0,1.0,0,3793.8473287821953,0.7799864977485254,0,1.0,0,7500.0,sailing,oygarden_terminal,sailing_to_terminal,0.0,sailing,celsio,sailing_to_emitter,3200.0,sailing,brevik,sailing_to_emitter,0.0,1
iterative_action_q_g60_p4_model_seed_0,9000056,211.0,0.0,0.7176636156271883,4643.737077143743,0.9895329487769625,0,1.3033733810829322,1,4303.314142926746,1.3140399433065084,0,1.0,0,3864.935111770223,1.0449150179272122,0,1.0,0,7500.0,sailing,oygarden_terminal,sailing_to_terminal,0.0,sailing,celsio,sailing_to_emitter,3200.0,sailing,brevik,sailing_to_emitter,0.0,1
iterative_action_q_g60_p4_model_seed_0,9000056,212.0,0.0,0.7176636156271883,4680.638812105439,0.9930146602856411,0,1.3033733810829322,1,4358.969274518177,1.5552150871935646,0,1.0,0,3960.1683467601138,0.9644549082755739,0,1.0,0,7500.0,sailing,oygarden_terminal,sailing_to_terminal,0.0,sailing,celsio,sailing_to_emitter,3200.0,sailing,brevik,sailing_to_emitter,0.0,1
iterative_action_q_g60_p4_model_seed_0,9000056,213.0,0.0,0.7176636156271883,4717.670381348793,1.4438936107595897,0,1.3033733810829322,1,4424.839190247632,1.074138534281763,0,1.0,0,4048.068407358669,0.9591251932465418,0,1.0,0,7500.0,sailing,oygarden_terminal,sailing_to_terminal,0.0,sailing,celsio,sailing_to_emitter,3200.0,sailing,brevik,sailing_to_emitter,0.0,1
iterative_action_q_g60_p4_model_seed_0,9000056,214.0,0.0,0.7176636156271883,4771.51614995875,0.5987202418766701,0,1.3033733810829322,1,4470.333485742525,0.48771618487043344,0,1.0,0,4135.482654496948,0.7051068546188193,0,1.0,0,7500.0,sailing,oygarden_terminal,sailing_to_terminal,0.0,sailing,celsio,sailing_to_emitter,3200.0,sailing,brevik,sailing_to_emitter,0.0,1
iterative_action_q_g60_p4_model_seed_0,9000056,215.0,0.0,0.7176636156271883,4793.843658148428,1.243790626463571,0,1.3033733810829322,1,4490.990322383223,0.8452707463594351,0,1.0,0,4199.745735032625,0.6399892314439581,0,1.0,0,7500.0,sailing,oygarden_terminal,sailing_to_terminal,0.0,sailing,celsio,sailing_to_emitter,3200.0,sailing,brevik,sailing_to_emitter,0.0,1
iterative_action_q_g60_p4_model_seed_0,9000056,216.0,0.0,0.7176636156271883,4840.227159136249,1.1266745478109315,0,1.0,0,4526.791102153013,0.7871247861773372,0,1.0,0,4258.0739855926195,0.7966606168047656,0,1.0,0,7500.0,sailing,oygarden_terminal,sailing_to_terminal,0.0,sailing,celsio,sailing_to_emitter,3200.0,sailing,brevik,sailing_to_emitter,0.0,1
iterative_action_q_g60_p4_model_seed_0,9000056,217.0,0.0,0.7176636156271883,4882.243153693545,0.8621555188710265,0,1.0,0,4560.129155365721,1.1132129076911392,0,1.0,0,4330.68112275209,0.77001572373726,0,1.0,0,7500.0,sailing,oygarden_terminal,sailing_to_terminal,0.0,sailing,celsio,sailing_to_emitter,3200.0,sailing,brevik,sailing_to_emitter,0.0,1
iterative_action_q_g60_p4_model_seed_0,9000056,218.0,0.0,0.7176636156271883,4914.394688340882,0.8888061166768331,0,1.0,0,4607.278415312059,1.2223721086741235,0,1.0,0,4400.859809872356,1.009853578142104,0,1.0,0,7500.0,sailing,oygarden_terminal,sailing_to_terminal,0.0,sailing,celsio,sailing_to_emitter,3200.0,sailing,brevik,sailing_to_emitter,0.0,1
iterative_action_q_g60_p4_model_seed_0,9000056,219.0,0.0,0.7176636156271883,4947.540072708178,1.2273018357690901,0,1.0,0,4659.051027635219,0.9855626719657965,0,1.0,0,4492.897081337851,0.8261613420442486,0,1.0,0,7500.0,sailing,oygarden_terminal,sailing_to_terminal,0.0,sailing,celsio,sailing_to_emitter,3200.0,sailing,brevik,sailing_to_emitter,0.0,1
iterative_action_q_g60_p4_model_seed_0,9000056,220.0,0.0,0.7176636156271883,4993.308642222923,1.3258677874118874,0,1.0,0,4700.793761925195,0.6399089648114331,0,1.0,0,4568.192729597752,0.7030856263647656,0,1.0,0,7500.0,sailing,oygarden_terminal,sailing_to_terminal,0.0,sailing,celsio,sailing_to_emitter,3200.0,sailing,brevik,sailing_to_emitter,0.0,1
iterative_action_q_g60_p4_model_seed_0,9000056,221.0,0.0,0.7176636156271883,5042.752926290839,1.1964118092057965,0,1.0,0,4727.896604441155,1.1397048663394154,0,1.0,0,4632.271313776717,1.1152107209429278,0,1.0,0,7500.0,sailing,oygarden_terminal,sailing_to_terminal,0.0,sailing,celsio,sailing_to_emitter,3200.0,sailing,brevik,sailing_to_emitter,0.0,1
iterative_action_q_g60_p4_model_seed_0,9000056,222.0,0.0,0.7176636156271883,5087.369528640272,1.0882168237779184,0,1.0,0,4776.1679105263465,0.8171858761310975,0,1.0,0,4733.910529322581,1.5120424655482774,0,1.0,0,7500.0,sailing,oygarden_terminal,sailing_to_terminal,0.0,sailing,celsio,sailing_to_emitter,3200.0,sailing,brevik,sailing_to_emitter,0.0,1
iterative_action_q_g60_p4_model_seed_0,9000056,223.0,0.0,0.7176636156271883,5127.951315873682,0.5516573837761862,0,1.0,0,4810.779177636152,1.0276984449682365,0,1.0,0,4871.716501060317,1.1598722533852441,0,1.0,0,7500.0,sailing,oygarden_terminal,sailing_to_terminal,0.0,sailing,celsio,sailing_to_emitter,3200.0,sailing,brevik,sailing_to_emitter,0.0,1
iterative_action_q_g60_p4_model_seed_0,9000056,224.0,0.0,0.7176636156271883,5148.523722477806,0.834497728913178,0,1.0,0,4854.3065395572,1.203415746339363,0,1.0,0,4977.425969615774,0.9295072028383247,0,1.0,0,7500.0,sailing,oygarden_terminal,sailing_to_terminal,0.0,sailing,celsio,sailing_to_emitter,3200.0,sailing,brevik,sailing_to_emitter,0.0,1
iterative_action_q_g60_p4_model_seed_0,9000056,225.0,0.0,0.7176636156271883,5179.643805942952,0.5767691801991696,0,1.0,0,4905.276270015459,1.1382912222779413,0,1.0,0,5062.140161122974,1.1924621778483604,0,1.0,0,7500.0,sailing,oygarden_terminal,sailing_to_terminal,0.0,sailing,celsio,sailing_to_emitter,3200.0,sailing,brevik,sailing_to_emitter,0.0,1
iterative_action_q_g60_p4_model_seed_0,9000056,226.0,0.0,0.7176636156271883,5201.152674136171,1.3433751755015155,0,1.0,0,4953.487702314723,1.3772322639345496,0,1.0,0,5170.819679396662,1.0860249832770545,0,1.0,0,7500.0,sailing,oygarden_terminal,sailing_to_terminal,0.0,sailing,celsio,sailing_to_emitter,3200.0,sailing,brevik,sailing_to_emitter,0.0,1
iterative_action_q_g60_p4_model_seed_0,9000056,227.0,0.0,0.7176636156271883,5251.24979431347,0.958485587618087,0,1.0,0,5011.819295103575,1.0663427344918006,0,1.0,0,5269.798571507755,1.0785730788645898,0,1.0,0,7500.0,sailing,oygarden_terminal,sailing_to_terminal,0.0,sailing,celsio,sailing_to_emitter,3200.0,sailing,brevik,sailing_to_emitter,0.0,1
iterative_action_q_g60_p4_model_seed_0,9000056,228.0,0.0,0.7176636156271883,5286.993613926299,1.0170121721646783,0,1.0,0,5056.983405610272,0.9555746039601932,0,1.0,0,5368.098234563197,1.2937378407119775,0,1.0,0,7500.0,unloading,oygarden_terminal,unloading,0.0,sailing,celsio,sailing_to_emitter,3200.0,sailing,brevik,sailing_to_emitter,0.0,1
iterative_action_q_g60_p4_model_seed_0,9000056,229.0,0.0,0.7176636156271883,5324.919999306275,1.3637390935021725,0,1.0,0,5097.456018790516,0.8803474256850214,0,1.0,0,5486.007630620769,0.28293142125138704,0,1.0,0,6700.0,unloading,oygarden_terminal,unloading,0.0,sailing,celsio,sailing_to_emitter,3200.0,sailing,brevik,sailing_to_emitter,514.6118721461187,1
iterative_action_q_g60_p4_model_seed_0,9000056,230.0,0.0,0.7176636156271883,5375.776505759072,0.7951468779500033,0,1.0,0,5134.742443813024,1.1771896250715899,0,1.0,0,5511.79357227838,1.2244420390004869,0,1.0,0,5900.0,unloading,oygarden_terminal,unloading,0.0,sailing,celsio,sailing_to_emitter,3200.0,sailing,brevik,sailing_to_emitter,1029.2237442922374,1
iterative_action_q_g60_p4_model_seed_0,9000056,231.0,0.0,1.0,5405.429087349974,0.842348666084115,0,1.0,0,5184.601387466265,1.510574379149647,0,1.0,0,5623.387285094464,1.804876714034054,0,1.0,0,5100.0,unloading,oygarden_terminal,unloading,0.0,sailing,celsio,sailing_to_emitter,3200.0,sailing,brevik,sailing_to_emitter,1544.9287209278923,1
iterative_action_q_g60_p4_model_seed_0,9000056,232.0,0.0,1.0,5436.841910845801,0.6771433358723394,0,1.0,0,5248.580581004835,1.1227351292668182,0,1.0,0,5787.880776179579,1.1934326542228209,0,1.0,0,4300.0,unloading,oygarden_terminal,unloading,0.0,sailing,celsio,sailing_to_emitter,3200.0,sailing,brevik,sailing_to_emitter,2066.115711220599,1
iterative_action_q_g60_p4_model_seed_0,9000056,233.0,0.0,1.0,5462.093901529982,1.5415955289285828,0,1.0,0,5296.13314718059,1.0122722018440973,0,1.0,0,5896.6481827418775,0.7852688332070612,0,1.0,0,3500.0,unloading,oygarden_terminal,unloading,0.0,sailing,celsio,sailing_to_emitter,3200.0,sailing,brevik,sailing_to_emitter,2591.1923606631303,1
iterative_action_q_g60_p4_model_seed_0,9000056,234.0,0.0,1.0,5519.582984874268,1.059075518429466,0,1.0,0,5339.00714266829,0.4991712440491395,0,1.0,0,5968.216185636577,0.669568909030636,0,1.0,0,2700.0,unloading,oygarden_terminal,unloading,0.0,sailing,celsio,sailing_to_emitter,3200.0,sailing,brevik,sailing_to_emitter,3119.2492724584054,1
iterative_action_q_g60_p4_model_seed_0,9000056,235.0,0.0,1.0,5559.0779560313285,0.663215243135431,0,1.0,0,5360.149149359736,0.8598649108937155,0,1.0,0,6029.239458642286,0.9129099635155964,0,1.0,0,1900.0,unloading,oygarden_terminal,unloading,0.0,loading,celsio,loading,3200.0,sailing,brevik,sailing_to_emitter,3649.6982515376753,1
iterative_action_q_g60_p4_model_seed_0,9000056,236.0,0.0,1.0,5583.810528473977,0.8683776749047677,0,1.0,0,4596.568053526549,0.8693308370308593,0,1.0,0,6112.440324494517,1.106032187494534,0,1.0,0,1100.0,unloading,oygarden_terminal,unloading,800.0,loading,celsio,loading,3200.0,sailing,brevik,sailing_to_emitter,4182.129850541101,1
iterative_action_q_g60_p4_model_seed_0,9000056,237.0,0.0,1.0,5616.193997519556,0.9780484180753984,0,1.0,0,3833.3878795736146,1.0634162585035385,0,1.0,0,6213.241905906973,0.8759300216371125,0,1.0,0,300.0,unloading,oygarden_terminal,unloading,1600.0,loading,celsio,loading,3200.0,sailing,brevik,sailing_to_emitter,4716.244269273553,1
iterative_action_q_g60_p4_model_seed_0,9000056,238.0,0.0,1.0,5652.6672930581635,1.3835542573503554,0,1.0,0,3078.428041484185,0.9620652316555481,0,1.0,0,6293.072372422435,0.7047409255376014,0,1.0,0,0.0,idle,oygarden_terminal,idle,2400.0,loading,celsio,loading,3200.0,sailing,brevik,sailing_to_emitter,4751.81362295245,1
iterative_action_q_g60_p4_model_seed_0,9000056,239.0,0.0,1.0,5704.262668369172,0.5362222192660333,0,1.0,0,2319.1755601118143,1.1280272926398325,0,1.0,0,6357.300968439393,0.9922469347222062,0,1.0,0,0.0,sailing,yara_sluiskil,sailing_to_emitter,3200.0,loading,celsio,loading,3200.0,sailing,brevik,sailing_to_emitter,4488.659596091201,1
iterative_action_q_g60_p4_model_seed_0,9000056,240.0,0.0,1.0,5724.259413747819,0.9685979569688741,0,1.0,0,1566.9522717181771,1.2535039059516098,0,1.0,0,6447.732187002669,0.8581654486787427,0,1.0,0,0.0,sailing,yara_sluiskil,sailing_to_emitter,4000.0,loading,celsio,loading,3200.0,sailing,brevik,sailing_to_emitter,4226.639383993728,1
iterative_action_q_g60_p4_model_seed_0,9000056,241.0,0.0,1.0,5760.380265119121,0.7936743159607429,0,1.0,0,820.0434469076954,0.7596713058035559,0,1.0,0,6525.943454264825,1.2892832699205412,0,1.0,0,0.0,sailing,yara_sluiskil,sailing_to_emitter,4800.0,loading,celsio,loading,3200.0,sailing,brevik,sailing_to_emitter,3965.6364213208185,1
iterative_action_q_g60_p4_model_seed_0,9000056,242.0,0.0,1.0,5789.977878024732,0.8286494863144146,0,1.0,0,52.21872948270129,0.9483147106798875,0,1.0,0,6643.445742926763,0.9632076346941768,0,1.0,0,0.0,sailing,yara_sluiskil,sailing_to_emitter,5600.0,loading,celsio,loading,3200.0,sailing,brevik,sailing_to_emitter,3705.5540310716797,1
iterative_action_q_g60_p4_model_seed_0,9000056,243.0,0.0,1.0,5820.87977605908,0.5925701935247565,0,1.0,0,0.0,0.7352097272916998,0,1.0,0,6731.230189502582,1.470283033439115,0,1.0,0,0.0,sailing,yara_sluiskil,sailing_to_emitter,5692.383855574814,idle,celsio,idle,3200.0,sailing,brevik,sailing_to_emitter,3446.310935682231,1
iterative_action_q_g60_p4_model_seed_0,9000056,244.0,0.0,1.0,5842.97782964473,1.2949985289660533,0,1.0,0,0.0,1.5661981171056518,0,1.0,0,6865.228180036225,0.8976315398361575,0,1.0,0,0.0,sailing,yara_sluiskil,sailing_to_emitter,5723.523087169828,idle,celsio,idle,3200.0,sailing,brevik,sailing_to_emitter,3187.837999673669,1
iterative_action_q_g60_p4_model_seed_0,9000056,245.0,0.0,1.0,5891.270745142125,0.6829359818073515,0,1.0,0,0.0,1.5499670060231812,0,1.0,0,6947.036057443044,1.2153746557810492,0,1.0,0,0.0,sailing,yara_sluiskil,sailing_to_emitter,5789.858180520514,idle,celsio,idle,3200.0,sailing,brevik,sailing_to_emitter,2930.0758123157843,1
iterative_action_q_g60_p4_model_seed_0,9000056,246.0,0.0,1.0,5916.738699530519,1.320701200824789,0,1.0,0,0.0,0.8406445964397646,0,1.0,0,7057.802160612069,0.9611146688948548,0,1.0,0,0.0,sailing,yara_sluiskil,sailing_to_emitter,5855.505817886493,idle,celsio,idle,3200.0,sailing,brevik,sailing_to_emitter,2672.972858559471,1
iterative_action_q_g60_p4_model_seed_0,9000056,247.0,0.0,1.0,5965.990098530704,0.8643694976337437,0,1.0,0,0.0,1.1903587330644096,0,1.0,0,7145.39560169793,0.6112830526594606,0,1.0,0,0.0,sailing,yara_sluiskil,sailing_to_emitter,5891.110660703335,idle,celsio,idle,3200.0,sailing,brevik,sailing_to_emitter,2416.4841114562005,1
iterative_action_q_g60_p4_model_seed_0,9000056,248.0,0.0,1.0,5998.224036181037,1.1482066826778765,0,1.0,0,0.0,1.225749088955085,0,1.0,0,7201.10627642741,1.0738201435162917,0,1.0,0,0.0,sailing,yara_sluiskil,sailing_to_emitter,5941.5273716010315,idle,celsio,idle,3200.0,sailing,brevik,sailing_to_emitter,2160.569932662173,1
iterative_action_q_g60_p4_model_seed_0,9000056,249.0,0.0,1.0,6041.042780671218,0.6695263767883146,0,1.0,0,0.0,0.4968737943413807,0,1.0,0,7298.971251570745,1.0819205331264954,0,1.0,0,0.0,sailing,yara_sluiskil,sailing_to_emitter,5993.443013276438,idle,celsio,idle,3200.0,sailing,brevik,sailing_to_emitter,1905.195202143128,1
iterative_action_q_g60_p4_model_seed_0,9000056,250.0,0.0,1.0,6066.010649181608,0.7923808139489001,0,1.0,0,0.0,1.1305109268852285,0,1.0,0,7397.574401158692,0.9045223070086961,0,1.0,0,0.0,sailing,yara_sluiskil,sailing_to_emitter,6014.487713286712,idle,celsio,idle,3200.0,loading,brevik,loading,1650.3286210900046,1
iterative_action_q_g60_p4_model_seed_0,9000056,251.0,0.0,1.0,5295.5599805830325,1.5369434659482568,0,1.0,0,0.0,0.9462808114128698,0,1.0,0,7480.009922109806,0.946100414702483,0,1.0,0,0.0,sailing,yara_sluiskil,sailing_to_emitter,6062.369617274369,idle,celsio,idle,4000.0,loading,brevik,loading,1395.9421475851864,1
iterative_action_q_g60_p4_model_seed_0,9000056,252.0,0.0,1.0,4552.875407350069,1.3446484214102417,0,1.0,0,0.0,0.7888147739968076,0,1.0,0,7566.234686957751,1.7166433435296176,0,1.0,0,0.0,sailing,yara_sluiskil,sailing_to_emitter,6102.448599157606,idle,celsio,idle,4800.0,loading,brevik,loading,1142.0105353064248,1
iterative_action_q_g60_p4_model_seed_0,9000056,253.0,0.0,1.0,3803.019792899935,1.485573049082346,0,1.0,0,33.40963132185197,1.1483950070102518,0,1.0,0,7722.684316941626,0.6963170904055568,0,1.0,0,0.0,sailing,yara_sluiskil,sailing_to_emitter,6102.448599157606,sailing,brevik,sailing_to_emitter,5600.0,loading,brevik,loading,888.5109531285597,1
iterative_action_q_g60_p4_model_seed_0,9000056,254.0,0.0,1.0,3058.4195052441537,1.202982650018705,0,1.0,0,82.04900150208569,0.5173122761318036,0,1.0,0,7786.144482659232,0.9485767941060033,0,1.0,0,0.0,sailing,yara_sluiskil,sailing_to_emitter,6102.448599157606,sailing,brevik,sailing_to_emitter,6400.0,loading,brevik,loading,635.422668907072,1
iterative_action_q_g60_p4_model_seed_0,9000056,255.0,0.0,1.0,2303.280900850017,0.9202730440389038,0,1.0,0,103.95935738482375,0.9835827774668433,0,1.0,0,7872.594746662657,0.9581252427547842,0,1.0,0,0.0,sailing,yara_sluiskil,sailing_to_emitter,6102.448599157606,sailing,brevik,sailing_to_emitter,7200.0,loading,brevik,loading,382.726784670056,1
iterative_action_q_g60_p4_model_seed_0,9000056,256.0,0.0,1.0,2037.5995391537072,1.0732024756198264,0,1.0,0,145.61823479553436,0.9826390791667811,0,1.0,0,7959.915161631538,0.6944320119568319,0,1.0,0,0.0,sailing,yara_sluiskil,sailing_to_emitter,6102.448599157606,sailing,brevik,sailing_to_emitter,7500.0,idle,brevik,idle,130.4060133499455,1
iterative_action_q_g60_p4_model_seed_0,9000056,257.0,0.0,1.0,2077.6211847948116,1.0565069627902224,0,1.0,0,187.2371426046053,1.4137088605530674,0,1.0,0,8023.203387603708,0.9722541306200431,0,1.0,0,0.0,sailing,yara_sluiskil,sailing_to_emitter,6102.448599157606,sailing,brevik,sailing_to_emitter,7500.0,sailing,oygarden_terminal,sailing_to_terminal,0.0,1
iterative_action_q_g60_p4_model_seed_0,9000056,258.0,0.0,1.0,2117.0202184717086,0.9301667520316445,0,1.0,0,247.11367304558382,1.2541642705466975,0,1.0,0,8111.811333126915,1.2658595954049285,0,1.0,0,0.0,sailing,yara_sluiskil,sailing_to_emitter,6102.448599157606,sailing,brevik,sailing_to_emitter,7500.0,sailing,oygarden_terminal,sailing_to_terminal,0.0,1
iterative_action_q_g60_p4_model_seed_0,9000056,259.0,0.0,1.0,2151.707794212121,0.3856561062813926,0,1.0,0,300.2328174598011,0.9946777266956288,0,1.0,0,8227.1774005755,0.9104177629947618,0,1.0,0,0.0,sailing,yara_sluiskil,sailing_to_emitter,6102.448599157606,loading,brevik,loading,7500.0,sailing,oygarden_terminal,sailing_to_terminal,0.0,1
iterative_action_q_g60_p4_model_seed_0,9000056,260.0,0.0,1.0,1366.0895949549426,1.2861438973778836,0,1.0,0,342.3616127466567,0.6538209592819012,0,1.0,0,8310.149667182646,0.5859902645865408,0,1.0,0,0.0,sailing,yara_sluiskil,sailing_to_emitter,6902.448599157606,loading,brevik,loading,7500.0,sailing,oygarden_terminal,sailing_to_terminal,0.0,1
iterative_action_q_g60_p4_model_seed_0,9000056,261.0,0.0,1.0,816.500775234324,1.0831937921173633,0,1.0,0,370.05368688140953,0.6096335486271858,0,1.0,0,8363.554715606024,1.4237906088638583,0,1.0,0,0.0,sailing,yara_sluiskil,sailing_to_emitter,7500.0,idle,brevik,idle,7500.0,sailing,oygarden_terminal,sailing_to_terminal,0.0,1
iterative_action_q_g60_p4_model_seed_0,9000056,262.0,0.0,1.0,856.894981413036,1.0541078855981292,0,1.0,0,395.87423788081185,1.2722352336292477,0,1.0,0,8493.313782048039,1.0797155326435215,0,1.0,0,0.0,sailing,yara_sluiskil,sailing_to_emitter,7500.0,sailing,oygarden_terminal,sailing_to_terminal,7500.0,sailing,oygarden_terminal,sailing_to_terminal,0.0,1
iterative_action_q_g60_p4_model_seed_0,9000056,263.0,0.0,1.0,896.2045165345453,0.9294601973460792,0,1.0,0,449.75876376875544,1.105311000020678,0,1.0,0,8591.715032673095,0.8105855728651841,0,1.0,0,0.0,sailing,yara_sluiskil,sailing_to_emitter,7500.0,sailing,oygarden_terminal,sailing_to_terminal,7500.0,sailing,oygarden_terminal,sailing_to_terminal,0.0,1
iterative_action_q_g60_p4_model_seed_0,9000056,264.0,0.0,1.0,930.8657147783862,0.8804850416014162,0,1.0,0,496.5733446108072,0.6973776882129333,0,1.0,0,8665.588727232951,0.8122503801172123,0,1.0,0,0.0,sailing,yara_sluiskil,sailing_to_emitter,7500.0,sailing,oygarden_terminal,sailing_to_terminal,7500.0,sailing,oygarden_terminal,sailing_to_terminal,0.0,1
iterative_action_q_g60_p4_model_seed_0,9000056,265.0,0.0,1.0,963.7005375456156,1.0803646394842525,0,1.0,0,526.1102298509585,1.3282897995668403,0,1.0,0,8739.614091590367,0.8296405004711636,0,1.0,0,0.0,sailing,yara_sluiskil,sailing_to_emitter,7500.0,sailing,oygarden_terminal,sailing_to_terminal,7500.0,sailing,oygarden_terminal,sailing_to_terminal,0.0,1
iterative_action_q_g60_p4_model_seed_0,9000056,266.0,0.0,1.0,1003.9892126257269,0.9623639155680361,0,1.0,0,582.3689029324091,0.9657869429909185,0,1.0,0,8815.224268805063,0.4897539341966204,0,1.0,0,0.0,sailing,yara_sluiskil,sailing_to_emitter,7500.0,sailing,oygarden_terminal,sailing_to_terminal,7500.0,sailing,oygarden_terminal,sailing_to_terminal,0.0,1
iterative_action_q_g60_p4_model_seed_0,9000056,267.0,0.0,1.0,1039.8774298515607,0.509172295599353,0,1.0,0,623.2740517258262,0.4451653565371879,0,1.0,0,8859.85848629053,0.7100250695504922,0,1.0,0,0.0,sailing,yara_sluiskil,sailing_to_emitter,7500.0,sailing,oygarden_terminal,sailing_to_terminal,7500.0,sailing,oygarden_terminal,sailing_to_terminal,0.0,1
iterative_action_q_g60_p4_model_seed_0,9000056,268.0,0.0,1.0,1058.8653435858428,0.6379673645118065,0,1.0,0,642.1286813923193,1.0519262176987525,0,1.0,0,8924.567287717555,0.6893914562448886,0,1.0,0,0.0,sailing,yara_sluiskil,sailing_to_emitter,7500.0,sailing,oygarden_terminal,sailing_to_terminal,7500.0,sailing,oygarden_terminal,sailing_to_terminal,0.0,1
iterative_action_q_g60_p4_model_seed_0,9000056,269.0,0.0,1.0,1082.656243912355,1.3074601348251227,0,1.0,0,686.6821916327954,0.8564884304426585,0,1.0,0,8987.395579231783,0.31275452593361475,0,1.0,0,0.0,sailing,yara_sluiskil,sailing_to_emitter,7500.0,sailing,oygarden_terminal,sailing_to_terminal,7500.0,sailing,oygarden_terminal,sailing_to_terminal,0.0,1
iterative_action_q_g60_p4_model_seed_0,9000056,270.0,0.0,1.0,1131.4136720191948,0.0,1,1.0,0,722.9580876172647,0.7003555681757043,0,1.0,0,9015.898714720137,1.3301789689696022,0,1.0,0,0.0,sailing,yara_sluiskil,sailing_to_emitter,7500.0,sailing,oygarden_terminal,sailing_to_terminal,7500.0,sailing,oygarden_terminal,sailing_to_terminal,0.0,1
iterative_action_q_g60_p4_model_seed_0,9000056,271.0,0.0,1.0,1131.4136720191948,0.0,1,1.0,0,752.6210986285812,0.5724909743743095,0,1.0,0,9137.125556729261,0.7988053038103302,0,1.0,0,0.0,sailing,yara_sluiskil,sailing_to_emitter,7500.0,sailing,oygarden_terminal,sailing_to_terminal,7500.0,sailing,oygarden_terminal,sailing_to_terminal,0.0,1
iterative_action_q_g60_p4_model_seed_0,9000056,272.0,0.0,1.0,1131.4136720191948,0.0,1,1.0,0,776.8685050152811,1.2416975529289769,0,1.0,0,9209.925214090374,0.8093525015730832,0,1.0,0,0.0,sailing,yara_sluiskil,sailing_to_emitter,7500.0,sailing,oygarden_terminal,sailing_to_terminal,7500.0,sailing,oygarden_terminal,sailing_to_terminal,0.0,1
iterative_action_q_g60_p4_model_seed_0,9000056,273.0,0.0,1.0,1131.4136720191948,0.0,1,1.0,0,829.4596313787065,0.9932127828414773,0,1.0,0,9283.686043170148,1.0396597057858938,0,1.0,0,0.0,sailing,yara_sluiskil,sailing_to_emitter,7500.0,sailing,oygarden_terminal,sailing_to_terminal,7500.0,sailing,oygarden_terminal,sailing_to_terminal,0.0,1
iterative_action_q_g60_p4_model_seed_0,9000056,274.0,0.0,1.0,1131.4136720191948,0.0,1,1.0,0,871.5263801171355,1.1939041980957557,0,1.0,0,9378.435988754207,0.7219649940863365,0,1.0,0,0.0,sailing,yara_sluiskil,sailing_to_emitter,7500.0,sailing,oygarden_terminal,sailing_to_terminal,7500.0,sailing,oygarden_terminal,sailing_to_terminal,0.0,1
iterative_action_q_g60_p4_model_seed_0,9000056,275.0,0.0,1.0,1131.4136720191948,0.0,1,1.0,0,922.09325640659,0.8787318826815551,0,1.0,0,9444.232607813812,1.1014538098165862,0,1.0,0,0.0,sailing,yara_sluiskil,sailing_to_emitter,7500.0,sailing,oygarden_terminal,sailing_to_terminal,7500.0,sailing,oygarden_terminal,sailing_to_terminal,0.0,1
iterative_action_q_g60_p4_model_seed_0,9000056,276.0,0.0,1.0,1131.4136720191948,0.0,1,1.0,0,959.3112563717712,0.7512296110901898,0,1.0,0,9544.614044657332,1.2420987198993678,0,1.0,0,0.0,sailing,yara_sluiskil,sailing_to_emitter,7500.0,sailing,oygarden_terminal,sailing_to_terminal,7500.0,sailing,oygarden_terminal,sailing_to_terminal,0.0,1
iterative_action_q_g60_p4_model_seed_0,9000056,277.0,0.0,1.0,1131.4136720191948,0.0,1,1.0,0,991.1289975854811,0.9967103247625126,0,1.0,0,9657.813128840531,0.903338388853132,0,1.0,0,0.0,sailing,yara_sluiskil,sailing_to_emitter,7500.0,sailing,oygarden_terminal,sailing_to_terminal,7500.0,sailing,oygarden_terminal,sailing_to_terminal,0.0,1
iterative_action_q_g60_p4_model_seed_0,9000056,278.0,0.0,1.0,1131.4136720191948,0.0,1,1.0,0,1033.3438819699027,0.7729211790058096,0,1.0,0,9740.139115906688,1.081600929693166,0,1.0,0,0.0,sailing,yara_sluiskil,sailing_to_emitter,7500.0,sailing,oygarden_terminal,sailing_to_terminal,7500.0,sailing,oygarden_terminal,sailing_to_terminal,0.0,1
iterative_action_q_g60_p4_model_seed_0,9000056,279.0,0.0,1.0,1131.4136720191948,0.0,1,1.0,0,1066.0803525364895,0.6660363643854409,0,1.0,0,9838.711035117662,1.5698357498403173,0,1.0,0,0.0,sailing,yara_sluiskil,sailing_to_emitter,7500.0,sailing,oygarden_terminal,sailing_to_terminal,7500.0,sailing,oygarden_terminal,sailing_to_terminal,0.0,1
iterative_action_q_g60_p4_model_seed_0,9000056,280.0,0.0,1.0,1131.4136720191948,0.0,1,1.0,0,1094.289800577525,1.3265316699901215,0,1.0,0,9981.778228107185,0.7064181478997138,0,1.0,0,0.0,sailing,yara_sluiskil,sailing_to_emitter,7500.0,sailing,oygarden_terminal,sailing_to_terminal,7500.0,sailing,oygarden_terminal,sailing_to_terminal,0.0,1
iterative_action_q_g60_p4_model_seed_0,9000056,281.0,0.0,1.0,1131.4136720191948,0.0,1,1.0,0,1150.4740094591273,1.2905283466248876,0,1.0,0,10046.15769405246,0.733856768678609,0,1.0,0,0.0,sailing,yara_sluiskil,sailing_to_emitter,7500.0,sailing,oygarden_terminal,sailing_to_terminal,7500.0,sailing,oygarden_terminal,sailing_to_terminal,0.0,1
iterative_action_q_g60_p4_model_seed_0,9000056,282.0,0.0,1.0,1131.4136720191948,0.0,1,1.0,0,1205.1333258062007,1.1069034831764943,0,1.0,0,10113.037731399842,1.11159963176629,0,1.0,0,0.0,sailing,yara_sluiskil,sailing_to_emitter,7500.0,sailing,oygarden_terminal,sailing_to_terminal,7500.0,sailing,oygarden_terminal,sailing_to_terminal,0.0,1
iterative_action_q_g60_p4_model_seed_0,9000056,283.0,0.0,1.0,1131.4136720191948,0.0,1,1.0,0,1252.0153550238103,1.1379667942025522,0,1.0,0,10214.343290475286,0.7988947166496082,0,1.0,0,0.0,sailing,yara_sluiskil,sailing_to_emitter,7500.0,sailing,oygarden_terminal,sailing_to_terminal,7500.0,unloading,oygarden_terminal,unloading,0.0,1
iterative_action_q_g60_p4_model_seed_0,9000056,284.0,0.0,1.0,1131.4136720191948,0.0,1,1.0,0,1300.2130464262927,0.22946187957096598,0,1.0,0,10287.150454224151,1.1137444055873222,0,1.0,0,0.0,loading,yara_sluiskil,loading,7500.0,sailing,oygarden_terminal,sailing_to_terminal,6700.0,unloading,oygarden_terminal,unloading,514.6118721461187,1
iterative_action_q_g60_p4_model_seed_0,9000056,285.0,0.0,1.0,1131.4136720191948,0.0,1,1.0,0,1309.9317244374074,1.0428795192220583,0,1.0,0,9588.65132787847,0.8349930531191545,0,1.0,0,800.0,loading,yara_sluiskil,loading,7500.0,sailing,oygarden_terminal,sailing_to_terminal,5900.0,unloading,oygarden_terminal,unloading,1029.2237442922374,1
iterative_action_q_g60_p4_model_seed_0,9000056,286.0,0.0,1.0,1131.4136720191948,0.0,1,1.0,0,1354.1020688565145,0.7309988227334624,0,1.0,0,8864.748195996346,1.24191629267722,0,1.0,0,1600.0,loading,yara_sluiskil,loading,7500.0,sailing,oygarden_terminal,sailing_to_terminal,5100.0,unloading,oygarden_terminal,unloading,1545.3645417698563,1
iterative_action_q_g60_p4_model_seed_0,9000056,287.0,0.0,1.0,1131.4136720191948,0.0,1,1.0,0,1385.0629508903132,1.3898725714103908,0,1.0,0,8177.929821287527,1.0093524428852922,0,1.0,0,2400.0,loading,yara_sluiskil,loading,7500.0,sailing,oygarden_terminal,sailing_to_terminal,4300.0,unloading,oygarden_terminal,unloading,2067.08690060438,1
iterative_action_q_g60_p4_model_seed_0,9000056,288.0,0.0,1.0,1131.4136720191948,0.0,1,1.0,0,1443.9299139923044,0.968136053483086,0,1.0,0,7469.916750410197,1.2409301158488721,0,1.0,0,3200.0,loading,yara_sluiskil,loading,7500.0,sailing,oygarden_terminal,sailing_to_terminal,3500.0,unloading,oygarden_terminal,unloading,2592.7913480860916,1
iterative_action_q_g60_p4_model_seed_0,9000056,289.0,0.0,1.0,1131.4136720191948,0.0,1,1.0,0,1484.9345575189145,0.9982477939744369,0,1.0,0,6783.00833452186,1.0963867568024614,0,1.0,0,4000.0,loading,yara_sluiskil,loading,7500.0,queued,oygarden_terminal,queued,2700.0,unloading,oygarden_terminal,unloading,3121.5596432927964,1
iterative_action_q_g60_p4_model_seed_0,9000056,290.0,0.0,1.0,1131.4136720191948,0.0,1,1.0,0,1527.2145602064313,1.4080534526435908,0,1.0,0,6082.926953939751,0.7824371233026906,0,1.0,0,4800.0,loading,yara_sluiskil,loading,7500.0,queued,oygarden_terminal,queued,1900.0,unloading,oygarden_terminal,unloading,3652.7952922007753,1
iterative_action_q_g60_p4_model_seed_0,9000056,291.0,0.0,1.0,1131.4136720191948,0.5360290851742364,0,1.0,0,1586.8515602792438,1.0380416093409888,0,1.0,0,5354.233889362356,1.8665600924946582,0,1.4445740408358534,1,5600.0,loading,yara_sluiskil,loading,7500.0,queued,oygarden_terminal,queued,1100.0,unloading,oygarden_terminal,unloading,4186.0813799955795,1
iterative_action_q_g60_p4_model_seed_0,9000056,292.0,0.0,1.0,1151.4030419232095,0.8152464141688335,0,1.0,0,1630.8169988182597,0.10294959459818054,0,1.0,0,4724.341592796595,0.5782455989217267,0,1.4445740408358534,1,6400.0,loading,yara_sluiskil,loading,7500.0,queued,oygarden_terminal,queued,300.0,unloading,oygarden_terminal,unloading,4721.11144925181,1
iterative_action_q_g60_p4_model_seed_0,9000056,293.0,0.0,1.0,1181.804861459682,0.905464551718239,0,1.0,0,1635.1773481849834,0.9136427633804958,0,1.0,0,3977.0395792873205,2.0346855559276738,0,1.4445740408358534,1,7200.0,loading,yara_sluiskil,loading,7500.0,unloading,oygarden_terminal,unloading,0.0,idle,oygarden_terminal,idle,4757.651686459087,1
iterative_action_q_g60_p4_model_seed_0,9000056,294.0,0.0,1.0,1215.571050739814,1.1630893848699801,0,1.0,0,1673.873971132038,0.580170497115661,0,1.0,0,3862.4690115396024,1.2179586321106508,0,1.4445740408358534,1,7500.0,idle,yara_sluiskil,idle,6700.0,unloading,oygarden_terminal,unloading,0.0,sailing,yara_sluiskil,sailing_to_emitter,5295.518488010412,1
iterative_action_q_g60_p4_model_seed_0,9000056,295.0,0.0,1.0,1258.9444659948772,1.470425969235516,0,1.0,0,1698.446637683702,1.0400621725322565,0,1.0,0,3973.466610635038,1.6445014440483436,0,1.4445740408358534,1,7500.0,sailing,oygarden_terminal,sailing_to_terminal,5900.0,unloading,oygarden_terminal,unloading,0.0,sailing,yara_sluiskil,sailing_to_emitter,5834.564321098452,1
iterative_action_q_g60_p4_model_seed_0,9000056,296.0,0.0,1.0,1313.7789324887738,0.737435951397514,0,1.0,0,1742.4976555925625,0.9719128749318034,0,1.0,0,4123.336707196029,1.5412985603483669,0,1.4445740408358534,1,7500.0,sailing,oygarden_terminal,sailing_to_terminal,5100.0,unloading,oygarden_terminal,unloading,0.0,sailing,yara_sluiskil,sailing_to_emitter,6374.668381743132,1
iterative_action_q_g60_p4_model_seed_0,9000056,297.0,0.0,1.0,1341.2790591923679,1.3893972892494046,0,1.0,0,1783.6622634306052,1.4219840283559182,0,1.0,0,4263.801402488324,1.0555752872150574,0,1.4445740408358534,1,7500.0,sailing,oygarden_terminal,sailing_to_terminal,4300.0,unloading,oygarden_terminal,unloading,0.0,sailing,yara_sluiskil,sailing_to_emitter,6915.7301829919215,1
iterative_action_q_g60_p4_model_seed_0,9000056,298.0,0.0,1.0,1393.0918237803037,1.1791698644665152,0,1.0,0,1843.8892821161419,1.7149373548913887,0,1.0,0,4360.000124711961,2.2508853799698056,0,1.4445740408358534,1,7500.0,sailing,oygarden_terminal,sailing_to_terminal,3500.0,unloading,oygarden_terminal,unloading,0.0,sailing,yara_sluiskil,sailing_to_emitter,7457.665013870654,1
iterative_action_q_g60_p4_model_seed_0,9000056,299.0,0.0,1.0,1437.0648756936623,0.9318378102346295,0,1.0,0,1916.5241092716803,1.1743855260433271,0,1.0,0,4565.132000057061,1.4239219046151976,0,1.4445740408358534,1,7500.0,sailing,oygarden_terminal,sailing_to_terminal,2700.0,unloading,oygarden_terminal,unloading,0.0,sailing,yara_sluiskil,sailing_to_emitter,8000.400637279036,1
iterative_action_q_g60_p4_model_seed_0,9000056,300.0,0.0,1.0,1471.814530553648,0.9154254452234379,0,1.0,0,1966.264287508993,0.9538095065791837,0,1.0,0,4694.8994055843505,1.1052084008080312,0,1.4445740408358534,1,7500.0,sailing,oygarden_terminal,sailing_to_terminal,1900.0,unloading,oygarden_terminal,unloading,0.0,sailing,yara_sluiskil,sailing_to_emitter,8543.874834158667,1
iterative_action_q_g60_p4_model_seed_0,9000056,301.0,0.0,1.0,1505.9521377681322,0.6921208822169023,0,1.0,0,2006.662141373501,1.0361405380886661,0,1.0,0,4795.621166261696,1.9353800285028435,0,1.4445740408358534,1,7500.0,sailing,oygarden_terminal,sailing_to_terminal,1100.0,unloading,oygarden_terminal,unloading,0.0,sailing,yara_sluiskil,sailing_to_emitter,9088.03354120849,1
iterative_action_q_g60_p4_model_seed_0,9000056,302.0,0.0,1.0,1531.762374029137,0.644692715795973,0,1.0,0,2050.5470615300646,0.1361600791607087,0,1.0,0,4971.999431750064,0.9354323902043428,0,1.4445740408358534,1,7500.0,sailing,oygarden_terminal,sailing_to_terminal,782.8294145418708,unloading,oygarden_terminal,unloading,0.0,sailing,yara_sluiskil,sailing_to_emitter,9150.0,1
iterative_action_q_g60_p4_model_seed_0,9000056,303.0,0.0,1.0,1555.803938242477,1.0668420044106814,0,1.0,0,2056.3140149334145,0.8476635420125318,0,1.0,0,5057.248746477964,0.9397578987013574,0,1.4445740408358534,1,7500.0,sailing,oygarden_terminal,sailing_to_terminal,528.2207051971078,unloading,oygarden_terminal,unloading,0.0,sailing,yara_sluiskil,sailing_to_emitter,9150.0,1
iterative_action_q_g60_p4_model_seed_0,9000056,304.0,0.0,1.0,1595.588078983642,1.0960860015505978,0,1.0,0,2092.2161396871384,1.4003899397712143,0,1.0,0,5142.892197372969,1.4852629927567376,0,1.4445740408358534,1,7500.0,sailing,oygarden_terminal,sailing_to_terminal,274.1703670475685,unloading,oygarden_terminal,unloading,0.0,sailing,yara_sluiskil,sailing_to_emitter,9150.0,1
iterative_action_q_g60_p4_model_seed_0,9000056,305.0,0.0,1.0,1636.4627657261221,0.9859546731350877,0,1.0,0,2151.5285576804354,1.1018464261921483,0,1.0,0,5278.249351427583,1.5790712066854586,0,1.4445740408358534,1,7500.0,sailing,oygarden_terminal,sailing_to_terminal,20.645340647955237,unloading,oygarden_terminal,unloading,0.0,sailing,yara_sluiskil,sailing_to_emitter,9150.0,1
iterative_action_q_g60_p4_model_seed_0,9000056,306.0,0.0,1.0,1673.2304845597926,0.8833601614592079,0,1.0,0,2198.1963992142055,0.6328417558899708,0,1.0,0,5422.155466702362,1.566974272010433,0,1.4445740408358534,1,7500.0,sailing,oygarden_terminal,sailing_to_terminal,0.0,idle,oygarden_terminal,idle,0.0,sailing,yara_sluiskil,sailing_to_emitter,8917.615972161642,1
iterative_action_q_g60_p4_model_seed_0,9000056,307.0,0.0,1.0,1706.172295887086,1.2193686639191144,0,1.0,0,2224.9999156369886,0.9896494727211618,0,1.0,0,5564.959042300127,1.5969841161454625,0,1.4445740408358534,1,7500.0,sailing,oygarden_terminal,sailing_to_terminal,0.0,sailing,celsio,sailing_to_emitter,0.0,sailing,yara_sluiskil,sailing_to_emitter,8665.055537326012,1
iterative_action_q_g60_p4_model_seed_0,9000056,308.0,0.0,1.0,1751.644355591515,1.556286208614464,0,1.0,0,2266.915743168907,1.0153843248530905,0,1.0,0,5710.497407778714,1.9420149452512574,0,1.4445740408358534,1,7500.0,sailing,oygarden_terminal,sailing_to_terminal,0.0,sailing,celsio,sailing_to_emitter,0.0,sailing,yara_sluiskil,sailing_to_emitter,8412.939848038799,1
iterative_action_q_g60_p4_model_seed_0,9000056,309.0,0.0,1.0,1809.6805576077613,1.4042816859603073,0,1.0,0,2309.921550186749,1.2869968634687665,0,1.0,0,5887.479426709151,0.8913009035476811,0,1.4445740408358534,1,7500.0,sailing,oygarden_terminal,sailing_to_terminal,0.0,sailing,celsio,sailing_to_emitter,0.0,sailing,yara_sluiskil,sailing_to_emitter,8161.246924615925,1
iterative_action_q_g60_p4_model_seed_0,9000056,310.0,0.0,1.0,1862.048278949891,1.4122347429184325,0,1.0,0,2364.4312933334277,1.3685409577331376,0,1.0,0,5968.706461582173,1.796232146630103,0,1.4445740408358534,1,7500.0,sailing,oygarden_terminal,sailing_to_terminal,0.0,sailing,celsio,sailing_to_emitter,0.0,sailing,yara_sluiskil,sailing_to_emitter,7909.956720749881,1
iterative_action_q_g60_p4_model_seed_0,9000056,311.0,0.0,1.0,1914.7125729638094,1.0547265460279132,0,1.0,0,2422.394772662104,0.9289132002200517,0,1.0,0,6132.402586390014,1.8182406688967436,0,1.4445740408358534,1,7500.0,sailing,oygarden_terminal,sailing_to_terminal,0.0,sailing,celsio,sailing_to_emitter,0.0,sailing,yara_sluiskil,sailing_to_emitter,7659.0508911322295,1
iterative_action_q_g60_p4_model_seed_0,9000056,312.0,0.0,1.0,1954.0448583828615,0.8830565960513355,0,1.0,0,2461.7381629894753,0.572845990701614,0,1.0,0,6298.104293267934,0.7250341376471515,0,1.4445740408358534,1,7500.0,sailing,oygarden_terminal,sailing_to_terminal,0.0,sailing,celsio,sailing_to_emitter,0.0,sailing,yara_sluiskil,sailing_to_emitter,7408.5125938953015,1
iterative_action_q_g60_p4_model_seed_0,9000056,313.0,0.0,1.0,1986.9753157494538,0.5459917077717827,0,1.0,0,2486.0006058143854,1.000734225902686,0,1.0,0,6364.178772781469,1.6999635986302741,0,1.4445740408358534,1,7500.0,sailing,oygarden_terminal,sailing_to_terminal,0.0,sailing,celsio,sailing_to_emitter,0.0,sailing,yara_sluiskil,sailing_to_emitter,7158.326321683598,1
iterative_action_q_g60_p4_model_seed_0,9000056,314.0,0.0,1.0,2007.3361327603227,0.9090155927695581,0,1.0,0,2528.3859193768603,1.071987038284038,0,1.0,0,6519.10130892072,1.9611017372254234,0,1.4445740408358534,1,7500.0,sailing,oygarden_terminal,sailing_to_terminal,0.0,sailing,celsio,sailing_to_emitter,0.0,sailing,yara_sluiskil,sailing_to_emitter,6908.4777564291,1
iterative_action_q_g60_p4_model_seed_0,9000056,315.0,0.0,1.0,2041.2346277430595,1.2093171217407965,0,1.0,0,2573.789089945543,1.5332396698004462,0,1.0,0,6697.821977785716,1.7517504890844222,0,1.4445740408358534,1,7500.0,sailing,oygarden_terminal,sailing_to_terminal,0.0,sailing,celsio,sailing_to_emitter,0.0,sailing,yara_sluiskil,sailing_to_emitter,6658.95364387883,1
iterative_action_q_g60_p4_model_seed_0,9000056,316.0,0.0,1.0,2086.3317901176238,1.2290440595160415,0,1.0,0,2638.7282541000395,0.993761275487312,0,1.0,0,6857.46376636906,1.2763987938126844,0,1.4445740408358534,1,7500.0,sailing,oygarden_terminal,sailing_to_terminal,0.0,sailing,celsio,sailing_to_emitter,0.0,sailing,yara_sluiskil,sailing_to_emitter,6409.741684680771,1
iterative_action_q_g60_p4_model_seed_0,9000056,317.0,0.0,1.0,2132.1645907976294,0.9344291765658023,0,1.0,0,2680.8182338144647,0.7428253116717913,0,1.0,0,6973.785376011609,1.2938539449213924,0,1.4445740408358534,1,7500.0,sailing,oygarden_terminal,sailing_to_terminal,0.0,sailing,celsio,sailing_to_emitter,0.0,sailing,yara_sluiskil,sailing_to_emitter,6160.830439428667,1
iterative_action_q_g60_p4_model_seed_0,9000056,318.0,0.0,1.0,2167.010777009053,1.1209575865463526,0,1.0,0,2712.2800175152793,0.8385342260854438,0,1.0,0,7091.6976332124505,1.1521023615291512,0,1.4445740408358534,1,7500.0,sailing,oygarden_terminal,sailing_to_terminal,0.0,sailing,celsio,sailing_to_emitter,0.0,sailing,yara_sluiskil,sailing_to_emitter,5912.209245536236,1
iterative_action_q_g60_p4_model_seed_0,9000056,319.0,0.0,1.0,2208.812864840606,0.8861415997274668,0,1.0,0,2747.795477250295,0.45260260979251465,0,1.0,0,7196.691624716553,1.4454044491118132,0,1.4445740408358534,1,7500.0,sailing,oygarden_terminal,sailing_to_terminal,0.0,sailing,celsio,sailing_to_emitter,0.0,sailing,yara_sluiskil,sailing_to_emitter,5663.868144185682,1
iterative_action_q_g60_p4_model_seed_0,9000056,320.0,0.0,1.0,2241.8583283511075,1.0924274488558063,0,1.0,0,2766.965105947611,0.6135618876735929,0,1.0,0,7328.414877741226,1.1142984484650627,0,1.4445740408358534,1,7500.0,sailing,oygarden_terminal,sailing_to_terminal,0.0,sailing,celsio,sailing_to_emitter,0.0,sailing,yara_sluiskil,sailing_to_emitter,5415.797815895604,1
iterative_action_q_g60_p4_model_seed_0,9000056,321.0,0.0,1.0,2282.5964740400864,0.42935201068516393,0,1.0,0,2792.952038667506,1.3234135630460715,0,1.0,0,7429.963554065945,1.7240456512893472,0,1.4445740408358534,1,7500.0,sailing,oygarden_terminal,sailing_to_terminal,0.0,sailing,celsio,sailing_to_emitter,0.0,sailing,yara_sluiskil,sailing_to_emitter,5167.989523495822,1
iterative_action_q_g60_p4_model_seed_0,9000056,322.0,0.0,1.0,2298.607607747183,0.6899319452423471,0,1.0,0,2849.0041825740886,0.9276635327264128,0,1.0,0,7587.079832329809,2.5733083206166496,0,1.4445740408358534,1,7500.0,sailing,oygarden_terminal,sailing_to_terminal,0.0,sailing,celsio,sailing_to_emitter,0.0,sailing,yara_sluiskil,sailing_to_emitter,4920.435061493438,1
iterative_action_q_g60_p4_model_seed_0,9000056,323.0,0.0,1.0,2324.3361248510823,1.5424309518788584,0,1.0,0,2888.294644214506,0.5467052794522949,0,1.0,0,7821.591214677942,1.4542598527667239,0,1.4445740408358534,1,7500.0,sailing,oygarden_terminal,sailing_to_terminal,0.0,sailing,celsio,sailing_to_emitter,0.0,sailing,yara_sluiskil,sailing_to_emitter,4673.126710975284,1
iterative_action_q_g60_p4_model_seed_0,9000056,324.0,0.0,1.0,2381.8555005164967,0.7863340709338216,0,1.0,0,2911.449917708769,0.5918754238954075,0,1.0,0,7954.121092618352,0.35438406901946107,0,1.4445740408358534,1,7500.0,sailing,oygarden_terminal,sailing_to_terminal,0.0,sailing,celsio,sailing_to_emitter,0.0,sailing,yara_sluiskil,sailing_to_emitter,4426.057199323983,1
iterative_action_q_g60_p4_model_seed_0,9000056,325.0,0.0,1.0,2411.178976871964,0.9456366631310548,0,1.0,0,2936.5183372575266,0.9699948598414586,0,1.0,0,7986.416863413554,1.5872020260720363,0,1.4445740408358534,1,7500.0,sailing,oygarden_terminal,sailing_to_terminal,0.0,sailing,celsio,sailing_to_emitter,0.0,sailing,yara_sluiskil,sailing_to_emitter,4179.219664133888,1
iterative_action_q_g60_p4_model_seed_0,9000056,326.0,0.0,1.0,2446.4430597798028,0.6455401293061425,0,1.0,0,2977.6017090701416,0.7679093373660026,0,1.0,0,8131.061839400854,1.4113625775727756,0,1.4445740408358534,1,7500.0,sailing,oygarden_terminal,sailing_to_terminal,0.0,sailing,celsio,sailing_to_emitter,0.0,sailing,yara_sluiskil,sailing_to_emitter,3932.60762080361,1
iterative_action_q_g60_p4_model_seed_0,9000056,327.0,0.0,1.0,2470.5161291362047,0.7850749954474737,0,1.0,0,3010.1259070133583,0.6633455585894616,0,1.0,0,8259.682111238415,1.6861243188991666,0,1.4445740408358534,1,7500.0,sailing,oygarden_terminal,sailing_to_terminal,0.0,sailing,celsio,sailing_to_emitter,0.0,sailing,yara_sluiskil,sailing_to_emitter,3686.2149333572775,1
iterative_action_q_g60_p4_model_seed_0,9000056,328.0,0.0,1.0,2499.7926379229098,0.63668871306061,0,1.0,0,3038.221388084497,1.2245479209370584,0,1.0,0,8413.341852720016,1.1887514468880895,0,1.4445740408358534,1,7500.0,sailing,oygarden_terminal,sailing_to_terminal,0.0,sailing,celsio,sailing_to_emitter,0.0,sailing,yara_sluiskil,sailing_to_emitter,3440.0357881097493,1
iterative_action_q_g60_p4_model_seed_0,9000056,329.0,0.0,1.0,2523.5356176526366,1.0235353782288694,0,1.0,0,3090.0861552302163,1.202693625213691,0,1.0,0,8521.674971265104,1.8568868201786835,0,1.4445740408358534,1,7500.0,sailing,oygarden_terminal,sailing_to_terminal,0.0,sailing,celsio,sailing_to_emitter,0.0,sailing,yara_sluiskil,sailing_to_emitter,3194.064669844108,1
iterative_action_q_g60_p4_model_seed_0,9000056,330.0,0.0,1.0,2561.7046244677335,0.6282655985872345,0,1.0,0,3141.02530081434,0.895644773857939,0,1.0,0,8690.896378017187,1.8000265602082424,0,1.4445740408358534,1,7500.0,sailing,oygarden_terminal,sailing_to_terminal,0.0,sailing,celsio,sailing_to_emitter,0.0,sailing,yara_sluiskil,sailing_to_emitter,2948.296340214509,1
iterative_action_q_g60_p4_model_seed_0,9000056,331.0,0.0,1.0,2585.1334873736255,1.2784246273450435,0,1.0,0,3178.9596330255904,0.6297943314305703,0,1.0,0,8854.935887294541,0.8525252917060782,0,1.4445740408358534,1,7500.0,sailing,oygarden_terminal,sailing_to_terminal,0.0,sailing,celsio,sailing_to_emitter,0.0,sailing,yara_sluiskil,sailing_to_emitter,2702.7258181254324,1
iterative_action_q_g60_p4_model_seed_0,9000056,332.0,0.0,1.0,2632.807640753652,1.2798870758794776,0,1.0,0,3205.634078174576,1.2584555142122253,0,1.0,0,8932.627922941921,1.2210978502388785,0,1.4445740408358534,1,7500.0,sailing,oygarden_terminal,sailing_to_terminal,0.0,sailing,celsio,sailing_to_emitter,0.0,sailing,yara_sluiskil,sailing_to_emitter,2457.3483618706337,1
iterative_action_q_g60_p4_model_seed_0,9000056,333.0,0.0,1.0,2680.5363218239117,1.0503155661421046,0,1.0,0,3258.9349748499117,1.6640202779739677,0,1.0,0,9043.908501810989,1.6902579969291878,0,1.4445740408358534,1,7500.0,sailing,oygarden_terminal,sailing_to_terminal,0.0,sailing,celsio,sailing_to_emitter,0.0,sailing,yara_sluiskil,sailing_to_emitter,2212.159452842635,1
iterative_action_q_g60_p4_model_seed_0,9000056,334.0,0.0,1.0,2719.703971500636,0.8159637902805874,0,1.0,0,3329.4132491316013,0.7071685593920104,0,1.0,0,9197.944272121753,0.7893993127565581,0,1.4445740408358534,1,7500.0,sailing,oygarden_terminal,sailing_to_terminal,0.0,sailing,celsio,sailing_to_emitter,0.0,sailing,yara_sluiskil,sailing_to_emitter,1967.1547806471613,1
iterative_action_q_g60_p4_model_seed_0,9000056,335.0,0.0,1.0,2750.132330152764,0.3911178704978876,0,1.0,0,3359.364819044499,0.8172992198786356,0,1.0,0,9269.883373754064,1.145501794619267,0,1.4445740408358534,1,7500.0,sailing,oygarden_terminal,sailing_to_terminal,0.0,sailing,celsio,sailing_to_emitter,0.0,sailing,yara_sluiskil,sailing_to_emitter,1722.33022947717,1
iterative_action_q_g60_p4_model_seed_0,9000056,336.0,0.0,1.0,2764.7176255613335,0.0,1,1.0,0,3393.9808867398706,1.2260967593942762,0,1.0,0,9374.274533090194,2.258131944065115,0,1.4445740408358534,1,7500.0,sailing,oygarden_terminal,sailing_to_terminal,0.0,sailing,celsio,sailing_to_emitter,0.0,sailing,yara_sluiskil,sailing_to_emitter,1477.681865618571,1
iterative_action_q_g60_p4_model_seed_0,9000056,337.0,0.0,1.0,2764.7176255613335,0.0,1,1.0,0,3445.911253724156,0.9905690614660657,0,1.0,0,9580.06106208009,1.7222171570827436,0,1.4445740408358534,1,7500.0,sailing,oygarden_terminal,sailing_to_terminal,0.0,sailing,celsio,sailing_to_emitter,0.0,sailing,yara_sluiskil,sailing_to_emitter,1233.2059259747916,1
iterative_action_q_g60_p4_model_seed_0,9000056,338.0,0.0,1.0,2764.7176255613335,0.0,1,1.0,0,3487.866029716407,1.4662094967618786,0,1.0,0,9737.008857487619,1.3431523554473581,0,1.4445740408358534,1,7500.0,sailing,oygarden_terminal,sailing_to_terminal,0.0,sailing,celsio,sailing_to_emitter,0.0,sailing,yara_sluiskil,sailing_to_emitter,988.8988075104139,1
iterative_action_q_g60_p4_model_seed_0,9000056,339.0,0.0,1.0,2764.7176255613335,0.0,1,1.0,0,3549.966183443511,1.152334451155371,0,1.0,0,9859.411915216164,0.6940275203011959,0,1.4445740408358534,1,7500.0,sailing,oygarden_terminal,sailing_to_terminal,0.0,loading,celsio,loading,0.0,loading,yara_sluiskil,loading,744.7570575254384,1
iterative_action_q_g60_p4_model_seed_0,9000056,340.0,0.0,1.0,2764.7176255613335,0.0,1,1.0,0,2798.772405691987,0.9824353575231846,0,1.0,0,9122.659414899814,1.4036245234731977,0,1.4445740408358534,1,7500.0,unloading,oygarden_terminal,unloading,800.0,loading,celsio,loading,800.0,loading,yara_sluiskil,loading,500.77736468161993,1
iterative_action_q_g60_p4_model_seed_0,9000056,341.0,0.0,1.0,2764.7176255613335,0.0,1,1.0,0,2040.3826850305613,0.7828854916135928,0,1.0,0,8450.573184511553,1.4032963642371306,0,1.4445740408358534,1,6700.0,unloading,oygarden_terminal,unloading,1600.0,loading,celsio,loading,1600.0,loading,yara_sluiskil,loading,1056.9565507109496,1
iterative_action_q_g60_p4_model_seed_0,9000056,342.0,0.0,1.0,2764.7176255613335,0.0,1,1.0,0,1273.5411862456294,0.8430994148428652,0,1.0,0,7778.456954608328,2.015671633783951,0,1.4445740408358534,1,5900.0,unloading,oygarden_terminal,unloading,2400.0,loading,celsio,loading,2400.0,loading,yara_sluiskil,loading,1613.2915627439088,1
iterative_action_q_g60_p4_model_seed_0,9000056,343.0,0.0,1.0,2764.7176255613335,0.0,1,1.0,0,509.25000097135785,0.8571911431977813,0,1.0,0,7162.146946871917,1.2413540929614486,0,1.4445740408358534,1,5100.0,unloading,oygarden_terminal,unloading,3200.0,loading,celsio,loading,3200.0,loading,yara_sluiskil,loading,2169.7794662017454,1
iterative_action_q_g60_p4_model_seed_0,9000056,344.0,0.0,1.0,2764.7176255613335,0.5824352516201594,0,1.0,0,0.0,0.9327541114818712,0,1.0,0,6475.272593066348,1.7232752964598443,0,1.4445740408358534,1,4300.0,unloading,oygarden_terminal,unloading,3745.5556598036437,idle,celsio,idle,4000.0,loading,yara_sluiskil,loading,2726.4174382028596,1
iterative_action_q_g60_p4_model_seed_0,9000056,345.0,0.0,1.0,2786.437362973443,1.5202723525053523,0,1.0,0,0.0,0.9824604070265209,0,1.0,0,5832.3160098176395,0.9397691776670212,0,1.4445740408358534,1,3500.0,unloading,oygarden_terminal,unloading,3785.061728916235,idle,celsio,idle,4800.0,loading,yara_sluiskil,loading,3283.2027614385165,1
iterative_action_q_g60_p4_model_seed_0,9000056,346.0,0.0,1.0,2843.1302071766295,0.9010166912757512,0,1.0,0,0.0,0.8892303186085444,0,1.0,0,5117.957842214551,1.5655022868726234,0,1.4445740408358534,1,2700.0,unloading,oygarden_terminal,unloading,3826.673069206884,idle,celsio,idle,5600.0,loading,yara_sluiskil,loading,3840.1328184776385,1
iterative_action_q_g60_p4_model_seed_0,9000056,347.0,0.0,1.0,2876.730232349916,1.2768360404498655,0,1.0,0,0.0,1.0385802391448695,0,1.0,0,4460.623072235224,1.6995433586116768,0,1.4445740408358534,1,1900.0,unloading,oygarden_terminal,unloading,3864.335722194979,idle,celsio,idle,6400.0,loading,yara_sluiskil,loading,4397.205086464449,1
iterative_action_q_g60_p4_model_seed_0,9000056,348.0,0.0,1.0,2924.3450175297853,1.0993288637324086,0,1.0,0,0.0,0.8276073454357162,0,1.0,0,3815.5034374424804,2.3482202259095457,0,1.4445740408358534,1,1100.0,unloading,oygarden_terminal,unloading,3908.3239739770524,idle,celsio,idle,7200.0,loading,yara_sluiskil,loading,4954.417132176298,1
iterative_action_q_g60_p4_model_seed_0,9000056,349.0,0.0,1.0,2965.340335337567,1.0741093756807834,0,1.0,0,35.05266027177094,0.8949277010052501,0,1.0,0,3729.497941873712,1.7235473725842736,0,1.4445740408358534,1,300.0,unloading,oygarden_terminal,unloading,3908.3239739770524,sailing,brevik,sailing_to_emitter,7500.0,idle,yara_sluiskil,idle,5511.766607412161,1
iterative_action_q_g60_p4_model_seed_0,9000056,350.0,0.0,1.0,3005.3951811478137,1.173018470505251,0,1.0,0,72.95662142453072,0.7141462814692279,0,1.0,0,3886.5655757452555,1.2979126879674572,0,1.4445740408358534,1,0.0,idle,oygarden_terminal,idle,3908.3239739770524,sailing,brevik,sailing_to_emitter,7500.0,sailing,oygarden_terminal,sailing_to_terminal,5569.251244685111,1
iterative_action_q_g60_p4_model_seed_0,9000056,351.0,0.0,1.0,3049.1384604383225,0.7031169149961716,0,1.0,0,103.2037272854752,1.1391395080962399,0,1.0,0,4004.844845716988,0.9956511776249307,0,1.4445740408358534,1,0.0,sailing,yara_sluiskil,sailing_to_emitter,3908.3239739770524,sailing,brevik,sailing_to_emitter,7500.0,sailing,oygarden_terminal,sailing_to_terminal,5326.868853194588,1
iterative_action_q_g60_p4_model_seed_0,9000056,352.0,0.0,1.0,3075.3585367512956,1.1890236259289175,0,1.0,0,151.4510880655171,1.0467370508210398,0,1.0,0,4095.5788441945106,2.0215163808608927,0,1.4445740408358534,1,0.0,sailing,yara_sluiskil,sailing_to_emitter,3908.3239739770524,sailing,brevik,sailing_to_emitter,7500.0,sailing,oygarden_terminal,sailing_to_terminal,5084.617315056521,1
iterative_action_q_g60_p4_model_seed_0,9000056,353.0,0.0,1.0,3119.698652212489,1.0890004380356726,0,1.0,0,195.7848152111944,0.6175292265047778,0,1.0,0,4279.800119167811,0.8652290202572308,0,1.4445740408358534,1,0.0,sailing,yara_sluiskil,sailing_to_emitter,3908.3239739770524,sailing,brevik,sailing_to_emitter,7500.0,sailing,oygarden_terminal,sailing_to_terminal,4842.4945817713515,1
iterative_action_q_g60_p4_model_seed_0,9000056,354.0,0.0,1.0,3160.3087766353615,1.0354584361118513,0,1.0,0,221.93978145689067,0.7762609505995592,0,1.0,0,4358.6485903337025,1.4114111573293573,0,1.4445740408358534,1,0.0,sailing,yara_sluiskil,sailing_to_emitter,3908.3239739770524,sailing,brevik,sailing_to_emitter,7500.0,sailing,oygarden_terminal,sailing_to_terminal,4600.4986709118375,1
iterative_action_q_g60_p4_model_seed_0,9000056,355.0,0.0,1.0,3198.922249771678,0.6937541853409914,0,1.0,0,254.81770543094973,1.4522094359460507,0,1.0,0,4487.27064012212,1.2441694319239565,0,1.4445740408358534,1,0.0,sailing,yara_sluiskil,sailing_to_emitter,3908.3239739770524,loading,brevik,loading,7500.0,sailing,oygarden_terminal,sailing_to_terminal,4358.62766301409,1
iterative_action_q_g60_p4_model_seed_0,9000056,356.0,0.0,1.0,2424.793161972982,1.2285416618407712,0,1.0,0,316.3248975582469,1.0055247976230752,0,1.0,0,4600.651850220128,2.175569748649282,0,1.4445740408358534,1,0.0,sailing,yara_sluiskil,sailing_to_emitter,4708.323973977052,loading,brevik,loading,7500.0,sailing,oygarden_terminal,sailing_to_terminal,4116.87969865677,1
iterative_action_q_g60_p4_model_seed_0,9000056,357.0,0.0,1.0,1670.6069216223937,1.211900931422343,0,1.0,0,358.91311203013095,0.7040931611240495,0,1.0,0,4798.911462674154,1.498022888077368,0,1.4445740408358534,1,0.0,sailing,yara_sluiskil,sailing_to_emitter,5508.323973977052,loading,brevik,loading,7500.0,sailing,oygarden_terminal,sailing_to_terminal,3875.2529757146735,1
iterative_action_q_g60_p4_model_seed_0,9000056,358.0,0.0,1.0,915.8001216435198,0.4739458737316383,0,1.0,0,388.73442586050174,1.0210002403319203,0,1.0,0,4935.42614615247,1.1178689403383377,0,1.4445740408358534,1,0.0,sailing,yara_sluiskil,sailing_to_emitter,6308.323973977052,loading,brevik,loading,7500.0,sailing,oygarden_terminal,sailing_to_terminal,3633.7457467740956,1
iterative_action_q_g60_p4_model_seed_0,9000056,359.0,0.0,1.0,133.474113526132,1.0731316173361025,0,1.0,0,431.9780905755718,0.9855432889059627,0,1.0,0,5037.297361590735,1.6802703383355722,0,1.4445740408358534,1,0.0,sailing,yara_sluiskil,sailing_to_emitter,7108.323973977052,loading,brevik,loading,7500.0,sailing,oygarden_terminal,sailing_to_terminal,3392.356316698452,1
iterative_action_q_g60_p4_model_seed_0,9000056,360.0,0.0,1.0,0.0,0.7587673283113473,0,1.0,0,473.7200039112453,0.8718051424423308,0,1.0,0,5190.420012741348,0.8998083095335137,0,1.4445740408358534,1,0.0,sailing,yara_sluiskil,sailing_to_emitter,7281.8164049806655,idle,brevik,idle,7500.0,sailing,oygarden_terminal,sailing_to_terminal,3151.083040333564,1
iterative_action_q_g60_p4_model_seed_0,9000056,361.0,0.0,1.0,0.0,0.6301457425910042,0,1.0,0,510.64462722415857,1.4372886144928954,0,1.0,0,5272.419277645878,1.8008170521767117,0,1.4445740408358534,1,0.0,sailing,yara_sluiskil,sailing_to_emitter,7310.111710477056,idle,brevik,idle,7500.0,sailing,oygarden_terminal,sailing_to_terminal,2909.9243203429132,1
iterative_action_q_g60_p4_model_seed_0,9000056,362.0,0.0,1.0,0.0,0.7078122365383559,0,1.0,0,571.5198596567313,0.9624132786211775,0,1.0,0,5436.5270819141515,1.4692676097634798,0,1.4445740408358534,1,0.0,sailing,yara_sluiskil,sailing_to_emitter,7333.610564844712,idle,brevik,idle,7500.0,sailing,oygarden_terminal,sailing_to_terminal,2668.878605163937,1
iterative_action_q_g60_p4_model_seed_0,9000056,363.0,0.0,1.0,0.0,1.4878056300374416,0,1.0,0,612.2821195407208,0.5989170740234072,0,1.0,0,5570.420807406826,1.3202822895033328,0,1.4445740408358534,1,0.0,sailing,yara_sluiskil,sailing_to_emitter,7360.0056872199275,idle,brevik,idle,7500.0,sailing,oygarden_terminal,sailing_to_terminal,2427.9443870771647,1
iterative_action_q_g60_p4_model_seed_0,9000056,364.0,0.0,1.0,0.0,1.4842780548683145,0,1.0,0,637.6487826599962,0.5814599784740808,0,1.0,0,5690.737476268966,0.8418385134707173,0,1.4445740408358534,1,0.0,sailing,yara_sluiskil,sailing_to_emitter,7415.4876403843855,idle,brevik,idle,7500.0,sailing,oygarden_terminal,sailing_to_terminal,2187.120200380636,1
iterative_action_q_g60_p4_model_seed_0,9000056,365.0,0.0,1.0,0.0,1.0354337919585923,0,1.0,0,662.2760641836428,1.0024067100563736,0,1.0,0,5767.453745204631,1.8507541659301674,0,1.4445740408358534,1,0.0,sailing,yara_sluiskil,sailing_to_emitter,7470.838037378959,idle,brevik,idle,7500.0,sailing,oygarden_terminal,sailing_to_terminal,1946.4046196626412,1
iterative_action_q_g60_p4_model_seed_0,9000056,366.0,0.0,1.0,9.450521096074006,1.1035518147346628,0,1.0,0,704.7322145012198,0.8752827031640203,0,1.0,0,5936.111804519968,1.6701942843779043,0,1.4445740408358534,1,0.0,sailing,yara_sluiskil,sailing_to_emitter,7500.0,idle,brevik,idle,7500.0,sailing,oygarden_terminal,sailing_to_terminal,1705.7962581663498,1
iterative_action_q_g60_p4_model_seed_0,9000056,367.0,0.0,1.0,50.60319431359575,0.5301139036998301,0,1.0,0,741.8041271720926,0.893477078198422,0,1.0,0,6088.315443859716,1.8841914737664625,0,1.4445740408358534,1,0.0,sailing,yara_sluiskil,sailing_to_emitter,7500.0,sailing,oygarden_terminal,sailing_to_terminal,7500.0,sailing,oygarden_terminal,sailing_to_terminal,1465.2937662404045,1
iterative_action_q_g60_p4_model_seed_0,9000056,368.0,0.0,1.0,70.371727558426,0.7503440401135684,0,1.0,0,779.6466483331575,1.0540595669886255,0,1.0,0,6260.020371457576,1.135256319864884,0,1.4445740408358534,1,0.0,sailing,yara_sluiskil,sailing_to_emitter,7500.0,sailing,oygarden_terminal,sailing_to_terminal,7500.0,sailing,oygarden_terminal,sailing_to_terminal,1224.8958298699802,1
iterative_action_q_g60_p4_model_seed_0,9000056,369.0,0.0,1.0,98.35288144236105,1.3606412627084348,0,1.0,0,824.2905149102602,0.8555885537570094,0,1.0,0,6363.475335353605,1.4116512751223185,0,1.4445740408358534,1,0.0,sailing,yara_sluiskil,sailing_to_emitter,7500.0,sailing,oygarden_terminal,sailing_to_terminal,7500.0,sailing,oygarden_terminal,sailing_to_terminal,984.6011692832399,1
iterative_action_q_g60_p4_model_seed_0,9000056,370.0,0.0,1.0,149.09268130965873,1.3960130168268465,0,1.0,0,860.5282973232122,1.1026025016437393,0,1.0,0,6492.117846981006,1.3883023118701963,0,1.4445740408358534,1,0.0,sailing,yara_sluiskil,sailing_to_emitter,7500.0,sailing,oygarden_terminal,sailing_to_terminal,7500.0,sailing,oygarden_terminal,sailing_to_terminal,744.4085376284822,1
iterative_action_q_g60_p4_model_seed_0,9000056,371.0,0.0,1.0,201.1515227772681,0.766288549709235,0,1.0,0,907.2281618399714,1.1553850911905639,0,1.0,0,6618.632495561704,1.0600509684737391,0,1.4445740408358534,1,0.0,sailing,yara_sluiskil,sailing_to_emitter,7500.0,sailing,oygarden_terminal,sailing_to_terminal,7500.0,sailing,oygarden_terminal,sailing_to_terminal,504.3167197176192,1
iterative_action_q_g60_p4_model_seed_0,9000056,372.0,0.0,1.0,229.72725038755917,1.099050815434832,0,1.0,0,956.1635915554363,1.0600819792357423,0,1.0,0,6715.233845286065,1.4036055145806716,0,1.4445740408358534,1,0.0,sailing,yara_sluiskil,sailing_to_emitter,7500.0,sailing,oygarden_terminal,sailing_to_terminal,7500.0,sailing,oygarden_terminal,sailing_to_terminal,264.32453083194133,1
iterative_action_q_g60_p4_model_seed_0,9000056,373.0,0.0,1.0,270.7139095573401,1.1276654452338382,0,1.0,0,1001.0625326816944,0.9190601990294962,0,1.0,0,6843.144852351116,2.36733691485629,0,1.4445740408358534,1,0.0,sailing,yara_sluiskil,sailing_to_emitter,7500.0,sailing,oygarden_terminal,sailing_to_terminal,7500.0,sailing,oygarden_terminal,sailing_to_terminal,24.430815586416514,1
iterative_action_q_g60_p4_model_seed_0,9000056,374.0,0.0,1.0,312.7715252378924,0.8637626585801328,0,1.0,0,1039.9886068683927,0.9059898194283769,0,1.0,0,7058.887523656951,1.5003012683017536,0,1.4445740408358534,1,0.0,sailing,yara_sluiskil,sailing_to_emitter,7500.0,sailing,oygarden_terminal,sailing_to_terminal,7500.0,sailing,oygarden_terminal,sailing_to_terminal,0.0,1
iterative_action_q_g60_p4_model_seed_0,9000056,375.0,0.0,1.0,344.98951480519065,1.2775555923887003,0,1.0,0,1078.3610953742632,0.5314598858240362,0,1.0,0,7195.618711490973,0.9390682342002142,0,1.4445740408358534,1,0.0,sailing,yara_sluiskil,sailing_to_emitter,7500.0,sailing,oygarden_terminal,sailing_to_terminal,7500.0,sailing,oygarden_terminal,sailing_to_terminal,0.0,1
iterative_action_q_g60_p4_model_seed_0,9000056,376.0,0.0,1.0,392.64615701495484,0.9547713027654956,0,1.0,0,1100.8706621737897,0.8591306255375977,0,1.0,0,7281.204053122815,1.2231736730695295,0,1.4445740408358534,1,0.0,sailing,yara_sluiskil,sailing_to_emitter,7500.0,sailing,oygarden_terminal,sailing_to_terminal,7500.0,sailing,oygarden_terminal,sailing_to_terminal,0.0,1
iterative_action_q_g60_p4_model_seed_0,9000056,377.0,0.0,1.0,428.2652295062751,1.110263143839288,0,1.0,0,1137.2584662600243,0.9795075183068198,0,1.0,0,7392.6857297305305,1.3891513088333636,0,1.4445740408358534,1,0.0,sailing,yara_sluiskil,sailing_to_emitter,7500.0,sailing,oygarden_terminal,sailing_to_terminal,7500.0,sailing,oygarden_terminal,sailing_to_terminal,0.0,1
iterative_action_q_g60_p4_model_seed_0,9000056,378.0,0.0,1.0,469.6889209092376,0.9246843184129228,0,1.0,0,1178.7447392640154,0.4068002398651579,0,1.0,0,7519.298657479002,0.8649978780073203,0,1.4445740408358534,1,0.0,sailing,yara_sluiskil,sailing_to_emitter,7500.0,sailing,oygarden_terminal,sailing_to_terminal,7500.0,sailing,oygarden_terminal,sailing_to_terminal,0.0,1
iterative_action_q_g60_p4_model_seed_0,9000056,379.0,0.0,1.0,504.19185089435837,1.017801711740144,0,1.0,0,1195.9744444921162,1.3053707641534724,0,1.0,0,7598.14048239607,1.3475076396967465,0,1.4445740408358534,1,0.0,sailing,yara_sluiskil,sailing_to_emitter,7500.0,sailing,oygarden_terminal,sailing_to_terminal,7500.0,sailing,oygarden_terminal,sailing_to_terminal,0.0,1
iterative_action_q_g60_p4_model_seed_0,9000056,380.0,0.0,1.0,542.1727522862841,1.4263428705430097,0,1.0,0,1251.2623997971573,0.6544813531150215,0,1.0,0,7720.96526070885,1.931948987889899,0,1.4445740408358534,1,0.0,sailing,yara_sluiskil,sailing_to_emitter,7500.0,sailing,oygarden_terminal,sailing_to_terminal,7500.0,sailing,oygarden_terminal,sailing_to_terminal,0.0,1
iterative_action_q_g60_p4_model_seed_0,9000056,381.0,0.0,1.0,595.4038767730065,1.1640543276420698,0,1.0,0,1278.9824443949633,0.9438432160727175,0,1.0,0,7897.066954899034,1.287062674135663,0,1.4445740408358534,1,0.0,sailing,yara_sluiskil,sailing_to_emitter,7500.0,sailing,oygarden_terminal,sailing_to_terminal,7500.0,sailing,oygarden_terminal,sailing_to_terminal,0.0,1
iterative_action_q_g60_p4_model_seed_0,9000056,382.0,0.0,1.0,638.8503525418114,1.0955080839541254,0,1.0,0,1318.9581838386418,0.9996610480948711,0,1.0,0,8014.389290675576,1.8999261744917624,0,1.4445740408358534,1,0.0,sailing,yara_sluiskil,sailing_to_emitter,7500.0,sailing,oygarden_terminal,sailing_to_terminal,7500.0,sailing,oygarden_terminal,sailing_to_terminal,0.0,1
iterative_action_q_g60_p4_model_seed_0,9000056,383.0,0.0,1.0,679.7421768360473,0.3798409524299732,0,1.0,0,1361.2980437964384,1.2294754513310782,0,1.0,0,8187.582498700084,1.8773228756208247,0,1.4445740408358534,1,0.0,sailing,yara_sluiskil,sailing_to_emitter,7500.0,sailing,oygarden_terminal,sailing_to_terminal,7500.0,sailing,oygarden_terminal,sailing_to_terminal,0.0,1
iterative_action_q_g60_p4_model_seed_0,9000056,384.0,0.0,1.0,693.921721635904,0.6896286517168775,0,1.0,0,1413.3715126288123,0.4782199080144294,0,1.0,0,8358.720410349893,1.0735733595536918,0,1.4445740408358534,1,0.0,sailing,yara_sluiskil,sailing_to_emitter,7500.0,sailing,oygarden_terminal,sailing_to_terminal,7500.0,sailing,oygarden_terminal,sailing_to_terminal,0.0,1
iterative_action_q_g60_p4_model_seed_0,9000056,385.0,0.0,1.0,719.6680549705856,0.9041135787932818,0,1.0,0,1433.6261419083555,0.8468243640251011,0,1.0,0,8456.590977896176,0.9994381390742949,0,1.4445740408358534,1,0.0,sailing,yara_sluiskil,sailing_to_emitter,7500.0,sailing,oygarden_terminal,sailing_to_terminal,7500.0,sailing,oygarden_terminal,sailing_to_terminal,0.0,1
iterative_action_q_g60_p4_model_seed_0,9000056,386.0,0.0,1.0,753.4249635524891,1.031979623295664,0,1.0,0,1469.4927239363374,0.5250340221377968,0,1.0,0,8547.705883211105,2.025267880194117,0,1.4445740408358534,1,0.0,sailing,yara_sluiskil,sailing_to_emitter,7500.0,sailing,oygarden_terminal,sailing_to_terminal,7500.0,sailing,oygarden_terminal,sailing_to_terminal,0.0,1
iterative_action_q_g60_p4_model_seed_0,9000056,387.0,0.0,1.0,791.9595223096687,0.8930175302065796,0,1.0,0,1491.7301283173103,1.388769089959476,0,1.0,0,8732.347293624181,1.0962936910997434,0,1.4445740408358534,1,0.0,sailing,yara_sluiskil,sailing_to_emitter,7500.0,sailing,oygarden_terminal,sailing_to_terminal,7500.0,sailing,oygarden_terminal,sailing_to_terminal,0.0,1
iterative_action_q_g60_p4_model_seed_0,9000056,388.0,0.0,1.0,825.3082162517055,0.9042481752575687,0,1.0,0,1550.5503543275775,1.26207468453348,0,1.0,0,8832.298185170812,1.3494230640091889,0,1.4445740408358534,1,0.0,sailing,yara_sluiskil,sailing_to_emitter,7500.0,sailing,oygarden_terminal,sailing_to_terminal,7500.0,sailing,oygarden_terminal,sailing_to_terminal,0.0,1
iterative_action_q_g60_p4_model_seed_0,9000056,389.0,0.0,1.0,859.0793826386266,1.3680958518851223,0,1.0,0,1604.0045381244404,1.5603113463718237,0,1.0,0,8955.33101393205,0.6528947227372841,0,1.4445740408358534,1,0.0,sailing,yara_sluiskil,sailing_to_emitter,7500.0,sailing,oygarden_terminal,sailing_to_terminal,7500.0,sailing,oygarden_terminal,sailing_to_terminal,0.0,1
iterative_action_q_g60_p4_model_seed_0,9000056,390.0,0.0,1.0,910.1786328154977,1.207522666982921,0,1.0,0,1670.0903019159234,0.7058101951292947,0,1.0,0,9014.860092695486,1.1666294771259802,0,1.4445740408358534,1,0.0,sailing,yara_sluiskil,sailing_to_emitter,7500.0,sailing,oygarden_terminal,sailing_to_terminal,7500.0,sailing,oygarden_terminal,sailing_to_terminal,0.0,1
iterative_action_q_g60_p4_model_seed_0,9000056,391.0,0.0,1.0,955.2844816113618,0.8911118708896004,0,1.0,0,1699.9843393754318,1.3247092546282415,0,1.0,0,9121.233255256773,1.497676919097012,0,1.4445740408358534,1,0.0,sailing,yara_sluiskil,sailing_to_emitter,7500.0,sailing,oygarden_terminal,sailing_to_terminal,7500.0,sailing,oygarden_terminal,sailing_to_terminal,0.0,1
iterative_action_q_g60_p4_model_seed_0,9000056,392.0,0.0,1.0,988.5741416436315,1.5042693119809953,0,1.0,0,1756.0913612831553,0.5369631494435316,0,1.0,0,9257.79541756529,1.7492203685534815,0,1.4445740408358534,1,0.0,sailing,yara_sluiskil,sailing_to_emitter,7500.0,sailing,oygarden_terminal,sailing_to_terminal,7500.0,sailing,oygarden_terminal,sailing_to_terminal,0.0,1
iterative_action_q_g60_p4_model_seed_0,9000056,393.0,0.0,1.0,1044.7749157510793,1.3202728163574844,0,1.0,0,1778.834014498727,0.6339074241686632,0,1.0,0,9417.298799299851,1.7387117504003768,0,1.4445740408358534,1,0.0,sailing,yara_sluiskil,sailing_to_emitter,7500.0,sailing,oygarden_terminal,sailing_to_terminal,7500.0,sailing,oygarden_terminal,sailing_to_terminal,0.0,1
iterative_action_q_g60_p4_model_seed_0,9000056,394.0,0.0,1.0,1094.1059180093916,0.7966239993933738,0,1.0,0,1805.68266646597,0.8127273521603631,0,1.0,0,9575.848738498935,1.5136584966030922,0,1.4445740408358534,1,0.0,sailing,yara_sluiskil,sailing_to_emitter,7500.0,unloading,oygarden_terminal,unloading,7500.0,sailing,oygarden_terminal,sailing_to_terminal,0.0,1
iterative_action_q_g60_p4_model_seed_0,9000056,395.0,0.0,1.0,1123.8738863935714,0.7240549004973407,0,1.0,0,1840.105096288478,1.6053365320595017,0,1.0,0,9713.880655424622,1.843131899677714,0,1.4445740408358534,1,0.0,sailing,yara_sluiskil,sailing_to_emitter,6700.0,unloading,oygarden_terminal,unloading,7500.0,queued,oygarden_terminal,queued,514.6118721461187,1
iterative_action_q_g60_p4_model_seed_0,9000056,396.0,0.0,1.0,1150.932582627132,0.8456926935800549,0,1.0,0,1908.097866520017,0.9011406837788426,0,1.0,0,9881.96263423849,0.6471259852881094,0,1.4445740408358534,1,0.0,loading,yara_sluiskil,loading,5900.0,unloading,oygarden_terminal,unloading,7500.0,queued,oygarden_terminal,queued,1036.1131010485597,1
iterative_action_q_g60_p4_model_seed_0,9000056,397.0,0.0,1.0,1182.5398895299393,0.8491510291830311,0,1.0,0,1946.2649736871738,0.7860300488189385,0,1.0,0,9140.978216445503,1.2408532209784873,0,1.4445740408358534,1,800.0,loading,yara_sluiskil,loading,5100.0,unloading,oygarden_terminal,unloading,7500.0,queued,oygarden_terminal,queued,1565.1604631094476,1
iterative_action_q_g60_p4_model_seed_0,9000056,398.0,0.0,1.0,1214.2793395159006,1.4738669988003519,0,1.0,0,1979.5566601573416,0.0,1,1.0,0,8454.143023866778,1.4825337091941613,0,1.4445740408358534,1,1600.0,loading,yara_sluiskil,loading,4300.0,unloading,oygarden_terminal,unloading,7500.0,queued,oygarden_terminal,queued,2099.057149813701,1
iterative_action_q_g60_p4_model_seed_0,9000056,399.0,0.0,1.0,1269.374353846678,0.8264061068751918,0,1.0,0,1979.5566601573416,0.0,1,1.0,0,7789.352980190817,1.4571704538750037,0,1.0,0,2400.0,loading,yara_sluiskil,loading,3500.0,unloading,oygarden_terminal,unloading,7500.0,queued,oygarden_terminal,queued,2636.4404864088724,1
iterative_action_q_g60_p4_model_seed_0,9000056,400.0,0.0,1.0,1300.2692726117857,0.7133171068303934,0,1.0,0,1979.5566601573416,0.0,1,1.0,0,7122.25377282818,1.3006602303339163,0,1.0,0,3200.0,loading,yara_sluiskil,loading,2700.0,unloading,oygarden_terminal,unloading,7500.0,queued,oygarden_terminal,queued,3176.4975074631984,1
iterative_action_q_g60_p4_model_seed_0,9000056,401.0,0.0,1.0,1326.9388239607922,0.5824524017444486,0,1.0,0,1979.5566601573416,0.0,1,1.0,0,6440.883680955991,0.7000051089938346,0,1.0,0,4000.0,loading,yara_sluiskil,loading,1900.0,unloading,oygarden_terminal,unloading,7500.0,queued,oygarden_terminal,queued,3718.6935759754338,1
iterative_action_q_g60_p4_model_seed_0,9000056,402.0,0.0,1.0,1348.717578961762,0.25465930201071285,0,1.0,0,1979.5566601573416,0.0,1,1.0,0,5704.7312932483865,1.2890957686415494,0,1.0,0,4800.0,loading,yara_sluiskil,loading,1100.0,unloading,oygarden_terminal,unloading,7500.0,queued,oygarden_terminal,queued,4262.653485635224,1
iterative_action_q_g60_p4_model_seed_0,9000056,403.0,0.0,1.0,1358.240532746677,1.0761051736068266,0,1.0,0,1979.5566601573416,0.0,1,1.0,0,5022.3135404751365,1.0091631751905663,0,1.0,0,5600.0,loading,yara_sluiskil,loading,300.0,unloading,oygarden_terminal,unloading,7500.0,queued,oygarden_terminal,queued,4808.101335070496,1
iterative_action_q_g60_p4_model_seed_0,9000056,404.0,0.0,1.0,1398.485017490884,0.9446224169524199,0,1.0,0,1979.5566601573416,0.0,1,1.0,0,4314.36508609763,1.2775996297587553,0,1.0,0,6400.0,loading,yara_sluiskil,loading,0.0,idle,oygarden_terminal,idle,7500.0,unloading,oygarden_terminal,unloading,4854.826966568812,1
iterative_action_q_g60_p4_model_seed_0,9000056,405.0,0.0,1.0,1433.8154885182996,1.2407193351579509,0,1.0,0,1979.5566601573416,0.0,1,1.0,0,3630.9057759847883,0.7447801710112933,0,1.0,0,7200.0,loading,yara_sluiskil,loading,0.0,idle,oygarden_terminal,idle,6700.0,unloading,oygarden_terminal,unloading,5402.665819063564,1
iterative_action_q_g60_p4_model_seed_0,9000056,406.0,0.0,1.0,1480.2247056739036,0.7677921987769936,0,1.0,0,1979.5566601573416,0.9518159433292861,0,1.0,0,3398.845539264049,0.5397880546181916,0,1.0,0,7500.0,idle,yara_sluiskil,idle,0.0,sailing,yara_sluiskil,sailing_to_emitter,5900.0,unloading,oygarden_terminal,unloading,5951.486136853312,1
iterative_action_q_g60_p4_model_seed_0,9000056,407.0,0.0,1.0,1508.946653999515,1.2040410143497815,0,1.0,0,2019.870078213354,0.8331470891720322,0,1.0,0,3448.087156661718,0.48504274065085184,0,1.0,0,7500.0,sailing,oygarden_terminal,sailing_to_terminal,0.0,sailing,yara_sluiskil,sailing_to_emitter,5100.0,unloading,oygarden_terminal,unloading,6501.180478415466,1
iterative_action_q_g60_p4_model_seed_0,9000056,408.0,0.0,1.0,1553.9921112081036,1.5741571535720267,0,1.0,0,2055.1573699879173,1.123036725793635,0,1.0,0,3492.3360246519605,0.525196546508176,0,1.0,0,7500.0,sailing,oygarden_terminal,sailing_to_terminal,0.0,sailing,yara_sluiskil,sailing_to_emitter,4300.0,unloading,oygarden_terminal,unloading,7051.659871233265,1
iterative_action_q_g60_p4_model_seed_0,9000056,409.0,0.0,1.0,1612.8896717819898,1.2185381150092938,0,1.0,0,2102.7227100481136,0.4303721680198982,0,1.0,0,3540.2494403656456,1.0168550221127508,0,1.0,0,7500.0,sailing,oygarden_terminal,sailing_to_terminal,0.0,sailing,yara_sluiskil,sailing_to_emitter,3500.0,unloading,oygarden_terminal,unloading,7602.849664731224,1
iterative_action_q_g60_p4_model_seed_0,9000056,410.0,0.0,1.0,1658.4857863831644,1.3026166342965544,0,1.0,0,2120.950785812817,0.5908142994542429,0,1.0,0,3633.0194119567914,0.8672146918903937,0,1.0,0,7500.0,sailing,oygarden_terminal,sailing_to_terminal,0.0,sailing,yara_sluiskil,sailing_to_emitter,2700.0,unloading,oygarden_terminal,unloading,8154.6865119649965,1
iterative_action_q_g60_p4_model_seed_0,9000056,411.0,0.0,1.0,1707.2324441491733,1.267998099099636,0,1.0,0,2145.9742622677904,0.6039368594296458,0,1.0,0,3712.1397495746996,0.7839378097109306,0,1.0,0,7500.0,sailing,oygarden_terminal,sailing_to_terminal,0.0,sailing,yara_sluiskil,sailing_to_emitter,1900.0,unloading,oygarden_terminal,unloading,8707.11612432152,1
iterative_action_q_g60_p4_model_seed_0,9000056,412.0,0.0,1.0,1754.6879184190095,0.8451594007624393,0,1.0,0,2171.5535344624354,0.9658805715843544,0,1.0,0,3783.664480095969,0.7980757490346971,0,1.0,0,7500.0,sailing,oygarden_terminal,sailing_to_terminal,0.0,sailing,yara_sluiskil,sailing_to_emitter,1210.0915693509514,unloading,oygarden_terminal,unloading,9150.0,1
iterative_action_q_g60_p4_model_seed_0,9000056,413.0,0.0,1.0,1786.3213152561195,1.068028945634632,0,1.0,0,2212.4626488215226,0.8954700256810084,0,1.0,0,3856.481323244981,0.8879756878855056,0,1.0,0,7500.0,sailing,oygarden_terminal,sailing_to_terminal,0.0,sailing,yara_sluiskil,sailing_to_emitter,963.571958811606,unloading,oygarden_terminal,unloading,9150.0,1
iterative_action_q_g60_p4_model_seed_0,9000056,414.0,0.0,1.0,1826.300112246262,0.696976115320884,0,1.0,0,2250.3895797107416,1.3044481994946446,0,1.0,0,3937.5031295761296,0.8845118831658492,0,1.0,0,7500.0,sailing,oygarden_terminal,sailing_to_terminal,0.0,sailing,yara_sluiskil,sailing_to_emitter,717.5214225973585,unloading,oygarden_terminal,unloading,9150.0,1
iterative_action_q_g60_p4_model_seed_0,9000056,415.0,0.0,1.0,1852.391914249126,0.7288339692704892,0,1.0,0,2305.6384605129488,0.8315626789049602,0,1.0,0,4018.21132386479,1.3183092116913786,0,1.0,0,7500.0,sailing,oygarden_terminal,sailing_to_terminal,0.0,sailing,yara_sluiskil,sailing_to_emitter,471.9082957644865,unloading,oygarden_terminal,unloading,9150.0,1
iterative_action_q_g60_p4_model_seed_0,9000056,416.0,0.0,1.0,1879.678818142388,1.0237874081898573,0,1.0,0,2340.858645832828,1.2565395687952856,0,1.0,0,4138.5054324126995,0.6561860819542892,0,1.0,0,7500.0,sailing,oygarden_terminal,sailing_to_terminal,0.0,sailing,yara_sluiskil,sailing_to_emitter,226.70446687072655,unloading,oygarden_terminal,unloading,9150.0,1
iterative_action_q_g60_p4_model_seed_0,9000056,417.0,0.0,1.0,1918.0120047920095,1.3550603226283688,0,1.0,0,2394.0783941421305,0.9910321809983905,0,1.0,0,4198.38342029285,1.254976648760269,0,1.0,0,7500.0,sailing,oygarden_terminal,sailing_to_terminal,0.0,sailing,yara_sluiskil,sailing_to_emitter,0.0,idle,oygarden_terminal,idle,9131.884850123048,1
iterative_action_q_g60_p4_model_seed_0,9000056,418.0,0.0,1.0,1968.7534974238686,0.7079404742765936,0,1.0,0,2436.0527851990873,0.8326853827904799,0,1.0,0,4312.905424597025,0.5778921897775153,0,1.0,0,7500.0,sailing,oygarden_terminal,sailing_to_terminal,0.0,sailing,yara_sluiskil,sailing_to_emitter,0.0,sailing,yara_sluiskil,sailing_to_emitter,8887.426953741067,1
iterative_action_q_g60_p4_model_seed_0,9000056,419.0,0.0,1.0,1995.2653952812902,1.1379718578629878,0,1.0,0,2471.320521761838,1.1342271067138403,0,1.0,0,4365.642158742592,1.4640661214684032,0,1.0,0,7500.0,sailing,oygarden_terminal,sailing_to_terminal,0.0,sailing,yara_sluiskil,sailing_to_emitter,0.0,sailing,yara_sluiskil,sailing_to_emitter,8643.310523941907,1
iterative_action_q_g60_p4_model_seed_0,9000056,420.0,0.0,1.0,2037.8855548492622,1.2897901164176733,0,1.0,0,2519.359821632651,0.8607869126786729,0,1.0,0,4499.252543102706,0.7548790740327975,0,1.0,0,7500.0,sailing,oygarden_terminal,sailing_to_terminal,0.0,sailing,yara_sluiskil,sailing_to_emitter,0.0,sailing,yara_sluiskil,sailing_to_emitter,8399.517248974895,1
iterative_action_q_g60_p4_model_seed_0,9000056,421.0,0.0,1.0,2086.196112730629,0.5382031246756509,0,1.0,0,2555.8177764622164,0.9095328378570795,0,1.0,0,4568.1447376247315,0.4959779275832743,0,1.0,0,7500.0,sailing,oygarden_terminal,sailing_to_terminal,0.0,sailing,yara_sluiskil,sailing_to_emitter,0.0,sailing,yara_sluiskil,sailing_to_emitter,8156.030511291754,1
iterative_action_q_g60_p4_model_seed_0,9000056,422.0,0.0,1.0,2106.356955822151,0.9018571389578403,0,1.0,0,2594.340326735908,1.065034132793385,0,1.0,0,4613.410317930732,0.31878387201252967,0,1.0,0,7500.0,sailing,oygarden_terminal,sailing_to_terminal,0.0,sailing,yara_sluiskil,sailing_to_emitter,0.0,sailing,yara_sluiskil,sailing_to_emitter,7912.835178636742,1
iterative_action_q_g60_p4_model_seed_0,9000056,423.0,0.0,1.0,2140.143181118643,1.2283114689322752,0,1.0,0,2639.449012443612,1.4836743338321312,0,1.0,0,4642.505105720091,1.234646078121398,0,1.0,0,7500.0,sailing,oygarden_terminal,sailing_to_terminal,0.0,sailing,yara_sluiskil,sailing_to_emitter,0.0,sailing,yara_sluiskil,sailing_to_emitter,7669.917426857096,1
iterative_action_q_g60_p4_model_seed_0,9000056,424.0,0.0,1.0,2186.163527294362,0.568753348051411,0,1.0,0,2702.2888756523944,1.205604386852613,0,1.0,0,4755.192268149307,0.4557092135163362,0,1.0,0,7500.0,sailing,oygarden_terminal,sailing_to_terminal,0.0,sailing,yara_sluiskil,sailing_to_emitter,0.0,sailing,yara_sluiskil,sailing_to_emitter,7427.264588757122,1
iterative_action_q_g60_p4_model_seed_0,9000056,425.0,0.0,1.0,2207.4745747637717,0.5542639093787747,0,1.0,0,2753.3513042636973,1.0648566585347732,0,1.0,0,4796.7864781388,1.2066936606779803,0,1.0,0,7500.0,sailing,oygarden_terminal,sailing_to_terminal,0.0,sailing,yara_sluiskil,sailing_to_emitter,0.0,sailing,yara_sluiskil,sailing_to_emitter,7184.865024481705,1
iterative_action_q_g60_p4_model_seed_0,9000056,426.0,0.0,1.0,2228.244592705092,0.9284952832853433,0,1.0,0,2798.4524731883175,0.7642696962861457,0,1.0,0,4906.929049333138,1.2055190835067615,0,1.0,0,7500.0,sailing,oygarden_terminal,sailing_to_terminal,0.0,sailing,yara_sluiskil,sailing_to_emitter,0.0,sailing,yara_sluiskil,sailing_to_emitter,6942.70800981095,1
iterative_action_q_g60_p4_model_seed_0,9000056,427.0,0.0,1.0,2263.0414009703572,1.1818649907187881,0,1.0,0,2830.8225169870752,0.8506008039351372,0,1.0,0,5016.967730636712,0.7953675839261838,0,1.0,0,7500.0,sailing,oygarden_terminal,sailing_to_terminal,0.0,sailing,yara_sluiskil,sailing_to_emitter,0.0,sailing,yara_sluiskil,sailing_to_emitter,6700.7836394443075,1
iterative_action_q_g60_p4_model_seed_0,9000056,428.0,0.0,1.0,2307.337657093493,0.394922008936475,0,1.0,0,2866.849047166718,0.8295366049793419,0,1.0,0,5089.570349559951,1.4014672492086442,0,1.0,0,7500.0,sailing,oygarden_terminal,sailing_to_terminal,0.0,sailing,yara_sluiskil,sailing_to_emitter,0.0,sailing,yara_sluiskil,sailing_to_emitter,6459.082742898846,1
iterative_action_q_g60_p4_model_seed_0,9000056,429.0,0.0,1.0,2322.1406632959142,1.0782599067302538,0,1.0,0,2901.9834197139194,1.1140561975394268,0,1.0,0,5217.502724014128,1.0602666372683978,0,1.0,0,7500.0,sailing,oygarden_terminal,sailing_to_terminal,0.0,sailing,yara_sluiskil,sailing_to_emitter,0.0,sailing,yara_sluiskil,sailing_to_emitter,6217.5968110779795,1
iterative_action_q_g60_p4_model_seed_0,9000056,430.0,0.0,1.0,2362.561143341473,0.8668815242827503,0,1.0,0,2949.168396540643,1.0419011033206123,0,1.0,0,5314.291658804571,1.0314177495955559,0,1.0,0,7500.0,sailing,oygarden_terminal,sailing_to_terminal,0.0,sailing,yara_sluiskil,sailing_to_emitter,0.0,sailing,yara_sluiskil,sailing_to_emitter,5976.317931910589,1
iterative_action_q_g60_p4_model_seed_0,9000056,431.0,0.0,1.0,2395.0606816573368,0.9467245856877872,0,1.0,0,2993.2973009213224,1.1943805410253698,0,1.0,0,5408.449896558266,0.958193393589,0,1.0,0,7500.0,sailing,oygarden_terminal,sailing_to_terminal,0.0,sailing,yara_sluiskil,sailing_to_emitter,0.0,sailing,yara_sluiskil,sailing_to_emitter,5735.238733735877,1
iterative_action_q_g60_p4_model_seed_0,9000056,432.0,0.0,1.0,2430.5567718618904,0.8939877059963927,0,1.0,0,3043.884352342108,1.6352101552321945,0,1.0,0,5495.926114766692,1.3216771858515406,0,1.0,0,7500.0,sailing,oygarden_terminal,sailing_to_terminal,0.0,sailing,yara_sluiskil,sailing_to_emitter,0.0,sailing,yara_sluiskil,sailing_to_emitter,5494.352335331418,1
iterative_action_q_g60_p4_model_seed_0,9000056,433.0,0.0,1.0,2464.0786100998953,1.3889438574465272,0,1.0,0,3113.142396462206,0.7165523656460333,0,1.0,0,5616.589450245509,1.1123301124584275,0,1.0,0,7500.0,sailing,oygarden_terminal,sailing_to_terminal,0.0,sailing,yara_sluiskil,sailing_to_emitter,0.0,sailing,yara_sluiskil,sailing_to_emitter,5253.652301662141,1
iterative_action_q_g60_p4_model_seed_0,9000056,434.0,0.0,1.0,2516.1645367196375,1.248255449826662,0,1.0,0,3143.4914101320887,1.3182996798344608,0,1.0,0,5718.143379751871,0.5946488864053789,0,1.0,0,7500.0,sailing,oygarden_terminal,sailing_to_terminal,0.0,sailing,yara_sluiskil,sailing_to_emitter,0.0,sailing,yara_sluiskil,sailing_to_emitter,5013.132604575098,1
iterative_action_q_g60_p4_model_seed_0,9000056,435.0,0.0,1.0,2562.9788419832703,0.9809956766035006,0,1.0,0,3199.3269595245283,0.49274556221716237,0,1.0,0,5772.435493844626,1.007609396082588,0,1.0,0,7500.0,sailing,oygarden_terminal,sailing_to_terminal,0.0,sailing,yara_sluiskil,sailing_to_emitter,0.0,sailing,yara_sluiskil,sailing_to_emitter,4772.787587785581,1
iterative_action_q_g60_p4_model_seed_0,9000056,436.0,0.0,1.0,2599.7732322338206,0.40886721498023026,0,1.0,0,3220.1968114997153,0.803295539122788,0,1.0,0,5864.434145261861,0.5397120026026374,0,1.0,0,7500.0,sailing,oygarden_terminal,sailing_to_terminal,0.0,sailing,yara_sluiskil,sailing_to_emitter,0.0,sailing,yara_sluiskil,sailing_to_emitter,4532.611935599734,1
iterative_action_q_g60_p4_model_seed_0,9000056,437.0,0.0,1.0,2615.1100839259875,0.8419467221746594,0,1.0,0,3254.219764275558,1.0605553149417324,0,1.0,0,5913.713434247467,0.5274051360864778,0,1.0,0,7500.0,sailing,oygarden_terminal,sailing_to_terminal,0.0,sailing,yara_sluiskil,sailing_to_emitter,0.0,sailing,yara_sluiskil,sailing_to_emitter,4292.600644901298,1
iterative_action_q_g60_p4_model_seed_0,9000056,438.0,0.0,1.0,2646.694869893861,1.12587458218062,0,1.0,0,3299.1387531645482,1.2799882732468042,0,1.0,0,5961.870477616011,1.3940786586485352,0,1.0,0,7500.0,sailing,oygarden_terminal,sailing_to_terminal,0.0,sailing,yara_sluiskil,sailing_to_emitter,0.0,sailing,yara_sluiskil,sailing_to_emitter,4052.7489999988325,1
iterative_action_q_g60_p4_model_seed_0,9000056,439.0,0.0,1.0,2688.9347558174895,0.7720048989005153,0,1.0,0,3353.3516529671106,1.0008320700885063,0,1.0,0,6089.166795812246,0.6566038202706667,0,1.0,0,7500.0,sailing,oygarden_terminal,sailing_to_terminal,0.0,sailing,yara_sluiskil,sailing_to_emitter,0.0,sailing,yara_sluiskil,sailing_to_emitter,3813.0525499871846,1
iterative_action_q_g60_p4_model_seed_0,9000056,440.0,0.0,1.0,2717.9009995441706,0.5896050939014068,0,1.0,0,3395.7411106433665,1.2484553165405328,0,1.0,0,6149.124510626295,1.1121263772208598,0,1.0,0,7500.0,sailing,oygarden_terminal,sailing_to_terminal,0.0,sailing,yara_sluiskil,sailing_to_emitter,0.0,sailing,yara_sluiskil,sailing_to_emitter,3573.5070883252315,1
iterative_action_q_g60_p4_model_seed_0,9000056,441.0,0.0,1.0,2740.0254625463763,0.6658533210251669,0,1.0,0,3448.6184567864725,1.1456434844787529,0,1.0,0,6250.6812879062545,0.9910536788833083,0,1.0,0,7500.0,sailing,oygarden_terminal,sailing_to_terminal,0.0,sailing,yara_sluiskil,sailing_to_emitter,0.0,sailing,yara_sluiskil,sailing_to_emitter,3334.1086343725615,1
iterative_action_q_g60_p4_model_seed_0,9000056,442.0,0.0,1.0,2765.01334562916,1.2122797965294843,0,1.0,0,3497.1412883870785,0.5532094046450746,0,1.0,0,6341.184720158101,0.6270428513726616,0,1.0,0,7500.0,sailing,oygarden_terminal,sailing_to_terminal,0.0,sailing,yara_sluiskil,sailing_to_emitter,0.0,sailing,yara_sluiskil,sailing_to_emitter,3094.8534166621685,1
iterative_action_q_g60_p4_model_seed_0,9000056,443.0,0.0,0.5667335888238936,2810.5114344323456,1.1578247623814644,0,1.0,0,3520.572039004647,0.9966569463655254,0,1.0,0,6398.448260444249,1.2867605948191543,0,1.0,0,7500.0,sailing,oygarden_terminal,sailing_to_terminal,0.0,sailing,yara_sluiskil,sailing_to_emitter,0.0,sailing,yara_sluiskil,sailing_to_emitter,2855.7378577154614,1
iterative_action_q_g60_p4_model_seed_0,9000056,444.0,0.0,0.5667335888238936,2853.9697107186726,0.3513777623991726,0,1.0,0,3562.784662588913,0.7430139159037942,0,1.0,0,6515.962860732898,0.612339683020031,0,1.0,0,7500.0,sailing,oygarden_terminal,sailing_to_terminal,0.0,sailing,yara_sluiskil,sailing_to_emitter,0.0,sailing,yara_sluiskil,sailing_to_emitter,2616.7585602307804,1
iterative_action_q_g60_p4_model_seed_0,9000056,445.0,0.0,0.5667335888238936,2867.159665564238,1.369113589444821,0,1.0,0,3594.254434474108,1.5324925712485338,0,1.0,0,6571.8870356947355,0.47075412967314934,0,1.0,0,7500.0,sailing,oygarden_terminal,sailing_to_terminal,0.0,sailing,yara_sluiskil,sailing_to_emitter,0.0,sailing,yara_sluiskil,sailing_to_emitter,2377.912294497908,1
iterative_action_q_g60_p4_model_seed_0,9000056,446.0,0.0,0.5667335888238936,2918.5578641379166,0.6891395875184814,0,1.0,0,3659.161955855164,1.1968399969524843,0,1.0,0,6614.88168588996,1.0233118488946393,0,1.0,0,7500.0,sailing,oygarden_terminal,sailing_to_terminal,0.0,sailing,yara_sluiskil,sailing_to_emitter,0.0,sailing,yara_sluiskil,sailing_to_emitter,2139.1959869093125,1
iterative_action_q_g60_p4_model_seed_0,9000056,447.0,0.0,0.5667335888238936,2944.4313522130924,0.29234468266700153,0,1.0,0,3709.8531756035286,1.1679520841210462,0,1.0,0,6708.345044726154,0.4876966533738707,0,1.0,0,7500.0,sailing,oygarden_terminal,sailing_to_terminal,0.0,sailing,yara_sluiskil,sailing_to_emitter,0.0,sailing,yara_sluiskil,sailing_to_emitter,1900.6067094545847,1
iterative_action_q_g60_p4_model_seed_0,9000056,448.0,0.0,0.5667335888238936,2955.4083188358686,1.1682280009117807,0,1.0,0,3759.3208704520416,1.1325213265101943,0,1.0,0,6752.889767132047,1.0637902936676018,0,1.0,0,7500.0,sailing,oygarden_terminal,sailing_to_terminal,0.0,sailing,yara_sluiskil,sailing_to_emitter,0.0,sailing,yara_sluiskil,sailing_to_emitter,1662.1416700980683,1
iterative_action_q_g60_p4_model_seed_0,9000056,449.0,0.0,0.5667335888238936,2999.2769543408313,1.1481842826045634,0,1.0,0,3807.287923339661,0.6836629970288483,0,1.0,0,6850.056053418558,0.8413291164775567,0,1.0,0,7500.0,sailing,oygarden_terminal,sailing_to_terminal,0.0,sailing,yara_sluiskil,sailing_to_emitter,0.0,sailing,yara_sluiskil,sailing_to_emitter,1423.7982039514256,1
iterative_action_q_g60_p4_model_seed_0,9000056,450.0,0.0,0.5667335888238936,3042.3968267718233,1.2434452779058385,0,1.0,0,3836.243933587028,0.44499730657911685,0,1.0,0,6926.905120380599,1.0282701854658713,0,1.0,0,7500.0,sailing,oygarden_terminal,sailing_to_terminal,0.0,sailing,yara_sluiskil,sailing_to_emitter,0.0,sailing,yara_sluiskil,sailing_to_emitter,1185.5737651630413,1
iterative_action_q_g60_p4_model_seed_0,9000056,451.0,0.0,0.5667335888238936,3089.098441702832,0.7909104539700599,0,1.0,0,3855.091445629298,1.3070745145300364,0,1.0,0,7020.832676408719,0.8170558518464686,0,1.0,0,7500.0,sailing,oygarden_terminal,sailing_to_terminal,0.0,sailing,yara_sluiskil,sailing_to_emitter,0.0,sailing,yara_sluiskil,sailing_to_emitter,947.4659194550247,1
iterative_action_q_g60_p4_model_seed_0,9000056,452.0,0.0,0.5667335888238936,3118.8063378198235,0.9603107425239553,0,1.0,0,3910.4515619457984,0.667486564826419,0,1.0,0,7095.469065766235,1.2266022158822127,0,1.0,0,7500.0,sailing,oygarden_terminal,sailing_to_terminal,0.0,sailing,yara_sluiskil,sailing_to_emitter,0.0,sailing,yara_sluiskil,sailing_to_emitter,709.4723372462953,1
iterative_action_q_g60_p4_model_seed_0,9000056,453.0,0.0,0.5667335888238936,3154.88045503703,1.2459483946325431,0,1.0,0,3938.7224320895543,0.850911325985166,0,1.0,0,7207.520062567272,1.0532664262812945,0,1.0,0,7500.0,sailing,oygarden_terminal,sailing_to_terminal,0.0,sailing,yara_sluiskil,sailing_to_emitter,0.0,sailing,yara_sluiskil,sailing_to_emitter,471.5907873069626,1
iterative_action_q_g60_p4_model_seed_0,9000056,454.0,0.0,0.5667335888238936,3201.6888037574145,0.9742379848824732,0,1.0,0,3974.7621141871764,1.093631100562349,0,1.0,0,7303.7396117621665,0.802326289999647,0,1.0,0,7500.0,sailing,oygarden_terminal,sailing_to_terminal,0.0,loading,yara_sluiskil,loading,0.0,sailing,yara_sluiskil,sailing_to_emitter,233.81913089513503,1
iterative_action_q_g60_p4_model_seed_0,9000056,455.0,0.0,0.5667335888238936,3238.292730112435,1.2337442276147608,0,1.0,0,4021.0820020447118,0.9811980630696902,0,1.0,0,6577.037117648747,1.0473989671491184,0,1.0,0,7500.0,sailing,oygarden_terminal,sailing_to_terminal,800.0,loading,yara_sluiskil,loading,0.0,sailing,yara_sluiskil,sailing_to_emitter,0.0,1
iterative_action_q_g60_p4_model_seed_0,9000056,456.0,0.0,0.5667335888238936,3284.650985303582,0.9838483515827994,0,1.0,0,4062.639876746747,0.6787883679073339,0,1.0,0,5872.726425224938,0.9224612333496542,0,1.0,0,7500.0,sailing,oygarden_terminal,sailing_to_terminal,1600.0,loading,yara_sluiskil,loading,0.0,sailing,yara_sluiskil,sailing_to_emitter,0.0,1
iterative_action_q_g60_p4_model_seed_0,9000056,457.0,0.0,0.5667335888238936,3321.622687015424,1.231967367824677,0,1.0,0,4091.389425899382,1.0653367857187384,0,1.0,0,5157.0040895087695,0.5948955600050306,0,1.0,0,7500.0,sailing,oygarden_terminal,sailing_to_terminal,2400.0,loading,yara_sluiskil,loading,0.0,sailing,yara_sluiskil,sailing_to_emitter,0.0,1
iterative_action_q_g60_p4_model_seed_0,9000056,458.0,0.0,0.5667335888238936,3367.9225622469553,0.9624572239118319,0,1.0,0,4136.510930234459,0.5022190952093141,0,1.0,0,4411.356422521267,1.1697667400778027,0,1.0,0,7500.0,unloading,oygarden_terminal,unloading,3200.0,loading,yara_sluiskil,loading,0.0,sailing,yara_sluiskil,sailing_to_emitter,0.0,1
iterative_action_q_g60_p4_model_seed_0,9000056,459.0,0.0,0.5667335888238936,3404.096965512748,0.8345739871145716,0,1.0,0,4157.782026272279,0.6556041417260331,0,1.0,0,3718.2347938734074,1.5475694541368445,0,1.0,0,6700.0,unloading,oygarden_terminal,unloading,4000.0,loading,yara_sluiskil,loading,0.0,sailing,yara_sluiskil,sailing_to_emitter,538.3317321108168,1
iterative_action_q_g60_p4_model_seed_0,9000056,460.0,0.0,0.5667335888238936,3435.467657785205,1.272818668490217,0,1.0,0,4185.549625701438,1.1317937763807204,0,1.0,0,3059.6362241833076,0.8826308522183982,0,1.0,0,5900.0,unloading,oygarden_terminal,unloading,4800.0,loading,yara_sluiskil,loading,0.0,sailing,yara_sluiskil,sailing_to_emitter,1086.2816427642138,1
iterative_action_q_g60_p4_model_seed_0,9000056,461.0,0.0,0.5667335888238936,3483.315804650586,0.7602652641177885,0,1.0,0,4233.485863773723,1.2702721870848486,0,1.0,0,2340.2846429769165,0.8882720022001035,0,1.0,0,5100.0,unloading,oygarden_terminal,unloading,5600.0,loading,yara_sluiskil,loading,0.0,sailing,yara_sluiskil,sailing_to_emitter,1638.5007199153656,1
iterative_action_q_g60_p4_model_seed_0,9000056,462.0,0.0,0.5667335888238936,3511.8984911944126,0.8293690274052952,0,1.0,0,4287.287246364307,1.4023608970400445,0,1.0,0,1621.450956414576,0.7479141970988787,0,1.0,0,4300.0,unloading,oygarden_terminal,unloading,6400.0,loading,yara_sluiskil,loading,0.0,sailing,yara_sluiskil,sailing_to_emitter,2193.187073175786,1
iterative_action_q_g60_p4_model_seed_0,9000056,463.0,0.0,0.5667335888238936,3543.0820027759773,1.019048749425174,0,1.0,0,4346.683142707495,0.9263145963642202,0,1.0,0,1689.794063349739,0.9409559294463495,0,1.0,0,3500.0,unloading,oygarden_terminal,unloading,6400.0,sailing,brevik,sailing_to_emitter,0.0,sailing,yara_sluiskil,sailing_to_emitter,2749.4998623467914,1
iterative_action_q_g60_p4_model_seed_0,9000056,464.0,0.0,0.5667335888238936,3581.400766052409,0.7876381435656297,0,1.0,0,4385.916471205858,0.7611816449091509,0,1.0,0,1775.7795825442859,1.1246027414656217,0,1.0,0,2700.0,unloading,oygarden_terminal,unloading,6400.0,sailing,brevik,sailing_to_emitter,0.0,sailing,yara_sluiskil,sailing_to_emitter,3306.97619328272,1
iterative_action_q_g60_p4_model_seed_0,9000056,465.0,0.0,0.5667335888238936,3611.02059628859,1.2194185436088272,0,1.0,0,4418.155723009576,0.7127399426078713,0,1.0,0,1878.5500343069825,0.8812276329733859,0,1.0,0,1900.0,unloading,oygarden_terminal,unloading,6400.0,sailing,brevik,sailing_to_emitter,0.0,sailing,yara_sluiskil,sailing_to_emitter,3865.3334819644974,1
iterative_action_q_g60_p4_model_seed_0,9000056,466.0,0.0,0.5667335888238936,3656.8820607071334,1.0609092835983924,0,1.0,0,4448.343264490617,0.592967803942166,0,1.0,0,1959.0823759931272,0.7914243422611157,0,1.0,0,1100.0,unloading,oygarden_terminal,unloading,6400.0,sailing,brevik,sailing_to_emitter,0.0,sailing,yara_sluiskil,sailing_to_emitter,4424.386370821511,1
iterative_action_q_g60_p4_model_seed_0,9000056,467.0,0.0,0.5667335888238936,3696.7857158919696,0.9890560863887066,0,1.0,0,4473.457950939829,1.0939892446818498,0,1.0,0,2031.4100863039362,1.0671267967206595,0,1.0,0,300.0,unloading,oygarden_terminal,unloading,6400.0,sailing,brevik,sailing_to_emitter,0.0,sailing,yara_sluiskil,sailing_to_emitter,4984.006625493045,1
iterative_action_q_g60_p4_model_seed_0,9000056,468.0,0.0,0.5667335888238936,3733.9901445869514,1.058207426783264,0,1.0,0,4519.793007710761,0.9057450768024758,0,1.0,0,2128.93698866479,0.513699557668791,0,1.0,0,0.0,idle,oygarden_terminal,idle,6400.0,sailing,brevik,sailing_to_emitter,0.0,sailing,yara_sluiskil,sailing_to_emitter,5044.101790609838,1
iterative_action_q_g60_p4_model_seed_0,9000056,469.0,0.0,0.5667335888238936,3773.799377820617,1.18813454191197,0,1.0,0,4558.15513033459,0.5502581577536718,0,1.0,0,2175.8864585391166,0.9081354493130587,0,1.0,0,0.0,sailing,celsio,sailing_to_emitter,6400.0,sailing,brevik,sailing_to_emitter,0.0,sailing,yara_sluiskil,sailing_to_emitter,4804.602964953847,1
iterative_action_q_g60_p4_model_seed_0,9000056,470.0,0.0,0.5667335888238936,3818.5004484419205,0.8225229690698137,0,1.0,0,4581.46088320385,1.7547887327106222,0,1.0,0,2258.887820939563,1.071137437782536,0,1.0,0,0.0,sailing,celsio,sailing_to_emitter,6400.0,sailing,brevik,sailing_to_emitter,0.0,sailing,yara_sluiskil,sailing_to_emitter,4565.457386067505,1
iterative_action_q_g60_p4_model_seed_0,9000056,471.0,0.0,0.5667335888238936,3849.44894936817,1.2544140653131008,0,1.0,0,4655.783584223443,0.7798651324737793,0,1.0,0,2356.7901180189046,0.19683137873654333,0,1.0,0,0.0,sailing,celsio,sailing_to_emitter,6400.0,sailing,brevik,sailing_to_emitter,0.0,sailing,yara_sluiskil,sailing_to_emitter,4326.623719109552,1
iterative_action_q_g60_p4_model_seed_0,9000056,472.0,0.0,0.5667335888238936,3896.652186865823,0.47520758218429504,0,1.0,0,4688.814160495106,1.3168715593564935,0,1.0,0,2374.7811099140945,0.9177320162359516,0,1.0,0,0.0,sailing,celsio,sailing_to_emitter,6400.0,sailing,brevik,sailing_to_emitter,0.0,sailing,yara_sluiskil,sailing_to_emitter,4088.0689472179233,1
iterative_action_q_g60_p4_model_seed_0,9000056,473.0,0.0,0.5667335888238936,3914.5357275046213,1.2334724354650946,0,1.0,0,4744.589222964348,0.5589569128420011,0,1.0,0,2458.667160151591,1.101602045110048,0,1.0,0,0.0,sailing,celsio,sailing_to_emitter,6400.0,sailing,brevik,sailing_to_emitter,0.0,sailing,yara_sluiskil,sailing_to_emitter,3849.7662519660917,1
iterative_action_q_g60_p4_model_seed_0,9000056,474.0,0.0,0.5667335888238936,3960.9593325575624,1.087327027314372,0,1.0,0,4768.263404785551,0.14458297823598942,0,1.0,0,2559.3630366169923,0.8392169747785516,0,1.0,0,0.0,sailing,celsio,sailing_to_emitter,6400.0,sailing,brevik,sailing_to_emitter,0.0,sailing,yara_sluiskil,sailing_to_emitter,3611.69352851473,1
iterative_action_q_g60_p4_model_seed_0,9000056,475.0,0.0,0.5667335888238936,4001.8862348795133,1.3121304992307201,0,1.0,0,4774.387103475681,0.8992900487514496,0,1.0,0,2636.076978957727,0.889074598157022,0,1.0,0,0.0,sailing,celsio,sailing_to_emitter,6400.0,sailing,brevik,sailing_to_emitter,0.0,sailing,yara_sluiskil,sailing_to_emitter,3373.8323204519675,1
iterative_action_q_g60_p4_model_seed_0,9000056,476.0,0.0,0.5667335888238936,4051.2791870802066,1.1828608740985638,0,1.0,0,4812.475828447151,0.9736835304196554,0,1.0,0,2717.350922512218,0.7751814091877411,0,1.0,0,0.0,sailing,celsio,sailing_to_emitter,6400.0,sailing,brevik,sailing_to_emitter,0.0,sailing,yara_sluiskil,sailing_to_emitter,3136.1670397104,1
iterative_action_q_g60_p4_model_seed_0,9000056,477.0,0.0,0.5667335888238936,4095.8100263035158,0.7255951443433863,0,1.0,0,4853.715431010188,1.1006752603487182,0,1.0,0,2788.2155596924526,0.5349487187185235,0,1.0,0,0.0,sailing,celsio,sailing_to_emitter,6400.0,sailing,brevik,sailing_to_emitter,0.0,sailing,yara_sluiskil,sailing_to_emitter,2898.684384735016,1
iterative_action_q_g60_p4_model_seed_0,9000056,478.0,0.0,0.5667335888238936,4123.128777815413,0.9129243137296286,0,1.0,0,4900.333668732854,0.6515288700811788,0,1.0,0,2837.120357043264,0.762289510331666,0,1.0,0,0.0,sailing,celsio,sailing_to_emitter,6400.0,sailing,brevik,sailing_to_emitter,0.0,loading,yara_sluiskil,loading,2661.372899416111,1
iterative_action_q_g60_p4_model_seed_0,9000056,479.0,0.0,0.5667335888238936,4157.503603588933,0.9781294069519749,0,1.0,0,4927.9286632265075,0.9688409474539053,0,1.0,0,2106.8106585072924,0.9023864307018779,0,1.0,0,0.0,sailing,celsio,sailing_to_emitter,6400.0,sailing,brevik,sailing_to_emitter,800.0,loading,yara_sluiskil,loading,2424.2226338365454,1
iterative_action_q_g60_p4_model_seed_0,9000056,480.0,0.0,0.5667335888238936,4194.336960066242,1.0722285125551732,0,1.0,0,4968.963161984615,0.7792124152268445,0,1.0,0,1389.3114362943325,0.8272029289843704,0,1.0,0,0.0,sailing,celsio,sailing_to_emitter,6400.0,sailing,brevik,sailing_to_emitter,1600.0,loading,yara_sluiskil,loading,2187.2248798918968,1
iterative_action_q_g60_p4_model_seed_0,9000056,481.0,0.0,0.5667335888238936,4234.717450406763,1.0535385391398506,0,1.0,0,5001.966092929015,0.9535804188196181,0,1.0,0,664.9408331859172,1.1733137924178734,0,1.0,0,0.0,sailing,celsio,sailing_to_emitter,6400.0,sailing,brevik,sailing_to_emitter,2400.0,loading,yara_sluiskil,loading,1950.371962800641,1
iterative_action_q_g60_p4_model_seed_0,9000056,482.0,0.0,0.5667335888238936,4274.397655185522,1.1167507894933182,0,1.0,0,5042.354243961071,1.0922785786970524,0,1.0,0,0.0,0.9894938115438471,0,1.0,0,0.0,sailing,celsio,sailing_to_emitter,6400.0,sailing,brevik,sailing_to_emitter,3172.217639507921,idle,yara_sluiskil,idle,1713.6570749037005,1
iterative_action_q_g60_p4_model_seed_0,9000056,483.0,0.0,0.5667335888238936,4316.462470218982,0.956888661919955,0,1.0,0,5088.616846815379,0.7853412939710066,0,1.0,0,0.0,1.2079906555594508,0,1.0,0,0.0,sailing,celsio,sailing_to_emitter,6400.0,sailing,brevik,sailing_to_emitter,3262.690397249495,idle,yara_sluiskil,idle,1477.0741418600728,1
iterative_action_q_g60_p4_model_seed_0,9000056,484.0,0.0,0.5667335888238936,4352.508992402271,1.0221993715332174,0,1.0,0,5121.8793616139465,0.3315873298849067,0,1.0,0,0.0,0.22469700416953453,0,1.0,0,0.0,sailing,celsio,sailing_to_emitter,6400.0,sailing,brevik,sailing_to_emitter,3373.144386662024,idle,yara_sluiskil,idle,1240.6177139417841,1
iterative_action_q_g60_p4_model_seed_0,9000056,485.0,0.0,0.5667335888238936,4391.019283482044,0.8577914342763628,0,1.0,0,5135.923483006755,0.3675665819008298,0,1.0,0,0.0,0.7075486741237961,0,1.0,0,0.0,sailing,celsio,sailing_to_emitter,6400.0,sailing,brevik,sailing_to_emitter,3393.6904299614293,idle,yara_sluiskil,idle,1004.2828769778934,1
iterative_action_q_g60_p4_model_seed_0,9000056,486.0,0.0,1.0,4423.338596725025,0.9416730729180036,0,1.0,0,5151.491477410965,0.6599884744949005,0,1.0,0,0.0,0.7965660264905511,0,1.0,0,0.0,sailing,celsio,sailing_to_emitter,6400.0,sailing,brevik,sailing_to_emitter,3458.389841103135,idle,yara_sluiskil,idle,768.0651788288267,1
iterative_action_q_g60_p4_model_seed_0,9000056,487.0,0.0,1.0,4458.821553784111,1.1901838661985669,0,1.0,0,5179.444771817232,0.8825811138930513,0,1.0,0,0.0,1.2458800376692507,0,1.0,0,0.0,sailing,celsio,sailing_to_emitter,6400.0,sailing,brevik,sailing_to_emitter,3531.2313394731173,idle,yara_sluiskil,idle,531.9605682448938,1
iterative_action_q_g60_p4_model_seed_0,9000056,488.0,0.0,1.0,4503.6726365979075,0.6068851746171038,0,1.0,0,5216.82580295258,0.8883697015449229,0,1.0,0,0.0,1.1124957163079827,0,1.0,0,0.0,sailing,celsio,sailing_to_emitter,6400.0,sailing,brevik,sailing_to_emitter,3645.163518159863,idle,yara_sluiskil,idle,295.9653436817715,1
iterative_action_q_g60_p4_model_seed_0,9000056,489.0,0.0,1.0,4526.544661670711,1.3947932070794558,0,1.0,0,5254.452005179669,0.62770753350321,0,1.0,0,0.0,1.0487145563787155,0,1.0,0,0.0,sailing,celsio,sailing_to_emitter,6400.0,sailing,brevik,sailing_to_emitter,3746.901145729135,idle,yara_sluiskil,idle,60.07611018297189,1
iterative_action_q_g60_p4_model_seed_0,9000056,490.0,0.0,1.0,4579.115770594947,1.0078037041470664,0,1.0,0,5281.038065638491,0.8448388156720052,0,1.0,0,0.0,0.9602234278996056,0,1.0,0,0.0,sailing,celsio,sailing_to_emitter,6400.0,sailing,brevik,sailing_to_emitter,3842.8088814906882,idle,yara_sluiskil,idle,0.0,1
iterative_action_q_g60_p4_model_seed_0,9000056,491.0,0.0,1.0,4617.104299329849,1.9779239073400678,0,1.6152986675023162,1,5316.820551322648,1.3600056578431647,0,1.0,0,0.0,1.6128102379569413,0,1.0,0,0.0,sailing,celsio,sailing_to_emitter,6400.0,sailing,brevik,sailing_to_emitter,3930.6265135819694,idle,yara_sluiskil,idle,0.0,1
iterative_action_q_g60_p4_model_seed_0,9000056,492.0,0.0,1.0,4691.6676317338,1.5132106048531728,0,1.6152986675023162,1,5374.422524716159,1.0052040906148811,0,1.0,0,0.0,1.10978680384092,0,1.0,0,0.0,sailing,celsio,sailing_to_emitter,6400.0,sailing,brevik,sailing_to_emitter,4078.131186502776,idle,yara_sluiskil,idle,0.0,1
iterative_action_q_g60_p4_model_seed_0,9000056,493.0,0.0,1.0,4748.717457125278,3.247115897515856,0,1.6152986675023162,1,5416.997155894145,1.1200998251134113,0,1.0,0,0.0,1.0239174310191632,0,1.0,0,0.0,sailing,celsio,sailing_to_emitter,6400.0,sailing,brevik,sailing_to_emitter,4179.6333141348605,idle,yara_sluiskil,idle,0.0,1
iterative_action_q_g60_p4_model_seed_0,9000056,494.0,0.0,1.0,4871.148607993784,2.1159973207530642,0,1.6152986675023162,1,5464.438105828561,0.9445703955985078,0,1.0,0,0.0,0.9847834809715565,0,1.0,0,0.0,sailing,celsio,sailing_to_emitter,6400.0,sailing,brevik,sailing_to_emitter,4273.284571415937,idle,yara_sluiskil,idle,0.0,1
iterative_action_q_g60_p4_model_seed_0,9000056,495.0,0.0,1.0,4950.938605340778,1.3703182828740437,0,1.6152986675023162,1,5504.4446443909455,1.19935936182075,0,1.0,0,0.0,0.6863916960713885,0,1.0,0,0.0,sailing,celsio,sailing_to_emitter,6400.0,sailing,brevik,sailing_to_emitter,4363.359206652079,idle,yara_sluiskil,idle,0.0,1
iterative_action_q_g60_p4_model_seed_0,9000056,496.0,0.0,1.0,5002.6152125303715,2.2516382948824227,0,1.6152986675023162,1,5555.242569863124,0.4415914597425957,0,1.0,0,0.0,1.575733613545101,0,1.0,0,0.0,sailing,celsio,sailing_to_emitter,6400.0,sailing,brevik,sailing_to_emitter,4426.142899800847,idle,yara_sluiskil,idle,0.0,1
iterative_action_q_g60_p4_model_seed_0,9000056,497.0,0.0,1.0,5087.535284732735,2.117258023981347,0,1.6152986675023162,1,5573.945829932817,1.4685652881639135,0,1.0,0,0.0,1.1889278779047108,0,1.0,0,0.0,sailing,celsio,sailing_to_emitter,6400.0,sailing,brevik,sailing_to_emitter,4570.278319809429,idle,yara_sluiskil,idle,0.0,1
iterative_action_q_g60_p4_model_seed_0,9000056,498.0,0.0,1.0,5167.394437863836,1.1326716084376995,0,1.6152986675023162,1,5636.145761357814,1.1045730866793966,0,1.0,0,0.0,0.36752331532602656,0,1.0,0,0.0,sailing,celsio,sailing_to_emitter,6400.0,sailing,brevik,sailing_to_emitter,4679.035141951327,idle,yara_sluiskil,idle,0.0,1
iterative_action_q_g60_p4_model_seed_0,9000056,499.0,0.0,1.0,5210.12062320868,0.5840647352648535,0,1.6152986675023162,1,5682.92908845882,1.0235358370821137,0,1.0,0,0.0,0.9317811261335317,0,1.0,0,0.0,sailing,celsio,sailing_to_emitter,6400.0,sailing,brevik,sailing_to_emitter,4712.655239858038,idle,yara_sluiskil,idle,0.0,1
iterative_action_q_g60_p4_model_seed_0,9000056,500.0,0.0,1.0,5232.1544670987405,1.190595693296016,0,1.6152986675023162,1,5726.280146386337,0.9276117040549592,0,1.0,0,0.0,1.2691701814998166,0,1.0,0,0.0,sailing,celsio,sailing_to_emitter,6400.0,sailing,brevik,sailing_to_emitter,4797.894773882551,idle,yara_sluiskil,idle,0.0,1
iterative_action_q_g60_p4_model_seed_0,9000056,501.0,0.0,1.0,5277.073744797264,1.0308327796580432,0,1.6152986675023162,1,5765.568412864009,1.288833802876412,0,1.0,0,0.0,1.12718528235215,0,1.0,0,0.0,sailing,celsio,sailing_to_emitter,6400.0,sailing,brevik,sailing_to_emitter,4914.002226444913,idle,yara_sluiskil,idle,0.0,1
iterative_action_q_g60_p4_model_seed_0,9000056,502.0,0.0,1.0,5315.968931381093,1.628938003787576,0,1.6152986675023162,1,5820.1559581391375,1.1385924057171037,0,1.0,0,0.0,1.1289529387829411,0,1.0,0,0.0,sailing,celsio,sailing_to_emitter,6400.0,sailing,brevik,sailing_to_emitter,5017.123584701488,idle,yara_sluiskil,idle,0.0,1
iterative_action_q_g60_p4_model_seed_0,9000056,503.0,0.0,1.0,5377.437253917812,1.3739552949796907,0,1.6152986675023162,1,5868.380146826839,1.4226087234944713,0,1.0,0,0.0,1.4976389623131645,0,1.0,0,0.0,sailing,celsio,sailing_to_emitter,6400.0,sailing,brevik,sailing_to_emitter,5120.409769675413,idle,yara_sluiskil,idle,0.0,1
iterative_action_q_g60_p4_model_seed_0,9000056,504.0,0.0,1.0,5429.288425196218,0.6837934988292641,0,1.6152986675023162,1,5928.633623985208,1.1830988582303728,0,1.0,0,0.0,0.9202179082638702,0,1.0,0,0.0,sailing,celsio,sailing_to_emitter,6400.0,sailing,brevik,sailing_to_emitter,5257.4306034286465,idle,yara_sluiskil,idle,0.0,1
iterative_action_q_g60_p4_model_seed_0,9000056,505.0,0.0,1.0,5455.096173104902,1.179015337464377,0,1.6152986675023162,1,5978.74284857605,1.135360408222867,0,1.0,0,0.0,0.7419963173733093,0,1.0,0,0.0,sailing,celsio,sailing_to_emitter,6400.0,sailing,brevik,sailing_to_emitter,5341.6250087645085,idle,yara_sluiskil,idle,0.0,1
iterative_action_q_g60_p4_model_seed_0,9000056,506.0,0.0,1.0,5499.598605740983,0.8891683515061298,0,1.6152986675023162,1,6026.83014854377,1.287843526763037,0,1.0,0,0.0,0.5949442125814708,0,1.0,0,0.0,sailing,celsio,sailing_to_emitter,6400.0,sailing,brevik,sailing_to_emitter,5409.515254380164,idle,yara_sluiskil,idle,0.0,1
iterative_action_q_g60_p4_model_seed_0,9000056,507.0,0.0,1.0,5533.163667126694,2.1521330640408367,0,1.6152986675023162,1,6081.375751450493,0.7107594301565382,0,1.0,0,0.0,0.7980804350296872,0,1.0,0,0.0,loading,celsio,loading,6400.0,sailing,brevik,sailing_to_emitter,5463.95235057443,idle,yara_sluiskil,idle,0.0,1
iterative_action_q_g60_p4_model_seed_0,9000056,508.0,0.0,1.0,5614.411489550968,1.4141356155276879,0,1.6152986675023162,1,5311.47940987938,1.1474292600699627,0,1.0,0,0.0,1.3714424007217638,0,1.0,0,800.0,loading,celsio,loading,6400.0,sailing,brevik,sailing_to_emitter,5536.978507656786,idle,yara_sluiskil,idle,0.0,1
iterative_action_q_g60_p4_model_seed_0,9000056,509.0,0.0,1.0,5667.803074863061,0.47961196255122973,0,1.6152986675023162,1,4560.0778766051035,0.5572843994021804,0,1.0,0,0.0,1.4414752509248463,0,1.0,0,1600.0,loading,celsio,loading,6400.0,sailing,brevik,sailing_to_emitter,5662.472354134928,idle,yara_sluiskil,idle,0.0,1
iterative_action_q_g60_p4_model_seed_0,9000056,510.0,0.0,1.0,5685.912760223064,1.2769917853134165,0,1.6152986675023162,1,3783.6812204308135,0.728170656638006,0,1.0,0,0.0,1.0406944728659737,0,1.0,0,2400.0,loading,celsio,loading,6400.0,sailing,brevik,sailing_to_emitter,5794.378528325448,idle,yara_sluiskil,idle,0.0,1
iterative_action_q_g60_p4_model_seed_0,9000056,511.0,0.0,1.0,5734.135085896454,2.720859337291606,0,1.6152986675023162,1,3014.5223177069215,0.817432492662549,0,1.0,0,0.0,0.8449278726036265,0,1.0,0,3200.0,loading,celsio,loading,6400.0,loading,brevik,loading,5889.61301861715,idle,yara_sluiskil,idle,0.0,1
iterative_action_q_g60_p4_model_seed_0,9000056,512.0,0.0,1.0,5836.890632453693,1.7578501297440838,0,1.6152986675023162,1,3049.1440300665695,1.1858931266069777,0,1.0,0,77.32211507088489,1.292569725035239,0,1.0,0,3200.0,sailing,brevik,sailing_to_emitter,6400.0,sailing,yara_sluiskil,sailing_to_emitter,5889.61301861715,sailing,celsio,sailing_to_emitter,0.0,1
iterative_action_q_g60_p4_model_seed_0,9000056,513.0,0.0,1.0,5903.283306435129,1.4893441873306341,0,1.6152986675023162,1,3099.3716037037966,1.2711950659249998,0,1.0,0,195.6129622191621,0.7668169981826467,0,1.0,0,3200.0,sailing,brevik,sailing_to_emitter,6400.0,sailing,yara_sluiskil,sailing_to_emitter,5889.61301861715,sailing,celsio,sailing_to_emitter,0.0,1
iterative_action_q_g60_p4_model_seed_0,9000056,514.0,0.0,1.0,5959.539783152703,1.9539846204710227,0,1.6152986675023162,1,3153.212074104118,1.364881678793945,0,1.0,0,265.79112067655115,0.8159062545489673,0,1.0,0,3200.0,sailing,brevik,sailing_to_emitter,6400.0,sailing,yara_sluiskil,sailing_to_emitter,5889.61301861715,sailing,celsio,sailing_to_emitter,0.0,1
iterative_action_q_g60_p4_model_seed_0,9000056,515.0,0.0,1.0,6033.353609736801,1.79897779616043,0,1.6152986675023162,1,3211.0205675421994,1.1543100520631344,0,1.0,0,340.4641159566921,0.6745970536604888,0,1.0,0,3200.0,sailing,brevik,sailing_to_emitter,6400.0,sailing,yara_sluiskil,sailing_to_emitter,5889.61301861715,sailing,celsio,sailing_to_emitter,0.0,1
iterative_action_q_g60_p4_model_seed_0,9000056,516.0,0.0,1.0,6101.318012231822,1.647973511487202,0,1.6152986675023162,1,3259.9104648182524,1.0004825203488625,0,1.0,0,402.20613435285145,1.2873269277547932,0,1.0,0,3200.0,sailing,brevik,sailing_to_emitter,6400.0,sailing,yara_sluiskil,sailing_to_emitter,5889.61301861715,sailing,celsio,sailing_to_emitter,0.0,1
iterative_action_q_g60_p4_model_seed_0,9000056,517.0,0.0,1.0,6163.583164700051,1.4546221675506292,0,1.6152986675023162,1,3302.2851175893325,0.4225846812576385,0,1.0,0,520.0313678611569,1.0270293452863735,0,1.0,0,3200.0,sailing,brevik,sailing_to_emitter,6400.0,sailing,yara_sluiskil,sailing_to_emitter,5889.61301861715,sailing,celsio,sailing_to_emitter,0.0,1
iterative_action_q_g60_p4_model_seed_0,9000056,518.0,0.0,1.0,6218.547900488749,1.5846897603108907,0,1.6152986675023162,1,3320.1833604576095,1.289838124481448,0,1.0,0,614.0351615104377,0.7146266052608501,0,1.0,0,3200.0,loading,brevik,loading,6400.0,sailing,yara_sluiskil,sailing_to_emitter,5889.61301861715,sailing,celsio,sailing_to_emitter,0.0,1
iterative_action_q_g60_p4_model_seed_0,9000056,519.0,0.0,1.0,5478.432797244518,2.4807791161713237,0,1.6152986675023162,1,3374.8134429869315,0.8847874654598286,0,1.0,0,679.4467634194461,0.8474234373238579,0,1.0,0,4000.0,loading,brevik,loading,6400.0,sailing,yara_sluiskil,sailing_to_emitter,5889.61301861715,sailing,celsio,sailing_to_emitter,0.0,1
iterative_action_q_g60_p4_model_seed_0,9000056,520.0,0.0,1.0,4772.189056036519,1.932147396401822,0,1.6152986675023162,1,3412.2879224131098,0.6130157477438579,0,1.0,0,757.0159338458448,1.1694027098083783,0,1.0,0,4800.0,loading,brevik,loading,6400.0,sailing,yara_sluiskil,sailing_to_emitter,5889.61301861715,sailing,celsio,sailing_to_emitter,0.0,1
iterative_action_q_g60_p4_model_seed_0,9000056,521.0,0.0,1.0,4045.2174129366413,1.496379713891855,0,1.6152986675023162,1,3438.2517238044547,1.2799401999044044,0,1.0,0,864.060799785071,1.4829691373312408,0,1.0,0,5600.0,loading,brevik,loading,6400.0,sailing,yara_sluiskil,sailing_to_emitter,5889.61301861715,sailing,celsio,sailing_to_emitter,0.0,1
iterative_action_q_g60_p4_model_seed_0,9000056,522.0,0.0,1.0,3301.780382067049,2.519584741038417,0,1.6152986675023162,1,3492.462587498289,1.2425008348685496,0,1.0,0,999.8130165829419,1.1619870477905803,0,1.0,0,6400.0,loading,brevik,loading,6400.0,sailing,yara_sluiskil,sailing_to_emitter,5889.61301861715,sailing,celsio,sailing_to_emitter,0.0,1
iterative_action_q_g60_p4_model_seed_0,9000056,523.0,0.0,1.0,2597.0289495162515,1.460668111294714,0,1.6152986675023162,1,3545.0877362384917,1.5151154649653622,0,1.0,0,1106.1854696893356,1.2320531218497317,0,1.0,0,7200.0,loading,brevik,loading,6400.0,sailing,yara_sluiskil,sailing_to_emitter,5889.61301861715,sailing,celsio,sailing_to_emitter,0.0,1
iterative_action_q_g60_p4_model_seed_0,9000056,524.0,0.0,1.0,2352.2519657681796,2.030922751274776,0,1.6152986675023162,1,3609.259263906575,0.5843395773492539,0,1.0,0,1218.9754162879337,0.8443867682209025,0,1.0,0,7500.0,idle,brevik,idle,6400.0,sailing,yara_sluiskil,sailing_to_emitter,5889.61301861715,sailing,celsio,sailing_to_emitter,0.0,1
iterative_action_q_g60_p4_model_seed_0,9000056,525.0,0.0,1.0,2429.041331684158,1.2639653482721322,0,1.6152986675023162,1,3634.008508582974,1.2203186009352454,0,1.0,0,1296.2782556822115,0.8047725766860271,0,1.0,0,7500.0,sailing,oygarden_terminal,sailing_to_terminal,6400.0,sailing,yara_sluiskil,sailing_to_emitter,5889.61301861715,sailing,celsio,sailing_to_emitter,0.0,1
iterative_action_q_g60_p4_model_seed_0,9000056,526.0,0.0,1.0,2476.836272741393,2.185139975821495,0,1.6152986675023162,1,3685.6941461958036,0.9205031227148818,0,1.0,0,1369.9566690784486,0.9974989638207848,0,1.0,0,7500.0,sailing,oygarden_terminal,sailing_to_terminal,6400.0,sailing,yara_sluiskil,sailing_to_emitter,5889.61301861715,sailing,celsio,sailing_to_emitter,0.0,1
iterative_action_q_g60_p4_model_seed_0,9000056,527.0,0.0,1.0,2559.471477397057,2.621926126800281,0,1.6152986675023162,1,3724.681334283944,1.224037107144301,0,1.0,0,1461.2822867139762,0.5403464998422053,0,1.0,0,7500.0,sailing,oygarden_terminal,sailing_to_terminal,6400.0,sailing,yara_sluiskil,sailing_to_emitter,5889.61301861715,sailing,celsio,sailing_to_emitter,0.0,1
iterative_action_q_g60_p4_model_seed_0,9000056,528.0,0.0,1.0,2658.633502224703,1.5010647098662615,0,1.6152986675023162,1,3776.524466311949,1.5683392336286361,0,1.0,0,1510.7549830230364,1.2631739281021277,0,1.0,0,7500.0,sailing,oygarden_terminal,sailing_to_terminal,6400.0,sailing,yara_sluiskil,sailing_to_emitter,5889.61301861715,sailing,celsio,sailing_to_emitter,0.0,1
iterative_action_q_g60_p4_model_seed_0,9000056,529.0,0.0,1.0,2715.4093234912716,2.1327294319245143,0,1.6152986675023162,1,3842.9502449743304,0.914267664329616,0,1.0,0,1626.4113268291992,0.80027903830346,0,1.0,0,7500.0,sailing,oygarden_terminal,sailing_to_terminal,6400.0,sailing,yara_sluiskil,sailing_to_emitter,5889.61301861715,sailing,celsio,sailing_to_emitter,0.0,1
iterative_action_q_g60_p4_model_seed_0,9000056,530.0,0.0,1.0,2796.084299383812,1.716536466138116,0,1.6152986675023162,1,3881.6733351111625,1.5559893616119123,0,1.0,0,1699.6871683757088,0.8204066790038295,0,1.0,0,7500.0,sailing,oygarden_terminal,sailing_to_terminal,6400.0,sailing,yara_sluiskil,sailing_to_emitter,5889.61301861715,sailing,celsio,sailing_to_emitter,0.0,1
iterative_action_q_g60_p4_model_seed_0,9000056,531.0,0.0,1.0,2861.021744181805,2.5284182326244253,0,1.6152986675023162,1,3947.5760446265754,0.9519899241359048,0,1.0,0,1774.8082145908354,1.0693196122542976,0,1.0,0,7500.0,sailing,oygarden_terminal,sailing_to_terminal,6400.0,sailing,yara_sluiskil,sailing_to_emitter,5889.61301861715,sailing,celsio,sailing_to_emitter,0.0,1
iterative_action_q_g60_p4_model_seed_0,9000056,532.0,0.0,1.0,2956.6816920372767,2.2582197698866895,0,1.6152986675023162,1,3987.896831503251,1.0481807373442211,0,1.0,0,1872.7240738405915,0.0,1,1.0,0,7500.0,sailing,oygarden_terminal,sailing_to_terminal,6400.0,sailing,yara_sluiskil,sailing_to_emitter,5889.61301861715,sailing,celsio,sailing_to_emitter,0.0,1
iterative_action_q_g60_p4_model_seed_0,9000056,533.0,0.0,1.0,3042.1266602932674,2.4836314107422424,0,1.6152986675023162,1,4032.2917048597674,0.8221454636596284,0,1.0,0,1872.7240738405915,0.0,1,1.0,0,7500.0,sailing,oygarden_terminal,sailing_to_terminal,6400.0,sailing,yara_sluiskil,sailing_to_emitter,5889.61301861715,sailing,celsio,sailing_to_emitter,0.0,1
iterative_action_q_g60_p4_model_seed_0,9000056,534.0,0.0,1.0,3136.1090536394754,1.7138936258497697,0,1.6152986675023162,1,4067.1130314110274,1.2523848416876318,0,1.0,0,1872.7240738405915,0.0,1,1.0,0,7500.0,sailing,oygarden_terminal,sailing_to_terminal,6400.0,sailing,yara_sluiskil,sailing_to_emitter,5889.61301861715,sailing,celsio,sailing_to_emitter,0.0,0
iterative_action_q_g60_p4_model_seed_0,9000056,535.0,0.0,1.0,3200.9698496833694,1.730525889677604,0,1.6152986675023162,1,4120.1568095109915,0.7032967208243903,0,1.0,0,1872.7240738405915,0.0,1,1.0,0,7500.0,sailing,oygarden_terminal,sailing_to_terminal,6400.0,sailing,yara_sluiskil,sailing_to_emitter,5889.61301861715,sailing,celsio,sailing_to_emitter,0.0,0
iterative_action_q_g60_p4_model_seed_0,9000056,536.0,0.0,1.0,3266.465968095038,1.9403627361021394,0,1.6152986675023162,1,4149.9443907368795,1.1816797900588092,0,1.0,0,1872.7240738405915,0.0,1,1.0,0,7500.0,sailing,oygarden_terminal,sailing_to_terminal,6400.0,sailing,yara_sluiskil,sailing_to_emitter,5889.61301861715,sailing,celsio,sailing_to_emitter,0.0,0
iterative_action_q_g60_p4_model_seed_0,9000056,537.0,0.0,1.0,3339.9104963727605,1.7657102280356702,0,1.6152986675023162,1,4199.993511807865,1.1997210412300279,0,1.0,0,1872.7240738405915,0.0,1,1.0,0,7500.0,sailing,oygarden_terminal,sailing_to_terminal,6400.0,sailing,yara_sluiskil,sailing_to_emitter,5889.61301861715,sailing,celsio,sailing_to_emitter,0.0,0
iterative_action_q_g60_p4_model_seed_0,9000056,538.0,0.0,1.0,3406.750274029198,2.2172300196706707,0,1.6152986675023162,1,4250.806755927866,0.9253988249943353,0,1.0,0,1872.7240738405915,0.0,1,1.0,0,7500.0,sailing,oygarden_terminal,sailing_to_terminal,6400.0,sailing,yara_sluiskil,sailing_to_emitter,5889.61301861715,sailing,celsio,sailing_to_emitter,0.0,0
iterative_action_q_g60_p4_model_seed_0,9000056,539.0,0.0,1.0,3490.689576113475,0.7070400245720071,0,1.6152986675023162,1,4290.001297647822,1.2622187923989,0,1.0,0,1872.7240738405915,0.8308088571685674,0,1.0,0,7500.0,sailing,oygarden_terminal,sailing_to_terminal,6400.0,sailing,yara_sluiskil,sailing_to_emitter,5889.61301861715,sailing,celsio,sailing_to_emitter,0.0,0
iterative_action_q_g60_p4_model_seed_0,9000056,540.0,0.0,1.0,3517.4589153482793,1.841043862338885,0,1.6152986675023162,1,4343.4615850203445,0.9859641595903135,0,1.0,0,1948.8182026851453,0.847409388474682,0,1.0,0,7500.0,sailing,oygarden_terminal,sailing_to_terminal,6400.0,sailing,yara_sluiskil,sailing_to_emitter,5889.61301861715,sailing,celsio,sailing_to_emitter,0.0,0
iterative_action_q_g60_p4_model_seed_0,9000056,541.0,0.0,1.0,3587.1691943155647,0.976778059113638,0,1.6152986675023162,1,4385.221324003891,0.7234818538316052,0,1.0,0,2026.4351157107121,1.041982545979487,0,1.0,0,7500.0,sailing,oygarden_terminal,sailing_to_terminal,6400.0,sailing,yara_sluiskil,sailing_to_emitter,5889.61301861715,sailing,celsio,sailing_to_emitter,0.0,0
iterative_action_q_g60_p4_model_seed_0,9000056,542.0,0.0,1.0,3624.1577701817305,1.0943064032697936,0,1.6152986675023162,1,4415.863830713155,0.3914306746507532,0,1.0,0,2121.876471885541,1.3243035620175017,0,1.0,0,7500.0,sailing,oygarden_terminal,sailing_to_terminal,6400.0,sailing,yara_sluiskil,sailing_to_emitter,5889.61301861715,sailing,celsio,sailing_to_emitter,0.0,0
iterative_action_q_g60_p4_model_seed_0,9000056,543.0,0.0,1.0,3665.600627704283,0.9771988226091718,0,1.0,0,4432.442570056339,0.523777194232608,0,1.0,0,2243.180931409946,1.297364998325849,0,1.0,0,7500.0,sailing,oygarden_terminal,sailing_to_terminal,6400.0,sailing,yara_sluiskil,sailing_to_emitter,5889.61301861715,sailing,celsio,sailing_to_emitter,0.0,0
iterative_action_q_g60_p4_model_seed_0,9000056,544.0,0.0,1.0,3702.6117888108997,0.6120076367340752,0,1.0,0,4454.62674247674,1.407326143808945,0,1.0,0,2362.021429570096,1.2076207518195161,0,1.0,0,7500.0,sailing,oygarden_terminal,sailing_to_terminal,6400.0,sailing,yara_sluiskil,sailing_to_emitter,5889.61301861715,sailing,celsio,sailing_to_emitter,0.0,0
iterative_action_q_g60_p4_model_seed_0,9000056,545.0,0.0,1.0,3725.7935077122816,1.0404190916132223,0,1.0,0,4514.2329379540715,0.5531404541268958,0,1.0,0,2472.6445527829555,1.3082617424751195,0,1.0,0,7500.0,sailing,oygarden_terminal,sailing_to_terminal,6400.0,sailing,yara_sluiskil,sailing_to_emitter,5889.61301861715,sailing,celsio,sailing_to_emitter,0.0,0
iterative_action_q_g60_p4_model_seed_0,9000056,546.0,0.0,1.0,3765.206202835116,1.339986607349402,0,1.0,0,4537.6607682265,0.7642103472553305,0,1.0,0,2592.4904168880016,1.1071605916663505,0,1.0,0,7500.0,sailing,oygarden_terminal,sailing_to_terminal,6400.0,sailing,yara_sluiskil,sailing_to_emitter,5889.61301861715,sailing,celsio,sailing_to_emitter,0.0,0
iterative_action_q_g60_p4_model_seed_0,9000056,547.0,0.0,1.0,3815.971541855084,0.9036149822530432,0,1.0,0,4570.028298343587,0.6999635807994947,0,1.0,0,2693.9170687567,0.7181327303636666,0,1.0,0,7500.0,sailing,oygarden_terminal,sailing_to_terminal,6400.0,sailing,yara_sluiskil,sailing_to_emitter,5889.61301861715,sailing,celsio,sailing_to_emitter,0.0,0
iterative_action_q_g60_p4_model_seed_0,9000056,548.0,0.0,1.0,3850.208034314926,1.5871492843663628,0,1.0,0,4599.674707036903,1.2996141649753554,0,1.0,0,2759.706972637434,0.5285684324239739,0,1.0,0,7500.0,sailing,oygarden_terminal,sailing_to_terminal,6400.0,sailing,yara_sluiskil,sailing_to_emitter,5889.61301861715,sailing,celsio,sailing_to_emitter,0.0,0
iterative_action_q_g60_p4_model_seed_0,9000056,549.0,0.0,1.0,3910.3479251923527,0.5446403203276924,0,1.0,0,4654.718846096929,0.7569368849874777,0,1.0,0,2808.131881630464,0.9910523515296257,0,1.0,0,7500.0,sailing,oygarden_terminal,sailing_to_terminal,6400.0,sailing,yara_sluiskil,sailing_to_emitter,5889.61301861715,sailing,celsio,sailing_to_emitter,0.0,0
iterative_action_q_g60_p4_model_seed_0,9000056,550.0,0.0,1.0,3930.987162720025,1.1176531107923322,0,1.0,0,4686.778314422056,0.65562405280159,0,1.0,0,2898.9300832681774,0.8604812466935249,0,1.0,0,7500.0,sailing,oygarden_terminal,sailing_to_terminal,6400.0,loading,yara_sluiskil,loading,5889.61301861715,sailing,celsio,sailing_to_emitter,0.0,0
iterative_action_q_g60_p4_model_seed_0,9000056,551.0,0.0,1.0,3973.3446207280654,1.29193686556995,0,1.4659253844879863,1,4714.54675716921,1.3552068030213926,0,1.0,0,2977.7679963576984,0.6921141896726115,0,1.0,0,7500.0,sailing,oygarden_terminal,sailing_to_terminal,6400.0,sailing,brevik,sailing_to_emitter,5889.61301861715,sailing,celsio,sailing_to_emitter,0.0,0
iterative_action_q_g60_p4_model_seed_0,9000056,552.0,0.0,1.0,4022.31158209235,1.472994273190269,0,1.4659253844879863,1,4771.945478829048,1.3086888146619418,0,1.0,0,3041.181905588655,0.7369625704678773,0,1.0,0,7500.0,unloading,oygarden_terminal,unloading,6400.0,sailing,brevik,sailing_to_emitter,5889.61301861715,sailing,celsio,sailing_to_emitter,0.0,1
iterative_action_q_g60_p4_model_seed_0,9000056,553.0,0.0,1.0,4078.145989755451,1.3939667374618623,0,1.4659253844879863,1,4827.373967562024,0.9880929038057072,0,1.0,0,3108.7070097826236,1.2283098826922203,0,1.0,0,6700.0,unloading,oygarden_terminal,unloading,6400.0,sailing,brevik,sailing_to_emitter,5889.61301861715,sailing,celsio,sailing_to_emitter,514.6118721461187,1
iterative_action_q_g60_p4_model_seed_0,9000056,554.0,0.0,1.0,4130.98957231511,2.247500288877657,0,1.4659253844879863,1,4869.223867837878,1.1880658931186403,0,1.0,0,3221.2558012841105,1.365228789561205,0,1.0,0,5900.0,unloading,oygarden_terminal,unloading,6400.0,sailing,brevik,sailing_to_emitter,5889.61301861715,sailing,celsio,sailing_to_emitter,1029.2237442922374,1
iterative_action_q_g60_p4_model_seed_0,9000056,555.0,0.0,1.0,4216.197223549594,1.9950447586527276,0,1.4659253844879863,1,4919.543467297258,1.070773742537742,0,1.0,0,3346.354094865384,1.0381741000711568,0,1.0,0,5100.0,unloading,oygarden_terminal,unloading,6400.0,sailing,brevik,sailing_to_emitter,5889.61301861715,loading,celsio,loading,1548.7263862937552,1
iterative_action_q_g60_p4_model_seed_0,9000056,556.0,0.0,1.0,4291.84052265032,0.7789157783437486,0,1.4659253844879863,1,4164.89524967583,1.0551720743481972,0,1.0,0,3441.486657362006,0.6344690102479384,0,1.0,0,4300.0,unloading,oygarden_terminal,unloading,6400.0,sailing,brevik,sailing_to_emitter,6689.61301861715,loading,celsio,loading,2073.850970224314,1
iterative_action_q_g60_p4_model_seed_0,9000056,557.0,0.0,1.0,4321.3762245969265,1.4703957241917216,0,1.4659253844879863,1,3409.586235629942,1.1213490719255008,0,1.0,0,3499.627654574756,1.2230648392642154,0,1.0,0,3500.0,unloading,oygarden_terminal,unloading,6400.0,sailing,brevik,sailing_to_emitter,7489.61301861715,loading,celsio,loading,2603.054123273316,1
iterative_action_q_g60_p4_model_seed_0,9000056,558.0,0.0,1.0,4377.137154996827,1.0523237130753367,0,1.4659253844879863,1,3446.693115050825,0.8684093220253488,0,1.0,0,3611.7093262294475,0.8601237087717412,0,1.0,0,2700.0,unloading,oygarden_terminal,unloading,6400.0,sailing,brevik,sailing_to_emitter,7500.0,idle,celsio,idle,3135.430474877526,1
iterative_action_q_g60_p4_model_seed_0,9000056,559.0,0.0,1.0,4417.04737367418,1.7753570330876314,0,1.4659253844879863,1,3483.4739110523,1.0348908644196377,0,1.0,0,3690.533439423097,0.6391632702438097,0,1.0,0,1900.0,unloading,oygarden_terminal,unloading,6400.0,sailing,brevik,sailing_to_emitter,7500.0,sailing,oygarden_terminal,sailing_to_terminal,3670.3849861558974,1
iterative_action_q_g60_p4_model_seed_0,9000056,560.0,0.0,1.0,4484.385250979638,0.7335599275722542,0,1.0,0,3527.305902260356,2.0704657276357485,0,1.0,0,3749.1098884111652,1.8103231702587212,0,1.0,0,1100.0,unloading,oygarden_terminal,unloading,6400.0,sailing,brevik,sailing_to_emitter,7500.0,sailing,oygarden_terminal,sailing_to_terminal,4207.498029825442,1
iterative_action_q_g60_p4_model_seed_0,9000056,561.0,0.0,1.0,4512.211091423184,1.271732984890706,0,1.0,0,3614.9988549092377,0.7814724670842825,0,1.0,0,3915.022882347585,0.6941911071908442,0,1.0,0,300.0,unloading,oygarden_terminal,unloading,6400.0,sailing,brevik,sailing_to_emitter,7500.0,sailing,oygarden_terminal,sailing_to_terminal,4746.458730755617,1
iterative_action_q_g60_p4_model_seed_0,9000056,562.0,0.0,1.0,4560.455566655328,1.0031403497935207,0,1.0,0,3648.0975085781783,0.8352081743199956,0,1.0,0,3978.6462116442754,0.7575763428418004,0,1.0,0,0.0,idle,oygarden_terminal,idle,6400.0,sailing,brevik,sailing_to_emitter,7500.0,sailing,oygarden_terminal,sailing_to_terminal,4787.028173865677,1
iterative_action_q_g60_p4_model_seed_0,9000056,563.0,0.0,1.0,4598.514122683108,1.1134655178055792,0,1.0,0,3683.4720959982933,0.8983856776740795,0,1.0,0,4048.0809501346075,0.8568741739471537,0,1.0,0,0.0,sailing,brevik,sailing_to_emitter,6400.0,sailing,brevik,sailing_to_emitter,7500.0,sailing,oygarden_terminal,sailing_to_terminal,4529.017445263004,1
iterative_action_q_g60_p4_model_seed_0,9000056,564.0,0.0,1.0,4640.762141061015,1.2320230395845044,0,1.0,0,3721.5225170418075,0.6679448837816776,0,1.0,0,4126.619071277088,1.235185626195058,0,1.0,0,0.0,sailing,brevik,sailing_to_emitter,6400.0,sailing,brevik,sailing_to_emitter,7500.0,sailing,oygarden_terminal,sailing_to_terminal,4272.27372898791,1
iterative_action_q_g60_p4_model_seed_0,9000056,565.0,0.0,1.0,4687.512758366158,0.5270667737857389,0,1.0,0,3749.812798925592,1.4519418040872625,0,1.0,0,4239.835313733074,1.0326359738846835,0,1.0,0,0.0,sailing,brevik,sailing_to_emitter,6400.0,sailing,brevik,sailing_to_emitter,7500.0,sailing,oygarden_terminal,sailing_to_terminal,4016.6710852342094,1
iterative_action_q_g60_p4_model_seed_0,9000056,566.0,0.0,1.0,4707.514743727153,0.8080887953994391,0,1.0,0,3811.3086557153333,1.3299122827824326,0,1.0,0,4334.488842970455,1.2881956357156874,0,1.0,0,0.0,sailing,brevik,sailing_to_emitter,6400.0,sailing,brevik,sailing_to_emitter,7500.0,sailing,oygarden_terminal,sailing_to_terminal,3762.1040988784207,1
iterative_action_q_g60_p4_model_seed_0,9000056,567.0,0.0,1.0,4738.184159597345,0.5996368218085166,0,1.0,0,3867.6360478013535,1.0674268937818898,0,1.0,0,4452.571043431989,0.38593770212147094,0,1.0,0,0.0,sailing,brevik,sailing_to_emitter,6400.0,sailing,brevik,sailing_to_emitter,7500.0,sailing,oygarden_terminal,sailing_to_terminal,3508.4833662709925,1
iterative_action_q_g60_p4_model_seed_0,9000056,568.0,0.0,1.0,4760.944232649742,0.9710806092419942,0,1.0,0,3912.8460770248007,0.0,1,1.0,0,4487.949010511534,0.9783536049731741,0,1.0,0,0.0,sailing,brevik,sailing_to_emitter,6400.0,sailing,brevik,sailing_to_emitter,7500.0,sailing,oygarden_terminal,sailing_to_terminal,3255.732202799868,1
iterative_action_q_g60_p4_model_seed_0,9000056,569.0,0.0,1.0,4797.806290406106,1.2067083598771644,0,1.0,0,3912.8460770248007,0.0,1,1.0,0,4577.63499366081,1.1353978193105436,0,1.0,0,0.0,sailing,brevik,sailing_to_emitter,6400.0,sailing,brevik,sailing_to_emitter,7500.0,sailing,oygarden_terminal,sailing_to_terminal,3003.7841864167553,1
iterative_action_q_g60_p4_model_seed_0,9000056,570.0,0.0,1.0,4843.616845862004,1.4330155929678752,0,1.0,0,3912.8460770248007,0.0,1,1.0,0,4681.720397428313,1.3087099941940257,0,1.0,0,0.0,sailing,brevik,sailing_to_emitter,6400.0,sailing,brevik,sailing_to_emitter,7500.0,sailing,oygarden_terminal,sailing_to_terminal,2752.5812888843275,1
iterative_action_q_g60_p4_model_seed_0,9000056,571.0,0.0,1.0,4898.023632994602,0.9971463881040954,0,1.0,0,3912.8460770248007,0.0,1,1.0,0,4801.697465831796,1.074556130924684,0,1.0,0,0.0,sailing,brevik,sailing_to_emitter,6400.0,sailing,brevik,sailing_to_emitter,7500.0,sailing,oygarden_terminal,sailing_to_terminal,2502.0724297675283,1
iterative_action_q_g60_p4_model_seed_0,9000056,572.0,0.0,1.0,4935.885325225356,1.112481584808389,0,1.0,0,3912.8460770248007,0.0,1,1.0,0,4900.211246045265,1.3115856284491436,0,1.0,0,0.0,sailing,brevik,sailing_to_emitter,6400.0,sailing,brevik,sailing_to_emitter,7500.0,sailing,oygarden_terminal,sailing_to_terminal,2252.21234065271,1
iterative_action_q_g60_p4_model_seed_0,9000056,573.0,0.0,1.0,4978.130085724553,1.5007369294694,0,1.0,0,3912.8460770248007,0.0,1,1.0,0,5020.4591674282965,1.105751573270761,0,1.0,0,0.0,sailing,brevik,sailing_to_emitter,6400.0,sailing,brevik,sailing_to_emitter,7500.0,sailing,oygarden_terminal,sailing_to_terminal,2002.9606610910655,1
iterative_action_q_g60_p4_model_seed_0,9000056,574.0,0.0,1.0,5035.123346984473,1.3171278354856488,0,1.0,0,3912.8460770248007,0.0,1,1.0,0,5121.838994189695,1.0654783033213093,0,1.0,0,0.0,sailing,brevik,sailing_to_emitter,6400.0,sailing,brevik,sailing_to_emitter,7500.0,sailing,oygarden_terminal,sailing_to_terminal,1754.281210378342,1
iterative_action_q_g60_p4_model_seed_0,9000056,575.0,0.0,1.0,5085.148196726688,0.7354555771750219,0,1.0,0,3912.8460770248007,0.0,1,1.0,0,5219.529338237178,0.23189094716776593,0,1.0,0,0.0,sailing,brevik,sailing_to_emitter,6400.0,sailing,brevik,sailing_to_emitter,7500.0,sailing,oygarden_terminal,sailing_to_terminal,1506.1413946607274,1
iterative_action_q_g60_p4_model_seed_0,9000056,576.0,0.0,1.0,5113.083489108842,0.9528374894139913,0,1.0,0,3912.8460770248007,0.0,1,1.0,0,5240.791326426612,0.6333726993361832,0,1.0,0,0.0,sailing,brevik,sailing_to_emitter,6400.0,sailing,brevik,sailing_to_emitter,7500.0,sailing,oygarden_terminal,sailing_to_terminal,1258.5117195250118,1
iterative_action_q_g60_p4_model_seed_0,9000056,577.0,0.0,1.0,5149.27898398946,0.9953112410765729,0,1.0,0,3912.8460770248007,0.0,1,1.0,0,5298.866761454826,1.1678775598785787,0,1.0,0,0.0,sailing,brevik,sailing_to_emitter,6400.0,sailing,brevik,sailing_to_emitter,7500.0,sailing,oygarden_terminal,sailing_to_terminal,1011.365385766512,1
iterative_action_q_g60_p4_model_seed_0,9000056,578.0,0.0,1.0,5187.091319862375,1.169798418562643,0,1.0,0,3912.8460770248007,0.0,1,1.0,0,5405.955423942301,0.6068569169085294,0,1.0,0,0.0,sailing,brevik,sailing_to_emitter,6400.0,sailing,brevik,sailing_to_emitter,7500.0,sailing,oygarden_terminal,sailing_to_terminal,764.6779514384671,1
iterative_action_q_g60_p4_model_seed_0,9000056,579.0,0.0,1.0,5231.536485394055,0.7282690169985728,0,1.0,0,3912.8460770248007,0.0,1,1.0,0,5461.602908190152,0.6641741300267587,0,1.0,0,0.0,sailing,brevik,sailing_to_emitter,6400.0,sailing,brevik,sailing_to_emitter,7500.0,sailing,oygarden_terminal,sailing_to_terminal,518.4270472289126,1
iterative_action_q_g60_p4_model_seed_0,9000056,580.0,0.0,1.0,5259.208719865584,0.99872863257766,0,1.0,0,3912.8460770248007,0.0,1,1.0,0,5522.508088365741,1.1873179884106562,0,1.0,0,0.0,sailing,brevik,sailing_to_emitter,6400.0,sailing,brevik,sailing_to_emitter,7500.0,sailing,oygarden_terminal,sailing_to_terminal,272.5921351229857,1
iterative_action_q_g60_p4_model_seed_0,9000056,581.0,0.0,1.0,5297.161081046633,0.7566848128774959,0,1.0,0,3912.8460770248007,0.0,1,1.0,0,5631.389156288527,1.107464683393851,0,1.0,0,0.0,sailing,brevik,sailing_to_emitter,6400.0,sailing,brevik,sailing_to_emitter,7500.0,sailing,oygarden_terminal,sailing_to_terminal,27.154302486317363,1
iterative_action_q_g60_p4_model_seed_0,9000056,582.0,0.0,1.0,5325.91818893996,1.0343112878613256,0,1.0,0,3912.8460770248007,0.0,1,1.0,0,5732.950457621718,0.6235987574476263,0,1.0,0,0.0,sailing,brevik,sailing_to_emitter,6400.0,sailing,brevik,sailing_to_emitter,7500.0,sailing,oygarden_terminal,sailing_to_terminal,0.0,1
iterative_action_q_g60_p4_model_seed_0,9000056,583.0,0.0,1.0,5365.229754527123,1.3369409699868482,0,1.0,0,3912.8460770248007,0.0,1,1.0,0,5790.140004978224,0.7546980852949804,0,1.0,0,0.0,sailing,brevik,sailing_to_emitter,6400.0,sailing,brevik,sailing_to_emitter,7500.0,sailing,oygarden_terminal,sailing_to_terminal,0.0,1
iterative_action_q_g60_p4_model_seed_0,9000056,584.0,0.0,1.0,5416.04806265214,1.3288694932950427,0,1.0,0,3912.8460770248007,0.0,1,1.0,0,5859.354604840185,1.0890547731827398,0,1.0,0,0.0,sailing,brevik,sailing_to_emitter,6400.0,sailing,brevik,sailing_to_emitter,7500.0,sailing,oygarden_terminal,sailing_to_terminal,0.0,1
iterative_action_q_g60_p4_model_seed_0,9000056,585.0,0.0,1.0,5466.564088955803,0.668797562644424,0,1.0,0,3912.8460770248007,0.8936544837158784,0,1.0,0,5959.2366055735565,1.2599945008998659,0,1.0,0,0.0,sailing,brevik,sailing_to_emitter,6400.0,sailing,brevik,sailing_to_emitter,7500.0,sailing,oygarden_terminal,sailing_to_terminal,0.0,1
iterative_action_q_g60_p4_model_seed_0,9000056,586.0,0.0,1.0,5491.990227365174,0.7991785551818033,0,1.0,0,3950.6961120574715,0.8941851850898896,0,1.0,0,6074.799712731754,0.66000900703191,0,1.0,0,0.0,sailing,brevik,sailing_to_emitter,6400.0,sailing,brevik,sailing_to_emitter,7500.0,sailing,oygarden_terminal,sailing_to_terminal,0.0,1
iterative_action_q_g60_p4_model_seed_0,9000056,587.0,0.0,1.0,5522.375870334526,1.2188762887028115,0,1.0,0,3988.568624530769,1.579096871231886,0,1.0,0,6135.335677475883,0.5658438900881784,0,1.0,0,0.0,sailing,brevik,sailing_to_emitter,6400.0,sailing,brevik,sailing_to_emitter,7500.0,sailing,oygarden_terminal,sailing_to_terminal,0.0,1
iterative_action_q_g60_p4_model_seed_0,9000056,588.0,0.0,1.0,5568.723028117677,1.1405650218571504,0,1.0,0,4055.4500344998482,0.6696738045597717,0,1.0,0,6187.236385351206,0.673829872029005,0,1.0,0,0.0,sailing,brevik,sailing_to_emitter,6400.0,sailing,brevik,sailing_to_emitter,7500.0,sailing,oygarden_terminal,sailing_to_terminal,0.0,1
iterative_action_q_g60_p4_model_seed_0,9000056,589.0,0.0,1.0,5612.096320712359,1.2097140231341263,0,1.0,0,4083.8135434677147,1.3594207268295957,0,1.0,0,6249.043711350123,1.0583370477685174,0,1.0,0,0.0,sailing,brevik,sailing_to_emitter,6400.0,loading,brevik,loading,7500.0,sailing,oygarden_terminal,sailing_to_terminal,0.0,1
iterative_action_q_g60_p4_model_seed_0,9000056,590.0,0.0,1.0,5658.103322479235,1.2516142800165373,0,1.0,0,4141.390742566732,0.8005800819674362,0,1.0,0,6346.123034101805,1.2216107160350815,0,1.0,0,0.0,loading,brevik,loading,6400.0,sailing,celsio,sailing_to_emitter,7500.0,sailing,oygarden_terminal,sailing_to_terminal,0.0,1
iterative_action_q_g60_p4_model_seed_0,9000056,591.0,0.0,0.7588500450326741,4905.70810489668,0.7985841120820947,0,1.0,0,4175.298684283679,1.3539585763596191,0,1.0,0,6458.182517516837,0.3575561713904186,0,1.0,0,800.0,loading,brevik,loading,6400.0,sailing,celsio,sailing_to_emitter,7500.0,unloading,oygarden_terminal,unloading,0.0,1
iterative_action_q_g60_p4_model_seed_0,9000056,592.0,0.0,0.7588500450326741,4136.084735196311,1.0460671463352784,0,1.0,0,4232.6445382818665,0.8157602904747536,0,1.0,0,6490.982461640303,0.9301550999130447,0,1.0,0,1600.0,loading,brevik,loading,6400.0,sailing,celsio,sailing_to_emitter,6700.0,unloading,oygarden_terminal,unloading,515.077733635875,1
iterative_action_q_g60_p4_model_seed_0,9000056,593.0,0.0,0.7588500450326741,3375.8787131885647,1.2729029891425696,0,1.0,0,4267.195425828857,0.8183598423192122,0,1.0,0,6576.311576363704,0.8446213547359237,0,1.0,0,2400.0,loading,brevik,loading,6400.0,sailing,celsio,sailing_to_emitter,5900.0,unloading,oygarden_terminal,unloading,1043.4747841570893,1
iterative_action_q_g60_p4_model_seed_0,9000056,594.0,0.0,0.7588500450326741,2624.3062017595457,1.0499304251326487,0,1.0,0,4301.856415356171,0.9574876093260895,0,1.0,0,6653.796457837745,0.9503053133847704,0,1.0,0,3200.0,loading,brevik,loading,6400.0,sailing,celsio,sailing_to_emitter,5100.0,unloading,oygarden_terminal,unloading,1578.5652434591,1
iterative_action_q_g60_p4_model_seed_0,9000056,595.0,0.0,0.7588500450326741,1864.254290552729,0.8735419980572312,0,1.0,0,4342.410052378892,1.0652364211406682,0,1.0,0,6740.979318482415,1.4104484721406465,0,1.0,0,4000.0,loading,brevik,loading,6400.0,sailing,celsio,sailing_to_emitter,4300.0,unloading,oygarden_terminal,unloading,2117.9089984144553,1
iterative_action_q_g60_p4_model_seed_0,9000056,596.0,0.0,0.7588500450326741,1097.4940695652112,1.1545681987160248,0,1.0,0,4387.527305850951,1.086530355004779,0,1.0,0,6870.380494655762,1.0044190968819104,0,1.0,0,4800.0,loading,brevik,loading,6400.0,sailing,celsio,sailing_to_emitter,3500.0,unloading,oygarden_terminal,unloading,2660.2735061156445,1
iterative_action_q_g60_p4_model_seed_0,9000056,597.0,0.0,0.7588500450326741,341.43130899751077,1.0334037537388474,0,1.0,0,4433.54644719738,0.8425125087284979,0,1.0,0,6962.5333935613335,1.6064214012614277,0,1.0,0,5600.0,loading,brevik,loading,6400.0,sailing,celsio,sailing_to_emitter,2700.0,unloading,oygarden_terminal,unloading,3204.9312670197546,1
iterative_action_q_g60_p4_model_seed_0,9000056,598.0,0.0,0.7588500450326741,0.0,0.6602884380117872,0,1.0,0,4469.230403974769,1.4367180557462438,0,1.0,0,7109.922899294828,1.1863030165136128,0,1.0,0,5980.7611367612935,idle,brevik,idle,6400.0,loading,celsio,loading,1900.0,unloading,oygarden_terminal,unloading,3751.4100804258064,1
iterative_action_q_g60_p4_model_seed_0,9000056,599.0,0.0,0.7588500450326741,0.0,1.3465340109985087,0,1.0,0,3730.0814708389453,0.7289585256458802,0,1.0,0,7218.769722007305,1.1155722515611743,0,1.0,0,6005.892991709861,idle,brevik,idle,7200.0,loading,celsio,loading,1100.0,unloading,oygarden_terminal,unloading,4299.382961117255,1
iterative_action_q_g60_p4_model_seed_0,9000056,600.0,0.0,0.7588500450326741,0.0,0.8583988821427857,0,1.0,0,3460.9559376891925,1.2575787137667584,0,1.0,0,7321.129860508038,1.2198856912204474,0,1.0,0,6057.149262620481,idle,brevik,idle,7500.0,idle,celsio,idle,300.0,unloading,oygarden_terminal,unloading,4848.6125235271,1
iterative_action_q_g60_p4_model_seed_0,9000056,601.0,0.0,0.7588500450326741,0.0,1.1829178908400864,0,1.0,0,3514.219698169072,1.252773555835415,0,1.0,0,7433.064714868405,0.3190483802913072,0,1.0,0,6089.827426481065,idle,brevik,idle,7500.0,sailing,oygarden_terminal,sailing_to_terminal,0.0,idle,oygarden_terminal,idle,4898.920073956831,1
iterative_action_q_g60_p4_model_seed_0,9000056,602.0,0.0,0.7588500450326741,0.0,1.1283795791882894,0,1.0,0,3567.2799399520136,1.1829760388457855,0,1.0,0,7462.340987949637,0.6453080477578437,0,1.0,0,6134.863646761305,idle,brevik,idle,7500.0,sailing,oygarden_terminal,sailing_to_terminal,0.0,sailing,yara_sluiskil,sailing_to_emitter,4650.1671750134055,1
iterative_action_q_g60_p4_model_seed_0,9000056,603.0,0.0,1.0,0.0,1.224093351858192,0,1.0,0,3617.3839626241124,1.389541302462209,0,1.0,0,7521.557028545699,1.1036090152671636,0,1.0,0,6177.827316462529,idle,brevik,idle,7500.0,sailing,oygarden_terminal,sailing_to_terminal,0.0,sailing,yara_sluiskil,sailing_to_emitter,4402.244030374971,1
iterative_action_q_g60_p4_model_seed_0,9000056,604.0,0.0,1.0,0.0,1.1724330418300257,0,1.0,0,3676.236895089518,1.234168164135435,0,1.0,0,7622.831634525813,0.9688058192297155,0,1.0,0,6224.439506003269,idle,brevik,idle,7500.0,sailing,oygarden_terminal,sailing_to_terminal,0.0,sailing,yara_sluiskil,sailing_to_emitter,4155.06183933827,1
iterative_action_q_g60_p4_model_seed_0,9000056,605.0,0.0,1.0,0.0,1.2584979011177273,0,1.0,0,3728.5091200936336,1.5058286933265672,0,1.0,0,7711.738459184809,0.7954247270582465,0,1.0,0,6269.088516143537,idle,brevik,idle,7500.0,sailing,oygarden_terminal,sailing_to_terminal,0.0,sailing,yara_sluiskil,sailing_to_emitter,3908.5475807687994,1
iterative_action_q_g60_p4_model_seed_0,9000056,606.0,0.0,1.0,0.0,0.9581287326316046,0,1.0,0,3792.2873138297846,0.8147076399330194,0,1.0,0,7784.736379274279,1.4054219501359422,0,1.0,0,6317.019361390517,idle,brevik,idle,7500.0,sailing,oygarden_terminal,sailing_to_terminal,0.0,sailing,yara_sluiskil,sailing_to_emitter,3662.640346353548,1
iterative_action_q_g60_p4_model_seed_0,9000056,607.0,0.0,1.0,0.0,1.0825446059731794,0,1.0,0,3826.793617188358,1.0391490707996849,0,1.0,0,7913.718991396802,1.2207792596966567,0,1.0,0,6353.513679988319,idle,brevik,idle,7500.0,sailing,oygarden_terminal,sailing_to_terminal,0.0,sailing,yara_sluiskil,sailing_to_emitter,3417.2886966174237,1
iterative_action_q_g60_p4_model_seed_0,9000056,608.0,0.0,1.0,0.0,1.0277718196760817,0,1.0,0,3870.805961389207,1.294753009034298,0,1.0,0,8025.759382189337,0.6062505880458242,0,1.0,0,6394.750579674207,idle,brevik,idle,7500.0,sailing,oygarden_terminal,sailing_to_terminal,0.0,sailing,yara_sluiskil,sailing_to_emitter,3172.4487122549285,1
iterative_action_q_g60_p4_model_seed_0,9000056,609.0,0.0,1.0,0.0,0.746012101437909,0,1.0,0,3925.6442100004956,0.790899780987245,0,1.0,0,8081.401375804238,0.9894394894806741,0,1.0,0,6433.904541000117,idle,brevik,idle,7500.0,sailing,oygarden_terminal,sailing_to_terminal,0.0,sailing,yara_sluiskil,sailing_to_emitter,2928.082530299143,1
iterative_action_q_g60_p4_model_seed_0,9000056,610.0,0.0,1.0,0.0,1.4571225452686982,0,1.0,0,3959.142150158782,1.0591270053437858,0,1.0,0,8172.215371573663,1.17819073095517,0,1.0,0,6462.327132077277,idle,brevik,idle,7500.0,sailing,oygarden_terminal,sailing_to_terminal,0.0,sailing,yara_sluiskil,sailing_to_emitter,2684.157225917337,1
iterative_action_q_g60_p4_model_seed_0,9000056,611.0,0.0,1.0,0.0,0.9826476262929699,0,1.0,0,4004.000644114546,0.7885567688680826,0,1.0,0,8280.356821350837,0.4970123002866148,0,1.0,0,6517.847543109955,idle,brevik,idle,7500.0,sailing,oygarden_terminal,sailing_to_terminal,0.0,sailing,yara_sluiskil,sailing_to_emitter,2440.643945433303,1
iterative_action_q_g60_p4_model_seed_0,9000056,612.0,0.0,1.0,0.0,0.7516806549272017,0,1.0,0,4037.399347831447,0.9510568577667001,0,1.0,0,8325.9769765242,0.7304976023734836,0,1.0,0,6555.292487486105,idle,brevik,idle,7500.0,sailing,oygarden_terminal,sailing_to_terminal,0.0,sailing,yara_sluiskil,sailing_to_emitter,2197.5172251398867,1
iterative_action_q_g60_p4_model_seed_0,9000056,613.0,0.0,1.0,0.0,1.0255833325705248,0,1.0,0,4077.680615413579,0.86510452298815,0,1.0,0,8393.03047641237,1.2276080298409155,0,1.0,0,6583.938721539505,idle,brevik,idle,7500.0,sailing,oygarden_terminal,sailing_to_terminal,0.0,sailing,yara_sluiskil,sailing_to_emitter,1954.754449647071,1
iterative_action_q_g60_p4_model_seed_0,9000056,614.0,0.0,1.0,0.0,1.1581736102340114,0,1.0,0,4114.321439242796,0.7083708983780166,0,1.0,0,8505.717890047956,0.9136759749257966,0,1.0,0,6623.0267626844325,idle,brevik,idle,7500.0,sailing,oygarden_terminal,sailing_to_terminal,0.0,sailing,yara_sluiskil,sailing_to_emitter,1712.3354164930504,1
iterative_action_q_g60_p4_model_seed_0,9000056,615.0,0.0,1.0,0.0,0.7171257082931779,0,1.0,0,4144.3239332808125,1.0577601146218456,0,1.0,0,8589.590649202019,1.1527887693124392,0,1.0,0,6667.1721562253,idle,brevik,idle,7500.0,sailing,oygarden_terminal,sailing_to_terminal,0.0,sailing,yara_sluiskil,sailing_to_emitter,1470.2419827042181,1
iterative_action_q_g60_p4_model_seed_0,9000056,616.0,0.0,1.0,0.0,1.0557348216704183,0,1.0,0,4189.124533651691,1.2712648596125238,0,1.0,0,8695.41643343109,0.938304684532235,0,1.0,0,6694.508837629037,idle,brevik,idle,7500.0,sailing,oygarden_terminal,sailing_to_terminal,0.0,sailing,yara_sluiskil,sailing_to_emitter,1228.457775281082,1
iterative_action_q_g60_p4_model_seed_0,9000056,617.0,0.0,1.0,0.0,1.0165330681390667,0,1.0,0,4242.96796010893,0.7570592964756608,0,1.0,0,8781.555205531142,1.9581219267909948,0,1.0,0,6734.756821048134,idle,brevik,idle,7500.0,sailing,oygarden_terminal,sailing_to_terminal,0.0,sailing,yara_sluiskil,sailing_to_emitter,986.9679520757909,1
iterative_action_q_g60_p4_model_seed_0,9000056,618.0,0.0,1.0,0.0,0.955966681440034,0,1.0,0,4275.032613076668,1.136736249118917,0,1.0,0,8961.321205828595,1.0133218871474536,0,1.0,0,6773.513767674246,idle,brevik,idle,7500.0,sailing,oygarden_terminal,sailing_to_terminal,0.0,sailing,yara_sluiskil,sailing_to_emitter,745.7590027762192,1
iterative_action_q_g60_p4_model_seed_0,9000056,619.0,0.0,1.0,0.0,0.7540578038911483,0,1.0,0,4323.17818570688,0.6815916249565882,0,1.0,0,9054.352333589683,1.0128268146951773,0,1.0,0,6809.964777237555,idle,brevik,idle,7500.0,sailing,oygarden_terminal,sailing_to_terminal,0.0,sailing,yara_sluiskil,sailing_to_emitter,504.81858209499654,1
iterative_action_q_g60_p4_model_seed_0,9000056,620.0,0.0,1.0,0.0,1.0347707739867753,0,1.0,0,4352.046464614083,1.1632486834292348,0,1.0,0,9147.340800041795,1.1032568425806697,0,1.0,0,6838.719568112689,idle,brevik,idle,7500.0,sailing,oygarden_terminal,sailing_to_terminal,0.0,sailing,yara_sluiskil,sailing_to_emitter,264.13536903160036,1
iterative_action_q_g60_p4_model_seed_0,9000056,621.0,0.0,1.0,0.0,0.9697288498334572,0,1.0,0,4401.31495061376,0.8535314476323714,0,1.0,0,9248.63476152188,0.9689001098360717,0,1.0,0,6878.182421409463,idle,brevik,idle,7500.0,sailing,oygarden_terminal,sailing_to_terminal,0.0,sailing,yara_sluiskil,sailing_to_emitter,23.69894740449209,1
iterative_action_q_g60_p4_model_seed_0,9000056,622.0,0.0,1.0,0.0,1.0704488794908633,0,1.0,0,4437.465605909574,0.9899615726495843,0,1.0,0,9337.595619557025,0.8820744613021408,0,1.0,0,6915.168084354898,idle,brevik,idle,7500.0,sailing,oygarden_terminal,sailing_to_terminal,0.0,sailing,yara_sluiskil,sailing_to_emitter,0.0,1
iterative_action_q_g60_p4_model_seed_0,9000056,623.0,0.0,1.0,0.0,1.3014180801471977,0,1.0,0,4479.394652189274,0.8916406482821022,0,1.0,0,9418.586894788103,0.8254683207655404,0,1.0,0,6955.99887322093,idle,brevik,idle,7500.0,sailing,oygarden_terminal,sailing_to_terminal,0.0,sailing,yara_sluiskil,sailing_to_emitter,0.0,1
iterative_action_q_g60_p4_model_seed_0,9000056,624.0,0.0,1.0,0.0,1.177810769797991,0,1.0,0,4517.159392800994,1.1444756743541833,0,1.0,0,9494.382919815314,0.9560107027971518,0,1.0,0,7005.644090848413,idle,brevik,idle,7500.0,sailing,oygarden_terminal,sailing_to_terminal,0.0,sailing,yara_sluiskil,sailing_to_emitter,0.0,1
iterative_action_q_g60_p4_model_seed_0,9000056,625.0,0.0,0.5754305485792864,0.0,0.971566822806626,0,1.0,0,4565.632762719337,1.041340984841719,0,1.0,0,9582.168221151393,0.667322689961385,0,1.0,0,7050.57806757454,idle,brevik,idle,7500.0,sailing,oygarden_terminal,sailing_to_terminal,0.0,sailing,yara_sluiskil,sailing_to_emitter,0.0,1
iterative_action_q_g60_p4_model_seed_0,9000056,626.0,0.0,0.5754305485792864,0.0,0.6850492385752487,0,1.0,0,4609.737943720976,0.9273444894175564,0,1.0,0,9643.446699369355,1.1363570758443189,0,1.0,0,7087.647057136143,idle,brevik,idle,7500.0,sailing,oygarden_terminal,sailing_to_terminal,0.0,sailing,yara_sluiskil,sailing_to_emitter,0.0,1
iterative_action_q_g60_p4_model_seed_0,9000056,627.0,0.0,0.5754305485792864,0.0,1.565999425757965,0,1.0,0,4649.014892532176,1.0142748829791997,0,1.0,0,9747.798496916132,1.1992328019778475,0,1.0,0,7113.786636438636,idle,brevik,idle,7500.0,sailing,oygarden_terminal,sailing_to_terminal,0.0,sailing,yara_sluiskil,sailing_to_emitter,0.0,1
iterative_action_q_g60_p4_model_seed_0,9000056,628.0,0.0,0.5754305485792864,0.0,0.8694241772190646,0,1.0,0,4691.9737100092525,1.4051400750563674,0,1.0,0,9857.9274833222,0.9438335271193525,0,1.0,0,7173.546162671198,idle,brevik,idle,7500.0,sailing,oygarden_terminal,sailing_to_terminal,0.0,sailing,yara_sluiskil,sailing_to_emitter,0.0,1
iterative_action_q_g60_p4_model_seed_0,9000056,629.0,0.0,0.5754305485792864,0.0,1.326453534346317,0,1.0,0,4751.487316258446,0.9070857413471431,0,1.0,0,9944.60502234966,0.9863367157545505,0,1.0,0,7206.726896531008,idle,brevik,idle,7500.0,sailing,oygarden_terminal,sailing_to_terminal,0.0,sailing,yara_sluiskil,sailing_to_emitter,0.0,1
iterative_action_q_g60_p4_model_seed_0,9000056,630.0,0.0,0.5754305485792864,0.0,1.1677174967407964,0,1.0,0,4789.906221677983,1.137473787206668,0,1.0,0,10035.18858550007,1.182472439520925,0,1.0,0,7257.354228236598,idle,brevik,idle,7500.0,sailing,oygarden_terminal,sailing_to_terminal,0.0,sailing,yara_sluiskil,sailing_to_emitter,0.0,1
iterative_action_q_g60_p4_model_seed_0,9000056,631.0,0.0,0.5754305485792864,0.0,1.0553953707794124,0,1.0,0,4838.083032155672,0.9779098654904785,0,1.0,0,10143.788192904472,0.47277107464712864,0,1.0,0,7301.926987137609,idle,brevik,idle,7500.0,sailing,oygarden_terminal,sailing_to_terminal,0.0,sailing,yara_sluiskil,sailing_to_emitter,0.0,1
iterative_action_q_g60_p4_model_seed_0,9000056,632.0,0.0,0.5754305485792864,0.0,1.029426545878669,0,1.0,0,4879.501637827187,0.951337223307427,0,1.0,0,10187.209326061233,1.179453826082166,0,1.0,0,7342.215907538213,idle,brevik,idle,7500.0,sailing,oygarden_terminal,sailing_to_terminal,0.0,sailing,yara_sluiskil,sailing_to_emitter,0.0,1
iterative_action_q_g60_p4_model_seed_0,9000056,633.0,0.0,0.5754305485792864,0.0,0.8563656343927935,0,1.0,0,4919.794780071989,1.1588565822791401,0,1.0,0,10295.538199380931,1.2812314236598914,0,1.0,0,7381.516990819198,idle,brevik,idle,7500.0,sailing,oygarden_terminal,sailing_to_terminal,0.0,sailing,yara_sluiskil,sailing_to_emitter,0.0,1
iterative_action_q_g60_p4_model_seed_0,9000056,634.0,0.0,0.5754305485792864,0.0,1.2464153963686397,0,1.0,0,4968.877242070862,1.0144220508449522,0,1.0,0,10413.218533061545,0.47508314450208045,0,1.0,0,7414.213930780597,idle,brevik,idle,7500.0,sailing,oygarden_terminal,sailing_to_terminal,0.0,sailing,yara_sluiskil,sailing_to_emitter,0.0,1
iterative_action_q_g60_p4_model_seed_0,9000056,635.0,0.0,0.5754305485792864,0.0,0.9390524256722758,0,1.0,0,5011.842292727512,1.1115381160737035,0,1.0,0,10456.855942262988,1.0979634653268415,0,1.0,0,7461.807622148128,idle,brevik,idle,7500.0,sailing,oygarden_terminal,sailing_to_terminal,0.0,sailing,yara_sluiskil,sailing_to_emitter,0.0,1
iterative_action_q_g60_p4_model_seed_0,9000056,636.0,0.0,0.5754305485792864,0.0,1.226646964431329,0,1.0,0,5058.920618187931,0.9100997342208588,0,1.0,0,10557.709275357945,0.6423936399168455,0,1.0,0,7497.668021895204,idle,brevik,idle,7500.0,sailing,oygarden_terminal,sailing_to_terminal,0.0,sailing,yara_sluiskil,sailing_to_emitter,0.0,1
iterative_action_q_g60_p4_model_seed_0,9000056,637.0,0.0,0.5754305485792864,44.51521626865882,1.3626893332617478,0,1.0,0,5097.467178912663,0.517059135307288,0,1.0,0,10616.718053846771,1.460959372872109,0,1.0,0,7500.0,idle,brevik,idle,7500.0,sailing,oygarden_terminal,sailing_to_terminal,0.0,sailing,yara_sluiskil,sailing_to_emitter,0.0,1
iterative_action_q_g60_p4_model_seed_0,9000056,638.0,0.0,0.5754305485792864,96.56267748897531,1.2658730006286392,0,1.0,0,5119.366813214241,0.7837236224046248,0,1.0,0,10750.92239251982,0.7558624954852572,0,1.0,0,7500.0,sailing,oygarden_terminal,sailing_to_terminal,7500.0,sailing,oygarden_terminal,sailing_to_terminal,0.0,sailing,yara_sluiskil,sailing_to_emitter,0.0,1
iterative_action_q_g60_p4_model_seed_0,9000056,639.0,0.0,0.5754305485792864,144.91657918047912,1.0417756047392646,0,1.0,0,5152.560812801869,1.2759720143644346,0,1.0,0,10820.358319706795,1.0873448167177697,0,1.0,0,7500.0,sailing,oygarden_terminal,sailing_to_terminal,7500.0,sailing,oygarden_terminal,sailing_to_terminal,0.0,sailing,yara_sluiskil,sailing_to_emitter,0.0,1
iterative_action_q_g60_p4_model_seed_0,9000056,640.0,0.0,0.5754305485792864,184.7139397334336,0.8544332274263606,0,1.0,0,5206.603607108215,1.4326727706872058,0,1.0,0,10920.248260350563,1.5095876375278843,0,1.0,0,7500.0,sailing,oygarden_terminal,sailing_to_terminal,7500.0,unloading,oygarden_terminal,unloading,0.0,sailing,yara_sluiskil,sailing_to_emitter,0.0,1
iterative_action_q_g60_p4_model_seed_0,9000056,641.0,0.0,0.5754305485792864,217.35745352867104,1.0201169323602035,0,1.0,0,5267.28333909522,0.862955284070291,0,1.0,0,11058.93208848333,1.0435670534308654,0,1.0,0,7500.0,sailing,oygarden_terminal,sailing_to_terminal,6700.0,unloading,oygarden_terminal,unloading,0.0,sailing,yara_sluiskil,sailing_to_emitter,514.6118721461187,1
iterative_action_q_g60_p4_model_seed_0,9000056,642.0,0.0,0.5754305485792864,256.33436385268,1.2305198276013256,0,1.0,0,5303.833133595074,0.8783968538781514,0,1.0,0,11154.806094331447,1.1736783022266977,0,1.0,0,7500.0,sailing,oygarden_terminal,sailing_to_terminal,5900.0,unloading,oygarden_terminal,unloading,0.0,sailing,yara_sluiskil,sailing_to_emitter,1039.0460425178294,1
iterative_action_q_g60_p4_model_seed_0,9000056,643.0,0.0,0.5754305485792864,303.35459496915684,0.8423001223069513,0,1.0,0,5341.03694367795,1.0162185547562794,0,1.0,0,11262.636841190135,0.8891970118322684,0,1.0,0,7500.0,sailing,oygarden_terminal,sailing_to_terminal,5100.0,unloading,oygarden_terminal,unloading,0.0,sailing,yara_sluiskil,sailing_to_emitter,1570.872252668064,1
iterative_action_q_g60_p4_model_seed_0,9000056,644.0,0.0,0.5754305485792864,335.54316489632726,1.3508857182847591,0,1.0,0,5384.078083849306,0.8867093421411932,0,1.0,0,11344.333549697201,1.1196242120472273,0,1.0,0,7500.0,sailing,oygarden_terminal,sailing_to_terminal,4300.0,unloading,oygarden_terminal,unloading,0.0,sailing,yara_sluiskil,sailing_to_emitter,2107.4677729940327,1
iterative_action_q_g60_p4_model_seed_0,9000056,645.0,0.0,0.5754305485792864,387.171973159079,1.1781355364574693,0,1.0,0,5421.633962855572,0.7828245975184664,0,1.0,0,11447.204290891334,0.9443003860253825,0,1.0,0,7500.0,sailing,oygarden_terminal,sailing_to_terminal,3500.0,unloading,oygarden_terminal,unloading,0.0,sailing,yara_sluiskil,sailing_to_emitter,2647.499430493653,1
iterative_action_q_g60_p4_model_seed_0,9000056,646.0,0.0,0.5754305485792864,432.20254121678295,0.9753279507352672,0,1.0,0,5454.789884948982,1.4186740259532487,0,1.0,0,11533.968932393995,0.8474858804844648,0,1.0,0,7500.0,sailing,oygarden_terminal,sailing_to_terminal,2700.0,unloading,oygarden_terminal,unloading,0.0,sailing,yara_sluiskil,sailing_to_emitter,3190.170405516114,1
iterative_action_q_g60_p4_model_seed_0,9000056,647.0,0.0,0.5754305485792864,469.48473888005606,1.2316948300647492,0,1.0,0,5514.876711077795,1.213300919292649,0,1.0,0,11611.840353884289,0.7985197360192947,0,1.0,0,7500.0,sailing,oygarden_terminal,sailing_to_terminal,1900.0,unloading,oygarden_terminal,unloading,0.0,sailing,yara_sluiskil,sailing_to_emitter,3734.956333791335,1
iterative_action_q_g60_p4_model_seed_0,9000056,648.0,0.0,0.5754305485792864,516.5708273350679,1.3367235506175466,0,1.0,0,5566.2651202865145,1.4698434519248875,0,1.0,0,11685.214710633518,0.7893439246328834,0,1.0,0,7500.0,sailing,oygarden_terminal,sailing_to_terminal,1100.0,unloading,oygarden_terminal,unloading,0.0,sailing,yara_sluiskil,sailing_to_emitter,4281.489132926523,1
iterative_action_q_g60_p4_model_seed_0,9000056,649.0,0.0,0.5754305485792864,567.6765771313566,1.348523907653473,0,1.0,0,5628.519187335527,0.8125532198020147,0,1.0,0,11757.748095353036,1.1084559943835561,0,1.0,0,7500.0,sailing,oygarden_terminal,sailing_to_terminal,300.0,unloading,oygarden_terminal,unloading,0.0,sailing,yara_sluiskil,sailing_to_emitter,4829.498116196481,1
iterative_action_q_g60_p4_model_seed_0,9000056,650.0,0.0,0.5754305485792864,619.2380683965366,1.1079989528898277,0,1.0,0,5662.934241918517,1.1670726665891324,0,1.0,0,11859.607972995345,1.1715558045263172,0,1.0,0,7500.0,sailing,oygarden_terminal,sailing_to_terminal,0.0,idle,oygarden_terminal,idle,0.0,sailing,yara_sluiskil,sailing_to_emitter,4878.777082375445,1
iterative_action_q_g60_p4_model_seed_0,9000056,651.0,0.0,0.5754305485792864,661.6067373121881,1.1866765009550349,0,1.0,0,5712.364689726929,1.291267799702418,0,1.0,0,11967.269539352154,0.9145420501490047,0,1.0,0,7500.0,sailing,oygarden_terminal,sailing_to_terminal,0.0,sailing,celsio,sailing_to_emitter,0.0,sailing,yara_sluiskil,sailing_to_emitter,4629.164547191243,1
iterative_action_q_g60_p4_model_seed_0,9000056,652.0,0.0,0.5754305485792864,706.9879891181023,1.1888278498380433,0,1.0,0,5767.05532502937,0.757296640366102,0,1.0,0,12051.315030073376,1.1435485017810498,0,1.0,0,7500.0,sailing,oygarden_terminal,sailing_to_terminal,0.0,sailing,celsio,sailing_to_emitter,0.0,sailing,yara_sluiskil,sailing_to_emitter,4380.531189226253,1
iterative_action_q_g60_p4_model_seed_0,9000056,653.0,0.0,0.5754305485792864,752.455559058243,1.1032894885098572,0,1.0,0,5799.13003051151,1.2343363169549162,0,1.0,0,12156.40913287919,1.2013840537975709,0,1.0,0,7500.0,sailing,oygarden_terminal,sailing_to_terminal,0.0,sailing,celsio,sailing_to_emitter,0.0,sailing,yara_sluiskil,sailing_to_emitter,4132.771516215464,1
iterative_action_q_g60_p4_model_seed_0,9000056,654.0,0.0,0.5754305485792864,794.6554077891267,1.3232751164791947,0,1.0,0,5851.409377496463,0.8136989349138035,0,1.0,0,12266.821733651428,1.2860441103952178,0,1.0,0,7500.0,sailing,oygarden_terminal,sailing_to_terminal,0.0,sailing,celsio,sailing_to_emitter,0.0,sailing,yara_sluiskil,sailing_to_emitter,3885.798129302285,1
iterative_action_q_g60_p4_model_seed_0,9000056,655.0,0.0,0.5754305485792864,845.2740169710245,0.8799128477462099,0,1.0,0,5885.872957944773,1.1128911179370218,0,1.0,0,12385.01851764677,1.188803835441557,0,1.0,0,7500.0,sailing,oygarden_terminal,sailing_to_terminal,0.0,sailing,celsio,sailing_to_emitter,0.0,sailing,yara_sluiskil,sailing_to_emitter,3639.53765482648,1
iterative_action_q_g60_p4_model_seed_0,9000056,656.0,0.0,0.5754305485792864,878.935896001027,1.0220467790833507,0,1.0,0,5933.008588738358,1.4683896390090803,0,1.0,0,12494.281490050242,1.3918948317686506,0,1.0,0,7500.0,sailing,oygarden_terminal,sailing_to_terminal,0.0,sailing,celsio,sailing_to_emitter,0.0,sailing,yara_sluiskil,sailing_to_emitter,3393.9277845342785,1
iterative_action_q_g60_p4_model_seed_0,9000056,657.0,0.0,0.5754305485792864,918.0387179312737,0.4404233193341528,0,1.0,0,5995.201080681111,1.1149946642937594,0,1.0,0,12622.214392627307,0.8778408887359066,0,1.0,0,7500.0,sailing,oygarden_terminal,sailing_to_terminal,0.0,sailing,celsio,sailing_to_emitter,0.0,sailing,yara_sluiskil,sailing_to_emitter,3148.915074773282,1
iterative_action_q_g60_p4_model_seed_0,9000056,658.0,0.0,0.5754305485792864,934.8905169250835,1.1049657182010506,0,1.0,0,6042.425805531457,1.1627551443926087,0,1.0,0,12702.90159439273,1.086770824158571,0,1.0,0,7500.0,sailing,oygarden_terminal,sailing_to_terminal,0.0,sailing,celsio,sailing_to_emitter,0.0,sailing,yara_sluiskil,sailing_to_emitter,2904.45327884121,1
iterative_action_q_g60_p4_model_seed_0,9000056,659.0,0.0,0.5754305485792864,977.1732831631712,0.9254616194772344,0,1.0,0,6091.673388072172,0.8132675705744968,0,1.0,0,12802.795693869713,1.0031159401847098,0,1.0,0,7500.0,sailing,oygarden_terminal,sailing_to_terminal,0.0,sailing,celsio,sailing_to_emitter,0.0,sailing,yara_sluiskil,sailing_to_emitter,2660.502062261249,1
iterative_action_q_g60_p4_model_seed_0,9000056,660.0,0.0,0.5754305485792864,1012.5902708518352,1.643608981872914,0,1.0,0,6126.118698422079,1.211000013532666,0,1.0,0,12895.003145304026,1.538669401897574,0,1.0,0,7500.0,sailing,oygarden_terminal,sailing_to_terminal,0.0,sailing,celsio,sailing_to_emitter,0.0,sailing,yara_sluiskil,sailing_to_emitter,2417.0259984989075,1
iterative_action_q_g60_p4_model_seed_0,9000056,661.0,0.0,0.5754305485792864,1075.4960204421272,1.3848088013180477,0,1.0,0,6177.409654571245,0.5102826710106294,0,1.0,0,13036.443462128807,1.2601492572138249,0,1.0,0,7500.0,sailing,oygarden_terminal,sailing_to_terminal,0.0,sailing,celsio,sailing_to_emitter,0.0,sailing,yara_sluiskil,sailing_to_emitter,2173.9937736367183,1
iterative_action_q_g60_p4_model_seed_0,9000056,662.0,0.0,0.5754305485792864,1128.5014384956046,1.0544543471497443,0,1.0,0,6199.022277040286,0.8473423090202425,0,1.0,0,13152.284624488193,0.8526590492243128,0,1.0,0,7500.0,sailing,oygarden_terminal,sailing_to_terminal,0.0,sailing,celsio,sailing_to_emitter,0.0,sailing,yara_sluiskil,sailing_to_emitter,1931.3775491559425,1
iterative_action_q_g60_p4_model_seed_0,9000056,663.0,0.0,0.5754305485792864,1168.865684127547,1.1047440615007973,0,1.0,0,6234.910796222468,0.8571104786406317,0,1.0,0,13230.668970611414,1.3427504776377046,0,1.0,0,7500.0,sailing,oygarden_terminal,sailing_to_terminal,0.0,sailing,celsio,sailing_to_emitter,0.0,sailing,yara_sluiskil,sailing_to_emitter,1689.1524460104022,1
iterative_action_q_g60_p4_model_seed_0,9000056,664.0,0.0,0.5754305485792864,1211.1587678503352,1.1573627635354236,0,1.0,0,6271.213038570677,1.0464151756533442,0,1.0,0,13354.110776001879,1.2939072349986425,0,1.0,0,7500.0,sailing,oygarden_terminal,sailing_to_terminal,0.0,sailing,celsio,sailing_to_emitter,0.0,loading,yara_sluiskil,loading,1447.296122914965,1
iterative_action_q_g60_p4_model_seed_0,9000056,665.0,0.0,1.0,1255.4701997940233,0.9143663852804443,0,1.0,0,6315.533132945977,0.37253055721908723,0,1.0,0,12673.065886633474,0.899137527695257,0,1.0,0,7500.0,sailing,oygarden_terminal,sailing_to_terminal,0.0,sailing,celsio,sailing_to_emitter,800.0,loading,yara_sluiskil,loading,1205.7884286467129,1
iterative_action_q_g60_p4_model_seed_0,9000056,666.0,0.0,1.0,1290.481249368657,1.3890218943007104,0,1.0,0,6331.311372633035,1.0108535613916132,0,1.0,0,11955.730397933346,1.209838514681254,0,1.0,0,7500.0,sailing,oygarden_terminal,sailing_to_terminal,0.0,sailing,celsio,sailing_to_emitter,1600.0,loading,yara_sluiskil,loading,964.6111130897971,1
iterative_action_q_g60_p4_model_seed_0,9000056,667.0,0.0,1.0,1343.671566204018,1.4669598702738293,0,1.0,0,6374.1252827165845,0.7915135392624704,0,1.0,0,11266.963333282112,1.0264425203772194,0,1.0,0,7500.0,sailing,oygarden_terminal,sailing_to_terminal,0.0,sailing,celsio,sailing_to_emitter,2400.0,loading,yara_sluiskil,loading,723.7475853460659,1
iterative_action_q_g60_p4_model_seed_0,9000056,668.0,0.0,1.0,1399.8513821533654,0.7672962314040885,0,1.0,0,6407.649218125432,1.0672274942147943,0,1.0,0,10561.337610810573,0.9408346796260934,0,1.0,0,7500.0,sailing,oygarden_terminal,sailing_to_terminal,0.0,sailing,celsio,sailing_to_emitter,3200.0,loading,yara_sluiskil,loading,483.18270988268864,1
iterative_action_q_g60_p4_model_seed_0,9000056,669.0,0.0,1.0,1429.2389559546127,1.197089161543722,0,1.0,0,6452.850801936544,0.975243296824012,0,1.0,0,9847.843433499074,1.1118891240847137,0,1.0,0,7500.0,sailing,oygarden_terminal,sailing_to_terminal,0.0,sailing,celsio,sailing_to_emitter,4000.0,loading,yara_sluiskil,loading,242.90263366627596,1
iterative_action_q_g60_p4_model_seed_0,9000056,670.0,0.0,1.0,1475.0917456471332,1.427593798781835,0,1.0,0,6494.15646718278,0.9844373909726276,0,1.0,0,9150.080061799887,1.5551042046816141,0,1.0,0,7500.0,sailing,oygarden_terminal,sailing_to_terminal,0.0,sailing,celsio,sailing_to_emitter,4800.0,loading,yara_sluiskil,loading,2.8946387268946694,1
iterative_action_q_g60_p4_model_seed_0,9000056,671.0,0.0,1.0,1529.7785441796302,0.8053627096051472,0,1.0,0,6535.851541078511,0.4456748687993859,0,1.0,0,8493.073972594682,1.0832206620243994,0,1.0,0,7500.0,sailing,oygarden_terminal,sailing_to_terminal,0.0,sailing,celsio,sailing_to_emitter,5600.0,loading,yara_sluiskil,loading,0.0,1
iterative_action_q_g60_p4_model_seed_0,9000056,672.0,0.0,1.0,1560.6322940117077,0.7965461441389118,0,1.0,0,6554.727750737412,0.43838719090109957,0,1.0,0,7792.680545006775,0.9744727072039091,0,1.0,0,7500.0,sailing,oygarden_terminal,sailing_to_terminal,0.0,sailing,celsio,sailing_to_emitter,6400.0,loading,yara_sluiskil,loading,0.0,1
iterative_action_q_g60_p4_model_seed_0,9000056,673.0,0.0,1.0,1591.1509885346404,0.8626168254867304,0,1.0,0,6573.2952965124705,0.8419717639606213,0,1.0,0,7082.289982648801,1.0202741828816306,0,1.0,0,7500.0,sailing,oygarden_terminal,sailing_to_terminal,0.0,sailing,celsio,sailing_to_emitter,7200.0,loading,yara_sluiskil,loading,0.0,1
iterative_action_q_g60_p4_model_seed_0,9000056,674.0,0.0,1.0,1624.2040361583113,0.4224164872875018,0,1.0,0,6608.95635046916,0.7911266189737809,0,1.0,0,6876.113990437471,1.1668768910026721,0,1.0,0,7500.0,sailing,oygarden_terminal,sailing_to_terminal,0.0,sailing,celsio,sailing_to_emitter,7500.0,idle,yara_sluiskil,idle,0.0,1
iterative_action_q_g60_p4_model_seed_0,9000056,675.0,0.0,1.0,1640.391284332063,1.3442990369309828,0,1.0,0,6642.463898172525,0.8404513525483042,0,1.0,0,6983.422739662909,1.2277908987089476,0,1.0,0,7500.0,sailing,oygarden_terminal,sailing_to_terminal,0.0,sailing,celsio,sailing_to_emitter,7500.0,sailing,oygarden_terminal,sailing_to_terminal,0.0,1
iterative_action_q_g60_p4_model_seed_0,9000056,676.0,0.0,1.0,1691.9101885247146,0.7675812972743661,0,1.0,0,6678.060556295848,1.2460313627203203,0,1.0,0,7096.336667175258,0.5997281081642638,0,1.0,0,7500.0,sailing,oygarden_terminal,sailing_to_terminal,0.0,sailing,celsio,sailing_to_emitter,7500.0,sailing,oygarden_terminal,sailing_to_terminal,0.0,1
iterative_action_q_g60_p4_model_seed_0,9000056,677.0,0.0,1.0,1721.3295793323803,1.0804332810982453,0,1.0,0,6730.835237775279,1.0012696367285148,0,1.0,0,7151.492382662799,1.1990845797731369,0,1.0,0,7500.0,unloading,oygarden_terminal,unloading,0.0,sailing,celsio,sailing_to_emitter,7500.0,sailing,oygarden_terminal,sailing_to_terminal,0.0,1
iterative_action_q_g60_p4_model_seed_0,9000056,678.0,0.0,1.0,1762.7434491826343,1.0808720520889301,0,1.0,0,6773.24322824352,0.7780125727452594,0,1.0,0,7261.772938494228,0.9321299185912854,0,1.0,0,6700.0,unloading,oygarden_terminal,unloading,0.0,sailing,celsio,sailing_to_emitter,7500.0,sailing,oygarden_terminal,sailing_to_terminal,525.0980190815503,1
iterative_action_q_g60_p4_model_seed_0,9000056,679.0,0.0,1.0,1804.1778156826938,0.6548982447658214,0,1.0,0,6806.195340800288,0.9038644785587981,0,1.0,0,7347.504075841934,0.5576710408094612,0,1.0,0,5900.0,unloading,oygarden_terminal,unloading,0.0,sailing,celsio,sailing_to_emitter,7500.0,sailing,oygarden_terminal,sailing_to_terminal,1062.4269401649062,1
iterative_action_q_g60_p4_model_seed_0,9000056,680.0,0.0,1.0,1829.285045250821,0.978100671029726,0,1.0,0,6844.477812159895,0.709207195612024,0,1.0,0,7398.796501661673,0.5936533423696957,0,1.0,0,5100.0,unloading,oygarden_terminal,unloading,0.0,sailing,celsio,sailing_to_emitter,7500.0,sailing,oygarden_terminal,sailing_to_terminal,1605.7241668728457,1
iterative_action_q_g60_p4_model_seed_0,9000056,681.0,0.0,1.0,1866.786410903577,0.7971642754687378,0,1.0,0,6874.515726911601,1.0066722781550943,0,1.0,0,7453.400075950321,1.2026113689986184,0,1.0,0,4300.0,unloading,oygarden_terminal,unloading,0.0,sailing,celsio,sailing_to_emitter,7500.0,sailing,oygarden_terminal,sailing_to_terminal,2152.722074840906,1
iterative_action_q_g60_p4_model_seed_0,9000056,682.0,0.0,1.0,1897.3532055166675,0.4300344820186689,0,1.0,0,6917.152542021794,1.1333198824518043,0,1.0,0,7564.018245561293,1.2323644523876778,0,1.0,0,3500.0,unloading,oygarden_terminal,unloading,0.0,sailing,celsio,sailing_to_emitter,7500.0,sailing,oygarden_terminal,sailing_to_terminal,2702.2945237936765,1
iterative_action_q_g60_p4_model_seed_0,9000056,683.0,0.0,1.0,1913.8440878467056,1.204142198417509,0,1.0,0,6965.153417120252,1.1503514470011156,0,1.0,0,7677.376547830773,0.9874791121139237,0,1.0,0,2700.0,unloading,oygarden_terminal,unloading,0.0,sailing,celsio,sailing_to_emitter,7500.0,sailing,oygarden_terminal,sailing_to_terminal,3253.7875429902047,1
iterative_action_q_g60_p4_model_seed_0,9000056,684.0,0.0,1.0,1960.0244078012147,0.6278182372784173,0,1.0,0,7013.87565078245,1.2424136898875426,0,1.0,0,7768.211940001101,1.212737779060529,0,1.0,0,1900.0,unloading,oygarden_terminal,unloading,0.0,sailing,celsio,sailing_to_emitter,7500.0,sailing,oygarden_terminal,sailing_to_terminal,3806.7830837553033,1
iterative_action_q_g60_p4_model_seed_0,9000056,685.0,0.0,1.0,1984.1041383489164,1.1616563351468905,0,1.0,0,7066.497108565304,0.6084320919307299,0,1.0,0,7879.77157793774,1.629144803510936,0,1.5517518199035623,1,1100.0,unloading,oygarden_terminal,unloading,0.0,sailing,celsio,sailing_to_emitter,7500.0,sailing,oygarden_terminal,sailing_to_terminal,4360.995729070828,1
iterative_action_q_g60_p4_model_seed_0,9000056,686.0,0.0,1.0,2028.662979932233,0.8606190328148382,0,1.0,0,7092.266772808271,0.614394261411819,0,1.0,0,8029.640948454468,1.1466875093637918,0,1.5517518199035623,1,300.0,unloading,oygarden_terminal,unloading,0.0,sailing,celsio,sailing_to_emitter,7500.0,sailing,oygarden_terminal,sailing_to_terminal,4916.220963068739,1
iterative_action_q_g60_p4_model_seed_0,9000056,687.0,0.0,1.0,2061.677554994989,1.1198037919714212,0,1.0,0,7118.288960065267,1.421838227722803,0,1.0,0,8135.130946340457,1.423973326819201,0,1.5517518199035623,1,0.0,idle,oygarden_terminal,idle,0.0,sailing,celsio,sailing_to_emitter,7500.0,sailing,oygarden_terminal,sailing_to_terminal,4972.306680170587,1
iterative_action_q_g60_p4_model_seed_0,9000056,688.0,0.0,1.0,2104.6386382271317,0.9480426430583817,0,1.0,0,7178.509803479295,1.2634377241126649,0,1.0,0,8266.133892232529,1.8806558588986508,0,1.5517518199035623,1,0.0,sailing,yara_sluiskil,sailing_to_emitter,0.0,sailing,celsio,sailing_to_emitter,7500.0,sailing,oygarden_terminal,sailing_to_terminal,4729.136344351879,1
iterative_action_q_g60_p4_model_seed_0,9000056,689.0,0.0,1.0,2141.013360197974,0.7776652647729467,0,1.0,0,7232.021717748911,1.0895655210420143,0,1.0,0,8439.155978380497,1.5607272670692216,0,1.5517518199035623,1,0.0,sailing,yara_sluiskil,sailing_to_emitter,0.0,sailing,celsio,sailing_to_emitter,7500.0,sailing,oygarden_terminal,sailing_to_terminal,4486.618473294642,1
iterative_action_q_g60_p4_model_seed_0,9000056,690.0,0.0,1.0,2170.853650223016,1.1695082961452903,0,1.0,0,7278.169411173277,0.7970748409368471,0,1.0,0,8582.748636670118,1.827290111699665,0,1.5517518199035623,1,0.0,sailing,yara_sluiskil,sailing_to_emitter,0.0,loading,celsio,loading,7500.0,sailing,oygarden_terminal,sailing_to_terminal,4244.679776866378,1
iterative_action_q_g60_p4_model_seed_0,9000056,691.0,0.0,1.0,2215.7335790374314,0.7350720104189484,0,1.0,0,6511.928891154482,1.347133954473503,0,1.0,0,8750.871092867515,1.0231497067473423,0,1.5517518199035623,1,0.0,sailing,yara_sluiskil,sailing_to_emitter,800.0,loading,celsio,loading,7500.0,sailing,oygarden_terminal,sailing_to_terminal,4003.260515418825,1
iterative_action_q_g60_p4_model_seed_0,9000056,692.0,0.0,1.0,2243.9444990252623,1.1306080797359452,0,1.0,0,5768.985693643187,0.8572875361822246,0,1.5014566740114976,1,8845.010272726675,1.6281749212384928,0,1.5517518199035623,1,0.0,sailing,yara_sluiskil,sailing_to_emitter,1600.0,loading,celsio,loading,7500.0,sailing,oygarden_terminal,sailing_to_terminal,3762.311263340477,1
iterative_action_q_g60_p4_model_seed_0,9000056,693.0,0.0,1.0,2287.3393264892593,0.9286645229695809,0,1.0,0,5005.295435124757,1.2339912634302532,0,1.5014566740114976,1,8994.82182054275,1.2924828038951406,0,1.5517518199035623,1,0.0,sailing,yara_sluiskil,sailing_to_emitter,2400.0,loading,celsio,loading,7500.0,sailing,oygarden_terminal,sailing_to_terminal,3521.790593577764,1
iterative_action_q_g60_p4_model_seed_0,9000056,694.0,0.0,1.0,2322.986347298242,1.1503247311439069,0,1.0,0,4257.560167638195,1.535399210228,0,1.5014566740114976,1,9113.749244460734,1.0788390396958896,0,1.5517518199035623,1,0.0,sailing,yara_sluiskil,sailing_to_emitter,3200.0,loading,celsio,loading,7500.0,sailing,oygarden_terminal,sailing_to_terminal,3281.6633838444054,1
iterative_action_q_g60_p4_model_seed_0,9000056,695.0,0.0,1.0,2367.1457653897683,0.26016316868660205,0,1.0,0,3522.590797434421,1.374009130081286,0,1.5014566740114976,1,9213.021272642389,1.0019379133960293,0,1.5517518199035623,1,0.0,sailing,yara_sluiskil,sailing_to_emitter,4000.0,loading,celsio,loading,7500.0,sailing,oygarden_terminal,sailing_to_terminal,3041.899553349256,1
iterative_action_q_g60_p4_model_seed_0,9000056,696.0,0.0,1.0,2377.133964851448,0.9510960630507393,0,1.0,0,2780.7858769158556,1.4449552696092303,0,1.5014566740114976,1,9305.219814849743,1.6243008719235676,0,1.5517518199035623,1,0.0,sailing,yara_sluiskil,sailing_to_emitter,4800.0,loading,celsio,loading,7500.0,sailing,oygarden_terminal,sailing_to_terminal,2802.4731043837965,1
iterative_action_q_g60_p4_model_seed_0,9000056,697.0,0.0,1.0,2413.6517366475664,0.5461675240825953,0,1.0,0,2041.9858245152232,1.589773383337367,0,1.5014566740114976,1,9454.692805257739,1.779858226678935,0,1.5517518199035623,1,0.0,sailing,yara_sluiskil,sailing_to_emitter,5600.0,loading,celsio,loading,7500.0,sailing,oygarden_terminal,sailing_to_terminal,2563.3613840767825,1
iterative_action_q_g60_p4_model_seed_0,9000056,698.0,0.0,1.0,2434.6239491260308,1.3899210992186546,0,1.0,0,1309.3194297841446,1.125593478602883,0,1.5014566740114976,1,9618.485548965082,1.7434599624950184,0,1.5517518199035623,1,0.0,sailing,yara_sluiskil,sailing_to_emitter,6400.0,loading,celsio,loading,7500.0,sailing,oygarden_terminal,sailing_to_terminal,2324.544507957944,1
iterative_action_q_g60_p4_model_seed_0,9000056,699.0,0.0,1.0,2488.00007167708,1.3165608997945444,0,1.0,0,556.9930591050825,1.6025516676561122,0,1.5014566740114976,1,9778.933519254355,1.3308982230664288,0,1.5517518199035623,1,0.0,sailing,yara_sluiskil,sailing_to_emitter,7200.0,loading,celsio,loading,7500.0,sailing,oygarden_terminal,sailing_to_terminal,2086.0049043191084,1
iterative_action_q_g60_p4_model_seed_0,9000056,700.0,0.0,1.0,2538.5634764460533,0.7387491897681022,0,1.0,0,324.86787858814967,1.409460638639593,0,1.5014566740114976,1,9901.417726382464,1.5183725487847504,0,1.5517518199035623,1,0.0,sailing,yara_sluiskil,sailing_to_emitter,7500.0,idle,celsio,idle,7500.0,sailing,oygarden_terminal,sailing_to_terminal,1847.7269500385055,1
iterative_action_q_g60_p4_model_seed_0,9000056,701.0,0.0,1.0,2566.9381487432966,0.758576105711421,0,1.0,0,384.56447892058895,1.6085893608247706,0,1.5014566740114976,1,10041.159610353594,2.220995000833699,0,1.5517518199035623,1,0.0,sailing,yara_sluiskil,sailing_to_emitter,7500.0,sailing,oygarden_terminal,sailing_to_terminal,7500.0,sailing,oygarden_terminal,sailing_to_terminal,1609.6966765498375,1
iterative_action_q_g60_p4_model_seed_0,9000056,702.0,0.0,1.0,2596.076936715262,1.0858980986799214,0,1.0,0,452.6950201642632,0.7336003626704944,0,1.5014566740114976,1,10245.572763112596,2.3511089158025937,0,1.5517518199035623,1,0.0,sailing,yara_sluiskil,sailing_to_emitter,7500.0,sailing,oygarden_terminal,sailing_to_terminal,7500.0,sailing,oygarden_terminal,sailing_to_terminal,1371.9015302378916,1
iterative_action_q_g60_p4_model_seed_0,9000056,703.0,0.0,1.0,2637.792668852276,1.2770942935556455,0,1.0,0,483.7660883824877,2.1021841958334533,0,1.5014566740114976,1,10461.967654519718,1.969088331867531,0,1.5517518199035623,1,0.0,sailing,yara_sluiskil,sailing_to_emitter,7500.0,sailing,oygarden_terminal,sailing_to_terminal,7500.0,sailing,oygarden_terminal,sailing_to_terminal,1134.3301755180319,1
iterative_action_q_g60_p4_model_seed_0,9000056,704.0,0.0,1.0,2686.85771721117,0.577113103991967,0,1.0,0,572.8024518846041,1.5853325507988478,0,1.5014566740114976,1,10643.206986848083,1.4089706674597784,0,1.5517518199035623,1,0.0,sailing,yara_sluiskil,sailing_to_emitter,7500.0,sailing,oygarden_terminal,sailing_to_terminal,7500.0,sailing,oygarden_terminal,sailing_to_terminal,896.9723317206109,1
iterative_action_q_g60_p4_model_seed_0,9000056,705.0,0.0,1.0,2709.031953946565,1.161245882696584,0,1.0,0,639.9479691729695,1.7606017355109365,0,1.5014566740114976,1,10772.895707433096,1.9062150682694365,0,1.5517518199035623,1,0.0,sailing,yara_sluiskil,sailing_to_emitter,7500.0,sailing,oygarden_terminal,sailing_to_terminal,7500.0,sailing,oygarden_terminal,sailing_to_terminal,659.818636991896,1
iterative_action_q_g60_p4_model_seed_0,9000056,706.0,0.0,1.0,2753.6540939084393,0.4734151866659698,0,1.0,0,714.5168753687745,0.8524828267630421,0,1.5014566740114976,1,10948.358545982835,1.3191213171423695,0,1.5517518199035623,1,0.0,sailing,yara_sluiskil,sailing_to_emitter,7500.0,sailing,oygarden_terminal,sailing_to_terminal,7500.0,sailing,oygarden_terminal,sailing_to_terminal,422.8605339680973,1
iterative_action_q_g60_p4_model_seed_0,9000056,707.0,0.0,1.0,2771.847199983928,0.5466728590196878,0,1.0,0,750.623117149787,1.0400032397743129,0,1.5014566740114976,1,11069.784350487997,2.249889421387844,0,1.5517518199035623,1,0.0,sailing,yara_sluiskil,sailing_to_emitter,7500.0,sailing,oygarden_terminal,sailing_to_terminal,7500.0,sailing,oygarden_terminal,sailing_to_terminal,186.09017313391618,1
iterative_action_q_g60_p4_model_seed_0,9000056,708.0,0.0,1.0,2792.857422214,1.0060211477238694,0,1.0,0,794.6716390078881,1.8191301142950551,0,1.5014566740114976,1,11276.894042364493,1.7343815433182992,0,1.5517518199035623,1,0.0,sailing,yara_sluiskil,sailing_to_emitter,7500.0,sailing,oygarden_terminal,sailing_to_terminal,7500.0,sailing,oygarden_terminal,sailing_to_terminal,0.0,1
iterative_action_q_g60_p4_model_seed_0,9000056,709.0,0.0,1.0,2831.52515386028,1.041504374000094,0,1.0,0,871.7194688008456,2.1440075964609826,0,1.5014566740114976,1,11436.55432348203,1.525837866680026,0,1.5517518199035623,1,0.0,sailing,yara_sluiskil,sailing_to_emitter,7500.0,sailing,oygarden_terminal,sailing_to_terminal,7500.0,sailing,oygarden_terminal,sailing_to_terminal,0.0,1
iterative_action_q_g60_p4_model_seed_0,9000056,710.0,0.0,1.0,2871.560273711549,0.7027491743371943,0,1.0,0,962.5272296469949,2.0988156157340314,0,1.5014566740114976,1,11577.021106647262,1.0957069848117347,0,1.5517518199035623,1,0.0,sailing,yara_sluiskil,sailing_to_emitter,7500.0,sailing,oygarden_terminal,sailing_to_terminal,7500.0,sailing,oygarden_terminal,sailing_to_terminal,0.0,1
iterative_action_q_g60_p4_model_seed_0,9000056,711.0,0.0,1.0,2898.5761361175046,1.4111400485822896,0,1.0,0,1051.4209195799672,1.5741949332200678,0,1.5014566740114976,1,11677.893581249202,1.2925064618182014,0,1.5517518199035623,1,0.0,sailing,yara_sluiskil,sailing_to_emitter,7500.0,sailing,oygarden_terminal,sailing_to_terminal,7500.0,sailing,oygarden_terminal,sailing_to_terminal,0.0,1
iterative_action_q_g60_p4_model_seed_0,9000056,712.0,0.0,1.0,2952.8295475178643,0.7099662181040018,0,1.0,0,1118.0947118076756,0.5427763647121903,0,1.5014566740114976,1,11796.887280024452,1.0925521060018666,0,1.5517518199035623,1,0.0,sailing,yara_sluiskil,sailing_to_emitter,7500.0,sailing,oygarden_terminal,sailing_to_terminal,7500.0,sailing,oygarden_terminal,sailing_to_terminal,0.0,1
iterative_action_q_g60_p4_model_seed_0,9000056,713.0,0.0,1.0,2980.1276875468684,1.1205131265735926,0,1.0,0,1141.0835791983905,1.999151028138794,0,1.5014566740114976,1,11897.475331580436,1.2102378432185945,0,1.5517518199035623,1,0.0,sailing,yara_sluiskil,sailing_to_emitter,7500.0,sailing,oygarden_terminal,sailing_to_terminal,7500.0,sailing,oygarden_terminal,sailing_to_terminal,0.0,1
iterative_action_q_g60_p4_model_seed_0,9000056,714.0,0.0,1.0,3023.215135126177,1.5520695471590593,0,1.0,0,1225.756053660803,1.6857330230459695,0,1.5014566740114976,1,12008.901696229668,1.2024196991673488,0,1.5517518199035623,1,0.0,sailing,yara_sluiskil,sailing_to_emitter,7500.0,sailing,oygarden_terminal,sailing_to_terminal,7500.0,sailing,oygarden_terminal,sailing_to_terminal,0.0,1
iterative_action_q_g60_p4_model_seed_0,9000056,715.0,0.0,1.0,3082.902640673869,1.079975274108678,0,1.0,0,1297.153954237225,1.637792120761346,0,1.5014566740114976,1,12119.611558531275,1.6464212364769544,0,1.5517518199035623,1,0.0,sailing,yara_sluiskil,sailing_to_emitter,7500.0,sailing,oygarden_terminal,sailing_to_terminal,7500.0,sailing,oygarden_terminal,sailing_to_terminal,0.0,1
iterative_action_q_g60_p4_model_seed_0,9000056,716.0,0.0,1.0,3124.438623633023,1.0112250498927646,0,1.0,0,1366.521355483049,1.5947217781121386,0,1.5014566740114976,1,12271.206315795422,0.5621309210049805,0,1.0,0,0.0,sailing,yara_sluiskil,sailing_to_emitter,7500.0,sailing,oygarden_terminal,sailing_to_terminal,7500.0,sailing,oygarden_terminal,sailing_to_terminal,0.0,1
iterative_action_q_g60_p4_model_seed_0,9000056,717.0,0.0,1.0,3163.3339066538747,0.7427397481709783,0,1.0,0,1434.0645461331146,1.3869173611734014,0,1.5014566740114976,1,12322.966247213144,1.3252879362977668,0,1.0,0,0.0,sailing,yara_sluiskil,sailing_to_emitter,7500.0,sailing,oygarden_terminal,sailing_to_terminal,7500.0,sailing,oygarden_terminal,sailing_to_terminal,0.0,1
iterative_action_q_g60_p4_model_seed_0,9000056,718.0,0.0,1.0,3191.904825297725,1.0227118174744754,0,1.0,0,1492.806343622403,1.4828841672426862,0,1.5014566740114976,1,12444.999856400565,1.405321330041021,0,1.0,0,0.0,sailing,yara_sluiskil,sailing_to_emitter,7500.0,sailing,oygarden_terminal,sailing_to_terminal,7500.0,sailing,oygarden_terminal,sailing_to_terminal,0.0,1
iterative_action_q_g60_p4_model_seed_0,9000056,719.0,0.0,1.0,3231.248890501715,1.3766169261825727,0,1.0,0,1555.6127399447798,1.5796238841853452,0,1.5014566740114976,1,12574.406879737067,0.4114945020635763,0,1.0,0,0.0,sailing,yara_sluiskil,sailing_to_emitter,7500.0,sailing,oygarden_terminal,sailing_to_terminal,7500.0,sailing,oygarden_terminal,sailing_to_terminal,0.0,1
iterative_action_q_g60_p4_model_seed_0,9000056,720.0,0.0,1.0,3284.2124894460285,1.3766169261825727,0,1.0,0,1622.516471134325,1.5796238841853452,0,1.5014566740114976,1,12612.299901539236,0.4114945020635763,0,1.0,0,0.0,sailing,yara_sluiskil,sailing_to_emitter,7500.0,sailing,oygarden_terminal,sailing_to_terminal,7500.0,unloading,oygarden_terminal,unloading,0.0,1
