controller,model_seed,test_seed,horizon_hours,scenario_hours,event_count,override_events,episode_wall_time_s,episode_total_cost_eur,terminal_cleanup_operating_cost_eur,total_cost_eur,normalized_cost_eur_per_720h,captured_t,stored_t,vented_t,normalized_vented_t_per_720h,storage_rate,unit_cost_eur_per_captured_t
fixed_assignment,,9000031,2160,8928,,,11.9369523874484,8529034.41837187,271588.7275857953,8800623.145957664,2933541.0486525544,372430.0660718813,298321.3284833624,56240.81940209965,18746.93980069988,0.8010130106568372,23.630270345195733
fixed_assignment,,9000032,2160,8928,,,6.7567779696546495,9681553.02430263,283821.53264028113,9965374.55694291,3321791.51898097,399245.3761569624,302034.8330318313,69687.30316358208,23229.10105452736,0.7565142918852165,24.960525912327775
fixed_assignment,,9000033,2160,8928,,,10.194025124888867,8960407.268437436,275261.9401752363,9235669.208612673,3078556.4028708907,392631.14943336044,311038.677879545,61018.696407499054,20339.56546916635,0.7921905287658189,23.5225076307406
fixed_assignment,,9000034,2160,8928,,,9.299581314437091,8782710.47927807,286051.6961434531,9068762.175421525,3022920.7251405083,386115.2785168188,306527.7677858772,58986.41988055512,19662.139960185043,0.7938762976780914,23.4871881015879
fixed_assignment,,9000035,2160,8928,,,10.217829721979797,8356795.705958329,251413.5994462113,8608209.30540454,2869403.101801513,374399.2913007368,301532.77355497197,53781.24437549948,17927.081458499826,0.8053775222367217,22.992055555174606
fixed_assignment,,9000036,2160,8928,,,11.75385665986687,9752911.681222724,251556.9258815531,10004468.607104277,3334822.8690347592,396325.8342308667,302235.71572118223,71793.97445020243,23931.324816734144,0.7625940315188353,25.24303929497692
fixed_assignment,,9000037,2160,8928,,,5.360438444186002,8107074.001343947,280392.4722966997,8387466.473640647,2795822.157880216,385282.2620700704,321868.52301145054,49102.57462931353,16367.524876437843,0.83540965857627,21.769666811484917
fixed_assignment,,9000038,2160,8928,,,11.764441410079598,8747768.339025278,265057.6866933211,9012826.0257186,3004275.3419061997,393886.8201610175,320660.4756434941,57631.52057946303,19210.50685982101,0.8140929303306237,22.881765939856113
fixed_assignment,,9000039,2160,8928,,,11.376203278079629,8767714.122941028,239902.78009563562,9007616.903036663,3002538.967678888,386774.6349545641,308380.88125479163,59090.34742312381,19696.782474374602,0.7973141291724529,23.289057991341192
fixed_assignment,,9000040,2160,8928,,,10.822804702911526,7981138.79132499,319894.59070113045,8301033.38202612,2767011.12734204,387992.79601956235,311280.4036684059,47909.65649818102,15969.885499393675,0.8022839775940359,21.394813169695006
fixed_assignment,,9000041,2160,8928,,,11.651867602020502,9429863.080040498,289525.5808951993,9719388.660935696,3239796.2203118987,393672.31944489584,307945.9406886636,66569.2096753997,22189.736558466568,0.7822392519821761,24.689032428392935
fixed_assignment,,9000042,2160,8928,,,10.129976857919246,10055206.67311306,268746.6081109492,10323953.281224009,3441317.760408003,411684.1250348045,318559.2508917622,74620.20716290786,24873.40238763595,0.7737953239387859,25.07736551743695
fixed_assignment,,9000043,2160,8928,,,7.970955113414675,8838676.992666207,272951.85270440555,9111628.845370613,3037209.615123538,388251.17855546664,307689.31290465477,59791.90181076383,19930.633936921276,0.792500653956669,23.468386829555755
fixed_assignment,,9000044,2160,8928,,,5.225514144171029,8656524.879526392,258665.20266589642,8915190.082192289,2971730.0273974296,390195.6022661407,312356.5101289383,56284.998259798325,18761.66608659944,0.8005126360083611,22.848002464444757
fixed_assignment,,9000045,2160,8928,,,10.214691802859306,8826527.339897564,275042.664709344,9101570.004606908,3033856.6682023024,390482.6775701306,310685.10696364485,58464.4882367313,19488.1627455771,0.7956437629882976,23.30851156123889
fixed_assignment,,9000046,2160,8928,,,7.811871740035713,8796411.627606994,296136.24470956705,9092547.87231656,3030849.2907721866,381721.6934856551,307804.5097075962,59834.95348604856,19944.98449534952,0.8063584411378583,23.819835307993184
fixed_assignment,,9000047,2160,8928,,,11.694178458303213,7669201.62611741,240419.91478780168,7909621.540905212,2636540.5136350705,377318.0752541105,313582.95081002347,43939.41905386833,14646.473017956112,0.8310838292038788,20.962742205176255
fixed_assignment,,9000048,2160,8928,,,10.055012583266944,9415766.969147544,248532.792701295,9664299.761848839,3221433.253949613,392705.3888261524,311401.94405811164,65941.459135549,21980.486378516332,0.7929658031659118,24.609542004851754
fixed_assignment,,9000049,2160,8928,,,11.242681202013046,8593429.079768606,292319.514517072,8885748.594285678,2961916.1980952257,391117.69548405823,308684.1096956477,57362.96367953388,19120.98789317796,0.7892358572874377,22.718861091898248
fixed_assignment,,9000050,2160,8928,,,12.20565493684262,9004261.922125936,248066.9516620072,9252328.873787943,3084109.624595981,390501.10058907396,312862.9662499679,60875.0974157293,20291.699138576434,0.8011833149202696,23.693477072998597
fixed_assignment,,9000051,2160,8928,,,13.349604741670191,8922481.636244103,260053.51602105086,9182535.152265154,3060845.0507550514,384109.6365932407,304171.7289930151,60600.30195684864,20200.100652282883,0.7918877841513848,23.9060265025039
fixed_assignment,,9000052,2160,8928,,,8.656058526132256,8915548.821117742,248418.64122441525,9163967.462342158,3054655.820780719,397928.83196711226,320898.43553031556,59175.35354037686,19725.117846792287,0.8064216758157322,23.029161815295492
fixed_assignment,,9000053,2160,8928,,,13.028295474126935,8934679.2843326,267684.4006384023,9202363.684971001,3067454.5616570003,387473.59864409367,306054.9737611315,61479.54832779912,20493.18277593304,0.7898731031794823,23.749653440062257
fixed_assignment,,9000054,2160,8928,,,13.279595013707876,8821992.195082722,284574.2742991112,9106566.469381833,3035522.156460611,388748.58741330734,311207.79325551447,58713.27806349968,19571.092687833225,0.8005374252965362,23.425336487975375
fixed_assignment,,9000055,2160,8928,,,11.962767951656133,9242541.12655592,229819.8928868139,9472361.019442733,3157453.673147578,388204.6136448108,310308.20728284057,64689.21678301214,21563.072261004047,0.7993418840888845,24.40043391166264
fixed_assignment,,9000056,2160,8928,,,11.85601500608027,8722934.781225989,249369.37151877693,8972304.152744766,2990768.050914922,380720.2034525248,306184.3962058943,58751.86756537816,19583.955855126056,0.8042241872884348,23.566661478377778
fixed_assignment,,9000057,2160,8928,,,7.10555564193055,8977330.960295541,271854.81392269133,9249185.774218233,3083061.924739411,395531.9613194659,318662.82327409333,59657.52069772553,19885.840232575178,0.8056563171559065,23.38416785172966
fixed_assignment,,9000058,2160,8928,,,11.06414214707911,8099881.914787496,252756.33582808415,8352638.250615581,2784212.7502051936,388711.882821524,319259.88804703375,49539.27624842878,16513.092082809595,0.8213278321455921,21.487993086258882
fixed_assignment,,9000059,2160,8928,,,11.262813699897379,9152850.188746806,265903.5851576984,9418753.773904504,3139584.5913015013,402637.8378960648,318090.16669006424,60841.94092100139,20280.64697366713,0.7900155841095458,23.39261958866325
fixed_assignment,,9000060,2160,8928,,,8.747771335300058,8875258.138896506,298413.6181972621,9173671.757093769,3057890.585697923,391470.3359329281,305693.48838052567,60161.74776812672,20053.915922708908,0.7808854473021964,23.433887360153705
fixed_assignment,,9000031,720,8928,,,1.2834306587465107,2244860.3029510765,277352.4100825526,2522212.713033629,2522212.713033629,121839.28080369442,94727.56347758774,11629.695090224137,11629.695090224137,0.7774796670887392,20.701145774960537
fixed_assignment,,9000032,720,8928,,,0.5011123246513307,2845402.100074677,255008.77386890247,3100410.8739435794,3100410.8739435794,133447.3440508756,94422.85107029286,19031.116050207973,19031.116050207973,0.7075663569167401,23.233215287983366
fixed_assignment,,9000033,720,8928,,,0.936166275292635,2316938.60230848,250905.97441185237,2567844.5767203323,2567844.5767203323,128937.75836996875,100682.71686943746,11820.472728080418,11820.472728080418,0.7808629383841355,19.915380949560667
fixed_assignment,,9000034,720,8928,,,0.7718511372804642,1867267.4627530281,301252.4662752851,2168519.929028313,2168519.929028313,119085.63231910756,87754.13000175654,7639.099381508771,7639.099381508771,0.7368993915790476,18.20975282070505
fixed_assignment,,9000035,720,8928,,,1.0156399770639837,1378556.3773939952,258769.27754577005,1637325.654939765,1637325.654939765,112151.45201469958,98905.09842885596,502.26647172058915,502.26647172058915,0.8818887018590946,14.599237241486295
fixed_assignment,,9000036,720,8928,,,1.0728050908073783,2445809.686544864,283539.8540384648,2729349.540583329,2729349.540583329,122364.081108585,82499.97977929686,14700.44939795857,14700.44939795857,0.674217295074418,22.305152916249366
fixed_assignment,,9000037,720,8928,,,0.4521922720596194,1857321.6203844545,246220.86544619728,2103542.4858306516,2103542.4858306516,120299.47887454001,107045.79692283814,5806.4833716036355,5806.4833716036355,0.889827602948105,17.485881946541348
fixed_assignment,,9000038,720,8928,,,1.0325065609067678,2842263.3700847765,247913.19106551298,3090176.5611502896,3090176.56115029,133790.67117978266,100247.44666172995,18409.042652411794,18409.042652411794,0.7492857743946987,23.097100372550127
fixed_assignment,,9000039,720,8928,,,1.1385093708522618,2781100.858227534,281773.9070895926,3062874.7653171266,3062874.7653171266,127801.99857145117,95719.45977221234,18434.13141629258,18434.13141629258,0.7489668459190627,23.965781439675556
fixed_assignment,,9000040,720,8928,,,0.9994978392496705,1924938.082819479,276718.32061889296,2201656.403438372,2201656.403438372,124349.39446956229,97366.78038646506,7437.507426622654,7437.507426622654,0.7830096865513735,17.70540510333795
fixed_assignment,,9000041,720,8928,,,1.172936880029738,2422805.2886901544,258491.52615551915,2681296.8148456737,2681296.8148456737,122563.14833151178,90026.84709802357,12943.358049732666,12943.358049732666,0.7345343875674339,21.876859817546762
fixed_assignment,,9000042,720,8928,,,0.926510710734874,3242100.2860825546,272810.40936485847,3514910.6954474133,3514910.6954474133,138847.32357664805,93303.81729283334,24064.060084395813,24064.060084395813,0.6719885907006823,25.314933013505822
fixed_assignment,,9000043,720,8928,,,0.6670553870499134,2703287.7149485475,259537.99407883876,2962825.7090273863,2962825.7090273863,132215.3273900092,93187.95463331627,16766.730579972278,16766.730579972278,0.7048196035428642,22.409094070369267
fixed_assignment,,9000044,720,8928,,,0.4528374308720231,2631400.3771475013,265172.29467277887,2896572.67182028,2896572.67182028,133798.29071006746,101574.36785548531,15823.38000440925,15823.380004409251,0.7591604296021286,21.648801763073134
fixed_assignment,,9000045,720,8928,,,1.0191434510052204,2198833.9632595177,282434.1630043397,2481268.1262638574,2481268.1262638574,127713.52070975435,100839.39036524988,10528.407728581555,10528.407728581555,0.7895749001738083,19.428390294735223
fixed_assignment,,9000046,720,8928,,,0.6344521469436586,2382895.99552004,281819.19121729245,2664715.1867373325,2664715.1867373325,127596.26918280081,100409.3729327171,12744.07115654944,12744.07115654944,0.7869303199521108,20.883958471542204
fixed_assignment,,9000047,720,8928,,,1.196968517266214,2032931.3612586823,288964.32115895074,2321895.682417633,2321895.682417633,121866.25958169623,100497.0428096763,8792.66398150464,8792.66398150464,0.8246502613162218,19.05281814989234
fixed_assignment,,9000048,720,8928,,,0.8988262871280313,3008238.8790921327,268260.4399958271,3276499.31908796,3276499.31908796,131662.38148080566,89660.3209608136,20781.788038544095,20781.788038544095,0.6809866261904481,24.885614875237714
fixed_assignment,,9000049,720,8928,,,0.9742773449979722,2042751.7961690817,275121.88699690736,2317873.683165989,2317873.683165989,125530.02864371562,89346.1674037928,9847.053518220493,9847.053518220493,0.7117513504069906,18.46469492765489
fixed_assignment,,9000050,720,8928,,,1.3302155979909003,2407207.121092465,268475.6138497694,2675682.734942234,2675682.734942234,129284.98392580278,100353.100676697,12737.21707046051,12737.21707046051,0.7762162134334958,20.696005473286984
fixed_assignment,,9000051,720,8928,,,1.3714137049391866,2187575.032464848,313416.6590604473,2500991.6915252954,2500991.6915252954,126255.53709801471,95409.74567997566,10437.204754606228,10437.204754606228,0.7556876147610632,19.80896639474691
fixed_assignment,,9000052,720,8928,,,0.8213256350718439,2310560.080005282,265785.28047311143,2576345.3604783937,2576345.3604783937,131114.0303947276,101204.93016440663,11896.457094573636,11896.457094573636,0.7718848231552519,19.649654218714296
fixed_assignment,,9000053,720,8928,,,1.3826372059993446,2193329.0679017776,270279.3563906195,2463608.424292397,2463608.424292397,127062.03528555942,97147.82488006803,10455.381214858748,10455.381214858748,0.7645700359020525,19.38902063669671
fixed_assignment,,9000054,720,8928,,,1.357422221917659,2625614.2574822367,238839.98981915088,2864454.2473013876,2864454.2473013876,125438.49962236239,92247.02707152352,15471.088647947881,15471.088647947881,0.7353964480541212,22.83552701861822
fixed_assignment,,9000055,720,8928,,,1.1318320129066706,2582014.3240514733,282086.7144195737,2864101.038471047,2864101.038471047,123383.04270529884,89412.12253850498,15288.442469144435,15288.442469144435,0.7246710777919976,23.21308484272
fixed_assignment,,9000056,720,8928,,,1.1458051782101393,2637268.9263215624,260288.34898428933,2897557.275305852,2897557.275305852,126597.58637664591,88266.68495370803,15391.95177880538,15391.95177880538,0.6972224943617964,22.887934582616804
fixed_assignment,,9000057,720,8928,,,0.5959074022248387,3069875.908355089,267134.7987435273,3337010.7070986163,3337010.7070986163,138818.49036983738,100674.2266252767,21151.01594761976,21151.01594761976,0.7252220245088568,24.038661551557148
fixed_assignment,,9000058,720,8928,,,1.0632177200168371,2229219.273083746,295024.4895949987,2524243.7626787447,2524243.7626787447,131799.9311727588,97916.36579383248,10852.013205032994,10852.013205032994,0.7429166686398878,19.152087108225064
fixed_assignment,,9000059,720,8928,,,1.1209462019614875,2087088.6414130554,251247.36646967966,2338336.007882735,2338336.007882735,129570.19979024788,103793.74931565706,8102.757804939674,8102.757804939674,0.8010618914201065,18.046865804545362
fixed_assignment,,9000060,720,8928,,,0.6866500042378902,2865854.977959538,291765.2893538897,3157620.2673134278,3157620.267313428,132046.44942872762,86593.07326735885,19379.560390294064,19379.560390294064,0.6557773695694685,23.912950942446663
fixed_assignment,,9000031,8760,8928,,,240.60646499879658,36394680.15677764,316811.61241907935,36711491.76919672,3017382.885139456,1569787.9989018934,1299630.1405812274,245022.8993830625,20138.868442443494,0.8279016921331744,23.386273684648717
fixed_assignment,,9000032,8760,8928,,,179.74232079600915,36193731.35737406,262575.68610727414,36456307.043481335,2996408.7980943564,1587320.758303226,1328874.7079057542,240227.55580145383,19744.730613818123,0.8371809547342285,22.967196045776834
fixed_assignment,,9000033,8760,8928,,,216.06601935904473,40142924.5974989,278428.2872949516,40421352.884793855,3322302.9768323717,1611713.8568818646,1296860.7962698205,293657.58645665494,24136.23998273876,0.8046470474472553,25.07973280256823
fixed_assignment,,9000034,8760,8928,,,207.0507213328965,37781639.78933586,258289.5194123886,38039929.30874825,3126569.5322258836,1591021.0156239818,1301819.320188831,263250.8382226588,21637.055196382917,0.818228865241149,23.90913063698872
fixed_assignment,,9000035,8760,8928,,,214.43059995304793,38458758.16624193,275254.82816271385,38734012.994404644,3183617.506389423,1588969.2418607417,1298475.9808922189,272752.1025517462,22417.98103165037,0.8171813189861721,24.376817356795204
fixed_assignment,,9000036,8760,8928,,,239.42748539382592,39496819.44884705,283848.9976844601,39780668.446531504,3269643.981906699,1603817.1227270185,1297428.946420459,284554.3611513015,23388.029683668614,0.8089631467547881,24.803743446067738
fixed_assignment,,9000037,8760,8928,,,155.80898711597547,39665670.57536,255400.87591787137,39921071.451277874,3281183.9548995513,1622585.343824184,1323628.665658812,284064.04849919444,23347.73001363242,0.8157528790067972,24.603372391611803
fixed_assignment,,9000038,8760,8928,,,236.92972526233643,36799246.51296678,280685.58084303373,37079932.09380981,3047665.6515460117,1591884.2620774736,1324312.3422371768,248524.22110431883,20426.648309944012,0.8319149662984264,23.293108033758056
fixed_assignment,,9000039,8760,8928,,,232.19316578423604,38724940.316337965,293692.92052062595,39018633.23685859,3207010.9509746786,1589645.7676406705,1290983.3502930002,276284.7351412854,22708.33439517414,0.8121201443571037,24.545489335507423
fixed_assignment,,9000040,8760,8928,,,226.16290351608768,35623674.6422991,233869.2372092038,35857543.8795083,2947195.3873568466,1570525.792653128,1320134.3123634572,232184.77077265875,19083.679789533595,0.8405683743234307,22.831553640983678
fixed_assignment,,9000041,8760,8928,,,241.1066501941532,35167880.90662379,282520.96048449026,35450401.86710828,2913731.6603102693,1553082.0503525338,1302421.7315422574,230347.56811923877,18932.676831718254,0.8386045870832265,22.82583966446679
fixed_assignment,,9000042,8760,8928,,,220.53692784160376,37173757.72155397,300704.5947312618,37474462.31628523,3080092.7931193337,1611198.686804746,1328187.0260134619,254905.74206036408,20951.15688167376,0.8243471378737655,23.258746809558808
fixed_assignment,,9000043,8760,8928,,,187.03519723098725,37160629.73139006,254473.21433090686,37415102.94572096,3075213.9407441886,1582146.5991907665,1309354.221019324,253835.64716042756,20863.203876199525,0.8275808459778823,23.64831613256191
fixed_assignment,,9000044,8760,8928,,,161.25190571695566,37187946.481757656,235082.1122829693,37423028.594040625,3075865.36389375,1586694.8664958721,1316238.9532485912,255152.76953738797,20971.460509922297,0.8295476219415975,23.5855232056604
fixed_assignment,,9000045,8760,8928,,,220.40385984815657,36900858.439188294,258652.86917743113,37159511.308365725,3054206.4089067723,1589822.8039933285,1316108.782756337,251111.95230614702,20639.338545710714,0.8278336299180797,23.373366651320005
fixed_assignment,,9000046,8760,8928,,,182.43377238092944,37470886.08726807,244167.31364244653,37715053.40091052,3099867.4028145634,1585781.4742947912,1314492.8998753985,258547.66902471505,21250.493344497125,0.8289243639070529,23.78326018575963
fixed_assignment,,9000047,8760,8928,,,235.05296470504254,37743347.74258505,271730.5766456151,38015078.31923066,3124526.9851422464,1594467.8944917,1314109.4763244803,262224.0413994378,21552.660936940094,0.8241680380421864,23.84185874833778
fixed_assignment,,9000048,8760,8928,,,213.14150357572362,37776763.687317654,282933.37611777836,38059697.063435435,3128194.279186474,1582400.7805992449,1305694.3656895056,263541.58218352136,21660.95196028943,0.8251350616719537,24.05186949479542
fixed_assignment,,9000049,8760,8928,,,228.17096865875646,37017943.05623836,260678.01294734175,37278621.069185704,3063996.2522618384,1589194.9178221277,1310378.0251148406,253472.46717437217,20833.353466386754,0.8245546285226077,23.45755114814566
fixed_assignment,,9000050,8760,8928,,,245.12404202017933,37674653.228441715,260442.6627100091,37935095.891151726,3117953.0869439775,1591981.4895955909,1312605.825502823,260795.87743122815,21435.277597087243,0.8245107333730763,23.82885488246998
fixed_assignment,,9000051,8760,8928,,,251.85672319168225,38089907.388948366,285189.12657396315,38375096.51552233,3154117.521823753,1565639.0249619347,1281280.0233258144,268842.8832221048,22096.675333323685,0.8183751189754396,24.510820121167676
fixed_assignment,,9000052,8760,8928,,,195.96456732787192,38225202.825671636,291246.2123477444,38516449.03801938,3165735.537371456,1608256.3061584474,1319567.5982871298,268605.15262119554,22077.135831879084,0.8204958334278867,23.949198203376852
fixed_assignment,,9000053,8760,8928,,,260.0059040412307,39332801.90465242,277596.4599928462,39610398.364645265,3255649.180655775,1606692.838436188,1298614.2425390524,282135.02273646015,23189.17995094193,0.8082529600387142,24.653373325046065
fixed_assignment,,9000054,8760,8928,,,266.2203937517479,37445949.78828434,235925.35309925087,37681875.14138359,3097140.4225794734,1576605.2179657847,1303648.9286428194,260076.973603116,21376.189611215013,0.8268708702644361,23.90064089094075
fixed_assignment,,9000055,8760,8928,,,241.48186071403325,37828517.84148325,274052.2943843492,38102570.1358676,3131718.093358981,1595233.9319738874,1317523.8408636765,262013.9625323304,21535.394180739484,0.8259126228799673,23.885255555416126
fixed_assignment,,9000056,8760,8928,,,234.6477122399956,36558178.17911478,292750.0993827919,36850928.27849758,3028843.420150486,1553165.4781309643,1283254.843424521,250439.42973342063,20584.06271781539,0.8262190098177778,23.726337468460184
fixed_assignment,,9000057,8760,8928,,,181.6096241879277,38067679.59255775,238534.31804719174,38306213.91060494,3148455.9378579403,1598955.6506583076,1320086.573141858,263189.1562454793,21631.985444833917,0.8255929878970464,23.95702088099432
fixed_assignment,,9000058,8760,8928,,,222.10360180819407,37553836.50427221,262841.34366020863,37816677.84793241,3108220.097090335,1599025.7521571955,1316657.852082018,258251.18446857837,21226.12475084206,0.8234125374814985,23.64982414880756
fixed_assignment,,9000059,8760,8928,,,223.3729714648798,37548163.04849104,312440.39982775133,37860603.44831879,3111830.420409763,1605845.1208933052,1332840.723992775,255593.99335972287,21007.725481621055,0.829993320433877,23.57674657146111
fixed_assignment,,9000060,8760,8928,,,202.1904827351682,36611950.94624146,302904.0689151143,36914855.015156575,3034097.6724786228,1569635.3788395326,1292783.2789551888,248970.2964789104,20463.3120393625,0.8236201199229932,23.518108417286424
greedy,,9000031,2160,8928,,,13.12404779996723,6418863.457253711,195339.0438249147,6614202.501078626,2204734.1670262087,372430.0660718813,331081.1888075554,24552.2418273781,8184.080609126034,0.888975458666795,17.759582546168666
greedy,,9000032,2160,8928,,,9.67936030169949,6366388.082605542,251898.24043677407,6618286.323042315,2206095.4410141055,399245.3761569624,359683.4160555939,20695.591056534347,6898.530352178116,0.9009081570782804,16.57698928600829
greedy,,9000033,2160,8928,,,10.957451665308326,8950204.683638508,156472.1782260331,9106676.86186454,3035558.9539548466,392631.14943336044,317301.7275458659,58322.53300323533,19440.844334411777,0.8081420131942949,23.193974484722276
greedy,,9000034,2160,8928,,,11.829922623001039,5894816.40913681,172158.35826699503,6066974.767403806,2022324.9224679351,386115.2785168188,358404.6629329956,13623.224518894283,4541.0748396314275,0.9282322738165976,15.712858581273503
greedy,,9000035,2160,8928,,,10.585600048769265,6883836.294776484,263513.11989270005,7147349.414669184,2382449.804889728,374399.2913007368,324115.4979683826,32060.280524581143,10686.760174860381,0.865694742215835,19.09017880305779
greedy,,9000036,2160,8928,,,12.92783828638494,7202464.001861094,302909.74255640764,7505373.744417502,2501791.248139167,396325.8342308667,340035.54759530484,33921.46421683776,11307.154738945921,0.8579696760247737,18.937382063379424
greedy,,9000037,2160,8928,,,6.340768589638174,6284740.384759266,207460.0327429087,6492200.417502174,2164066.805834058,385282.2620700704,356289.70311720576,20605.838362265207,6868.612787421735,0.9247498216058754,16.85050430980249
greedy,,9000038,2160,8928,,,12.981295007281005,7391314.459769716,217834.22377931236,7609148.683549028,2536382.894516343,393886.8201610175,340400.1481495508,37402.6905357951,12467.5635119317,0.8642080179539853,19.31810940116878
greedy,,9000039,2160,8928,,,13.911343960557133,6043179.016783881,168299.98120639732,6211478.9979902785,2070492.9993300927,386774.6349545641,359113.6684745652,17405.4809589724,5801.826986324133,0.9284829873002185,16.05968550321291
greedy,,9000040,2160,8928,,,11.867125753778964,6662217.896237198,324095.36572860635,6986313.261965805,2328771.0873219348,387992.79601956235,335682.82844082644,25945.6910509558,8648.563683651933,0.865177992696291,18.006296337557668
greedy,,9000041,2160,8928,,,13.289502396248281,7164585.557535565,351291.6741505662,7515877.231686132,2505292.410562044,393672.31944489584,332899.16876265133,33577.07732303616,11192.35910767872,0.8456250346279396,19.091708663398073
greedy,,9000042,2160,8928,,,12.033134173136204,7943792.296592999,247039.16447581307,8190831.461068813,2730277.1536896043,411684.1250348045,353447.87097403075,41625.50622034602,13875.16874011534,0.858541414352933,19.895912819996024
greedy,,9000043,2160,8928,,,8.994413269218057,7534468.650797447,178337.72108762834,7712806.371885075,2570935.4572950252,388251.17855546664,333108.87624527444,37720.326456711235,12573.442152237078,0.8579726080540039,19.86550665623595
greedy,,9000044,2160,8928,,,7.538788614328951,6491347.099549027,234066.83803362897,6725413.937582656,2241804.6458608853,390195.6022661407,351292.1886933231,23698.60974605953,7899.536582019844,0.9002976626418184,17.23600650167106
greedy,,9000045,2160,8928,,,10.271501710172743,8482531.68109614,223192.96228211664,8705724.643378258,2901908.2144594193,390482.6775701306,315075.7273777286,52261.19169940796,17420.397233135984,0.8068878479792259,22.29477808734476
greedy,,9000046,2160,8928,,,9.024091628845781,7226118.924173379,292501.67276113865,7518620.596934518,2506206.865644839,381721.6934856551,337606.12129066966,35634.11474305249,11878.038247684162,0.8844300102722789,19.696602852929193
greedy,,9000047,2160,8928,,,12.666888230014592,6551737.71603981,196358.97445559764,6748096.690495408,2249365.563498469,377318.0752541105,336832.73848162213,26902.21309283318,8967.404364277725,0.8927023659144266,17.88437165632948
greedy,,9000048,2160,8928,,,12.273264480754733,6692171.947083078,200379.86274568678,6892551.809828765,2297517.2699429216,392705.3888261524,352658.5058945167,24168.313495829185,8056.104498609728,0.8980230878640574,17.551457163425997
greedy,,9000049,2160,8928,,,13.014618312008679,6783066.530634269,242624.99563372886,7025691.526267998,2341897.1754226657,391117.69548405823,340232.31300477165,29033.028740913735,9677.676246971245,0.8698975191692377,17.96311342439468
greedy,,9000050,2160,8928,,,13.684377408120781,7576960.675495496,234567.01753279695,7811527.693028293,2603842.564342764,390501.10058907396,331380.1824734473,39694.373102267185,13231.45770075573,0.8486024289651366,20.00385576697362
greedy,,9000051,2160,8928,,,16.217724797315896,5682141.878586633,179905.57328213,5862047.451868763,1954015.8172895878,384109.6365932407,363778.04803204373,11250.097548668713,3750.032516222904,0.9470682674313442,15.261391262819256
greedy,,9000052,2160,8928,,,9.953212747815996,7687658.881930739,197569.87011466626,7885228.752045405,2628409.584015135,397928.83196711226,343463.50240646827,39397.82576599545,13132.608588665149,0.8631279636325889,19.815675866123463
greedy,,9000053,2160,8928,,,15.28117140661925,5889974.924214914,207955.75323625762,6097930.677451172,2032643.5591503908,387473.59864409367,355156.8410121059,15617.000242499369,5205.666747499789,0.9165962332786661,15.737667543775821
greedy,,9000054,2160,8928,,,15.295268626883626,6645346.074872091,241269.85789654352,6886615.9327686345,2295538.644256212,388748.58741330734,348124.8472458437,26371.861871966747,8790.620623988914,0.8955012532964561,17.714832042455665
greedy,,9000055,2160,8928,,,14.25388332316652,6446034.565792212,191501.6283732835,6637536.194165496,2212512.064721832,388204.6136448108,355056.88600649324,21752.775163449413,7250.9250544831375,0.9146127416490568,17.098035316598615
greedy,,9000056,2160,8928,,,14.247023370116949,5742646.111327329,197827.7187326863,5940473.830060015,1980157.9433533384,380720.2034525248,354938.69057294977,13247.599232283243,4415.866410761081,0.9322822570334386,15.603253455396892
greedy,,9000057,2160,8928,,,10.242664575576782,6127842.581692457,232639.5453274252,6360482.127019882,2120160.7090066276,395531.9613194659,355962.56306719023,17822.280226397677,5940.760075465892,0.8999590371400708,16.080829740792062
greedy,,9000058,2160,8928,,,12.268535335548222,7050282.578457558,234683.2349244134,7284965.813381971,2428321.9377939906,388711.882821524,337746.93513003824,32328.82236179025,10776.27412059675,0.8688876004470227,18.741299495407613
greedy,,9000059,2160,8928,,,12.340890835039318,7567939.768906627,302375.0660858345,7870314.834992461,2623438.27833082,402637.8378960648,342863.86129190074,38200.70466081862,12733.568220272875,0.8515440652162606,19.54688331359476
greedy,,9000060,2160,8928,,,11.037594703026116,6500057.421738889,281418.410989396,6781475.832728285,2260491.944242762,391470.3359329281,348154.1561202466,24740.984190286224,8246.994730095408,0.8893500328461593,17.3230899260019
greedy,,9000031,720,8928,,,1.446367986034602,1745663.0139871454,200638.90768339348,1946301.9216705388,1946301.9216705388,121839.28080369442,106153.68072168595,3245.3256166333003,3245.3256166333003,0.8712599091315971,15.974338561685952
greedy,,9000032,720,8928,,,0.6852572350762784,1818670.3813767182,186322.8641805181,2004993.2455572363,2004993.2455572363,133447.3440508756,113129.31301033222,3129.9942461969945,3129.9942461969945,0.8477449574957646,15.02460209918341
greedy,,9000033,720,8928,,,1.0699386289343238,2111744.21885327,164600.77439310896,2276344.9932463793,2276344.9932463793,128937.75836996875,105135.01450550056,8050.686063043152,8050.686063043152,0.8153935343270854,17.654603446065252
greedy,,9000034,720,8928,,,0.9003457189537585,1780424.2967490612,189495.9586568204,1969920.2554058817,1969920.2554058817,119085.63231910756,99659.11543656346,4151.709960509193,4151.709960509193,0.8368693476767384,16.542048079546564
greedy,,9000035,720,8928,,,0.876080404035747,2105771.4577831915,208404.26636603542,2314175.7241492267,2314175.7241492267,112151.45201469958,89356.05337797904,10896.340979977682,10896.340979977682,0.7967445072959665,20.63438040771786
greedy,,9000036,720,8928,,,1.0902055273763835,2420461.2447306644,214621.1902780507,2635082.435008715,2635082.435008715,122364.081108585,89128.92961393757,14173.206067979301,14173.206067979303,0.7283912795851031,21.53477075245931
greedy,,9000037,720,8928,,,0.34494507871568203,2145220.6564923897,206259.63621422253,2351480.2927066125,2351480.2927066125,120299.47887454001,99809.2065911877,8644.59251802283,8644.59251802283,0.8296728092669332,19.546886775452823
greedy,,9000038,720,8928,,,1.1200586217455566,2350806.6767928298,265452.12313509046,2616258.79992792,2616258.79992792,133790.67117978266,106280.33720703772,11800.135936961165,11800.135936961165,0.7943777863571846,19.55486714325765
greedy,,9000039,720,8928,,,1.4034846420399845,1607581.3472221922,205374.59215743947,1812955.9393796318,1812955.9393796318,127801.99857145117,114063.16052520809,476.8671425856604,476.86714258566036,0.8924990360102858,14.1856618804443
greedy,,9000040,720,8928,,,1.0403909226879478,1782108.3340762854,285985.19573311065,2068093.529809396,2068093.5298093962,124349.39446956229,96903.50248214693,5140.745674736179,5140.745674736179,0.779284072073761,16.631311625048685
greedy,,9000041,720,8928,,,1.290485271718353,2094946.8450705502,176025.8267446145,2270972.671815165,2270972.671815165,122563.14833151178,104817.91612655506,6816.034430733202,6816.034430733202,0.8552155974570841,18.529000786374898
greedy,,9000042,720,8928,,,1.090160982683301,2336409.658197472,280665.90269124584,2617075.560888718,2617075.560888718,138847.32357664805,107084.10356355275,10229.358634205104,10229.358634205104,0.7712363537525373,18.848584859066516
greedy,,9000043,720,8928,,,0.6389380949549377,2154528.687539433,343598.5243661068,2498127.21190554,2498127.21190554,132215.3273900092,94821.20501239783,9956.402481054334,9956.402481054334,0.7171725614889863,18.89438434423383
greedy,,9000044,720,8928,,,0.4785889517515898,2184749.5829631025,181908.95912535838,2366658.542088461,2366658.542088461,133798.29071006746,113565.69058731728,8369.907742809006,8369.907742809006,0.8487828206520742,17.688256924125156
greedy,,9000045,720,8928,,,0.8790514129213989,2678336.546459387,222116.19646286845,2900452.7429222553,2900452.7429222553,127713.52070975435,85669.20976679432,17780.830705881595,17780.830705881595,0.6707920139598124,22.710616125867464
greedy,,9000046,720,8928,,,0.7816246831789613,1915209.0116364723,250727.61109534444,2165936.622731817,2165936.622731817,127596.26918280081,111491.4946398321,5186.393572431581,5186.393572431581,0.8737833429918221,16.974921262225838
greedy,,9000047,720,8928,,,1.3717342531308532,1614716.7644087384,212447.36371229563,1827164.128121034,1827164.128121034,121866.25958169623,108542.59673840037,1818.2434343248592,1818.2434343248592,0.8906697974564158,14.993191178532454
greedy,,9000048,720,8928,,,1.1206326959654689,2315793.786362064,213489.6151892709,2529283.401551335,2529283.401551335,131662.38148080566,108907.28082094181,9423.811139779442,9423.811139779442,0.8271708258354632,19.2103725688728
greedy,,9000049,720,8928,,,1.136939391028136,1722426.451928633,159648.22911355778,1882074.6810421909,1882074.6810421906,125530.02864371562,101786.39507358226,3902.8752514281746,3902.875251428174,0.8108529582389924,14.993023592657428
greedy,,9000050,720,8928,,,1.453731539659202,1830312.5846943862,183958.00462015963,2014270.589314546,2014270.589314546,129284.98392580278,114050.36415324242,3253.13669239443,3253.13669239443,0.8821624962934321,15.580081523392884
greedy,,9000051,720,8928,,,1.630038307979703,1871140.1306044152,166006.23096673537,2037146.3615711506,2037146.3615711506,126255.53709801471,108778.04803204442,3829.8190662777224,3829.8190662777224,0.861570514310179,16.135105108219317
greedy,,9000052,720,8928,,,0.9700440871529281,1724952.530705908,232659.88178908834,1957612.4124949963,1957612.412494996,131114.0303947276,108704.93016440675,2474.939585481213,2474.939585481213,0.829086939339316,14.930609688387067
greedy,,9000053,720,8928,,,1.6133791822940111,1673419.3917874536,223302.727870676,1896722.1196581295,1896722.1196581295,127062.03528555942,108155.59891357561,2260.542151722353,2260.542151722353,0.851203104613479,14.927528237647328
greedy,,9000054,720,8928,,,1.5664929579943419,1885681.3985379697,221151.90710458378,2106833.3056425536,2106833.3056425536,125438.49962236239,99301.86094480359,5096.911900645405,5096.911900645405,0.7916378244618343,16.79574701535222
greedy,,9000055,720,8928,,,1.2939803558401763,1742965.7400219701,289299.0824730843,2032264.8224950545,2032264.8224950545,123383.04270529884,101150.41143192397,3323.5477666859415,3323.547766685942,0.819808048286849,16.471184191405715
greedy,,9000056,720,8928,,,1.3725800849497318,1849968.4153206698,219999.12509114126,2069967.540411811,2069967.540411811,126597.58637664591,110433.48058249622,3439.9614780106263,3439.9614780106267,0.8723190049922503,16.35076623225155
greedy,,9000057,720,8928,,,0.7519029658287764,1825651.085006713,212388.37621271165,2038039.4612194246,2038039.4612194246,138818.49036983738,123731.01879379805,2776.0077250962363,2776.0077250962363,0.8913151156172092,14.681325634573042
greedy,,9000058,720,8928,,,1.177320633083582,2071147.8849946104,257535.6135758866,2328683.498570497,2328683.498570497,131799.9311727588,108421.72432834779,7725.417095189112,7725.417095189112,0.8226235276726536,17.66832105183833
greedy,,9000059,720,8928,,,1.0354985878802836,2313933.8479428086,212126.55612156185,2526060.4040643703,2526060.4040643703,129570.19979024788,106749.14674811269,11322.703936947646,11322.703936947646,0.8238711287080008,19.495689658221046
greedy,,9000060,720,8928,,,0.8172561638057232,2217201.6209666017,254919.78842535717,2472121.4093919587,2472121.4093919587,132046.44942872762,98769.5869037513,9982.198722950723,9982.198722950723,0.7479912358950812,18.72160455723796
greedy,,9000031,8760,8928,,,280.3520091078244,26846009.806586284,320043.01057449507,27166052.817160778,2232826.2589447214,1569787.998901893,1444893.7658704077,100458.15715724346,8256.834834841928,0.9204387897481368,17.30555516806354
greedy,,9000032,8760,8928,,,219.36682564299554,27705241.448406134,223667.39593505132,27928908.844341185,2295526.7543294122,1587320.758303226,1457368.1720568072,112476.39169798064,9244.6349340806,0.9181308594582155,17.595000064256656
greedy,,9000033,8760,8928,,,242.61499635502696,31423268.37972203,226961.4272138264,31650229.806935854,2601388.751255002,1611713.8568818646,1430034.0505958493,160469.80448722496,13189.298998949997,0.8872753959952259,19.637623435321593
greedy,,9000034,8760,8928,,,251.91661888267845,26556652.47803103,190429.7150618591,26747082.19309289,2198390.3172405115,1591021.0156239818,1482669.3910521697,90572.39828374679,7444.306708253162,0.9318980557090142,16.81126894644001
greedy,,9000035,8760,8928,,,250.9516453286633,27769514.702645607,241681.173077223,28011195.87572283,2302290.0719772186,1588969.2418607417,1466285.7908282888,111288.00833906187,9146.959589511935,0.9227905438315558,17.628532471101003
greedy,,9000036,8760,8928,,,272.70404513087124,30971193.646678112,264100.6196331533,31235294.266311266,2567284.4602447613,1603817.1227270185,1428822.8753343415,156048.8538161397,12825.933190367645,0.8908889019122523,19.475595953983177
greedy,,9000037,8760,8928,,,193.01014004973695,29288188.106590804,156949.38649954268,29445137.493090346,2420148.2871033163,1622585.343824184,1487309.2065911763,126395.94768071218,10388.708028551686,0.9166292622154576,18.14705007977743
greedy,,9000038,8760,8928,,,264.29569351673126,29252931.346503295,206010.81099942065,29458942.157502715,2421282.917055018,1591884.2620774736,1447691.9468350224,132637.39893907378,10901.704022389627,0.9094203525485739,18.50570601097444
greedy,,9000039,8760,8928,,,266.07609992614016,30056404.94586779,230542.5828038769,30286947.528671667,2489338.153041507,1589645.7676406705,1425850.645080465,145592.10070481265,11966.474030532547,0.896961243885606,19.052639364820955
greedy,,9000040,8760,8928,,,257.5254940171726,27883599.011784382,170293.16549644637,28053892.17728083,2305799.3570367806,1570525.792653128,1440823.3716356847,112922.82198890758,9281.327834704733,0.9174146507977219,17.862738904713368
greedy,,9000041,8760,8928,,,268.2442552950233,27897501.25594201,185549.04061591678,28083050.296557926,2308195.914785583,1553082.0503525338,1422826.4226918786,117748.86195286583,9677.988653660204,0.9161308781908281,18.082142080119567
greedy,,9000042,8760,8928,,,247.8210723870434,30937734.16686063,206036.20311388324,31143770.369974513,2559761.9482170832,1611198.686804746,1437476.9841903592,153955.74535428477,12653.896878434363,0.8921785971915708,19.329565388200123
greedy,,9000043,8760,8928,,,213.60947652114555,29933820.850474425,241747.82663397017,30175568.677108396,2480183.7268856214,1582146.5991907665,1418842.058969682,142631.50780805526,11723.137628059338,0.8967829275083541,19.072549087766294
greedy,,9000044,8760,8928,,,201.17508111102507,28494876.343050666,153183.83080641617,28648060.17385708,2354635.0827827738,1586694.8664958721,1458231.2834245323,119364.09964078057,9810.747915680595,0.9190369958434135,18.055179214844717
greedy,,9000045,8760,8928,,,237.8994259708561,32221415.38594561,210945.80653182766,32432361.19247744,2665673.5226693787,1589822.8039933285,1393185.3902056066,176280.9782660657,14488.84752871773,0.8763148866063523,20.399984898325524
greedy,,9000046,8760,8928,,,217.9853990757838,29406750.104884088,187903.18959108004,29594653.294475168,2432437.257080151,1585781.4742947912,1438826.280034809,134144.9267387509,11025.610416883635,0.907329479728388,18.662504118126446
greedy,,9000047,8760,8928,,,263.83814491238445,30602451.823597465,213748.01269450533,30816199.83629197,2532838.342708929,1594467.8944917,1430326.7006885386,153445.20217588474,12611.934425415184,0.8970558175738698,19.32694909866207
greedy,,9000048,8760,8928,,,247.58215798903257,30223929.018967688,240121.16867855517,30464050.187646244,2503894.5359709244,1582400.7805992449,1413907.280820945,148442.3682666408,12200.74259725815,0.8935203383086727,19.251791683336826
greedy,,9000049,8760,8928,,,260.4067415059544,29776184.627269655,315938.9196984391,30092123.546968095,2473325.2230384736,1589194.9178221277,1421786.3950735806,142787.9481259316,11735.99573637794,0.894658282082875,18.935451661402926
greedy,,9000050,8760,8928,,,281.8149242848158,28917408.813868314,229983.67012931118,29147392.483997624,2395676.094575147,1591981.4895955909,1446863.5785992278,128644.72102527252,10573.53871440596,0.9088444734158139,18.30887650044342
greedy,,9000051,8760,8928,,,302.32229676516727,27340691.13005148,287987.18668739084,27628678.31673887,2270850.272608674,1565639.0249619347,1442221.5075568447,107877.52647398153,8866.646011560126,0.9211711541183061,17.646901920709727
greedy,,9000052,8760,8928,,,231.12476134998724,29484617.745555848,242310.30598408976,29726928.05153994,2443309.154921091,1608256.3061584474,1458704.930164403,133580.34572480863,10979.206497929477,0.9070102349847026,18.483949316851742
greedy,,9000053,8760,8928,,,303.85317775793374,29534568.000828065,244332.36157203445,29778900.3624001,2447580.8517041174,1606692.838436188,1455514.960996324,131630.14012076452,10818.915626364209,0.9059074181303957,18.53428337390502
greedy,,9000054,8760,8928,,,315.9346955129877,26185921.222258348,238727.57417126826,26424648.796429615,2171888.942172297,1576605.2179657847,1475805.2429423032,90124.13026964838,7407.462761888907,0.9360651773349205,16.760472752033653
greedy,,9000055,8760,8928,,,278.6291224840097,28451306.602926828,287197.39304687304,28738503.995973703,2362068.82158688,1595233.9319738874,1457556.8860064948,120186.9239283288,9878.377309177711,0.9136947608699397,18.01522862569358
greedy,,9000056,8760,8928,,,280.11488990997896,25420064.810970634,229733.95530135182,25649798.766271986,2108202.638323725,1553165.4781309646,1457765.3829020504,81743.58866708739,6718.651123322251,0.938576992231558,16.51453056833212
greedy,,9000057,8760,8928,,,220.59240778815,29135882.00772521,195744.0202996592,29331626.028024867,2410818.5776458797,1598955.6506583076,1457451.9200259314,127517.14790350225,10480.861471520733,0.9115024043511666,18.34423988929819
greedy,,9000058,8760,8928,,,257.7682230370119,27685779.482544653,165408.7710634469,27851188.2536081,2289138.760570529,1599025.7521571955,1476306.7222876025,108546.59174584148,8921.637677740397,0.9232538752399475,17.417598319498566
greedy,,9000059,8760,8928,,,246.38195221172646,31230238.005573507,187288.86004074186,31417526.86561425,2582262.4821052807,1605845.1208933052,1434249.1467481104,158536.01269322072,13030.357207661978,0.893142886625493,19.564481316938707
greedy,,9000060,8760,8928,,,237.47257329709828,27895242.688479252,258068.20502999102,28153310.893509243,2313970.758370623,1569635.3788395326,1436221.7375662073,114625.0960311381,9421.240769682585,0.9150034185824983,17.936210710492286
iterative_q_receding,0,9000031,2160,8928,1193,36,22.452635931782424,5113189.921177782,236764.20637430254,5349954.127552085,1783318.0425173617,372430.0660718813,348030.90296683926,3465.795107327824,1155.2650357759412,0.9344865913689878,14.3649898730773
iterative_q_receding,0,9000032,2160,8928,1087,34,17.065203609876335,6231011.471290208,246866.09142936894,6477877.562719577,2159292.5209065257,399245.3761569624,362600.7514052286,16769.21421903638,5589.738073012127,0.9082152807767847,16.225303909776063
iterative_q_receding,0,9000033,2160,8928,1101,35,19.967888337094337,5791882.3986008,248600.45870076164,6040482.857301561,2013494.285767187,392631.14943336044,359815.58994174964,9942.310666098274,3314.1035553660913,0.9164214058437041,15.384624643304786
iterative_q_receding,0,9000034,2160,8928,1138,33,19.6726269479841,5524494.9521279605,223676.10046718016,5748171.05259514,1916057.0175317135,386115.2785168188,359075.2300477984,8100.625808268531,2700.208602756177,0.9299689756569874,14.887188807123973
iterative_q_receding,0,9000035,2160,8928,1236,34,20.17610795935616,5381314.728753006,274772.90267933864,5656087.631432345,1885362.5438107818,374399.2913007368,345844.0810119953,7547.557032804739,2515.8523442682463,0.9237305973803128,15.107100261279834
iterative_q_receding,0,9000036,2160,8928,1126,33,21.252992085646838,6182153.743043378,199314.5337970513,6381468.27684043,2127156.0922801434,396325.8342308667,359712.0752255043,15232.117802216264,5077.372600738754,0.9076170265902115,16.10157028805524
iterative_q_receding,0,9000037,2160,8928,1124,31,13.972394149750471,5380199.628479323,212861.53738621192,5593061.165865535,1864353.7219551783,385282.2620700704,367529.78493662406,5323.009487544784,1774.3364958482614,0.9539234507239843,14.516788641695468
iterative_q_receding,0,9000038,2160,8928,1201,35,21.908298925030977,5852769.847682112,188674.99385945252,6041444.841541564,2013814.9471805214,393886.8201610175,372128.5215136157,11250.82829255155,3750.276097517183,0.9447600236065091,15.338022325986623
iterative_q_receding,0,9000039,2160,8928,1177,35,21.827459902968258,5210500.6847016625,177654.15764875797,5388154.842350421,1796051.614116807,386774.6349545641,372131.11030244816,2514.1512764544823,838.0504254848274,0.9621393873105557,13.930993284974305
iterative_q_receding,0,9000040,2160,8928,1142,36,19.97488962067291,5788370.788557364,273766.6828431856,6062137.47140055,2020712.4904668499,387992.79601956235,355583.65328672,10898.433901508575,3632.8113005028586,0.9164697307132261,15.624355744725994
iterative_q_receding,0,9000041,2160,8928,1036,36,22.16588783217594,5906427.626434577,336569.76821368415,6242997.39464826,2080999.13154942,393672.31944489584,356583.18484370766,11826.07445606024,3942.024818686747,0.9057867856864147,15.858360078380167
iterative_q_receding,0,9000042,2160,8928,1106,36,21.839744651690125,5873973.202530599,312113.27701368823,6186086.479544288,2062028.8265147624,411684.1250348045,379584.9502935487,9952.125679680548,3317.375226560183,0.9220296028209927,15.026293469589833
iterative_q_receding,0,9000043,2160,8928,1066,31,17.16938939364627,5948308.376999204,279992.4598495156,6228300.83684872,2076100.2789495734,388251.17855546664,358059.60534684046,13556.546969811885,4518.848989937295,0.9222370082147402,16.04193671741534
iterative_q_receding,0,9000044,2160,8928,1304,34,17.407205551862717,5768966.555895109,161188.46896557955,5930155.0248606885,1976718.3416202297,390195.6022661407,362274.37683142436,10674.912247756476,3558.3040825854923,0.9284430032717998,15.197903283430417
iterative_q_receding,0,9000045,2160,8928,1217,31,20.821225694846362,5567748.490131237,296659.11929690954,5864407.609428146,1954802.5364760486,390482.6775701306,357765.8258489023,8348.461503960849,2782.8205013202833,0.916214332669463,15.018355349130434
iterative_q_receding,0,9000046,2160,8928,1089,35,17.95930809620768,5274287.771357945,250495.44182624322,5524783.213184188,1841594.4043947293,381721.6934856551,367148.0687106527,3308.1397601185035,1102.7132533728345,0.9618213346956398,14.473327839283009
iterative_q_receding,0,9000047,2160,8928,1217,32,21.826586723793298,5209566.052743836,165569.60333281427,5375135.65607665,1791711.8853588833,377318.0752541105,364740.40794214973,3900.282728221222,1300.0942427404075,0.9666656114910738,14.245635204347645
iterative_q_receding,0,9000048,2160,8928,1166,34,20.59976090537384,5934527.301093065,202158.27404829394,6136685.575141359,2045561.8583804532,392705.3888261524,365702.1300125912,11126.612080764726,3708.870693588242,0.9312378704700807,15.626690515973594
iterative_q_receding,0,9000049,2160,8928,1261,35,22.50811547692865,4941102.995876533,256763.17186696973,5197866.167743503,1732622.0559145012,391117.69548405823,365892.1010771115,1465.1921107037977,488.3973702345992,0.9355038273690818,13.289774990391264
iterative_q_receding,0,9000050,2160,8928,1114,35,22.201764899306,5898917.815026367,208567.59713442717,6107485.412160794,2035828.4707202646,390501.10058907396,361540.1037123485,11369.141720842117,3789.7139069473724,0.9258363245761982,15.6401234284554
iterative_q_receding,0,9000051,2160,8928,1104,36,23.767392233014107,5996823.131798252,187186.83855697783,6184009.97035523,2061336.6567850767,384109.6365932407,363828.53307667957,13100.057400037454,4366.685800012485,0.9471997013757867,16.099596003897947
iterative_q_receding,0,9000052,2160,8928,1101,32,18.987217782996595,5486504.650961959,224478.47385601592,5710983.124817975,1903661.0416059915,397928.83196711226,377848.576544253,6437.512343050297,2145.8374476834324,0.9495380736208658,14.351770130820709
iterative_q_receding,0,9000053,2160,8928,1050,34,22.583650605753064,6458037.870508221,270255.86094032903,6728293.73144855,2242764.5771495164,387473.59864409367,347123.7383591704,21292.968639723294,7097.656213241098,0.8958642332635781,17.36452175062563
iterative_q_receding,0,9000054,2160,8928,1159,34,24.09187075542286,5692884.064510024,234180.59466845004,5927064.659178474,1975688.219726158,388748.58741330734,361598.77817241824,9123.459913918374,3041.153304639458,0.9301610086314626,15.24652397740284
iterative_q_receding,0,9000055,2160,8928,1175,35,22.805989558808506,5705159.225391103,205210.60423797727,5910369.82962908,1970123.2765430268,388204.6136448108,364666.068967664,10338.618847696267,3446.2062825654225,0.939365623566021,15.224883017585139
iterative_q_receding,0,9000056,2160,8928,1111,35,23.23311323625967,5162612.967777232,287157.67458107107,5449770.642358303,1816590.2141194344,380720.2034525248,358022.2661026156,3029.491064456613,1009.830354818871,0.9403815790597003,14.31437205837142
iterative_q_receding,0,9000057,2160,8928,1148,35,18.942358509637415,5492946.333697455,226413.61085400492,5719359.9445514595,1906453.3148504863,395531.9613194659,371757.9586287881,6450.185355861602,2150.061785287201,0.9398935989613345,14.459918549874175
iterative_q_receding,0,9000058,2160,8928,1200,35,22.068518272601068,5349333.851313076,218003.93200382736,5567337.783316904,1855779.2611056345,388711.882821524,367601.5274815359,4977.770504762957,1659.2568349209855,0.9456915101572009,14.322530463708855
iterative_q_receding,0,9000059,2160,8928,1105,34,21.239568064920604,6059704.043059183,238628.61437216407,6298332.657431347,2099444.2191437823,402637.8378960648,370218.38716570375,13042.820776602468,4347.606925534156,0.9194823544161549,15.64267454430642
iterative_q_receding,0,9000060,2160,8928,1131,32,19.132997103966773,5810655.452632114,262808.37459972384,6073463.827231838,2024487.942410613,391470.3359329281,360141.8694359407,11422.977086625977,3807.6590288753255,0.9199723104885398,15.514493103948558
iterative_q_receding,1,9000031,2160,8928,1177,33,21.806213228963315,5015129.5150122475,219918.1715636865,5235047.686575934,1745015.8955253116,372430.0660718813,350487.7248859693,2083.3857849760398,694.4619283253467,0.941083324938441,14.056458281661767
iterative_q_receding,1,9000032,2160,8928,988,35,16.327887372113764,5299109.632828729,232894.71767902377,5532004.350507753,1844001.4501692508,399245.3761569624,371188.9900851461,2038.829068908044,679.6096896360147,0.9297264595976535,13.856151331688455
iterative_q_receding,1,9000033,2160,8928,1072,36,19.043893033638597,6121693.101734335,181566.2853776919,6303259.387112026,2101086.4623706755,392631.14943336044,359270.76108850515,14585.178673657601,4861.7262245525335,0.9150337705171877,16.053895357535435
iterative_q_receding,1,9000034,2160,8928,1053,35,18.466370694804937,6171903.933041383,177485.67866239083,6349389.611703773,2116463.203901258,386115.2785168188,354714.261450506,15083.780339293593,5027.926779764531,0.9186745026331689,16.44428481590686
iterative_q_receding,1,9000035,2160,8928,1212,34,18.578844776842743,6288813.014149139,205630.26570713214,6494443.279856271,2164814.426618757,374399.2913007368,337929.5069634969,20344.389065942512,6781.463021980838,0.9025912036036803,17.346302278760458
iterative_q_receding,1,9000036,2160,8928,1166,34,22.471300980076194,5495161.501784721,207367.13031519103,5702528.6320999125,1900842.8773666376,396325.8342308667,371292.0090580609,5428.351818474307,1809.4506061581023,0.9368352425942964,14.388485785102997
iterative_q_receding,1,9000037,2160,8928,1116,34,14.79668808216229,5242339.510952776,180534.25727423222,5422873.768227008,1807624.5894090028,385282.2620700704,374298.396507781,2631.2939117931687,877.0979705977229,0.971491380103318,14.075067300245351
iterative_q_receding,1,9000038,2160,8928,1114,35,21.7206988716498,5948385.170772082,287223.1967925516,6235608.3675646335,2078536.1225215443,393886.8201610175,363446.85094482836,13495.350434083362,4498.450144694454,0.9227189952592333,15.830964755346654
iterative_q_receding,1,9000039,2160,8928,1164,36,22.171625384129584,5516110.998382878,219729.62795378684,5735840.626336664,1911946.8754455547,386774.6349545641,365555.638779542,7681.128118016392,2560.3760393387975,0.9451386046101116,14.829929648852167
iterative_q_receding,1,9000040,2160,8928,1076,34,19.9155799113214,6225257.093110895,245718.53567857624,6470975.628789471,2156991.876263157,387992.79601956235,346982.48721258214,17682.37561851998,5894.125206173327,0.8943013653147506,16.678081900425823
iterative_q_receding,1,9000041,2160,8928,937,34,20.813174618873745,5692338.186872344,328162.7887850096,6020500.975657354,2006833.6585524515,393672.31944489584,361618.63420259795,8422.263648738095,2807.4212162460317,0.918577751954987,15.293178306634973
iterative_q_receding,1,9000042,2160,8928,1064,34,20.712577763944864,6481819.934682334,236474.8488616414,6718294.783543975,2239431.594514658,411684.1250348045,373939.2663412169,17061.29049103105,5687.096830343684,0.9083159723722731,16.319052338916393
iterative_q_receding,1,9000043,2160,8928,1154,33,18.207871838007122,5649219.191920197,145169.13484169648,5794388.326761893,1931462.7755872975,388251.17855546664,367805.1571202089,8292.85993929585,2764.2866464319495,0.9473381600248336,14.92432900866028
iterative_q_receding,1,9000044,2160,8928,1049,34,16.0506337499246,5711583.696038859,228668.22199475084,5940251.91803361,1980083.97267787,390195.6022661408,361350.83497372875,8586.860382202265,2862.286794067422,0.9260761343159939,15.22377977489849
iterative_q_receding,1,9000045,2160,8928,1221,36,20.829266298096627,5859263.066724199,307224.6595316124,6166487.726255812,2055495.908751937,390482.6775701306,353387.32761914056,12694.199892647659,4231.399964215887,0.9050012917811757,15.791962308362095
iterative_q_receding,1,9000046,2160,8928,1233,34,18.775312117300928,5157653.163343816,242808.6610572831,5400461.824401099,1800153.941467033,381721.6934856551,364136.0316621096,3334.3731830867628,1111.4577276955877,0.9539306722052819,14.147641898701902
iterative_q_receding,1,9000047,2160,8928,1209,36,21.57012668484822,5571771.513107078,231776.334731874,5803547.847838952,1934515.9492796508,377318.0752541105,356079.9245139574,9567.772933588572,3189.2576445295244,0.9437128721547465,15.381049116002371
iterative_q_receding,1,9000048,2160,8928,1002,36,19.9134818110615,5824726.099408958,182402.28549024768,6007128.3848992055,2002376.1282997353,392705.3888261524,372930.83815611346,9209.907816643017,3069.969272214339,0.9496453289598401,15.296781138795408
iterative_q_receding,1,9000049,2160,8928,1203,35,21.646289202850312,5657621.056033195,200775.8113198269,5858396.867353022,1952798.9557843406,391117.69548405823,363735.2765284931,9397.043847635186,3132.347949211729,0.9299893119852941,14.97860346129956
iterative_q_receding,1,9000050,2160,8928,1118,36,21.941424914170057,6024704.817488296,195839.68427728635,6220544.501765583,2073514.8339218607,390501.10058907396,358687.5678539118,13663.645400012692,4554.548466670898,0.9185315158211559,15.929646529502332
iterative_q_receding,1,9000051,2160,8928,969,34,23.91278815502301,5934992.103237268,211488.8980663264,6146481.001303594,2048827.0004345311,384109.6365932407,362268.5422422562,11360.966686102993,3786.988895367664,0.9431383847989383,16.001892209261367
iterative_q_receding,1,9000052,2160,8928,1066,36,19.14857909688726,6071356.072673248,191323.41277665112,6262679.485449899,2087559.8284832998,397928.83196711226,376239.21265886986,12649.017610312088,4216.339203437363,0.9454937225809388,15.73818980266173
iterative_q_receding,1,9000053,2160,8928,1072,35,23.631329391151667,5789175.5928653665,286813.10392949067,6075988.696794857,2025329.5655982855,387473.59864409367,356998.2891609634,11768.001468196831,3922.6671560656105,0.9213486813300981,15.681039219334885
iterative_q_receding,1,9000054,2160,8928,1034,35,24.147951567079872,5346100.08264527,274957.88767147803,5621057.970316748,1873685.9901055826,388748.58741330734,365499.7330079068,4242.4579071138905,1414.1526357046303,0.9401956556032885,14.45936564739356
iterative_q_receding,1,9000055,2160,8928,1101,32,22.488514109980315,5672207.888687841,210317.48452104765,5882525.373208888,1960841.7910696291,388204.6136448108,368683.6462270942,9110.881495240434,3036.960498413478,0.9497147464723916,15.15315677981902
iterative_q_receding,1,9000056,2160,8928,1188,36,21.74302315013483,5432639.116561902,207515.83480109164,5640154.951362994,1880051.6504543312,380720.2034525248,361617.0168784942,5869.705417135044,1956.568472378348,0.9498235544087359,14.81443564122888
iterative_q_receding,1,9000057,2160,8928,1047,35,16.5376843130216,5778705.31670254,229557.23154750792,6008262.5482500475,2002754.1827500158,395531.9613194659,362896.860044547,9651.146793699005,3217.0489312330014,0.9174906089357469,15.190333868865919
iterative_q_receding,1,9000058,2160,8928,1306,36,21.414250216912478,5094100.475081864,141679.67562745587,5235780.15070932,1745260.05023644,388711.882821524,372778.6779934909,1523.5384652630696,507.8461550876899,0.9590102450370708,13.469565459909838
iterative_q_receding,1,9000059,2160,8928,1124,35,20.47847208986059,5669953.602468749,244949.3765218285,5914902.978990577,1971634.3263301924,402637.8378960648,374959.9787572338,7238.444357160074,2412.8147857200247,0.9312586733441192,14.690380342538559
iterative_q_receding,1,9000060,2160,8928,1034,35,17.85661125695333,5534465.931327928,208819.94565830127,5743285.876986229,1914428.6256620763,391470.3359329281,362316.4603765219,6957.501155871677,2319.167051957226,0.9255272420912087,14.67106278512568
iterative_q_receding,2,9000031,2160,8928,1065,35,20.91572351101786,6434963.414941765,279114.78656639816,6714078.2015081635,2238026.067169388,372430.0660718813,331829.2426504947,21116.812085728932,7038.937361909644,0.8909840339970018,18.027755579250965
iterative_q_receding,2,9000032,2160,8928,1018,34,16.89853202085942,5724119.539750174,234199.39103928808,5958318.930789461,1986106.3102631539,399245.3761569624,369096.4896496331,8001.264724163605,2667.0882413878685,0.9244853207880952,14.923952252478841
iterative_q_receding,2,9000033,2160,8928,1198,36,20.545945468824357,6327742.5292337425,175304.50922307177,6503047.038456814,2167682.3461522716,392631.14943336044,358297.62003697,17469.686553676358,5823.228851225453,0.9125552584252674,16.562738457817005
iterative_q_receding,2,9000034,2160,8928,1151,33,19.293157980777323,5999781.598559834,186958.5418643698,6186740.140424204,2062246.7134747347,386115.2785168188,359179.1203136527,13637.6625077085,4545.8875025695,0.9302380410673315,16.02303893331876
iterative_q_receding,2,9000035,2160,8928,1087,35,18.87129437411204,6161523.63700851,266010.71146610536,6427534.348474615,2142511.4494915386,374399.2913007368,342123.80557355005,17390.883382594948,5796.961127531649,0.9137939454557851,17.167592187859377
iterative_q_receding,2,9000036,2160,8928,1207,36,22.567863632924855,6317193.766482063,284931.8323257621,6602125.598807825,2200708.5329359416,396325.8342308667,357799.7040925499,18303.452439921683,6101.1508133072275,0.9027917768391686,16.658327639984154
iterative_q_receding,2,9000037,2160,8928,1333,32,15.847831372637302,5158340.795136004,251502.72034557752,5409843.515481581,1803281.1718271938,385282.2620700704,371180.1744619378,2982.19330775479,994.0644359182634,0.9633980356833352,14.041247283005479
iterative_q_receding,2,9000038,2160,8928,1140,35,22.274281448684633,5474000.522762442,314440.03366538335,5788440.556427825,1929480.1854759417,393886.8201610175,365036.71877355967,6367.936476415727,2122.6454921385757,0.9267553522718426,14.695694956387628
iterative_q_receding,2,9000039,2160,8928,1190,34,22.305109173059464,5190666.644900378,251341.02059497286,5442007.665495351,1814002.555165117,386774.6349545641,368358.11476531596,3560.393944106816,1186.7979813689387,0.9523843641106103,14.070228949048442
iterative_q_receding,2,9000040,2160,8928,1140,36,20.480250054970384,5713668.470441739,238910.69334363515,5952579.163785374,1984193.0545951244,387992.79601956235,355985.8355260005,11095.806926550684,3698.602308850228,0.9175063021223,15.341983729732055
iterative_q_receding,2,9000041,2160,8928,1297,35,22.747475699987262,6226405.4130069185,263575.14812298445,6489980.561129903,2163326.853709968,393672.31944489584,355925.42580831086,16862.358859618882,5620.786286539627,0.9041159569212014,16.485742686407843
iterative_q_receding,2,9000042,2160,8928,1111,33,19.77892176574096,7502081.6432512505,231480.34965140812,7733561.992902659,2577853.9976342195,411684.1250348045,362638.48272172065,33564.09675657063,11188.03225219021,0.8808658402629991,18.7851838888586
iterative_q_receding,2,9000043,2160,8928,1165,35,17.283457950223237,6424448.421452668,145160.47906111984,6569608.900513788,2189869.633504596,388251.17855546664,356182.169056413,18675.109487664035,6225.036495888012,0.9174013853135743,16.921027580538908
iterative_q_receding,2,9000044,2160,8928,1213,34,16.574342754203826,5749153.664409002,157751.4390205071,5906905.103429509,1968968.3678098365,390195.6022661407,366002.6871230815,9945.439546940202,3315.1465156467343,0.9379979810060546,15.13831798493871
iterative_q_receding,2,9000045,2160,8928,1127,35,19.96168439788744,5893728.896745128,251694.04030741626,6145422.937052544,2048474.312350848,390482.6775701306,352306.1063587429,11705.737654621555,3901.9125515405185,0.9022323565056706,15.738016793200327
iterative_q_receding,2,9000046,2160,8928,1201,34,19.104622470680624,5320884.134623938,260972.45043623628,5581856.585060175,1860618.861686725,381721.6934856551,361360.36820276297,5076.634374485569,1692.2114581618566,0.9466592398850464,14.62284350174072
iterative_q_receding,2,9000047,2160,8928,1120,33,21.366299855988473,5317658.059115177,225623.94479541373,5543282.003910591,1847760.667970197,377318.0752541105,352884.3472219061,5515.683704472728,1838.5612348242428,0.9352436852760125,14.691270753931905
iterative_q_receding,2,9000048,2160,8928,1040,33,18.8852273770608,7281018.543938573,191303.48008586618,7472322.02402444,2490774.0080081467,392705.3888261524,345656.61920008605,29098.226905482617,9699.408968494206,0.8801932161748498,19.027806178978558
iterative_q_receding,2,9000049,2160,8928,1237,34,21.89008504943922,5547684.832811523,290469.0816233385,5838153.914434861,1946051.3048116204,391117.69548405823,358872.311114483,9629.992553187949,3209.9975177293163,0.9175558029158781,14.926846782550706
iterative_q_receding,2,9000050,2160,8928,997,36,20.150405519641936,6864556.463919502,291165.762335044,7155722.226254546,2385240.7420848487,390501.10058907396,340026.52495180676,25796.032563557455,8598.677521185818,0.8707440886565341,18.324461097446544
iterative_q_receding,2,9000051,2160,8928,1051,35,23.365056083071977,5824575.718346346,197979.08110719852,6022554.799453544,2007518.2664845148,384109.6365932407,365373.9861584239,11178.509379885008,3726.169793295003,0.9512231700277354,15.679259840677283
iterative_q_receding,2,9000052,2160,8928,1276,33,19.845903370995075,5585036.493728201,231480.5161086704,5816517.009836871,1938839.003278957,397928.83196711226,373149.741960417,8609.70737620583,2869.9024587352765,0.9377298450976702,14.616978068876373
iterative_q_receding,2,9000053,2160,8928,1208,34,23.36609906796366,6710302.140946124,213576.01046049074,6923878.151406614,2307959.383802205,387473.59864409367,344043.84162095457,24037.81206525995,8012.604021753317,0.8879155710863526,17.86929012876154
iterative_q_receding,2,9000054,2160,8928,1131,35,24.094852866139263,5673718.038766463,291251.0139869042,5964969.052753367,1988323.017584456,388748.58741330734,359629.16238477814,9432.055613256369,3144.018537752123,0.9250944544331676,15.344027594913337
iterative_q_receding,2,9000055,2160,8928,1028,33,21.68609342398122,5736550.1939459825,250430.374352542,5986980.568298524,1995660.1894328413,388204.6136448108,360420.18483329634,9276.536899317243,3092.1789664390813,0.928428391021298,15.422229303478431
iterative_q_receding,2,9000056,2160,8928,1216,35,22.796043408103287,5299750.642285128,206899.00856157375,5506649.650846702,1835549.8836155673,380720.2034525248,363907.95415216114,3944.257610189454,1314.752536729818,0.955840932138869,14.463770508920136
iterative_q_receding,2,9000057,2160,8928,1206,30,18.470994613599032,5507037.600854093,298850.59043598216,5805888.191290075,1935296.0637633584,395531.9613194659,372182.4060186775,7199.494706198285,2399.8315687327618,0.9409667041245012,14.67868278437488
iterative_q_receding,2,9000058,2160,8928,1234,35,21.8837416972965,5162016.206507789,229239.95409206033,5391256.160599849,1797085.3868666163,388711.882821524,366487.0244419287,3106.9791639390733,1035.6597213130244,0.9428243401815433,13.86954296705982
iterative_q_receding,2,9000059,2160,8928,1135,35,21.564851733855903,5795811.164118879,290010.65218903363,6085821.816307913,2028607.2721026377,402637.8378960648,372838.4498647497,9656.687509786654,3218.8958365955514,0.9259895985259899,15.114878045512654
iterative_q_receding,2,9000060,2160,8928,1177,30,19.54504760634154,5586023.220732914,269811.76670824393,5855834.987441158,1951944.9958137192,391470.3359329281,361422.5196327173,7942.315052228185,2647.4383507427283,0.9232436955188376,14.958566332965923
iterative_q_receding,0,9000031,720,8928,492,12,4.672840510029346,1588258.0301483576,129061.25914391472,1717319.2892922724,1717319.2892922722,121839.28080369442,110998.62566997677,0.0,0.0,0.9110249579428826,14.094955895703217
iterative_q_receding,0,9000032,720,8928,340,10,2.7685641697607934,1818077.3283703108,228719.22149103144,2046796.5498613422,2046796.549861342,133447.3440508756,109571.7543922136,2288.8002851154633,2288.8002851154633,0.8210860633572471,15.337859021615442
iterative_q_receding,0,9000033,720,8928,444,11,4.119416519999504,1676826.9110644588,254834.56530671375,1931661.4763711726,1931661.4763711728,128937.75836996875,110788.8695229537,1541.9493310936623,1541.9493310936623,0.8592430248791872,14.981348371425396
iterative_q_receding,0,9000034,720,8928,385,9,3.517883854918182,1534774.4266873992,188493.2867447995,1723267.7134321986,1723267.7134321989,119085.63231910756,104487.52628219857,0.0,0.0,0.877415052071175,14.470828091288526
iterative_q_receding,0,9000035,720,8928,471,10,4.181436053011566,1385563.2371208293,272619.5965100081,1658182.8336308375,1658182.8336308373,112151.45201469958,97616.76276203428,0.0,0.0,0.8704012387573881,14.785210568771781
iterative_q_receding,0,9000036,720,8928,450,11,5.742795688100159,1561197.5291098978,203253.32063138904,1764450.8497412868,1764450.8497412866,122364.081108585,108789.53504613882,0.0,0.0,0.8890642912571686,14.41967964582291
iterative_q_receding,0,9000037,720,8928,449,10,3.275102124083787,1576776.934733045,188386.11075260176,1765163.045485647,1765163.045485647,120299.47887454001,113536.54094713574,225.09777964920366,225.09777964920366,0.9437824835928232,14.673073083936885
iterative_q_receding,0,9000038,720,8928,414,12,3.894489266909659,2158875.707033561,253166.82782031994,2412042.534853881,2412042.534853881,133790.67117978266,106384.74811619836,7591.816541887224,7591.816541887223,0.7951581913603132,18.028480712326147
iterative_q_receding,0,9000039,720,8928,418,10,4.16664215689525,1624309.8397145625,266803.2439746247,1891113.0836891872,1891113.0836891872,127801.99857145117,109738.53595843476,420.5202613675219,420.5202613675219,0.8586605623157173,14.797210566561752
iterative_q_receding,0,9000040,720,8928,390,11,3.7103875260800123,1551172.0709627836,229236.2842956428,1780408.3552584264,1780408.3552584264,124349.39446956229,105837.86266804695,0.0,0.0,0.8511329156005941,14.317788702173592
iterative_q_receding,0,9000041,720,8928,344,12,3.226644157897681,1693767.6354460088,269796.33363190136,1963563.96907791,1963563.96907791,122563.14833151178,103892.18946326585,1296.0327749024184,1296.0327749024184,0.8476625386796995,16.020834939445376
iterative_q_receding,0,9000042,720,8928,367,11,3.27470131078735,2179767.0386180896,203205.62236071244,2382972.660978802,2382972.660978802,138847.32357664805,113203.0421867217,6571.06465681019,6571.064656810189,0.815305900543557,17.162539396471168
iterative_q_receding,0,9000043,720,8928,450,10,3.1980728250928223,1732074.4229028965,285400.398544585,2017474.8214474814,2017474.8214474814,132215.3273900092,110023.65747556424,2118.8894445657434,2118.8894445657434,0.8321550885777116,15.259008628374287
iterative_q_receding,0,9000044,720,8928,392,11,2.730403421446681,1963356.6301774974,202564.18453693902,2165920.8147144364,2165920.8147144364,133798.29071006746,109241.0551765403,3909.0572161697096,3909.0572161697096,0.816460767897692,16.18795578941925
iterative_q_receding,0,9000045,720,8928,391,12,3.399341289885342,1549218.802385439,288740.9204919526,1837959.7228773916,1837959.7228773916,127713.52070975435,109826.49057159899,0.0,0.0,0.8599441152451981,14.391269715713147
iterative_q_receding,0,9000046,720,8928,430,12,3.4066917011514306,1672085.4467113598,201473.6119310069,1873559.0586423667,1873559.0586423664,127596.26918280081,113023.97997713945,483.874792153688,483.874792153688,0.8857937673335544,14.68349404447094
iterative_q_receding,0,9000047,720,8928,500,11,4.516404587775469,1558683.121639362,197971.3172520211,1756654.4388913831,1756654.4388913831,121866.25958169623,111252.68740440652,53.42064401301056,53.42064401301056,0.9129080336614859,14.414608644928204
iterative_q_receding,0,9000048,720,8928,350,11,3.4419376528821886,2029906.8217071053,217719.983872941,2247626.805580046,2247626.805580046,131662.38148080566,117941.18948625306,4633.440398422369,4633.440398422369,0.8957850234802798,17.071138925948375
iterative_q_receding,0,9000049,720,8928,450,11,3.814893234986812,1459531.0159219566,200792.17885829712,1660323.1947802538,1660323.1947802538,125530.02864371562,108998.85053137713,0.0,0.0,0.8683089752233074,13.226502158241754
iterative_q_receding,0,9000050,720,8928,425,12,4.1842660889960825,1672499.053395181,178236.0394993173,1850735.0928944983,1850735.0928944983,129284.98392580278,118692.24155844872,0.0,0.0,0.9180667232519959,14.315158935678433
iterative_q_receding,0,9000051,720,8928,373,12,6.375407335814089,2035038.974020734,229614.4927046779,2264653.466725412,2264653.466725412,126255.53709801471,105914.28071262162,6116.711917933386,6116.711917933386,0.8388882036151669,17.93706255407488
iterative_q_receding,0,9000052,720,8928,428,12,3.827853864058852,1623895.6884050225,170356.16510170407,1794251.8535067267,1794251.8535067267,131114.0303947276,123655.49821978233,0.0,0.0,0.9431141567954943,13.684667065035
iterative_q_receding,0,9000053,720,8928,497,12,4.916622703894973,1576820.1350633963,192672.6404631179,1769492.7755265143,1769492.7755265143,127062.03528555942,112391.16967345751,0.0,0.0,0.8845377725995763,13.926211488347038
iterative_q_receding,0,9000054,720,8928,399,11,4.205638263374567,2073101.493681246,264489.8398768407,2337591.333558087,2337591.333558087,125438.49962236239,102773.6322434629,6554.965155001741,6554.96515500174,0.8193149037406141,18.63535788928837
iterative_q_receding,0,9000055,720,8928,357,11,3.635170899797231,1619381.5956523875,268195.0992389646,1887576.6948913522,1887576.6948913522,123383.04270529884,107306.04044608434,651.6504986002923,651.6504986002923,0.8696984455342497,15.298509856008664
iterative_q_receding,0,9000056,720,8928,412,12,4.163907914888114,1597478.359228808,274384.5355547942,1871862.894783602,1871862.894783602,126597.58637664591,111615.60714583287,0.0,0.0,0.8816566756159196,14.78592877130013
iterative_q_receding,0,9000057,720,8928,390,11,3.2837102408520877,1757870.3487199717,225285.2828317436,1983155.6315517153,1983155.6315517153,138818.49036983738,118064.86091010888,1061.2037896194436,1061.2037896194436,0.8504980899559049,14.285961663091369
iterative_q_receding,0,9000058,720,8928,430,12,4.090583635028452,1702375.5264803532,160640.61140011554,1863016.1378804687,1863016.1378804687,131799.9311727588,119388.12560360291,976.8380030092618,976.8380030092618,0.9058284366409347,14.135182934492518
iterative_q_receding,0,9000059,720,8928,403,9,3.9137146500870585,1607455.3375035147,152331.2560823232,1759786.5935858379,1759786.5935858379,129570.19979024788,114037.88283618346,0.0,0.0,0.8801243111517263,13.581723239098444
iterative_q_receding,0,9000060,720,8928,343,11,3.0632930919528008,1737736.8532696124,346863.0886827187,2084599.941952331,2084599.9419523308,132046.44942872762,103777.19719042041,2580.8245925488372,2580.8245925488372,0.7859143327169459,15.786868567620962
iterative_q_receding,1,9000031,720,8928,509,11,4.101759448181838,1564826.8979955127,172419.11130049286,1737246.0092960056,1737246.0092960056,121839.28080369442,113653.6807216859,0.0,0.0,0.9328164116858418,14.258505121144221
iterative_q_receding,1,9000032,720,8928,353,11,2.4653878821991384,1847111.302013242,189744.46352696992,2036855.765540212,2036855.7655402122,133447.3440508756,115011.19728694718,2700.150830365071,2700.150830365071,0.8618470311638439,15.263366836013454
iterative_q_receding,1,9000033,720,8928,435,11,3.400978760793805,1663835.0057194824,126949.68316790547,1790784.688887388,1790784.6888873877,128937.75836996875,115036.8079545401,0.0,0.0,0.8921886762173898,13.888753081537088
iterative_q_receding,1,9000034,720,8928,405,11,3.0889937840402126,1569914.4266335922,210915.64155464483,1780830.068188237,1780830.0681882373,119085.63231910756,98351.64288018183,73.27836699195565,73.27836699195565,0.8258900840080695,14.954197525829477
iterative_q_receding,1,9000035,720,8928,505,10,3.5925817182287574,1404331.7346426235,207770.55899223324,1612102.2936348566,1612102.2936348568,112151.45201469958,104329.25425075894,0.0,0.0,0.9302532635697361,14.374332785486896
iterative_q_receding,1,9000036,720,8928,420,10,3.703011878300458,1573223.5128411213,172961.1769010423,1746184.6897421635,1746184.6897421635,122364.081108585,109553.16657763152,0.0,0.0,0.895304942309131,14.270402506374497
iterative_q_receding,1,9000037,720,8928,413,9,2.9113220018334687,1525890.4489970396,258833.11106245572,1784723.5600594953,1784723.560059495,120299.47887454001,98573.16568016836,0.0,0.0,0.8193981104687081,14.83567158192579
iterative_q_receding,1,9000038,720,8928,427,12,3.867232303135097,1741234.7869860989,217945.5115583506,1959180.2985444495,1959180.2985444495,133790.67117978266,114819.64906584857,1328.6377293737562,1328.6377293737562,0.8582037002531995,14.643624112713956
iterative_q_receding,1,9000039,720,8928,429,11,4.180114599876106,1577479.8690861182,270608.808207186,1848088.6772933041,1848088.6772933044,127801.99857145117,113269.39541392133,0.0,0.0,0.8862881385269965,14.460561634019205
iterative_q_receding,1,9000040,720,8928,358,12,3.4151710509322584,1604792.3431782685,219203.61094889158,1823995.9541271601,1823995.9541271601,124349.39446956229,103821.46821153456,648.3650767199177,648.3650767199177,0.8349173605099262,14.668313922297628
iterative_q_receding,1,9000041,720,8928,383,11,3.8192212809808552,1619757.1758658006,238000.30375624722,1857757.4796220479,1857757.4796220479,122563.14833151178,110362.97767281908,0.0,0.0,0.9004580836509406,15.157553513533614
iterative_q_receding,1,9000042,720,8928,407,11,3.692423343192786,2038656.801833535,201304.4059311157,2239961.2077646507,2239961.2077646507,138847.32357664805,118837.37491322192,4524.629543496149,4524.629543496149,0.8558852403634557,16.132548687754305
iterative_q_receding,1,9000043,720,8928,437,9,3.262771336827427,1805180.7644374436,279322.4855316513,2084503.249969095,2084503.249969095,132215.3273900092,109507.8642475223,3094.143001090837,3094.1430010908375,0.8282539279617382,15.765972759120588
iterative_q_receding,1,9000044,720,8928,405,12,2.9508402296341956,2143467.799821863,178466.89802820652,2321934.6978500695,2321934.6978500695,133798.29071006746,115431.2834245358,6235.231607722474,6235.231607722474,0.8627261440481939,17.35399372837697
iterative_q_receding,1,9000045,720,8928,432,12,3.5282110278494656,1529411.737969793,288206.12490531296,1817617.8628751058,1817617.862875106,127713.52070975435,107684.98790931601,0.0,0.0,0.8431760968679597,14.231992452904652
iterative_q_receding,1,9000046,720,8928,487,11,3.408739273902029,1575433.795886602,224819.08948144998,1800252.885368052,1800252.8853680517,127596.26918280081,117699.98844900313,0.0,0.0,0.9224406732486843,14.108977455985954
iterative_q_receding,1,9000047,720,8928,462,12,3.9256594092585146,1573197.648622138,216573.51197782467,1789771.1605999626,1789771.1605999626,121866.25958169623,115349.63352065498,0.0,0.0,0.9465264127789804,14.686355080916739
iterative_q_receding,1,9000048,720,8928,414,10,3.3455734471790493,1923677.1573495334,300380.4438064939,2224057.601156027,2224057.601156027,131662.38148080566,111254.27688248035,4484.227999934277,4484.227999934277,0.8449966925343781,16.892126483981762
iterative_q_receding,1,9000049,720,8928,508,10,3.800401479937136,1539374.1812882249,147102.8334933456,1686477.0147815705,1686477.0147815705,125530.02864371562,109259.02401424006,0.0,0.0,0.8703815747891162,13.43484927871878
iterative_q_receding,1,9000050,720,8928,473,11,3.9925313480198383,1530126.8793661697,290302.9935305177,1820429.8728966874,1820429.8728966876,129284.98392580278,109911.47940338436,0.0,0.0,0.8501488422388098,14.080752594914195
iterative_q_receding,1,9000051,720,8928,417,11,4.0906053888611495,1734559.8022270082,258784.7871334601,1993344.5893604683,1993344.5893604683,126255.53709801471,108831.30710492283,2449.023611734716,2449.023611734716,0.8619923498518318,15.788175593542443
iterative_q_receding,1,9000052,720,8928,485,12,4.0579367452301085,1589278.183356172,212655.46897026803,1801933.65232644,1801933.6523264397,131114.0303947276,121736.6974833494,182.3847485999207,182.3847485999207,0.9284795617742273,13.743255751513379
iterative_q_receding,1,9000053,720,8928,413,10,4.303755042143166,1547798.654194651,322158.00133112306,1869956.655525774,1869956.655525774,127062.03528555942,103172.73614879904,0.0,0.0,0.8119871204402517,14.716879446509969
iterative_q_receding,1,9000054,720,8928,358,12,3.937007712200284,1635907.720316239,222872.3604531766,1858780.0807694155,1858780.0807694155,125438.49962236239,107683.4493507841,416.2163267430652,416.2163267430652,0.8584561332841943,14.818258241013302
iterative_q_receding,1,9000055,720,8928,402,12,3.864450621884316,1655051.839233314,255415.60190184304,1910467.441135157,1910467.441135157,123383.04270529884,105322.18497685625,1694.522361059266,1694.522361059266,0.8536196114762621,15.484035725219714
iterative_q_receding,1,9000056,720,8928,426,11,4.05104815075174,1986169.610024572,266709.60145504744,2252879.211479619,2252879.211479619,126597.58637664591,103106.8586447795,5267.057970955783,5267.057970955783,0.814445690441695,17.79559370726849
iterative_q_receding,1,9000057,720,8928,413,11,3.232779859099537,1695731.8483575522,237064.65370560187,1932796.502063154,1932796.5020631538,138818.49036983738,115962.56306719067,0.0,0.0,0.8353538693458312,13.923192053982413
iterative_q_receding,1,9000058,720,8928,386,12,3.737253811676055,1782719.5562927758,151346.59117738795,1934066.1474701636,1934066.1474701636,131799.9311727588,117696.71993286,1516.0885372045072,1516.0885372045072,0.8929953064890997,14.674257643845477
iterative_q_receding,1,9000059,720,8928,402,11,3.7548513459041715,1589003.3241302215,195691.66945354943,1784694.993583771,1784694.993583771,129570.19979024788,113565.93054133875,0.0,0.0,0.8764818663950714,13.773961886860471
iterative_q_receding,1,9000060,720,8928,369,8,2.9931230009533465,1765692.8282878916,256408.4901919131,2022101.3184798048,2022101.3184798048,132046.44942872762,108772.4495151563,2334.5024324649735,2334.5024324649735,0.8237438415477161,15.31356069949642
iterative_q_receding,2,9000031,720,8928,498,11,4.5375590324401855,1538395.2302121636,247007.01908142047,1785402.2492935841,1785402.2492935844,121839.28080369442,106153.68072168593,0.0,0.0,0.871259909131597,14.653749082532725
iterative_q_receding,2,9000032,720,8928,330,10,2.536007669288665,1655692.1200815695,229467.80457299325,1885159.9246545627,1885159.9246545625,133447.3440508756,113686.86153776511,0.0,0.0,0.8519229988902816,14.126620039255801
iterative_q_receding,2,9000033,720,8928,431,10,3.317860576324165,1657966.3191451046,213319.8344713518,1871286.1536164563,1871286.153616456,128937.75836996875,110747.21323176604,497.3764743555271,497.3764743555271,0.8589199520127572,14.513096685356233
iterative_q_receding,2,9000034,720,8928,424,11,3.2119313278235495,1600215.0767974013,148765.31708544117,1748980.3938828425,1748980.3938828425,119085.63231910756,101549.31726862071,769.6057528252315,769.6057528252315,0.8527419747539677,14.686745662114728
iterative_q_receding,2,9000035,720,8928,497,10,3.6335828858427703,1371519.2952192142,231034.77841361956,1602554.0736328338,1602554.0736328338,112151.45201469958,95784.53282806926,0.0,0.0,0.8540641347694267,14.289195947483485
iterative_q_receding,2,9000036,720,8928,442,11,4.029040548019111,1732982.6593155318,196672.36873371023,1929655.028049242,1929655.0280492418,122364.081108585,103906.86406997738,2460.1246888683077,2460.1246888683077,0.8491614788311219,15.769783179566232
iterative_q_receding,2,9000037,720,8928,450,9,3.1548217376694083,1602390.300735963,147461.4993244519,1749851.800060415,1749851.800060415,120299.47887454001,113172.82567577958,0.0,0.0,0.9407590684063328,14.54579700952263
iterative_q_receding,2,9000038,720,8928,330,11,3.209815857000649,1958926.728198288,269038.8780666057,2227965.606264894,2227965.606264894,133790.67117978266,106538.36135722602,4932.188021487861,4932.188021487861,0.7963063524366654,16.65262298647894
iterative_q_receding,2,9000039,720,8928,428,11,4.098549489863217,1608375.3908655655,216880.58642971734,1825255.9772952828,1825255.9772952828,127801.99857145117,115584.97870043329,0.0,0.0,0.9044066602433637,14.281904803506057
iterative_q_receding,2,9000040,720,8928,422,10,3.708118285983801,1583425.911218481,173596.51116612676,1757022.4223846076,1757022.4223846074,124349.39446956229,108761.80461082925,44.388143017582244,44.388143017582244,0.8746468374435993,14.129722383285783
iterative_q_receding,2,9000041,720,8928,428,11,3.779944287147373,1818939.3667249,261464.15651860292,2080403.523243503,2080403.5232435032,122563.14833151178,101966.99353959953,3423.265068317453,3423.265068317453,0.8319547508994851,16.974135795013822
iterative_q_receding,2,9000042,720,8928,406,11,3.4849081388674676,2075082.136583995,190044.95589492304,2265127.092478918,2265127.092478918,138847.32357664805,118595.59192076816,5020.305253696858,5020.305253696858,0.8541438816809436,16.313797300014194
iterative_q_receding,2,9000043,720,8928,461,10,3.1058004070073366,1573757.036366526,281811.0878460234,1855568.1242125495,1855568.1242125495,132215.3273900092,112976.19095281567,0.0,0.0,0.8544863381804301,14.034440339424407
iterative_q_receding,2,9000044,720,8928,429,12,2.9985704137943685,1657693.0538410207,240806.56030508035,1898499.614146101,1898499.614146101,133798.29071006746,121709.3224305801,226.11275009958342,226.11275009958342,0.9096478122752449,14.189266574862538
iterative_q_receding,2,9000045,720,8928,441,11,3.6338405129499733,1713093.3016136356,219781.18300543394,1932874.4846190696,1932874.4846190698,127713.52070975435,106982.79195102442,2556.718258229188,2556.718258229188,0.837677885289505,15.134454628431858
iterative_q_receding,2,9000046,720,8928,460,11,4.867787246126682,1619265.026884229,176006.17848101474,1795271.2053652436,1795271.2053652436,127596.26918280081,120772.20295680156,0.0,0.0,0.9465182934445932,14.069934935113565
iterative_q_receding,2,9000047,720,8928,427,12,4.165391844231635,1563893.3781161532,203875.36248395857,1767768.7406001117,1767768.7406001117,121866.25958169623,111243.3427372613,0.0,0.0,0.912831353970345,14.505809455939211
iterative_q_receding,2,9000048,720,8928,380,10,3.6051443689502776,1978487.0192483957,209353.83730043194,2187840.8565488276,2187840.8565488276,131662.38148080566,113311.84100431924,4031.279175469742,4031.279175469742,0.8606242704248697,16.617053648446888
iterative_q_receding,2,9000049,720,8928,454,11,4.16985092824325,1551459.81319643,138338.32158634096,1689798.1347827709,1689798.1347827709,125530.02864371562,112404.10735165753,0.0,0.0,0.8954360049633016,13.461306055930441
iterative_q_receding,2,9000050,720,8928,505,11,4.783374167978764,1575639.5554046188,240638.91749237783,1816278.4728969967,1816278.472896997,129284.98392580278,111385.00945786423,0.0,0.0,0.8615463766603287,14.04864213727533
iterative_q_receding,2,9000051,720,8928,453,12,4.403212246950716,1548347.4114165383,250283.82622114377,1798631.2376376821,1798631.2376376821,126255.53709801471,110530.07052812628,0.0,0.0,0.8754473116083579,14.245959258336278
iterative_q_receding,2,9000052,720,8928,498,12,4.120786930900067,1610615.575449489,167445.81805575927,1778061.3935052482,1778061.393505248,131114.0303947276,121940.66981005305,0.0,0.0,0.9300352482716188,13.561183255157934
iterative_q_receding,2,9000053,720,8928,468,10,4.528128988109529,2012085.052162067,206970.15356315218,2219055.205725219,2219055.205725219,127062.03528555942,104473.42191682883,5846.651083301742,5846.651083301743,0.8222237404118004,17.464344882703248
iterative_q_receding,2,9000054,720,8928,418,10,4.229242975823581,2018161.4682325816,239337.75081132413,2257499.219043906,2257499.219043906,125438.49962236239,105228.79617124166,6011.194056521346,6011.194056521345,0.8388875543635897,17.99686081896864
iterative_q_receding,2,9000055,720,8928,363,11,3.7240423769690096,1942068.2474847212,310181.4371550596,2252249.684639781,2252249.684639781,123383.04270529884,94664.5966386771,5453.437859122952,5453.437859122952,0.7672415476475489,18.254126622726375
iterative_q_receding,2,9000056,720,8928,352,11,3.5580696468241513,1863386.38183801,251164.858439791,2114551.2402778007,2114551.2402778007,126597.58637664591,106482.39780640669,2863.3210428175976,2863.3210428175976,0.8411092253339361,16.702934872602615
iterative_q_receding,2,9000057,720,8928,415,11,3.287662650924176,1935216.1266942516,207664.3658271393,2142880.492521391,2142880.492521391,138818.49036983738,119619.07241401721,3560.7026802430496,3560.70268024305,0.8616940876919964,15.4365638670495
iterative_q_receding,2,9000058,720,8928,446,10,4.161845113150775,1592309.2792613194,200658.83109922052,1792968.11036054,1792968.11036054,131799.9311727588,116115.12624710529,0.0,0.0,0.8809953481303839,13.603710520989416
iterative_q_receding,2,9000059,720,8928,501,11,4.475397781003267,1601901.0869234481,171169.98666175408,1773071.0735852022,1773071.0735852022,129570.19979024788,120498.60232515141,0.0,0.0,0.9299870071993264,13.684250517908461
iterative_q_receding,2,9000060,720,8928,334,10,2.8847640459425747,1901844.2432543025,321134.6464281383,2222978.889682441,2222978.889682441,132046.44942872762,102826.75510650949,4921.590811306629,4921.590811306629,0.7787165467255557,16.834825164172997
iterative_q_receding,0,9000031,8760,8928,4341,140,327.72048999229446,24023583.237994153,325112.2037403932,24348695.441734545,2001262.639046675,1569787.998901893,1496905.2433264907,48896.194871826425,4018.865331930939,0.9535715933448431,15.510817676506052
iterative_q_receding,0,9000032,8760,8928,4715,138,267.8253189739771,24460643.69132888,182908.5339346113,24643552.22526349,2025497.4431723417,1587320.758303226,1513917.5015799163,53172.31850936868,4370.327548715234,0.953756506780788,15.525250392117554
iterative_q_receding,0,9000033,8760,8928,4133,138,309.3520916928537,24715654.279948663,227906.65217811262,24943560.932126775,2050155.6930515158,1611713.8568818646,1542468.4847917398,49315.33667242067,4053.3153429386857,0.9570361874135079,15.476420225352129
iterative_q_receding,0,9000034,8760,8928,4544,136,304.2687313631177,23868637.339441057,180567.2557443609,24049204.595185418,1976646.9530289385,1591021.0156239818,1532176.08922593,43698.59357865135,3591.665225642577,0.9630143625884329,15.11557946690828
iterative_q_receding,0,9000035,8760,8928,4372,137,305.0108641060069,23918175.10211801,234291.2271056448,24152466.329223655,1985134.2188403003,1588969.2418607417,1533127.6620216316,44358.61129034831,3645.9132567409565,0.9648567270101984,15.20008423884922
iterative_q_receding,0,9000036,8760,8928,4346,142,330.3626302839257,25058498.913888503,261769.7774991714,25320268.691387676,2081117.9746346034,1603817.1227270185,1527470.5520034663,58359.74785483811,4796.691604507241,0.9523969599515574,15.787503657733033
iterative_q_receding,0,9000037,8760,8928,4331,136,240.9161528609693,24976755.293942235,251419.7194364233,25228175.013378657,2073548.6312366019,1622585.343824184,1560816.4248182653,53718.29838153021,4415.202606701113,0.9619317903732947,15.548134407475745
iterative_q_receding,0,9000038,8760,8928,4551,137,319.8037510449067,23938152.879105363,243537.0750489817,24181689.954154346,1987536.1606154258,1591884.2620774736,1525449.7502183148,46713.669706540284,3839.479701907421,0.9582667449878177,15.190608092699064
iterative_q_receding,0,9000039,8760,8928,4365,137,321.9317583478987,24742370.50018153,323032.49847185763,25065402.998653386,2060170.1094783605,1589645.7676406705,1514092.9268512109,56479.603171135066,4642.159164750828,0.95247190139625,15.767917298867847
iterative_q_receding,0,9000040,8760,8928,4149,141,304.0390477683395,23529526.169192072,260689.6034260998,23790215.77261817,1955360.2004891648,1570525.792653128,1512180.0769024005,39854.25042762245,3275.6918159689685,0.9628495653979915,15.147930638202872
iterative_q_receding,0,9000041,8760,8928,4588,141,328.5736512118019,22804552.65789648,238017.86372154957,23042570.52161803,1893909.9058864133,1553082.0503525338,1499128.3178163373,33430.739947958646,2747.732050517149,0.9652602175629101,14.836672998949155
iterative_q_receding,0,9000042,8760,8928,4699,140,314.11556471092626,23693698.787038416,235409.6918116049,23929108.478850022,1966776.039357536,1611198.686804746,1553220.138884479,40776.974348348034,3351.532138220386,0.9640152711176501,14.851742789280143
iterative_q_receding,0,9000043,8760,8928,4518,133,274.7100254651159,23853264.472031925,299905.64990005764,24153170.12193198,1985192.0648163273,1582146.5991907665,1514526.799269669,44313.44297552619,3642.200792509002,0.9572607241606539,15.266075933978433
iterative_q_receding,0,9000044,8760,8928,4801,133,258.3274570200592,24167274.593848113,235393.89083790258,24402668.484686017,2005698.779563234,1586694.8664958721,1525395.2604700928,48970.413647977264,4024.9655053131996,0.9613664811551599,15.379559737643799
iterative_q_receding,0,9000045,8760,8928,4293,134,301.1120132668875,25014321.064661786,264870.4984879866,25279191.563149773,2077741.7723136798,1589822.8039933285,1510224.9038728848,59895.689549166724,4922.933387602744,0.9499328479120384,15.900634649127761
iterative_q_receding,0,9000046,8760,8928,4494,133,279.4103004280478,23405678.141755786,281240.20496741036,23686918.346723195,1946870.0011005367,1585781.4742947912,1539680.1250394054,37941.117761592606,3118.4480351993925,0.9709283088479216,14.937063353736646
iterative_q_receding,0,9000047,8760,8928,4520,138,325.7079828721471,23981345.093766928,200577.76445267923,24181922.85821961,1987555.30341531,1594467.8944917,1536226.7682642862,45615.95243686455,3749.256364673799,0.9634730016022176,15.166139714546311
iterative_q_receding,0,9000048,8760,8928,4715,134,305.31115268496796,23668731.932878323,227166.42734488368,23895898.360223208,1964046.440566291,1582400.7805992449,1519640.2450462368,42519.421027521945,3494.7469337689267,0.9603384071074326,15.101040553818475
iterative_q_receding,0,9000049,8760,8928,4448,140,318.36773742409423,24045021.074400704,262288.8891203464,24307309.963521052,1997861.0928921413,1589194.9178221277,1518460.3231036654,47684.650651271615,3919.2863548990363,0.9554902964229216,15.295360997524705
iterative_q_receding,0,9000050,8760,8928,4342,137,335.3923401492648,24646099.673600845,218276.31040577352,24864375.984006617,2043647.3411512289,1591981.4895955909,1519333.1340737909,55630.64398204931,4572.381697154738,0.9543660802612379,15.618508221677178
iterative_q_receding,0,9000051,8760,8928,4218,137,341.15607621194795,26140212.970524494,281197.00642869185,26421409.976953186,2171622.737831769,1565639.0249619347,1471871.868893889,78722.36160562364,6470.3310908731755,0.9401093390155336,16.875799309866824
iterative_q_receding,0,9000052,8760,8928,4587,142,293.92611105786636,23573237.583774395,212808.92450444595,23786046.508278843,1955017.5212283982,1608256.3061584474,1555755.8428621816,37684.26715637282,3097.337026551191,0.9673556614730952,14.789960043803747
iterative_q_receding,0,9000053,8760,8928,4127,139,354.58026991505176,25885679.71831781,242858.6351424549,26128538.353460267,2147551.09754468,1606692.838436188,1517970.181311708,71271.0687783431,5857.896063973406,0.9447793286918271,16.262310834030643
iterative_q_receding,0,9000054,8760,8928,4076,144,354.38046205602586,25942245.47658,180570.8560481512,26122816.332628153,2147080.794462588,1576605.2179657847,1487791.7520970465,74099.1682000551,6090.34259178535,0.9436679107384093,16.569028210076027
iterative_q_receding,0,9000055,8760,8928,4381,143,331.35586762428284,24575767.86658956,257160.63392791635,24832928.500517476,2041062.6164808883,1595233.9319738874,1519414.4451046744,54202.07691196486,4454.965225640947,0.9524712423992909,15.566951030053673
iterative_q_receding,0,9000056,8760,8928,4278,136,332.67521251086146,22549817.589193013,186936.14468133065,22736753.733874343,1868774.2794965212,1553165.4781309643,1515336.0841549828,27758.860785976176,2281.550201587083,0.9756436809157616,14.638977014371394
iterative_q_receding,0,9000057,8760,8928,4262,137,271.55384925566614,26019619.621736333,195540.37652543987,26215159.998261772,2154670.6847886387,1598955.6506583076,1515389.3341456628,70666.71501104435,5808.223151592686,0.9477369391213324,16.395176431234162
iterative_q_receding,0,9000058,8760,8928,4084,137,308.11178546771407,24919864.505531024,187187.65539733195,25107052.160928357,2063593.3282954812,1599025.7521571955,1531063.159283045,55730.54977784563,4580.593132425668,0.9574974994727481,15.701468301593781
iterative_q_receding,0,9000059,8760,8928,4220,137,309.2177880811505,24719078.382828113,227571.6155521364,24946649.998380248,2050409.5889079655,1605845.1208933052,1535728.583412331,52597.54131364075,4323.085587422527,0.9563366749578133,15.534904128551847
iterative_q_receding,0,9000060,8760,8928,4328,135,289.66912662424147,24428028.834598873,214086.3968520396,24642115.23145091,2025379.334091856,1569635.3788395326,1498808.3255731135,52160.06004805003,4287.1282231274,0.9548767476693962,15.699260837041907
iterative_q_receding,1,9000031,8760,8928,4222,143,337.4830801752396,24569154.404167432,311670.97666243947,24880825.38082987,2044999.3463695783,1569787.9989018934,1494398.9903009126,56079.526925821214,4609.276185683935,0.9519750382512051,15.849799717053921
iterative_q_receding,1,9000032,8760,8928,4299,143,274.911926779896,24653749.50149079,237985.39553556126,24891734.897026353,2045896.018933673,1587320.758303226,1518940.874556924,52592.40417178728,4322.663356585256,0.9569211935340675,15.681603586936323
iterative_q_receding,1,9000033,8760,8928,4097,142,314.37718222104013,25529303.07998836,254898.43743001492,25784201.517418377,2119249.439787812,1611713.8568818646,1529002.7363970582,61096.18111779074,5021.60392748965,0.9486812624141452,15.998002007193953
iterative_q_receding,1,9000034,8760,8928,4140,142,299.63795829284936,26358625.899244122,222277.15122008102,26580903.0504642,2184731.7575724,1591021.0156239818,1498929.2680518017,76450.73560944617,6283.622104885987,0.9421178308345206,16.706820833563565
iterative_q_receding,1,9000035,8760,8928,4241,141,316.3237492032349,23943533.679751966,279741.633281378,24223275.313033342,1990954.135317809,1588969.2418607417,1528832.827721801,45230.27631694257,3717.5569575569234,0.962153821134688,15.24464707993151
iterative_q_receding,1,9000036,8760,8928,4332,142,321.76085757883266,27646790.149121914,284105.77873001096,27930895.927851927,2295690.076261802,1603817.1227270185,1489114.52176738,93920.39679006956,7719.484667676949,0.9284814962165971,17.415262333875187
iterative_q_receding,1,9000037,8760,8928,4268,140,244.00599440233782,26904930.12304222,205275.79820756768,27110205.921249785,2228236.103116421,1622585.343824184,1529285.5668882998,82296.77188968514,6764.118237508368,0.9424993099493978,16.708030812946454
iterative_q_receding,1,9000038,8760,8928,4316,143,319.8246290930547,25018553.79695861,192905.87623532646,25211459.673193935,2072174.7676597757,1591884.2620774736,1519505.05737413,58254.71917162745,4788.059109996776,0.9545323699545306,15.837495396990706
iterative_q_receding,1,9000039,8760,8928,4274,141,327.2465565339662,24167792.068818156,320397.0073040841,24488189.07612224,2012727.8692703212,1589645.7676406705,1519766.164209119,49078.5989376179,4033.857446927498,0.9560407703061634,15.404808778541435
iterative_q_receding,1,9000040,8760,8928,4457,143,308.2909853127785,24419623.969171677,166353.64994382486,24585977.6191155,2020765.2837629179,1570525.792653128,1501065.378548253,52531.8181022093,4317.683679633641,0.9557725097990695,15.654615628809127
iterative_q_receding,1,9000041,8760,8928,4200,142,315.7517518750392,25550050.39718525,194041.62540919275,25744092.022594444,2115952.7689803652,1553082.0503525338,1469724.5583215351,69830.52966702786,5739.495589070783,0.9463276959436384,16.576131323358478
iterative_q_receding,1,9000042,8760,8928,4264,140,302.0735971471295,24667010.89022087,170966.64768067613,24837977.537901547,2041477.6058549215,1611198.686804746,1543290.057777583,51176.22073327532,4206.26471780345,0.9578521075126766,15.415837749445453
iterative_q_receding,1,9000043,8760,8928,4310,140,272.7144250581041,23968622.297035627,260059.27085931285,24228681.56789494,1991398.485032461,1582146.5991907665,1521077.0584131065,44231.77961216533,3635.4887352464657,0.9614008330145287,15.31380314585727
iterative_q_receding,1,9000044,8760,8928,4095,142,248.74503883207217,25610944.444593683,247010.53017896693,25857954.97477265,2125311.367789533,1586694.8664958721,1505993.104601412,65982.26656299112,5423.199991478722,0.9491384489869275,16.296740804284894
iterative_q_receding,1,9000045,8760,8928,4151,144,293.4381289500743,26732006.86632185,197078.00713638394,26929084.873458233,2213349.441654101,1589822.8039933285,1492674.8422051896,81740.2454981623,6718.376342314709,0.9388938430470856,16.938419052624962
iterative_q_receding,1,9000046,8760,8928,4090,145,257.09138277871534,28726965.298749253,241554.8392982304,28968520.138047483,2380974.257921711,1585781.4742947912,1466599.9954133516,109064.53556825283,8964.208402870096,0.9248436932746735,18.26766210075067
iterative_q_receding,1,9000047,8760,8928,4224,141,311.6506014536135,26933755.40778744,211910.6741733846,27145666.081960823,2231150.636873492,1594467.8944917,1497920.7937141412,84213.6050833178,6921.666171231601,0.9394487019079573,17.024906036514825
iterative_q_receding,1,9000048,8760,8928,4433,142,290.0270825987682,26108350.630146723,239544.05354625554,26347894.68369298,2165580.384961067,1582400.7805992449,1493007.4345465417,76215.27466185352,6264.26915028933,0.9435077717676236,16.650582460983877
iterative_q_receding,1,9000049,8760,8928,4298,141,312.96819775458425,24440284.303502657,226698.99238100133,24666983.29588366,2027423.2845931775,1589194.9178221277,1515402.92576955,52046.20541341606,4277.770307952005,0.9535664308858324,15.521685237760455
iterative_q_receding,1,9000050,8760,8928,3771,143,318.2856511580758,26564165.023053024,215044.3517698036,26779209.37482283,2201030.9075196846,1591981.4895955909,1493715.4383311905,78414.1823104766,6445.001285792597,0.9382743757345051,16.821307000011362
iterative_q_receding,1,9000051,8760,8928,3788,141,328.7154146572575,28616140.03047106,284889.8179544829,28901029.848425545,2375427.110829497,1565639.0249619347,1431765.759569978,111240.33922866402,9143.041580438137,0.914492891875117,18.459574261779924
iterative_q_receding,1,9000052,8760,8928,4185,142,289.82976668095216,23655297.32605042,221207.61305615236,23876504.939106572,1962452.4607484853,1608256.3061584474,1552869.6541635483,36433.20534087514,2994.5100280171346,0.9655610540541276,14.846206321515416
iterative_q_receding,1,9000053,8760,8928,3764,141,347.2802628981881,27314096.126845226,239352.88485864803,27553449.011703875,2264667.0420578527,1606692.838436188,1498788.5815807534,87436.70860773916,7186.578789677191,0.9328407681455412,17.14917024122791
iterative_q_receding,1,9000054,8760,8928,4025,142,362.0178087176755,24447793.774696715,261172.4759904377,24708966.250687152,2030873.9384126428,1576605.2179657847,1510244.717204235,53855.83982975635,4426.507383267645,0.9579092470294045,15.672259592396822
iterative_q_receding,1,9000055,8760,8928,4010,145,372.03125104587525,25397437.55941572,215066.48582421857,25612504.04523994,2105137.3187868446,1595233.9319738874,1522722.1058338555,62607.24676485629,5145.801103960791,0.9545447067751949,16.055641452879524
iterative_q_receding,1,9000056,8760,8928,3980,138,323.0740532306954,24676321.07341485,247689.89570074872,24924010.9691156,2048548.846776625,1553165.4781309643,1484253.146039347,55875.56804836475,4592.512442331349,0.9556310431425861,16.047234708762943
iterative_q_receding,1,9000057,8760,8928,4114,144,275.13856443110853,24821145.477139585,215005.96680200275,25036151.443941586,2057765.872104788,1598955.6506583076,1534513.5444780218,53941.46085071584,4433.544727456097,0.959697377376443,15.657814795322139
iterative_q_receding,1,9000058,8760,8928,4173,142,307.44881089171395,26636370.565923795,200272.81228476227,26836643.37820856,2205751.5105376896,1599025.7521571955,1505014.7984096908,78507.04751319566,6452.634042180465,0.9412073547779469,16.78312143628962
iterative_q_receding,1,9000059,8760,8928,3982,142,310.3854294088669,25671140.773752306,158999.71295383558,25830140.48670614,2123025.2454826967,1605845.1208933052,1533214.8124916388,61496.60828265047,5054.515749258942,0.954771286809239,16.085075796311703
iterative_q_receding,1,9000060,8760,8928,3911,141,273.67179355211556,28196095.256330468,201895.68548063276,28397990.9418111,2334081.447272145,1569635.3788395326,1447509.3893585277,103066.26004625398,8471.199455856493,0.9221946758289206,18.09209407780193
iterative_q_receding,2,9000031,8760,8928,4491,142,325.7507876176387,23936719.680483207,302626.60560583463,24239346.28608904,1992275.0372127977,1569787.9989018934,1502487.5602092543,48523.35025991434,3988.220569308028,0.9571276893824405,15.441159126611415
iterative_q_receding,2,9000032,8760,8928,4594,137,262.74315469292924,24575375.097878873,256207.50066022263,24831582.598539095,2040951.9944004733,1587320.758303226,1514070.6521154484,54792.91333434479,4503.5271233708045,0.9538529904528694,15.643708096580891
iterative_q_receding,2,9000033,8760,8928,4105,142,298.42379692196846,25732266.731264707,310559.0021885368,26042825.733453244,2140506.22466739,1611713.8568818646,1525904.974770542,64042.79037694765,5263.790989886108,0.9467592328843443,16.158467349680503
iterative_q_receding,2,9000034,8760,8928,4432,136,285.5862006735988,25993290.48576469,296145.8360568289,26289436.32182152,2160775.5880949195,1591021.0156239818,1494768.2956958457,72687.19634912688,5974.290110887141,0.9395025464887484,16.52362606380223
iterative_q_receding,2,9000035,8760,8928,4343,140,297.65013157203794,24622446.643321786,231688.15071742694,24854134.794039212,2042805.5995100723,1588969.2418607417,1516121.3567447024,53518.32349942754,4398.766315021441,0.9541539992110032,15.641671430300375
iterative_q_receding,2,9000036,8760,8928,3958,140,350.59024967905134,25375428.241947174,291763.9900904322,25667192.232037608,2109632.2382496665,1603817.1227270185,1522109.5257492245,61101.983805187556,5022.080860700346,0.9490542931485454,16.003814816738526
iterative_q_receding,2,9000037,8760,8928,4355,139,242.09785903105512,26677184.81596967,239407.1976682763,26916592.013637945,2212322.6312579135,1622585.343824184,1536409.34609069,77072.66879500305,6334.7399009591545,0.9468896979370032,16.588706483814082
iterative_q_receding,2,9000038,8760,8928,4357,139,317.9155187900178,25290400.54833531,327647.9001914696,25618048.44852678,2105593.023166585,1591884.2620774736,1505255.4208110757,64289.42746584158,5284.062531439034,0.9455809424528491,16.092908924857507
iterative_q_receding,2,9000039,8760,8928,4067,141,324.20835654297844,25097717.75940565,262490.03213352396,25360207.791539174,2084400.6404004798,1589645.7676406705,1510595.8793096314,58743.966725297505,4828.271237695685,0.9502720103181453,15.953370434960759
iterative_q_receding,2,9000040,8760,8928,4223,143,338.1311456267722,25862034.84047145,214664.25756322386,26076699.098034672,2143290.3368247678,1570525.792653128,1483004.4080938764,71380.92381237813,5866.925244852997,0.9442725582931054,16.603801873245686
iterative_q_receding,2,9000041,8760,8928,4612,144,324.477333154995,24254874.84757067,218552.2199358388,24473427.067506507,2011514.5534936858,1553082.0503525338,1484969.4818270083,54762.24551164975,4501.006480409569,0.9561436123029916,15.757974320771583
iterative_q_receding,2,9000042,8760,8928,4472,140,296.06752391997725,26854650.36436022,306365.33829550946,27161015.70265573,2232412.249533348,1611198.686804746,1503616.6600978049,84011.57538218882,6905.06099031689,0.93322857845652,16.857645134083487
iterative_q_receding,2,9000043,8760,8928,4390,140,271.36926489695907,24849657.766358834,245620.16746744755,25095277.933826283,2062625.5836021602,1582146.5991907665,1506685.2688234854,57544.00975817321,4729.644637658072,0.952304463817779,15.861537702424018
iterative_q_receding,2,9000044,8760,8928,4359,137,248.9299603831023,25686224.226229146,256867.96147483273,25943092.18770398,2132308.946934574,1586694.8664958721,1504278.9761458626,69085.76414492998,5678.281984514793,0.9480581351271272,16.35039775794943
iterative_q_receding,2,9000045,8760,8928,4520,139,309.90365492366254,25739596.326338742,221633.98611574966,25961230.31245449,2133799.7517085886,1589822.8039933285,1504366.6307742407,69117.43591851574,5680.885143987594,0.9462479887667743,16.32963764719243
iterative_q_receding,2,9000046,8760,8928,4501,139,269.31938494509086,27320938.733162284,163411.81908982093,27484350.552252106,2258987.716623461,1585781.4742947912,1484456.4167025923,89629.45716037886,7366.804698113332,0.9361040223797172,17.331738955062896
iterative_q_receding,2,9000047,8760,8928,4542,140,320.2450003018603,25682781.99263087,253487.42043587263,25936269.41306674,2131748.1709369924,1594467.8944917,1507084.927399448,69241.33329723276,5691.068490183515,0.9451961576685689,16.266410570364577
iterative_q_receding,2,9000048,8760,8928,4377,141,296.0645129419863,25872427.292035103,211363.21334560023,26083790.5053807,2143873.192223071,1582400.7805992449,1496703.6021071724,72352.80675075504,5946.806034308634,0.9458435691243658,16.48368152062143
iterative_q_receding,2,9000049,8760,8928,4332,142,314.90094339987263,25462507.30384525,281735.7707595865,25744243.074604835,2115965.184214096,1589194.9178221277,1498119.9404094056,67647.79738654302,5560.092935880249,0.9426911221579204,16.199550342059606
iterative_q_receding,2,9000050,8760,8928,3991,138,380.2149994452484,26834362.65437997,217197.570104736,27051560.22448471,2223415.908861757,1591981.4895955909,1485817.9765245237,84985.22971336608,6985.087373701322,0.9333136008396455,16.992383643453408
iterative_q_receding,2,9000051,8760,8928,3960,137,328.78166288184,28361625.32125564,315130.7182707427,28676756.03952638,2356993.6470843605,1565639.0249619347,1434166.1461120811,109235.89419221356,8978.292673332622,0.9160260591658093,18.316326804784136
iterative_q_receding,2,9000052,8760,8928,4178,144,284.52844422357157,25136394.8675574,353206.59581925534,25489601.463376656,2095035.7367158893,1608256.3061584474,1528439.6265106862,58413.01489422473,4801.06971733354,0.9503706720489007,15.849215927691434
iterative_q_receding,2,9000053,8760,8928,3808,143,339.72665809001774,28289759.538789388,287826.78690742014,28577586.325696807,2348842.7117011077,1606692.838436188,1483645.8137844738,102974.83451797665,8463.685028874792,0.9234159624614514,17.786589721475135
iterative_q_receding,2,9000054,8760,8928,3996,142,361.99915273394436,23886938.165025637,218763.6805488201,24105701.845574457,1981290.5626499555,1576605.2179657847,1512479.3960158185,45721.04375324904,3757.8940071163593,0.959326646125969,15.289624549560253
iterative_q_receding,2,9000055,8760,8928,4254,143,425.33944791927934,26462588.704442095,244170.88289075845,26706759.587332852,2195076.130465714,1595233.9319738874,1502340.251812889,78990.03722677752,6492.331826858426,0.9417679888202636,16.74159447842664
iterative_q_receding,2,9000056,8760,8928,4446,139,323.85208396427333,24075348.952937637,188996.8563914308,24264345.809329066,1994329.7925475943,1553165.4781309643,1485115.37100331,51151.4444934997,4204.228314534222,0.9561861835806807,15.62251167115052
iterative_q_receding,2,9000057,8760,8928,4431,136,269.1130126360804,26211561.536629997,274963.4438068907,26486524.980436888,2176974.6559263193,1598955.6506583076,1506817.7771833187,74034.14546674099,6084.998257540356,0.9423762169782166,16.56489032046142
iterative_q_receding,2,9000058,8760,8928,4210,143,305.40506652230397,24645416.833784148,255293.4181293912,24900710.25191354,2046633.7193353595,1599025.7521571955,1529798.5610328862,50919.45340824642,4185.1605541024455,0.9567066440106314,15.572426033990242
iterative_q_receding,2,9000059,8760,8928,4074,140,295.0762185170315,27808739.004507735,260018.36655833994,28068757.371066075,2307021.1537862527,1605845.1208933052,1493239.3189813115,94405.16104152142,7759.328304782583,0.9298775451960443,17.479118630974753
iterative_q_receding,2,9000060,8760,8928,4084,137,319.86196638131514,25002164.13688858,275439.6280478722,25277603.76493645,2077611.2683509414,1569635.3788395326,1491495.2019546332,59951.104729159866,4927.488059930948,0.9502176251005057,16.104124630285003
iterative_q_direct,0,9000031,2160,8928,1249,33,23.887591711245477,5162801.397992946,212828.60474815228,5375630.002741098,1791876.6675803661,372430.0660718813,348662.8370706629,4553.295554454156,1517.7651848180521,0.9361833773199418,14.433931340289721
iterative_q_direct,0,9000032,2160,8928,1138,35,18.38542061066255,5495277.958293429,250402.91191568517,5745680.870209114,1915226.9567363712,399245.3761569624,371581.4991940699,5504.899617973523,1834.9665393245077,0.9307095870985954,14.39135231950742
iterative_q_direct,0,9000033,2160,8928,1142,33,21.08454735064879,5448388.556817101,202883.74480607818,5651272.30162318,1883757.433874393,392631.14943336044,371597.04866992775,5961.976890767202,1987.3256302557343,0.9464278348934139,14.393336620843796
iterative_q_direct,0,9000034,2160,8928,1089,34,20.052943722344935,5393202.8521866165,192931.02041853464,5586133.8726051515,1862044.624201717,386115.2785168188,365314.70806495374,4613.6571664024095,1537.8857221341364,0.9461286004227387,14.467528697810451
iterative_q_direct,0,9000035,2160,8928,1162,34,20.3552735298872,5435856.276043216,212173.92830952583,5648030.204352742,1882676.7347842474,374399.2913007368,351843.1556819111,7429.404876339977,2476.4682921133253,0.9397537972348686,15.085579314881645
iterative_q_direct,0,9000036,2160,8928,1102,36,23.15099151013419,5162979.673989268,249811.01733734668,5412790.6913266145,1804263.563775538,396325.8342308667,377584.4417270463,1115.7866397446815,371.9288799148938,0.9527121603359744,13.657425844648749
iterative_q_direct,0,9000037,2160,8928,1275,31,16.237835362087935,5055869.045325234,169599.45934917493,5225468.504674409,1741822.8348914697,385282.2620700704,379349.64400269394,0.0,0.0,0.9846018915184381,13.56270199567107
iterative_q_direct,0,9000038,2160,8928,1116,36,21.675360567867756,6165277.213141193,174369.0846878381,6339646.297829031,2113215.432609677,393886.8201610175,369254.37894794124,14731.984777045851,4910.661592348617,0.9374631494320965,16.095096289937906
iterative_q_direct,0,9000039,2160,8928,1076,35,21.67114264378324,5778341.42305575,212384.90240125958,5990726.3254570095,1996908.7751523366,386774.6349545641,358246.51679826016,10170.356298336526,3390.1187661121753,0.9262409796866455,15.488932789402705
iterative_q_direct,0,9000040,2160,8928,1072,36,20.599245071876794,5728934.911800794,141291.33033048562,5870226.24213128,1956742.0807104264,387992.79601956235,363593.2869618614,8691.109860801738,2897.0366202672462,0.937113499765932,15.129729990747835
iterative_q_direct,0,9000041,2160,8928,1164,34,22.471352122724056,6051097.332866616,300474.47565797076,6351571.808524586,2117190.6028415286,393672.31944489584,357098.6076993265,14225.925993069099,4741.975331023033,0.9070960544110881,16.13415903226502
iterative_q_direct,0,9000042,2160,8928,1049,34,21.49952894402668,6056831.599970651,314230.14781533176,6371061.747785983,2123687.2492619944,411684.1250348045,382043.33730604785,11819.578044249973,3939.8593480833247,0.9280011398878916,15.475607050058978
iterative_q_direct,0,9000043,2160,8928,1134,33,18.15676659392193,5668368.49471515,267422.7140507388,5935791.2087658895,1978597.0695886298,388251.17855546664,362429.4688026206,9494.791664770537,3164.9305549235123,0.9334922566135698,15.288533651979336
iterative_q_direct,0,9000044,2160,8928,1198,34,16.846990515943617,5583253.379265115,254849.26436533433,5838102.643630449,1946034.214543483,390195.6022661407,368811.2480161717,8117.585983324787,2705.8619944415955,0.9451958091639808,14.961989857713604
iterative_q_direct,0,9000045,2160,8928,1069,35,18.96956979483366,6693220.693793787,328081.7753532457,7021302.469147032,2340434.1563823437,390482.6775701306,340827.6424521361,23868.002924093595,7956.000974697865,0.8728367787606238,17.98108564722697
iterative_q_direct,0,9000046,2160,8928,1182,34,19.07545734057203,5020400.277211554,305682.20934283553,5326082.48655439,1775360.8288514633,381721.6934856551,360822.1749307603,1162.4437677741478,387.4812559247159,0.9452493297825102,13.95278963037122
iterative_q_direct,0,9000047,2160,8928,1157,33,21.915930471383035,5109478.143952453,186049.52398182548,5295527.667934278,1765175.889311426,377318.0752541105,364662.21086416964,1852.2724290521085,617.4241430173695,0.9664583670384261,14.034651439287465
iterative_q_direct,0,9000048,2160,8928,1175,33,20.348075438290834,7075420.870835211,280073.88568392675,7355494.756519138,2451831.585506379,392705.3888261524,350237.61989897344,29697.895879821466,9899.298626607155,0.8918584513084461,18.730312763228614
iterative_q_direct,0,9000049,2160,8928,1228,36,22.73471467429772,5510744.889953954,225015.26262691934,5735760.152580873,1911920.050860291,391117.69548405823,362807.5604660207,8005.250845823498,2668.4169486078326,0.927617350621275,14.665048957915687
iterative_q_direct,0,9000050,2160,8928,969,34,21.375939020887017,6010197.103201709,199180.45950346682,6209377.562705176,2069792.5209017254,390501.10058907396,358775.5486718591,12054.821409947586,4018.2738033158616,0.9187568181770637,15.901050095219402
iterative_q_direct,0,9000051,2160,8928,1090,35,25.385382836218923,5395288.953576157,198789.5396432345,5594078.493219391,1864692.8310731305,384109.6365932407,370181.7201581643,4578.058163771908,1526.0193879239691,0.9637397370224646,14.5637546166105
iterative_q_direct,0,9000052,2160,8928,1118,34,19.87756991898641,5776489.257564542,207859.88336505843,5984349.1409296,1994783.0469765333,397928.83196711226,378224.2948651828,8871.83464332796,2957.2782144426537,0.950482258336189,15.038742257872359
iterative_q_direct,0,9000053,2160,8928,1207,35,24.808443795889616,6030929.440702942,243420.76755306908,6274350.208256011,2091450.0694186706,387473.59864409367,352316.92486928427,15888.885562315323,5296.295187438441,0.9092669180614241,16.192974773538552
iterative_q_direct,0,9000054,2160,8928,1073,35,24.483402896672487,5662786.400724174,197649.79879524515,5860436.19951942,1953478.73317314,388748.58741330734,363822.29488033877,8223.254853609986,2741.0849512033287,0.9358806865413312,15.075131818520944
iterative_q_direct,0,9000055,2160,8928,1127,34,23.04426179593429,6171920.363500504,222509.66001114555,6394430.023511649,2131476.6745038833,388204.6136448108,360711.5700098225,15913.74962125159,5304.583207083863,0.9291789879134636,16.471803267547603
iterative_q_direct,0,9000056,2160,8928,1183,35,24.173706306610256,5382848.27000985,219706.12538230635,5602554.395392156,1867518.1317973854,380720.2034525248,358388.2733517377,5796.916232898206,1932.3054109660684,0.9413429340017364,14.71567398994308
iterative_q_direct,0,9000057,2160,8928,1011,32,18.985626135021448,5813970.830425795,183406.64828484418,5997377.478710639,1999125.82623688,395531.9613194659,369260.5799993845,9296.728418599057,3098.9094728663526,0.9335796246845844,15.162813793109978
iterative_q_direct,0,9000058,2160,8928,1255,36,24.172937171999365,5092534.086622885,168408.45403613776,5260942.540659023,1753647.513553008,388711.882821524,369109.57075201004,2528.618165205209,842.8727217350697,0.9495711015386831,13.534298212011622
iterative_q_direct,0,9000059,2160,8928,1019,32,22.68045130185783,5644435.350384816,257771.96351097847,5902207.313895794,1967402.4379652645,402637.8378960648,377998.14495059114,6916.669110272847,2305.556370090949,0.9388043282910882,14.658849115465806
iterative_q_direct,0,9000060,2160,8928,1141,33,21.046189535874873,5993468.670944795,214552.9788513139,6208021.649796109,2069340.549932036,391470.3359329281,359077.76039460086,12946.27763089166,4315.425876963887,0.9172540737700311,15.858217289955144
iterative_q_direct,1,9000031,2160,8928,1148,34,22.390572607982904,5864493.686600108,251312.0925445723,6115805.77914468,2038601.9263815603,372430.0660718813,338432.45306927216,13757.917242628217,4585.9724142094055,0.9087141020562841,16.421353527253334
iterative_q_direct,1,9000032,2160,8928,980,35,17.061182738281786,6066412.092406764,257252.1630121261,6323664.25541889,2107888.08513963,399245.3761569624,363489.0568917958,12928.212680139119,4309.40422671304,0.9104402420152033,15.839041935285321
iterative_q_direct,1,9000033,2160,8928,1041,34,20.4368799761869,6122110.3264657715,156350.18070205432,6278460.5071678255,2092820.1690559417,392631.14943336044,366448.04452346836,14013.571643501164,4671.190547833721,0.9333137349197099,15.990734602256618
iterative_q_direct,1,9000034,2160,8928,991,36,19.618688757997006,6114435.618749165,235488.9852186693,6349924.603967834,2116641.534655945,386115.2785168188,352760.2012038414,15021.77011973315,5007.256706577717,0.9136136817970427,16.445670392427214
iterative_q_direct,1,9000035,2160,8928,1159,33,20.17275260714814,5792197.8329332555,287103.4553307533,6079301.288264009,2026433.7627546699,374399.2913007368,344959.8280051079,13437.803324650082,4479.26777488336,0.9213688060323234,16.237480757891717
iterative_q_direct,1,9000036,2160,8928,1149,33,22.532710196916014,6627368.262103904,255704.97869484778,6883073.240798752,2294357.7469329173,396325.8342308667,354495.2043097809,21706.098580858732,7235.366193619578,0.89445394090379,17.367208105816392
iterative_q_direct,1,9000037,2160,8928,1033,35,14.319423875305802,6093925.585375269,252988.77376589458,6346914.3591411635,2115638.119713721,385282.2620700704,361169.65907406196,14475.218427649388,4825.072809216463,0.9374157458834086,16.473414387259968
iterative_q_direct,1,9000038,2160,8928,1109,36,21.56654287222773,6010241.031088566,203257.90105541647,6213498.9321439825,2071166.3107146607,393886.8201610175,363864.6827487348,13412.808778982027,4470.936259660676,0.9237797867925363,15.774833312787564
iterative_q_direct,1,9000039,2160,8928,945,35,20.36653663776815,6309783.363351338,174579.98356878632,6484363.346920124,2161454.448973375,386774.6349545641,356884.5874746465,16446.383509159707,5482.127836386569,0.922719731909439,16.765223882072483
iterative_q_direct,1,9000040,2160,8928,1209,35,21.853251948952675,5142427.216890198,258161.9551345444,5400589.172024743,1800196.3906749142,387992.79601956235,367475.07086854306,1950.8537266907194,650.2845755635732,0.9471182832219782,13.919302696930611
iterative_q_direct,1,9000041,2160,8928,1036,36,21.89773553190753,6591446.263007004,312196.9399133481,6903643.202920352,2301214.400973451,393672.31944489584,351119.2377644756,20847.90768971645,6949.302563238816,0.8919073565029338,17.536521776930996
iterative_q_direct,1,9000042,2160,8928,1033,33,20.815465641673654,6395138.5316785015,276021.1633519983,6671159.6950305,2223719.8983434997,411684.1250348045,375255.5649144339,16589.234931491494,5529.744977163831,0.9115133231885226,16.204559003742272
iterative_q_direct,1,9000043,2160,8928,1175,36,18.553162686061114,5444560.4094969975,262412.92359116435,5706973.333088161,1902324.4443627205,388251.17855546664,363711.5689676269,6321.234449385257,2107.0781497950857,0.9367945007169272,14.699178388386649
iterative_q_direct,1,9000044,2160,8928,1107,35,16.462738271337003,5514309.570873216,226604.3209311951,5740913.891804411,1913637.9639348036,390195.6022661407,364389.94958410197,6391.7524322263025,2130.5841440754343,0.9338648295055938,14.712912853099525
iterative_q_direct,1,9000045,2160,8928,1105,35,20.217414772138,5435001.421439631,277041.47311972966,5712042.894559361,1904014.2981864535,390482.6775701306,362963.5960446911,6015.283359979889,2005.0944533266295,0.9295254742241489,14.628159513000366
iterative_q_direct,1,9000046,2160,8928,1058,33,18.291389172896743,4990292.37655907,300925.336960815,5291217.713519885,1763739.2378399617,381721.6934856551,372797.23470427125,294.15587574002745,98.05195858000914,0.9766205093038045,13.861454048376546
iterative_q_direct,1,9000047,2160,8928,1199,36,21.92101555271074,5110147.8547743065,169047.85782079978,5279195.712595106,1759731.9041983685,377318.0752541105,365606.65673824784,2585.5321499754436,861.8440499918145,0.9689614166827936,13.991367121863306
iterative_q_direct,1,9000048,2160,8928,1069,36,19.337696577887982,6809322.826848276,201373.88372394256,7010696.7105722185,2336898.903524073,392705.3888261524,352234.8628054293,22539.167632490135,7513.055877496712,0.8969443069225641,17.852305850775576
iterative_q_direct,1,9000049,2160,8928,1281,36,22.542982824146748,5257602.586605585,308185.2076562404,5565787.794261825,1855262.598087275,391117.69548405823,360357.71930816735,5281.798636302055,1760.5995454340182,0.9213536576558586,14.230467857951172
iterative_q_direct,1,9000050,2160,8928,1082,35,21.907488541677594,5938905.073332537,195340.6491892621,6134245.722521799,2044748.5741739331,390501.10058907396,359814.31974297116,12575.971138371497,4191.990379457166,0.9214169158555211,15.708651558902757
iterative_q_direct,1,9000051,2160,8928,923,36,22.460479883942753,5950819.399873416,195296.64467704704,6146116.044550463,2048705.3481834875,384109.6365932407,356905.12108799565,11732.177577480594,3910.725859160198,0.9291751288863035,16.00094207232555
iterative_q_direct,1,9000052,2160,8928,1158,35,18.69937710184604,6168558.981813597,234730.99731095525,6403289.979124552,2134429.993041517,397928.83196711226,375311.94410794094,15553.51298603737,5184.504328679123,0.943163485421834,16.091545685369603
iterative_q_direct,1,9000053,2160,8928,1126,32,23.463926636148244,5845425.501741926,211631.17485675353,6057056.676598679,2019018.8921995596,387473.59864409367,360880.27311970474,12395.53178072607,4131.84392690869,0.9313673870492123,15.632179064056105
iterative_q_direct,1,9000054,2160,8928,1031,36,23.49648302514106,5469363.048190742,234009.2934797699,5703372.341670511,1901124.1138901704,388748.58741330734,363585.97399782925,5390.353272298357,1796.7844240994525,0.935272784956191,14.671107564969322
iterative_q_direct,1,9000055,2160,8928,1133,35,22.02024707896635,6256427.274742192,129188.28674328687,6385615.561485479,2128538.5204951596,388204.6136448108,361237.8474976967,15906.614360925127,5302.204786975042,0.9305346582722805,16.44909755587815
iterative_q_direct,1,9000056,2160,8928,1236,35,22.283414276316762,5701218.235864716,256014.01365806474,5957232.24952278,1985744.08317426,380720.2034525248,356710.2333619072,10355.112582595542,3451.7041941985144,0.9369353927821915,15.647271133762246
iterative_q_direct,1,9000057,2160,8928,1265,34,18.58597778202966,5775476.98679195,219725.7604412584,5995202.747233208,1998400.9157444027,395531.9613194659,365706.6622335693,10047.948015638045,3349.316005212682,0.9245944651693847,15.157315548492333
iterative_q_direct,1,9000058,2160,8928,1282,36,22.348706422373652,5132219.285397119,178927.04313564324,5311146.328532762,1770382.1095109207,388711.882821524,371168.251097861,2360.337746600546,786.7792488668485,0.9548672615914906,13.663452452189016
iterative_q_direct,1,9000059,2160,8928,955,33,19.570897039957345,6588741.245973935,294808.04219833424,6883549.288172269,2294516.4293907564,402637.8378960648,360241.2593814379,19849.138129483472,6616.37937649449,0.8947029451177141,17.096131163780885
iterative_q_direct,1,9000060,2160,8928,1113,35,18.57909065298736,6309541.751756695,129449.06450568474,6438990.81626238,2146330.27208746,391470.3359329281,359596.87322185584,17573.987093493906,5857.995697831302,0.9185801329362202,16.44822155149348
iterative_q_direct,2,9000031,2160,8928,1017,35,21.50023337127641,5370413.232717386,291063.3136994127,5661476.5464168,1887158.8488055998,372430.0660718813,345659.3937131273,5772.245541562899,1924.081847187633,0.9281189280953835,15.201448707216082
iterative_q_direct,2,9000032,2160,8928,1019,35,17.152887834701687,5637022.788700276,314928.3016985456,5951951.090398822,1983983.6967996075,399245.3761569624,362042.5551488751,7871.938881571428,2623.979627190476,0.9068171524835366,14.908002561459412
iterative_q_direct,2,9000033,2160,8928,1237,35,21.23381215892732,5790805.292953227,149326.72692717318,5940132.0198804,1980044.0066268,392631.14943336044,366290.5094002769,10262.295027585453,3420.765009195151,0.9329125056147533,15.12903912094879
iterative_q_direct,2,9000034,2160,8928,1148,33,19.847778036259115,5354149.587464712,236331.6493177786,5590481.23678249,1863493.7455941634,386115.2785168188,359710.971712298,5172.156547267678,1724.0521824225596,0.931615483060014,14.478787936745617
iterative_q_direct,2,9000035,2160,8928,1119,35,19.61617036582902,5452712.385851042,245965.30576973918,5698677.691620781,1899559.2305402604,374399.2913007368,347013.5663743577,7660.979976360038,2553.6599921200127,0.9268542287266739,15.220855979247327
iterative_q_direct,2,9000036,2160,8928,1143,36,22.552915081381798,6285127.41145446,267714.4635652559,6552841.875019715,2184280.6250065714,396325.8342308667,360609.0184478917,17037.254513590593,5679.084837863531,0.9098801725799955,16.533976110178504
iterative_q_direct,2,9000037,2160,8928,1216,35,15.594111413694918,5353826.170498904,221003.7050740116,5574829.875572915,1858276.6251909717,385282.2620700704,373775.3427252233,4304.5903042524305,1434.86343475081,0.970133794161657,14.469469333003016
iterative_q_direct,2,9000038,2160,8928,1174,35,22.199421192985028,6271356.617444315,212488.06567742446,6483844.68312174,2161281.56104058,393886.8201610175,363505.59869667696,16227.626887172699,5409.2089623909,0.9228681440726528,16.461187202128777
iterative_q_direct,2,9000039,2160,8928,1288,36,23.415033894125372,5145085.489116162,295921.90705743455,5441007.396173596,1813669.1320578654,386774.6349545641,364512.9063813122,3355.400155716018,1118.4667185720061,0.9424426356814555,14.067642767765193
iterative_q_direct,2,9000040,2160,8928,1064,34,20.62501169089228,5085175.640576525,318098.87447831297,5403274.515054838,1801091.5050182792,387992.79601956235,358671.9437104785,2445.6511408157385,815.2170469385795,0.9244293899013385,13.926223812625656
iterative_q_direct,2,9000041,2160,8928,1134,34,21.94123006425798,6061145.896649417,345531.41773642856,6406677.314385845,2135559.104795282,393672.31944489584,355167.44344181864,14386.516907610414,4795.505635870138,0.9021905424862697,16.274137138774925
iterative_q_direct,2,9000042,2160,8928,1156,36,21.68244313308969,5652149.6052356465,214843.81941305107,5866993.4246486975,1955664.474882899,411684.1250348045,386098.15999404894,6341.729001204332,2113.9096670681106,0.9378504938984653,14.251201510752185
iterative_q_direct,2,9000043,2160,8928,1129,33,17.002595221158117,6236779.823797961,289530.5936016145,6526310.417399575,2175436.805799858,388251.17855546664,349780.02423278854,18065.51161859577,6021.83720619859,0.9009116869501479,16.80950574749436
iterative_q_direct,2,9000044,2160,8928,1149,35,15.558965791016817,5590611.182978907,218176.38463827083,5808787.567617178,1936262.5225390594,390195.6022661407,368886.5839479656,7523.524070392921,2507.8413567976404,0.9453888813855957,14.8868606767515
iterative_q_direct,2,9000045,2160,8928,1178,32,19.705445870757103,6040294.680983726,249102.01564289397,6289396.69662662,2096465.5655422069,390482.6775701306,350661.24184389715,14564.506881801599,4854.835627267199,0.8980199685834167,16.106723954475665
iterative_q_direct,2,9000046,2160,8928,1216,34,19.193230957258493,5122331.832127922,253521.34956747392,5375853.181695396,1791951.0605651322,381721.6934856551,367349.9742849153,2580.1635243528162,860.0545081176055,0.9623502686747881,14.083174400192735
iterative_q_direct,2,9000047,2160,8928,1239,35,22.631630236748606,5420876.701906357,188477.3490956259,5609354.051001983,1869784.6836673275,377318.0752541105,360990.74013843975,6819.165167961767,2273.055055987256,0.9567279274795546,14.866380433071697
iterative_q_direct,2,9000048,2160,8928,1039,34,19.92582878936082,6256099.973466156,160597.63642760325,6416697.60989376,2138899.2032979196,392705.3888261524,366718.4135913204,15181.973019013027,5060.657673004342,0.933825773788054,16.339723855264896
iterative_q_direct,2,9000049,2160,8928,1117,36,21.81336309807375,5164239.332971894,289887.6658388427,5454126.998810736,1818042.332936912,391117.69548405823,362705.91689203767,3915.704509278105,1305.234836426035,0.9273574708583375,13.944976312208416
iterative_q_direct,2,9000050,2160,8928,1031,36,21.449822483118623,6547299.898701293,249043.77810389447,6796343.676805188,2265447.892268396,390501.10058907396,346877.2693520933,20934.92513620248,6978.30837873416,0.8882875588028464,17.404160107494832
iterative_q_direct,2,9000051,2160,8928,997,35,22.45663166930899,6769057.536118922,218702.621628839,6987760.15774776,2329253.38591592,384109.6365932407,349109.4643319765,23909.10602497135,7969.702008323782,0.9088797339955096,18.192098015878642
iterative_q_direct,2,9000052,2160,8928,1112,36,18.547749853227288,6076598.251149889,227511.3368748173,6304109.588024707,2101369.862674902,397928.83196711226,368997.8022786583,13765.17009299526,4588.39003099842,0.9272959701225042,15.84230415489402
iterative_q_direct,2,9000053,2160,8928,1190,34,23.869154784828424,6049190.460125836,214891.85372306735,6264082.313848903,2088027.4379496344,387473.59864409367,357194.8209480422,15890.427986146886,5296.809328715628,0.9218558946931932,16.166475176035554
iterative_q_direct,2,9000054,2160,8928,1067,36,23.699190657120198,5608997.236120138,254292.80723017585,5863290.043350314,1954430.0144501047,388748.58741330734,362659.0562781821,7493.084126365493,2497.6947087884973,0.9328884220294605,15.082472922574551
iterative_q_direct,2,9000055,2160,8928,1009,35,20.519214699976146,7303972.390363971,214386.99243192503,7518359.382795895,2506119.7942652986,388204.6136448108,343827.7620503581,30979.36778026062,10326.45592675354,0.8856869546762898,19.36700162372322
iterative_q_direct,2,9000056,2160,8928,1176,36,22.476463665720075,5661843.333409194,231737.6797194335,5893581.013128627,1964527.004376209,380720.2034525248,351459.2300307018,9403.79790854219,3134.5993028473968,0.9231431031070254,15.480084743817772
iterative_q_direct,2,9000057,2160,8928,1100,36,18.18605173099786,5934083.7484560665,228204.3534501474,6162288.101906214,2054096.0339687378,395531.9613194659,364882.2378661842,11521.189984339257,3840.396661446419,0.92251012193544,15.579747541385197
iterative_q_direct,2,9000058,2160,8928,1132,35,21.551360352896154,5222632.793453753,165406.048945211,5388038.842398964,1796012.9474663213,388711.882821524,370467.73474949534,2842.121873458776,947.373957819592,0.9530651135756367,13.861266095826732
iterative_q_direct,2,9000059,2160,8928,1068,34,20.785059724003077,5964940.066799168,284254.58136877936,6249194.648167947,2083064.8827226493,402637.8378960648,371684.2245268952,12126.009008177787,4042.0030027259286,0.9231229396349981,15.520634326923561
iterative_q_direct,2,9000060,2160,8928,1139,33,19.116129477974027,6332714.026348382,228749.45557954634,6561463.4819279285,2187154.493975976,391470.3359329281,353747.37245399837,18633.5059633537,6211.168654451233,0.9036377471896289,16.76107454295624
iterative_q_direct,0,9000031,720,8928,492,12,4.04047867981717,1588258.0301483576,129061.25914391472,1717319.2892922724,1717319.2892922722,121839.28080369442,110998.62566997677,0.0,0.0,0.9110249579428826,14.094955895703217
iterative_q_direct,0,9000032,720,8928,340,10,2.391811145003885,1818077.3283703108,228719.22149103144,2046796.5498613422,2046796.549861342,133447.3440508756,109571.7543922136,2288.8002851154633,2288.8002851154633,0.8210860633572471,15.337859021615442
iterative_q_direct,0,9000033,720,8928,444,11,3.339138309005648,1676826.9110644588,254834.56530671375,1931661.4763711726,1931661.4763711728,128937.75836996875,110788.8695229537,1541.9493310936623,1541.9493310936623,0.8592430248791872,14.981348371425396
iterative_q_direct,0,9000034,720,8928,385,9,3.0128480307757854,1534774.4266873992,188493.2867447995,1723267.7134321986,1723267.7134321989,119085.63231910756,104487.52628219857,0.0,0.0,0.877415052071175,14.470828091288526
iterative_q_direct,0,9000035,720,8928,471,10,3.385146468412131,1385563.2371208293,272619.5965100081,1658182.8336308375,1658182.8336308373,112151.45201469958,97616.76276203428,0.0,0.0,0.8704012387573881,14.785210568771781
iterative_q_direct,0,9000036,720,8928,450,11,4.379860144108534,1561197.5291098978,203253.32063138904,1764450.8497412868,1764450.8497412866,122364.081108585,108789.53504613882,0.0,0.0,0.8890642912571686,14.41967964582291
iterative_q_direct,0,9000037,720,8928,449,10,3.1506585548631847,1576776.934733045,188386.11075260176,1765163.045485647,1765163.045485647,120299.47887454001,113536.54094713574,225.09777964920366,225.09777964920366,0.9437824835928232,14.673073083936885
iterative_q_direct,0,9000038,720,8928,414,12,3.856048489920795,2158875.707033561,253166.82782031994,2412042.534853881,2412042.534853881,133790.67117978266,106384.74811619836,7591.816541887224,7591.816541887223,0.7951581913603132,18.028480712326147
iterative_q_direct,0,9000039,720,8928,418,10,4.128117625135928,1624309.8397145625,266803.2439746247,1891113.0836891872,1891113.0836891872,127801.99857145117,109738.53595843476,420.5202613675219,420.5202613675219,0.8586605623157173,14.797210566561752
iterative_q_direct,0,9000040,720,8928,390,11,3.618577198125422,1551172.0709627836,229236.2842956428,1780408.3552584264,1780408.3552584264,124349.39446956229,105837.86266804695,0.0,0.0,0.8511329156005941,14.317788702173592
iterative_q_direct,0,9000041,720,8928,344,12,3.628347500693053,1693767.6354460088,269796.33363190136,1963563.96907791,1963563.96907791,122563.14833151178,103892.18946326585,1296.0327749024184,1296.0327749024184,0.8476625386796995,16.020834939445376
iterative_q_direct,0,9000042,720,8928,367,11,3.631516819819808,2179767.0386180896,203205.62236071244,2382972.660978802,2382972.660978802,138847.32357664805,113203.0421867217,6571.06465681019,6571.064656810189,0.815305900543557,17.162539396471168
iterative_q_direct,0,9000043,720,8928,450,10,3.5996715486980975,1732074.4229028965,285400.398544585,2017474.8214474814,2017474.8214474814,132215.3273900092,110023.65747556424,2118.8894445657434,2118.8894445657434,0.8321550885777116,15.259008628374287
iterative_q_direct,0,9000044,720,8928,392,11,3.043740895111114,1963356.6301774974,202564.18453693902,2165920.8147144364,2165920.8147144364,133798.29071006746,109241.0551765403,3909.0572161697096,3909.0572161697096,0.816460767897692,16.18795578941925
iterative_q_direct,0,9000045,720,8928,391,12,3.7308715847320855,1549218.802385439,288740.9204919526,1837959.7228773916,1837959.7228773916,127713.52070975435,109826.49057159899,0.0,0.0,0.8599441152451981,14.391269715713147
iterative_q_direct,0,9000046,720,8928,430,12,3.678886665031314,1672085.4467113598,201473.6119310069,1873559.0586423667,1873559.0586423664,127596.26918280081,113023.97997713945,483.874792153688,483.874792153688,0.8857937673335544,14.68349404447094
iterative_q_direct,0,9000047,720,8928,500,11,4.63823016313836,1558683.121639362,197971.3172520211,1756654.4388913831,1756654.4388913831,121866.25958169623,111252.68740440652,53.42064401301056,53.42064401301056,0.9129080336614859,14.414608644928204
iterative_q_direct,0,9000048,720,8928,350,11,3.5100956158712506,2029906.8217071053,217719.983872941,2247626.805580046,2247626.805580046,131662.38148080566,117941.18948625306,4633.440398422369,4633.440398422369,0.8957850234802798,17.071138925948375
iterative_q_direct,0,9000049,720,8928,450,11,4.063165342900902,1459531.0159219566,200792.17885829712,1660323.1947802538,1660323.1947802538,125530.02864371562,108998.85053137713,0.0,0.0,0.8683089752233074,13.226502158241754
iterative_q_direct,0,9000050,720,8928,425,12,4.370600491762161,1672499.053395181,178236.0394993173,1850735.0928944983,1850735.0928944983,129284.98392580278,118692.24155844872,0.0,0.0,0.9180667232519959,14.315158935678433
iterative_q_direct,0,9000051,720,8928,373,12,5.240143105853349,2035038.974020734,229614.4927046779,2264653.466725412,2264653.466725412,126255.53709801471,105914.28071262162,6116.711917933386,6116.711917933386,0.8388882036151669,17.93706255407488
iterative_q_direct,0,9000052,720,8928,428,12,4.19739339267835,1623895.6884050225,170356.16510170407,1794251.8535067267,1794251.8535067267,131114.0303947276,123655.49821978233,0.0,0.0,0.9431141567954943,13.684667065035
iterative_q_direct,0,9000053,720,8928,497,12,5.130357868038118,1576820.1350633963,192672.6404631179,1769492.7755265143,1769492.7755265143,127062.03528555942,112391.16967345751,0.0,0.0,0.8845377725995763,13.926211488347038
iterative_q_direct,0,9000054,720,8928,399,11,4.533193243667483,2073101.493681246,264489.8398768407,2337591.333558087,2337591.333558087,125438.49962236239,102773.6322434629,6554.965155001741,6554.96515500174,0.8193149037406141,18.63535788928837
iterative_q_direct,0,9000055,720,8928,357,11,4.090412991121411,1619381.5956523875,268195.0992389646,1887576.6948913522,1887576.6948913522,123383.04270529884,107306.04044608434,651.6504986002923,651.6504986002923,0.8696984455342497,15.298509856008664
iterative_q_direct,0,9000056,720,8928,412,12,4.389644191134721,1597478.359228808,274384.5355547942,1871862.894783602,1871862.894783602,126597.58637664591,111615.60714583287,0.0,0.0,0.8816566756159196,14.78592877130013
iterative_q_direct,0,9000057,720,8928,390,11,3.639933220576495,1757870.3487199717,225285.2828317436,1983155.6315517153,1983155.6315517153,138818.49036983738,118064.86091010888,1061.2037896194436,1061.2037896194436,0.8504980899559049,14.285961663091369
iterative_q_direct,0,9000058,720,8928,430,12,4.335797274019569,1702375.5264803532,160640.61140011554,1863016.1378804687,1863016.1378804687,131799.9311727588,119388.12560360291,976.8380030092618,976.8380030092618,0.9058284366409347,14.135182934492518
iterative_q_direct,0,9000059,720,8928,403,9,4.062193414662033,1607455.3375035147,152331.2560823232,1759786.5935858379,1759786.5935858379,129570.19979024788,114037.88283618346,0.0,0.0,0.8801243111517263,13.581723239098444
iterative_q_direct,0,9000060,720,8928,343,11,3.380031474865973,1737736.8532696124,346863.0886827187,2084599.941952331,2084599.9419523308,132046.44942872762,103777.19719042041,2580.8245925488372,2580.8245925488372,0.7859143327169459,15.786868567620962
iterative_q_direct,1,9000031,720,8928,509,11,4.837835129350424,1564826.8979955127,172419.11130049286,1737246.0092960056,1737246.0092960056,121839.28080369442,113653.6807216859,0.0,0.0,0.9328164116858418,14.258505121144221
iterative_q_direct,1,9000032,720,8928,353,11,2.9462196910753846,1847111.302013242,189744.46352696992,2036855.765540212,2036855.7655402122,133447.3440508756,115011.19728694718,2700.150830365071,2700.150830365071,0.8618470311638439,15.263366836013454
iterative_q_direct,1,9000033,720,8928,435,11,3.959049721248448,1663835.0057194824,126949.68316790547,1790784.688887388,1790784.6888873877,128937.75836996875,115036.8079545401,0.0,0.0,0.8921886762173898,13.888753081537088
iterative_q_direct,1,9000034,720,8928,405,11,3.604251068085432,1569914.4266335922,210915.64155464483,1780830.068188237,1780830.0681882373,119085.63231910756,98351.64288018183,73.27836699195565,73.27836699195565,0.8258900840080695,14.954197525829477
iterative_q_direct,1,9000035,720,8928,505,10,4.10700166830793,1404331.7346426235,207770.55899223324,1612102.2936348566,1612102.2936348568,112151.45201469958,104329.25425075894,0.0,0.0,0.9302532635697361,14.374332785486896
iterative_q_direct,1,9000036,720,8928,420,10,4.295761744957417,1573223.5128411213,172961.1769010423,1746184.6897421635,1746184.6897421635,122364.081108585,109553.16657763152,0.0,0.0,0.895304942309131,14.270402506374497
iterative_q_direct,1,9000037,720,8928,413,9,3.040191068779677,1525890.4489970396,258833.11106245572,1784723.5600594953,1784723.560059495,120299.47887454001,98573.16568016836,0.0,0.0,0.8193981104687081,14.83567158192579
iterative_q_direct,1,9000038,720,8928,427,12,4.04355287225917,1741234.7869860989,217945.5115583506,1959180.2985444495,1959180.2985444495,133790.67117978266,114819.64906584857,1328.6377293737562,1328.6377293737562,0.8582037002531995,14.643624112713956
iterative_q_direct,1,9000039,720,8928,429,11,4.32596469623968,1577479.8690861182,270608.808207186,1848088.6772933041,1848088.6772933044,127801.99857145117,113269.39541392133,0.0,0.0,0.8862881385269965,14.460561634019205
iterative_q_direct,1,9000040,720,8928,358,12,3.532687994185835,1604792.3431782685,219203.61094889158,1823995.9541271601,1823995.9541271601,124349.39446956229,103821.46821153456,648.3650767199177,648.3650767199177,0.8349173605099262,14.668313922297628
iterative_q_direct,1,9000041,720,8928,383,11,3.9324303716421127,1619757.1758658006,238000.30375624722,1857757.4796220479,1857757.4796220479,122563.14833151178,110362.97767281908,0.0,0.0,0.9004580836509406,15.157553513533614
iterative_q_direct,1,9000042,720,8928,407,11,3.9438117779791355,2038656.801833535,201304.4059311157,2239961.2077646507,2239961.2077646507,138847.32357664805,118837.37491322192,4524.629543496149,4524.629543496149,0.8558852403634557,16.132548687754305
iterative_q_direct,1,9000043,720,8928,437,9,3.443546799942851,1805180.7644374436,279322.4855316513,2084503.249969095,2084503.249969095,132215.3273900092,109507.8642475223,3094.143001090837,3094.1430010908375,0.8282539279617382,15.765972759120588
iterative_q_direct,1,9000044,720,8928,405,12,3.1951862340793014,2143467.799821863,178466.89802820652,2321934.6978500695,2321934.6978500695,133798.29071006746,115431.2834245358,6235.231607722474,6235.231607722474,0.8627261440481939,17.35399372837697
iterative_q_direct,1,9000045,720,8928,432,12,3.8735543699003756,1529411.737969793,288206.12490531296,1817617.8628751058,1817617.862875106,127713.52070975435,107684.98790931601,0.0,0.0,0.8431760968679597,14.231992452904652
iterative_q_direct,1,9000046,720,8928,487,11,4.007615780923516,1575433.795886602,224819.08948144998,1800252.885368052,1800252.8853680517,127596.26918280081,117699.98844900313,0.0,0.0,0.9224406732486843,14.108977455985954
iterative_q_direct,1,9000047,720,8928,462,12,4.485876570921391,1573197.648622138,216573.51197782467,1789771.1605999626,1789771.1605999626,121866.25958169623,115349.63352065498,0.0,0.0,0.9465264127789804,14.686355080916739
iterative_q_direct,1,9000048,720,8928,414,10,3.9042724720202386,1923677.1573495334,300380.4438064939,2224057.601156027,2224057.601156027,131662.38148080566,111254.27688248035,4484.227999934277,4484.227999934277,0.8449966925343781,16.892126483981762
iterative_q_direct,1,9000049,720,8928,508,10,4.450557167176157,1539374.1812882249,147102.8334933456,1686477.0147815705,1686477.0147815705,125530.02864371562,109259.02401424006,0.0,0.0,0.8703815747891162,13.43484927871878
iterative_q_direct,1,9000050,720,8928,473,11,4.465913240797818,1530126.8793661697,290302.9935305177,1820429.8728966874,1820429.8728966876,129284.98392580278,109911.47940338436,0.0,0.0,0.8501488422388098,14.080752594914195
iterative_q_direct,1,9000051,720,8928,417,11,4.334789226297289,1734559.8022270082,258784.7871334601,1993344.5893604683,1993344.5893604683,126255.53709801471,108831.30710492283,2449.023611734716,2449.023611734716,0.8619923498518318,15.788175593542443
iterative_q_direct,1,9000052,720,8928,485,12,4.242319606244564,1589278.183356172,212655.46897026803,1801933.65232644,1801933.6523264397,131114.0303947276,121736.6974833494,182.3847485999207,182.3847485999207,0.9284795617742273,13.743255751513379
iterative_q_direct,1,9000053,720,8928,413,10,4.451749523170292,1547798.654194651,322158.00133112306,1869956.655525774,1869956.655525774,127062.03528555942,103172.73614879904,0.0,0.0,0.8119871204402517,14.716879446509969
iterative_q_direct,1,9000054,720,8928,358,12,3.9398557720705867,1635907.720316239,222872.3604531766,1858780.0807694155,1858780.0807694155,125438.49962236239,107683.4493507841,416.2163267430652,416.2163267430652,0.8584561332841943,14.818258241013302
iterative_q_direct,1,9000055,720,8928,402,12,3.927857237868011,1655051.839233314,255415.60190184304,1910467.441135157,1910467.441135157,123383.04270529884,105322.18497685625,1694.522361059266,1694.522361059266,0.8536196114762621,15.484035725219714
iterative_q_direct,1,9000056,720,8928,426,11,4.18719805823639,1986169.610024572,266709.60145504744,2252879.211479619,2252879.211479619,126597.58637664591,103106.8586447795,5267.057970955783,5267.057970955783,0.814445690441695,17.79559370726849
iterative_q_direct,1,9000057,720,8928,413,11,3.433821461163461,1695731.8483575522,237064.65370560187,1932796.502063154,1932796.5020631538,138818.49036983738,115962.56306719067,0.0,0.0,0.8353538693458312,13.923192053982413
iterative_q_direct,1,9000058,720,8928,386,12,3.820307704154402,1782719.5562927758,151346.59117738795,1934066.1474701636,1934066.1474701636,131799.9311727588,117696.71993286,1516.0885372045072,1516.0885372045072,0.8929953064890997,14.674257643845477
iterative_q_direct,1,9000059,720,8928,402,11,3.8395936377346516,1589003.3241302215,195691.66945354943,1784694.993583771,1784694.993583771,129570.19979024788,113565.93054133875,0.0,0.0,0.8764818663950714,13.773961886860471
iterative_q_direct,1,9000060,720,8928,369,8,3.1916894600726664,1765692.8282878916,256408.4901919131,2022101.3184798048,2022101.3184798048,132046.44942872762,108772.4495151563,2334.5024324649735,2334.5024324649735,0.8237438415477161,15.31356069949642
iterative_q_direct,2,9000031,720,8928,498,11,4.968832724262029,1538395.2302121636,247007.01908142047,1785402.2492935841,1785402.2492935844,121839.28080369442,106153.68072168593,0.0,0.0,0.871259909131597,14.653749082532725
iterative_q_direct,2,9000032,720,8928,330,10,2.835803218651563,1655692.1200815695,229467.80457299325,1885159.9246545627,1885159.9246545625,133447.3440508756,113686.86153776511,0.0,0.0,0.8519229988902816,14.126620039255801
iterative_q_direct,2,9000033,720,8928,431,10,3.6831635679118335,1657966.3191451046,213319.8344713518,1871286.1536164563,1871286.153616456,128937.75836996875,110747.21323176604,497.3764743555271,497.3764743555271,0.8589199520127572,14.513096685356233
iterative_q_direct,2,9000034,720,8928,424,11,3.6020686719566584,1600215.0767974013,148765.31708544117,1748980.3938828425,1748980.3938828425,119085.63231910756,101549.31726862071,769.6057528252315,769.6057528252315,0.8527419747539677,14.686745662114728
iterative_q_direct,2,9000035,720,8928,497,10,4.047673693858087,1371519.2952192142,231034.77841361956,1602554.0736328338,1602554.0736328338,112151.45201469958,95784.53282806926,0.0,0.0,0.8540641347694267,14.289195947483485
iterative_q_direct,2,9000036,720,8928,442,11,4.443259513936937,1732982.6593155318,196672.36873371023,1929655.028049242,1929655.0280492418,122364.081108585,103906.86406997738,2460.1246888683077,2460.1246888683077,0.8491614788311219,15.769783179566232
iterative_q_direct,2,9000037,720,8928,450,9,3.463761255145073,1602390.300735963,147461.4993244519,1749851.800060415,1749851.800060415,120299.47887454001,113172.82567577958,0.0,0.0,0.9407590684063328,14.54579700952263
iterative_q_direct,2,9000038,720,8928,330,11,3.486124550923705,1958926.728198288,269038.8780666057,2227965.606264894,2227965.606264894,133790.67117978266,106538.36135722602,4932.188021487861,4932.188021487861,0.7963063524366654,16.65262298647894
iterative_q_direct,2,9000039,720,8928,428,11,4.384616976603866,1608375.3908655655,216880.58642971734,1825255.9772952828,1825255.9772952828,127801.99857145117,115584.97870043329,0.0,0.0,0.9044066602433637,14.281904803506057
iterative_q_direct,2,9000040,720,8928,422,10,4.026265040971339,1583425.911218481,173596.51116612676,1757022.4223846076,1757022.4223846074,124349.39446956229,108761.80461082925,44.388143017582244,44.388143017582244,0.8746468374435993,14.129722383285783
iterative_q_direct,2,9000041,720,8928,428,11,4.211435806937516,1818939.3667249,261464.15651860292,2080403.523243503,2080403.5232435032,122563.14833151178,101966.99353959953,3423.265068317453,3423.265068317453,0.8319547508994851,16.974135795013822
iterative_q_direct,2,9000042,720,8928,406,11,3.9067093110643327,2075082.136583995,190044.95589492304,2265127.092478918,2265127.092478918,138847.32357664805,118595.59192076816,5020.305253696858,5020.305253696858,0.8541438816809436,16.313797300014194
iterative_q_direct,2,9000043,720,8928,461,10,3.65518136927858,1573757.036366526,281811.0878460234,1855568.1242125495,1855568.1242125495,132215.3273900092,112976.19095281567,0.0,0.0,0.8544863381804301,14.034440339424407
iterative_q_direct,2,9000044,720,8928,429,12,3.4691728930920362,1657693.0538410207,240806.56030508035,1898499.614146101,1898499.614146101,133798.29071006746,121709.3224305801,226.11275009958342,226.11275009958342,0.9096478122752449,14.189266574862538
iterative_q_direct,2,9000045,720,8928,441,11,3.9027512301690876,1713093.3016136356,219781.18300543394,1932874.4846190696,1932874.4846190698,127713.52070975435,106982.79195102442,2556.718258229188,2556.718258229188,0.837677885289505,15.134454628431858
iterative_q_direct,2,9000046,720,8928,460,11,3.932581008877605,1619265.026884229,176006.17848101474,1795271.2053652436,1795271.2053652436,127596.26918280081,120772.20295680156,0.0,0.0,0.9465182934445932,14.069934935113565
iterative_q_direct,2,9000047,720,8928,427,12,4.232638855930418,1563893.3781161532,203875.36248395857,1767768.7406001117,1767768.7406001117,121866.25958169623,111243.3427372613,0.0,0.0,0.912831353970345,14.505809455939211
iterative_q_direct,2,9000048,720,8928,380,10,3.681838828139007,1978487.0192483957,209353.83730043194,2187840.8565488276,2187840.8565488276,131662.38148080566,113311.84100431924,4031.279175469742,4031.279175469742,0.8606242704248697,16.617053648446888
iterative_q_direct,2,9000049,720,8928,454,11,4.232238932047039,1551459.81319643,138338.32158634096,1689798.1347827709,1689798.1347827709,125530.02864371562,112404.10735165753,0.0,0.0,0.8954360049633016,13.461306055930441
iterative_q_direct,2,9000050,720,8928,505,11,4.857075641397387,1575639.5554046188,240638.91749237783,1816278.4728969967,1816278.472896997,129284.98392580278,111385.00945786423,0.0,0.0,0.8615463766603287,14.04864213727533
iterative_q_direct,2,9000051,720,8928,453,12,4.4700228637084365,1548347.4114165383,250283.82622114377,1798631.2376376821,1798631.2376376821,126255.53709801471,110530.07052812628,0.0,0.0,0.8754473116083579,14.245959258336278
iterative_q_direct,2,9000052,720,8928,498,12,4.099920163396746,1610615.575449489,167445.81805575927,1778061.3935052482,1778061.393505248,131114.0303947276,121940.66981005305,0.0,0.0,0.9300352482716188,13.561183255157934
iterative_q_direct,2,9000053,720,8928,468,10,4.559339622966945,2012085.052162067,206970.15356315218,2219055.205725219,2219055.205725219,127062.03528555942,104473.42191682883,5846.651083301742,5846.651083301743,0.8222237404118004,17.464344882703248
iterative_q_direct,2,9000054,720,8928,418,10,4.238351045176387,2018161.4682325816,239337.75081132413,2257499.219043906,2257499.219043906,125438.49962236239,105228.79617124166,6011.194056521346,6011.194056521345,0.8388875543635897,17.99686081896864
iterative_q_direct,2,9000055,720,8928,363,11,3.671244157012552,1942068.2474847212,310181.4371550596,2252249.684639781,2252249.684639781,123383.04270529884,94664.5966386771,5453.437859122952,5453.437859122952,0.7672415476475489,18.254126622726375
iterative_q_direct,2,9000056,720,8928,352,11,3.705484232865274,1863386.38183801,251164.858439791,2114551.2402778007,2114551.2402778007,126597.58637664591,106482.39780640669,2863.3210428175976,2863.3210428175976,0.8411092253339361,16.702934872602615
iterative_q_direct,2,9000057,720,8928,415,11,3.4948063693009317,1935216.1266942516,207664.3658271393,2142880.492521391,2142880.492521391,138818.49036983738,119619.07241401721,3560.7026802430496,3560.70268024305,0.8616940876919964,15.4365638670495
iterative_q_direct,2,9000058,720,8928,446,10,4.485225630924106,1592309.2792613194,200658.83109922052,1792968.11036054,1792968.11036054,131799.9311727588,116115.12624710529,0.0,0.0,0.8809953481303839,13.603710520989416
iterative_q_direct,2,9000059,720,8928,501,11,4.810153376311064,1601901.0869234481,171169.98666175408,1773071.0735852022,1773071.0735852022,129570.19979024788,120498.60232515141,0.0,0.0,0.9299870071993264,13.684250517908461
iterative_q_direct,2,9000060,720,8928,334,10,3.070381241850555,1901844.2432543025,321134.6464281383,2222978.889682441,2222978.889682441,132046.44942872762,102826.75510650949,4921.590811306629,4921.590811306629,0.7787165467255557,16.834825164172997
iterative_q_direct,0,9000031,8760,8928,4330,138,320.8971487148665,24516525.69701672,299157.3938471447,24815683.090863865,2039645.1855504545,1569787.9989018934,1490805.9429643864,56699.45888738529,4660.229497593311,0.9496861639961849,15.8083022091028
iterative_q_direct,0,9000032,8760,8928,4456,138,263.932746109087,24162102.137439393,242855.6352120665,24404957.77265146,2005886.9402179283,1587320.758303226,1516926.9980879615,47581.465587756815,3910.8053907745325,0.9556524666819627,15.37493770240821
iterative_q_direct,0,9000033,8760,8928,4095,137,303.7748010721989,25072767.79964664,215667.20109790785,25288435.000744548,2078501.5069105108,1611713.8568818646,1538850.0423224214,53933.650685086206,4432.902796034483,0.9547910975336462,15.690399938404289
iterative_q_direct,0,9000034,8760,8928,4579,140,293.5746530559845,24912581.992983766,226077.91717386572,25138659.910157632,2066191.2254924083,1591021.0156239818,1514704.6245588087,58132.94208010146,4778.050033980941,0.9520330716466101,15.800331776446404
iterative_q_direct,0,9000035,8760,8928,4216,137,301.30569871980697,23912434.856056903,210826.07859773998,24123260.934654642,1982733.7754510667,1588969.2418607417,1529453.0105428777,43609.76955485652,3584.3646209471112,0.9625441262486816,15.181704150802448
iterative_q_direct,0,9000036,8760,8928,4138,143,329.7307054470293,26387321.587518215,216874.06605774647,26604195.65357596,2186646.218102134,1603817.1227270185,1508887.9255705592,74000.85293571887,6082.261885127578,0.9408104603628072,16.58804814874407
iterative_q_direct,0,9000037,8760,8928,4023,138,248.028110393323,24210569.636708073,257541.88086169786,24468111.517569773,2011077.6589783377,1622585.343824184,1570673.682991137,41196.98861742576,3386.053858966501,0.9680068225498085,15.079706969312442
iterative_q_direct,0,9000038,8760,8928,4651,140,327.33771425578743,23580216.07417469,284005.2543976035,23864221.328572296,1961442.8489237502,1591884.2620774736,1531340.020752435,40920.22738766379,3363.306360629901,0.9619669326675635,14.991178628418952
iterative_q_direct,0,9000039,8760,8928,4215,139,331.83543651597574,24578020.421102367,328377.21033412934,24906397.631436497,2047101.1751865614,1589645.7676406705,1514435.7740549129,53197.01254308223,4372.357195321827,0.9526875766181649,15.66789163877825
iterative_q_direct,0,9000040,8760,8928,4273,141,312.6990590589121,23295497.198147833,208077.13384611905,23503574.331993952,1931800.6300269002,1570525.792653128,1513894.7847070023,36609.561436544675,3009.005049579014,0.9639413703289409,14.96541759577777
iterative_q_direct,0,9000041,8760,8928,4665,142,317.32943644188344,25190897.724239666,170375.1548622829,25361272.87910195,2084488.1818439958,1553082.0503525338,1472216.726042403,65453.03001756841,5379.7010973343895,0.9479323553499474,16.32964135626009
iterative_q_direct,0,9000042,8760,8928,4567,142,304.1377400602214,24770862.102289908,210577.14237434085,24981439.244664248,2053268.9790135,1611198.686804746,1538620.9109926843,54189.94784492143,4453.968316020939,0.9549541739287322,15.504878106750615
iterative_q_direct,0,9000043,8760,8928,4436,140,268.75531910406426,24978881.075795356,237696.99605629427,25216578.071851652,2072595.4579604096,1582146.5991907665,1504076.302420634,59542.40128429625,4893.895995969555,0.9506554596078115,15.938205779887516
iterative_q_direct,0,9000044,8760,8928,4452,137,251.3890665890649,24764047.193659883,245979.39894860133,25010026.592608485,2055618.6240500123,1586694.8664958721,1513520.1414658048,55743.93477640446,4581.693269293517,0.9538822954714224,15.762341657940663
iterative_q_direct,0,9000045,8760,8928,4327,141,297.6526172319427,26045121.878373835,180299.3416103647,26225421.2199842,2155514.0728754136,1589822.8039933285,1500915.7155028174,72975.32405564429,5997.971840189942,0.9440773598999879,16.495813970029236
iterative_q_direct,0,9000046,8760,8928,4317,136,272.76399443717673,24659972.042390138,207553.02614228724,24867525.068532426,2043906.1700163637,1585781.4742947912,1523071.314702746,52523.48470198272,4316.998742628717,0.9604547280892325,15.681558570099451
iterative_q_direct,0,9000047,8760,8928,4165,138,329.42946447990835,23486190.68466487,192351.5637371527,23678542.248402026,1946181.5546631801,1594467.8944917,1551044.0520285312,34416.35057658897,2828.7411432812855,0.9727659348844953,14.850435264455733
iterative_q_direct,0,9000048,8760,8928,4400,137,299.05128447990865,24471216.441239364,323184.72530271736,24794401.166542083,2037895.9862911303,1582400.7805992449,1503144.6410998781,54169.313074742044,4452.272307513044,0.9499139911512474,15.66885043949018
iterative_q_direct,0,9000049,8760,8928,4506,142,317.39871403900906,25165337.81746265,214850.8037999626,25380188.62126261,2086042.9003777488,1589194.9178221277,1508026.7463370312,63190.41133721126,5193.732438674899,0.9489249741646976,15.97046928393419
iterative_q_direct,0,9000050,8760,8928,4179,133,339.29642819426954,23846082.359918963,252100.58752430376,24098182.947443265,1980672.5710227343,1591981.4895955909,1530713.6850385678,42074.42155004364,3458.1716342501622,0.9615147506692513,15.137225592720238
iterative_q_direct,0,9000051,8760,8928,4128,133,340.85517901415005,25771299.827778645,271910.52456733113,26043210.352345977,2140537.837179121,1565639.0249619347,1477724.4920753546,73766.67720924012,6063.014565143024,0.9438475079600692,16.63423684331014
iterative_q_direct,0,9000052,8760,8928,4339,141,290.37161229597405,24326244.20507795,200817.5760466864,24527061.781124637,2015922.886119833,1608256.3061584474,1547353.8770301645,47091.6406131769,3870.545803822759,0.9621313910630593,15.250716995297266
iterative_q_direct,0,9000053,8760,8928,4164,140,355.7118085809052,26066042.769907035,250032.99671395353,26316075.76662099,2162965.131503095,1606692.838436188,1512318.6651904967,74112.10707496297,6091.406060955861,0.9412618448355401,16.379033463692238
iterative_q_direct,0,9000054,8760,8928,4176,139,370.7987312413752,22686480.996245053,210852.1968511092,22897333.19309616,1881972.591213383,1576605.2179657847,1536003.0527509975,30288.390611906514,2489.4567626224534,0.9742470944836944,14.523187499429598
iterative_q_direct,0,9000055,8760,8928,4178,140,328.2012592959218,24655901.250369765,215470.93463232595,24871372.185002092,2044222.3713700352,1595233.9319738874,1528703.2211618465,52891.41798422314,4347.23983431971,0.9582940724375653,15.591050119042487
iterative_q_direct,0,9000056,8760,8928,4540,141,325.1829039789736,24783964.53730785,184737.03049794436,24968701.567805797,2052222.0466689698,1553165.4781309643,1477606.2781851396,60169.1654122659,4945.410855802676,0.9513514812106496,16.076008589794586
iterative_q_direct,0,9000057,8760,8928,4017,136,269.2555736210197,24898991.299910814,172972.5373092645,25071963.837220076,2060709.3564838418,1598955.6506583076,1532355.6482420426,54244.04000267867,4458.414246795507,0.9583478113424565,15.680212160292047
iterative_q_direct,0,9000058,8760,8928,4546,141,312.99413032690063,23403519.407499272,177570.0967664833,23581089.504265755,1938171.7400766376,1599025.7521571955,1542883.5999289998,36204.741121292194,2975.7321469555227,0.964889776069925,14.747160558517114
iterative_q_direct,0,9000059,8760,8928,4305,137,311.6273283190094,24082272.32861009,229134.20360825415,24311406.532218345,1998197.797168631,1605845.1208933052,1550489.2861667462,43125.24662570648,3544.5408185512174,0.9655285344730098,15.139322102678438
iterative_q_direct,0,9000060,8760,8928,4027,129,286.32623365335166,24062491.90824374,234448.47622385592,24296940.384467598,1997008.798723364,1569635.3788395326,1506781.04761345,45430.269875674676,3733.994784302028,0.9599560942156183,15.479353174640394
iterative_q_direct,1,9000031,8760,8928,3999,140,314.3351459377445,27090291.433518913,241816.31450375688,27332107.748022668,2246474.6094265208,1569787.9989018934,1460184.4165554324,89840.68431544268,7384.165834145973,0.9301793729961425,17.411336923929966
iterative_q_direct,1,9000032,8760,8928,4451,143,266.5522272461094,24144837.04366825,205828.82579588398,24350665.869464137,2001424.5920107511,1587320.758303226,1522936.929696561,47820.0993540171,3930.419124987707,0.9594386778665401,15.3407342165007
iterative_q_direct,1,9000033,8760,8928,4094,143,296.9619100568816,26775014.452967368,215327.4291180753,26990341.882085443,2218384.264280995,1611713.8568818646,1514140.624800707,78072.4322645053,6416.912240918245,0.939459953350572,16.746360879655686
iterative_q_direct,1,9000034,8760,8928,4030,141,286.5682177809067,26678189.095317528,222058.00904925828,26900247.104366787,2210979.214057544,1591021.0156239818,1493888.8310507862,80087.78947657163,6582.5580391702715,0.9389497790290964,16.907537260792743
iterative_q_direct,1,9000035,8760,8928,3986,142,292.75543929683045,26715445.900648657,147111.83666009497,26862557.73730875,2207881.457860993,1588969.2418607417,1499018.930983118,80154.25615871903,6588.02105414129,0.943390779061092,16.90564992048034
iterative_q_direct,1,9000036,8760,8928,3941,140,319.768570789136,26614249.871182814,388686.8147892217,27002936.685972035,2219419.453641537,1603817.1227270185,1495003.1176190353,79630.87139776537,6545.003128583455,0.9321531092504091,16.836668160805097
iterative_q_direct,1,9000037,8760,8928,4333,141,246.40906315902248,25884239.169069603,312876.2965679685,26197115.465637572,2153187.572518157,1622585.343824184,1542596.3549498194,66032.05380899481,5427.292093889984,0.9507027539852894,16.14529279790917
iterative_q_direct,1,9000038,8760,8928,4357,144,321.1796381142922,23376752.19847988,201399.143129651,23578151.34160953,1937930.247255578,1591884.2620774736,1543842.729655562,35796.216689203226,2942.1547963728676,0.969820964019573,14.811473361033851
iterative_q_direct,1,9000039,8760,8928,3952,141,316.37796733994037,25578920.542732578,274174.0318304608,25853094.574563038,2124911.882840798,1589645.7676406705,1505176.371057388,63712.74291045945,5236.663800859681,0.9468627550220506,16.26343120010556
iterative_q_direct,1,9000040,8760,8928,4431,142,299.6791777983308,25401492.915403537,209173.4612477411,25610666.37665128,2104986.277532982,1570525.792653128,1480038.1206310168,66769.26681025574,5487.884943308691,0.9423838357539813,16.307065122048424
iterative_q_direct,1,9000041,8760,8928,4428,142,314.7197050419636,25293515.28282949,299298.58011224464,25592813.862941734,2103518.9476390467,1553082.0503525338,1457307.0181731426,69515.5793066083,5713.609258077394,0.9383322779645471,16.478726192948034
iterative_q_direct,1,9000042,8760,8928,4278,145,298.5275510638021,25895907.555493087,244518.62058032898,26140426.176073417,2148528.1788553493,1611198.686804746,1525233.2456377668,67741.37749781329,5567.784451875064,0.9466450401983247,16.224210204586182
iterative_q_direct,1,9000043,8760,8928,4096,142,263.59791790507734,25589895.275001995,350255.6774830079,25940150.952485003,2132067.20157411,1582146.5991907665,1491621.7343707902,67282.38409865025,5530.058967012349,0.9427835164792708,16.395541959103426
iterative_q_direct,1,9000044,8760,8928,4255,141,249.08656128076836,25592678.387062646,199400.3527600515,25792078.739822697,2119896.882725153,1586694.8664958721,1508831.6113820856,66192.50621995336,5440.479963283838,0.9509273920538085,16.255222906709893
iterative_q_direct,1,9000045,8760,8928,4120,139,287.4567631529644,27943539.537808254,235106.43801648633,28178645.97582474,2316053.0939034033,1589822.8039933285,1479063.4210802855,97712.60267763675,8031.17282281946,0.9303322466913692,17.72439413061972
iterative_q_direct,1,9000046,8760,8928,4304,140,274.0330546051264,25443904.00936262,213432.4164463918,25657336.42580901,2108822.1719843023,1585781.4742947912,1512990.1041535644,65222.27749253282,5360.73513637256,0.9540974772872803,16.179616701108845
iterative_q_direct,1,9000047,8760,8928,4228,143,325.4370592860505,24361883.724268757,271672.52183430165,24633556.24610306,2024675.855844087,1594467.8944917,1528459.4546669447,49326.30948274741,4054.217217760061,0.95860158736793,15.449389938300378
iterative_q_direct,1,9000048,8760,8928,4030,141,306.5603805030696,25575105.531015836,233685.81914874705,25808791.35016458,2121270.521931336,1582400.7805992449,1498826.8772337604,65692.724916917,5399.40204796578,0.9471853752916909,16.309895487027603
iterative_q_direct,1,9000049,8760,8928,4496,139,320.606868668925,24373790.13868157,269335.4020386463,24643125.540720213,2025462.3732098807,1589194.9178221277,1513910.3607814806,53299.753329480365,4380.801643518935,0.9526272352142814,15.506672758865706
iterative_q_direct,1,9000050,8760,8928,4259,142,323.5735234748572,26745084.19947849,214533.7108684453,26959617.910346933,2215859.0063298848,1591981.4895955909,1492407.9594610904,82904.15567532746,6814.040192492668,0.9374530854879506,16.934630262061308
iterative_q_direct,1,9000051,8760,8928,4041,142,343.13195014884695,25711978.471419897,307510.71389031434,26019489.18531021,2138588.1522172773,1565639.0249619347,1471870.0645541183,72503.81243371438,5959.217460305292,0.9401081865533493,16.61908573462061
iterative_q_direct,1,9000052,8760,8928,4464,142,287.1263608792797,24603635.994529646,177495.63095621046,24781131.625485856,2036805.3390810292,1608256.3061584474,1541933.4119835948,51242.580549692015,4211.718949289754,0.9587609923114342,15.408695448973036
iterative_q_direct,1,9000053,8760,8928,4026,140,353.5632941541262,26676120.078305043,188760.4447329085,26864880.52303795,2208072.371756544,1606692.838436188,1507582.8855266105,80671.1669470597,6630.506872361071,0.9383143121456605,16.720607623536704
iterative_q_direct,1,9000054,8760,8928,3926,143,359.82067079795524,24173903.598798893,209146.99865248616,24383050.59745138,2004086.3504754559,1576605.2179657847,1510942.034471394,50173.45718107103,4123.845795704468,0.9583515373752773,15.465539704931091
iterative_q_direct,1,9000055,8760,8928,4005,144,322.9636819292791,26091191.914262485,195197.39592972773,26286389.310192212,2160525.1487829215,1595233.9319738874,1513432.9594089487,72224.74339466437,5936.28027901351,0.9487216445654958,16.478078094581615
iterative_q_direct,1,9000056,8760,8928,4422,143,387.43495634989813,22960333.47407031,187258.4443263383,23147591.918396648,1902541.8015120532,1553165.4781309643,1505447.6196936914,35224.87701578084,2895.195371160069,0.9692770286816474,14.903493700009228
iterative_q_direct,1,9000057,8760,8928,4221,139,308.56243611406535,24166895.054279704,224846.54959184647,24391741.60387155,2004800.6797702645,1598955.6506583076,1537786.316325595,46014.427752767355,3782.007760501426,0.961744195777082,15.254795587250467
iterative_q_direct,1,9000058,8760,8928,4318,138,329.55231089005247,23796959.760468535,217998.4790203228,24014958.23948886,1973832.1840675776,1599025.7521571955,1541048.6084513033,42133.57978400295,3463.033954849557,0.9637422076363205,15.018493734132194
iterative_q_direct,1,9000059,8760,8928,4330,139,326.58632067078725,25469832.34069849,243058.26356043122,25712890.604258925,2113388.268843199,1605845.1208933052,1526896.286072189,64215.03321498459,5277.947935478186,0.9508365820626598,16.01206135617566
iterative_q_direct,1,9000060,8760,8928,4055,144,278.16263655014336,26409268.829857755,258514.8408172284,26667783.670674983,2191872.630466437,1569635.3788395326,1471028.1594096946,77629.70141394703,6380.523403886056,0.937178263971891,16.989795228998396
iterative_q_direct,2,9000031,8760,8928,4229,138,366.45942715834826,25925526.52846329,314185.8388930174,26239712.367356308,2156688.6877279156,1569787.998901893,1481690.718252471,74358.00885209908,6111.617165925952,0.9438795042954538,16.715449720415535
iterative_q_direct,2,9000032,8760,8928,4369,137,302.03894201805815,24783232.253155977,228335.56829490938,25011567.821450885,2055745.3003932235,1587320.758303226,1508763.490990036,56660.249042261035,4657.006770596798,0.9505095193254045,15.757097417529598
iterative_q_direct,2,9000033,8760,8928,4084,144,348.22568222880363,26705541.136986777,290672.1412294491,26996213.278216228,2218866.8447848954,1611713.8568818646,1511693.7315307774,79028.48497659502,6495.491915884522,0.937941759994176,16.750003831601354
iterative_q_direct,2,9000034,8760,8928,4360,134,307.2232674132101,26704388.650618903,236214.78193482908,26940603.43255373,2214296.172538663,1591021.0156239818,1488240.620334574,81802.6268599783,6723.503577532463,0.9353997249061488,16.93290231115389
iterative_q_direct,2,9000035,8760,8928,4387,140,359.89614412002265,23636102.453040693,234481.6145404296,23870584.06758112,1961965.8137737906,1588969.2418607417,1532844.9717409613,39576.67205345043,3252.8771550781175,0.964678819047462,15.022684793840178
iterative_q_direct,2,9000036,8760,8928,3821,141,317.3343674093485,27586742.794356536,295906.28833566164,27882649.0826922,2291724.582139085,1603817.1227270185,1488696.8249870734,91667.12066256182,7534.283890073574,0.9282210570590476,17.385179823546522
iterative_q_direct,2,9000037,8760,8928,4240,139,241.21582928672433,25023557.695134975,228516.3135703841,25252074.00870536,2075512.932222358,1622585.343824184,1558427.2166845044,53003.72447310599,4356.470504638849,0.9604593204395223,15.562863367907728
iterative_q_direct,2,9000038,8760,8928,4050,142,308.83861373504624,25862806.2487339,281588.9723770344,26144395.221110936,2148854.4017351456,1591884.2620774736,1502400.2386554962,69597.44874606801,5720.33825310148,0.9437873559317703,16.423552794592894
iterative_q_direct,2,9000039,8760,8928,4064,142,315.6269197789952,26181827.95184353,271466.7233254134,26453294.675168943,2174243.3979590912,1589645.7676406705,1500142.9496942228,72615.29943381375,5968.380775381952,0.9436963757785569,16.640999657697666
iterative_q_direct,2,9000040,8760,8928,4405,144,298.56838204618543,25811243.06439621,214332.86274018645,26025575.927136395,2139088.432367375,1570525.792653128,1480000.9203221006,72902.6427763759,5991.998036414457,0.9423601492223178,16.57125024554404
iterative_q_direct,2,9000041,8760,8928,4511,143,317.9216763530858,24049761.315259106,258320.90393531686,24308082.219194423,1997924.5659611854,1553082.0503525338,1480592.4389937085,49776.052458870916,4091.1823938798016,0.953325317653133,15.651511917014775
iterative_q_direct,2,9000042,8760,8928,4391,142,302.6214488931,25717469.09156264,216807.56158679805,25934276.653149437,2131584.3824506383,1611198.686804746,1526149.0555346257,67581.7201200235,5554.661927673164,0.9472134430305509,16.096262283195554
iterative_q_direct,2,9000043,8760,8928,4343,141,265.1575535791926,25613215.47868605,254837.12895530887,25868052.607641358,2126141.310217098,1582146.5991907665,1496031.6040361295,66120.64452719077,5434.573522782803,0.945570786424796,16.349972006938106
iterative_q_direct,2,9000044,8760,8928,4510,138,251.22991336835548,24447278.60530794,164632.53307096247,24611911.138378903,2022896.8058941562,1586694.8664958721,1524912.6976425077,51373.11503597593,4222.447811176104,0.9610623503246046,15.511433015935161
iterative_q_direct,2,9000045,8760,8928,4240,139,282.7322319908999,27960102.64737301,195960.9288007679,28156063.57617378,2314197.0062608584,1589822.8039933285,1474086.7183670534,98879.72951954252,8127.1010564007565,0.9272018961260536,17.71018978055364
iterative_q_direct,2,9000046,8760,8928,4274,141,270.87454147078097,25547766.723860323,204369.00252699468,25752135.72638732,2116613.8953195056,1585781.4742947912,1514135.8168802068,64697.51232132763,5317.603752437887,0.9548199682138134,16.23939751083262
iterative_q_direct,2,9000047,8760,8928,4274,140,315.3028137651272,26572948.262232445,214800.89665716083,26787749.158889607,2201732.8075799677,1594467.8944917,1500135.4759838185,80183.37338877672,6590.4142511323325,0.9408376808126615,16.800431825207284
iterative_q_direct,2,9000048,8760,8928,4183,140,298.8348843040876,24282951.943684474,267824.3263304063,24550776.27001488,2017872.0221930037,1582400.7805992449,1520507.0603657581,47639.9239744036,3915.6101896770087,0.9608861920492431,15.514891404892797
iterative_q_direct,2,9000049,8760,8928,4533,141,314.28504923405126,25453610.819014747,279449.51509456075,25733060.334109306,2115046.054858299,1589194.9178221277,1500860.9460544891,65899.81138905483,5416.422853894917,0.9444158984042728,16.192513608950204
iterative_q_direct,2,9000050,8760,8928,4220,142,329.67940310714766,24986123.969049267,202799.38811439835,25188923.357163668,2070322.4677120822,1591981.4895955909,1513442.7281900125,59166.58242706843,4863.006774827542,0.9506660335444419,15.822372007329294
iterative_q_direct,2,9000051,8760,8928,3870,142,333.6271815402433,27694228.611393593,233182.33197600266,27927410.943369597,2295403.6391810626,1565639.0249619347,1452010.4320356932,97402.45420796813,8005.6811677782025,0.9274235049621325,17.837707477972835
iterative_q_direct,2,9000052,8760,8928,4399,141,286.3192369607277,24492972.685286757,206832.87710149086,24699805.56238825,2030121.0051278013,1608256.3061584474,1545635.3606500009,49546.91155584132,4072.3488950006563,0.9610628322931773,15.358127599317365
iterative_q_direct,2,9000053,8760,8928,3844,143,340.36469506425783,29385188.717533298,263374.1381023607,29648562.855635658,2436868.1799152596,1606692.838436188,1471994.8336458504,117597.262679833,9665.528439438329,0.9161644331959302,18.453161765812645
iterative_q_direct,2,9000054,8760,8928,4304,143,361.7114167921245,24705198.305188186,254472.16845162364,24959670.47363981,2051479.7649566964,1576605.2179657847,1504139.2295035135,57624.069638637615,4736.224901805832,0.9540366937540836,15.831274810725306
iterative_q_direct,2,9000055,8760,8928,3985,144,324.7522057942115,27447261.878984235,238715.76572763076,27685977.644711867,2275559.806414674,1595233.9319738874,1492236.629971341,92767.06223382655,7624.69004661588,0.9354343585989917,17.355434265652935
iterative_q_direct,2,9000056,8760,8928,4178,143,320.5811547162011,23688911.401052184,257118.33068629933,23946029.731738485,1968166.8272661772,1553165.4781309643,1491585.267029121,43968.34618306561,3613.836672580735,0.9603518028381965,15.417565010879887
iterative_q_direct,2,9000057,8760,8928,4274,144,257.2833931790665,27100750.727891356,225796.31287712732,27326547.04076848,2246017.5649946695,1598955.6506583076,1497916.7388123139,86286.8709679687,7092.071586408386,0.9368094344552991,17.09024701811951
iterative_q_direct,2,9000058,8760,8928,4042,142,301.706893326249,24866487.932108566,185555.67225094707,25052043.604359515,2059072.077070645,1599025.7521571955,1529514.9933043001,54737.66093249707,4498.985830068253,0.956529306198402,15.667067006621119
iterative_q_direct,2,9000059,8760,8928,4322,137,303.2381185060367,26553104.128191747,208402.86804266815,26761506.996234413,2199575.917498719,1605845.1208933052,1517854.883339583,78120.39693845436,6420.85454288666,0.9452062739993414,16.66506106226946
iterative_q_direct,2,9000060,8760,8928,4084,138,273.09573989361525,26909104.041026182,279538.3792986507,27188642.420324832,2234682.938656836,1569635.3788395326,1457614.0909419712,86560.5122772241,7114.562652922529,0.9286322865757642,17.32162946048401
fixed_assignment,,9000031,4320,8928,,,52.22602825798094,17218677.753746912,235317.83370933367,17453995.587456245,2908999.2645760407,762057.2272253358,630041.0536620641,112407.70829129936,18734.618048549895,0.8267634386935153,22.903785915142567
fixed_assignment,,9000032,4320,8928,,,35.46995498705655,17803090.879573658,253946.1128462582,18057036.992419917,3009506.1654033195,785045.5141203033,646665.0076755554,117334.5823612197,19555.76372686995,0.8237293202040488,23.001261286938313
fixed_assignment,,9000033,4320,8928,,,46.25858635827899,18607573.19461731,245792.53249104417,18853365.727108352,3142227.6211847253,781746.9207998742,629076.6172745703,129847.23485761684,21641.20580960281,0.804706229774345,24.116968325014714
fixed_assignment,,9000034,4320,8928,,,43.91677104635164,18026705.626046855,279359.45057622576,18306065.076623082,3051010.846103847,781213.8042785354,634528.7980769367,122345.35944351375,20390.893240585625,0.8122344927877141,23.432848954236096
fixed_assignment,,9000035,4320,8928,,,45.153849926777184,18215989.33121731,250477.8433901081,18466467.17460742,3077744.5291012363,770620.6998461707,630074.3290114461,126121.29453494842,21020.215755824738,0.8176192634550563,23.963108152030753
fixed_assignment,,9000036,4320,8928,,,51.03659921884537,18856372.633203752,303983.16708847496,19160355.800292227,3193392.6333820377,788628.397114808,631913.9028225015,132881.9350070662,22146.989167844367,0.801282207354382,24.295797450852984
fixed_assignment,,9000037,4320,8928,,,30.273514034226537,17381029.427330576,258733.1131759786,17639762.540506553,2939960.423417759,778737.5047453274,655547.5204444141,111870.63631592572,18645.106052654286,0.8418080758275531,22.65174392271672
fixed_assignment,,9000038,4320,8928,,,52.01996310474351,18338187.676077325,263310.93537489884,18601498.611452222,3100249.7685753703,795614.9476565759,654047.5602322486,124799.68458522296,20799.947430870492,0.8220654503270666,23.380026564661133
fixed_assignment,,9000039,4320,8928,,,50.90599669283256,19081961.986857474,278397.4766185358,19360359.46347601,3226726.5772460015,786484.477925006,629324.7978115375,137112.28676110026,22852.04779351671,0.8001744668526641,24.61632747610575
fixed_assignment,,9000040,4320,8928,,,48.96254952577874,16844642.200215157,302843.8491203273,17147486.049335483,2857914.341555914,776219.7221167715,647964.0242964512,105744.20255820098,17624.033759700164,0.8347688236127735,22.09102082922325
fixed_assignment,,9000041,4320,8928,,,52.83696607686579,17958252.463021956,248386.42217313685,18206638.88519509,3034439.8141991817,774280.6979438139,634623.1074869228,121178.56775005328,20196.427958342214,0.819629249666475,23.514261602471546
fixed_assignment,,9000042,4320,8928,,,46.13437350979075,18487739.52477667,252997.49874051104,18740737.023517184,3123456.1705861976,795004.3988473791,648686.8284479561,128107.01719308233,21351.16953218039,0.8159537599898081,23.5731236842061
fixed_assignment,,9000043,4320,8928,,,38.81618631305173,18660162.704821773,246628.36005872127,18906791.064880494,3151131.844146749,782300.4682072778,637932.7159150394,130721.66213415783,21786.943689026306,0.8154574129003501,24.168196023463153
fixed_assignment,,9000044,4320,8928,,,30.946562747936696,17909119.554557934,270328.71323811496,18179448.26779605,3029908.044632675,786867.8772891765,647098.3585902274,119999.9766519552,19999.9961086592,0.8223723159465267,23.10355879620569
fixed_assignment,,9000045,4320,8928,,,47.21277573192492,18243820.92014102,255865.81017417135,18499686.73031519,3083281.1217191983,786167.558669711,642173.8208061795,124224.00378211406,20704.000630352344,0.8168409058913777,23.531480695564262
fixed_assignment,,9000046,4320,8928,,,37.557524965610355,18304693.153661095,226425.30376294293,18531118.457424037,3088519.742904006,781240.9293624945,643395.6355134448,125883.16510386676,20980.527517311126,0.8235559752846875,23.720107025813068
fixed_assignment,,9000047,4320,8928,,,51.173013475723565,17312783.32443303,302545.2353398311,17615328.55977286,2935888.0932954764,769873.054645001,638434.9531419862,114344.45408783834,19057.409014639725,0.8292730201297632,22.880822303743997
fixed_assignment,,9000048,4320,8928,,,46.153363266028464,18705708.022485793,246113.31366733415,18951821.336153127,3158636.889358855,783020.5302105088,635375.1706689309,131179.0076051553,21863.16793419255,0.8114412664226254,24.203479481001708
fixed_assignment,,9000049,4320,8928,,,50.716796407010406,18009491.972328696,276950.46773619653,18286442.440064892,3047740.4066774817,788574.4200101227,640686.4468006273,122114.11663743279,20352.352772905462,0.8124616149638775,23.18924121306161
fixed_assignment,,9000050,4320,8928,,,53.99219835503027,17645174.22082355,231805.63016847835,17876979.850992028,2979496.6418320048,770214.3831994548,636436.5506390886,116496.70957730066,19416.118262883443,0.8263109135866098,23.210394717288217
fixed_assignment,,9000051,4320,8928,,,58.8983881957829,18646785.209383864,283867.46345219476,18930652.672836058,3155108.7788060093,760551.7674630184,613995.1113865088,131387.19747581158,21897.8662459686,0.8073021951347501,24.890682636874622
fixed_assignment,,9000052,4320,8928,,,42.803893669042736,18809512.062001966,280597.78511624376,19090109.84711821,3181684.9745197017,796671.7311598957,648449.7937040963,132216.84794832926,22036.141324721542,0.8139485415906511,23.96232864861969
fixed_assignment,,9000053,4320,8928,,,59.45468767732382,19387840.954592213,250359.83343475062,19638200.788026962,3273033.4646711606,786569.9028400438,628727.6375111691,140378.0572329228,23396.3428721538,0.7993283689612856,24.966885609428882
fixed_assignment,,9000054,4320,8928,,,59.00357418274507,17914067.494560644,291937.85345489916,18206005.348015543,3034334.224669257,765397.6971079829,624639.2518756513,122502.79607631179,20417.1326793853,0.8160976368701128,23.786334106838872
fixed_assignment,,9000055,4320,8928,,,54.22572179418057,19510150.28932228,288049.38386846555,19798199.673190746,3299699.945531791,794291.7806990704,634361.7008813032,140654.97708691863,23442.496181153107,0.7986507179049367,24.925600584417474
fixed_assignment,,9000056,4320,8928,,,50.918045569676906,18074505.692085367,253147.82448666688,18327653.516572032,3054608.919428672,765775.8547079139,626026.372038211,124779.21989012165,20796.536648353605,0.817506021101949,23.93344397566917
fixed_assignment,,9000057,4320,8928,,,35.550260324031115,18012085.146197814,284157.1349567151,18296242.28115453,3049373.713525755,780294.5193322788,636825.3548549187,121355.85487115702,20225.975811859502,0.8161345992790889,23.447867219176636
fixed_assignment,,9000058,4320,8928,,,48.08686591684818,17355851.626222752,268435.90706745716,17624287.533290207,2937381.2555483677,783819.4328716175,646069.3442932261,113526.66178164292,18921.110296940486,0.8242578803210745,22.485137257597064
fixed_assignment,,9000059,4320,8928,,,47.68344967113808,19121926.508668974,255456.7415631195,19377383.250232093,3229563.875038682,801239.5128977392,648575.0115749125,132992.33440455078,22165.38906742513,0.8094645872234822,24.184258187857488
fixed_assignment,,9000060,4320,8928,,,41.6825303779915,17084262.387355383,258242.37584667807,17342504.76320206,2890417.4605336767,770855.4399482679,636613.9158846486,110558.96930670277,18426.49488445046,0.8258538279594573,22.497739348334775
greedy,,9000031,4320,8928,,,60.68940794374794,11931176.171116251,177378.54372439015,12108554.714840641,2018092.45247344,762057.2272253358,714179.8799798625,32885.399393913736,5480.899898985623,0.9371735539864957,15.88929844406582
greedy,,9000032,4320,8928,,,46.18244404019788,12857452.528926466,191568.60616658637,13049021.135093052,2174836.8558488423,785045.5141203033,721297.1880260224,44196.6315569271,7366.10525948785,0.9187966494328482,16.621993120635004
greedy,,9000033,4320,8928,,,49.70562073169276,16373282.498176685,181340.14438078747,16554622.642557472,2759103.773759579,781746.9207998742,671618.523361781,93280.8488690643,15546.808144844052,0.8591252558751225,21.176447520405937
greedy,,9000034,4320,8928,,,53.96098586078733,13193787.731606208,180809.25300141095,13374596.984607618,2229099.497434603,781213.8042785354,712574.0340979305,46783.97816520794,7797.329694201323,0.9121370234311272,17.12027733170856
greedy,,9000035,4320,8928,,,49.88581977318972,14452176.194339184,170200.33358716327,14622376.527926348,2437062.754654391,770620.6998461707,694085.5694032997,67084.1455224178,11180.690920402969,0.9006837858648895,18.974803727495548
greedy,,9000036,4320,8928,,,56.99953342974186,15045616.429567866,236242.59774711152,15281859.027314978,2546976.504552496,788628.3971148082,694697.3928210677,75171.22507514148,12528.53751252358,0.8808932006032417,19.377769153664207
greedy,,9000037,4320,8928,,,36.61913866875693,13270761.717168007,198478.96397328397,13469240.68114129,2244873.446856882,778737.5047453274,714809.2065911853,50597.01315784887,8432.835526308145,0.9179077702504533,17.296252715536248
greedy,,9000038,4320,8928,,,56.57979022804648,15032130.678587208,269485.7794905564,15301616.458077764,2550269.4096796275,795614.9476565759,698389.5505575639,74434.25191073451,12405.708651789086,0.877798428265605,19.232439640742705
greedy,,9000039,4320,8928,,,60.382088262122124,14605511.816140965,360171.53538276174,14965683.351523727,2494280.558587288,786484.477925006,683350.6450804629,71508.61313387244,11918.102188978739,0.8688673003227697,19.028580692409747
greedy,,9000040,4320,8928,,,54.23982118908316,13153139.571150646,284677.2760815678,13437816.847232213,2239636.1412053686,776219.7221167715,703940.3299607846,47580.057885835566,7930.009647639261,0.90688281926298,17.31187248191393
greedy,,9000041,4320,8928,,,58.924061701167375,15263098.379975893,279826.7893558649,15542925.169331757,2590487.5282219597,774280.6979438139,675778.5088564819,79794.66524027851,13299.110873379752,0.872782326423847,20.07401864802736
greedy,,9000042,4320,8928,,,53.327153786085546,15325220.658095209,253040.65665555806,15578261.314750766,2596376.8857917944,795004.3988473791,699751.3061709288,76919.44480804246,12819.907468007077,0.8801854520370564,19.595188828309112
greedy,,9000043,4320,8928,,,44.0842411047779,15230325.106603682,224420.16872043046,15454745.275324112,2575790.8792206855,782300.4682072778,695536.2853557962,76416.44793764186,12736.074656273644,0.8890909741492158,19.755510706442823
greedy,,9000044,4320,8928,,,40.51430461881682,14185962.773049183,238765.64874180086,14424728.421790984,2404121.4036318306,786867.8772891765,710459.2354819736,61902.29726877135,10317.049544795225,0.9028952076803074,18.3318303340649
greedy,,9000045,4320,8928,,,50.238540939986706,16314473.55361241,223292.968697264,16537766.522309674,2756294.420384946,786167.558669711,675075.7273777295,92794.68250484539,15465.780417474232,0.8586919161610254,21.035931004700245
greedy,,9000046,4320,8928,,,45.230610156897455,13698984.822210938,282449.6584744277,13981434.480685366,2330239.0801142277,781240.9293624945,711530.7997742955,55819.539897544586,9303.256649590765,0.9107699981296633,17.896443920436234
greedy,,9000047,4320,8928,,,57.208489103242755,14108026.160254437,178820.04030862078,14286846.200563058,2381141.033427176,769873.054645001,694048.5333875968,64917.49749163505,10819.58291527251,0.9015103583637333,18.557405164869575
greedy,,9000048,4320,8928,,,55.96797154005617,14183656.042347558,197307.23759111998,14380963.279938677,2396827.2133231126,783020.5302105088,708243.5251608305,61995.319150396295,10332.553191732715,0.9045018589364762,18.366010500481348
greedy,,9000049,4320,8928,,,58.829971473664045,14765941.39934308,265799.50079671544,15031740.900139796,2505290.1500232993,788574.4200101227,690152.0939494886,71707.18807514917,11951.198012524863,0.8751895527382556,19.06191796070032
greedy,,9000050,4320,8928,,,61.51530861714855,13897323.574803464,202329.97541854958,14099653.550222013,2349942.2583703357,770214.3831994548,692047.4653497135,60908.92422043777,10151.487370072962,0.8985127783188915,18.30614158573921
greedy,,9000051,4320,8928,,,69.36102853622288,11908757.580585029,245037.41509716102,12153794.99568219,2025632.499280365,760551.7674630184,708155.3807923527,31289.749149504045,5214.958191584007,0.9311074026618268,15.980233714035993
greedy,,9000052,4320,8928,,,48.5582745722495,14968738.186402576,151015.28032657836,15119753.466729155,2519958.911121526,796671.7311598957,708704.9301644046,71297.31641996879,11882.886069994798,0.8895821232825497,18.978649392662522
greedy,,9000053,4320,8928,,,68.14659508084878,14053810.980891343,222288.94030931834,14276099.921200661,2379349.986866777,786569.9028400438,714145.2882256696,57861.95503334452,9643.659172224088,0.9079234860717746,18.149817161391997
greedy,,9000054,4320,8928,,,69.0115967639722,12379904.365067255,278953.73437094473,12658858.0994382,2109809.6832397003,765397.6971079829,707721.1050189674,40295.00236886988,6715.83372814498,0.9246449364729686,16.53892890881311
greedy,,9000055,4320,8928,,,63.86157354013994,14132323.425015833,276860.0444678826,14409183.469483716,2401530.5782472864,794291.7806990704,719568.5542081792,59060.322253632694,9843.387042272116,0.9059247139317922,18.14091977233094
greedy,,9000056,4320,8928,,,63.21145045990124,13333214.835354764,168101.99011404076,13501316.825468805,2250219.4709114674,765775.854707914,702994.790384554,50487.08939451311,8414.51489908552,0.9180163961329045,17.630899097254172
greedy,,9000057,4320,8928,,,46.98732306668535,13546011.374449352,244989.81169148296,13791001.186140835,2298500.197690139,780294.5193322788,701818.727450749,54048.22513993368,9008.03752332228,0.8994279852834494,17.674097208759335
greedy,,9000058,4320,8928,,,57.08852010080591,13266716.30974666,233583.02816234122,13500299.337909002,2250049.8896515,783819.4328716175,716210.4710109923,50922.04415189494,8487.007358649156,0.9137442132393534,17.223736452219637
greedy,,9000059,4320,8928,,,54.93143255915493,16978207.45076673,241776.39205573776,17219983.84282247,2869997.307137078,801239.5128977392,680224.1115652409,99358.035932704,16559.672655450668,0.8489647609928302,21.491680784120575
greedy,,9000060,4320,8928,,,52.204420963302255,13116013.108594917,228064.20022875434,13344077.308823671,2224012.884803945,770855.4399482679,702866.1358574665,49520.07340366405,8253.345567277342,0.9118001890271875,17.31073897554539
iterative_q_direct,0,9000031,4320,8928,2295,72,80.28673064010218,11785932.743505131,182107.60527803868,11968040.34878317,1994673.3914638616,762057.2272253358,727962.1255421127,24696.67251870092,4116.112086450154,0.9552591321686379,15.704910236674776
iterative_q_direct,0,9000032,4320,8928,2004,64,61.24860032182187,12614033.771948248,272354.8282071493,12886388.600155398,2147731.433359233,785045.5141203033,735366.6040981783,32202.76280082371,5367.127133470619,0.9367184333537737,16.414829928167247
iterative_q_direct,0,9000033,4320,8928,2312,72,77.86570137506351,10928249.443732524,259871.89585087867,11188121.339583402,1864686.889930567,781746.9207998742,753284.5684445398,10361.8165449899,1726.9694241649834,0.9635913470228804,14.311692239396157
iterative_q_direct,0,9000034,4320,8928,2157,67,73.60220321221277,11711661.402955601,176720.24654542506,11888381.649501026,1981396.9415835042,781213.8042785354,748241.5731921465,21496.40032302148,3582.7333871702467,0.9577935887642957,15.21783356155637
iterative_q_direct,0,9000035,4320,8928,2141,68,73.09229163778946,11078815.472849723,229332.75452272946,11308148.227372453,1884691.3712287422,770620.6998461707,746166.1164282492,13276.680198312353,2212.780033052059,0.968266381343243,14.674077960311415
iterative_q_direct,0,9000036,4320,8928,1990,69,78.67187649477273,12760267.322375737,207783.67404743124,12968050.996423168,2161341.832737195,788628.397114808,736258.2685541764,34041.24937622517,5673.541562704195,0.9335934024792573,16.443804260494172
iterative_q_direct,0,9000037,4320,8928,2199,70,58.154624714981765,10782096.731162408,282825.6097894194,11064922.340951828,1844153.7234919714,778737.5047453274,757889.3805827919,8036.959772752276,1339.4932954587127,0.9732283034584888,14.20879599804355
iterative_q_direct,0,9000038,4320,8928,2266,68,78.76316829305142,12285297.98125425,199332.2356961631,12484630.216950413,2080771.702825069,795614.9476565759,747437.5526593403,28186.194156048885,4697.6990260081475,0.9394463425566116,15.691799473756687
iterative_q_direct,0,9000039,4320,8928,2302,69,80.06810669088736,11626880.532712964,232711.60480463013,11859592.137517594,1976598.6895862657,786484.477925006,745942.7598632496,21917.83019806898,3652.971699678163,0.9484519794100473,15.079245007869625
iterative_q_direct,0,9000040,4320,8928,2380,69,77.0508919050917,10870986.832038935,287080.51104856894,11158067.343087504,1859677.890514584,776219.7221167715,737591.6058929738,11521.690218434023,1920.2817030723372,0.950235590357769,14.374882556010252
iterative_q_direct,0,9000041,4320,8928,2129,70,81.88836808502674,12007674.698510362,171608.21186507063,12179282.910375433,2029880.4850625722,774280.6979438139,734936.6602706878,25599.149632511668,4266.524938751944,0.9491863380068644,15.729803083970499
iterative_q_direct,0,9000042,4320,8928,2209,68,74.92994137806818,12673764.397464816,192233.8816525363,12865998.279117351,2144333.0465195584,795004.3988473791,743848.3926600493,33515.40673983303,5585.901123305505,0.9356531784459339,16.183556088206373
iterative_q_direct,0,9000043,4320,8928,2051,68,64.08425854379311,12565271.096449444,137868.7986613448,12703139.89511079,2117189.982518465,782300.4682072778,735456.7738441078,31317.501987213906,5219.583664535651,0.940120585034907,16.238185213184575
iterative_q_direct,0,9000044,4320,8928,2276,66,62.04239647090435,12375734.933418892,182843.09066470483,12558578.024083598,2093096.3373472665,786867.8772891765,744633.1147254688,29631.75840706339,4938.626401177232,0.94632547117159,15.960211855831396
iterative_q_direct,0,9000045,4320,8928,2301,71,75.31061377376318,12192311.247241154,181958.78725095882,12374270.034492113,2062378.339082019,786167.558669711,740913.918176464,26993.430808683,4498.9051347805,0.9424376648537603,15.739990664879189
iterative_q_direct,0,9000046,4320,8928,2254,67,66.7005410627462,11623920.818553032,191670.16046162372,11815590.979014656,1969265.1631691093,781240.9293624945,751801.1329941333,18929.720681542483,3154.9534469237474,0.9623166231288156,15.124132050603611
iterative_q_direct,0,9000047,4320,8928,2413,71,79.9377161078155,10593400.478815576,209329.57861737872,10802730.057432955,1800455.009572159,769873.054645001,747030.5798170218,7305.171510943974,1217.528585157329,0.970329556684495,14.031832900573773
iterative_q_direct,0,9000048,4320,8928,2208,68,74.37773406878114,11957196.42407877,132240.46899652426,12089436.893075295,2014906.1488458824,783020.5302105088,749891.6548622145,23335.45163233472,3889.2419387224536,0.9576909237113005,15.439489038461286
iterative_q_direct,0,9000049,4320,8928,2335,71,80.85190470190719,11490824.759063708,157549.97553354473,11648374.734597253,1941395.7890995422,788574.4200101227,753787.2891495527,18191.841308206,3031.9735513676665,0.9558860521241312,14.771433664368324
iterative_q_direct,0,9000050,4320,8928,2084,71,82.14915328426287,11245279.676440636,218261.73947225005,11463541.415912885,1910590.235985481,770214.3831994548,743279.3887679799,15156.970603653392,2526.1617672755656,0.9650292243055921,14.883572244254346
iterative_q_direct,0,9000051,4320,8928,2011,66,83.83442616183311,12255643.708556533,251842.27266133745,12507485.98121787,2084580.9968696453,760551.7674630184,715268.8382802968,30670.18528107583,5111.697546845971,0.9404604247600759,16.445278962323947
iterative_q_direct,0,9000052,4320,8928,2149,68,67.63835193309933,12636258.462023864,203999.59837639218,12840258.060400255,2140043.0100667095,796671.7311598957,750511.1781977685,33222.049018478196,5537.008169746367,0.942058251652885,16.117376277059286
iterative_q_direct,0,9000053,4320,8928,2050,71,83.74719571880996,13617779.80943983,210337.6335846783,13828117.443024509,2304686.2405040846,786569.9028400438,725421.5406413228,47168.58972570988,7861.4316209516455,0.9222594686398063,17.580277853367832
iterative_q_direct,0,9000054,4320,8928,2161,69,85.20907052094117,12076647.315633947,196977.04179971083,12273624.357433658,2045604.0595722764,765397.6971079829,722814.4590964838,28548.86911764821,4758.144852941368,0.9443645595323872,16.03561704432733
iterative_q_direct,0,9000055,4320,8928,2247,68,83.2472512461245,12369505.485531041,225245.24571694282,12594750.731247984,2099125.121874664,794291.7806990704,753052.5022404446,28767.263740893006,4794.543956815502,0.9480804416453481,15.856579455175929
iterative_q_direct,0,9000056,4320,8928,2216,70,80.6696699061431,12561285.45557572,242007.04639418618,12803292.501969906,2133882.083661651,765775.8547079139,720314.7446205771,36052.09901329748,6008.6831688829125,0.9406339207382337,16.719373460597556
iterative_q_direct,0,9000057,4320,8928,2183,65,63.947148158214986,13150483.50087702,287415.00025783334,13437898.501134854,2239649.7501891423,780294.5193322788,708888.8804318464,43062.78657185584,7177.131095309306,0.9084888626905436,17.22157232711831
iterative_q_direct,0,9000058,4320,8928,2437,68,79.7209077491425,11696855.686166983,225343.79923820152,11922199.485405184,1987033.2475675307,783819.4328716175,742613.1694768566,23629.45832401475,3938.243054002459,0.9474288826397212,15.210390283035931
iterative_q_direct,0,9000059,4320,8928,2076,66,78.30732642905787,12183620.249159781,286215.2481778594,12469835.497337641,2078305.9162229402,801239.5128977392,758118.6920200788,24102.13934673552,4017.02322445592,0.9461823584789136,15.563180917325958
iterative_q_direct,0,9000060,4320,8928,2106,68,72.37146794702858,11198661.16999598,170194.68007627458,11368855.850072255,1894809.3083453758,770855.4399482679,740245.9338988817,14605.398474666119,2434.23307911102,0.9602915093244455,14.748363001544387
iterative_q_direct,1,9000031,4320,8928,2133,72,75.582701605279,12218409.568245593,181510.06831503464,12399919.636560628,2066653.2727601046,762057.2272253358,722986.9770822709,30557.243169617108,5092.873861602851,0.948730556253209,16.27163839349567
iterative_q_direct,1,9000032,4320,8928,2191,70,63.00840047560632,11370592.23109184,244736.9051111908,11615329.13620303,1935888.1893671718,785045.5141203033,746938.5388670502,16289.537966930959,2714.9229944884933,0.9514588968819794,14.795739772131293
iterative_q_direct,1,9000033,4320,8928,1987,71,69.79968030005693,12977662.98180082,195935.0459443796,13173598.0277452,2195599.6712908666,781746.9207998742,730398.1112665117,37100.37188799461,6183.395314665769,0.9343153031152038,16.851486941919937
iterative_q_direct,1,9000034,4320,8928,2113,69,71.27042864868417,11491775.472024327,166386.65403964586,11658162.126063973,1943027.021010662,781213.8042785354,750713.6879110681,17110.71424845356,2851.7857080755934,0.9609580422153001,14.92313891819985
iterative_q_direct,1,9000035,4320,8928,2004,72,66.42838066676632,12593883.668457141,185558.32476264355,12779441.993219785,2129906.9988699644,770620.6998461707,726125.5193236654,33991.08929018354,5665.181548363923,0.9422605952170927,16.583310045747258
iterative_q_direct,1,9000036,4320,8928,2145,72,77.647759324871,13235705.156471543,180862.42325557885,13416567.579727123,2236094.596621187,788628.397114808,732227.5479391774,41141.15842949808,6856.85973824968,0.9284823506457887,17.01253420344937
iterative_q_direct,1,9000037,4320,8928,2085,70,56.57038553711027,10980490.073625531,232545.15442480939,11213035.22805034,1868839.2046750567,778737.5047453274,760331.2250250529,11381.853640213796,1896.9756067022993,0.976363948560184,14.398992163241667
iterative_q_direct,1,9000038,4320,8928,2260,70,75.77128037111834,13243104.442701811,256182.9011225054,13499287.343824316,2249881.223970719,795614.9476565759,727266.8293695231,43111.609838126926,7185.268306354487,0.9140939741160381,16.967111268567102
iterative_q_direct,1,9000039,4320,8928,2059,71,78.88821047591045,12008383.308348708,249705.82658362685,12258089.134932335,2043014.8558220558,786484.477925006,741531.5436999153,24117.218104507057,4019.5363507511756,0.9428432022667622,15.585926332930358
iterative_q_direct,1,9000040,4320,8928,2268,69,74.20068631321192,11542986.9632058,331532.09205155895,11874519.055257358,1979086.5092095595,776219.7221167715,726021.1485728114,21269.648209332965,3544.9413682221607,0.9353294278492856,15.297883726627344
iterative_q_direct,1,9000041,4320,8928,2035,70,75.34434770001099,13738566.981578201,209424.90083604536,13947991.882414246,2324665.3137357077,774280.6979438139,711341.3731727573,48938.52236125268,8156.420393542114,0.9187125225539023,18.014128363853892
iterative_q_direct,1,9000042,4320,8928,2304,71,74.914731642697,11908468.791879078,264788.3553636216,12173257.1472427,2028876.1912071167,795004.3988473791,750283.9757142159,23750.744840938532,3958.457473489755,0.9437482066791074,15.312188416682787
iterative_q_direct,1,9000043,4320,8928,2231,70,62.11967647820711,13270626.108323343,225963.1544199427,13496589.262743285,2249431.5437905476,782300.4682072778,725624.0182012123,42718.13590572258,7119.68931762043,0.9275515581168634,17.252436641987586
iterative_q_direct,1,9000044,4320,8928,2251,70,59.01582775497809,11976655.718277678,187448.73801427294,12164104.456291951,2027350.7427153252,786867.8772891765,745047.5724023568,23684.950542873987,3947.4917571456645,0.9468521894286828,15.458890631294134
iterative_q_direct,1,9000045,4320,8928,2062,71,72.17967282515019,11927114.1446155,214219.90982042722,12141334.054435927,2023555.6757393214,786167.558669711,746108.4709263097,22309.347440343543,3718.2245733905906,0.9490451020248329,15.443697619602249
iterative_q_direct,1,9000046,4320,8928,2223,71,67.51395798102021,11245812.368265899,242084.18748607617,11487896.555751976,1914649.4259586625,781240.9293624945,755002.4597429073,14985.17396506046,2497.5289941767433,0.96641436894378,14.70467831879506
iterative_q_direct,1,9000047,4320,8928,2329,68,78.92447878187522,11563951.267527886,141817.881868878,11705769.149396764,1950961.5248994606,769873.054645001,741447.4524476451,20234.06270191963,3372.343783653271,0.9630775463229282,15.204804322960044
iterative_q_direct,1,9000048,4320,8928,2122,71,73.16458871494979,12271643.795455897,187593.3306322616,12459237.12608816,2076539.521014693,783020.5302105088,743732.8072285316,27641.39465635368,4606.8991093922805,0.9498254241540575,15.911763032239515
iterative_q_direct,1,9000049,4320,8928,2077,72,77.22328007780015,12655731.407023866,207255.9313334148,12862987.338357281,2143831.223059547,788574.4200101227,738648.7363924566,33821.563452503084,5636.927242083848,0.9366886848586526,16.311697427608877
iterative_q_direct,1,9000050,4320,8928,2078,72,75.3852325300686,14056251.105483066,201349.57841848378,14257600.68390155,2376266.7806502585,770214.3831994548,702258.2116551044,55319.22716978803,9219.871194964671,0.9117697967907821,18.51121063810282
iterative_q_direct,1,9000051,4320,8928,1817,70,80.15233359998092,12539535.057414267,298668.8873334792,12838203.944747746,2139700.6574579575,760551.7674630184,705424.3193978482,33962.187793051635,5660.364632175272,0.9275165078518461,16.880118479735174
iterative_q_direct,1,9000052,4320,8928,2238,71,67.7058277358301,12321824.781321032,223347.70738941059,12545172.488710443,2090862.0814517406,796671.7311598957,755220.6769916125,28435.45248220884,4739.24208036814,0.9479697188352179,15.746978332525481
iterative_q_direct,1,9000053,4320,8928,1952,70,82.5537331928499,13720072.166656483,244297.7009694995,13964369.867625982,2327394.9779376634,786569.9028400438,718062.7139107656,49566.53955765761,8261.089926276269,0.9129038770973548,17.753501395369007
iterative_q_direct,1,9000054,4320,8928,1868,69,83.91722887801006,11844016.243706524,283972.42342921015,12127988.667135734,2021331.4445226223,765397.6971079829,720794.2083539643,24184.879541767452,4030.8132569612417,0.941725081062367,15.845342510123476
iterative_q_direct,1,9000055,4320,8928,1930,72,77.8497733338736,13977169.854398852,173697.15105993778,14150867.00545879,2358477.834243132,794291.7806990704,733405.1377215148,49055.137349579345,8175.856224929891,0.9233447399846336,17.815703686376256
iterative_q_direct,1,9000056,4320,8928,2075,69,78.65085026714951,11811848.428891247,182482.11963995246,11994330.548531199,1999055.0914218663,765775.8547079139,729812.6143021386,22426.273318694894,3737.7122197824824,0.9530368577375783,15.66297823937807
iterative_q_direct,1,9000057,4320,8928,2137,67,65.53790921298787,11732672.763476495,259054.12470411704,11991726.888180612,1998621.1480301018,780294.5193322788,736955.7770669239,21176.143510549304,3529.3572517582174,0.94445848177629,15.368205967206189
iterative_q_direct,1,9000058,4320,8928,2405,69,79.6533597423695,10957794.65245171,174494.31052889687,11132288.962980608,1855381.4938301013,783819.4328716175,760812.2613104625,11380.843019729768,1896.8071699549612,0.9706473575465392,14.202619246369176
iterative_q_direct,1,9000059,4320,8928,1942,72,73.58836419507861,12960043.4836535,289216.96457245457,13249260.448225955,2208210.0747043258,801239.5128977392,743173.1513613797,34896.16339651291,5816.027232752152,0.9275293334868641,16.535954898565937
iterative_q_direct,1,9000060,4320,8928,2191,71,73.06387811014429,10591008.60287132,166370.59272503227,10757379.195596352,1792896.5325993919,770855.4399482679,747778.8962705692,5690.318355993566,948.3863926655944,0.9700637207940734,13.955118739667038
iterative_q_direct,2,9000031,4320,8928,2215,70,79.06888312287629,11261337.137009539,237130.77269897572,11498467.909708515,1916411.3182847523,762057.2272253358,730468.2985659052,17511.546546654678,2918.5910911091128,0.9585478261593995,15.08871971672606
iterative_q_direct,2,9000032,4320,8928,2244,69,64.68635658500716,11452288.87848238,199735.684409231,11652024.562891612,1942004.0938152687,785045.5141203033,747301.4057847963,17715.964468640464,2952.660744773411,0.9519211209329668,14.842482828461856
iterative_q_direct,2,9000033,4320,8928,2013,68,73.0613236981444,12286669.527313352,171284.21756462238,12457953.744877974,2076325.624146329,781746.9207998742,739617.8268077214,27352.095238125774,4558.682539687629,0.9461090375014886,15.936044534887507
iterative_q_direct,2,9000034,4320,8928,2101,68,69.087494996842,12955144.488202248,120978.54682748242,13076123.03502973,2179353.8391716215,781213.8042785354,733393.553129826,37353.47681807711,6225.579469679518,0.9387872425105541,16.738212975007215
iterative_q_direct,2,9000035,4320,8928,2083,70,70.49214912904426,12670060.44004323,166355.8203834365,12836416.260426667,2139402.710071111,770620.6998461707,723944.8233887426,34681.40405849731,5780.234009749552,0.939430803679754,16.657243002931324
iterative_q_direct,2,9000036,4320,8928,2185,67,81.85526114003733,13286384.16910969,220319.1985140733,13506703.367623763,2251117.2279372937,788628.397114808,731433.960556221,41934.98664615352,6989.164441025587,0.9274760625310571,17.126828576092304
iterative_q_direct,2,9000037,4320,8928,2135,66,54.62157018762082,11819035.693171296,226392.50100497116,12045428.194176268,2007571.3656960449,778737.5047453274,752115.087690601,21635.109421062705,3605.8515701771175,0.9658133621502758,15.46789273763759
iterative_q_direct,2,9000038,4320,8928,2164,70,77.99662301782519,12696610.529146558,224770.9832412052,12921381.512387764,2153563.5853979606,795614.9476565759,739710.8391303486,33240.53166115645,5540.088610192742,0.9297347181687716,16.240747550616945
iterative_q_direct,2,9000039,4320,8928,2410,69,81.52100318623707,12339552.743258042,271005.5441538703,12610558.287411913,2101759.714568652,786484.477925006,733179.3039477811,31712.908356062762,5285.484726010461,0.9322234888629198,16.03408413180962
iterative_q_direct,2,9000040,4320,8928,2078,70,71.24294193414971,13072990.450613769,306942.0258081457,13379932.476421915,2229988.7460703193,776219.7221167715,710649.8678057801,41157.28679786614,6859.547799644356,0.9155266834341949,17.23730033544431
iterative_q_direct,2,9000041,4320,8928,2245,70,80.96078954683617,12252007.932171497,194544.85586233254,12446552.78803383,2074425.464672305,774280.6979438139,732633.6303301181,29100.51756019707,4850.0862600328455,0.9462119258244536,16.074987819129415
iterative_q_direct,2,9000042,4320,8928,2172,67,75.7042886018753,11842562.811178677,199645.24805842515,12042208.059237102,2007034.6765395168,795004.3988473791,757016.844382522,21118.5274118834,3519.754568647233,0.9522171770119353,15.147347708636897
iterative_q_direct,2,9000043,4320,8928,2214,69,63.862666454631835,12187576.150899088,179619.7952353662,12367195.946134454,2061199.3243557422,782300.4682072778,740871.0033554172,26493.734396445576,4415.622399407596,0.9470414929613931,15.808754370907074
iterative_q_direct,2,9000044,4320,8928,2282,69,62.272062852047384,11981784.13641671,135000.58244934678,12116784.718866058,2019464.1198110094,786867.8772891765,752257.1879501677,23754.508144445266,3959.0846907408777,0.9560146114259418,15.398753804271896
iterative_q_direct,2,9000045,4320,8928,2209,70,71.46754494821653,13326440.116187701,248766.3596529796,13575206.47584068,2262534.4126401134,786167.558669711,728995.6684570037,42930.309557418404,7155.051592903068,0.9272777290512356,17.267573974702728
iterative_q_direct,2,9000046,4320,8928,2349,69,67.26496563619003,11470744.309547847,237226.74634304468,11707971.055890892,1951328.5093151485,781240.9293624945,751960.1448623914,19889.357893849974,3314.892982308329,0.9625201606833417,14.986376949611165
iterative_q_direct,2,9000047,4320,8928,2252,69,80.03622565092519,10574570.410648847,172105.00450951266,10746675.41515836,1791112.5691930598,769873.054645001,752760.3573260279,6760.833568853155,1126.8055948088593,0.9777720531771775,13.959022660058935
iterative_q_direct,2,9000048,4320,8928,2098,66,72.2873562052846,12946251.086282529,184673.38109708182,13130924.467379611,2188487.411229935,783020.5302105088,735762.3450813361,36481.429286487095,6080.238214414516,0.9396463013345668,16.769578779562096
iterative_q_direct,2,9000049,4320,8928,2020,71,76.35735292593017,12947372.057959436,280707.8371017381,13228079.895061174,2204679.982510196,788574.4200101227,732039.182553064,38513.4170733505,6418.9028455584175,0.92830703606093,16.77467536277853
iterative_q_direct,2,9000050,4320,8928,2242,70,81.95171733573079,12026922.99814746,177893.6958518034,12204816.693999263,2034136.1156665436,770214.3831994548,729656.4471965807,26756.300925549167,4459.383487591528,0.9473420168623738,15.84599945186781
iterative_q_direct,2,9000051,4320,8928,2017,70,83.18515734095126,12707440.678266644,311522.5014820355,13018963.17974868,2169827.19662478,760551.7674630184,699353.4476198484,37281.83694423659,6213.639490706098,0.9195343138215167,17.1177870287202
iterative_q_direct,2,9000052,4320,8928,2125,70,64.64592147478834,14396864.987287808,196996.74948823973,14593861.736776048,2432310.2894626744,796671.7311598957,725938.9039914554,56171.30816088112,9361.884693480186,0.9112145888928952,18.318538446856216
iterative_q_direct,2,9000053,4320,8928,1978,68,84.16382749471813,14067545.976900835,185010.89386482988,14252556.870765664,2375426.145127611,786569.9028400438,714750.2236631109,53990.62892357875,8998.438153929792,0.9086925663979568,18.119885873212787
iterative_q_direct,2,9000054,4320,8928,2176,70,87.11504897708073,12145538.65481976,283500.04445115855,12429038.699270919,2071506.4498784863,765397.6971079829,718999.29634222,29390.427693502967,4898.404615583828,0.9393800099724928,16.238667487808524
iterative_q_direct,2,9000055,4320,8928,1897,69,80.8480857112445,13187079.80408764,191213.71424396787,13378293.518331608,2229715.586388601,794291.7806990704,743995.4968467759,37413.01335904756,6235.502226507927,0.9366778241013297,16.843046652902704
iterative_q_direct,2,9000056,4320,8928,2086,71,83.40624377317727,10828041.825726978,157743.83394857703,10985785.659675555,1830964.2766125926,765775.8547079139,749285.0429917369,8211.331824589895,1368.555304098316,0.9784652237142328,14.345954618621148
iterative_q_direct,2,9000057,4320,8928,2266,69,66.93323317589238,12962234.886366071,319966.3549970422,13282201.241363114,2213700.2068938524,780294.5193322788,716087.6634707757,39791.59295153274,6631.932158588789,0.9177145881833865,17.022035798391983
iterative_q_direct,2,9000058,4320,8928,2113,70,77.60742261214182,12026548.695753152,143662.15199638976,12170210.84774954,2028368.4746249234,783819.4328716175,744424.7573553916,24859.185747767577,4143.197624627929,0.9497401137760789,15.526804181369295
iterative_q_direct,2,9000059,4320,8928,2076,69,77.59770364500582,13453629.893768143,322952.5381559974,13776582.43192414,2296097.0719873565,801239.5128977392,738540.9742424825,42765.04787616651,7127.507979361084,0.9217480695272965,17.194087673110577
iterative_q_direct,2,9000060,4320,8928,2456,70,76.14498086599633,11328255.212371081,300000.1026619243,11628255.315033006,1938042.5525055008,770855.4399482679,730683.5188225468,20104.293172781567,3350.715528796928,0.9478865698497023,15.084871575678804
iterative_q_receding,0,9000031,4320,8928,2282,69,83.59585467493162,11241264.283648789,163694.85829976745,11404959.141948557,1900826.5236580928,762057.2272253358,735463.6926230354,17469.595747496012,2911.5992912493352,0.9651029691049215,14.966014013769307
iterative_q_receding,0,9000032,4320,8928,2250,66,69.58565350109711,11707875.376882667,164174.13538864968,11872049.512271317,1978674.918711886,785045.5141203033,750730.6098344983,21293.7224664817,3548.9537444136167,0.9562892804702448,15.122753138172826
iterative_q_receding,0,9000033,4320,8928,2199,68,79.4076216481626,12150231.004411543,222143.50533848314,12372374.509750025,2062062.4182916707,781746.9207998742,735833.5983648646,26436.55380114344,4406.092300190573,0.9412683040848672,15.82657274440014
iterative_q_receding,0,9000034,4320,8928,2324,66,82.23173708189279,11454762.428339556,203314.2453313861,11658076.673670942,1943012.778945157,781213.8042785354,749294.8890683131,18221.05581121718,3036.842635202863,0.9591418955535482,14.923029534068947
iterative_q_receding,0,9000035,4320,8928,2185,69,78.32648531440645,11969121.911226533,217239.3417357527,12186361.252962286,2031060.2088270474,770620.6998461707,737257.4044467771,26635.1229811578,4439.1871635263005,0.956705944434073,15.813695707103241
iterative_q_receding,0,9000036,4320,8928,2196,71,81.1441442631185,12236536.118883591,176050.12580807845,12412586.24469167,2068764.374115278,788628.397114808,747974.2833248845,27192.480125945414,4532.080020990902,0.9484495943353596,15.739461437228279
iterative_q_receding,0,9000037,4320,8928,2209,69,56.18650280684233,11419681.231924009,222796.47026495019,11642477.70218896,1940412.9503648265,778737.5047453274,754591.4281781829,17104.23605048715,2850.706008414525,0.9689933046501452,14.950452021694305
iterative_q_receding,0,9000038,4320,8928,2132,70,78.15803718427196,12448997.320165616,241660.46907664824,12690657.789242264,2115109.6315403776,795614.9476565759,743868.8301395685,30914.57146867949,5152.428578113248,0.9349608530239135,15.950753346982285
iterative_q_receding,0,9000039,4320,8928,2251,70,82.92857622308657,11299235.113249375,291980.8254475895,11591215.938696964,1931869.3231161605,786484.477925006,753221.0559343852,16554.268204451717,2759.044700741953,0.9577061939246656,14.738009794266056
iterative_q_receding,0,9000040,4320,8928,2321,69,74.8144572568126,12171886.619108386,227986.03723162625,12399872.656340012,2066645.4427233357,776219.7221167715,724716.1520291285,29666.849689498355,4944.4749482497255,0.9336482073050252,15.974694152997344
iterative_q_receding,0,9000041,4320,8928,2230,69,84.56959292571992,11602835.37115951,166797.20943961598,11769632.580599127,1961605.4300998547,774280.6979438139,741523.158292763,20419.07866821296,3403.179778035493,0.9576929403793198,15.20073096469363
iterative_q_receding,0,9000042,4320,8928,2250,70,78.44328713277355,12276962.551911412,175718.48124568697,12452681.033157099,2075446.8388595167,795004.3988473791,751599.6126463523,27763.168477221578,4627.194746203596,0.9454030867452351,15.66366305797976
iterative_q_receding,0,9000043,4320,8928,2002,61,64.48077305871993,12376007.934721338,190939.14166896485,12566947.076390302,2094491.1793983835,782300.4682072778,739263.9345230812,29447.203806584454,4907.867301097409,0.9449872070474158,16.06409249017677
iterative_q_receding,0,9000044,4320,8928,2418,69,66.09718449693173,11893845.431865234,209383.45198625166,12103228.883851485,2017204.8139752476,786867.8772891765,754650.5169986378,23750.724028031345,3958.454004671891,0.9590562008941957,15.381526217016367
iterative_q_receding,0,9000045,4320,8928,2151,68,75.23909157095477,12087364.800275467,218703.20262858618,12306068.002904054,2051011.3338173425,786167.558669711,747040.1729515864,26059.7034066184,4343.2839011030665,0.9502302209158404,15.653238126141181
iterative_q_receding,0,9000046,4320,8928,2102,69,63.522199613042176,12011817.38508399,126914.0706679174,12138731.455751907,2023121.9092919845,781240.9293624945,748952.043904118,24744.366088203577,4124.061014700596,0.9586697467518442,15.537756663181117
iterative_q_receding,0,9000047,4320,8928,2230,68,77.45225097890943,11292254.628227003,243171.185124552,11535425.813351555,1922570.9688919256,769873.054645001,742781.0596813858,16938.09203092371,2823.0153384872856,0.9648097893540284,14.98354273312072
iterative_q_receding,0,9000048,4320,8928,2144,69,73.37721442990005,12280622.428936893,154601.014437106,12435223.443373999,2072537.240562333,783020.5302105088,744697.7703900432,27636.504015595176,4606.084002599196,0.9510577841296666,15.881095020625944
iterative_q_receding,0,9000049,4320,8928,2242,71,75.65148681588471,13773337.204716211,222378.79936669217,13995716.004082903,2332619.334013817,788574.4200101227,717344.8809734345,51597.678508249046,8599.613084708175,0.9096730286587614,17.74812325754016
iterative_q_receding,0,9000050,4320,8928,2089,69,79.89128851983696,11818288.958514351,220993.4850490025,12039282.443563353,2006547.0739272255,770214.3831994548,727299.0771154492,24303.151765809514,4050.5252943015857,0.944281349426719,15.63107974373631
iterative_q_receding,0,9000051,4320,8928,2162,70,83.48408957477659,11681144.668151435,275101.94432444626,11956246.612475881,1992707.7687459805,760551.7674630184,715634.875151421,23839.81544939424,3973.30257489904,0.9409417028094915,15.720490207206375
iterative_q_receding,0,9000052,4320,8928,2069,65,68.61012663738802,11420473.300654752,223774.6536706196,11644247.954325372,1940707.992387562,796671.7311598957,765593.3372253464,16062.869779693943,2677.1449632823237,0.9609897116729604,14.616117905140428
iterative_q_receding,0,9000053,4320,8928,1845,68,81.01716270390898,13968588.871517139,227197.00126517258,14195785.87278231,2365964.312130385,786569.9028400439,720290.379600591,51271.12713223519,8545.187855372531,0.9157360038819952,18.047710472427205
iterative_q_receding,0,9000054,4320,8928,2113,70,87.29060614481568,10987014.057099473,275889.54108813574,11262903.598187609,1877150.5996979347,765397.6971079829,732773.6004540458,13724.660992354742,2287.4434987257905,0.9573762806222104,14.715099928761125
iterative_q_receding,0,9000055,4320,8928,2114,69,76.95513867400587,14097806.427111268,253521.56754578455,14351327.994657053,2391887.999109509,794291.7806990704,726312.6357196559,53952.11058928449,8992.018431547414,0.9144153991879598,18.06808070206416
iterative_q_receding,0,9000056,4320,8928,2311,66,81.10839994624257,11330378.848860225,220964.03787352325,11551342.886733748,1925223.8144556247,765775.8547079139,730658.8952935317,17313.914236656572,2885.652372776095,0.954141986589827,15.084496090751934
iterative_q_receding,0,9000057,4320,8928,2093,68,65.41595428902656,11714202.439237332,250678.9053556218,11964881.344592953,1994146.890765492,780294.5193322788,738227.4025785322,20685.99069713539,3447.6651161892314,0.9460881555470304,15.333801594341145
iterative_q_receding,0,9000058,4320,8928,2369,67,78.31045825127512,11234996.718894001,193589.99906832085,11428586.717962323,1904764.4529937205,783819.4328716175,749874.6035937481,16103.294470795761,2683.8824117992935,0.9566930496306931,14.580637119562487
iterative_q_receding,0,9000059,4320,8928,2045,70,76.43814628291875,12158549.202118807,280654.1461160928,12439203.3482349,2073200.55803915,801239.5128977392,755838.6792770263,24867.54855857631,4144.591426429384,0.9433367515082756,15.524949965644659
iterative_q_receding,0,9000060,4320,8928,2239,66,70.45098149077967,11655194.16372995,197078.624823953,11852272.788553903,1975378.798092317,770855.4399482679,731593.7250246642,22168.845136205815,3694.8075227009695,0.9490673440324446,15.375480504294435
iterative_q_receding,1,9000031,4320,8928,2276,70,79.03626693924889,11428454.687132008,216142.99936686896,11644597.686498877,1940766.281083146,762057.2272253358,730407.1373181129,21181.928790276255,3530.3214650460422,0.9584675680821748,15.280476676137654
iterative_q_receding,1,9000032,4320,8928,2191,67,63.020929421298206,11966217.311435597,216832.23073626176,12183049.542171858,2030508.2570286428,785045.5141203033,743646.3781312186,25138.613932595126,4189.768988765854,0.947265304693225,15.51890855121157
iterative_q_receding,1,9000033,4320,8928,2253,71,75.20374394394457,11682220.482529253,252343.59269664716,11934564.0752259,1989094.0125376503,781746.9207998742,744769.5279666459,21083.77378524061,3513.9622975401016,0.9526990233675708,15.26653160720428
iterative_q_receding,1,9000034,4320,8928,2235,71,72.46230965806171,11763952.014328225,172879.12338768766,11936831.137715911,1989471.8562859853,781213.8042785354,742789.8459496872,22808.85697198552,3801.4761619975866,0.9508150545748056,15.27985177980794
iterative_q_receding,1,9000035,4320,8928,1983,69,66.7599063529633,13583296.763866281,161212.05440525015,13744508.81827153,2290751.4697119216,770620.6998461707,715348.0574201427,47622.8747932675,7937.145798877917,0.9282751651531532,17.835634081741087
iterative_q_receding,1,9000036,4320,8928,2164,69,78.67455390281975,13692401.669339642,230850.25720055398,13923251.926540196,2320541.9877566993,788628.397114808,721626.6082136668,49347.48311859136,8224.580519765226,0.9150401010840254,17.655022286134162
iterative_q_receding,1,9000037,4320,8928,2182,70,56.893835292197764,11242693.839544933,230442.39906340837,11473136.238608342,1912189.3731013902,778737.5047453274,753363.228605484,14470.63112975329,2411.7718549588817,0.967416137035622,14.732995609811335
iterative_q_receding,1,9000038,4320,8928,2214,71,79.44322065776214,12354160.315261584,236873.46286328597,12591033.778124869,2098505.629687478,795614.9476565759,754644.5564463336,28622.167924676218,4770.36132077937,0.9485047492748628,15.82553698269598
iterative_q_receding,1,9000039,4320,8928,2184,67,82.01672319415957,11034804.041524194,243829.66177014215,11278633.703294337,1879772.2838823895,786484.477925006,758381.3821088402,11842.084085171393,1973.6806808618987,0.9642674501468731,14.34056744902446
iterative_q_receding,1,9000040,4320,8928,2369,72,83.1141973817721,10774527.946156856,257791.95957800056,11032319.905734856,1838719.9842891425,776219.7221167715,744098.8193129404,10630.705517732336,1771.7842529553893,0.9586188009804278,14.212882759084541
iterative_q_receding,1,9000041,4320,8928,2105,71,81.39246372692287,12000676.073242556,208951.49334733072,12209627.566589886,2034937.9277649808,774280.6979438139,738313.4728858917,25536.017990139266,4256.002998356545,0.9535475633663127,15.768993853280694
iterative_q_receding,1,9000042,4320,8928,2166,70,75.02317109610885,11935068.451708073,204698.7708004105,12139767.222508483,2023294.5370847473,795004.3988473791,752005.6360265,23277.929875248585,3879.6549792080978,0.9459138051522482,15.27006295827932
iterative_q_receding,1,9000043,4320,8928,2218,71,63.825749672949314,13056253.526833538,222053.81178032883,13278307.338613866,2213051.2231023107,782300.4682072778,729656.3508824118,40409.37048479549,6734.895080799248,0.9327060132719779,16.97341095684434
iterative_q_receding,1,9000044,4320,8928,2076,70,59.97824825998396,12007264.094115332,202590.5875089552,12209854.681624288,2034975.7802707148,786867.8772891765,748512.6322778625,23379.30397203004,3896.5506620050064,0.9512558002196622,15.517032826004062
iterative_q_receding,1,9000045,4320,8928,2022,71,72.62091546459123,12137746.790055614,197146.09325301446,12334892.883308629,2055815.480551438,786167.558669711,748467.3913055959,25633.81319914488,4272.30219985748,0.9520456333406732,15.689903185754362
iterative_q_receding,1,9000046,4320,8928,2224,69,65.98365663085133,11998578.71120711,212889.11403660887,12211467.825243719,2035244.6375406198,781240.9293624945,744320.6978745514,24919.254571371952,4153.209095228658,0.9527415550052266,15.630860297102558
iterative_q_receding,1,9000047,4320,8928,2153,71,78.62687080167234,10875818.640051927,219882.92968025114,11095701.569732178,1849283.594955363,769873.054645001,741327.9695001607,10169.206924964481,1694.8678208274134,0.9629223480772388,14.412378122323762
iterative_q_receding,1,9000048,4320,8928,2195,71,71.89145339513198,13460874.128290389,167076.77223654612,13627950.900526935,2271325.150087822,783020.5302105088,728047.2479430514,44830.95515667908,7471.825859446514,0.9297933066292932,17.404334081589365
iterative_q_receding,1,9000049,4320,8928,2405,68,82.61970238387585,11445379.432060383,171558.90788827953,11616938.339948663,1936156.3899914438,788574.4200101227,754869.1164276779,17747.663354829285,2957.9438924715473,0.9572579293378396,14.731568822381456
iterative_q_receding,1,9000050,4320,8928,2182,69,81.72338326601312,12085794.249530196,142301.83724973464,12228096.086779932,2038016.0144633218,770214.3831994548,730091.8791979718,26496.225339175126,4416.037556529187,0.9479073555666218,15.876224014390216
iterative_q_receding,1,9000051,4320,8928,1997,69,81.46126137906685,12654392.362137074,310096.83351501793,12964489.195652092,2160748.199275349,760551.7674630184,704111.5526050522,34947.51097663425,5824.585162772375,0.9257904362694015,17.04616273379772
iterative_q_receding,1,9000052,4320,8928,2101,72,65.87876234203577,13020163.492577426,230145.78694301072,13250309.279520437,2208384.879920073,796671.7311598957,746615.1596534345,37220.91720884359,6203.486201473932,0.9371678828950257,16.63208164827056
iterative_q_receding,1,9000053,4320,8928,1899,72,79.91243259236217,15489420.813097319,189006.72849915168,15678427.54159647,2613071.256932745,786569.9028400438,701478.8097918521,71281.1895974367,11880.198266239451,0.8918200496345514,19.932656315715683
iterative_q_receding,1,9000054,4320,8928,2078,70,86.78390402300283,11000101.66226628,319294.30199916125,11319395.964265442,1886565.9940442403,765397.6971079829,729051.5340937062,13487.767077332031,2247.9611795553387,0.9525133624629275,14.788907788768133
iterative_q_receding,1,9000055,4320,8928,2030,71,77.06698471587151,14391119.391933609,202455.6876240711,14593575.07955768,2432262.513259613,794291.7806990704,724344.014257524,56548.76253998636,9424.793756664394,0.911936937859304,18.373065709824687
iterative_q_receding,1,9000056,4320,8928,1947,68,77.651781745255,12413023.888788879,255567.66876134288,12668591.557550222,2111431.9262583703,765775.8547079139,718193.6923572824,31713.234137677155,5285.539022946192,0.9378641125100757,16.543472191849585
iterative_q_receding,1,9000057,4320,8928,2179,69,63.54098214302212,12357981.878947414,319640.1578972315,12677622.036844647,2112937.006140774,780294.5193322788,726991.3030732608,31626.883183389305,5271.147197231551,0.9316883369825139,16.247226813400236
iterative_q_receding,1,9000058,4320,8928,2294,70,77.39260725211352,11910849.438245276,208251.2136402257,12119100.651885502,2019850.1086475835,783819.4328716175,741185.7950850471,24806.413592226,4134.402265371,0.9456078326223977,15.461597586941304
iterative_q_receding,1,9000059,4320,8928,2074,70,72.61146801989526,14540491.702321017,194675.1494288755,14735166.851749893,2455861.141958316,801239.5128977392,728021.0860160383,56098.022070113904,9349.670345018983,0.9086185520021333,18.390464542193037
iterative_q_receding,1,9000060,4320,8928,2330,71,72.4805385521613,11362921.071069025,201435.7540792667,11564356.825148292,1927392.8041913821,770855.4399482679,731123.3997883465,18171.149682502495,3028.5249470837493,0.9484572098724661,15.00197861472493
iterative_q_receding,2,9000031,4320,8928,2249,70,79.79192960867658,11355321.56978398,144346.92775053915,11499668.497534519,1916611.416255753,762057.2272253358,731310.0084842442,18894.548638085893,3149.091439680982,0.9596523494002639,15.090295172981984
iterative_q_receding,2,9000032,4320,8928,2262,65,62.38823769008741,12480042.117981903,227406.39134868412,12707448.509330587,2117908.0848884312,785045.5141203033,737131.2049882903,32630.96052473547,5438.493420789245,0.9389662022517201,16.186893983554754
iterative_q_receding,2,9000033,4320,8928,2248,71,73.97538366913795,12652430.67782959,205183.41538261357,12857614.093212204,2142935.682202034,781746.9207998742,735816.0168066855,33747.534417384784,5624.589069564131,0.9412458139954133,16.44728460210172
iterative_q_receding,2,9000034,4320,8928,2211,69,70.19853129610419,12676275.002129132,239736.9594723361,12916011.961601468,2152668.660266911,781213.8042785354,729081.2442669332,35566.45729775916,5927.74288295986,0.933267231421048,16.533261305500908
iterative_q_receding,2,9000035,4320,8928,2325,68,69.78910033078864,12734233.876316974,220237.18976667136,12954471.066083645,2159078.511013941,770620.6998461707,714436.0646253985,37960.27351145682,6326.71225190947,0.9270917129114392,16.81043744175258
iterative_q_receding,2,9000036,4320,8928,2130,67,91.36694691609591,13009403.066425055,200082.6085188233,13209485.67494388,2201580.94582398,788628.397114808,734469.2292539503,38270.714994138085,6378.452499023015,0.9313248571076078,16.74994930853454
iterative_q_receding,2,9000037,4320,8928,2149,69,63.64379161596298,11547868.892233409,198783.83876603993,11746652.73099945,1957775.455166575,778737.5047453273,748896.394875949,18956.44123283615,3159.4068721393583,0.9616801429396452,15.084226275760264
iterative_q_receding,2,9000038,4320,8928,2156,70,88.51646757964045,11859832.32918522,283300.9606482976,12143133.289833518,2023855.548305586,795614.9476565759,749091.1104752519,22700.276050789806,3783.3793417983006,0.941524681859791,15.262575603437574
iterative_q_receding,2,9000039,4320,8928,2293,72,90.53088223095983,11648617.737026826,245199.8415273789,11893817.578554204,1982302.929759034,786484.477925006,747860.0189723746,20357.30199394677,3392.883665657795,0.9508897377675719,15.122762002797366
iterative_q_receding,2,9000040,4320,8928,2132,70,82.61932447412983,11323414.339863284,280775.51556676265,11604189.855430046,1934031.6425716744,776219.7221167715,735623.6345244909,16284.097593592218,2714.0162655987033,0.9477002626504079,14.949619965575103
iterative_q_receding,2,9000041,4320,8928,2499,72,82.45508289383724,11564712.601148974,288442.5763400123,11853155.177488986,1975525.8629148311,774280.6979438139,725447.894989436,22903.768750536103,3817.2947917560173,0.9369313957017673,15.30860217614403
iterative_q_receding,2,9000042,4320,8928,2447,70,75.32832345878705,11612906.478643574,243659.71218367835,11856566.190827252,1976094.3651378753,795004.3988473791,757010.9039004238,20225.949171569395,3370.991528594899,0.9522097047487543,14.913837216520125
iterative_q_receding,2,9000043,4320,8928,2073,66,62.101946849841624,12950239.85649045,208119.47539836675,13158359.331888817,2193059.888648136,782300.4682072778,730824.7359492003,38117.21606441327,6352.8693440688785,0.9341995379652023,16.82008367199697
iterative_q_receding,2,9000044,4320,8928,2197,69,57.275764116086066,12612633.13158812,194956.20019572653,12807589.331783846,2134598.221963974,786867.8772891765,742987.9744957791,33063.76135369138,5510.626892281896,0.9442347259814861,16.27667071110722
iterative_q_receding,2,9000045,4320,8928,2310,69,72.42145496420562,12470316.86439946,207691.82712637272,12678008.691525832,2113001.448587639,786167.558669711,739598.0421483614,31848.593756029284,5308.098959338214,0.9407638791402806,16.126344252844177
iterative_q_receding,2,9000046,4320,8928,2302,68,73.9700179817155,11507278.75940974,182294.22155566598,11689572.980965406,1948262.1634942342,781240.9293624945,756809.4692627147,16923.429722726378,2820.5716204543965,0.9687273679840146,14.96282714028346
iterative_q_receding,2,9000047,4320,8928,2376,69,80.70544928126037,10951109.346617902,242854.9394862078,11193964.28610411,1865660.714350685,769873.054645001,739729.5728901447,13837.832617744698,2306.305436290783,0.960846166036093,14.540013082112349
iterative_q_receding,2,9000048,4320,8928,2174,69,71.67976601235569,13804196.310207218,139874.7616251005,13944071.071832318,2324011.8453053865,783020.5302105088,720733.2304577692,48868.82227515799,8144.803712526331,0.9204525330440644,17.808052961374543
iterative_q_receding,2,9000049,4320,8928,2169,69,79.2909897598438,12280372.222896341,206313.6735921405,12486685.896488482,2081114.3160814135,788574.4200101227,744375.472933255,28151.327563262123,4691.887927210353,0.9439508232129818,15.834505380390343
iterative_q_receding,2,9000050,4320,8928,2188,70,80.83877709228545,12525667.305347083,202179.92912593213,12727847.234473016,2121307.8724121694,770214.3831994548,717392.84615382,34044.308914418914,5674.051485736485,0.9314196953499945,16.52507082716607
iterative_q_receding,2,9000051,4320,8928,1920,67,82.57450193818659,12032483.399833104,282756.57699431776,12315239.976827422,2052539.9961379038,760551.7674630184,713398.0186100479,26032.50303375346,4338.750505625577,0.9380006057835328,16.192507208164823
iterative_q_receding,2,9000052,4320,8928,2240,68,71.48957789130509,10901650.430200942,214936.12743015165,11116586.557631094,1852764.426271849,796671.7311598957,773914.7488242168,9352.888435759507,1558.814739293251,0.9714349317973836,13.95378563444966
iterative_q_receding,2,9000053,4320,8928,1938,70,79.64177473867312,15667337.994245373,170712.2639224416,15838050.258167814,2639675.043027969,786569.9028400438,695687.5126698306,75319.20070445785,12553.200117409642,0.8844573256082302,20.135591510661484
iterative_q_receding,2,9000054,4320,8928,2056,70,87.81009277701378,11224405.77608591,227414.41037998567,11451820.186465895,1908636.697744316,765397.6971079829,733144.2771002864,16133.371875410698,2688.8953125684498,0.9578605734906644,14.961921403390717
iterative_q_receding,2,9000055,4320,8928,2254,72,80.64020516071469,13176981.134797405,222536.62628459843,13399517.761082005,2233252.9601803343,794291.7806990704,744271.0633784677,39972.58204264553,6662.097007107589,0.9370247577325066,16.8697676177498
iterative_q_receding,2,9000056,4320,8928,2193,70,80.91896182531491,10962998.663645303,226408.4706203853,11189407.134265687,1864901.1890442814,765775.8547079139,742465.7160523286,11282.45578597258,1880.4092976620966,0.9695601023298437,14.611856805714522
iterative_q_receding,2,9000057,4320,8928,2346,69,61.95593644306064,12969610.391047433,284327.897388299,13253938.288435731,2208989.7147392887,780294.5193322788,717726.4470729796,40277.42250371943,6712.903750619905,0.9198147997850344,16.98581491995807
iterative_q_receding,2,9000058,4320,8928,2333,69,76.08071414520964,11129679.01025775,287428.03025612736,11417107.040513879,1902851.1734189796,783819.4328716175,746862.3509566546,14582.737030641407,2430.456171773568,0.9528500055432843,14.56599130068251
iterative_q_receding,2,9000059,4320,8928,2229,69,72.62379701295868,13984879.200325135,253189.9861245318,14238069.186449667,2373011.531074945,801239.5128977392,731373.6042347731,50451.075833972194,8408.512638995366,0.9128027168676554,17.7700537195884
iterative_q_receding,2,9000060,4320,8928,2202,68,68.03348235692829,11468414.379963325,253262.60072371433,11721676.980687039,1953612.8301145067,770855.4399482679,732067.0615238304,19884.51371227237,3314.085618712062,0.9496813845835471,15.206063774387687
