case_id,time_h,captured_t,stored_t,vented_t,emitter_inventory_t,vessel_inventory_t,terminal_inventory_t,reservoir_inventory_t,system_mass_balance_error_t,mean_capture_multiplier,minimum_speed_factor,available_well_fraction
formal_medium_720h,1.0,146.58302925726042,285.3881278538813,0.0,7513.904211814564,2154.4770284650835,2278.535455528395,4433410.222655567,-1.2681766747846268e-10,1.052743223950747,1.0,1.0
formal_medium_720h,2.0,327.71017860482146,570.7762557077626,0.0,6037.746797812931,3811.7615918142783,1993.1473276745135,4433695.610783421,4.5935166781418957e-10,1.2366603153044398,1.0,1.0
formal_medium_720h,3.0,554.5942346674292,856.164383561644,0.0,4634.419517021399,5441.972928668418,1707.7591998206321,4433980.9989112755,2.892193151637912e-10,1.106393711980941,1.0,1.0
formal_medium_720h,4.0,731.8728825245001,1141.5525114155253,0.0,3229.5769709361502,7024.094122610737,1422.3710719667508,4434266.38703913,5.115907697472721e-12,0.7670758971845041,1.0,1.0
formal_medium_720h,5.0,860.0039120192682,1426.9406392694066,0.0,2496.396305896816,7885.40581714484,1136.9829441128695,4434551.775166984,2.751221472863108e-10,1.2218856222193655,1.0,1.0
formal_medium_720h,6.0,1073.5805771874614,1712.328767123288,0.0,1817.1447427121348,8778.234045497715,851.5948162589882,4434837.163294838,7.100879884092137e-10,1.0588346082912994,1.0,1.0
formal_medium_720h,7.0,1255.0089992650085,1997.7168949771692,0.0,1114.192821160933,9662.614389126462,566.2066884051069,4435122.551422692,7.219114195322618e-10,0.9922919354744925,1.0,1.0
formal_medium_720h,8.0,1447.9165367395303,2283.1050228310505,0.0,447.7555424754746,10521.959205286443,280.8185605512256,4435407.939550546,1.4283614291343838e-09,0.9616057490384566,1.0,1.0
formal_medium_720h,9.0,1637.784688260699,2563.923583382276,0.0,0.0,11159.582899283087,0.0,4435688.758111097,6.384652806445956e-10,0.8432257651119425,1.0,1.0
formal_medium_720h,10.0,1771.5944518474703,2563.923583382276,0.0,0.0,11293.392662869857,0.0,4435688.758111097,9.472387318965048e-10,1.4338510370313415,1.0,1.0
formal_medium_720h,11.0,2016.2543361578341,2563.923583382276,0.0,0.0,11538.052547180221,0.0,4435688.758111097,9.108589438255876e-10,0.8978846649935454,1.0,1.0
formal_medium_720h,12.0,2179.319275338868,2563.923583382276,0.0,0.0,11701.117486361256,0.0,4435688.758111097,1.19734977488406e-09,1.2782033533755373,1.0,1.0
formal_medium_720h,13.0,2393.3044322798605,2563.923583382276,0.0,0.0,11915.102643302247,0.0,4435688.758111097,1.432454155292362e-09,0.9536971598622074,1.0,1.0
formal_medium_720h,14.0,2546.3089015771075,2563.923583382276,0.0,0.0,12068.107112599493,0.0,4435688.758111097,1.0804797057062387e-09,1.1102903877028023,1.0,1.0
formal_medium_720h,15.0,2737.688128872229,2563.923583382276,0.0,59.29776333601106,12200.188576558605,0.0,4435688.758111097,1.4770193956792355e-09,0.9203448873716037,1.0,1.0
formal_medium_720h,16.0,2904.198677056864,2563.923583382276,0.0,161.27382132078873,12264.723066758463,0.0,4435688.758111097,5.361471266951412e-10,1.1542613039735565,1.0,1.0
formal_medium_720h,17.0,3092.6797026236773,2563.923583382276,0.0,252.9729595677384,12361.504954078326,0.0,4435688.758111097,1.001353666651994e-09,1.0771092901099613,1.0,1.0
formal_medium_720h,18.0,3286.594073079012,2563.923583382276,0.0,367.49038826345515,12440.901895837944,0.0,4435688.758111097,5.143192538525909e-10,0.9411540152749872,1.0,1.0
formal_medium_720h,19.0,3457.4221125561257,2563.923583382276,0.0,469.28797770518446,12509.932345873327,0.0,4435688.758111097,4.865796654485166e-11,1.0894216178209897,1.0,1.0
formal_medium_720h,20.0,3630.553219624089,2563.923583382276,0.0,548.4529012907977,12603.898529355678,0.0,4435688.758111097,1.6375452105421573e-09,1.1102525939589798,1.0,1.0
formal_medium_720h,21.0,3829.8022831060484,2563.923583382276,0.0,668.0738879428811,12683.526606185555,0.0,4435688.758111097,2.185970515711233e-09,0.7264070160349125,1.0,1.0
formal_medium_720h,22.0,3954.056179073452,2563.923583382276,0.0,735.6783337954886,12740.17605630035,0.0,4435688.758111097,1.1186784831807017e-09,1.0522000076306754,1.0,1.0
formal_medium_720h,23.0,4120.05449335679,2563.923583382276,0.0,809.197090134166,12832.655614245012,0.0,4435688.758111097,6.375557859428227e-10,1.017578648386708,1.0,1.0
formal_medium_720h,24.0,4304.2684589850205,2563.923583382276,0.0,916.3506769557783,12909.71599305163,0.0,4435688.758111097,7.030394044704735e-10,0.9548541727231982,1.0,1.0
formal_medium_720h,25.0,4475.736645615087,2563.923583382276,0.0,1018.0105846832932,12979.524271954182,0.0,4435688.758111097,1.5043042367324233e-09,1.2596764982454691,1.0,1.0
formal_medium_720h,26.0,4687.0412244022,2563.923583382276,0.0,1127.6339966971702,13081.205438727417,0.0,4435688.758111097,1.1068550520576537e-09,0.8405171292437593,1.0,1.0
formal_medium_720h,27.0,4826.253051122518,2563.923583382276,0.0,1193.2006947261298,13154.850567418776,0.0,4435688.758111097,1.064108801074326e-09,1.1688686998776527,1.0,1.0
formal_medium_720h,28.0,5046.954927337634,2563.923583382276,0.0,1338.5789648100204,13230.174173550002,0.0,4435688.758111097,1.584339770488441e-09,1.1029415324705691,1.0,1.0
formal_medium_720h,29.0,5250.926508103152,2563.923583382276,0.0,1461.9070617185967,13310.817657406944,0.0,4435688.758111097,1.2769305612891912e-09,1.0027755730403307,1.0,1.0
formal_medium_720h,30.0,5438.436904104903,2563.923583382276,0.0,1581.5057057800398,13378.729409347252,0.0,4435688.758111097,1.3860699255019426e-09,1.006362688344477,1.0,1.0
formal_medium_720h,31.0,5619.451595569129,2563.923583382276,0.0,1691.6182877609099,13449.631518830607,0.0,4435688.758111097,8.321876521222293e-10,0.8329843504742539,1.0,1.0
formal_medium_720h,32.0,5767.732078671379,2563.923583382276,0.0,1778.432952082571,13511.097337611196,0.0,4435688.758111097,1.0077201295644045e-09,0.6784798353216076,1.0,1.0
formal_medium_720h,33.0,5877.460433356866,2563.923583382276,0.0,1827.251502384252,13572.007141995,0.0,4435688.758111097,1.4606484910473228e-09,1.0463581712622931,1.0,1.0
formal_medium_720h,34.0,6040.700322255824,2563.923583382276,0.0,1896.038044558527,13666.460488719686,0.0,4435688.758111097,1.5306795830838382e-09,1.2033326933269426,1.0,1.0
formal_medium_720h,35.0,6234.630034460006,2563.923583382276,0.0,1983.6828425676185,13772.745402914776,0.0,4435688.758111097,6.803020369261503e-10,1.2194216136954834,1.0,1.0
formal_medium_720h,36.0,6449.036115520376,2563.923583382276,0.0,2103.692185991608,13867.142140551157,0.0,4435688.758111097,1.1887095752172172e-09,1.073063362126267,1.0,1.0
formal_medium_720h,37.0,6651.660583094515,2563.923583382276,0.0,2235.1657180190446,13938.29307609786,0.0,4435688.758111097,1.1104930308647454e-09,0.8218684724072213,1.0,1.0
formal_medium_720h,38.0,6794.622365452424,2563.923583382276,0.0,2312.139323850769,14004.281252624043,0.0,4435688.758111097,1.788066583685577e-09,0.9050745233205525,1.0,1.0
formal_medium_720h,39.0,6942.350468195775,2563.923583382276,0.0,2381.308426710775,14082.840252507387,0.0,4435688.758111097,1.1314114090055227e-09,0.9368443762373078,1.0,1.0
formal_medium_720h,40.0,7132.239866060148,2563.923583382276,0.0,2520.448141652813,14133.589935429722,0.0,4435688.758111097,9.877112461254e-10,0.7992713084316566,1.0,1.0
formal_medium_720h,41.0,7272.526566861696,2563.923583382276,0.0,2601.3483078432228,14192.97647004086,0.0,4435688.758111097,4.3291947804391384e-10,0.912586468693057,1.0,1.0
formal_medium_720h,42.0,7426.452315442243,2563.923583382276,0.0,2684.1134158219793,14264.13711064265,0.0,4435688.758111097,1.8835635273717344e-09,0.8298895778529154,1.0,1.0
formal_medium_720h,43.0,7592.812205413291,2563.923583382276,0.0,2799.5872860360396,14315.023130399639,0.0,4435688.758111097,9.968061931431293e-10,1.313445495389854,1.0,1.0
formal_medium_720h,44.0,7841.324611291751,2563.923583382276,0.0,2956.690871971059,14406.43195034308,0.0,4435688.758111097,4.69299266114831e-10,0.984196841511877,1.0,1.0
formal_medium_720h,45.0,8033.353319345903,2563.923583382276,0.0,3086.7116126986825,14468.439917669606,0.0,4435688.758111097,1.001353666651994e-09,1.2407606735956078,1.0,1.0
formal_medium_720h,46.0,8273.213213057812,2563.923583382276,0.0,3251.2997067200818,14543.711717360118,0.0,4435688.758111097,3.765308065339923e-10,1.3409257051996584,1.0,1.0
formal_medium_720h,47.0,8525.548899541458,2563.923583382276,0.0,3412.7210757308685,14634.626034832976,0.0,4435688.758111097,2.013621269725263e-09,1.1338141430465647,1.0,1.0
formal_medium_720h,48.0,8730.099267449299,2563.923583382276,0.0,3533.8534572053773,14718.044021266309,0.0,4435688.758111097,8.62200977280736e-10,1.1642510265281472,1.0,1.0
formal_medium_720h,49.0,8921.539757429458,2563.923583382276,0.0,3624.8315724445956,14818.506396007251,0.0,4435688.758111097,1.0950316209346056e-09,1.0847082368993173,1.0,1.0
formal_medium_720h,50.0,9111.012452078794,2563.923583382276,0.0,3724.5132470302556,14908.297416070925,0.0,4435688.758111097,1.8917489796876907e-10,0.9662371439119819,1.0,1.0
formal_medium_720h,51.0,9268.91606431465,2563.923583382276,0.0,3804.437923920297,14986.27635141674,0.0,4435688.758111097,8.258211892098188e-10,1.2542026295732542,1.0,1.0
formal_medium_720h,52.0,9521.283727469083,2563.923583382276,0.0,3984.9956707908204,15058.086267700648,0.0,4435688.758111097,1.7025740817189217e-09,1.8487159493436132,1.0,1.0
formal_medium_720h,53.0,9831.79758730661,2563.923583382276,0.0,4136.592211422303,15217.003586906694,0.0,4435688.758111097,1.4915713109076023e-09,1.5583333604692007,1.0,1.0
formal_medium_720h,54.0,10100.946964627003,2563.923583382276,0.0,4276.868307503093,15345.876868146297,0.0,4435688.758111097,1.0604708222672343e-09,1.3019966186756422,1.0,1.0
formal_medium_720h,55.0,10351.199122813914,2563.923583382276,0.0,4447.262019673106,15425.735314163194,0.0,4435688.758111097,5.475158104673028e-10,1.1883863393593062,1.0,1.0
formal_medium_720h,56.0,10555.873290134079,2563.923583382276,0.0,4556.347454484238,15521.324046672229,0.0,4435688.758111097,1.446096575818956e-09,1.275337722631154,1.0,1.0
formal_medium_720h,57.0,10787.389473881141,2563.923583382276,0.0,4694.057548597949,15615.130136305583,0.0,4435688.758111097,1.3624230632558465e-09,1.3303015776425666,1.0,1.0
formal_medium_720h,58.0,11028.775766715358,2563.923583382276,0.0,4836.99167619541,15713.582301542338,0.0,4435688.758111097,9.804352885112166e-10,0.9148086632086896,1.0,1.0
formal_medium_720h,59.0,11158.556654674861,2563.923583382276,0.0,4868.439568603921,15811.915297093332,0.0,4435688.758111097,1.002263161353767e-09,1.5620540507192262,1.0,1.0
formal_medium_720h,60.0,11433.646379554135,2849.311711236157,0.0,5023.305445035028,15132.139145541496,514.6118721461187,4435974.146238951,5.093170329928398e-10,1.3243166467857828,1.0,1.0
formal_medium_720h,61.0,11652.087325003024,3134.699839090038,0.0,5126.537026324381,14447.348509701033,1029.2237442922374,4436259.534366805,1.837179297581315e-09,1.44841977529768,1.0,1.0
formal_medium_720h,62.0,11901.363478407106,3420.087966943919,0.0,5259.17207648626,13763.989612943235,1543.835616438356,4436544.922494659,1.089574652723968e-09,1.0960465392163592,1.0,1.0
formal_medium_720h,63.0,12078.487636470658,3705.4760947978,0.0,5336.7967334042705,13063.489114088778,2058.4474885844747,4436830.310622513,2.371962182223797e-09,1.4355576234492553,1.0,1.0
formal_medium_720h,64.0,12327.85891571812,3990.8642226516813,0.0,5473.210980171502,12376.446146569007,2573.0593607305937,4437115.698750367,2.015440259128809e-09,1.2560954026010893,1.0,1.0
formal_medium_720h,65.0,12529.742697497755,4276.252350505562,0.0,5562.260921897851,11689.279986622292,3087.6712328767126,4437401.0868782215,2.8685462893918157e-09,1.4623766588500908,1.0,1.0
formal_medium_720h,66.0,12778.508579525233,4561.6404783594435,0.0,5688.7842363806,11011.52255416702,3602.2831050228315,4437686.475006076,1.7953425412997603e-09,1.2473636586577068,1.0,1.0
formal_medium_720h,67.0,12973.506400427264,4847.028606213325,0.0,5769.85766664581,10325.446944803844,4116.89497716895,4437971.86313393,2.3792381398379803e-09,0.9960885801822208,1.0,1.0
formal_medium_720h,68.0,13178.85167823782,5132.416734067206,0.0,5924.209794043843,9576.440095216367,4631.506849315069,4438257.251261784,2.293745637871325e-09,1.7170369895212847,1.0,1.0
formal_medium_720h,69.0,13531.288241349841,5417.804861921087,0.0,6182.1490769799175,9370.937375392314,4646.118721461188,4438542.639389638,3.976310836151242e-09,1.3201365910375131,1.0,1.0
formal_medium_720h,70.0,13741.203496218217,5703.192989774968,0.0,6272.646609127934,9490.355098112672,4360.730593607307,4438828.027517492,3.2359821489080787e-09,1.5529169142162569,1.0,1.0
formal_medium_720h,71.0,14018.30591436079,5988.581117628849,0.0,6432.135535985088,9607.968589398091,4075.342465753426,4439113.415645346,4.896719474345446e-09,1.6030551182318318,1.0,1.0
formal_medium_720h,72.0,14335.885099969622,6273.96924548273,0.0,6652.117945066705,9705.565365925306,3789.954337899545,4439398.8037732,3.9071892388165e-09,0.9480067390794914,1.0,1.0
formal_medium_720h,73.0,14495.673339984965,6559.357373336611,0.0,6729.8808484889105,9787.590702518444,3504.566210045664,4439684.191901054,4.070898285135627e-09,1.0126152155546182,1.0,1.0
formal_medium_720h,74.0,14679.937744979845,6844.745501190492,0.0,6836.822013627403,9864.913942374831,3219.178082191783,4439969.580028908,4.558387445285916e-09,1.362811141074351,1.0,1.0
formal_medium_720h,75.0,14926.806266934535,7130.133629044373,0.0,6986.338038385262,9962.266439571664,2933.7899543379017,4440254.968156762,4.7330104280263186e-09,1.8991540264772777,1.0,1.0
formal_medium_720h,76.0,15284.746206019738,7415.521756898254,0.0,7217.1755413236615,10089.368875718468,2648.4018264840206,4440540.3562846165,4.9240043153986335e-09,1.3480606832163968,1.0,1.0
formal_medium_720h,77.0,15563.248348206507,7700.909884752135,0.0,7421.779667545535,10163.266891683365,2363.0136986301395,4440825.744412471,5.362380761653185e-09,1.4470125961226898,1.0,1.0
formal_medium_720h,78.0,15838.186746267214,7986.2980126060165,0.0,7602.164435230666,10257.82052205894,2077.6255707762584,4441111.132540325,5.04405761603266e-09,1.4278676466527358,1.0,1.0
formal_medium_720h,79.0,16110.57313508104,8271.686140459899,0.0,7778.809223269011,10353.56212283442,1792.237442922377,4441396.520668179,5.295078153721988e-09,1.6754116715244354,1.0,1.0
formal_medium_720h,80.0,16404.680545359442,8557.07426831378,0.0,7943.148089525205,10483.33066685663,1506.8493150684958,4441681.908796033,5.995389074087143e-09,1.1242013425721507,1.0,1.0
formal_medium_720h,81.0,16623.73991326365,8842.46239616766,0.0,8091.355695353825,10554.182428932218,1221.4611872146145,4441967.296923887,5.296897143125534e-09,0.8201510799006472,1.0,1.0
formal_medium_720h,82.0,16739.669931428685,9127.850524021542,0.0,8119.997354592,10641.470787859074,936.0730593607332,4442252.685051741,5.409674486145377e-09,1.445034065740385,1.0,1.0
formal_medium_720h,83.0,17006.843678290003,9413.238651875423,0.0,8285.812881120837,10742.829008191555,650.6849315068519,4442538.073179595,6.5410858951509e-09,1.1638179872214895,1.0,1.0
formal_medium_720h,84.0,17182.35867514209,9698.626779729304,0.0,8345.872957592881,10858.283928571602,365.29680365297054,4442823.461307449,7.17773218639195e-09,1.1205161700601265,1.0,1.0
formal_medium_720h,85.0,17354.154205124603,9984.014907583185,0.0,8412.748643226609,10963.203772920384,79.90867579908922,4443108.849435303,7.672497304156423e-09,1.4303449810383226,1.0,1.0
formal_medium_720h,86.0,17594.50726099802,10063.923583382275,0.0,8528.884850065317,11087.420621955092,0.0,4443188.7581111025,6.2791514210402966e-09,1.3421990078839425,1.0,1.0
formal_medium_720h,87.0,17794.49993709368,10063.923583382275,0.0,8598.850375791655,11217.447772324413,0.0,4443188.7581111025,7.588823791593313e-09,0.9223548046969906,1.0,1.0
formal_medium_720h,88.0,17905.77703912579,10063.923583382275,0.0,8598.850375791655,11328.724874356525,0.0,4443188.7581111025,6.290065357461572e-09,1.1941788196664984,1.0,1.0
formal_medium_720h,89.0,18049.72641851844,10063.923583382275,0.0,8598.850375791655,11472.674253749174,0.0,4443188.7581111025,6.5410858951509e-09,0.8273888595084121,1.0,1.0
formal_medium_720h,90.0,18149.68113543038,10063.923583382275,0.0,8598.850375791655,11572.628970661113,0.0,4443188.7581111025,7.07223080098629e-09,0.9966160401338356,1.0,1.0
formal_medium_720h,91.0,18268.827726408632,10063.923583382275,0.0,8598.850375791655,11691.775561639366,0.0,4443188.7581111025,7.657945388928056e-09,0.8864873674811024,1.0,1.0
formal_medium_720h,92.0,18374.322826792428,10063.923583382275,0.0,8598.850375791655,11797.270662023162,0.0,4443188.7581111025,6.577465683221817e-09,0.9822171708246454,1.0,1.0
formal_medium_720h,93.0,18493.846696504,10063.923583382275,0.0,8598.850375791655,11916.794531734735,0.0,4443188.7581111025,7.843482308089733e-09,0.8463254748994156,1.0,1.0
formal_medium_720h,94.0,18598.1319783676,10063.923583382275,0.0,8598.850375791655,12021.079813598337,0.0,4443188.7581111025,7.30506144464016e-09,1.0258340819322727,1.0,1.0
formal_medium_720h,95.0,18720.186535696226,10063.923583382275,0.0,8598.850375791655,12143.134370926964,0.0,4443188.7581111025,7.723429007455707e-09,0.6658530182732966,1.0,1.0
formal_medium_720h,96.0,18801.57205789617,10063.923583382275,0.0,8598.850375791655,12224.519893126908,0.0,4443188.7581111025,6.642949301749468e-09,0.646365709049234,1.0,1.0
formal_medium_720h,97.0,18879.868349840126,10063.923583382275,0.0,8598.850375791655,12302.816185070862,0.0,4443188.7581111025,7.257767720147967e-09,0.801359482031747,1.0,1.0
formal_medium_720h,98.0,18977.54569650376,10063.923583382275,0.0,8598.850375791655,12400.493531734495,0.0,4443188.7581111025,7.174094207584858e-09,0.9565967667467327,1.0,1.0
formal_medium_720h,99.0,19092.263148190825,10063.923583382275,0.0,8598.850375791655,12515.210983421563,0.0,4443188.7581111025,7.079506758600473e-09,1.0880521097759346,1.0,1.0
formal_medium_720h,100.0,19222.11217411496,10063.923583382275,0.0,8598.850375791655,12645.0600093457,0.0,4443188.7581111025,6.701156962662935e-09,1.0209069112084446,1.0,1.0
formal_medium_720h,101.0,19344.194136985163,10063.923583382275,0.0,8598.850375791655,12767.1419722159,0.0,4443188.7581111025,6.933987606316805e-09,0.5675741253815647,1.0,1.0
formal_medium_720h,102.0,19412.5812931991,10063.923583382275,0.0,8598.850375791655,12835.529128429836,0.0,4443188.7581111025,6.632035365328193e-09,0.7452315482858154,1.0,1.0
formal_medium_720h,103.0,19502.61394855343,10063.923583382275,0.0,8598.850375791655,12925.561783784167,0.0,4443188.7581111025,6.890331860631704e-09,0.844218924566817,1.0,1.0
formal_medium_720h,104.0,19603.93560355501,10063.923583382275,0.0,8598.850375791655,13026.88343878575,0.0,4443188.7581111025,6.7993823904544115e-09,0.5581560450234615,1.0,1.0
formal_medium_720h,105.0,19670.506015585725,10063.923583382275,0.0,8598.850375791655,13093.453850816462,0.0,4443188.7581111025,6.530171958729625e-09,0.5450958034041827,1.0,1.0
formal_medium_720h,106.0,19733.668850307502,10063.923583382275,0.0,8598.850375791655,13156.616685538238,0.0,4443188.7581111025,6.370100891217589e-09,1.6403639450869203,1.0,1.0
formal_medium_720h,107.0,19999.839289834745,10063.923583382275,0.0,8716.62635425215,13305.011146604986,0.0,4443188.7581111025,6.497430149465799e-09,1.0955770684296162,1.0,1.0
formal_medium_720h,108.0,20186.284329479964,10063.923583382275,0.0,8814.264339641904,13393.81820086045,0.0,4443188.7581111025,6.1154423747211695e-09,0.8881529180031477,1.0,1.0
formal_medium_720h,109.0,20330.949195591915,10063.923583382275,0.0,8879.026634704294,13473.720771910012,0.0,4443188.7581111025,6.337359081953764e-09,1.3486911874872558,1.0,1.0
formal_medium_720h,110.0,20557.923810543638,10063.923583382275,0.0,8991.20216072105,13588.51986084498,0.0,4443188.7581111025,6.373738870024681e-09,1.0853487662860337,1.0,1.0
formal_medium_720h,111.0,20719.79005183677,10063.923583382275,0.0,9049.29409043989,13692.294172419275,0.0,4443188.7581111025,6.2682374846190214e-09,1.1070797845294051,1.0,1.0
formal_medium_720h,112.0,20895.84033906802,10063.923583382275,0.0,9121.230822256095,13796.407727834317,0.0,4443188.7581111025,5.889887688681483e-09,1.0705895139994623,1.0,1.0
formal_medium_720h,113.0,21081.644445251703,10063.923583382275,0.0,9219.140560214184,13884.302096059911,0.0,4443188.7581111025,7.4214767664670944e-09,1.0197429035946939,1.0,1.0
formal_medium_720h,114.0,21245.51385567506,10063.923583382275,0.0,8488.059179099455,14779.252887597997,0.0,4443188.7581111025,6.693881005048752e-09,1.4791967962719983,1.0,1.0
formal_medium_720h,115.0,21476.74109926811,10063.923583382275,0.0,7780.3181804360065,15718.221129854497,0.0,4443188.7581111025,7.53789208829403e-09,1.2102007808782094,1.0,1.0
formal_medium_720h,116.0,21677.386997583744,10063.923583382275,0.0,7074.128404849208,16625.05680375693,0.0,4443188.7581111025,7.0285750553011894e-09,1.5621354047772928,1.0,1.0
formal_medium_720h,117.0,21945.537461232077,10063.923583382275,0.0,6414.668572079395,17552.667100175073,0.0,4443188.7581111025,6.835762178525329e-09,1.338410094048703,1.0,1.0
formal_medium_720h,118.0,22158.693739769853,10063.923583382275,0.0,5707.0517611365,18473.440189655743,0.0,4443188.7581111025,6.6465872805565596e-09,1.354957102587181,1.0,1.0
formal_medium_720h,119.0,22397.375569652642,10063.923583382275,0.0,5038.892983954086,19380.280796720945,0.0,4443188.7581111025,7.574271876364946e-09,0.8800037096478354,1.0,1.0
formal_medium_720h,120.0,22535.120019983762,10063.923583382275,0.0,4293.350234407642,20263.567996598507,0.0,4443188.7581111025,6.257323548197746e-09,1.1454357875476828,1.0,1.0
formal_medium_720h,121.0,22728.925988190415,10063.923583382275,0.0,3593.669430114048,21157.05476909875,0.0,4443188.7581111025,6.912159733474255e-09,1.3389230354601886,1.0,1.0
formal_medium_720h,122.0,22959.0167493998,10063.923583382275,0.0,2915.3686334997597,22065.44632692243,0.0,4443188.7581111025,6.4319465309381485e-09,1.1274139523469104,1.0,1.0
formal_medium_720h,123.0,23148.864720477617,10063.923583382275,0.0,2734.428966864147,22436.23396463586,0.0,4443188.7581111025,6.624759407714009e-09,1.2019538261023557,1.0,1.0
formal_medium_720h,124.0,23326.028548286416,10063.923583382275,0.0,2877.9945677259657,22469.832191582842,0.0,4443188.7581111025,6.399204721674323e-09,1.122030525162417,1.0,1.0
formal_medium_720h,125.0,23527.312330020675,10063.923583382275,0.0,3049.1105410430646,22500.0,0.0,4443188.7581111025,6.43558450974524e-09,1.42644869495414,1.0,1.0
formal_medium_720h,126.0,23776.950009385007,10063.923583382275,0.0,3298.748220407396,22500.0,0.0,4443188.7581111025,6.6356733441352844e-09,1.0220202508645666,1.0,1.0
formal_medium_720h,127.0,23964.895929202936,10063.923583382275,0.0,3486.6941402253233,22500.0,0.0,4443188.7581111025,6.9521775003522635e-09,1.217844312663497,1.0,1.0
formal_medium_720h,128.0,24174.21423245489,10063.923583382275,0.0,3696.0124434772783,22500.0,0.0,4443188.7581111025,6.6356733441352844e-09,1.2658453062977897,1.0,1.0
formal_medium_720h,129.0,24390.1147305127,10063.923583382275,0.0,3911.9129415350885,22500.0,0.0,4443188.7581111025,6.5410858951509e-09,0.8994369310158121,1.0,1.0
formal_medium_720h,130.0,24539.682675838252,10063.923583382275,0.0,4061.4808868606397,22500.0,0.0,4443188.7581111025,6.737536750733852e-09,1.1148374840367319,1.0,1.0
formal_medium_720h,131.0,24716.048331282673,10063.923583382275,0.0,4237.846542305061,22500.0,0.0,4443188.7581111025,6.879417924210429e-09,0.6702189363508588,1.0,1.0
formal_medium_720h,132.0,24831.09221064552,10063.923583382275,0.0,4352.890421667906,22500.0,0.0,4443188.7581111025,6.788468454033136e-09,0.8078325060420086,1.0,1.0
formal_medium_720h,133.0,24979.996871869105,10063.923583382275,0.0,4501.795082891492,22500.0,0.0,4443188.7581111025,6.493792170658708e-09,1.3062598849773295,1.0,1.0
formal_medium_720h,134.0,25186.06386090418,10063.923583382275,0.0,4707.862071926566,22500.0,0.0,4443188.7581111025,6.763002602383494e-09,1.0111471032086867,1.0,1.0
formal_medium_720h,135.0,25376.65870235258,10063.923583382275,0.0,4898.456913374963,22500.0,0.0,4443188.7581111025,6.955815479159355e-09,1.1776927793680565,1.0,1.0
formal_medium_720h,136.0,25566.746812117006,10063.923583382275,0.0,5088.545023139392,22500.0,0.0,4443188.7581111025,6.7993823904544115e-09,1.1881052196455857,1.0,1.0
formal_medium_720h,137.0,25780.64404079467,10063.923583382275,0.0,5302.442251817054,22500.0,0.0,4443188.7581111025,6.893969839438796e-09,0.9518939281980389,1.0,1.0
formal_medium_720h,138.0,25931.391204260366,10063.923583382275,0.0,5453.189415282752,22500.0,0.0,4443188.7581111025,6.442860467359424e-09,1.0911714980545877,1.0,1.0
formal_medium_720h,139.0,26097.674530857737,10063.923583382275,0.0,5619.472741880121,22500.0,0.0,4443188.7581111025,6.955815479159355e-09,1.1726239969313386,1.0,1.0
formal_medium_720h,140.0,26301.433234790144,10063.923583382275,0.0,5823.231445812527,22500.0,0.0,4443188.7581111025,6.715708877891302e-09,0.8619543937432503,1.0,1.0
formal_medium_720h,141.0,26445.983857726926,10063.923583382275,0.0,5967.782068749308,22500.0,0.0,4443188.7581111025,6.271875463426113e-09,0.8563131723724174,1.0,1.0
formal_medium_720h,142.0,26593.921229094474,10063.923583382275,0.0,6115.719440116856,22500.0,0.0,4443188.7581111025,6.311893230304122e-09,1.1309723753871759,1.0,1.0
formal_medium_720h,143.0,26787.21273958806,10063.923583382275,0.0,6309.010950610444,22500.0,0.0,4443188.7581111025,6.220943760126829e-09,0.6796647460280582,1.0,1.0
formal_medium_720h,144.0,26932.976521876455,10063.923583382275,0.0,6454.774732898839,22500.0,0.0,4443188.7581111025,6.704794941470027e-09,0.3580539105360869,1.0,1.0
formal_medium_720h,145.0,26986.136206064464,10063.923583382275,0.0,6507.93441708685,22500.0,0.0,4443188.7581111025,6.428308552131057e-09,0.5206274011417734,1.0,1.0
formal_medium_720h,146.0,27062.733059116985,10063.923583382275,0.0,6584.531270139372,22500.0,0.0,4443188.7581111025,6.173650035634637e-09,0.7891761209363102,1.0,1.0
formal_medium_720h,147.0,27237.170314848394,10063.923583382275,0.0,6758.9685258707805,22500.0,0.0,4443188.7581111025,6.548361852765083e-09,0.4250261771430361,1.0,1.0
formal_medium_720h,148.0,27323.398621460787,10063.923583382275,0.0,6845.196832483174,22500.0,0.0,4443188.7581111025,7.086782716214657e-09,0.6989016412221147,1.0,1.0
formal_medium_720h,149.0,27451.687003034687,10063.923583382275,0.0,6973.485214057074,22500.0,0.0,4443188.7581111025,6.930349627509713e-09,0.527609357881948,1.0,1.0
formal_medium_720h,150.0,27550.505129700316,10063.923583382275,0.0,7072.303340722701,22500.0,0.0,4443188.7581111025,6.730260793119669e-09,0.687453422010004,1.0,1.0
formal_medium_720h,151.0,27697.31299742528,10063.923583382275,0.0,7219.111208447665,22500.0,0.0,4443188.7581111025,6.213667802512646e-09,0.6058278944918277,1.0,1.0
formal_medium_720h,152.0,27815.429095027604,10063.923583382275,0.0,7337.227306049988,22500.0,0.0,4443188.7581111025,6.883055903017521e-09,0.7629440960033737,1.0,1.0
formal_medium_720h,153.0,27967.60230389632,10349.311711236156,0.0,7489.400514918705,21700.0,514.6118721461187,4443474.146238957,7.228663889691234e-09,0.5502070711042738,1.0,1.0
formal_medium_720h,154.0,28071.417058482875,10634.699839090037,0.0,7593.215269505259,20900.0,1029.2237442922374,4443759.534366811,7.341441232711077e-09,0.7258739272848226,1.0,1.0
formal_medium_720h,155.0,28246.32536025849,10920.087966943918,0.0,7768.12357128087,20100.0,1543.835616438356,4444044.922494665,7.07223080098629e-09,0.8508444843602275,1.0,1.0
formal_medium_720h,156.0,28403.63789197875,11205.4760947978,0.0,7925.436103001132,19300.0,2058.4474885844747,4444330.310622519,7.657945388928056e-09,1.0182759729207485,1.0,1.0
formal_medium_720h,157.0,28569.917555995566,11490.86422265168,0.0,8091.715767017948,18500.0,2573.0593607305937,4444615.698750373,8.101778803393245e-09,0.8973833518534985,1.0,1.0
formal_medium_720h,158.0,28727.843437638225,11776.252350505561,0.0,8249.641648660607,17700.0,3087.6712328767126,4444901.086878227,8.290953701362014e-09,1.051239917858896,1.0,1.0
formal_medium_720h,159.0,28894.391525584735,12061.640478359443,0.0,8416.189736607117,16900.0,3602.2831050228315,4445186.475006081,7.919879863038659e-09,0.8585529312391459,1.0,1.0
formal_medium_720h,160.0,29040.82317840703,12347.028606213324,0.0,8562.621389429412,16100.0,4116.89497716895,4445471.863133935,8.15634848549962e-09,0.8588584846805114,1.0,1.0
formal_medium_720h,161.0,29192.714588984712,12632.416734067205,0.0,8714.512800007096,15300.0,4631.506849315069,4445757.251261789,8.5165083874017e-09,0.7585212167198274,1.0,1.0
formal_medium_720h,162.0,29313.011663077712,12917.804861921086,0.0,8834.809874100096,15000.0,4646.118721461188,4446042.639389643,9.000359568744898e-09,0.9845645285486682,1.0,1.0
formal_medium_720h,163.0,29495.89080257345,13203.192989774967,0.0,9017.689013595835,14200.0,5160.730593607307,4446328.027517498,9.276845958083868e-09,1.1390519432795574,1.0,1.0
formal_medium_720h,164.0,29681.55415751818,13488.581117628848,0.0,9203.352368540567,13400.0,5675.342465753426,4446613.415645352,8.98216967470944e-09,0.8662274451349791,1.0,1.0
formal_medium_720h,165.0,29830.305522401253,13773.96924548273,0.0,9352.103733423639,12600.0,6189.954337899545,4446898.803773206,8.945789886638522e-09,1.0832958091476599,1.0,1.0
formal_medium_720h,166.0,30017.016761366063,14059.35737333661,0.0,9538.814972388449,11800.0,6704.566210045664,4447184.19190106,9.527866495773196e-09,0.986570827025119,1.0,1.0
formal_medium_720h,167.0,30172.545465657437,14344.745501190491,0.0,9694.34367667982,11000.0,7219.178082191783,4447469.580028914,9.364157449454069e-09,1.064282771848908,1.0,1.0
formal_medium_720h,168.0,30370.09298580441,14630.133629044372,0.0,9891.891196826793,10200.0,7733.789954337902,4447754.968156768,1.0026269592344761e-08,0.9410650588731162,1.0,1.0
formal_medium_720h,169.0,30525.586417767903,14915.521756898253,0.0,10047.384628790285,9400.0,8248.401826484022,4448040.356284622,1.04919308796525e-08,0.7676954297611935,1.0,1.0
formal_medium_720h,170.0,30662.52112648867,15200.909884752135,0.0,10184.319337511051,8600.0,8763.01369863014,4448325.744412476,1.0728399502113461e-08,0.9328229769117566,1.0,1.0
formal_medium_720h,171.0,30822.03546858644,15486.298012606016,0.0,10343.83367960882,7927.625570776259,9150.0,4448611.13254033,1.0524672688916326e-08,1.0501373039274304,1.0,1.0
formal_medium_720h,172.0,31005.822978630345,15771.686140459897,0.0,10527.621189652724,7642.237442922378,9150.0,4448896.520668184,1.1492375051602721e-08,0.776076795314191,1.0,1.0
formal_medium_720h,173.0,31145.877074302043,16057.074268313778,0.0,10667.675285324423,7500.0,9006.849315068497,4449181.9087960385,1.1306838132441044e-08,1.0523748981170156,1.0,1.0
formal_medium_720h,174.0,31337.90636467477,16342.462396167659,0.0,10859.704575697153,7071.461187214616,9150.0,4449467.296923893,1.108492142520845e-08,1.2128523876441266,1.0,1.0
formal_medium_720h,175.0,31546.871076822874,16627.85052402154,0.0,11068.669287845256,6786.073059360735,9150.0,4449752.685051747,1.1514202924445271e-08,0.9327216086730212,1.0,1.0
formal_medium_720h,176.0,31713.782316966888,16913.238651875425,0.0,11235.58052798927,6500.684931506854,9150.0,4450038.073179601,1.1201336747035384e-08,1.1019841041088048,1.0,1.0
formal_medium_720h,177.0,31884.073372145762,17198.626779729308,0.0,11405.871583168144,6215.296803652973,9150.0,4450323.461307455,1.2460077414289117e-08,0.7194533353885163,1.0,1.0
formal_medium_720h,178.0,31967.13252088276,17484.01490758319,0.0,11488.930731905142,5929.908675799092,9150.0,4450608.849435309,1.1761585483327508e-08,0.5618315768178705,1.0,1.0
formal_medium_720h,179.0,32034.293595263334,17769.403035437073,0.0,11556.091806285716,5644.520547945211,9150.0,4450894.237563163,1.2507371138781309e-08,0.7255008272486219,1.0,1.0
formal_medium_720h,180.0,32122.237753042256,18054.791163290956,0.0,11644.035964064638,5359.13242009133,9150.0,4451179.625691017,1.187072484754026e-08,0.44670060425601843,1.0,1.0
formal_medium_720h,181.0,32177.05670139266,18340.17929114484,0.0,11698.854912415041,5073.7442922374485,9150.0,4451465.013818871,1.3245880836620927e-08,0.9555475262520635,1.0,1.0
formal_medium_720h,182.0,32359.73987147982,18625.567418998722,0.0,11881.5380825022,4788.356164383567,9150.0,4451750.401946725,1.2791133485734463e-08,1.1109174114260938,1.0,1.0
formal_medium_720h,183.0,32572.88855237011,18910.955546852605,0.0,12094.68676339249,4502.968036529686,9150.0,4452035.790074579,1.3409589882940054e-08,0.8321731293756326,1.0,1.0
formal_medium_720h,184.0,32703.50499356126,19196.343674706488,0.0,12225.303204583639,4217.579908675805,9150.0,4452321.1782024335,1.3435055734589696e-08,1.2776952718986507,1.0,1.0
formal_medium_720h,185.0,32923.21979379609,19481.73180256037,0.0,12445.018004818467,3932.191780821924,9150.0,4452606.566330288,1.442094799131155e-08,0.9089078516638814,1.0,1.0
formal_medium_720h,186.0,33083.58493329282,19767.119930414254,0.0,12605.383144315198,3646.803652968043,9150.0,4452891.954458142,1.4202669262886047e-08,0.8393703027557736,1.0,1.0
formal_medium_720h,187.0,33199.23611483214,20052.508058268137,0.0,12721.034325854518,3361.415525114162,9150.0,4453177.342585996,1.4399120118469e-08,1.412674036509685,1.0,1.0
formal_medium_720h,188.0,33431.35857147792,20337.89618612202,0.0,12953.15678250029,3076.027397260281,9150.0,4453462.73071385,1.4217221178114414e-08,1.103943613788948,1.0,1.0
formal_medium_720h,189.0,33592.043268427515,20623.284313975902,0.0,13113.841479449886,2790.6392694063998,9150.0,4453748.118841704,1.3707904145121574e-08,1.11918291163823,1.0,1.0
formal_medium_720h,190.0,33790.75076906593,20908.672441829785,0.0,13312.548980088306,2505.2511415525187,9150.0,4454033.506969558,1.4661054592579603e-08,1.2442836081630217,1.0,1.0
formal_medium_720h,191.0,33980.74956721684,21194.06056968367,0.0,13502.547778239208,2219.8630136986376,9150.0,4454318.895097412,1.5257683116942644e-08,0.925750349628173,1.0,1.0
formal_medium_720h,192.0,34138.596910003645,21479.44869753755,0.0,13660.395121026015,1934.4748858447563,9150.0,4454604.283225266,1.4828401617705822e-08,0.8048522933680418,1.0,1.0
formal_medium_720h,193.0,34292.493786036095,21764.836825391434,0.0,13814.291997058463,1649.086757990875,9150.0,4454889.67135312,1.4842953532934189e-08,1.124978894871645,1.0,1.0
formal_medium_720h,194.0,34480.257052631285,22050.224953245317,0.0,14002.055263653656,1363.6986301369936,9150.0,4455175.059480974,1.5665136743336916e-08,1.223932420888781,1.0,1.0
formal_medium_720h,195.0,34697.91794419014,22335.6130810992,0.0,14219.716155212516,1078.3105022831123,9150.0,4455460.447608829,1.578155206516385e-08,0.9924962393998579,1.0,1.0
formal_medium_720h,196.0,34862.47039053011,22621.001208953083,0.0,14384.26860155248,792.922374429231,9150.0,4455745.835736683,1.6028934624046087e-08,0.9629444567240192,1.0,1.0
formal_medium_720h,197.0,35032.596560018814,22906.389336806966,0.0,14554.394771041185,507.5342465753497,9150.0,4456031.223864537,1.6087142284959555e-08,0.7506075492857919,1.0,1.0
formal_medium_720h,198.0,35140.95411052723,23191.77746466085,0.0,14662.752321549598,222.14611872146838,9150.0,4456316.611992391,1.69457052834332e-08,1.1002617879412435,1.0,1.0
formal_medium_720h,199.0,35339.22600395458,23477.16559251473,0.0,14861.024214976953,0.0,9086.757990867587,4456602.000120245,1.6370904631912708e-08,0.79261575415267,1.0,1.0
formal_medium_720h,200.0,35466.92926942952,23762.553720368614,0.0,14988.727480451893,0.0,8801.369863013706,4456887.388248099,1.6538251657038927e-08,0.8481510160481087,1.0,1.0
formal_medium_720h,201.0,35607.549118399176,24047.941848222497,0.0,15129.347329421546,0.0,8515.981735159825,4457172.776375953,1.7207639757543802e-08,0.9513108319074349,1.0,1.0
formal_medium_720h,202.0,35760.08043261825,24333.32997607638,0.0,15281.878643640617,0.0,8230.593607305944,4457458.164503807,1.7484126146882772e-08,0.8983047194481039,1.0,1.0
formal_medium_720h,203.0,35912.22176888931,24618.718103930263,0.0,15434.019979911674,0.0,7945.205479452063,4457743.552631661,1.70330167748034e-08,0.8516433871778948,1.0,1.0
formal_medium_720h,204.0,36050.895520550366,24904.106231784146,0.0,15572.693731572737,0.0,7659.817351598182,4458028.940759515,1.7527781892567873e-08,0.855042791333036,1.0,1.0
formal_medium_720h,205.0,36207.26631787476,25189.49435963803,0.0,15729.064528897132,0.0,7374.4292237443005,4458314.3288873695,1.8058926798403263e-08,1.145630794448926,1.0,1.0
formal_medium_720h,206.0,36382.61307244163,25474.882487491912,0.0,15904.411283464002,0.0,7089.0410958904195,4458599.717015224,1.7957063391804695e-08,1.0256339637527125,1.0,1.0
formal_medium_720h,207.0,36548.156411469354,25760.270615345795,0.0,16069.954622491727,0.0,6803.652968036538,4458885.105143078,1.8255377653986216e-08,1.192921282248062,1.0,1.0
formal_medium_720h,208.0,36764.91387707517,26045.658743199678,0.0,16286.712088097542,0.0,6518.264840182657,4459170.493270932,1.8997525330632925e-08,0.5502523746750625,1.0,1.0
formal_medium_720h,209.0,36855.93006594686,26331.04687105356,0.0,15577.72827696923,800.0,6232.876712328776,4459455.881398786,1.8422724679112434e-08,0.9494431608122785,1.0,1.0
formal_medium_720h,210.0,37024.2199452074,26616.434998907444,0.0,14946.018156229771,1600.0,5947.488584474895,4459741.26952664,1.9397702999413013e-08,1.2026451199241424,1.0,1.0
formal_medium_720h,211.0,37247.249844049744,26901.823126761326,0.0,14369.048055072115,2400.0,5662.100456621014,4460026.657654494,1.8917489796876907e-08,1.025098275780382,1.0,1.0
formal_medium_720h,212.0,37438.86861395461,27187.21125461521,0.0,13760.666824976983,3200.0,5376.712328767133,4460312.045782348,1.95796019397676e-08,0.9160240531520021,1.0,1.0
formal_medium_720h,213.0,37605.1029223878,27472.599382469092,0.0,13126.90113341017,4000.0,5091.324200913252,4460597.433910202,1.917942427098751e-08,1.0228277817698352,1.0,1.0
formal_medium_720h,214.0,37781.023989944326,27757.987510322975,0.0,12502.822200966695,4800.0,4805.936073059371,4460882.822038056,1.9950675778090954e-08,1.0268557839068186,1.0,1.0
formal_medium_720h,215.0,37949.24043327357,28043.375638176858,0.0,11871.038644295935,5600.0,4520.54794520549,4461168.21016591,1.9826984498649836e-08,0.918671978697524,1.0,1.0
formal_medium_720h,216.0,38103.976375036116,28328.76376603074,0.0,11225.774586058487,6400.0,4235.159817351609,4461453.5982937645,2.0314473658800125e-08,0.8237800053330663,1.0,1.0
formal_medium_720h,217.0,38239.525256162306,28614.151893884624,0.0,10561.323467184673,7200.0,3949.7716894977275,4461738.986421619,2.0692823454737663e-08,0.7683838734404086,1.0,1.0
formal_medium_720h,218.0,38359.031672955105,28899.540021738507,0.0,10380.829883977474,7500.0,3664.3835616438464,4462024.374549473,2.087472239509225e-08,0.9150294888034237,1.0,1.0
formal_medium_720h,219.0,38530.21792381956,29184.92814959239,0.0,10552.016134841931,7500.0,3378.9954337899653,4462309.762677327,2.0947481971234083e-08,0.954724655597281,1.0,1.0
formal_medium_720h,220.0,38663.12090695325,29470.316277446273,0.0,9884.91911797562,8300.0,3093.6073059360842,4462595.150805181,2.09402060136199e-08,1.0105645338628386,1.0,1.0
formal_medium_720h,221.0,38848.02810568661,29755.704405300155,0.0,9269.826316708979,9100.0,2808.219178082203,4462880.538933035,2.1231244318187237e-08,0.8184157764486599,1.0,1.0
formal_medium_720h,222.0,39007.01516520038,30041.09253315404,0.0,8628.81337622275,9900.0,2522.831050228322,4463165.927060889,2.1500454749912024e-08,1.0729568372643399,1.0,1.0
formal_medium_720h,223.0,39186.69342061716,30326.48066100792,0.0,8008.491631639527,10700.0,2237.442922374441,4463451.315188743,2.2104359231889248e-08,0.9622513549340512,1.0,1.0
formal_medium_720h,224.0,39352.95882982478,30611.868788861804,0.0,7434.6026154047795,11440.154425442375,1952.0547945205597,4463736.703316597,2.144952304661274e-08,1.0301009219601556,1.0,1.0
formal_medium_720h,225.0,39517.37585258271,30897.256916715687,0.0,7523.342179824657,11515.831883780424,1666.6666666666783,4464022.091444451,2.262095222249627e-08,0.7398117860575338,1.0,1.0
formal_medium_720h,226.0,39632.63966108785,31182.64504456957,0.0,7593.380244124208,11561.057627986018,1381.278538812797,4464307.479572305,2.2155290935188532e-08,1.1073234327283525,1.0,1.0
formal_medium_720h,227.0,39822.76470820321,31468.033172423453,0.0,7680.977084489237,11663.585834736354,1095.8904109589157,4464592.86770016,2.240267349407077e-08,0.8312248337703613,1.0,1.0
formal_medium_720h,228.0,39945.094756232116,31753.421300277336,0.0,7763.723892634611,11703.16907461988,810.5022831050344,4464878.255828014,2.281012712046504e-08,1.2909702183883345,1.0,1.0
formal_medium_720h,229.0,40175.19397540062,32038.80942813122,0.0,7862.1670896323385,11834.82509679066,525.1141552511531,4465163.643955868,2.2839230950921774e-08,0.7755867531273742,1.0,1.0
formal_medium_720h,230.0,40310.730658329456,32324.1975559851,0.0,7921.532376363514,11910.996492988314,239.72602739727176,4465449.032083722,2.291926648467779e-08,1.0622301593129833,1.0,1.0
formal_medium_720h,231.0,40499.526831287956,32563.923583382373,0.0,8003.302527505019,12018.022514805307,0.0,4465688.758111119,2.3217580746859312e-08,1.0725249757199968,1.0,1.0
formal_medium_720h,232.0,40680.11646450281,32563.923583382373,0.0,8090.1118511690165,12111.802824356164,0.0,4465688.758111119,2.3581378627568483e-08,1.223672748854455,1.0,1.0
formal_medium_720h,233.0,40871.68547058488,32563.923583382373,0.0,8208.818036918616,12184.665644688634,0.0,4465688.758111119,2.3181200958788395e-08,1.1679919837583548,1.0,1.0
formal_medium_720h,234.0,41042.95331577308,32563.923583382373,0.0,8328.615461618965,12236.136065176477,0.0,4465688.758111119,2.325396053493023e-08,1.100634963501717,1.0,1.0
formal_medium_720h,235.0,41234.86357964049,32563.923583382373,0.0,8415.404664114682,12341.257126548175,0.0,4465688.758111119,2.3886968847364187e-08,1.387185197868332,1.0,1.0
formal_medium_720h,236.0,41439.00307982158,32563.923583382373,0.0,8556.254864681603,12404.546426162342,0.0,4465688.758111119,2.3057509679347277e-08,1.4143011372283338,1.0,1.0
formal_medium_720h,237.0,41677.23763706828,32563.923583382373,0.0,8675.394886382597,12523.64096170805,0.0,4465688.758111119,2.4076143745332956e-08,1.290640399261142,1.0,1.0
formal_medium_720h,238.0,41894.799954749295,32563.923583382373,0.0,8786.175586164323,12630.422579607333,0.0,4465688.758111119,2.270098775625229e-08,1.3401553611942836,1.0,1.0
formal_medium_720h,239.0,42098.773491214284,32563.923583382373,0.0,8916.757400410512,12703.814301826133,0.0,4465688.758111119,2.3028405848890543e-08,1.0800545751343964,1.0,1.0
formal_medium_720h,240.0,42279.74453729235,32563.923583382373,0.0,9008.89836018414,12792.644388130568,0.0,4465688.758111119,2.391607267782092e-08,1.1108768389193069,1.0,1.0
formal_medium_720h,241.0,42441.07501853658,32563.923583382373,0.0,9126.662486136061,12836.210743422884,0.0,4465688.758111119,2.299930201843381e-08,1.4640484152291335,1.0,1.0
formal_medium_720h,242.0,42686.974361806075,32563.923583382373,0.0,9248.693454710188,12960.079118118247,0.0,4465688.758111119,2.338492777198553e-08,1.1965722560771999,1.0,1.0
formal_medium_720h,243.0,42909.24888748229,32563.923583382373,0.0,9336.089194301585,13094.957904203065,0.0,4465688.758111119,2.3093889467418194e-08,1.1896918728915977,1.0,1.0
formal_medium_720h,244.0,43083.23484548007,32563.923583382373,0.0,9455.29496472721,13149.73809177522,0.0,4465688.758111119,2.3166649043560028e-08,1.1255974861946187,1.0,1.0
formal_medium_720h,245.0,43257.94765113032,32563.923583382373,0.0,9564.641194342028,13215.104667810654,0.0,4465688.758111119,2.310844138264656e-08,1.361923840780081,1.0,1.0
formal_medium_720h,246.0,43471.34160865704,32563.923583382373,0.0,9694.349587037465,13298.790232641939,0.0,4465688.758111119,2.281012712046504e-08,1.1197919490167891,1.0,1.0
formal_medium_720h,247.0,43639.93176764947,32563.923583382373,0.0,9803.286159174306,13358.443819497525,0.0,4465688.758111119,2.376327756792307e-08,1.1832423705003052,1.0,1.0
formal_medium_720h,248.0,43817.76370106628,32563.923583382373,0.0,9922.536792498402,13417.025119590236,0.0,4465688.758111119,2.3377651814371347e-08,1.2270144461824442,1.0,1.0
formal_medium_720h,249.0,44023.9350792018,32563.923583382373,0.0,10022.688700224433,13523.044589999728,0.0,4465688.758111119,2.3537722881883383e-08,1.1748069757225381,1.0,1.0
formal_medium_720h,250.0,44224.99228317512,32563.923583382373,0.0,10115.033108589698,13631.75738560778,0.0,4465688.758111119,2.293381839990616e-08,1.3452028305256138,1.0,1.0
formal_medium_720h,251.0,44444.735047713555,32563.923583382373,0.0,10231.240504883976,13735.29275385194,0.0,4465688.758111119,2.3581378627568483e-08,1.178081461596577,1.0,1.0
formal_medium_720h,252.0,44636.77670842039,32563.923583382373,0.0,10334.396084228807,13824.178835213941,0.0,4465688.758111119,2.3261236492544413e-08,1.1927503527019916,1.0,1.0
formal_medium_720h,253.0,44817.461376555584,32563.923583382373,0.0,10449.734327444501,13889.525260133447,0.0,4465688.758111119,2.389424480497837e-08,1.2038471744032693,1.0,1.0
formal_medium_720h,254.0,45022.09391556298,32563.923583382373,0.0,10551.152021645948,13992.740104939392,0.0,4465688.758111119,2.3377651814371347e-08,1.2737247507158689,1.0,1.0
formal_medium_720h,255.0,45245.60350760323,32563.923583382373,0.0,10653.096454336763,14114.305264288825,0.0,4465688.758111119,2.264278009533882e-08,1.2840034187477711,1.0,1.0
formal_medium_720h,256.0,45452.39724096288,32563.923583382373,0.0,10773.775455036623,14200.419996948616,0.0,4465688.758111119,2.3239408619701862e-08,1.1960851780528012,1.0,1.0
formal_medium_720h,257.0,45644.02499033902,32563.923583382373,0.0,10880.004222584907,14285.818978776479,0.0,4465688.758111119,2.3093889467418194e-08,1.3189913686736918,1.0,1.0
formal_medium_720h,258.0,45878.81446364701,32563.923583382373,0.0,10980.619535989154,14419.99313868022,0.0,4465688.758111119,2.3355823941528797e-08,1.317501672774852,1.0,1.0
formal_medium_720h,259.0,46104.20066597809,32563.923583382373,0.0,11086.134762460802,14539.864114539652,0.0,4465688.758111119,2.297747414559126e-08,1.5932258944183157,1.0,1.0
formal_medium_720h,260.0,46341.24136068499,32563.923583382373,0.0,11243.862348949144,14619.177222758211,0.0,4465688.758111119,2.408341970294714e-08,1.252689419695025,1.0,1.0
formal_medium_720h,261.0,46542.38357258851,32563.923583382373,0.0,11352.627071140581,14711.55471247029,0.0,4465688.758111119,2.3450411390513182e-08,1.5502799592746241,1.0,1.0
formal_medium_720h,262.0,46801.271973888346,32563.923583382373,0.0,11486.170260171966,14836.899924738742,0.0,4465688.758111119,2.3326720111072063e-08,1.2111784619199772,1.0,1.0
formal_medium_720h,263.0,47019.09921423204,32563.923583382373,0.0,11572.778538699258,14968.118886555147,0.0,4465688.758111119,2.3770553525537252e-08,1.5668555827934607,1.0,1.0
formal_medium_720h,264.0,47277.27348255362,32563.923583382373,0.0,11799.07169357598,15000.0,0.0,4465688.758111119,2.3326720111072063e-08,1.3640030697642322,1.0,1.0
formal_medium_720h,265.0,47483.99573956483,32849.31171123625,0.0,11844.201880227432,14361.592070359764,514.6118721461187,4465974.146238973,2.368324203416705e-08,1.2523710181772219,1.0,1.0
formal_medium_720h,266.0,47669.4229711379,33134.699839090135,0.0,11965.793436299642,13625.427745860627,1029.2237442922374,4466259.534366827,2.4112523533403873e-08,1.121665196953501,1.0,1.0
formal_medium_720h,267.0,47849.77172964122,33420.08796694402,0.0,12066.042387646969,12905.527553016618,1543.835616438356,4466544.922494682,2.3654138203710318e-08,0.910536129321167,1.0,1.0
formal_medium_720h,268.0,47998.66674341643,33705.4760947979,0.0,12146.738181613197,12173.726772825594,2058.4474885844747,4466830.310622536,2.412707544863224e-08,1.1141499768096514,1.0,1.0
formal_medium_720h,269.0,48190.54837970666,33990.864222651784,0.0,12232.804267989006,11479.54232274002,2573.0593607305937,4467115.69875039,2.470187610015273e-08,1.050772024376801,1.0,1.0
formal_medium_720h,270.0,48354.59375804455,34276.25235050567,0.0,12331.512872830086,10744.879096236826,3087.6712328767126,4467401.086878244,2.442538971081376e-08,1.1361725593068366,1.0,1.0
formal_medium_720h,271.0,48548.69139230094,34561.64047835955,0.0,12423.676519554232,10046.813083769068,3602.2831050228315,4467686.475006098,2.4854671210050583e-08,1.0793759829929634,1.0,1.0
formal_medium_720h,272.0,48721.989136679724,34847.02860621343,0.0,12517.242121405183,9326.5452262969,4116.89497716895,4467971.863133952,2.5451299734413624e-08,1.7130502175946019,1.0,1.0
formal_medium_720h,273.0,48981.36239110829,35132.416734067316,0.0,12683.295387385828,8619.865214744821,4631.506849315069,4468257.251261806,2.457090886309743e-08,1.4516649671498598,1.0,1.0
formal_medium_720h,274.0,49213.18802351874,35417.8048619212,0.0,12814.53659577541,8420.449638765695,4646.118721461188,4468542.63938966,2.5174813345074654e-08,1.112588763065836,1.0,1.0
formal_medium_720h,275.0,49392.24947321123,35703.19298977508,0.0,12916.137745496111,8497.909938737484,4360.730593607307,4468828.027517514,2.6200723368674517e-08,1.2756059922809058,1.0,1.0
formal_medium_720h,276.0,49582.41397844644,35988.581117628964,0.0,13043.122926487584,8561.089262981219,4075.342465753426,4469113.415645368,2.590968506410718e-08,1.2058948493063442,1.0,1.0
formal_medium_720h,277.0,49791.15635222703,36273.96924548285,63.25847565629594,13077.56913050306,8672.126957090037,3789.954337899545,4469398.8037732225,2.5669578462839127e-08,1.0604045324374496,1.0,1.0
formal_medium_720h,278.0,49962.148468798885,36559.35737333673,103.02130950334019,13128.2199166276,8752.705453690307,3504.566210045664,4469684.191901077,2.6149791665375233e-08,1.2261407466272645,1.0,1.0
formal_medium_720h,279.0,50175.579545263565,36844.74550119061,158.31775263460642,13168.470390281258,8870.58961337006,3219.178082191783,4469969.580028931,2.5713234208524227e-08,1.327755159931703,1.0,1.0
formal_medium_720h,280.0,50385.48599507399,37130.133629044496,254.07192675267245,13198.130958848385,8955.081320495294,2933.7899543379017,4470254.968156785,2.6819179765880108e-08,1.1246346185491678,1.0,1.0
formal_medium_720h,281.0,50571.08126965089,37415.52175689838,294.74746231416543,13250.102002816993,9048.030015542085,2648.4018264840206,4470540.356284639,2.7772330213338137e-08,0.9910041039663224,1.0,1.0
formal_medium_720h,282.0,50765.024316037445,37700.90988475226,318.09072177145,13284.81292865709,9183.918876631258,2363.0136986301395,4470825.744412493,2.6637280825525522e-08,1.0520390686646899,1.0,1.0
formal_medium_720h,283.0,50928.7345360686,37986.298012606145,380.94017598305544,13320.50692832706,9249.085642780841,2077.6255707762584,4471111.132540347,2.7852365747094154e-08,1.3612874521577378,1.0,1.0
formal_medium_720h,284.0,51136.964807924014,38271.68614046003,447.2567854976934,13381.159731490343,9330.346501958335,1792.237442922377,4471396.520668201,2.7808710001409054e-08,1.1328645425132906,1.0,1.0
formal_medium_720h,285.0,51321.77182652004,38557.07426831391,481.41513680595637,13440.43353514419,9421.721365592248,1506.8493150684958,4471681.908796055,2.7532223612070084e-08,1.039249567105867,1.0,1.0
formal_medium_720h,286.0,51502.34352425517,38842.46239616779,541.9498920503114,13463.873774393767,9518.318068833447,1221.4611872146145,4471967.296923909,2.7626811061054468e-08,0.8289716113037274,1.0,1.0
formal_medium_720h,287.0,51639.0608479221,39127.85052402168,584.85370905686,13491.933276648335,9584.072073239255,936.0730593607332,4472252.685051763,2.8070644475519657e-08,0.7943098576292731,1.0,1.0
formal_medium_720h,288.0,51779.22797234964,39413.23865187556,632.9148329520538,13506.925991864466,9661.18535855547,650.6849315068519,4472538.0731796175,2.8383510652929544e-08,0.6417644538633448,1.0,1.0
formal_medium_720h,289.0,51903.89002841102,39698.62677972944,645.7514946289048,13531.869533603036,9748.06721120143,365.29680365297054,4472823.461307472,2.937304088845849e-08,0.9410887432011301,1.0,1.0
formal_medium_720h,290.0,52056.91351691255,39984.014907583325,699.229502976341,13561.430828105098,9818.051396853463,79.90867579908922,4473108.849435326,2.7997884899377823e-08,0.601894544769954,1.0,1.0
formal_medium_720h,291.0,52162.4171701886,40063.92358338241,710.4308926072152,13593.398084298664,9880.386404305073,0.0,4473188.758111125,2.8659997042268515e-08,0.8851911480037327,1.0,1.0
formal_medium_720h,292.0,52322.15070447707,40063.92358338241,754.4528985940503,13615.270051238336,9974.225965667034,0.0,4473188.758111125,2.7852365747094154e-08,0.922575613224585,1.0,1.0
formal_medium_720h,293.0,52473.66027156012,40063.92358338241,803.0596209120076,13646.259859436248,10046.139002234217,0.0,4473188.758111125,2.9525835998356342e-08,0.9827282815489355,1.0,1.0
formal_medium_720h,294.0,52640.45637205492,40063.92358338241,841.4559530392459,13686.197233525012,10134.601396513015,0.0,4473188.758111125,2.9176590032875538e-08,1.1455332756594545,1.0,1.0
formal_medium_720h,295.0,52848.11090514416,40063.92358338241,867.1088833015464,13738.829689159913,10263.97054370505,0.0,4473188.758111125,2.907472662627697e-08,1.1802771726288481,1.0,1.0
formal_medium_720h,296.0,53046.44003937609,40063.92358338241,913.9910924674946,13787.565782870286,10366.68137506066,0.0,4473188.758111125,2.8579961508512497e-08,1.0694184064756769,1.0,1.0
formal_medium_720h,297.0,53253.82315335767,40063.92358338241,951.8800893660413,13816.212518811535,10507.528756202444,0.0,4473188.758111125,2.822343958541751e-08,1.109115297421857,1.0,1.0
formal_medium_720h,298.0,53443.63202354887,40063.92358338241,1007.2065178938024,13850.638696014412,10607.585020663002,0.0,4473188.758111125,2.87109287455678e-08,1.0112596262168674,1.0,1.0
formal_medium_720h,299.0,53606.58864726629,40063.92358338241,1058.5699811407967,13888.294105798555,10681.522771349291,0.0,4473188.758111125,2.9431248549371958e-08,1.082540542593699,1.0,1.0
formal_medium_720h,300.0,53807.19712738756,40063.92358338241,1100.8871081075724,13920.5853369695,10807.522893332845,0.0,4473188.758111125,2.9169314075261354e-08,1.1038342289632672,1.0,1.0
formal_medium_720h,301.0,53988.8187462854,40063.92358338241,1151.2203265416813,13963.664840181104,10895.731790584967,0.0,4473188.758111125,2.898741513490677e-08,1.1506146511923196,1.0,1.0
formal_medium_720h,302.0,54185.01637956468,40063.92358338241,1204.0156625441828,14003.543170902778,10999.255757140076,0.0,4473188.758111125,2.9191141948103905e-08,1.267070648578404,1.0,1.0
formal_medium_720h,303.0,54392.52517548704,40063.92358338241,1276.9668000955614,14041.561470346742,11095.795116067096,0.0,4473188.758111125,2.852175384759903e-08,0.9450503538160048,1.0,1.0
formal_medium_720h,304.0,54531.7174104304,40063.92358338241,1307.9682454098315,14099.38103337598,11146.16634266695,0.0,4473188.758111125,2.8783688321709633e-08,1.2093442928783606,1.0,1.0
formal_medium_720h,305.0,54729.853480574115,40063.92358338241,1362.2882256012012,14147.82145541656,11241.542010578716,0.0,4473188.758111125,2.849992597475648e-08,0.7357319560242068,1.0,1.0
formal_medium_720h,306.0,54840.21264863004,40063.92358338241,1403.9677426059118,14177.456857585561,11280.586259460932,0.0,4473188.758111125,2.8972863219678402e-08,1.2636164290263627,1.0,1.0
formal_medium_720h,307.0,55052.40572285703,40063.92358338241,1461.337157894723,14224.005619666797,11388.861156317871,0.0,4473188.758111125,2.9293005354702473e-08,0.8829893468385279,1.0,1.0
formal_medium_720h,308.0,55199.5425923315,40063.92358338241,1502.892463049446,13456.152024710624,12262.296315593787,0.0,4473188.758111125,2.914021024480462e-08,1.1164556220335617,1.0,1.0
formal_medium_720h,309.0,55383.02013294339,40063.92358338241,1502.892463049446,12751.370816320776,13150.55506459553,0.0,4473188.758111125,2.9467628337442875e-08,0.8506513013564764,1.0,1.0
formal_medium_720h,310.0,55519.29570941262,40063.92358338241,1502.892463049446,12022.249056004914,14015.952401380622,0.0,4473188.758111125,2.9729562811553478e-08,1.0415908606466544,1.0,1.0
formal_medium_720h,311.0,55708.46713334385,40349.311711236296,1502.892463049446,11295.749950100768,14131.622931216,514.6118721461187,4473474.146238979,2.9169314075261354e-08,1.0867440271094955,1.0,1.0
formal_medium_720h,312.0,55897.09338951763,40634.69983909018,1502.892463049446,10582.045751950267,14233.953385540273,1029.2237442922374,4473759.534366833,2.9802322387695312e-08,1.1287571846392426,1.0,1.0
formal_medium_720h,313.0,56090.84369223894,40920.08796694406,1502.892463049446,9868.811678676895,14340.937761534951,1543.835616438356,4474044.922494687,3.023887984454632e-08,0.9655216102012534,1.0,1.0
formal_medium_720h,314.0,56260.92713545421,41205.476094797945,1502.892463049446,9142.35514996303,14437.47773346409,2058.4474885844747,4474330.310622541,3.0086084734648466e-08,1.24819201787296,1.0,1.0
formal_medium_720h,315.0,56456.86517232661,41490.86422265183,1502.892463049446,8451.315150947652,14524.455769351871,2573.0593607305937,4474615.698750395,3.068998921662569e-08,1.403284458601424,1.0,1.0
formal_medium_720h,316.0,56694.806062609554,41776.25235050571,1502.892463049446,7762.733406999428,14650.978403583038,3087.6712328767126,4474901.086878249,3.106833901256323e-08,1.0244545617426275,1.0,1.0
formal_medium_720h,317.0,56862.168401668125,42061.64047835959,1502.892463049446,7553.686221727891,14227.387927913147,3602.2831050228315,4475186.4750061035,3.045715857297182e-08,0.943393352560923,1.0,1.0
formal_medium_720h,318.0,56999.26465208953,42347.02860621348,1502.892463049446,7645.194536303482,13472.975863758962,4116.89497716895,4475471.863133958,3.135210135951638e-08,0.9875781208901003,1.0,1.0
formal_medium_720h,319.0,57169.225362182224,42632.41673406736,1502.892463049446,7723.154264603199,12764.97684555194,4631.506849315069,4475757.251261812,3.1104718800634146e-08,0.8395866045021134,1.0,1.0
formal_medium_720h,320.0,57327.607139010506,42917.80486192124,1502.892463049446,7777.508992012796,12569.003894970627,4646.118721461188,4476042.639389666,3.207242116332054e-08,0.8300339575977569,1.0,1.0
formal_medium_720h,321.0,57466.83667632627,43203.192989775125,1502.892463049446,7845.676234991853,12640.06618930733,4360.730593607307,4476328.02751752,3.197783371433616e-08,1.0397204063207184,1.0,1.0
formal_medium_720h,322.0,57648.78633539765,43488.58111762901,1502.892463049446,7926.0099846713965,12741.682098699166,4075.342465753426,4476613.415645374,3.1526724342256784e-08,1.4106802507499552,1.0,1.0
formal_medium_720h,323.0,57892.73927578766,43773.96924548289,1502.892463049446,8033.924920440532,12877.72010332004,3789.954337899545,4476898.803773228,3.196328179910779e-08,1.2518429615781264,1.0,1.0
formal_medium_720h,324.0,58082.15382991502,44059.357373336774,1502.892463049446,8153.864928245848,12947.194649642082,3504.566210045664,4477184.191901082,3.302557161077857e-08,0.9146389575624939,1.0,1.0
formal_medium_720h,325.0,58225.26623531336,44344.74550119066,1502.892463049446,8237.517092185848,13006.654891100421,3219.178082191783,4477469.580028936,3.26181179843843e-08,1.009478823726055,1.0,1.0
formal_medium_720h,326.0,58399.355692728146,44630.13362904454,1521.0477517201896,8298.736714948293,13101.369437082025,2933.7899543379017,4477754.96815679,3.194145392626524e-08,1.1227138080936756,1.0,1.0
formal_medium_720h,327.0,58596.448587589,44915.52175689842,1543.837615934967,8365.552203546273,13208.856979130123,2648.4018264840206,4478040.356284644,3.255991032347083e-08,0.8984578024760915,1.0,1.0
formal_medium_720h,328.0,58726.165481720825,45200.909884752306,1593.6904849562834,8403.706661828117,13250.566545958787,2363.0136986301395,4478325.744412499,3.1890522222965956e-08,1.271509588843676,1.0,1.0
formal_medium_720h,329.0,58920.71627354811,45486.29801260619,1657.4166449527888,8456.73250351847,13328.36533609921,2077.6255707762584,4478611.132540353,3.349850885570049e-08,1.013288786897579,1.0,1.0
formal_medium_720h,330.0,59093.80222001155,45771.68614046007,1683.0778404268694,8514.816948134541,13417.705642472498,1792.237442922377,4478896.520668207,3.4036929719150066e-08,0.76773157069611,1.0,1.0
formal_medium_720h,331.0,59247.85803542238,46057.074268313954,1718.4531117797974,8518.95382391227,13532.249310752672,1506.8493150684958,4479181.908796061,3.3076503314077854e-08,0.8616649068279179,1.0,1.0
formal_medium_720h,332.0,59380.56156873941,46342.46239616784,1752.190359859971,8565.983782804167,13584.185637097624,1221.4611872146145,4479467.296923915,3.394234227016568e-08,0.9801030985097153,1.0,1.0
formal_medium_720h,333.0,59533.444344867145,46627.85052402172,1790.219687021657,8618.22736746428,13646.795501403558,936.0730593607332,4479752.685051769,3.340392140671611e-08,1.0015173206811026,1.0,1.0
formal_medium_720h,334.0,59684.40469297418,46913.2386518756,1848.3669385418675,8652.002848698246,13705.833116756414,650.6849315068519,4480038.073179623,3.421882865950465e-08,0.9246034536012866,1.0,1.0
formal_medium_720h,335.0,59840.083932197595,47198.626779729486,1876.5984967148875,8700.925864241315,13784.357782263738,365.29680365297054,4480323.461307477,3.3585820347070694e-08,0.9925743056517021,1.0,1.0
formal_medium_720h,336.0,60009.02253458903,47484.01490758337,1916.553087754828,8739.774654064871,13874.493003791675,79.90867579908922,4480608.849435331,3.5644916351884604e-08,1.0943596939401161,1.0,1.0
formal_medium_720h,337.0,60198.48134836719,47563.92358338246,1956.5970414350888,8784.856427753248,13978.826090201199,0.0,4480688.75811113,3.467721398919821e-08,0.862058471491551,1.0,1.0
formal_medium_720h,338.0,60335.227654871785,47563.92358338246,1990.0555261602262,8828.81858482103,14038.15175491287,0.0,4480688.75811113,3.5135599318891764e-08,1.0429551113386015,1.0,1.0
formal_medium_720h,339.0,60517.5351344049,47563.92358338246,2010.8853220362396,8891.994685333855,14136.453338057145,0.0,4480688.75811113,3.4458935260772705e-08,0.6519305327101638,1.0,1.0
formal_medium_720h,340.0,60648.48948254404,47563.92358338246,2026.427476537791,8913.56380115538,14230.29641587321,0.0,4480688.75811113,3.38477548211813e-08,1.0987250538293367,1.0,1.0
formal_medium_720h,341.0,60844.30822595938,47563.92358338246,2071.4054795307156,8947.973457618993,14346.72749983201,0.0,4480688.75811113,3.461900632828474e-08,1.2654227816737915,1.0,1.0
formal_medium_720h,342.0,61061.246927757034,47563.92358338246,2130.1163590388473,8986.400789575084,14466.52799016544,0.0,4480688.75811113,3.42406565323472e-08,1.003846763775037,1.0,1.0
formal_medium_720h,343.0,61230.217152094156,47563.92358338246,2167.961607446304,9030.542038090247,14553.511717579944,0.0,4480688.75811113,3.477180143818259e-08,1.236286833163108,1.0,1.0
formal_medium_720h,344.0,61427.03889425901,47563.92358338246,2217.9497851909373,9090.455910310779,14640.43140977963,0.0,4480688.75811113,3.4822733141481876e-08,1.176959004504729,1.0,1.0
formal_medium_720h,345.0,61636.42641869938,47563.92358338246,2259.517574379231,9135.930615373478,14762.776439969013,0.0,4480688.75811113,3.5332050174474716e-08,1.079136914966651,1.0,1.0
formal_medium_720h,346.0,61845.24306127193,47563.92358338246,2297.9806697005642,9162.570673731381,14906.489928862324,0.0,4480688.75811113,3.40223778039217e-08,1.4390672464576317,1.0,1.0
formal_medium_720h,347.0,62102.51567833315,47563.92358338246,2340.7081757002547,9283.60571365523,15000.0,0.0,4480688.75811113,3.442983143031597e-08,0.9960282340168485,1.0,1.0
formal_medium_720h,348.0,62276.889386807365,47563.92358338246,2364.9867003505783,9433.700897479126,15000.0,0.0,4480688.75811113,3.466266207396984e-08,0.920672482996705,1.0,1.0
formal_medium_720h,349.0,62421.181636276124,47563.92358338246,2413.949452495982,8729.030394802481,15800.0,0.0,4480688.75811113,3.4990080166608095e-08,1.1505425270239094,1.0,1.0
formal_medium_720h,350.0,62611.92378550758,47563.92358338246,2413.949452495982,8119.772544033938,16600.0,0.0,4480688.75811113,3.456079866737127e-08,1.1437132958135017,1.0,1.0
formal_medium_720h,351.0,62826.22422465422,47849.31171123634,2413.949452495982,7534.072983180585,16600.0,514.6118721461187,4480974.146238985,3.519380697980523e-08,0.8780146118811354,1.0,1.0
formal_medium_720h,352.0,62970.23800710944,48134.69983909022,2413.949452495982,6878.0867656358,16600.0,1029.2237442922374,4481259.534366839,3.463355824351311e-08,1.1242256367754078,1.0,1.0
formal_medium_720h,353.0,63145.87654829922,48420.087966944106,2413.949452495982,6253.725306825581,16600.0,1543.835616438356,4481544.922494693,3.573950380086899e-08,1.1717404771195168,1.0,1.0
formal_medium_720h,354.0,63351.68037529895,48705.47609479799,2413.949452495982,5659.5291338253155,16600.0,2058.4474885844747,4481830.310622547,3.585591912269592e-08,0.9104741947970826,1.0,1.0
formal_medium_720h,355.0,63514.59993672655,48990.86422265187,2413.949452495982,5022.448695252915,16600.0,2573.0593607305937,4482115.698750401,3.534660208970308e-08,0.7250740213598333,1.0,1.0
formal_medium_720h,356.0,63631.58849789673,49276.252350505754,2413.949452495982,4339.437256423098,16600.0,3087.6712328767126,4482401.086878255,3.627064870670438e-08,0.9386994009893711,1.0,1.0
formal_medium_720h,357.0,63784.0087748182,49561.64047835964,2413.949452495982,3691.8575333445665,16600.0,3602.2831050228315,4482686.475006109,3.604509402066469e-08,0.8666768129852137,1.0,1.0
formal_medium_720h,358.0,63925.223322502236,49847.02860621352,2413.949452495982,3533.0720810286066,16100.0,4116.89497716895,4482971.863133963,3.642344381660223e-08,1.1287684839402916,1.0,1.0
formal_medium_720h,359.0,64105.977247692135,50132.4167340674,2413.949452495982,3713.8260062185045,15300.0,4631.506849315069,4483257.251261817,3.68308974429965e-08,0.8434250550540491,1.0,1.0
formal_medium_720h,360.0,64248.50302514162,50417.804861921286,2413.949452495982,3856.351783667983,15000.0,4646.118721461188,4483542.639389671,3.7180143408477306e-08,0.90563431922013,1.0,1.0
formal_medium_720h,361.0,64406.15686976726,50703.19298977517,2413.949452495982,4014.0056282936293,15000.0,4360.730593607307,4483828.0275175255,3.722379915416241e-08,1.1559765755882307,1.0,1.0
formal_medium_720h,362.0,64610.32939573888,50988.58111762905,2413.949452495982,4218.178154265246,15000.0,4075.342465753426,4484113.41564538,3.680179361253977e-08,0.6386985151585906,1.0,1.0
formal_medium_720h,363.0,64738.69192022982,51273.969245482935,2413.949452495982,4346.54067875619,15000.0,3789.954337899545,4484398.803773234,3.759487299248576e-08,1.1224510917702022,1.0,1.0
formal_medium_720h,364.0,64911.50716761996,51559.35737333682,2413.949452495982,4519.355926146329,15000.0,3504.566210045664,4484684.191901088,3.7878635339438915e-08,1.0591483990082022,1.0,1.0
formal_medium_720h,365.0,65093.32572081548,51844.7455011907,2413.949452495982,4701.174479341853,15000.0,3219.178082191783,4484969.580028942,3.7689460441470146e-08,0.9519149331084577,1.0,1.0
formal_medium_720h,366.0,65261.76324680263,52130.13362904458,2413.949452495982,4869.612005328999,15000.0,2933.7899543379017,4485254.968156796,3.816967364400625e-08,0.8651680092322657,1.0,1.0
formal_medium_720h,367.0,65399.576316318446,52415.521756898466,2413.949452495982,5007.425074844815,15000.0,2648.4018264840206,4485540.35628465,3.821332938969135e-08,0.8591794100046481,1.0,1.0
formal_medium_720h,368.0,65559.32127935388,52700.90988475235,2413.949452495982,5167.170037880247,15000.0,2363.0136986301395,4485825.744412504,3.869354259222746e-08,0.812155743506355,1.0,1.0
formal_medium_720h,369.0,65673.25928985245,52986.29801260623,2413.949452495982,5281.10804837881,15000.0,2077.6255707762584,4486111.132540358,3.901368472725153e-08,1.0406603358938915,1.0,1.0
formal_medium_720h,370.0,65833.50267567282,53271.686140460115,2413.949452495982,5441.351434199187,15000.0,1792.237442922377,4486396.520668212,3.92901711165905e-08,1.518585954004326,1.0,1.0
formal_medium_720h,371.0,66074.27451999788,53557.074268314,2413.949452495982,5682.1232785242555,15000.0,1506.8493150684958,4486681.908796066,3.888271749019623e-08,1.145425033040228,1.0,1.0
formal_medium_720h,372.0,66247.93424814247,53842.46239616788,2413.949452495982,5855.7830066688475,15000.0,1221.4611872146145,4486967.2969239205,3.952300176024437e-08,1.0933460176853476,1.0,1.0
formal_medium_720h,373.0,66413.99180800482,54127.850524021764,2413.949452495982,6021.840566531198,15000.0,936.0730593607332,4487252.685051775,3.990135155618191e-08,0.9670024522616675,1.0,1.0
formal_medium_720h,374.0,66590.19435289115,54413.23865187565,2413.949452495982,6198.043111417533,15000.0,650.6849315068519,4487538.073179629,4.0192389860749245e-08,0.7144952704077926,1.0,1.0
formal_medium_720h,375.0,66695.0994226608,54698.62677972953,2413.949452495982,6302.948181187179,15000.0,365.29680365297054,4487823.461307483,3.990135155618191e-08,1.088063385773797,1.0,1.0
formal_medium_720h,376.0,66869.58969026689,54984.01490758341,2413.949452495982,6477.438448793273,15000.0,79.90867579908922,4488108.849435337,4.026514943689108e-08,1.2005383819948898,1.0,1.0
formal_medium_720h,377.0,67063.58897661994,55063.9235833825,2413.949452495982,6671.437735146323,15000.0,0.0,4488188.758111136,3.9872247725725174e-08,0.8653019212100554,1.0,1.0
formal_medium_720h,378.0,67211.66290116555,55063.9235833825,2413.949452495982,6819.511659691924,15000.0,0.0,4488188.758111136,4.039611667394638e-08,1.0366932042939339,1.0,1.0
formal_medium_720h,379.0,67404.71006678745,55063.9235833825,2413.949452495982,7012.558825313819,15000.0,0.0,4488188.758111136,4.049798008054495e-08,0.9783551865730903,1.0,1.0
formal_medium_720h,380.0,67574.30091879403,55063.9235833825,2413.949452495982,7182.149677320409,15000.0,0.0,4488188.758111136,4.025059752166271e-08,1.0185112895251727,1.0,1.0
formal_medium_720h,381.0,67748.6747623994,55063.9235833825,2413.949452495982,7356.523520925781,15000.0,0.0,4488188.758111136,4.0512531995773315e-08,1.0961901101015543,1.0,1.0
formal_medium_720h,382.0,67936.74862797243,55063.9235833825,2413.949452495982,7544.5973864988,15000.0,0.0,4488188.758111136,4.041066858917475e-08,0.8670714560320562,1.0,1.0
formal_medium_720h,383.0,68109.15087194204,55063.9235833825,2413.949452495982,7716.999630468417,15000.0,0.0,4488188.758111136,3.9828591980040073e-08,0.9572965010130661,1.0,1.0
formal_medium_720h,384.0,68290.96836916743,55063.9235833825,2413.949452495982,7898.8171276938065,15000.0,0.0,4488188.758111136,3.9915903471410275e-08,1.2196686062648585,1.0,1.0
formal_medium_720h,385.0,68511.84715864669,55063.9235833825,2413.949452495982,8119.695917173073,15000.0,0.0,4488188.758111136,4.049798008054495e-08,0.7327634863280507,1.0,1.0
formal_medium_720h,386.0,68643.00058384049,55063.9235833825,2413.949452495982,8250.849342366866,15000.0,0.0,4488188.758111136,4.009052645415068e-08,0.7623310892251428,1.0,1.0
formal_medium_720h,387.0,68802.43726269968,55349.31171123638,2413.949452495982,8410.286021226058,14200.0,514.6118721461187,4488474.14623899,4.030880518257618e-08,0.8673265511106237,1.0,1.0
formal_medium_720h,388.0,68933.48727656677,55634.699839090266,2413.949452495982,8541.336035093143,13400.0,1029.2237442922374,4488759.534366844,4.0425220504403114e-08,1.0109929263515431,1.0,1.0
formal_medium_720h,389.0,69109.89095720639,55920.08796694415,2413.949452495982,8717.739715732765,12600.0,1543.835616438356,4489044.922494698,4.108005668967962e-08,1.1944311141591932,1.0,1.0
formal_medium_720h,390.0,69310.94827169296,56205.47609479803,2413.949452495982,8918.797030219343,11800.0,2058.4474885844747,4489330.310622552,4.0745362639427185e-08,0.985629497202012,1.0,1.0
formal_medium_720h,391.0,69491.13913380928,56490.864222651915,2413.949452495982,9098.987892335657,11000.0,2573.0593607305937,4489615.6987504065,4.1763996705412865e-08,1.189945073060569,1.0,1.0
formal_medium_720h,392.0,69698.07231742408,56776.2523505058,2413.949452495982,9305.921075950466,10200.0,3087.6712328767126,4489901.086878261,4.112371243536472e-08,1.0592281435431345,1.0,1.0
formal_medium_720h,393.0,69892.22115522157,57061.64047835968,2413.949452495982,9500.069913747957,9400.0,3602.2831050228315,4490186.475006115,4.190951585769653e-08,1.072693267706521,1.0,1.0
formal_medium_720h,394.0,70065.99732465265,57347.028606213564,2413.949452495982,8873.846083179025,9400.0,4116.89497716895,4490471.863133969,4.2229657992720604e-08,1.0183664378343102,1.0,1.0
formal_medium_720h,395.0,70231.03989733553,57632.41673406745,2413.949452495982,8238.888655861914,9400.0,4631.506849315069,4490757.251261823,4.206958692520857e-08,1.1543901081377208,1.0,1.0
formal_medium_720h,396.0,70440.30951088271,57917.80486192133,2413.949452495982,7648.158269409099,9900.0,4646.118721461188,4491042.639389677,4.21423465013504e-08,1.1009247412576328,1.0,1.0
formal_medium_720h,397.0,70639.00243393744,58203.19298977521,2413.949452495982,7046.851192463829,9900.0,5160.730593607307,4491328.027517531,4.244793672114611e-08,1.0623088954675224,1.0,1.0
formal_medium_720h,398.0,70821.33765290373,58488.581117629095,2413.949452495982,6444.456101744848,9884.730309685283,5675.342465753426,4491613.415645385,4.308822099119425e-08,1.132811151735624,1.0,1.0
formal_medium_720h,399.0,71018.08292000639,58773.96924548298,2413.949452495982,6607.079031297176,9118.852647235604,6189.954337899545,4491898.803773239,4.292814992368221e-08,1.1607241482978472,1.0,1.0
formal_medium_720h,400.0,71237.03189100097,59059.35737333686,2413.949452495982,6785.866311400167,8359.01433812719,6704.566210045664,4492184.191901093,4.326284397393465e-08,0.9792411099769481,1.0,1.0
formal_medium_720h,401.0,71387.73251817974,59344.745501190744,2413.949452495982,6895.121680364178,7600.459596341953,7219.178082191783,4492469.580028947,4.4310581870377064e-08,1.1905167456604901,1.0,1.0
formal_medium_720h,402.0,71583.95710641364,59630.13362904463,2413.949452495982,7030.249982675246,6861.555882264788,7733.789954337902,4492754.968156802,4.345201887190342e-08,0.968539266872399,1.0,1.0
formal_medium_720h,403.0,71720.04694299329,59915.52175689851,2413.949452495982,7118.916561046939,6108.979140472735,8248.401826484022,4493040.356284656,4.355388227850199e-08,0.8758877324566723,1.0,1.0
formal_medium_720h,404.0,71867.5694372853,60200.90988475239,2413.949452495982,7224.428192415832,5350.990003395852,8763.01369863014,4493325.74441251,4.4354237616062164e-08,0.7883848766355886,1.0,1.0
formal_medium_720h,405.0,71996.73623918554,60486.298012606276,2413.949452495982,7320.376204291233,4711.834364196951,9150.0,4493611.132540364,4.378671292215586e-08,1.1274472356473995,1.0,1.0
formal_medium_720h,406.0,72200.71273528843,60771.68614046016,2413.949452495982,7501.295682248867,4449.50325448832,9150.0,4493896.520668218,4.505272954702377e-08,1.0097681610824827,1.0,1.0
formal_medium_720h,407.0,72384.76845473399,61057.07426831404,2413.949452495982,7661.095641294361,4331.521571966011,9006.849315068497,4494181.908796072,4.4950866140425205e-08,0.9730084672515037,1.0,1.0
formal_medium_720h,408.0,72535.66020976433,61342.462396167924,2413.949452495982,7765.7701144556595,4377.738853835055,8721.461187214616,4494467.296923926,4.5096385292708874e-08,0.9813602638389004,1.0,1.0
formal_medium_720h,409.0,72681.87040182904,61627.85052402181,2413.949452495982,7860.06641423145,4429.652746123976,8436.073059360735,4494752.68505178,4.5140041038393974e-08,0.9807055562309474,1.0,1.0
formal_medium_720h,410.0,72828.19935953537,61913.23865187569,2413.949452495982,7962.9239045542145,4473.124213507533,8150.684931506854,4495038.073179634,4.5503838919103146e-08,0.8975428341251114,1.0,1.0
formal_medium_720h,411.0,72987.21942811142,62198.263779297034,2413.949452495982,8070.976816807473,4524.0913698303175,7865.6598040855115,4495323.098307055,4.508183337748051e-08,0.9260014524075536,1.0,1.0
formal_medium_720h,412.0,73146.01858773467,62482.88040829896,2413.949452495982,8199.025669758063,4554.841676502978,7581.04317508359,4495607.714936057,4.551839083433151e-08,1.2859028335770415,1.0,1.0
formal_medium_720h,413.0,73367.25023870177,62767.11947126694,2413.949452495982,8361.324532837443,4613.77446439071,7296.804112115611,4495891.953999025,4.556204658001661e-08,1.100618444913004,1.0,1.0
formal_medium_720h,414.0,73555.19680154315,63051.004697256205,2413.949452495982,8504.63627286714,4658.409287202392,7012.918886126341,4496175.839225014,4.385947249829769e-08,0.7956392274636396,1.0,1.0
formal_medium_720h,415.0,73692.44295407929,63334.555816385466,2413.949452495982,8605.807177674698,4694.484534930979,6729.367766997083,4496459.390344143,4.465982783585787e-08,1.017976507642642,1.0,1.0
formal_medium_720h,416.0,73870.43410298572,63617.78984632172,2413.949452495982,8763.671577909525,4714.611283602581,6446.133737060827,4496742.6243740795,4.406319931149483e-08,0.8927969404925354,1.0,1.0
formal_medium_720h,417.0,74016.04419278007,63900.72177856066,2413.949452495982,8868.900381323314,4754.992569983155,6163.201804821888,4497025.556306318,4.4441549107432365e-08,0.8313428651757246,1.0,1.0
formal_medium_720h,418.0,74156.93438572524,64183.3650042976,2413.949452495982,8962.614409512902,4802.168734738733,5880.558579084949,4497308.199532055,4.4761691242456436e-08,1.0111583512135378,1.0,1.0
formal_medium_720h,419.0,74303.53471266288,64465.731604955436,2413.949452495982,9054.206274528933,4857.177196660336,5598.191978427116,4497590.566132713,4.381581675261259e-08,1.0185201020588324,1.0,1.0
formal_medium_720h,420.0,74480.16716970543,64747.83256345761,2413.949452495982,9202.901165143465,4885.114763088349,5316.091019924941,4497872.667091215,4.4310581870377064e-08,0.826566040195917,1.0,1.0
formal_medium_720h,421.0,74607.43325362334,65029.677924965545,2413.949452495982,9287.972496476525,4927.3095156732015,5034.245658417006,4498154.5124527225,4.3975887820124626e-08,0.9294777408698724,1.0,1.0
formal_medium_720h,422.0,74759.74023185695,65311.276923284706,2413.949452495982,9399.692875916939,4967.8961144663945,4752.646660097848,4498436.111451042,4.445610102266073e-08,0.9642602419860289,1.0,1.0
formal_medium_720h,423.0,74925.08542753782,65592.63808278993,2413.949452495982,9531.428930784254,5001.505255279954,4471.285500592631,4498717.472610547,4.4441549107432365e-08,0.6013893027402027,0.5074649133725849,1.0
formal_medium_720h,424.0,74998.12303317056,65873.76930222225,2413.949452495982,9557.310478700289,5048.661312996663,4190.154281160308,4498998.60382998,4.3801264837384224e-08,0.48762022493673984,0.5074649133725849,1.0
formal_medium_720h,425.0,75054.26831344106,66154.67792465322,2413.949452495982,9601.903517974035,5060.213553993411,3909.2456587293364,4499279.5124524105,4.413595888763666e-08,0.5443852763409699,0.5074649133725849,1.0
formal_medium_720h,426.0,75119.11910579611,66435.3707966372,2413.949452495982,9635.071132591078,5091.896731731414,3628.552786745351,4499560.205324395,4.399043973535299e-08,0.599874288079126,0.5074649133725849,1.0
formal_medium_720h,427.0,75191.24386562977,66715.85431874498,2413.949452495982,9666.548551664488,5132.544072491672,3348.0692646375733,4499840.688846502,4.4587068259716034e-08,1.179527863672205,0.5074649133725849,1.0
formal_medium_720h,428.0,75395.01004896952,66996.1344891143,2413.949452495982,9812.408648932997,5190.450158562901,3067.789094268265,4500120.969016871,4.390312824398279e-08,0.8231898650074011,0.5074649133725849,1.0
formal_medium_720h,429.0,75538.95001256683,67276.21694126501,2413.949452495982,9926.385873472642,5220.4128976205675,2787.7066421175523,4500401.051469022,4.4397893361747265e-08,1.0945791538707716,0.5074649133725849,1.0
formal_medium_720h,430.0,75719.21988898124,67556.10697714894,2413.949452495982,10057.76779640789,5269.300851099736,2507.8166062336204,4500680.941504906,4.396133590489626e-08,0.7295183825553195,0.5074649133725849,1.0
formal_medium_720h,431.0,75836.48560500392,67835.80959620076,2413.949452495982,10118.83767024014,5325.496693290172,2228.1139871818,4500960.6441239575,4.316098056733608e-08,0.6841334864377181,0.5074649133725849,1.0
formal_medium_720h,432.0,75942.15691464838,68115.32952100424,2413.949452495982,10196.127065108009,5353.878608066753,1948.5940623783251,4501240.164048761,4.399043973535299e-08,1.002186478917915,1.0,1.0
formal_medium_720h,433.0,76141.14034842576,68394.67122007198,2413.949452495982,10375.147059844918,5373.842047107218,1669.2523633105875,4501519.505747829,4.4077751226723194e-08,0.9984232004993333,1.0,1.0
formal_medium_720h,434.0,76326.92283773217,68673.83892814707,2413.949452495982,10520.873083987128,5413.898512271414,1390.0846552354956,4501798.673455903,4.303001333028078e-08,1.1016880167039453,1.0,1.0
formal_medium_720h,435.0,76522.32077339067,68952.83666436454,2413.949452495982,10669.107784158507,5461.061747758543,1111.0869190180329,4502077.671192121,4.321918822824955e-08,0.8929666538114925,1.0,1.0
formal_medium_720h,436.0,76648.27933315921,69231.66824855446,2413.949452495982,10752.131485718593,5503.996605966994,832.2553348281123,4502356.502776311,4.2957253754138947e-08,0.7534401121042116,1.0,1.0
formal_medium_720h,437.0,76769.82060089907,69510.33731592378,2413.949452495982,10838.656057647255,5539.013301778182,553.5862674587887,4502635.171843681,4.364119376987219e-08,1.0784114945967462,1.0,1.0
formal_medium_720h,438.0,76956.5265994921,69788.84733031719,2413.949452495982,10982.308936483169,5582.066421535305,275.0762530653784,4502913.681858074,4.2680767364799976e-08,0.8523630524864506,1.0,1.0
formal_medium_720h,439.0,77083.05401528212,70063.92358338257,2413.949452495982,11055.626237225477,5635.276536583005,0.0,4503188.75811114,4.419416654855013e-08,1.276360298369661,1.0,1.0
formal_medium_720h,440.0,77307.73754650498,70063.92358338257,2413.949452495982,11220.917341501872,5694.668963529475,0.0,4503188.75811114,4.326284397393465e-08,0.8364017535885854,1.0,1.0
formal_medium_720h,441.0,77471.87784789475,70063.92358338257,2413.949452495982,11363.889356320817,5715.837250100294,0.0,4503188.75811114,4.404864739626646e-08,0.9231246202503854,1.0,1.0
formal_medium_720h,442.0,77619.2275723072,70063.92358338257,2413.949452495982,11460.601110350397,5766.475220483166,0.0,4503188.75811114,4.3568434193730354e-08,1.0569048747928143,1.0,1.0
formal_medium_720h,443.0,77774.70432151343,70063.92358338257,2413.949452495982,11562.280715672488,5820.2723643673135,0.0,4503188.75811114,4.422327037900686e-08,0.9847282693850605,1.0,1.0
formal_medium_720h,444.0,77940.95713265821,70063.92358338257,2413.949452495982,11687.63871809026,5861.167173094317,0.0,4503188.75811114,4.355388227850199e-08,0.8895017053013797,1.0,1.0
formal_medium_720h,445.0,78085.52409555858,70063.92358338257,2413.949452495982,11795.267180975825,5898.105673109113,0.0,4503188.75811114,4.3757609091699123e-08,0.9653191947826164,1.0,1.0
formal_medium_720h,446.0,78239.71132123099,70063.92358338257,2413.949452495982,11893.277214099784,5954.282865657572,0.0,4503188.75811114,4.3757609091699123e-08,0.9663279967060047,1.0,1.0
formal_medium_720h,447.0,78410.09574824842,70063.92358338257,2413.949452495982,11230.075769595709,6787.868737179072,0.0,4503188.75811114,4.385947249829769e-08,1.2066045237018252,1.0,1.0
formal_medium_720h,448.0,78611.81199685029,70063.92358338257,2413.949452495982,10591.697409809061,7627.963345567591,0.0,4503188.75811114,4.367029760032892e-08,1.1701347328827945,1.0,1.0
formal_medium_720h,449.0,78805.24734270737,70063.92358338257,2413.949452495982,9931.807190548236,8481.288910685502,0.0,4503188.75811114,4.399043973535299e-08,0.7715563276749163,1.0,1.0
formal_medium_720h,450.0,78962.19461126786,70063.92358338257,2413.949452495982,9258.862039265749,9311.18133052847,0.0,4503188.75811114,4.4034095481038094e-08,1.091026156473965,1.0,1.0
formal_medium_720h,451.0,79151.89876984191,70063.92358338257,2413.949452495982,8600.137437775846,10159.610090592429,0.0,4503188.75811114,4.432513378560543e-08,1.057004447073842,1.0,1.0
formal_medium_720h,452.0,79356.49852808708,70063.92358338257,2413.949452495982,7980.70775169393,10983.639534919512,0.0,4503188.75811114,4.4208718463778496e-08,0.5927183459393542,1.0,1.0
formal_medium_720h,453.0,79427.90897779081,70063.92358338257,2413.949452495982,7211.31337556606,11824.44436075111,0.0,4503188.75811114,4.3699401430785656e-08,0.5181632704861353,1.0,1.0
formal_medium_720h,454.0,79491.0917735,70063.92358338257,2413.949452495982,6432.166226445672,12666.77430558069,0.0,4503188.75811114,4.4441549107432365e-08,0.7696511247911024,1.0,1.0
formal_medium_720h,455.0,79581.87239021834,70063.92358338257,2413.949452495982,5687.265018073562,13502.456130671144,0.0,4503188.75811114,4.4441549107432365e-08,0.4052444337082113,1.0,1.0
formal_medium_720h,456.0,79630.48838936258,70063.92358338257,2413.949452495982,5409.873510687325,13828.463637201627,0.0,4503188.75811114,4.470348358154297e-08,0.6087748606558253,1.0,1.0
formal_medium_720h,457.0,79703.68126501463,70063.92358338257,2413.949452495982,4642.605781959188,14668.924241581812,0.0,4503188.75811114,4.42960299551487e-08,0.6524308927851491,1.0,1.0
formal_medium_720h,458.0,79781.69880794479,70063.92358338257,2413.949452495982,4049.6429319512613,15339.904634519906,0.0,4503188.75811114,4.3524778448045254e-08,0.7315404398440601,1.0,1.0
formal_medium_720h,459.0,79866.47227600984,70063.92358338257,2413.949452495982,4114.098783273738,15360.222251262478,0.0,4503188.75811114,4.4485204853117466e-08,0.8042834471961079,1.0,1.0
formal_medium_720h,460.0,79962.21022206095,70063.92358338257,2413.949452495982,4165.026915199785,15405.032065387548,0.0,4503188.75811114,4.4543412514030933e-08,0.9296728804404406,1.0,1.0
formal_medium_720h,461.0,80111.23411340034,70063.92358338257,2413.949452495982,4261.82083038091,15457.262041545813,0.0,4503188.75811114,4.330649971961975e-08,0.7650569495073576,1.0,1.0
formal_medium_720h,462.0,80236.28906024815,70063.92358338257,2413.949452495982,4366.28510390878,15477.85271486576,0.0,4503188.75811114,4.368484951555729e-08,1.3067710196596538,1.0,1.0
formal_medium_720h,463.0,80461.79439644265,70063.92358338257,2413.949452495982,4526.113256422893,15543.529898546145,0.0,4503188.75811114,4.348112270236015e-08,1.0213252519273837,1.0,1.0
formal_medium_720h,464.0,80653.32217407896,70063.92358338257,2413.949452495982,4672.173878862737,15588.99705374261,0.0,4503188.75811114,4.359753802418709e-08,1.539200996461334,1.0,1.0
formal_medium_720h,465.0,80942.03355731619,70063.92358338257,2413.949452495982,4896.642484567832,15653.23983127475,0.0,4503188.75811114,4.387402441352606e-08,0.9068103567822887,1.0,1.0
formal_medium_720h,466.0,81098.88824608519,70063.92358338257,2413.949452495982,5009.446897397721,15697.290107213857,0.0,4503188.75811114,4.4077751226723194e-08,1.1809101746332844,1.0,1.0
formal_medium_720h,467.0,81321.59097115207,70063.92358338257,2413.949452495982,5198.314678509374,15731.12505116908,0.0,4503188.75811114,4.400499165058136e-08,1.2127363603605097,1.0,1.0
formal_medium_720h,468.0,81537.485907034,70063.92358338257,2413.949452495982,5349.640492834118,15795.694172726275,0.0,4503188.75811114,4.378671292215586e-08,1.2171902443267695,1.0,1.0
formal_medium_720h,469.0,81756.61422010543,70063.92358338257,2413.949452495982,5531.645761697466,15832.81721693436,0.0,4503188.75811114,4.43833414465189e-08,1.328768245928577,1.0,1.0
formal_medium_720h,470.0,82019.97196011465,70063.92358338257,2413.949452495982,5756.998678779297,15870.822039861749,0.0,4503188.75811114,4.343746695667505e-08,1.2937032521391645,1.0,1.0
formal_medium_720h,471.0,82253.99765155217,70063.92358338257,2413.949452495982,5944.443831056552,15917.402579022011,0.0,4503188.75811114,4.345201887190342e-08,1.6099053679283983,1.0,1.0
formal_medium_720h,472.0,82553.59102095978,70063.92358338257,2413.949452495982,6174.059557085313,15987.380222400863,0.0,4503188.75811114,4.3422915041446686e-08,1.283791872223511,1.0,1.0
formal_medium_720h,473.0,82799.88629120639,70063.92358338257,2413.949452495982,6389.95720078882,16017.777848943966,0.0,4503188.75811114,4.419416654855013e-08,1.0400591126444125,1.0,1.0
formal_medium_720h,474.0,82976.86368491394,70063.92358338257,2413.949452495982,6532.545119721458,16052.167323718888,0.0,4503188.75811114,4.390312824398279e-08,1.0319764514248344,1.0,1.0
formal_medium_720h,475.0,83159.21935626026,70063.92358338257,2413.949452495982,6683.741170656629,16083.326944130029,0.0,4503188.75811114,4.377216100692749e-08,1.2128755145987051,1.0,1.0
formal_medium_720h,476.0,83362.9265477283,70063.92358338257,2413.949452495982,6822.327261173566,16148.448045081126,0.0,4503188.75811114,4.3015461415052414e-08,0.7701383382294352,1.0,1.0
formal_medium_720h,477.0,83497.07529800733,70063.92358338257,2413.949452495982,6919.8111838368495,16185.112872696875,0.0,4503188.75811114,4.401954356580973e-08,1.0427841459105733,1.0,1.0
formal_medium_720h,478.0,83656.15804996672,70063.92358338257,2413.949452495982,7041.847802217149,16222.159006275968,0.0,4503188.75811114,4.419416654855013e-08,0.9600718082741121,1.0,1.0
formal_medium_720h,479.0,83810.22514942574,70063.92358338257,2413.949452495982,7162.10026338573,16255.973644566402,0.0,4503188.75811114,4.371395334601402e-08,1.2652918493628753,1.0,1.0
formal_medium_720h,480.0,84025.70439993842,70063.92358338257,2413.949452495982,7320.509018781695,16313.044139683116,0.0,4503188.75811114,4.404864739626646e-08,0.921723301710295,1.0,1.0
formal_medium_720h,481.0,84203.59704805461,70063.92358338257,2413.949452495982,7453.733073210271,16357.712733370736,0.0,4503188.75811114,4.3612089939415455e-08,1.2348111251501341,1.0,1.0
formal_medium_720h,482.0,84396.86559560323,70063.92358338257,2413.949452495982,7605.176600405337,16399.537753724286,0.0,4503188.75811114,4.390312824398279e-08,0.9025740173718466,1.0,1.0
formal_medium_720h,483.0,84529.00334723112,70063.92358338257,2413.949452495982,7713.731877550358,16423.12022820715,0.0,4503188.75811114,4.372850526124239e-08,0.9796408855316824,1.0,1.0
formal_medium_720h,484.0,84699.83844238266,70063.92358338257,2413.949452495982,7876.276786689066,16431.410414219994,0.0,4503188.75811114,4.351022653281689e-08,0.9326649461290263,1.0,1.0
formal_medium_720h,485.0,84863.7205285694,70063.92358338257,2413.949452495982,8040.158872875803,16431.410414219994,0.0,4503188.75811114,4.343746695667505e-08,0.9435328277401903,1.0,1.0
formal_medium_720h,486.0,85016.39763805723,70063.92358338257,2413.949452495982,8192.835982363627,16431.410414219994,0.0,4503188.75811114,4.390312824398279e-08,1.001226628777098,1.0,1.0
formal_medium_720h,487.0,85165.93268256504,70063.92358338257,2413.949452495982,8342.37102687143,16431.410414219994,0.0,4503188.75811114,4.415051080286503e-08,0.7491249258142133,1.0,1.0
formal_medium_720h,488.0,85300.91622734403,70063.92358338257,2413.949452495982,8477.35457165042,16431.410414219994,0.0,4503188.75811114,4.4165062718093395e-08,1.27934252293236,1.0,1.0
formal_medium_720h,489.0,85505.70651286007,70063.92358338257,2413.949452495982,8682.144857166459,16431.410414219994,0.0,4503188.75811114,4.372850526124239e-08,1.0006992462368358,1.0,1.0
formal_medium_720h,490.0,85673.53140412467,70063.92358338257,2413.949452495982,8849.969748431064,16431.410414219994,0.0,4503188.75811114,4.367029760032892e-08,0.9768303866407825,1.0,1.0
formal_medium_720h,491.0,85841.9242084978,70063.92358338257,2413.949452495982,9018.362552804192,16431.410414219994,0.0,4503188.75811114,4.359753802418709e-08,1.2951731596053335,1.0,1.0
formal_medium_720h,492.0,86045.91827017558,70063.92358338257,2413.949452495982,9222.356614481967,16431.410414219994,0.0,4503188.75811114,4.353933036327362e-08,1.300686300815972,1.0,1.0
formal_medium_720h,493.0,86272.02686602306,70063.92358338257,2413.949452495982,9448.465210329457,16431.410414219994,0.0,4503188.75811114,4.413595888763666e-08,0.9914879848262967,1.0,1.0
formal_medium_720h,494.0,86462.26005476322,70063.92358338257,2413.949452495982,9638.698399069617,16431.410414219994,0.0,4503188.75811114,4.396133590489626e-08,0.8840330783723779,1.0,1.0
formal_medium_720h,495.0,86615.62077116127,70063.92358338257,2413.949452495982,9792.059115467662,16431.410414219994,0.0,4503188.75811114,4.378671292215586e-08,0.8874798037187873,1.0,1.0
formal_medium_720h,496.0,86763.0010120242,70063.92358338257,2413.949452495982,9939.439356330591,16431.410414219994,0.0,4503188.75811114,4.404864739626646e-08,0.8593281193419754,1.0,1.0
formal_medium_720h,497.0,86898.0602248254,70063.92358338257,2413.949452495982,10074.498569131796,16431.410414219994,0.0,4503188.75811114,4.3888576328754425e-08,1.064459537654304,1.0,1.0
formal_medium_720h,498.0,87082.59763004594,70063.92358338257,2413.949452495982,9459.035974352346,17231.410414219994,0.0,4503188.75811114,4.413595888763666e-08,0.8732704956418716,1.0,1.0
formal_medium_720h,499.0,87221.03095305974,70063.92358338257,2413.949452495982,8797.469297366151,18031.410414219994,0.0,4503188.75811114,4.3932232074439526e-08,1.1299288766343267,1.0,1.0
formal_medium_720h,500.0,87396.80552643455,70063.92358338257,2413.949452495982,8173.2438707409565,18831.410414219994,0.0,4503188.75811114,4.367029760032892e-08,0.8121382802100136,1.0,1.0
formal_medium_720h,501.0,87536.3984759677,70063.92358338257,2413.949452495982,7512.836820274113,19631.410414219994,0.0,4503188.75811114,4.3422915041446686e-08,1.1144453122559614,1.0,1.0
formal_medium_720h,502.0,87715.75687062429,70063.92358338257,2413.949452495982,6892.195214930706,20431.410414219994,0.0,4503188.75811114,4.409230314195156e-08,1.1236578889237963,1.0,1.0
formal_medium_720h,503.0,87902.21805440931,70349.31171123644,2413.949452495982,6278.6563987157315,20431.410414219994,514.6118721461187,4503474.146238994,4.4528860598802567e-08,0.8361167410226685,1.0,1.0
formal_medium_720h,504.0,88041.63062577308,70634.69983909032,2413.949452495982,5618.068970079497,20431.410414219994,1029.2237442922374,4503759.534366848,4.391768015921116e-08,0.9585071986752132,1.0,1.0
formal_medium_720h,505.0,88203.34041229286,70920.0879669442,2413.949452495982,5379.47330967464,20031.71586114464,1543.835616438356,4504044.922494702,4.44706529378891e-08,1.1800474240698209,1.0,1.0
formal_medium_720h,506.0,88406.95831979814,71205.47609479807,2413.949452495982,5535.254801406264,19279.552276918297,2058.4474885844747,4504330.310622556,4.5605702325701714e-08,1.0075081325292987,1.0,1.0
formal_medium_720h,507.0,88566.12667585418,71490.86422265194,2413.949452495982,5673.975434380598,18500.0,2573.0593607305937,4504615.69875041,4.496541805565357e-08,0.9172675523505722,1.0,1.0
formal_medium_720h,508.0,88727.44895786952,71776.25235050582,2413.949452495982,5835.297716395946,17700.0,3087.6712328767126,4504901.086878264,4.496541805565357e-08,1.3737583300457177,1.0,1.0
formal_medium_720h,509.0,88987.45188319104,72061.6404783597,2413.949452495982,6095.300641717469,16900.0,3602.2831050228315,4505186.475006118,4.583853296935558e-08,0.9180967992634779,1.0,1.0
formal_medium_720h,510.0,89155.27161673445,72347.02860621357,2413.949452495982,6263.120375260874,16100.0,4116.89497716895,4505471.8631339725,4.575122147798538e-08,1.0572816460592152,1.0,1.0
formal_medium_720h,511.0,89329.97006000186,72632.41673406745,2413.949452495982,6437.818818528289,15300.0,4631.506849315069,4505757.251261827,4.583853296935558e-08,1.2028597412742381,1.0,1.0
formal_medium_720h,512.0,89521.52989436043,72917.80486192132,2413.949452495982,6629.378652886863,15000.0,4646.118721461188,4506042.639389681,4.6478817239403725e-08,1.0233917828733847,1.0,1.0
formal_medium_720h,513.0,89699.186870426,73203.1929897752,2413.949452495982,6807.035628952437,15000.0,4360.730593607307,4506328.027517535,4.650792106986046e-08,1.0930633138475025,1.0,1.0
formal_medium_720h,514.0,89897.82004866209,73488.58111762907,2413.949452495982,7005.668807188533,15000.0,4075.342465753426,4506613.415645389,4.637695383280516e-08,1.0555296606213547,1.0,1.0
formal_medium_720h,515.0,90092.5643298011,73773.96924548295,2413.949452495982,7200.413088327535,15000.0,3789.954337899545,4506898.803773243,4.659523256123066e-08,0.9636428868211713,1.0,1.0
formal_medium_720h,516.0,90277.80091625295,74059.35737333682,2413.949452495982,7385.649674779383,15000.0,3504.566210045664,4507184.191901097,4.720641300082207e-08,1.1440712032291935,1.0,1.0
formal_medium_720h,517.0,90463.11450558288,74344.7455011907,2413.949452495982,7570.9632641093185,15000.0,3219.178082191783,4507469.580028951,4.71045495942235e-08,0.8619609310837877,1.0,1.0
formal_medium_720h,518.0,90628.46387775548,74630.13362904458,2413.949452495982,7736.312636281911,14200.0,3733.7899543379017,4507754.968156805,4.72355168312788e-08,0.9846496389168259,1.0,1.0
formal_medium_720h,519.0,90789.4726658518,74915.52175689845,2413.949452495982,7897.321424378237,13400.0,4248.401826484021,4508040.356284659,4.7628418542444706e-08,1.0311144013586866,1.0,1.0
formal_medium_720h,520.0,90965.97819453523,75200.90988475233,2413.949452495982,8073.826953061664,12600.0,4763.0136986301395,4508325.744412513,4.797766450792551e-08,0.998121395063325,1.0,1.0
formal_medium_720h,521.0,91156.57584744631,75486.2980126062,2413.949452495982,8264.424605972745,11800.0,5277.625570776258,4508611.132540368,4.810863174498081e-08,0.9484980644080894,1.0,1.0
formal_medium_720h,522.0,91335.51132578727,75771.68614046008,2413.949452495982,8443.360084313706,11000.0,5792.237442922377,4508896.520668222,4.797766450792551e-08,0.7642747562294203,1.0,1.0
formal_medium_720h,523.0,91457.27533292519,76057.07426831395,2413.949452495982,8565.124091451627,10200.0,6306.849315068496,4509181.908796076,4.815228749066591e-08,1.1054631596636504,1.0,1.0
formal_medium_720h,524.0,91639.17944673153,76342.46239616783,2413.949452495982,8747.028205257973,9400.0,6821.461187214615,4509467.29692393,4.858884494751692e-08,1.2286547593276769,1.0,1.0
formal_medium_720h,525.0,91809.86390971734,76627.8505240217,2413.949452495982,8917.712668243785,8600.0,7336.073059360734,4509752.685051784,4.873436409980059e-08,0.7419454628656451,1.0,1.0
formal_medium_720h,526.0,91938.15443186139,76913.23865187558,2413.949452495982,9046.003190387833,7800.0,7850.684931506853,4510038.073179638,4.886533133685589e-08,1.236648771228324,1.0,1.0
formal_medium_720h,527.0,92145.90922978213,77198.62677972946,2413.949452495982,9253.757988308573,7500.0,7865.296803652972,4510323.461307492,4.963658284395933e-08,1.1176196999389822,1.0,1.0
formal_medium_720h,528.0,92334.33476899701,77484.01490758333,2413.949452495982,9442.183527523444,7500.0,7579.908675799091,4510608.849435346,4.9854861572384834e-08,0.9726070516998354,1.0,1.0
formal_medium_720h,529.0,92486.63189181533,77769.40303543721,2413.949452495982,9594.480650341768,7500.0,7294.52054794521,4510894.2375632,4.99567249789834e-08,0.8354180351537478,1.0,1.0
formal_medium_720h,530.0,92654.90482659987,78054.79116329108,2413.949452495982,9762.75358512631,7500.0,7009.132420091329,4511179.625691054,4.959292709827423e-08,1.1539083772392782,1.0,1.0
formal_medium_720h,531.0,92860.30027970506,78340.17929114496,2413.949452495982,9968.149038231491,7500.0,6723.744292237448,4511465.0138189085,5.0087692216038704e-08,1.3601233747650998,1.0,1.0
formal_medium_720h,532.0,93087.60797663023,78625.56741899883,2413.949452495982,10195.45673515667,7500.0,6438.3561643835665,4511750.401946763,5.039328243583441e-08,1.2433595406412048,1.0,1.0
formal_medium_720h,533.0,93329.80375948608,78910.95554685271,2413.949452495982,10437.652518012517,7500.0,6152.968036529685,4512035.790074617,5.062611307948828e-08,1.1645531630998052,1.0,1.0
formal_medium_720h,534.0,93527.97835489882,79196.34367470659,2413.949452495982,10635.82711342525,7500.0,5867.579908675804,4512321.178202471,5.0684320740401745e-08,1.2424560285575168,1.0,1.0
formal_medium_720h,535.0,93735.53920312908,79481.73180256046,2413.949452495982,10843.387961655508,7500.0,5582.191780821923,4512606.566330325,5.0917151384055614e-08,1.2180013961166427,1.0,1.0
formal_medium_720h,536.0,93926.15672087352,79767.11993041434,2413.949452495982,11034.005479399944,6700.0,6096.803652968042,4512891.954458179,5.1601091399788857e-08,1.2849293414359217,1.0,1.0
formal_medium_720h,537.0,94142.75167578647,80052.50805826821,2413.949452495982,11250.600434312884,5900.0,6611.415525114161,4513177.342586033,5.120818968862295e-08,1.0254374645620736,1.0,1.0
formal_medium_720h,538.0,94324.85458985079,80337.89618612209,2413.949452495982,11432.703348377201,5100.0,7126.02739726028,4513462.730713887,5.200854502618313e-08,1.4344068370116447,1.0,1.0
formal_medium_720h,539.0,94544.42686626864,80623.28431397596,2413.949452495982,11652.27562479505,4300.0,7640.639269406399,4513748.118841741,5.2255927585065365e-08,1.0722177509361437,1.0,1.0
formal_medium_720h,540.0,94734.85721201808,80908.65125849746,2413.949452495982,11842.705970544488,3500.0,8155.272324884904,4514033.485786263,5.2299583330750465e-08,1.1732756807552065,1.0,1.0
formal_medium_720h,541.0,94947.87659407796,81193.59551155198,2413.949452495982,12055.725352604371,2700.0,8670.328071830389,4514318.430039317,5.199399311095476e-08,0.895808182378884,1.0,1.0
formal_medium_720h,542.0,95100.7430234583,81478.15058844,2413.949452495982,12208.591781984718,1935.7729949423756,9150.0,4514602.985116205,5.1790266297757626e-08,1.170780140967058,1.0,1.0
formal_medium_720h,543.0,95273.39207222783,81762.33890303878,2413.949452495982,12381.240830754243,1651.5846803435907,9150.0,4514887.173430804,5.2110408432781696e-08,1.1194906248187395,1.0,1.0
formal_medium_720h,544.0,95441.81902212875,82046.17822962986,2413.949452495982,12549.667780655163,1367.7453537524984,9150.0,4515171.012757395,5.269248504191637e-08,0.9426641050309978,1.0,1.0
formal_medium_720h,545.0,95619.88204721236,82329.68365943882,2413.949452495982,12727.730805738775,1084.2399239435515,9150.0,4515454.518187204,5.247420631349087e-08,1.3014061095400264,0.7177117489272871,1.0
formal_medium_720h,546.0,95838.8168694415,82612.86846698936,2413.949452495982,12946.66562796792,801.0551163930113,9150.0,4515737.702994755,5.113543011248112e-08,0.9412189660108,0.7177117489272871,1.0
formal_medium_720h,547.0,95972.89687934982,82895.74457782425,2413.949452495982,13080.745637876233,518.1790055581105,9150.0,4516020.57910559,5.1237293519079685e-08,1.2176264574749915,0.7177117489272871,1.0
formal_medium_720h,548.0,96175.89945193693,83178.32285476346,2413.949452495982,13283.748210463347,235.60072861890092,9150.0,4516303.157382528,5.181937012821436e-08,0.7876153594867968,1.0,1.0
formal_medium_720h,549.0,96309.76903969744,83460.61328904642,2413.949452495982,13417.617798223851,0.0,9103.31029433594,4516585.4478168115,5.173205863684416e-08,1.2900750960834138,1.0,1.0
formal_medium_720h,550.0,96538.66928938728,83742.62513637132,2413.949452495982,13646.518047913703,0.0,8821.298447011039,4516867.459664136,5.1702954806387424e-08,0.8798081413905091,1.0,1.0
formal_medium_720h,551.0,96689.53608388068,84024.36701851392,2413.949452495982,13797.384842407107,0.0,8539.55656486845,4517149.201546279,5.135370884090662e-08,1.0470052450844978,1.0,1.0
formal_medium_720h,552.0,96869.24752794826,84305.84700213866,2413.949452495982,13977.096286474685,0.0,8258.076581243704,4517430.681529904,5.154288373887539e-08,1.0663747365315344,1.0,1.0
formal_medium_720h,553.0,97034.17575463705,84587.07266176213,2413.949452495982,14142.024513163477,0.0,7976.850921620246,4517711.9071895275,5.163019523024559e-08,1.1210600823861079,0.63126774996472,1.0
formal_medium_720h,554.0,97216.33692950929,84868.05113126685,2413.949452495982,14324.185688035708,0.0,7695.872452115514,4517992.8856590325,5.22850314155221e-08,0.9625507251091339,0.63126774996472,1.0
formal_medium_720h,555.0,97394.2656878657,85148.78914687068,2413.949452495982,14502.11444639212,0.0,7415.134436511689,4518273.623674637,5.25906216353178e-08,0.9424177654557774,0.63126774996472,1.0
formal_medium_720h,556.0,97553.11825729162,85429.29308354257,2413.949452495982,14660.967015818034,0.0,7134.630499839811,4518554.127611308,5.21540641784668e-08,1.022926180303336,0.63126774996472,1.0
formal_medium_720h,557.0,97724.23318068635,85709.56898627446,2413.949452495982,14832.081939212774,0.0,6854.354597107914,4518834.403514041,5.26342773810029e-08,1.0373955451633226,0.63126774996472,1.0
formal_medium_720h,558.0,97914.64268220116,85989.62259723467,2413.949452495982,15022.491440727585,0.0,6574.300986147701,4519114.457125001,5.222682375460863e-08,0.9161204275579738,0.63126774996472,1.0
formal_medium_720h,559.0,98091.90741765681,86269.45937956704,2413.949452495982,15199.756176183238,0.0,6294.464203815337,4519394.293907333,5.3129042498767376e-08,1.3304187942762227,0.63126774996472,1.0
formal_medium_720h,560.0,98317.53387029188,86549.08453841804,2413.949452495982,15425.382628818314,0.0,6014.839044964325,4519673.919066184,5.309993866831064e-08,0.8905611471992002,0.63126774996472,1.0
formal_medium_720h,561.0,98438.95040701579,86828.50303964344,2413.949452495982,15546.799165542221,0.0,5735.420543738925,4519953.3375674095,5.24596543982625e-08,1.256620941338013,0.63126774996472,1.0
formal_medium_720h,562.0,98646.94624663936,87107.71962655048,2413.949452495982,15754.795005165797,0.0,5456.203956831891,4520232.554154317,5.3551048040390015e-08,0.8685322471977872,0.63126774996472,1.0
formal_medium_720h,563.0,98783.68752074333,87386.738834961,2413.949452495982,15091.536279269772,800.0,5177.184748421377,4520511.573362728,5.309993866831064e-08,1.1517687645997197,0.63126774996472,1.0
formal_medium_720h,564.0,98980.23113041927,87665.56500682674,2413.949452495982,14488.07988894571,1600.0,4898.358576555632,4520790.399534593,5.311449058353901e-08,0.8287744234631522,0.63126774996472,1.0
formal_medium_720h,565.0,99094.54416451382,87944.20230258677,2413.949452495982,13802.392923040257,2400.0,4619.721280795606,4521069.036830354,5.343463271856308e-08,0.854926948605692,0.63126774996472,1.0
formal_medium_720h,566.0,99240.14720453133,88222.6547124245,2413.949452495982,13147.99596305777,3200.0,4341.2688709578715,4521347.489240191,5.311449058353901e-08,1.0155784832945451,0.63126774996472,1.0
formal_medium_720h,567.0,99412.8323961832,88500.92606655648,2413.949452495982,12520.681154709646,4000.0,4062.9975168258943,4521625.760594323,5.3041731007397175e-08,0.638563119692375,0.63126774996472,1.0
formal_medium_720h,568.0,99493.73107433108,88779.02004466424,2413.949452495982,11801.579832857517,4800.0,3784.90353871813,4521903.854572431,5.333276931196451e-08,0.7519054978563605,0.63126774996472,1.0
formal_medium_720h,569.0,99607.32729898315,89056.94018456437,2413.949452495982,11115.176057509581,5600.0,3506.9833988180044,4522181.774712332,5.3871190175414085e-08,1.017638498191966,0.63126774996472,1.0
formal_medium_720h,570.0,99790.53769899525,89334.68989019803,2413.949452495982,10498.38645752169,6400.0,3229.233693184344,4522459.524417966,5.408946890383959e-08,1.0174489208814173,0.63126774996472,1.0
formal_medium_720h,571.0,99988.7070430702,89612.2724390104,2413.949452495982,9896.555801596642,7200.0,2951.651144371981,4522737.106966778,5.416222847998142e-08,1.1813631536017983,0.63126774996472,1.0
formal_medium_720h,572.0,100186.74979993637,89889.69098878086,2413.949452495982,9794.598558462807,7500.0,2674.2325946015253,4523014.525516548,5.372567102313042e-08,0.9478707066758959,0.63126774996472,1.0
formal_medium_720h,573.0,100342.79913818867,90166.94858395733,2413.949452495982,9950.647896715112,7500.0,2396.9749994250483,4523291.783111725,5.464244168251753e-08,1.0437599919518605,0.63126774996472,1.0
formal_medium_720h,574.0,100519.65042631747,90444.0481615414,2413.949452495982,10127.499184843915,7500.0,2119.8754218409754,4523568.882689309,5.448237061500549e-08,1.2844738989332656,0.63126774996472,1.0
formal_medium_720h,575.0,100738.07171903059,90720.99255656534,2413.949452495982,10345.920477557032,7500.0,1842.931026817043,4523845.827084334,5.5209966376423836e-08,1.0639773014548297,0.63126774996472,1.0
formal_medium_720h,576.0,100912.34170291063,90997.78450719747,2413.949452495982,10520.190461437072,7500.0,1566.1390761849061,4524122.6190349655,5.445326678454876e-08,0.8491489216346405,0.63126774996472,1.0
formal_medium_720h,577.0,101036.47244503803,91274.4266595083,2413.949452495982,10644.321203564472,7500.0,1289.4969238740714,4524399.261187277,5.506444722414017e-08,1.4270897299927314,0.63126774996472,1.0
formal_medium_720h,578.0,101290.93681414612,91550.92157192602,2413.949452495982,10898.785572672554,7500.0,1013.0020114563431,4524675.756099694,5.494803190231323e-08,0.9997800776030336,0.63126774996472,1.0
formal_medium_720h,579.0,101441.86499394581,91827.27171940736,2413.949452495982,11049.713752472246,7500.0,736.6518639750111,4524952.1062471755,5.48316165804863e-08,1.590295360537086,0.63126774996472,1.0
formal_medium_720h,580.0,101684.68632702978,92103.47949734669,2413.949452495982,11292.535085556212,7500.0,460.44408603567973,4525228.314025115,5.5122654885053635e-08,1.176580985230469,0.63126774996472,1.0
formal_medium_720h,581.0,101875.13612072253,92379.54722524443,2413.949452495982,11482.984879248961,7500.0,184.37635813794395,4525504.381753013,5.50498953089118e-08,0.9529649537289281,0.63126774996472,1.0
formal_medium_720h,582.0,102059.98128130139,92563.92358338238,2413.949452495982,11667.830039827824,7500.0,0.0,4525688.758111151,5.550100468099117e-08,1.0875667261416007,0.63126774996472,1.0
formal_medium_720h,583.0,102255.21901486238,92563.92358338238,2413.949452495982,11863.067773388819,7500.0,0.0,4525688.758111151,5.5122654885053635e-08,1.2836117492081711,0.63126774996472,1.0
formal_medium_720h,584.0,102466.6140776487,92563.92358338238,2413.949452495982,12074.462836175142,7500.0,0.0,4525688.758111151,5.532638169825077e-08,1.1330899530072778,0.63126774996472,1.0
formal_medium_720h,585.0,102667.32583141192,92563.92358338238,2413.949452495982,12275.174589938353,7500.0,0.0,4525688.758111151,5.537003744393587e-08,0.9068925032379873,0.63126774996472,1.0
formal_medium_720h,586.0,102790.54401434767,92563.92358338238,2413.949452495982,12398.392772874113,7500.0,0.0,4525688.758111151,5.499168764799833e-08,0.9586530151419513,0.63126774996472,1.0
formal_medium_720h,587.0,102968.3843370376,92563.92358338238,2413.949452495982,11776.23309556404,8300.0,0.0,4525688.758111151,5.515175871551037e-08,0.6661989285046482,0.63126774996472,1.0
formal_medium_720h,588.0,103091.48854800078,92563.92358338238,2413.949452495982,11099.337306527215,9100.0,0.0,4525688.758111151,5.5442797020077705e-08,0.811490049663139,0.63126774996472,1.0
formal_medium_720h,589.0,103236.72999699727,92563.92358338238,2413.949452495982,10444.578755523708,9900.0,0.0,4525688.758111151,5.5544660426676273e-08,0.925875368700401,0.63126774996472,1.0
formal_medium_720h,590.0,103393.43532086261,92563.92358338238,2413.949452495982,9801.284079389046,10700.0,0.0,4525688.758111151,5.490437615662813e-08,1.0794000009213305,0.63126774996472,1.0
formal_medium_720h,591.0,103563.77037465305,92563.92358338238,2413.949452495982,9171.619133179478,11500.0,0.0,4525688.758111151,5.48316165804863e-08,1.0380610763126252,0.63126774996472,1.0
formal_medium_720h,592.0,103749.0337392336,92563.92358338238,2413.949452495982,8556.882497760027,12300.0,0.0,4525688.758111151,5.5675627663731575e-08,1.0540014913103979,0.63126774996472,1.0
formal_medium_720h,593.0,103926.03276071028,92563.92358338238,2413.949452495982,8573.449539347746,12460.431979888974,0.0,4525688.758111151,5.5122654885053635e-08,0.975540822341121,0.63126774996472,1.0
formal_medium_720h,594.0,104095.55533752435,92563.92358338238,2413.949452495982,8652.10603157222,12551.298064478568,0.0,4525688.758111151,5.557376425713301e-08,0.9758344717877159,0.63126774996472,1.0
formal_medium_720h,595.0,104245.00733062344,92563.92358338238,2413.949452495982,8746.116550210498,12606.73953893939,0.0,4525688.758111151,5.589390639215708e-08,0.7269128125390139,0.63126774996472,1.0
formal_medium_720h,596.0,104384.3844292794,92563.92358338238,2413.949452495982,8792.351568283717,12699.881619522128,0.0,4525688.758111151,5.52681740373373e-08,0.9975530779803923,0.63126774996472,1.0
formal_medium_720h,597.0,104548.61188115756,92563.92358338238,2413.949452495982,8878.103629665868,12778.357010018137,0.0,4525688.758111151,5.477340891957283e-08,0.9159089707685393,0.63126774996472,1.0
formal_medium_720h,598.0,104731.57035680483,92563.92358338238,2413.949452495982,8932.124109347038,12907.295005984237,0.0,4525688.758111151,5.592301022261381e-08,0.9415056876161848,0.63126774996472,1.0
formal_medium_720h,599.0,104899.85057833907,92563.92358338238,2413.949452495982,9000.885654985064,13006.813681880449,0.0,4525688.758111151,5.471520125865936e-08,0.9158562529597329,0.63126774996472,1.0
formal_medium_720h,600.0,105063.71147782757,92563.92358338238,2413.949452495982,9069.881803325807,13101.678433028206,0.0,4525688.758111151,5.4656993597745895e-08,0.8200917749387641,0.63126774996472,1.0
formal_medium_720h,601.0,105192.34017524574,92563.92358338238,2413.949452495982,9146.131908892916,13154.057024879263,0.0,4525688.758111151,5.50935510545969e-08,1.2882663022555823,0.63126774996472,1.0
formal_medium_720h,602.0,105421.82436142117,92563.92358338238,2413.949452495982,9245.774904226297,13283.898215721307,0.0,4525688.758111151,5.494803190231323e-08,1.5588058223967003,0.63126774996472,1.0
formal_medium_720h,603.0,105678.69910116574,92563.92358338238,2413.949452495982,9382.367397128102,13404.180462564063,0.0,4525688.758111151,5.5078999139368534e-08,0.7275100174452237,0.63126774996472,1.0
formal_medium_720h,604.0,105812.17823088747,92563.92358338238,2413.949452495982,9434.27973636799,13485.747253045913,0.0,4525688.758111151,5.569017957895994e-08,0.8379322283258164,0.63126774996472,1.0
formal_medium_720h,605.0,105968.08115534094,92563.92358338238,2413.949452495982,9487.32898389728,13588.600929970104,0.0,4525688.758111151,5.5122654885053635e-08,0.42518830618590403,0.63126774996472,1.0
formal_medium_720h,606.0,106045.4800678622,92563.92358338238,2413.949452495982,9515.466011323617,13637.862815065013,0.0,4525688.758111151,5.587935447692871e-08,0.8973965129429117,0.63126774996472,1.0
formal_medium_720h,607.0,106199.9755839678,92563.92358338238,2413.949452495982,9581.150027363085,13726.674315131142,0.0,4525688.758111151,5.490437615662813e-08,0.6996616868649222,0.63126774996472,1.0
formal_medium_720h,608.0,106332.6974394243,92563.92358338238,2413.949452495982,9623.66531426433,13816.880883686406,0.0,4525688.758111151,5.534093361347914e-08,0.7436172688818781,0.63126774996472,1.0
formal_medium_720h,609.0,106469.99555021239,92563.92358338238,2413.949452495982,9671.530048537446,13906.31426020138,0.0,4525688.758111151,5.50062395632267e-08,0.8565696575291373,0.63126774996472,1.0
formal_medium_720h,610.0,106632.24337869966,92563.92358338238,2413.949452495982,9723.769850161354,14016.322287064742,0.0,4525688.758111151,5.50498953089118e-08,0.5262301165256137,0.63126774996472,1.0
formal_medium_720h,611.0,106718.17998260175,92563.92358338238,2413.949452495982,9765.621530775603,14060.407210352594,0.0,4525688.758111151,5.579204298555851e-08,0.6969821286289241,0.63126774996472,1.0
formal_medium_720h,612.0,106832.58865707263,92563.92358338238,2413.949452495982,9824.872741768384,14115.564673830686,0.0,4525688.758111151,5.506444722414017e-08,1.1910826261432608,0.63126774996472,1.0
formal_medium_720h,613.0,107033.93506346567,92563.92358338238,2413.949452495982,9926.267364199648,14215.51645779247,0.0,4525688.758111151,5.477340891957283e-08,0.8710270491521449,0.63126774996472,1.0
formal_medium_720h,614.0,107202.66469068368,92563.92358338238,2413.949452495982,9978.512736585995,14332.000712624134,0.0,4525688.758111151,5.486072041094303e-08,1.1913977762421615,0.63126774996472,1.0
formal_medium_720h,615.0,107398.69462670229,92563.92358338238,2413.949452495982,10082.200395050071,14424.342990178659,0.0,4525688.758111151,5.5588316172361374e-08,0.9891541434192703,0.63126774996472,1.0
formal_medium_720h,616.0,107577.91580752567,92563.92358338238,2413.949452495982,10157.309489393909,14528.455076658207,0.0,4525688.758111151,5.490437615662813e-08,0.736382781790991,0.63126774996472,1.0
formal_medium_720h,617.0,107732.21489280585,92563.92358338238,2413.949452495982,10195.135812799374,14644.927838532916,0.0,4525688.758111151,5.5588316172361374e-08,1.12736037156231,0.63126774996472,1.0
formal_medium_720h,618.0,107934.95864365275,92563.92358338238,2413.949452495982,10279.785154057878,14763.02224812131,0.0,4525688.758111151,5.5631971918046474e-08,0.9759012051871231,0.63126774996472,1.0
formal_medium_720h,619.0,108100.45159560161,92563.92358338238,2413.949452495982,10360.482917379077,14847.817436748974,0.0,4525688.758111151,5.49625838175416e-08,0.8814083743271435,0.63126774996472,1.0
formal_medium_720h,620.0,108222.53649650815,92563.92358338238,2413.949452495982,10456.008279772945,14874.376975261646,0.0,4525688.758111151,5.566107574850321e-08,0.7490676719291575,0.63126774996472,1.0
formal_medium_720h,621.0,108368.87023062512,92563.92358338238,2413.949452495982,10502.203924843074,14974.515064308487,0.0,4525688.758111151,5.5209966376423836e-08,1.1442634177188469,0.63126774996472,1.0
formal_medium_720h,622.0,108545.93792589668,92563.92358338238,2413.949452495982,10610.532299483919,15043.254384939195,0.0,4525688.758111151,5.5806594900786877e-08,0.8737616131334084,0.63126774996472,1.0
formal_medium_720h,623.0,108698.44884859475,92563.92358338238,2413.949452495982,10682.404732143557,15123.892874977624,0.0,4525688.758111151,5.510810296982527e-08,1.0482958867517678,0.63126774996472,1.0
formal_medium_720h,624.0,108873.82626822441,92563.92358338238,2413.949452495982,10772.008565105081,15209.666461645764,0.0,4525688.758111151,5.551555659621954e-08,1.0198591745895742,0.63126774996472,1.0
formal_medium_720h,625.0,109052.65375642906,92563.92358338238,2413.949452495982,10849.607157765422,15310.895357190071,0.0,4525688.758111151,5.532638169825077e-08,0.9083940032939498,0.63126774996472,1.0
formal_medium_720h,626.0,109204.39978869916,92563.92358338238,2413.949452495982,10927.028281922083,15385.22026530351,0.0,4525688.758111151,5.583569873124361e-08,0.9773889872240514,0.63126774996472,1.0
formal_medium_720h,627.0,109363.71533912393,92563.92358338238,2413.949452495982,11014.571285447022,15456.992812203342,0.0,4525688.758111151,5.52245182916522e-08,0.8442028106926859,0.63126774996472,1.0
formal_medium_720h,628.0,109534.5272285451,92563.92358338238,2413.949452495982,11062.490345142716,15579.885641928824,0.0,4525688.758111151,5.523907020688057e-08,0.9912654160263511,0.63126774996472,1.0
formal_medium_720h,629.0,109690.87992817115,92563.92358338238,2413.949452495982,11153.524254447842,15645.204432249742,0.0,4525688.758111151,5.542824510484934e-08,0.9883461675260422,0.63126774996472,1.0
formal_medium_720h,630.0,109868.07074523879,92563.92358338238,2413.949452495982,11230.326478559658,15745.593025205555,0.0,4525688.758111151,5.519541446119547e-08,1.2125961957980953,0.63126774996472,1.0
formal_medium_720h,631.0,110082.7120199353,92563.92358338238,2413.949452495982,11323.360359154987,15867.200419306733,0.0,4525688.758111151,5.490437615662813e-08,1.0762186364151052,0.63126774996472,1.0
formal_medium_720h,632.0,110261.59855376225,92563.92358338238,2413.949452495982,11415.146706058938,15954.300606229732,0.0,4525688.758111151,5.547190085053444e-08,1.2992903256919035,0.63126774996472,1.0
formal_medium_720h,633.0,110483.17480418025,92563.92358338238,2413.949452495982,11520.772112758284,16070.251449948384,0.0,4525688.758111151,5.555921234190464e-08,0.925467129982748,0.63126774996472,1.0
formal_medium_720h,634.0,110619.98547276297,92563.92358338238,2413.949452495982,11611.59025886559,16116.243972423796,0.0,4525688.758111151,5.5864802561700344e-08,1.058699613366208,0.63126774996472,1.0
formal_medium_720h,635.0,110804.17971983353,92563.92358338238,2413.949452495982,11695.383805092964,16216.64467326698,0.0,4525688.758111151,5.601032171398401e-08,1.0031619331637933,0.63126774996472,1.0
formal_medium_720h,636.0,110992.10703171827,92563.92358338238,2413.949452495982,11763.57028956128,16336.38550068341,0.0,4525688.758111151,5.550100468099117e-08,0.8292151247543452,0.63126774996472,1.0
formal_medium_720h,637.0,111147.20715094722,92563.92358338238,2413.949452495982,11821.259768471984,16433.796141001643,0.0,4525688.758111151,5.596666596829891e-08,0.9180463522637456,0.63126774996472,1.0
formal_medium_720h,638.0,111309.47910783003,92563.92358338238,2413.949452495982,11892.018364629592,16525.309501726857,0.0,4525688.758111151,5.5588316172361374e-08,0.8806002708040482,0.63126774996472,1.0
formal_medium_720h,639.0,111460.15188750713,92563.92358338238,2413.949452495982,11961.942688686126,16606.057957347428,0.0,4525688.758111151,5.499168764799833e-08,0.7437699566435484,0.63126774996472,1.0
formal_medium_720h,640.0,111605.9194235472,92563.92358338238,2413.949452495982,12004.642150298956,16709.126031774653,0.0,4525688.758111151,5.532638169825077e-08,1.1766622529097501,0.63126774996472,1.0
formal_medium_720h,641.0,111822.66489344055,92563.92358338238,2413.949452495982,12086.538702855454,16843.974949111504,0.0,4525688.758111151,5.6228600442409515e-08,1.08516326941071,0.63126774996472,1.0
formal_medium_720h,642.0,111993.81586916064,92563.92358338238,2413.949452495982,12186.545080610991,16915.11954707605,0.0,4525688.758111151,5.523907020688057e-08,0.8666044769765856,0.63126774996472,1.0
formal_medium_720h,643.0,112140.22381163205,92563.92358338238,2413.949452495982,12260.47808378173,16987.594486376725,0.0,4525688.758111151,5.585025064647198e-08,1.21570480150457,0.63126774996472,1.0
formal_medium_720h,644.0,112351.91943868861,92563.92358338238,2413.949452495982,12356.457266255118,17103.31093095989,0.0,4525688.758111151,5.5355485528707504e-08,1.1156181285189464,0.63126774996472,1.0
formal_medium_720h,645.0,112547.43477748374,92849.31171123625,2413.949452495982,12443.898251174607,16411.38528483554,514.6118721461187,4525974.146239005,5.5486452765762806e-08,1.2116700271161804,0.63126774996472,1.0
formal_medium_720h,646.0,112735.25823366972,93134.69983909013,2413.949452495982,12559.300043743086,15683.80694845305,1029.2237442922374,4526259.534366859,5.537003744393587e-08,0.9515305430365021,0.63126774996472,1.0
formal_medium_720h,647.0,112904.68658511892,93420.087966944,2413.949452495982,12634.551990899472,14977.983352745865,1543.835616438356,4526544.922494713,5.5952114053070545e-08,0.8716362188556204,0.63126774996472,1.0
formal_medium_720h,648.0,113044.35917485438,93705.47609479788,2413.949452495982,12712.36688338068,14239.841050000126,2058.4474885844747,4526830.310622567,5.561742000281811e-08,0.9802294665351302,0.63126774996472,1.0
formal_medium_720h,649.0,113195.96617342612,93990.86422265175,2413.949452495982,12804.873237400625,13498.941694551911,2573.0593607305937,4527115.698750421,5.601032171398401e-08,0.9685439420503371,0.63126774996472,1.0
formal_medium_720h,650.0,113350.10189540486,94276.25235050563,2413.949452495982,12890.313338598364,12767.637315332922,3087.6712328767126,4527401.0868782755,5.6927092373371124e-08,0.7955326161306645,0.63126774996472,1.0
formal_medium_720h,651.0,113498.91098296248,94561.6404783595,2413.949452495982,12944.92981479918,12061.829926689721,3602.2831050228315,4527686.47500613,5.702895577996969e-08,1.059309671534583,0.63126774996472,1.0
formal_medium_720h,652.0,113696.82840907265,94847.02860621338,2413.949452495982,13018.380282809652,11386.296884789423,4116.89497716895,4527971.863133984,5.8033037930727005e-08,0.8735336791125662,0.63126774996472,1.0
formal_medium_720h,653.0,113845.4913801378,95132.41673406726,2413.949452495982,13090.789407704728,10662.550730959498,4631.506849315069,4528257.251261838,5.7334545999765396e-08,0.7424492866015662,0.63126774996472,1.0
formal_medium_720h,654.0,113967.03242318863,95417.80486192113,2413.949452495982,13156.300349213605,10418.580832501459,4646.118721461188,4528542.639389692,5.801848601549864e-08,0.9647185200574463,0.63126774996472,1.0
formal_medium_720h,655.0,114124.02844818366,95703.19298977501,2465.2376518263004,13191.554682032014,10489.034325347762,4360.730593607307,4528828.027517546,5.717447493225336e-08,0.7818721737227645,0.63126774996472,1.0
formal_medium_720h,656.0,114275.16024620856,95988.58111762888,2484.2779499842545,13221.626667157048,10591.05384008968,4075.342465753426,4529113.4156454,5.749461706727743e-08,0.8266826028718667,0.63126774996472,0.0
formal_medium_720h,657.0,114425.91260413115,95988.58111762888,2510.8087488126143,13254.536907439475,10682.36515890148,4075.342465753426,4529113.4156454,5.7392753660678864e-08,0.9655023040173557,0.63126774996472,0.0
formal_medium_720h,658.0,114594.37632415243,95988.58111762888,2541.250176640244,13298.858614394385,10776.065744140222,4075.342465753426,4529113.4156454,5.7887518778443336e-08,0.9908940303225386,0.63126774996472,0.0
formal_medium_720h,659.0,114769.91065793723,95988.58111762888,2577.012256221946,13338.69924889723,10875.997363840474,4075.342465753426,4529113.4156454,5.814945325255394e-08,0.8098383779003924,0.63126774996472,0.0
formal_medium_720h,660.0,114908.59028118062,95988.58111762888,2614.995817749142,13367.36817667733,10948.024497776558,4075.342465753426,4529113.4156454,5.8164005167782307e-08,1.2802984583059445,0.63126774996472,0.0
formal_medium_720h,661.0,115113.17720901493,95988.58111762888,2696.3544502461255,13405.36518181306,11033.255787978165,4075.342465753426,4529113.4156454,5.874608177691698e-08,0.9322428146746011,0.63126774996472,0.0
formal_medium_720h,662.0,115248.55930044217,95988.58111762888,2752.375739301656,13445.419931330876,11072.561840832052,4075.342465753426,4529113.4156454,5.7800207287073135e-08,1.110937962948694,0.63126774996472,0.0
formal_medium_720h,663.0,115411.44369447806,95988.58111762888,2817.3233194218997,13493.56684689517,11122.3517391834,4075.342465753426,4529113.4156454,5.851325113326311e-08,1.170807477735602,0.63126774996472,1.0
formal_medium_720h,664.0,115616.46142570765,96273.96924548276,2878.7447186083537,13526.384345130817,11233.13057299089,3789.954337899545,4529398.803773254,5.870242603123188e-08,1.333181027033997,0.63126774996472,1.0
formal_medium_720h,665.0,115828.82402754594,96559.35737333664,2964.9477839345573,13565.224369717787,11320.450084916005,3504.566210045664,4529684.191901108,5.848414730280638e-08,1.2363160330334377,0.63126774996472,1.0
formal_medium_720h,666.0,116039.00335267598,96844.74550119051,3041.7863633320962,13594.386508800564,11424.628691565731,3219.178082191783,4529969.580028962,5.921174306422472e-08,1.0272152183286165,0.63126774996472,1.0
formal_medium_720h,667.0,116241.53446359352,97130.13362904439,3082.910944947934,13617.69207614247,11562.729653525523,2933.7899543379017,4530254.968156816,5.889160092920065e-08,0.9137455804290804,0.63126774996472,1.0
formal_medium_720h,668.0,116384.99613534752,97415.52175689826,3133.5876239741046,13652.845537306977,11620.361185088846,2648.4018264840206,4530540.3562846705,5.8673322200775146e-08,1.172316789194474,0.63126774996472,1.0
formal_medium_720h,669.0,116569.73317277456,97700.90988475214,3179.3554363985786,13713.56200141914,11698.613945979247,2363.0136986301395,4530825.744412525,5.935726221650839e-08,1.2160820341097465,0.63126774996472,1.0
formal_medium_720h,670.0,116766.20034122132,97986.29801260601,3241.509994383055,13760.83325571636,11785.655302144318,2077.6255707762584,4531111.132540379,5.922629497945309e-08,1.1384162640892421,0.63126774996472,1.0
formal_medium_720h,671.0,116954.4340685229,98271.68614045989,3308.1501175839703,13794.943152590418,11873.139009370912,1792.237442922377,4531396.520668233,5.912443157285452e-08,0.9177805813921257,0.63126774996472,1.0
formal_medium_720h,672.0,117103.62050139524,98557.07426831377,3351.9069227124564,13832.616841774285,11940.894947930898,1506.8493150684958,4531681.908796087,5.967740435153246e-08,0.9735797752634284,0.63126774996472,1.0
formal_medium_720h,673.0,117268.20343621972,98842.46239616764,3386.049695077118,13878.33730255753,12025.614649607473,1221.4611872146145,4531967.296923941,5.995389074087143e-08,1.0310564423048116,0.63126774996472,1.0
formal_medium_720h,674.0,117464.29668272441,99127.85052402152,3440.2915703059375,13896.07007686404,12149.733246576827,936.0730593607332,4532252.685051795,5.99247869104147e-08,1.516187868576198,0.63126774996472,1.0
formal_medium_720h,675.0,117710.98576243306,99413.23865187539,3520.2800766896107,13951.734229359841,12260.769667406006,650.6849315068519,4532538.073179649,6.155460141599178e-08,1.4573286401489431,0.63126774996472,1.0
formal_medium_720h,676.0,117959.86627156392,99698.62677972927,3603.4152176948164,13991.608295202323,12386.640969689182,365.29680365297054,4532823.461307503,6.041955202817917e-08,0.8514611165618091,0.63126774996472,1.0
formal_medium_720h,677.0,118099.69552366114,99984.01490758314,3639.0223246031355,14029.750887639671,12452.720522440726,79.90867579908922,4533108.849435357,6.095797289162874e-08,1.4450049594053755,0.63126774996472,1.0
formal_medium_720h,678.0,118330.79670649902,100063.92358338223,3726.399350152402,14076.366737428747,12549.828829940274,0.0,4533188.7581111565,6.104528438299894e-08,1.2378904528314083,0.63126774996472,1.0
formal_medium_720h,679.0,118514.5079231985,100063.92358338223,3802.8787863424595,14125.142725576869,12608.284622301564,0.0,4533188.7581111565,6.089976523071527e-08,1.0198479608350794,0.63126774996472,1.0
formal_medium_720h,680.0,118685.49228704047,100063.92358338223,3851.963389588784,14162.9620918793,12692.36501659478,0.0,4533188.7581111565,6.07542460784316e-08,0.9905155446571478,0.63126774996472,1.0
formal_medium_720h,681.0,118843.23416658364,100063.92358338223,3912.6275245806496,14194.77125623936,12757.633596786036,0.0,4533188.7581111565,6.087066140025854e-08,1.1219103842428055,0.63126774996472,1.0
formal_medium_720h,682.0,119017.44429744608,100063.92358338223,3983.1147081387307,14232.50560962157,12823.622190708182,0.0,4533188.7581111565,6.039044819772243e-08,1.3129270779763227,0.63126774996472,1.0
formal_medium_720h,683.0,119240.31259182729,100063.92358338223,4060.5316652841343,14267.339588142011,12934.239549423535,0.0,4533188.7581111565,6.072514224797487e-08,1.1611920131678934,0.63126774996472,1.0
formal_medium_720h,684.0,119424.76634613819,100063.92358338223,4116.316606760814,14317.833971482109,13012.413978917662,0.0,4533188.7581111565,6.03176886215806e-08,0.8761466862254395,0.63126774996472,1.0
formal_medium_720h,685.0,119567.57938925161,100063.92358338223,4177.666541279602,14337.198742771056,13074.512316223349,0.0,4533188.7581111565,6.069603841751814e-08,0.8680046101123203,0.63126774996472,1.0
formal_medium_720h,686.0,119699.62597124964,100063.92358338223,4228.90358873962,14371.136976073587,13121.38361745884,0.0,4533188.7581111565,6.020127329975367e-08,1.1171026815987635,0.63126774996472,1.0
formal_medium_720h,687.0,119888.50741068204,100063.92358338223,4304.1434562148725,14393.480334363607,13212.681831125963,0.0,4533188.7581111565,6.123445928096771e-08,1.2124782047695766,0.63126774996472,1.0
formal_medium_720h,688.0,120100.72105009825,100063.92358338223,4354.317301979367,14438.984675588948,13329.217283552338,0.0,4533188.7581111565,6.082700565457344e-08,0.803224252890764,0.63126774996472,1.0
formal_medium_720h,689.0,120228.57680841527,100063.92358338223,4390.092922935347,14476.114038848418,13384.1680576539,0.0,4533188.7581111565,6.06232788413763e-08,1.1644293302059554,0.63126774996472,1.0
formal_medium_720h,690.0,120426.93637010963,100063.92358338223,4438.994873840702,14523.127549372337,13486.612157918993,0.0,4533188.7581111565,6.104528438299894e-08,1.1437625829231404,0.63126774996472,1.0
formal_medium_720h,691.0,120626.94507352352,100063.92358338223,4506.83285174161,14549.00466152687,13592.905771277432,0.0,4533188.7581111565,6.05796230956912e-08,1.1013065320808577,0.63126774996472,1.0
formal_medium_720h,692.0,120798.54518387662,100063.92358338223,4562.807462624961,14596.783971836818,13660.75196043723,0.0,4533188.7581111565,6.137997843325138e-08,1.249436420152515,0.63126774996472,1.0
formal_medium_720h,693.0,121002.95929108295,100063.92358338223,4637.2009663693925,14634.896145508348,13752.6603902276,0.0,4533188.7581111565,6.132177077233791e-08,1.0112162988295328,0.63126774996472,1.0
formal_medium_720h,694.0,121165.40778140182,100063.92358338223,4692.194469416141,14672.266649879719,13822.744873128358,0.0,4533188.7581111565,6.129266694188118e-08,1.114050348674869,0.63126774996472,1.0
formal_medium_720h,695.0,121346.35687370408,100063.92358338223,4754.507303310471,14710.578173901415,13903.069607514584,0.0,4533188.7581111565,6.05796230956912e-08,1.1088583697170962,0.63126774996472,1.0
formal_medium_720h,696.0,121548.75563193919,100063.92358338223,4816.762775468863,14732.563631698538,14021.227435794179,0.0,4533188.7581111565,6.085610948503017e-08,1.0462939984917918,0.63126774996472,1.0
formal_medium_720h,697.0,121720.88440784535,100063.92358338223,4871.877399339557,14769.856566308361,14100.948653219832,0.0,4533188.7581111565,6.050686351954937e-08,0.8643114978763445,0.63126774996472,1.0
formal_medium_720h,698.0,121886.82478064981,100063.92358338223,4906.905841476693,14792.480642671488,14209.236507524034,0.0,4533188.7581111565,6.116169970482588e-08,1.2376631976798107,0.63126774996472,1.0
formal_medium_720h,699.0,122075.84990455201,100063.92358338223,4990.467190032047,14831.632146251433,14275.548779290937,0.0,4533188.7581111565,6.06232788413763e-08,1.0443112080868864,0.63126774996472,1.0
formal_medium_720h,700.0,122278.16885278639,100063.92358338223,5037.743860378503,14853.517429539279,14408.705773891008,0.0,4533188.7581111565,6.068148650228977e-08,1.0909315791057104,0.63126774996472,1.0
formal_medium_720h,701.0,122446.53632954798,100063.92358338223,5110.254070313644,14887.746756082564,14470.333714174165,0.0,4533188.7581111565,6.043410394340754e-08,0.5533970026327175,0.63126774996472,1.0
formal_medium_720h,702.0,122519.72521300323,100063.92358338223,5144.228390749132,14916.225734719636,14481.06929855686,0.0,4533188.7581111565,6.158370524644852e-08,0.8641686386947344,0.63126774996472,1.0
formal_medium_720h,703.0,122669.89454568636,100063.92358338223,5182.895515796592,14947.090776061994,14561.706464850171,0.0,4533188.7581111565,6.060872692614794e-08,0.9518276269516949,0.63126774996472,1.0
formal_medium_720h,704.0,122840.97531208485,100063.92358338223,5211.691364541034,14206.154320033289,15444.927838532916,0.0,4533188.7581111565,6.05796230956912e-08,0.918801641423899,0.63126774996472,1.0
formal_medium_720h,705.0,123000.43734529396,100063.92358338223,5230.058620983778,13444.948995591745,16347.227939740827,0.0,4533188.7581111565,6.085610948503017e-08,1.068541252457251,0.63126774996472,1.0
formal_medium_720h,706.0,123174.51180753493,100063.92358338223,5271.588509835209,12698.681205036968,17226.04030368514,0.0,4533188.7581111565,6.04486558586359e-08,0.6101574218855123,0.63126774996472,1.0
formal_medium_720h,707.0,123289.80018384618,100063.92358338223,5287.094363212763,11925.588861294364,18098.915170361433,0.0,4533188.7581111565,6.004120223224163e-08,0.8202604153987116,0.63126774996472,1.0
formal_medium_720h,708.0,123442.55239255501,100063.92358338223,5293.001242032084,11181.43414206155,18989.91521948376,0.0,4533188.7581111565,6.092886906117201e-08,0.8706026883140421,0.63126774996472,1.0
formal_medium_720h,709.0,123607.29708268997,100063.92358338223,5319.917580300755,10509.177713411596,19800.0,0.0,4533188.7581111565,6.108894012868404e-08,0.6826493710070585,0.63126774996472,1.0
formal_medium_720h,710.0,123745.25641386467,100063.92358338223,5337.776147707856,9829.278477179201,20600.0,0.0,4533188.7581111565,6.076879799365997e-08,0.8636140523114976,0.63126774996472,1.0
formal_medium_720h,711.0,123931.49746301581,100063.92358338223,5358.289722825535,9195.005951212655,21400.0,0.0,4533188.7581111565,6.056507118046284e-08,0.9476796141129701,0.63126774996472,1.0
formal_medium_720h,712.0,124118.86738271183,100063.92358338223,5388.584639234799,8552.080954499408,22200.0,0.0,4533188.7581111565,6.043410394340754e-08,1.0970841853465405,0.63126774996472,1.0
formal_medium_720h,713.0,124327.23373781457,100063.92358338223,5432.571252321579,8416.46069651537,22500.0,0.0,4533188.7581111565,6.113259587436914e-08,0.9656689393108163,1.0,1.0
formal_medium_720h,714.0,124499.89592614188,100063.92358338223,5475.431880357261,8546.262256806996,22500.0,0.0,4533188.7581111565,6.076879799365997e-08,1.0402735297549681,1.0,1.0
formal_medium_720h,715.0,124669.73425989624,100063.92358338223,5538.7009007043,8652.831570214315,22500.0,0.0,4533188.7581111565,6.120535545051098e-08,0.8307601353292585,1.0,1.0
formal_medium_720h,716.0,124789.54840959478,100063.92358338223,5590.689836889919,8720.656783727223,22500.0,0.0,4533188.7581111565,5.998299457132816e-08,1.312214603835472,1.0,1.0
formal_medium_720h,717.0,125019.75679603957,100063.92358338223,5644.303246521084,8897.251760540847,22500.0,0.0,4533188.7581111565,6.060872692614794e-08,0.85601679254372,1.0,1.0
formal_medium_720h,718.0,125183.80882278779,100063.92358338223,5665.339722944648,9040.267310865502,22500.0,0.0,4533188.7581111565,6.011396180838346e-08,1.0782258341793491,1.0,1.0
formal_medium_720h,719.0,125365.048915965,100063.92358338223,5706.527712159745,9180.319414827625,22500.0,0.0,4533188.7581111565,6.101618055254221e-08,0.9293458896915684,1.0,1.0
formal_medium_720h,720.0,125542.11540130965,100063.92358338223,5744.214545637812,9319.699066694213,22500.0,0.0,4533188.7581111565,5.986657924950123e-08,0.9293458896915684,1.0,1.0
